date,price,scaled_price,30_day_MA,price_diff1,price_diff2
1968-01-04,0.0018680988758047,-1.1589290622046549,,,
1968-02-04,0.0016012276078326,-1.1599455982730218,,-0.00026687126797209993,
1968-03-04,0.0018013810588117,-1.1591831962217465,,0.0002001534509791,0.0004670247189511999
1968-04-04,0.001367715248357,-1.160835067332843,,-0.00043366581045470006,-0.0006338192614338
1968-05-04,0.0014010741568535,-1.160708000324297,,3.335890849650008e-05,0.00046702471895120013
1968-08-04,0.00143443306535,-1.1605809333157513,,3.335890849650008e-05,0.0
1968-09-04,0.0017346632418187,-1.159437330238838,,0.00030023017646869997,0.0002668712679721999
1968-10-04,0.0018680988758047,-1.1589290622046549,,0.00013343563398599987,-0.0001667945424827001
1968-11-04,0.0020682523267838,-1.1581666601533795,,0.0002001534509791002,6.671781699310033e-05
1968-01-05,0.0028688661307002,-1.1551170519482783,,0.0008006138039164,0.0006004603529372998
1968-02-05,0.0030356606731827,-1.1544817169055492,,0.00016679454248249995,-0.0006338192614339
1968-03-05,0.0028021483137071,-1.1553711859653704,,-0.00023351235947559985,-0.0004003069019580998
1968-06-05,0.0032358141241618,-1.153719314854274,,0.0004336658104546996,0.0006671781699302995
1968-07-05,0.0029355839476932,-1.1548629179311867,,-0.0003002301764686,-0.0007338959869232996
1968-08-05,0.0032358141241618,-1.153719314854274,,0.0003002301764686,0.0006004603529372
1968-09-05,0.0032024552156653,-1.1538463818628197,,-3.335890849649964e-05,-0.00033358908496509965
1968-10-05,0.0031357373986723,-1.1541005158799114,,-6.671781699300015e-05,-3.335890849650051e-05
1968-04-06,0.0041698635620642,-1.1501614386149894,,0.0010341261633919,0.0011008439803849002
1968-05-06,0.0042032224705607,-1.1500343716064436,,3.335890849650008e-05,-0.0010007672548954
1968-06-06,0.0042032224705607,-1.1500343716064436,,0.0,-3.335890849650008e-05
1968-07-06,0.0042365813790572,-1.1499073045978978,,3.335890849650008e-05,3.335890849650008e-05
1968-10-06,0.0042699402875537,-1.149780237589352,,3.335890849650008e-05,0.0
1968-11-06,0.0044367348300363,-1.1491449025466225,,0.00016679454248259926,0.00013343563398609919
1968-12-06,0.0046702471895119,-1.1482554334868014,,0.00023351235947560028,6.671781699300102e-05
1968-01-07,0.0039363512025886,-1.1510509076748106,,-0.0007338959869233001,-0.0009674083463989003
1968-02-07,0.0040030690195816,-1.150796773657719,,6.671781699300015e-05,0.0008006138039163002
1968-03-07,0.0041031457450712,-1.150415572632081,,0.00010007672548959998,3.335890849659982e-05
1968-04-07,0.0041698635620642,-1.1501614386149894,,6.671781699300015e-05,-3.335890849659982e-05
1968-05-07,0.0040697868365747,-1.1505426396406269,,-0.00010007672548950023,-0.00016679454248250038
1968-08-07,0.0039697101110851,-1.1509238406662647,0.003134625435055707,-0.00010007672548959998,-9.974659986866641e-17
1968-09-07,0.0032691730326583,-1.1535922478457281,0.0031813279069508264,-0.0007005370784268,-0.0006004603529372
1968-10-07,0.0034693264836374,-1.1528298457944528,0.003243597869477653,0.0002001534509791002,0.0009006905294059002
1968-11-07,0.0028021483137071,-1.1553711859653704,0.0032769567779741666,-0.0006671781699302999,-0.0008673316209094001
1968-12-07,0.0029355839476932,-1.1548629179311867,0.0033292190679520403,0.00013343563398609962,0.0008006138039163995
1968-01-08,0.0026687126797211,-1.1558794539995538,0.00337147368538096,-0.00026687126797209993,-0.00040030690195819955
1968-02-08,0.0026353537712246,-1.1560065210080994,0.00341150437557678,-3.335890849650008e-05,0.00023351235947559985
1968-05-08,0.0027020715882176,-1.1557523869910078,0.0034437513204567433,6.671781699300015e-05,0.00010007672548950023
1968-06-08,0.002535277045735,-1.1563877220337373,0.0034659905927877533,-0.00016679454248260013,-0.00023351235947560028
1968-07-08,0.002535277045735,-1.1563877220337373,0.00348155808341946,0.0,0.00016679454248260013
1968-08-08,0.0023684825032524,-1.1570230570764668,0.0034648786291712,-0.0001667945424825997,-0.0001667945424825997
1968-09-08,0.0024352003202455,-1.1567689230593747,0.0034448632840732934,6.67178169930999e-05,0.0002335123594756996
1968-12-08,0.002468559228742,-1.156641856050829,0.0034337436479077903,3.335890849650008e-05,-3.335890849659982e-05
1968-03-09,0.0033692497581479,-1.1532110468200902,0.0034381915023739937,0.0009006905294058998,0.0008673316209093997
1968-04-09,0.0033358908496513,-1.1533381138286365,0.0034515350657725965,-3.335890849659982e-05,-0.0009340494379024996
1968-05-09,0.0034693264836374,-1.1528298457944528,0.00345931881108845,0.00013343563398610005,0.00016679454248269988
1968-06-09,0.0033358908496513,-1.1533381138286365,0.0034637666655546505,-0.00013343563398610005,-0.0002668712679722001
1968-09-09,0.0034359675751409,-1.1529569128029986,0.0034737743381036035,0.00010007672548959998,0.00023351235947570003
1968-10-09,0.0034192881208926,-1.1530204463072717,0.003448755156731217,-1.667945424829991e-05,-0.00011675617973789989
1968-11-09,0.0034693264836374,-1.1528298457944528,0.0034242919571671063,5.003836274479999e-05,6.67178169930999e-05
1968-12-09,0.0034693264836374,-1.1528298457944528,0.0033998287576029965,0.0,-5.003836274479999e-05
1968-01-10,0.0030356606731827,-1.1544817169055492,0.00335979806740718,-0.00043366581045470006,-0.00043366581045470006
1968-02-10,0.0026687126797211,-1.1558794539995538,0.00330642381381276,-0.00036694799346160016,6.67178169930999e-05
1968-03-10,0.0028521866764519,-1.1551805854525516,0.003253605542026613,0.0001834739967308003,0.0005504219901924005
1968-04-10,0.0027687894052106,-1.1554982529739162,0.0031902236158832366,-8.339727124130007e-05,-0.00026687126797210036
1968-07-10,0.0032524935784101,-1.1536557813500008,0.0031674283617439533,0.00048370417319950005,0.0005671014444408001
1968-08-10,0.0031357373986723,-1.1541005158799114,0.0031385173077136436,-0.00011675617973780014,-0.0006004603529373002
1968-09-10,0.0026687126797211,-1.1558794539995538,0.0030907028722019733,-0.00046702471895120013,-0.0003502685392134
1968-10-10,0.0027687894052106,-1.1554982529739162,0.0030440004003068535,0.00010007672548950023,0.0005671014444407004
1968-11-10,0.0029189044934449,-1.1549264514354598,0.0030056376555358598,0.00015011508823429979,5.0038362744799555e-05
1968-01-11,0.0028521866764519,-1.1551805854525516,0.0029683868743814196,-6.671781699299972e-05,-0.0002168329052272995
1968-04-11,0.0028688661307002,-1.1551170519482783,0.0029550433109828164,1.667945424829991e-05,8.339727124129963e-05
1968-05-11,0.0030189812189345,-1.154545250409822,0.0029400318021593863,0.00015011508823429979,0.00013343563398599987
1968-06-11,0.0030856990359275,-1.1542911163927303,0.002949483492900067,6.671781699300015e-05,-8.339727124129963e-05
1968-07-11,0.0029355839476932,-1.1548629179311867,0.0029494834929000664,-0.00015011508823430022,-0.00021683290522730037
1968-08-11,0.0030023017646862,-1.154608783914095,0.00296060312906557,6.671781699300015e-05,0.00021683290522730037
1968-11-11,0.0031023784901758,-1.1542275828884572,0.002976170619697277,0.00010007672548959998,3.335890849659982e-05
1968-12-11,0.003185775761417,-1.1539099153670929,0.002992294092137257,8.339727124119988e-05,-1.6679454248400092e-05
1968-02-12,0.0035026853921339,-1.152702778785907,0.0030245410370172204,0.00031690963071690035,0.00023351235947570046
1968-03-12,0.0035860826633752,-1.1523851112645422,0.00305956789093856,8.339727124129963e-05,-0.00023351235947560072
1968-04-12,0.0037361977516095,-1.1518133097260859,0.00310515839921713,0.00015011508823430022,6.671781699300059e-05
1968-05-12,0.00363612102612,-1.1521945107517233,0.0031451890894129467,-0.00010007672548950023,-0.00025019181372380045
1968-06-12,0.0037361977516095,-1.1518133097260859,0.003187443706841863,0.00010007672548950023,0.00020015345097900046
1968-09-12,0.0038029155686025,-1.1515591757089942,0.003201899233857017,6.671781699300015e-05,-3.335890849650008e-05
1968-10-12,0.0038195950228508,-1.1514956422047211,0.003218022706297,1.667945424829991e-05,-5.003836274470024e-05
1968-11-12,0.0040364279280781,-1.1506697066491731,0.0032369260877783564,0.00021683290522729994,0.00020015345097900003
1968-12-12,0.0040531073823264,-1.1506061731449,0.0032608333055341933,1.667945424829991e-05,-0.00020015345097900003
1969-02-01,0.0046035293725189,-1.148509567503893,0.0032997520321134603,0.0005504219901924998,0.0005337425359441999
1969-03-01,0.0047703239150015,-1.1478742324611637,0.0033447865585837567,0.00016679454248260013,-0.00038362744770989964
1969-06-01,0.0047703239150015,-1.1478742324611637,0.003388153139629227,0.0,-0.00016679454248260013
1969-07-01,0.004803682823498,-1.1477471654526177,0.0034326316842912467,3.335890849650008e-05,3.335890849650008e-05
1969-08-01,0.0050371951829736,-1.1468576963927968,0.003499349501284277,0.00023351235947560028,0.0002001534509791002
1969-09-01,0.0050705540914701,-1.1467306293842507,0.00357941088167591,3.335890849650008e-05,-0.0002001534509791002
1969-10-01,0.004937118457484,-1.1472388974184344,0.0036489086077103132,-0.00013343563398610005,-0.00016679454248260013
1969-03-02,0.0050205157287253,-1.1469212298970697,0.0037239661518274703,8.339727124130007e-05,0.00021683290522740012
1969-04-02,0.0050705540914701,-1.1467306293842507,0.00378456816892947,5.003836274479999e-05,-3.335890849650008e-05
1969-05-02,0.0052206691797044,-1.1461588278457946,0.0038540658949638732,0.00015011508823429935,0.00010007672548949936
1969-06-02,0.0051539513627114,-1.146412961862886,0.003936907184396883,-6.671781699299929e-05,-0.00021683290522729864
1969-07-02,0.0050872335457183,-1.1466670958799783,0.00401418865574714,-6.671781699310077e-05,-1.0148132334464322e-16
1969-10-02,0.0050371951829736,-1.1468576963927968,0.004084798345398097,-5.0038362744699375e-05,1.6679454248401393e-05
1969-11-02,0.0051039129999666,-1.146603562375705,0.004159855889515254,6.671781699300015e-05,0.00011675617973769953
1969-12-02,0.0050705540914701,-1.1467306293842507,0.004233245488207584,-3.335890849650008e-05,-0.00010007672548950023
1969-03-03,0.0052039897254561,-1.1462223613500675,0.004306079105091637,0.00013343563398599944,0.00016679454248249952
1969-04-03,0.0053040664509457,-1.1458411603244296,0.004380024685592243,0.00010007672548959998,-3.335890849639946e-05
1969-05-03,0.0054041431764352,-1.1454599592987922,0.004462309993216977,0.00010007672548950023,-9.974659986866641e-17
1969-06-03,0.0055709377189178,-1.1448246242560627,0.004547931191691364,0.00016679454248260013,6.67178169930999e-05
1969-07-03,0.0057377322614004,-1.1441892892133332,0.0046357763173988506,0.00016679454248260013,0.0
1969-10-03,0.0059545651666277,-1.1433633536577854,0.00472806929757254,0.0002168329052272995,5.0038362744699375e-05
1969-11-03,0.0053707842679387,-1.145587026307338,0.004790339260099367,-0.0005837808986889998,-0.0008006138039162993
1969-12-03,0.0053040664509457,-1.1458411603244296,0.004847605386351717,-6.671781699300015e-05,0.0005170630816959997
1969-01-04,0.0055042199019248,-1.1450787582731543,0.004906539458028894,0.0002001534509791002,0.00026687126797210036
1969-02-04,0.0055709377189178,-1.1448246242560627,0.00497103334778882,6.671781699300015e-05,-0.00013343563398610005
1969-03-04,0.0056543349901591,-1.144506956734698,0.005034971255740473,8.339727124130007e-05,1.667945424829991e-05
1969-08-04,0.0056543349901591,-1.144506956734698,0.005096685236459027,0.0,-8.339727124130007e-05
1969-09-04,0.0056710144444073,-1.1444434232304252,0.005158399217177576,1.6679454248200165e-05,1.6679454248200165e-05
1969-10-04,0.005664342662708,-1.1444688366321345,0.005212663041665241,-6.671781699300536e-06,-2.33512359475007e-05
1969-11-04,0.0056710144444073,-1.1444434232304252,0.005266593277067937,6.671781699300536e-06,1.3343563398601072e-05
1969-01-05,0.0058044500783934,-1.1439351551962416,0.005306623967263753,0.00013343563398610005,0.00012676385228679952
1969-02-05,0.0058044500783934,-1.1439351551962416,0.0053410948393768165,0.0,-0.00013343563398610005
1969-05-05,0.0057377322614004,-1.1441892892133332,0.00537334178425678,-6.671781699300015e-05,-6.671781699300015e-05
1969-06-05,0.0056543349901591,-1.144506956734698,0.005401696856478816,-8.339727124130007e-05,-1.667945424829991e-05
1969-07-05,0.0058044500783934,-1.1439351551962416,0.0054272720196594775,0.00015011508823430022,0.00023351235947560028
1969-08-05,0.0058211295326416,-1.1438716216919689,0.00545229120103186,1.6679454248199298e-05,-0.00013343563398610092
1969-09-05,0.0057544117156486,-1.1441257557090605,0.0054795343096373465,-6.671781699299929e-05,-8.339727124119858e-05
1969-12-05,0.0057377322614004,-1.1441892892133332,0.005503441527393183,-1.6679454248200165e-05,5.003836274479912e-05
1969-02-06,0.0051873102712079,-1.1462858948543402,0.00550733340005111,-0.0005504219901924998,-0.0005337425359442996
1969-03-06,0.0049304466757847,-1.1472643108201437,0.00549765931658712,-0.00025686359542320073,0.00029355839476929903
1969-04-06,0.0047870033692497,-1.1478106989568908,0.0054854277168050625,-0.00014344330653499968,0.00011342028888820105
1969-05-06,0.0044700937385328,-1.1490178355380767,0.005464856389898879,-0.00031690963071690035,-0.00017346632418190067
1969-06-06,0.0038195950228508,-1.1514956422047211,0.005424269717894787,-0.0006504987156819996,-0.0003335890849650992
1969-09-06,0.0042365813790572,-1.1499073045978978,0.005395358663864472,0.00041698635620640015,0.0010674850718883997
1969-10-06,0.004937118457484,-1.1472388974184344,0.00539091080939827,0.0007005370784268,0.00028355072222039984
1969-11-06,0.0043366581045468,-1.14952610357226,0.005361999755367959,-0.0006004603529372,-0.001300997431364
1969-12-06,0.0044033759215398,-1.1492719695551685,0.0053319767377210964,6.671781699300015e-05,0.0006671781699302002
1969-01-07,0.0041698635620642,-1.1501614386149894,0.00529083408390873,-0.00023351235947560028,-0.00030023017646860044
1969-02-07,0.004219901924809,-1.1499708381021707,0.005245799557438436,5.003836274479999e-05,0.00028355072222040027
1969-03-07,0.0044367348300363,-1.1491449025466225,0.005202432976392967,0.0002168329052272995,0.00016679454248249952
1969-04-07,0.0044700937385328,-1.1490178355380767,0.00515295059545647,3.335890849650008e-05,-0.00018347399673079943
1969-07-07,0.0046368882810154,-1.1483825004953472,0.00512848739589236,0.00016679454248260013,0.00013343563398610005
1969-08-07,0.004803682823498,-1.1477471654526177,0.005111807941644103,0.00016679454248260013,0.0
1969-09-07,0.0046202088267671,-1.1484460339996203,0.005082340905805513,-0.00018347399673090004,-0.00035026853921350017
1969-10-07,0.0046702471895119,-1.1482554334868014,0.00505231788815865,5.003836274479999e-05,0.00023351235947570003
1969-11-07,0.0046635754078126,-1.1482808468885106,0.0050192925687471,-6.671781699299668e-06,-5.671014444409966e-05
1969-01-08,0.0043566734496447,-1.1494498633671326,0.004976037184063286,-0.0003069019581679001,-0.00030023017646860044
1969-04-08,0.0042699402875537,-1.149780237589352,0.004929334712168167,-8.673316209099977e-05,0.00022016879607690033
1969-05-08,0.0041365046535677,-1.1502885056235352,0.004878406778530156,-0.0001334356339860003,-4.6702471895000534e-05
1969-06-08,0.0040697868365747,-1.1505426396406269,0.004825032524935737,-6.671781699300015e-05,6.671781699300015e-05
1969-07-08,0.0041031457450712,-1.150415572632081,0.0047683223804916635,3.335890849650008e-05,0.00010007672548950023
1969-08-08,0.0041698635620642,-1.1501614386149894,0.004713836163280691,6.671781699300015e-05,3.335890849650008e-05
1969-11-08,0.0042032224705607,-1.1500343716064436,0.004662685836919366,3.335890849650008e-05,-3.335890849650008e-05
1969-12-08,0.0041365046535677,-1.1502885056235352,0.004612091492366321,-6.671781699300015e-05,-0.00010007672548950023
1969-02-09,0.0038863128398438,-1.1512415081876295,0.004548153584414667,-0.0002501918137239002,-0.00018347399673090004
1969-03-09,0.0039530306568369,-1.1509873741705374,0.004485883621887843,6.67178169930999e-05,0.0003169096307170001
1969-04-09,0.0040197484738299,-1.1507332401534458,0.00442806151382722,6.671781699300015e-05,-9.974659986866641e-17
1969-05-09,0.0040030690195816,-1.150796773657719,0.004370239405766594,-1.667945424829991e-05,-8.339727124130007e-05
1969-08-09,0.0040097408012809,-1.1507713602560097,0.00433098709010236,6.671781699299668e-06,2.335123594759958e-05
1969-09-09,0.0041031457450712,-1.150415572632081,0.00430341039241191,9.340494379030031e-05,8.673316209100064e-05
1969-10-09,0.0040364279280781,-1.1506697066491731,0.004278391211039523,-6.67178169930999e-05,-0.0001601227607834002
1969-11-09,0.0040197484738299,-1.1507332401534458,0.004263379702216093,-1.6679454248200165e-05,5.0038362744899735e-05
1969-12-09,0.0041031457450712,-1.150415572632081,0.0042728313929567725,8.339727124130007e-05,0.00010007672548950023
1969-01-10,0.0039029922940921,-1.1511779746833566,0.00426171175679127,-0.00020015345097909977,-0.00028355072222039984
1969-02-10,0.0039863895653334,-1.1508603071619916,0.004230020793719583,8.339727124129963e-05,0.0002835507222203994
1969-03-10,0.0040364279280781,-1.1506697066491731,0.004220013121170626,5.003836274470024e-05,-3.335890849659939e-05
1969-06-10,0.0039029922940921,-1.1511779746833566,0.00420333366692237,-0.00013343563398599987,-0.00018347399673070012
1969-07-10,0.0039196717483403,-1.1511144411790837,0.004194993939798239,1.667945424819973e-05,0.0001501150882341996
1969-08-10,0.0038863128398438,-1.1512415081876295,0.004183874303632733,-3.335890849650008e-05,-5.003836274469981e-05
1969-09-10,0.0039296794208893,-1.1510763210765198,0.004166972456661167,4.336658104550032e-05,7.67254895420004e-05
1969-10-10,0.0038896487306935,-1.1512288014867749,0.00414762428973319,-4.003069019580018e-05,-8.33972712413005e-05
1969-03-11,0.0031023784901758,-1.1542275828884572,0.00409647396337187,-0.0007872702405177,-0.0007472395503218998
1969-04-11,0.0031023784901758,-1.1542275828884572,0.004039763818927797,0.0,0.0007872702405177
1969-05-11,0.0030023017646862,-1.154608783914095,0.0039858335835251,-0.00010007672548959998,-0.00010007672548959998
1969-06-11,0.0027354304967141,-1.155625319982462,0.003921339693765174,-0.00026687126797209993,-0.00016679454248249995
1969-07-11,0.0024185208659972,-1.1568324565636479,0.003846504542371327,-0.0003169096307168999,-5.003836274479999e-05
1969-10-11,0.0021516495980251,-1.1578489926320148,0.0037730037473173396,-0.00026687126797209993,5.003836274479999e-05
1969-11-11,0.0023017646862594,-1.1572771910935584,0.003707397893940864,0.00015011508823429979,0.0004169863562063997
1969-12-11,0.0019014577843012,-1.158801995196109,0.0036328963316319797,-0.0004003069019582,-0.0005504219901924998
1969-01-12,0.0004336658104546,-1.1643929435721272,0.0035116922974279766,-0.0014677919738466001,-0.0010674850718884001
1969-02-12,0.0002668712679721,-1.1650282786148565,0.0033838164815246734,-0.0001667945424825,0.0013009974313641002
1969-03-12,0.0003169096307168,-1.164837678102038,0.0032553846838130934,5.0038362744700025e-05,0.00021683290522720003
1969-04-12,0.0002335123594756,-1.1651553456234023,0.00312306101344359,-8.33972712412e-05,-0.00013343563398590002
1969-05-12,0.000200153450979,-1.1652824126319485,0.0029918493066906334,-3.335890849660001e-05,5.003836274459998e-05
1969-08-12,0.0001000767254895,-1.165663613657586,0.002865641436212157,-0.0001000767254895,-6.671781699289999e-05
1969-09-12,6.671781699302964e-05,-1.1657906806661318,0.002736097674884028,-3.3358908496470356e-05,6.671781699302964e-05
1969-10-12,0.0001000767254895,-1.165663613657586,0.0026054419499393477,3.3358908496470356e-05,6.671781699294071e-05
1969-11-12,0.000200153450979,-1.1652824126319485,0.002478678097652594,0.0001000767254895,6.671781699302964e-05
1969-12-12,0.0002668712679721,-1.1650282786148565,0.002353915779875634,6.671781699309998e-05,-3.335890849640002e-05
1970-02-01,0.0001167561797378,-1.1656000801533128,0.0022210361276978545,-0.00015011508823429997,-0.00021683290522739996
1970-05-01,0.0001834739967308,-1.1653459461362212,0.0020926043299862775,6.671781699299999e-05,0.00021683290522729997
1970-06-01,0.0001000767254895,-1.165663613657586,0.001961948605041598,-8.33972712413e-05,-0.0001501150882343
1970-07-01,6.671781699302964e-05,-1.1657906806661318,0.0018274010074389921,-3.3358908496470356e-05,5.003836274482964e-05
1970-08-01,3.335890849651829e-05,-1.1659177476746774,0.0016984132279191393,-3.335890849651135e-05,-4.0996394647108136e-17
1970-09-01,0.0,-1.1660448146832234,0.0015655335757413593,-3.335890849651829e-05,-6.938893903907228e-18
1970-12-01,5.003836274477397e-05,-1.1658542141704047,0.0014326539235635818,5.003836274477397e-05,8.339727124129226e-05
1970-02-02,5.671014444407277e-05,-1.1658288007686954,0.001304444518575314,6.671781699298801e-06,-4.3366581045475167e-05
1970-03-02,6.671781699302964e-05,-1.1657906806661318,0.0011760127208637384,1.0007672548956875e-05,3.335890849658074e-06
1970-04-02,6.671781699302964e-05,-1.1657906806661318,0.0010486928867687129,0.0,-1.0007672548956875e-05
1970-05-02,6.671781699302964e-05,-1.1657906806661318,0.0009199274999721704,0.0,0.0
1970-06-02,6.671781699302964e-05,-1.1657906806661318,0.0007924964695154881,0.0,0.0
1970-09-02,7.338959869233191e-05,-1.1657652672644223,0.0006915301731327058,6.6717816993022705e-06,6.6717816993022705e-06
1970-10-02,8.339727124128532e-05,-1.1657271471618587,0.0005908974658348886,1.0007672548953406e-05,3.3358908496511352e-06
1970-11-02,6.671781699302964e-05,-1.1657906806661318,0.0004930446675784497,-1.6679454248255676e-05,-2.6687126797209082e-05
1970-12-02,6.671781699302964e-05,-1.1657906806661318,0.000404087578254414,0.0,1.6679454248255676e-05
1970-02-03,6.671781699302964e-05,-1.1657906806661318,0.00032569414328760825,0.0,0.0
1970-03-03,7.338959869233191e-05,-1.1657652672644223,0.00025641880997651604,6.6717816993022705e-06,6.6717816993022705e-06
1970-04-03,5.3374253594421633e-05,-1.16584150746955,0.00018147246222101676,-2.001534509791028e-05,-2.668712679721255e-05
1970-05-03,6.004603529372737e-05,-1.1658160940678408,0.00012009207058743434,6.67178169930574e-06,2.668712679721602e-05
1970-06-03,3.335890849651829e-05,-1.1659177476746774,0.00010674850718883161,-2.6687126797209082e-05,-3.335890849651482e-05
1970-09-03,3.335890849651829e-05,-1.1659177476746774,9.89647618729789e-05,0.0,2.6687126797209082e-05
1970-10-03,4.003069019581709e-05,-1.1658923342729683,8.97354638556128e-05,6.671781699298801e-06,6.671781699298801e-06
1970-11-03,6.004603529372737e-05,-1.1658160940678408,8.395325304955038e-05,2.001534509791028e-05,1.334356339861148e-05
1970-12-03,6.004603529372737e-05,-1.1658160940678408,7.928300586004129e-05,0.0,-2.001534509791028e-05
1970-01-04,0.0003169096307168,-1.164837678102038,8.651076936761794e-05,0.00025686359542307263,0.00025686359542307263
1970-02-04,0.0003169096307168,-1.164837678102038,9.485049649174362e-05,0.0,-0.00025686359542307263
1970-03-04,0.0002935583947693,-1.16492662500802,0.00010129988546773695,-2.3351235947499996e-05,-2.3351235947499996e-05
1970-06-04,0.0002535277045735,-1.1650791054182748,0.00010307902725422029,-4.0030690195800016e-05,-1.667945424830002e-05
1970-07-04,0.0002668712679721,-1.1650282786148565,0.00010307902725422029,1.3343563398599987e-05,5.3374253594400004e-05
1970-08-04,0.0003169096307168,-1.164837678102038,0.0001097508089535203,5.0038362744700025e-05,3.669479934610004e-05
1970-09-04,0.0003269173032658,-1.164799557999474,0.00011453225250468697,1.0007672548999972e-05,-4.003069019570005e-05
1970-10-04,0.0003169096307168,-1.164837678102038,0.00012176001601226362,-1.0007672548999972e-05,-2.0015345097999944e-05
1970-01-05,0.000650498715682,-1.163567008016579,0.00014121937930189598,0.0003335890849652,0.00034359675751419996
1970-04-05,0.0006938652967274,-1.1634018209054697,0.00016323625890959202,4.336658104540003e-05,-0.00029022250391979996
1970-05-05,0.0008806751843079,-1.1626902456576127,0.00019259209838652202,0.0001868098875805,0.00014344330653509997
1970-06-05,0.0008840110751576,-1.1626775389567579,0.0002203911888002829,3.3358908496999243e-06,-0.00018347399673080008
1970-07-05,0.0008840110751576,-1.1626775389567579,0.0002479678864907338,0.0,-3.3358908496999243e-06
1970-08-05,0.0008673316209093,-1.162741072461031,0.00027465501328794285,-1.667945424829991e-05,-1.667945424829991e-05
1970-11-05,0.0008006138039163,-1.1629952064781226,0.0002991182128520518,-6.671781699300005e-05,-5.0038362744700133e-05
1970-12-05,0.000717216532675,-1.1633128739994874,0.0003208015033747842,-8.339727124129996e-05,-1.667945424829991e-05
1970-01-06,0.0003335890849651,-1.1647741445977648,0.00032969721230718653,-0.0003836274477099,-0.00030023017646860006
1970-02-06,0.0002335123594756,-1.1651553456234023,0.00033503463766662876,-0.00010007672548950001,0.0002835507222204
1970-03-06,0.0001501150882343,-1.165473013144767,0.00033725856489972926,-8.339727124130001e-05,1.6679454248200002e-05
1970-04-06,0.0001934816692797,-1.1653078260336578,0.00034148402664261826,4.3366581045400004e-05,0.00012676385228670002
1970-05-06,0.0002068252326783,-1.1652569992302393,0.0003461542738321273,1.3343563398599987e-05,-3.0023017646800017e-05
1970-08-06,0.0004169863562064,-1.1644564770764,0.00035782989180590635,0.0002101611235281,0.0001968175601295
1970-09-06,0.0004069786836574,-1.164494597178964,0.00036894952797140854,-1.0007672548999972e-05,-0.00022016879607709996
1970-10-06,0.0004336658104546,-1.1643929435721272,0.0003816259132000812,2.6687126797199975e-05,3.669479934619995e-05
1970-11-06,0.0005003836274477,-1.1641388095550353,0.00039630383293854694,6.671781699310001e-05,4.0030690195900034e-05
1970-12-06,0.0004837041731994,-1.1642023430593085,0.00041131534176197635,-1.667945424830002e-05,-8.339727124140003e-05
1970-01-07,0.0003936351202588,-1.1645454239823823,0.00042332454882071906,-9.006905294059995e-05,-7.338959869229993e-05
1970-02-07,0.0003602762117623,-1.164672490990928,0.00043399939953960183,-3.335890849650002e-05,5.671014444409993e-05
1970-03-07,0.0003002301764686,-1.1649012116063107,0.00044200553757876425,-6.00460352937e-05,-2.6687126797199975e-05
1970-06-07,0.0003002301764686,-1.1649012116063107,0.0004500116756179266,0.0,6.00460352937e-05
1970-07-07,0.0002668712679721,-1.1650282786148565,0.00044834373019310333,-3.335890849650002e-05,-3.335890849650002e-05
1970-08-07,0.0002668712679721,-1.1650282786148565,0.00044667578476828004,0.0,3.335890849650002e-05
1970-09-07,0.0002668712679721,-1.1650282786148565,0.00044578621387504,0.0,0.0
1970-10-07,0.0003002301764686,-1.1649012116063107,0.00044734296293821,3.335890849650002e-05,3.335890849650002e-05
1970-03-08,0.0002835507222203,-1.1649647451105838,0.00044789894474648337,-1.667945424830002e-05,-5.003836274480004e-05
1970-04-08,0.0002735430496714,-1.1650028652131472,0.00044645339204497,-1.0007672548900009e-05,6.671781699400011e-06
1970-05-08,0.0002802148313707,-1.1649774518114382,0.0004448966429818,6.671781699300048e-06,1.6679454248200057e-05
1970-06-08,0.0002835507222203,-1.1649647451105838,0.00044378467936525,3.335890849599961e-06,-3.335890849700087e-06
1970-07-08,0.0002668712679721,-1.1650282786148565,0.00043099709777491996,-1.6679454248200002e-05,-2.0015345097799963e-05
1970-10-08,0.0002535277045735,-1.1650791054182748,0.0004163191780364566,-1.3343563398599987e-05,3.335890849600015e-06
1970-11-08,0.0002168329052273,-1.1652188791276754,0.00039419110206710337,-3.66947993462e-05,-2.3351235947600014e-05
1970-12-08,0.0002335123594756,-1.1651553456234023,0.00037250781154437,1.667945424830002e-05,5.337425359450002e-05
1970-01-09,0.0006838576241785,-1.1634399410080332,0.00036583602984506666,0.00045034526470289995,0.00043366581045459993
1970-02-09,0.0008006138039163,-1.1629952064781226,0.00036361210261196664,0.00011675617973780003,-0.0003335890849650999
1970-03-09,0.0009173699836541,-1.162550471948212,0.00036750397526989336,0.00011675617973780003,0.0
1970-04-09,0.0009006905294058,-1.1626140054524852,0.00037361977516092,-1.667945424830002e-05,-0.00013343563398610005
1970-07-09,0.0008172932581645,-1.16293167297385,0.00038974324760090003,-8.339727124130007e-05,-6.671781699300005e-05
1970-08-09,0.000783934349668,-1.1630587399823957,0.00040809064727397997,-3.335890849649997e-05,5.00383627448001e-05
1970-09-09,0.0009006905294058,-1.1626140054524852,0.0004331098286463634,0.00011675617973780003,0.0001501150882343
1970-10-09,0.0008506521666611,-1.1628046059653037,0.00045501551189241,-5.0038362744700025e-05,-0.00016679454248250006
1970-11-09,0.0009507288921506,-1.1624234049396662,0.00047981230054148664,0.00010007672548950001,0.00015011508823420004
1970-01-10,0.0009840878006471,-1.1622963379311202,0.0004987156820228433,3.335890849650008e-05,-6.671781699299994e-05
1970-02-10,0.0009507288921506,-1.1624234049396662,0.0005168406889726167,-3.335890849650008e-05,-6.671781699300015e-05
1970-05-10,0.0012176001601227,-1.1614068688712993,0.0005429718339615534,0.00026687126797209993,0.0003002301764686
1970-06-10,0.0012843179771157,-1.1611527348542077,0.0005691029789504866,6.671781699300015e-05,-0.00020015345097909977
1970-07-10,0.0011842412516262,-1.161533935879845,0.0005924542148980467,-0.00010007672548950001,-0.00016679454248250017
1970-08-10,0.0012176001601227,-1.1614068688712993,0.0006199197162268434,3.335890849649986e-05,0.00013343563398599987
1970-09-10,0.0013510357941088,-1.1608986008371156,0.0006529450356383933,0.00013343563398610005,0.0001000767254896002
1970-12-10,0.0015278380091403,-1.1602251456918227,0.00069386529672745,0.00017680221503149998,4.336658104539992e-05
1970-02-11,0.0018347399673082,-1.1590561292132007,0.00074501562308877,0.0003069019581679001,0.00013009974313640013
1970-03-11,0.0016846248790739,-1.159627930751657,0.0007922740767921634,-0.0001501150882343,-0.0004570170464022001
1970-04-11,0.0015345097908396,-1.1601997322901134,0.00083452869422108,-0.0001501150882343,0.0
1970-05-11,0.001234279614371,-1.1613433353670262,0.0008667756391010433,-0.0003002301764686,-0.0001501150882343
1970-06-11,0.0014677919738466,-1.160453866307205,0.00090569436568031,0.00023351235947559985,0.0005337425359441999
1970-09-11,0.0016179070620809,-1.1598820647687487,0.0009501729103423299,0.0001501150882343,-8.339727124129985e-05
1970-10-11,0.0016179070620809,-1.1598820647687487,0.0009949850440893132,0.0,-0.0001501150882343
1970-11-11,0.0015345097908396,-1.1601997322901134,0.00103679487607161,-8.339727124129985e-05,-8.339727124129985e-05
1970-12-11,0.0016345865163291,-1.159818531264476,0.001081829402541903,0.00010007672548950001,0.00018347399673079986
1970-01-12,0.0017013043333222,-1.159564397247384,0.0011296438380535734,6.67178169930999e-05,-3.335890849640011e-05
1970-02-12,0.0017680221503152,-1.1593102632302923,0.0011801269862449634,6.671781699299994e-05,-9.996344030316351e-17
1970-03-12,0.0017680221503152,-1.1593102632302923,0.00123183329441456,0.0,-6.671781699299994e-05
1970-04-12,0.0017613503686159,-1.1593356766320013,0.00128276122805257,-6.671781699299885e-06,-6.671781699299885e-06
1970-07-12,0.0016679454248256,-1.15969146425593,0.0013155641547408065,-9.340494379030009e-05,-8.67331620910002e-05
1970-08-12,0.0016512659705774,-1.1597549977602029,0.0013439192269628433,-1.6679454248199948e-05,7.672548954210014e-05
1970-09-12,0.0014677919738466,-1.160453866307205,0.0013622666266359267,-0.00018347399673080008,-0.00016679454248260013
1970-10-12,0.0015011508823431,-1.1603267992986592,0.0013822819717338364,3.335890849650008e-05,0.00021683290522730016
1970-11-12,0.0015178303365913,-1.1602632657943865,0.0014056332076813965,1.6679454248199948e-05,-1.667945424830013e-05
1971-04-01,0.0016946325516229,-1.1595898106490932,0.0014359898144132267,0.00017680221503160016,0.0001601227607834002
1971-05-01,0.001741335023518,-1.159411916837129,0.0014640112975503,4.670247189509985e-05,-0.0001300997431365003
1971-06-01,0.0016812889882243,-1.1596406374525114,0.0014916991916024067,-6.0046035293699835e-05,-0.00010674850718879968
1971-07-01,0.0016612736431263,-1.1597168776576394,0.00151538401663493,-2.0015345098000053e-05,4.003069019569978e-05
1971-08-01,0.0017346632418187,-1.159437330238838,0.0015404031980073168,7.33895986924e-05,9.340494379040006e-05
1971-11-01,0.0019014577843012,-1.158801995196109,0.0015720941610790032,0.00016679454248249995,9.340494379009995e-05
1971-12-01,0.0020348934182873,-1.1582937271619254,0.00159933726968449,0.00013343563398610005,-3.3358908496399896e-05
1971-01-02,0.0021850085065216,-1.157721925623469,0.0016293602873313532,0.00015011508823429979,1.667945424819973e-05
1971-02-02,0.002401841411749,-1.1568959900679205,0.0016699469593354466,0.00021683290522740012,6.671781699310033e-05
1971-03-02,0.0026853921339693,-1.155815920495281,0.0017188733584636666,0.0002835507222203001,6.671781699289997e-05
1971-04-02,0.0023751542849517,-1.1569976436747575,0.001753010641491763,-0.00031023784901760025,-0.0005937885712379003
1971-05-02,0.0023417953764552,-1.1571247106833036,0.0017801425537355934,-3.335890849649964e-05,0.0002768789405211006
1971-08-02,0.002535277045735,-1.1563877220337373,0.0018034937896831533,0.00019348166927979967,0.00022684057777629931
1971-09-02,0.0026353537712246,-1.1560065210080994,0.0018351847527548434,0.00010007672548959998,-9.34049437901997e-05
1971-10-02,0.0026353537712246,-1.1560065210080994,0.00187187955210101,0.0,-0.00010007672548959998
1971-11-02,0.0027020715882176,-1.1557523869910078,0.0019208059512292298,6.671781699300015e-05,6.671781699300015e-05
1971-12-02,0.0026353537712246,-1.1560065210080994,0.0019597246778084968,-6.671781699300015e-05,-0.0001334356339860003
1971-01-03,0.0025286052640357,-1.1564131354354465,0.0019900812845403235,-0.00010674850718889965,-4.003069019589949e-05
1971-02-03,0.0025419488274343,-1.156362308632028,0.00202088267671877,1.334356339859977e-05,0.00012009207058749942
1971-03-03,0.0026086666444273,-1.1561081746149364,0.0020566879051716934,6.671781699300015e-05,5.337425359440038e-05
1971-04-03,0.0025686359542315,-1.1562606550251915,0.0020878228864351068,-4.003069019580018e-05,-0.00010674850718880033
1971-05-03,0.0025686359542315,-1.1562606550251915,0.0021167339404654165,0.0,4.003069019580018e-05
1971-08-03,0.0025953230810287,-1.1561590014183547,0.0021443106381558667,2.6687126797199975e-05,2.6687126797199975e-05
1971-09-03,0.0026086666444273,-1.1561081746149364,0.002172332121292937,1.3343563398600204e-05,-1.334356339859977e-05
1971-10-03,0.0026320178803749,-1.156019227708954,0.0022013543716849033,2.3351235947600014e-05,1.000767254899981e-05
1971-11-03,0.0027354304967141,-1.155625319982462,0.0022369372074145196,0.00010341261633919994,8.006138039159992e-05
1971-12-03,0.0027621176235113,-1.1555236663756254,0.0022739655958456504,2.6687126797199975e-05,-7.672548954199996e-05
1971-01-04,0.0026687126797211,-1.1558794539995538,0.0023139962860414666,-9.340494379020013e-05,-0.0001200920705874001
1971-02-04,0.0026520332254728,-1.1559429875038267,0.0023523590308124564,-1.667945424829991e-05,7.672548954190022e-05
1971-05-04,0.0026620408980218,-1.1559048674012629,0.0023904993828601398,1.000767254899981e-05,2.668712679729972e-05
1971-06-04,0.0026353537712246,-1.1560065210080994,0.0024218567568468634,-2.6687126797199975e-05,-3.6694799346199784e-05
1971-07-04,0.0026687126797211,-1.1558794539995538,0.0024527693453869665,3.335890849650008e-05,6.004603529370005e-05
1971-08-04,0.0027220869333155,-1.1556761467858803,0.00248746261022334,5.337425359439995e-05,2.0015345097899873e-05
1971-03-05,0.0030223171097841,-1.1545325437089675,0.0025328307257786,0.0003002301764686,0.00024685592287420005
1971-04-05,0.0031690963071688,-1.1539734488713658,0.00258064516129027,0.00014677919738470026,-0.00015345097908389975
1971-05-05,0.0034693264836374,-1.1528298457944528,0.0026329074512681434,0.0003002301764686,0.00015345097908389975
1971-06-05,0.0036027621176235,-1.1523215777602691,0.0026851697412460167,0.00013343563398610005,-0.00016679454248249995
1971-07-05,0.0032524935784101,-1.1536557813500008,0.002720752576975633,-0.0003502685392134,-0.00048370417319950005
1971-10-05,0.0032958601594555,-1.1534905942388916,0.002750553201899183,4.3366581045399706e-05,0.0003936351202587997
1971-11-05,0.0035360443006304,-1.1525757117773612,0.0027789082741212197,0.00024018414117489995,0.00019681756012950025
1971-12-05,0.003702838843113,-1.1519403767346317,0.0028231644260599304,0.00016679454248260013,-7.338959869229982e-05
1971-01-06,0.0039630383293858,-1.1509492540679738,0.0028772058578242833,0.00026019948627280026,9.340494379020013e-05
1971-02-06,0.0038029155686025,-1.1515591757089942,0.0029194604752532005,-0.00016012276078330003,-0.0004203222470561003
1971-03-06,0.0038029155686025,-1.1515591757089942,0.0029583792018324636,0.0,0.00016012276078330003
1971-04-06,0.0038029155686025,-1.1515591757089942,0.0029972979284117263,0.0,0.0
1971-07-06,0.003702838843113,-1.1519403767346317,0.00303065683690824,-0.00010007672548950023,-0.00010007672548950023
1971-08-06,0.0035193648463822,-1.1526392452816339,0.0030601238727468267,-0.00018347399673079986,-8.339727124129963e-05
1971-09-06,0.0033525703038996,-1.1532745803243634,0.0030875893740756237,-0.00016679454248260013,1.667945424819973e-05
1971-10-06,0.0032358141241618,-1.153719314854274,0.003110718217299873,-0.00011675617973780014,5.003836274479999e-05
1971-11-06,0.0031357373986723,-1.1541005158799114,0.0031282872424413734,-0.0001000767254894998,1.6679454248300345e-05
1971-01-07,0.0035627314274276,-1.1524740581705246,0.0031614237582145766,0.0004269940287552998,0.0005270707542447996
1971-02-07,0.0036528004803682,-1.1521309772474506,0.0031975625757524667,9.006905294060017e-05,-0.0003369249758146996
1971-05-07,0.0036027621176235,-1.1523215777602691,0.003231143876972293,-5.003836274469981e-05,-0.00014010741568529998
1971-06-07,0.0036027621176235,-1.1523215777602691,0.0032642803927455,0.0,5.003836274469981e-05
1971-07-07,0.0035694032091269,-1.1524486447688154,0.0032955265703705663,-3.335890849660026e-05,-3.335890849660026e-05
1971-08-07,0.0035860826633752,-1.1523851112645422,0.0033238816425926036,1.667945424829991e-05,5.003836274490017e-05
1971-09-07,0.0035627314274276,-1.1524740581705246,0.003350568769389813,-2.3351235947600014e-05,-4.0030690195899925e-05
1971-12-07,0.0036528004803682,-1.1521309772474506,0.0033833716960780503,9.006905294060017e-05,0.00011342028888820018
1971-02-08,0.0049704773659805,-1.1471118304098886,0.0034606531674283066,0.0013176768856123003,0.0012276078326717002
1971-03-08,0.0049037595489875,-1.1473659644269805,0.0035353771224604967,-6.671781699300015e-05,-0.0013843947026053005
1971-04-08,0.0050705540914701,-1.1467306293842507,0.0036165504664686797,0.00016679454248260013,0.00023351235947560028
1971-05-08,0.0052373486339526,-1.1460952943415217,0.0037021716649430635,0.00016679454248249952,-1.0061396160665481e-16
1971-06-08,0.0051105847816659,-1.1465781489739957,0.0037817882598880767,-0.00012676385228669977,-0.0002935583947691993
1971-09-08,0.0060312906561697,-1.1430710995381297,0.00388208737810093,0.0009207058745038001,0.0010474697267904998
1971-10-08,0.0055709377189178,-1.1448246242560627,0.0039621487584925634,-0.00046035293725190003,-0.0013810588117557
1971-11-08,0.0053040664509457,-1.1458411603244296,0.00402330675740284,-0.00026687126797210036,0.00019348166927979967
1971-12-08,0.0055709377189178,-1.1448246242560627,0.004088912610779317,0.00026687126797210036,0.0005337425359442007
1971-01-09,0.0041365046535677,-1.1502885056235352,0.0041183796466179035,-0.0014344330653501,-0.0017013043333222004
1971-02-09,0.0043199786502985,-1.149589637076533,0.004152516929646004,0.0001834739967308003,0.0016179070620809003
1971-03-09,0.0045368115555259,-1.1487637015209848,0.00418587583814252,0.00021683290522740012,3.335890849659982e-05
1971-06-09,0.0045534910097741,-1.148700168016712,0.0042142309103645565,1.6679454248199298e-05,-0.00020015345097920082
1971-07-09,0.0045034526470293,-1.1488907685295309,0.004232244720952673,-5.003836274479999e-05,-6.671781699299929e-05
1971-08-09,0.0043366581045468,-1.14952610357226,0.004250036138817483,-0.00016679454248249952,-0.00011675617973769953
1971-09-09,0.0045701704640224,-1.1486366345124388,0.004275611301998147,0.00023351235947559942,0.00040030690195809893
1971-10-09,0.0045034526470293,-1.1488907685295309,0.004298962537945707,-6.67178169930999e-05,-0.0003002301764686993
1971-01-10,0.005003836274477,-1.1469847634013428,0.004342329118991173,0.0005003836274477006,0.0005671014444408005
1971-04-10,0.0050872335457183,-1.1466670958799783,0.004394591408969043,8.33972712412992e-05,-0.00041698635620640145
1971-05-10,0.0050205157287253,-1.1469212298970697,0.004450189589796567,-6.671781699299929e-05,-0.00015011508823429848
1971-06-10,0.0050371951829736,-1.1468576963927968,0.0045102356250902925,1.667945424829991e-05,8.33972712412992e-05
1971-07-10,0.0051005771091169,-1.1466162690765598,0.004575730282105114,6.338192614329958e-05,4.670247189499967e-05
1971-08-10,0.0050371951829736,-1.1468576963927968,0.0046248790739566465,-6.338192614329958e-05,-0.00012676385228659916
1971-11-10,0.0050772258731694,-1.1467052159825417,0.004672359920383353,4.0030690195799745e-05,0.00010341261633909932
1971-12-10,0.0050772258731694,-1.1467052159825417,0.004721508712234883,0.0,-4.0030690195799745e-05
1971-01-11,0.0048370417319945,-1.1476200984440719,0.00476265136604725,-0.00024018414117489995,-0.00024018414117489995
1971-02-11,0.0049537979117323,-1.1471753639141615,0.004808797856134097,0.00011675617973780014,0.0003569403209127001
1971-03-11,0.004870400640491,-1.147493031435526,0.00485160845537129,-8.339727124130007e-05,-0.0002001534509791002
1971-04-11,0.004870400640491,-1.147493031435526,0.00489519742914007,0.0,8.339727124130007e-05
1971-05-11,0.0049537979117323,-1.1471753639141615,0.004938564010185539,8.339727124130007e-05,8.339727124130007e-05
1971-08-11,0.005003836274477,-1.1469847634013428,0.0049396759738020895,5.003836274470024e-05,-3.335890849659982e-05
1971-09-11,0.0050838976548687,-1.1466798025808325,0.004945680577331463,8.006138039169924e-05,3.0023017646998995e-05
1971-10-11,0.0051539513627114,-1.146412961862886,0.0049484604863728405,7.005370784270073e-05,-1.0007672548998509e-05
1971-11-11,0.0051439436901624,-1.1464510819654499,0.0049453469882465,-1.0007672549000243e-05,-8.006138039170097e-05
1971-12-11,0.0052039897254561,-1.1462223613500675,0.0049484604863728405,6.004603529369962e-05,7.005370784269986e-05
1971-01-12,0.0057644193881976,-1.1440876356064966,0.004939564777440436,0.0005604296627415,0.0005003836274478004
1971-02-12,0.0059045268038829,-1.1435539541706041,0.00495068441360594,0.00014010741568529998,-0.00042032224705620003
1971-03-12,0.0059378857123794,-1.1434268871620583,0.004971811722320397,3.335890849650008e-05,-0.0001067485071887999
1971-06-12,0.0060546418921172,-1.1429821526321478,0.004987935194760377,0.00011675617973780014,8.339727124130007e-05
1971-07-12,0.0059378857123794,-1.1434268871620583,0.005047981230054099,-0.00011675617973780014,-0.00023351235947560028
1971-08-12,0.0057043733529038,-1.1443163562218794,0.005094127720140943,-0.00023351235947559942,-0.00011675617973779927
1971-09-12,0.0058378089868899,-1.1438080881876957,0.00513749430118641,0.00013343563398610005,0.00036694799346169947
1971-10-12,0.0058644961136871,-1.1437064345808592,0.005181194471316844,2.668712679719954e-05,-0.00010674850718890051
1972-03-01,0.0060713213463655,-1.1429186191278746,0.0052334567612947165,0.00020682523267839988,0.00018013810588120033
1972-04-01,0.006324849050939,-1.141952909862926,0.005299729792841123,0.00025352770457350016,4.670247189510028e-05
1972-05-01,0.0064215898855789,-1.141584415538143,0.005361443773559673,9.674083463990027e-05,-0.0001567868699335999
1972-06-01,0.0069052940587783,-1.139741943914228,0.005441505153951307,0.00048370417319939987,0.0003869633385594996
1972-07-01,0.0073056009607365,-1.1382171398116774,0.00551823064349329,0.00040030690195819955,-8.339727124120032e-05
1972-10-01,0.0072388831437435,-1.138471273828769,0.005589952296760797,-6.671781699299929e-05,-0.00046702471895119883
1972-11-01,0.0069052940587783,-1.139741943914228,0.0056527782410958965,-0.00033358908496520026,-0.000266871267972201
1972-12-01,0.0069319811855756,-1.139640290307391,0.0057159377745159634,2.6687126797300155e-05,0.0003602762117625004
1972-01-02,0.0088067518430796,-1.1324991244271132,0.00583947693231472,0.0018747706575040005,0.0018480835307067003
1972-02-02,0.0095740067384995,-1.1295765832305578,0.005990703984165583,0.0007672548954198999,-0.0011075157620841006
1972-03-02,0.0087400340260866,-1.132753258444205,0.006112797589262823,-0.0008339727124129,-0.0016012276078328
1972-04-02,0.0080728558561563,-1.1352945986151224,0.0062126519220290525,-0.0006671781699302999,0.00016679454248260013
1972-07-02,0.0084564833038663,-1.1338333280168447,0.00633329997442478,0.0003836274477099985,0.0010508056176402984
1972-08-02,0.0088067518430796,-1.1324991244271132,0.006461731772136357,0.00035026853921330155,-3.335890849669697e-05
1972-09-02,0.0088067518430796,-1.1324991244271132,0.0065929434788893106,0.0,-0.00035026853921330155
1972-10-02,0.0090402642025552,-1.131609655367292,0.006731938930958117,0.00023351235947559855,0.00023351235947559855
1972-11-02,0.0089068285685692,-1.1321179234014753,0.006863706619519347,-0.00013343563398599857,-0.0003669479934615971
1972-01-03,0.0087567134803349,-1.1326897249399317,0.006988802526381277,-0.00015011508823430109,-1.6679454248302514e-05
1972-02-03,0.0088901491143209,-1.1321814569057485,0.0071156775750296835,0.0001334356339860003,0.0002835507222203014
1972-03-03,0.0087900723888314,-1.132562657931386,0.007236881609233683,-0.00010007672548949936,-0.00023351235947549967
1972-06-03,0.0089068285685692,-1.1321179234014753,0.007362311105180577,0.00011675617973780014,0.0002168329052272995
1972-07-03,0.0089268439136671,-1.132041683196348,0.00748640624478761,2.0015345097899873e-05,-9.674083463990027e-05
1972-08-03,0.0088234312973279,-1.1324355909228403,0.007588373308425287,-0.0001034126163392008,-0.00012342796143710068
1972-09-03,0.0090402642025552,-1.131609655367292,0.00769289788838103,0.0002168329052272995,0.0003202455215665003
1972-10-03,0.0090069052940587,-1.1317367223758381,0.007795198541103674,-3.335890849649921e-05,-0.0002501918137237987
1972-04-04,0.009013577075758,-1.1317113089741289,0.007893829713891699,6.671781699300536e-06,4.0030690195799745e-05
1972-05-04,0.0090069052940587,-1.1317367223758381,0.007996130366614344,-6.671781699300536e-06,-1.3343563398601072e-05
1972-06-04,0.0089335156953664,-1.1320162697946388,0.008103768444696431,-7.338959869230069e-05,-6.671781699300015e-05
1972-07-04,0.0089735463855622,-1.1318637893843837,0.008208293024652173,4.0030690195799745e-05,0.00011342028888810043
1972-10-04,0.0089902258398105,-1.1318002558801106,0.008312484015522953,1.667945424830078e-05,-2.3351235947498966e-05
1972-11-04,0.0090903025653,-1.1314190548544731,0.00841311672282077,0.00010007672548949936,8.339727124119858e-05
1972-12-04,0.0093571738332721,-1.1304025187861062,0.008514194215565207,0.00026687126797210123,0.00016679454248260187
1972-01-05,0.0103079027254228,-1.1267811090425486,0.008643737976893336,0.0009507288921507002,0.000683857624178599
1972-02-05,0.010324582179671,-1.126717575538276,0.008757714247589761,1.6679454248200165e-05,-0.0009340494379025
1972-03-05,0.0103746205424158,-1.1265269750254572,0.008860014900312404,5.003836274479999e-05,3.335890849659982e-05
1972-04-05,0.0103412616339193,-1.126654042034003,0.008963427516651598,-3.3358908496500944e-05,-8.339727124130093e-05
1972-05-05,0.010774927444374,-1.1250021709229063,0.009092415296171453,0.0004336658104546996,0.00046702471895120057
1972-08-05,0.0114587850685525,-1.122397297247716,0.009243308758937351,0.0006838576241785001,0.00025019181372380045
1972-09-05,0.0125429495946892,-1.1182676194699752,0.009367848683991004,0.0010841645261367005,0.0004003069019582004
1972-10-05,0.012142642692731,-1.1197924235725258,0.009453469882465388,-0.0004003069019582004,-0.001484471428094901
1972-11-05,0.012075924875738,-1.1200465575896177,0.009564666244120435,-6.671781699300015e-05,0.00033358908496520026
1972-12-05,0.012009207058745,-1.1203006916067093,0.00969587795087339,-6.671781699300015e-05,0.0
1972-01-06,0.016229108983554,-1.1042267150256564,0.009954965473529646,0.004219901924809002,0.004286619741802002
1972-02-06,0.0163458651632918,-1.1037819804957458,0.010206269250870054,0.00011675617973780014,-0.004103145745071202
1972-05-06,0.0164125829802848,-1.1035278464786542,0.01045979695544356,6.671781699299842e-05,-5.003836274480172e-05
1972-06-06,0.0177469393201454,-1.098445166136819,0.010750019459363234,0.0013343563398605998,0.0012676385228676014
1972-07-06,0.0199819861894118,-1.0899316765642455,0.011119191380057986,0.0022350468692663994,0.0009006905294057996
1972-08-06,0.0197484738299362,-1.0908211456240668,0.011485583391711364,-0.00023351235947560028,-0.0024685592287419997
1972-09-06,0.0184141174900757,-1.0959038259659015,0.011803049004236526,-0.0013343563398604992,-0.001100843980384899
1972-12-06,0.0175467858691663,-1.0992075681880944,0.01209493945358102,-0.0008673316209093992,0.00046702471895109995
1972-03-07,0.0204156519998665,-1.0882798054531493,0.012478566901290929,0.0028688661307001984,0.0037361977516095976
1972-04-07,0.0200820629149014,-1.0895504755386078,0.012850407534665407,-0.00033358908496509965,-0.003202455215665298
1972-05-07,0.0207492410848317,-1.0870091353676905,0.0132479345275822,0.0006671781699302999,0.0010007672548953996
1972-06-07,0.0207492410848317,-1.0870091353676905,0.013638233756991417,0.0,-0.0006671781699302999
1972-07-07,0.0202822163658805,-1.0887880734873325,0.014014077459385477,-0.0004670247189511971,-0.0004670247189511971
1972-10-07,0.0204823698168595,-1.0880256714360574,0.014396370550755527,0.00020015345097899873,0.0006671781699301958
1972-11-07,0.0202154985488874,-1.0890422075044246,0.014769990325916482,-0.00026687126797210123,-0.00046702471895109995
1972-12-07,0.0201487807318944,-1.0892963415215162,0.01514383249380075,-6.671781699299842e-05,0.0002001534509791028
1972-01-08,0.0229509290456016,-1.0786227128036627,0.015609745249135398,0.0028021483137072,0.0028688661307001984
1972-02-08,0.0234179537645528,-1.0768437746840205,0.016090669513293472,0.00046702471895120057,-0.0023351235947559994
1972-03-08,0.0227507755946225,-1.079385114854938,0.01654601861427089,-0.0006671781699302999,-0.0011342028888815005
1972-04-08,0.0224171865096574,-1.0806557849403966,0.0169813523701504,-0.0003335890849651031,0.0003335890849651968
1972-07-08,0.0217500083397271,-1.0831971251113142,0.017362755890627208,-0.0006671781699302999,-0.0003335890849651968
1972-08-08,0.0208159589018247,-1.0867550013505987,0.017712468448032332,-0.0009340494379023977,-0.00026687126797209776
1972-09-08,0.0201821396403909,-1.0891692745129704,0.018039385751298168,-0.0006338192614338024,0.00030023017646859523
1972-10-08,0.0212496247122794,-1.0851031302395022,0.018402997853910173,0.001067485071888502,0.0017013043333223045
1972-11-08,0.0205490876338526,-1.0877715374189656,0.018728803193559462,-0.0007005370784268009,-0.001768022150315303
1972-01-09,0.0213163425292724,-1.0848489962224106,0.019057388442250123,0.0007672548954197993,0.0014677919738466001
1972-04-09,0.0213163425292724,-1.0848489962224106,0.0193498348734029,0.0,-0.0007672548954197993
1972-05-09,0.0213830603462654,-1.084594862205319,0.019657848795187376,6.671781699300189e-05,6.671781699300189e-05
1972-06-09,0.0214164192547619,-1.0844677951967732,0.019969198607821505,3.3358908496500944e-05,-3.3358908496500944e-05
1972-07-09,0.021483137071755,-1.0842136611796813,0.02028499627492184,6.671781699309903e-05,3.335890849659809e-05
1972-08-09,0.021483137071755,-1.0842136611796813,0.020460130544528544,0.0,-6.671781699309903e-05
1972-11-09,0.0215832137972445,-1.0838324601540437,0.020634708832326966,0.00010007672548949936,0.00010007672548949936
1972-12-09,0.0213163425292724,-1.0848489962224106,0.020798167483959885,-0.00026687126797210123,-0.0003669479934616006
1972-02-10,0.0195149614704606,-1.091710614683888,0.02085710155563706,-0.0018013810588118004,-0.0015345097908396992
1972-03-10,0.0194816025619641,-1.0918376816924338,0.0208404221013888,-3.3358908496497475e-05,0.001768022150315303
1972-04-10,0.0202154985488874,-1.0890422075044246,0.020855989592020507,0.0007338959869232983,0.0007672548954197958
1972-05-10,0.0204823698168595,-1.0880256714360574,0.020924931336246632,0.00026687126797210123,-0.0004670247189511971
1972-06-10,0.0204156519998665,-1.0882798054531493,0.02102056020726997,-6.671781699300189e-05,-0.0003335890849651031
1972-09-10,0.0204156519998665,-1.0882798054531493,0.02102056020726997,0.0,6.671781699300189e-05
1972-10-10,0.020248857457384,-1.0889151404958783,0.021026120025352726,-0.00016679454248249778,-0.00016679454248249778
1972-11-10,0.0200820629149014,-1.0895504755386078,0.021003880753021717,-0.00016679454248260187,-1.0408340855860843e-16
1972-12-10,0.019865230009674,-1.0903764110941563,0.020974413717183126,-0.00021683290522740012,-5.0038362744798254e-05
1972-01-11,0.0194148847449711,-1.0920918157095254,0.020945502663152815,-0.0004503452647028998,-0.00023351235947549967
1972-02-11,0.0194148847449711,-1.0920918157095254,0.0209099198274232,0.0,0.0004503452647028998
1972-03-11,0.0195149614704606,-1.091710614683888,0.02088656859147564,0.00010007672548949936,0.00010007672548949936
1972-06-11,0.0194482436534676,-1.0919647487009796,0.02086321735552808,-6.671781699299842e-05,-0.00016679454248249778
1972-07-11,0.0193314874737298,-1.0924094832308902,0.02074256930313235,-0.00011675617973780014,-5.003836274480172e-05
1972-08-11,0.0191813723854955,-1.0929812847693465,0.02060134992383044,-0.00015011508823430109,-3.3358908496500944e-05
1972-09-11,0.0188144243920338,-1.0943790218633513,0.020470138217077487,-0.00036694799346169774,-0.00021683290522739665
1972-10-11,0.0186142709410548,-1.0951414239146262,0.020343374364790733,-0.0002001534509790022,0.00016679454248269554
1972-01-12,0.0195483203789572,-1.0915835476753417,0.020269984766098405,0.0009340494379024011,0.0011342028888814033
1972-04-12,0.0190145778430129,-1.093616619812076,0.020209938730804677,-0.0005337425359442996,-0.0014677919738467007
1972-05-12,0.0188144243920338,-1.0943790218633513,0.020164348222526107,-0.00020015345097909934,0.00033358908496520026
1972-06-12,0.0188144243920338,-1.0943790218633513,0.02008317487851792,0.0,0.00020015345097909934
1972-07-12,0.0188144243920338,-1.0943790218633513,0.02002535277045729,0.0,0.0
1972-08-12,0.0188144243920338,-1.0943790218633513,0.019941955499216006,0.0,0.0
1972-11-12,0.0186809887580478,-1.0948872898975346,0.01985411037350852,-0.0001334356339860003,-0.0001334356339860003
1972-12-12,0.0186809887580478,-1.0948872898975346,0.019764041320567933,0.0,0.0001334356339860003
1973-02-01,0.0201487807318944,-1.0892963415215162,0.019721786703139017,0.0014677919738466001,0.0014677919738466001
1973-03-01,0.0202822163658805,-1.0887880734873325,0.0196817560129432,0.00013343563398610092,-0.0013343563398604992
1973-04-01,0.0200153450979084,-1.0898046095556995,0.01963282961381498,-0.00026687126797210123,-0.00040030690195820215
1973-05-01,0.020248857457384,-1.0889151404958783,0.01958835106915296,0.00023351235947560028,0.0005003836274477015
1973-08-01,0.0201487807318944,-1.0892963415215162,0.019549432342573694,-0.00010007672548959998,-0.00033358908496520026
1973-09-01,0.0201821396403909,-1.0891692745129704,0.019571671614904706,3.3358908496497475e-05,0.00013343563398609745
1973-10-01,0.0200820629149014,-1.0895504755386078,0.019591686960002616,-0.00010007672548949936,-0.00013343563398599684
1973-11-01,0.0200987423691496,-1.0894869420343352,0.019587795087344692,1.6679454248200165e-05,0.00011675617973769953
1973-12-01,0.0201821396403909,-1.0891692745129704,0.019577787414795735,8.33972712412992e-05,6.671781699309903e-05
1973-01-02,0.0211495479867898,-1.08548433126514,0.019602250614359846,0.0009674083463989021,0.0008840110751576029
1973-02-02,0.0213497014377689,-1.0847219292138648,0.019633385595623262,0.00020015345097909934,-0.0007672548954198027
1973-05-02,0.0218167261567201,-1.0829429910942225,0.01968564788560113,0.00046702471895120057,0.00026687126797210123
1973-06-02,0.0226173399606364,-1.0798933828891217,0.019770157120458962,0.0008006138039163002,0.00033358908496509965
1973-07-02,0.0225172632351469,-1.0802745839147592,0.019858558227974724,-0.00010007672548949936,-0.0009006905294057996
1973-08-02,0.0227507755946225,-1.079385114854938,0.019969754589629775,0.00023351235947560028,0.00033358908496509965
1973-09-02,0.0221503152416852,-1.081672321008764,0.02006093560618691,-0.0006004603529373015,-0.0008339727124129018
1973-12-02,0.0224505454181539,-1.0805287179318508,0.020158788404443354,0.0003002301764686993,0.0009006905294060008
1973-01-03,0.0338926510324582,-1.0369447340006164,0.020640268650409705,0.0114421056143043,0.0111418754378356
1973-02-03,0.0342929579344163,-1.0354199298980662,0.02113898433243259,0.00040030690195810154,-0.011041798712346198
1973-05-03,0.0327584481435767,-1.0412650122911762,0.02159155352436863,-0.0015345097908395985,-0.0019348166927977
1973-06-03,0.0320912699736464,-1.0438063524620935,0.022034115043755718,-0.0006671781699303034,0.0008673316209092952
1973-07-03,0.0317576808886813,-1.0450770225475523,0.0224722287086766,-0.00033358908496509965,0.00033358908496520373
1973-08-03,0.0325916536010941,-1.0419003473339055,0.022907006482747832,0.0008339727124128046,0.0011675617973779043
1973-09-03,0.0320078727024051,-1.0441240199834583,0.023340116311394234,-0.0005837808986890042,-0.0014177536111018088
1973-12-03,0.0317576808886813,-1.0450770225475523,0.023771558194615818,-0.00025019181372380045,0.00033358908496520373
1973-02-04,0.0362611335357107,-1.0279229763938593,0.024353115166071714,0.0045034526470294,0.004753644460753201
1973-03-04,0.0367615171631584,-1.0260169712656713,0.02495135159177587,0.000500383627447698,-0.004003069019581702
1973-04-04,0.0369283117056409,-1.025381636222942,0.025555147835562772,0.00016679454248250125,-0.0003335890849651968
1973-05-04,0.0373619775160956,-1.0237297651118458,0.026177847460831034,0.0004336658104547031,0.00026687126797220184
1973-06-04,0.0372619007906061,-1.0241109661374832,0.026797211195249644,-0.00010007672548949936,-0.0005337425359442025
1973-09-04,0.0374286953330887,-1.0234756310947537,0.027373208348622786,0.0001667945424825984,0.00026687126797209776
1973-10-04,0.0374286953330887,-1.0234756310947537,0.02794475764752973,0.0,-0.0001667945424825984
1973-11-04,0.0375954898755712,-1.0228402960520246,0.028530762473451817,0.00016679454248250125,0.00016679454248250125
1973-12-04,0.0373619775160956,-1.0237297651118458,0.029101199808742206,-0.00023351235947560028,-0.00040030690195810154
1973-01-05,0.0372285418821096,-1.024238033146029,0.02967052518041605,-0.00013343563398600378,0.00010007672548959651
1973-02-05,0.0371618240651165,-1.024492167163121,0.030236514661240232,-6.671781699309903e-05,6.671781699290474e-05
1973-03-05,0.0369616706141375,-1.025254569214396,0.03079916825121477,-0.00020015345097899873,-0.0001334356339858997
1973-04-05,0.0369616706141375,-1.025254569214396,0.03136126585938103,0.0,0.00020015345097899873
1973-07-05,0.0369616706141375,-1.025254569214396,0.031920583558505924,0.0,0.0
1973-08-05,0.0376955666010608,-1.022459095026387,0.032472117512314956,0.0007338959869232983,0.0007338959869232983
1973-09-05,0.0385962571304666,-1.0190282857956485,0.033047002702071546,0.0009006905294057996,0.00016679454248250125
1973-10-05,0.0399639723788237,-1.0138185384452676,0.033651910909474995,0.0013677152483571042,0.00046702471895130465
1973-11-05,0.0412316109016913,-1.008989992120524,0.03427238660751016,0.001267638522867598,-0.0001000767254895063
1973-01-06,0.0552757113787236,-0.9554947815227118,0.03536433487896272,0.0140441004770323,0.012776461954164701
1973-04-06,0.0591119858558228,-0.9408820755399361,0.03657637522100273,0.003836274477099201,-0.010207825999933098
1973-05-06,0.0607799312806485,-0.9345287251126424,0.03786402908896817,0.0016679454248256995,-0.0021683290522735016
1973-06-06,0.0577776295159622,-0.9459647558817712,0.03904159855889511,-0.0030023017646862993,-0.004670247189511999
1973-07-06,0.0557760950061714,-0.9535887763945233,0.039771046691352216,-0.002001534509790799,0.0010007672548955002
1973-08-06,0.0549421222937585,-0.9567654516081705,0.04045935216999696,-0.0008339727124129018,0.0011675617973778973
1973-11-06,0.0537745604963805,-0.961212796907276,0.04115988924842375,-0.0011675617973780014,-0.00033358908496509965
1973-12-06,0.0549421222937585,-0.9567654516081705,0.041921584325760826,0.0011675617973780014,0.002335123594756003
1973-02-07,0.0574440404309971,-0.9472354259672298,0.042777796310504684,0.0025019181372386012,0.0013343563398605998
1973-03-07,0.0581112186009273,-0.9446940857963126,0.043628448477165786,0.0006671781699301993,-0.001834739967308402
1973-04-07,0.0591119858558228,-0.9408820755399361,0.04453191891561305,0.0010007672548955002,0.0003335890849653009
1973-05-07,0.0587783967708576,-0.9421527456253951,0.04543260944501892,-0.00033358908496520373,-0.001334356339860704
1973-06-07,0.0614471094505787,-0.9319873849417254,0.046272141975514526,0.0026687126797211025,0.0030023017646863062
1973-09-07,0.0607799312806485,-0.9345287251126424,0.04707275577943086,-0.0006671781699301993,-0.0033358908496513018
1973-10-07,0.0587783967708576,-0.9421527456253951,0.04780109194827142,-0.002001534509790903,-0.001334356339860704
1973-11-07,0.0561096840911365,-0.952318106309065,0.04842601550077278,-0.0026687126797210955,-0.0006671781699301924
1973-12-07,0.0574440404309971,-0.9472354259672298,0.04909875348878581,0.0013343563398605998,0.004003069019581695
1973-01-08,0.0551089168362411,-0.9561301165654411,0.04968809420555756,-0.002335123594756003,-0.0036694799346166027
1973-02-08,0.0541748673983387,-0.9596879928047254,0.05024629994106589,-0.0009340494379024011,0.0014010741568536017
1973-03-08,0.0541081495813457,-0.9599421268218171,0.05079672193125838,-6.671781699299495e-05,0.0008673316209094062
1973-06-08,0.0537745604963805,-0.961212796907276,0.05134380803060121,-0.00033358908496520373,-0.0002668712679722088
1973-07-08,0.0533742535944224,-0.9627376010098264,0.05188199842101163,-0.00040030690195810154,-6.67178169928978e-05
1973-08-08,0.0526069986990025,-0.9656601422063817,0.0523968375754745,-0.0007672548954198999,-0.00036694799346179835
1973-09-08,0.050105080561764,-0.975190167847322,0.05283495124039538,-0.002501918137238497,-0.0017346632418185973
1973-10-08,0.0479367515094906,-0.9834495234028037,0.05320078727024048,-0.0021683290522733975,0.00033358908496509965
1973-03-09,0.0464356006271474,-0.9891675387873682,0.053516584937340815,-0.0015011508823432052,0.0006671781699301924
1973-04-09,0.0468359075291056,-0.9876427346848177,0.053821262968275635,0.0004003069019582056,0.0019014577843014108
1973-05-09,0.0475030856990359,-0.9851013945139002,0.054118157253894614,0.0006671781699302964,0.0002668712679720908
1973-06-09,0.0471027787970777,-0.9866261986164507,0.05435611746783642,-0.0004003069019581987,-0.0010674850718884951
1973-07-09,0.0469359842545951,-0.9872615336591801,0.054546263246266546,-0.0001667945424825984,0.00023351235947560028
1973-10-09,0.04660239516963,-0.9885322037446388,0.05425715270596342,-0.00033358908496509965,-0.00016679454248250125
1973-11-09,0.0452680388297695,-0.9936148840864736,0.05379568780509499,-0.0013343563398605027,-0.001000767254895403
1973-12-09,0.0449344497448043,-0.9948855541719324,0.05326750508723351,-0.0003335890849651968,0.0010007672548953059
1973-01-10,0.0412649698101878,-1.0088629251119783,0.05271708309704103,-0.0036694799346165055,-0.0033358908496513087
1973-02-10,0.0419321479801181,-1.0063215849410607,0.05225561819617259,0.0006671781699303034,0.004336658104546809
1973-03-10,0.0428661974180204,-1.0027637087017767,0.05185308736698132,0.000934049437902297,0.0002668712679719937
1973-04-10,0.0427661206925309,-1.0031449097274143,0.05148613937351966,-0.00010007672548949936,-0.0010341261633917964
1973-05-10,0.0424325316075658,-1.0044155798128729,0.05106915301731323,-0.00033358908496509965,-0.00023351235947560028
1973-08-10,0.0439336824899089,-0.9986975644283085,0.0506188077526103,0.001501150882343101,0.0018347399673082007
1973-09-10,0.0431664275944891,-1.0016201056248637,0.05012064805239569,-0.0007672548954198027,-0.002268405777762904
1973-10-10,0.0457684224572172,-0.9917088789582855,0.04967586260577551,0.0026019948627281006,0.0033692497581479033
1973-11-10,0.0459352169996997,-0.9910735439155562,0.04924775661340357,0.00016679454248250125,-0.0024352003202455993
1973-12-10,0.044717616839577,-0.9957114897274806,0.04869010685970352,-0.001217600160122699,-0.0013843947026052003
1973-01-11,0.0414317643526703,-1.0082275900692492,0.04804516796210424,-0.0032858524869067013,-0.0020682523267840022
1973-02-11,0.0424325316075658,-1.0044155798128729,0.04750030578999452,0.0010007672548955002,0.0042866197418022015
1973-05-11,0.0420989425226006,-1.0056862498983317,0.04703328107104332,-0.0003335890849651968,-0.001334356339860697
1973-06-11,0.0420989425226006,-1.0056862498983317,0.0465217778074301,0.0,0.0003335890849651968
1973-07-11,0.0416986356206425,-1.0072110540008818,0.04607476843357682,-0.00040030690195810154,-0.00040030690195810154
1973-08-11,0.0420989425226006,-1.0056862498983317,0.04567223760438555,0.00040030690195810154,0.0008006138039162031
1973-09-11,0.0424325316075658,-1.0044155798128729,0.04528305033859289,0.0003335890849651968,-6.671781699290474e-05
1973-12-11,0.0414317643526703,-1.0082275900692492,0.04487162380046921,-0.0010007672548955002,-0.001334356339860697
1973-03-12,0.0436000934049437,-0.9999682345137675,0.044545818460819925,0.0021683290522734044,0.0031690963071689046
1973-04-12,0.0471027787970777,-0.9866261986164507,0.04436234446408909,0.0035026853921339973,0.0013343563398605929
1973-05-12,0.0467691897121126,-0.9878968687019094,0.04425114810243405,-0.00033358908496509965,-0.003836274477099097
1973-06-12,0.0472695733395603,-0.9859908635737213,0.04422890883010304,0.000500383627447698,0.0008339727124127977
1973-07-12,0.0482703405944557,-0.9821788533173452,0.044290066829013326,0.001000767254895403,0.000500383627447705
1973-10-12,0.0471027787970777,-0.9866261986164507,0.04429896253794573,-0.0011675617973780014,-0.0021683290522734044
1973-11-12,0.0462020882676718,-0.9900570078471894,0.04425559595690025,-0.0009006905294059037,0.00026687126797209776
1973-12-12,0.0461020115421823,-0.9904382088728269,0.044222237048403744,-0.00010007672548949936,0.0008006138039164043
1974-02-01,0.0544417386663108,-0.9586714567363586,0.04447242886212759,0.008339727124128504,0.008439803849618004
1974-03-01,0.0576108349734796,-0.9466000909245007,0.04483937685558925,0.0031690963071688005,-0.005170630816959704
1974-04-01,0.0557760950061714,-0.9535887763945233,0.04518964539480264,-0.0018347399673082007,-0.005003836274477001
1974-07-01,0.0577776295159622,-0.9459647558817712,0.045617751387174575,0.002001534509790799,0.003836274477099
1974-08-01,0.0611135203656136,-0.933258055027184,0.0462793697390221,0.003335890849651399,0.0013343563398605998
1974-09-01,0.0594455749407879,-0.9396114054544776,0.04686315063771109,-0.0016679454248256995,-0.005003836274477098
1974-10-01,0.0567768622610668,-0.9497767661381474,0.04732683946581264,-0.0026687126797211025,-0.001000767254895403
1974-11-01,0.0581112186009273,-0.9446940857963126,0.04783834272942585,0.0013343563398605027,0.004003069019581605
1974-01-02,0.0637822330453347,-0.9230926943435142,0.04854999944401815,0.005671014444407402,0.004336658104546899
1974-04-02,0.0657837675551256,-0.9154686738307615,0.0492783356128587,0.002001534509790903,-0.0036694799346164986
1974-05-02,0.0701204256596724,-0.898949962719798,0.050176802215031485,0.004336658104546795,0.002335123594755892
1974-06-02,0.0687860693198118,-0.9040326430616332,0.05094405711045131,-0.0013343563398606068,-0.005671014444407402
1974-07-02,0.0694532474897421,-0.9014913028907156,0.05172799146011939,0.0006671781699303103,0.002001534509790917
1974-08-02,0.0721219601694632,-0.8913259422070458,0.05264146957111559,0.0026687126797211025,0.002001534509790792
1974-11-02,0.0734563165093238,-0.8862432618652107,0.05370895464300404,0.0013343563398605929,-0.0013343563398605096
1974-12-02,0.0744570837642192,-0.8824312516088346,0.054776439714892496,0.001000767254895396,-0.0003335890849651968
1974-01-03,0.0884678253327551,-0.8290631080195678,0.05632206914189764,0.014010741568535906,0.01300997431364051
1974-04-03,0.0874670580778597,-0.832875118275944,0.05783433966040628,-0.001000767254895396,-0.015011508823431302
1974-05-03,0.0827968108883477,-0.8506644994723663,0.059204278835996445,-0.004670247189512006,-0.0036694799346166096
1974-06-03,0.083463989058278,-0.8481231593014488,0.06058311372051903,0.0006671781699302964,0.005337425359442302
1974-07-03,0.0874670580778597,-0.832875118275944,0.06208426460286216,0.004003069019581709,0.003335890849651413
1974-08-03,0.0867998799079294,-0.8354164584468615,0.0635965351213708,-0.0006671781699303103,-0.0046702471895120196
1974-11-03,0.0871334689928945,-0.834145788361403,0.06504764764096915,0.00033358908496509965,0.00100076725489541
1974-12-03,0.0854655235680688,-0.8404991387886965,0.0663264058000022,-0.0016679454248256925,-0.002001534509790792
1974-01-04,0.0928712012542949,-0.8122902628915127,0.06786313951807493,0.007405677686226103,0.009073623111051796
1974-02-04,0.0948060179470927,-0.8049203763958521,0.06944768767165935,0.0019348166927977972,-0.005470860993428306
1974-03-04,0.0964739633719184,-0.7985670259685586,0.07105447509757477,0.0016679454248256925,-0.0002668712679721047
1974-04-04,0.094305634319645,-0.8068263815240402,0.07262790361499367,-0.0021683290522733906,-0.003836274477099083
1974-05-04,0.0923040998098542,-0.8144504020367924,0.07416463733306643,-0.002001534509790806,0.00016679454248258452
1974-08-04,0.0881342362477899,-0.8303337781050267,0.07556571148992,-0.004169863562064294,-0.0021683290522734877
1974-09-04,0.0901357707575808,-0.8227097575922743,0.07675551255962902,0.0020015345097908893,0.006171398071855183
1974-10-04,0.0923040998098542,-0.8144504020367924,0.0779119547208415,0.0021683290522734044,0.00016679454248251513
1974-11-04,0.0924708943523368,-0.8138150669940629,0.07913511469904702,0.0001667945424825984,-0.002001534509790806
1974-01-05,0.0898021816726156,-0.823980427677733,0.08020259977093545,-0.0026687126797211996,-0.002835507222203798
1974-02-05,0.0899022583981052,-0.8235992266520953,0.08116222437201852,0.00010007672548960345,0.002768789405210803
1974-03-05,0.0894685925876505,-0.8252510977631917,0.08216299162691393,-0.0004336658104547031,-0.0005337425359443065
1974-06-05,0.0874670580778597,-0.832875118275944,0.08318599815414036,-0.002001534509790792,-0.001567868699336089
1974-07-05,0.0854655235680688,-0.8404991387886965,0.08409780831971174,-0.002001534509790903,-1.1102230246251565e-16
1974-08-05,0.0819628381759348,-0.8538411746860133,0.08470382849073176,-0.0035026853921339973,-0.0015011508823430941
1974-09-05,0.0876338526203422,-0.8322397832332148,0.0854321646595723,0.005671014444407402,0.009173699836541399
1974-10-05,0.0886012609667411,-0.8285548399853846,0.08604819250314126,0.0009674083463988986,-0.004703606098008503
1974-03-06,0.0804616872935917,-0.8595591900705775,0.08643737976893393,-0.008139573673149408,-0.009106982019548307
1974-04-06,0.0797945091236614,-0.862100530241495,0.08678208849006457,-0.0006671781699302964,0.007472395503219112
1974-05-06,0.084631550855656,-0.8436758140023433,0.087199074846271,0.004837041731994604,0.0055042199019249005
1974-06-06,0.0827968108883477,-0.8506644994723663,0.08751042465890513,-0.0018347399673083048,-0.006671781699302909
1974-07-06,0.0804616872935917,-0.8595591900705775,0.0877105781098842,-0.002335123594756003,-0.000500383627447698
1974-10-06,0.0817293258164593,-0.8547306437458341,0.08748596145934101,0.001267638522867598,0.0036027621176236008
1974-11-06,0.0816292490909697,-0.855111844771472,0.08729136782644467,-0.00010007672548958957,-0.0013677152483571875
1974-12-06,0.081128865463522,-0.85701784989966,0.08723576964561716,-0.000500383627447698,-0.0004003069019581085
1974-01-07,0.0721219601694632,-0.8913259422070458,0.08685770201599,-0.0090069052940588,-0.008506521666611103
1974-02-07,0.0681188911498815,-0.9065739832325507,0.08621276311839073,-0.004003069019581709,0.0050038362744770915
1974-03-07,0.0677853020649164,-0.9078446533180092,0.08557894385695695,-0.00033358908496509965,0.0036694799346166096
1974-04-07,0.0627814657904393,-0.9269047045998903,0.08476721041687511,-0.0050038362744770915,-0.004670247189511992
1974-05-07,0.0661173566400907,-0.9141980037453028,0.08412227151927584,0.003335890849651399,0.00833972712412849
1974-08-07,0.0707876038296027,-0.8964086225488805,0.08338615160511945,0.004670247189511992,0.0013343563398605929
1974-09-07,0.0737899055942889,-0.8849725917797522,0.08268561452669264,0.003002301764686202,-0.0016679454248257897
1974-10-07,0.0692864529472595,-0.9021266379334452,0.081779364179204,-0.004503452647029393,-0.0075057544117155955
1974-11-07,0.0681188911498815,-0.9065739832325507,0.08090647274021191,-0.0011675617973780084,0.003335890849651385
1974-12-07,0.0681188911498815,-0.9065739832325507,0.0801002991182128,0.0,0.0011675617973780084
1974-01-08,0.0830636821563198,-0.8496479634039993,0.07993128064849712,0.014944791006438307,0.014944791006438307
1974-02-08,0.081128865463522,-0.85701784989966,0.07963105047202852,-0.0019348166927977972,-0.016879607699236104
1974-05-08,0.0791940487707242,-0.8643877363953206,0.07919404877072418,-0.001934816692797811,-1.3877787807814457e-17
1974-06-08,0.0801280982086266,-0.8608298601560361,0.0787826222326005,0.0009340494379024011,0.0028688661307002122
1974-07-08,0.0797945091236614,-0.862100530241495,0.07844903314763536,-0.0003335890849651968,-0.001267638522867598
1974-08-08,0.0781265636988357,-0.8684538806687887,0.07805650999099305,-0.0016679454248257064,-0.0013343563398605096
1974-09-08,0.0796277145811789,-0.8627358652842242,0.07772848072411068,0.0015011508823432052,0.0031690963071689116
1974-12-08,0.0782933582413183,-0.8678185456260592,0.07742269072955928,-0.0013343563398605929,-0.002835507222203798
1974-02-09,0.0824632218033826,-0.8519351695578249,0.07732261400406974,0.004169863562064294,0.005504219901924887
1974-03-09,0.0819628381759348,-0.8538411746860133,0.07732261400406974,-0.0005003836274477952,-0.004670247189512089
1974-04-09,0.0813957367314941,-0.8560013138312931,0.07711467680777481,-0.0005671014444407069,-6.671781699291168e-05
1974-05-09,0.0817960436334523,-0.8544765097287425,0.07688783622999851,0.0004003069019582056,0.0009674083463989125
1974-06-09,0.0814624545484871,-0.8557471798142013,0.07692119513849503,-0.0003335890849651968,-0.0007338959869234024
1974-09-09,0.0804616872935917,-0.8595591900705775,0.07694343441082603,-0.00100076725489541,-0.0006671781699302132
1974-10-09,0.0797945091236614,-0.862100530241495,0.07678219968642622,-0.0006671781699302964,0.0003335890849651135
1974-11-09,0.078727024051773,-0.8661666745149628,0.07664654012520705,-0.001067485071888405,-0.0004003069019581085
1974-12-09,0.0797277913066684,-0.8623546642585866,0.07662207692564295,0.00100076725489541,0.002068252326783815
1974-01-10,0.0806284818360743,-0.8589238550278481,0.07658538212629679,0.0009006905294058898,-0.00010007672548952018
1974-02-10,0.0794609200386963,-0.8633712003269536,0.07651310449122102,-0.0011675617973779945,-0.0020682523267838843
1974-03-10,0.0805617640190813,-0.8591779890449397,0.07649420110973965,0.0011008439803849995,0.002268405777762994
1974-04-10,0.0827968108883477,-0.8506644994723663,0.0768500294670358,0.0022350468692663994,0.0011342028888813999
1974-07-10,0.0817960436334523,-0.8544765097287425,0.07730593454982149,-0.001000767254895396,-0.0032358141241617955
1974-08-10,0.0801948160256196,-0.8605757261389444,0.07771958501517826,-0.0016012276078326976,-0.0006004603529373015
1974-09-10,0.0805951229275778,-0.8590509220363938,0.0783133735864162,0.00040030690195819174,0.0020015345097908893
1974-10-10,0.0822964272609,-0.8525705046005544,0.07885267594044319,0.0017013043333222039,0.0013009974313640121
1974-11-10,0.0814624545484871,-0.8557471798142013,0.07920850429773933,-0.0008339727124128948,-0.0025352770457350987
1974-01-11,0.0886346198752377,-0.8284277729768383,0.0797033281071043,0.007172165326750593,0.008006138039163488
1974-04-11,0.0896353871301331,-0.8246157627204622,0.0803816259132001,0.001000767254895396,-0.006171398071855197
1974-05-11,0.0926376888948193,-0.8131797319513339,0.08119891917136468,0.003002301764686202,0.002001534509790806
1974-06-11,0.095473196117023,-0.8023790362249347,0.08211072933693606,0.002835507222203701,-0.00016679454248250125
1974-07-11,0.0949728124895753,-0.8042850413531227,0.08250770034804458,-0.000500383627447698,-0.003335890849651399
1974-08-11,0.0988090869666744,-0.7896723353703473,0.08309704106481633,0.003836274477099097,0.004336658104546795
1974-11-11,0.0981419087967441,-0.7922136755412648,0.083728636399017,-0.0006671781699302964,-0.004503452647029393
1974-12-11,0.0968075524568836,-0.7972963558830994,0.08428461820729222,-0.0013343563398604957,-0.0006671781699301993
1974-02-12,0.1006438269339827,-0.782683649900324,0.08497959546763627,0.003836274477099097,0.005170630816959593
1974-03-12,0.0988090869666744,-0.7896723353703473,0.08566901290989756,-0.0018347399673083048,-0.005671014444407402
1974-04-12,0.0929712779797845,-0.8119090618658749,0.08611379835651774,-0.005837808986889903,-0.004003069019581598
1974-05-12,0.0958067852019882,-0.8011083661394756,0.08669757925520673,0.002835507222203701,0.008673316209093604
1974-06-12,0.0974080128098208,-0.795009149729274,0.08719573895542135,0.0016012276078326004,-0.0012342796143711005
1974-09-12,0.0971411415418487,-0.7960256857976409,0.0877016824009518,-0.0002668712679720908,-0.0018680988758046913
1974-10-12,0.095473196117023,-0.8023790362249347,0.08817093104713611,-0.0016679454248257064,-0.0014010741568536156
1974-11-12,0.0933048670647496,-0.8106383917804163,0.08855455849484602,-0.0021683290522734044,-0.000500383627447698
1974-12-12,0.0939720452346799,-0.8080970516094989,0.08897154485105244,0.0006671781699303103,0.0028355072222037148
1975-02-01,0.0934716616072322,-0.8100030567376868,0.08940521066150713,-0.000500383627447698,-0.0011675617973780084
1975-03-01,0.0928044834373019,-0.8125443969086044,0.0898388764719618,-0.0006671781699303103,-0.00016679454248261227
1975-06-01,0.0924708943523368,-0.8138150669940629,0.0902970054819806,-0.00033358908496509965,0.00033358908496521067
1975-07-01,0.0898021816726156,-0.823980427677733,0.09063281849417885,-0.0026687126797211996,-0.0023351235947561
1975-08-01,0.0968075524568836,-0.7972963558830994,0.09117212084820582,0.0070053707842680085,0.009674083463989208
1975-09-01,0.0961403742869533,-0.7998376960540171,0.09172810265648104,-0.0006671781699303103,-0.007672548954198319
1975-10-01,0.0949728124895753,-0.8042850413531227,0.09220847093883085,-0.0011675617973779945,-0.0005003836274476842
1975-03-02,0.094305634319645,-0.8068263815240402,0.09259209838654076,-0.0006671781699302964,0.000500383627447698
1975-04-02,0.0929712779797845,-0.8119090618658749,0.09296460619808516,-0.0013343563398605096,-0.0006671781699302132
1975-05-02,0.0934716616072322,-0.8100030567376868,0.09340716771747225,0.0005003836274477119,0.0018347399673082215
1975-06-02,0.0924041765353437,-0.8140692010111549,0.09380080283773112,-0.001067485071888502,-0.001567868699336214
1975-07-02,0.093138072522267,-0.8112737268231458,0.09416219101311002,0.0007338959869232914,0.0018013810588117934
1975-10-02,0.0928044834373019,-0.8125443969086044,0.09454025864273717,-0.00033358908496509965,-0.001067485071888391
1975-11-02,0.093138072522267,-0.8112737268231458,0.09469037373097149,0.00033358908496509965,0.0006671781699301993
1975-12-02,0.0934049437902392,-0.8102571907547784,0.09481602561964168,0.00026687126797220184,-6.67178169928978e-05
1975-03-03,0.0980418320712546,-0.7925948765669022,0.09499616372552286,0.004636888281015397,0.004370017013043195
1975-04-03,0.096640757914401,-0.797931690925829,0.09503508245210214,-0.0014010741568536017,-0.006037962437868999
1975-05-03,0.0958067852019882,-0.8011083661394756,0.0950628815425159,-0.0008339727124127977,0.000567101444440804
1975-06-03,0.0971411415418487,-0.7960256857976409,0.09500728336168837,0.0013343563398605096,0.0021683290522733073
1975-07-03,0.095473196117023,-0.8023790362249347,0.09491832627236434,-0.0016679454248257064,-0.003002301764686216
1975-10-03,0.094305634319645,-0.8068263815240402,0.09483492900112304,-0.0011675617973779945,0.0005003836274477119
1975-11-03,0.0960736564699603,-0.8000918300711087,0.09468258998565562,0.001768022150315296,0.0029355839476932905
1975-12-03,0.0951396070320579,-0.8036497063103931,0.09456027398783508,-0.0009340494379024011,-0.002702071588217697
1975-01-04,0.0949728124895753,-0.8042850413531227,0.09462699180482811,-0.0001667945424825984,0.0007672548954198027
1975-02-04,0.0949728124895753,-0.8042850413531227,0.09459919271441435,0.0,0.0001667945424825984
1975-03-04,0.0938719685091903,-0.8084782526351366,0.09448132457106001,-0.0011008439803849995,-0.0011008439803849995
1975-04-04,0.0925709710778263,-0.8134338659684255,0.09432898555559259,-0.0013009974313639983,-0.00020015345097899873
1975-07-04,0.0918704339993995,-0.816102273147889,0.09420889348500514,-0.0007005370784268078,0.0006004603529371905
1975-08-04,0.0928044834373019,-0.8125443969086044,0.09419221403075688,0.0009340494379024011,0.001634586516329209
1975-09-04,0.0922040230843646,-0.8148316030624303,0.0941332799590797,-0.0006004603529373015,-0.0015345097908397026
1975-10-04,0.0918037161824065,-0.8163564071649805,0.09407768177825218,-0.0004003069019580946,0.0002001534509792069
1975-11-04,0.0914034092804483,-0.8178812112675311,0.09403097930635705,-0.0004003069019582056,-1.1102230246251565e-16
1975-01-05,0.0874670580778597,-0.832875118275944,0.0938641847638745,-0.003936351202588589,-0.0035360443006303838
1975-02-05,0.0871334689928945,-0.834145788361403,0.09377522767455045,-0.00033358908496521067,0.0036027621176233787
1975-05-05,0.085799112653034,-0.8392284687032376,0.09340827968108881,-0.0013343563398604957,-0.001000767254895285
1975-06-05,0.0861327017379991,-0.8379577986177791,0.09307469059612367,0.00033358908496509965,0.0016679454248255954
1975-07-05,0.086966674450412,-0.8347811234041319,0.09280781932815156,0.0008339727124128948,0.0005003836274477952
1975-08-05,0.0876338526203422,-0.8322397832332148,0.09258542660484145,0.0006671781699302132,-0.00016679454248268166
1975-09-05,0.0873002635353771,-0.8335104533186733,0.09239639279002788,-0.00033358908496509965,-0.0010007672548953128
1975-12-05,0.0870667511759015,-0.8343999223784945,0.09218289577565018,-0.00023351235947560722,0.00010007672548949242
1975-02-06,0.084631550855656,-0.8436758140023433,0.09192380825299391,-0.0024352003202454953,-0.002201687960769888
1975-03-06,0.086966674450412,-0.8347811234041319,0.09171809498393209,0.002335123594755989,0.004770323915001484
1975-04-06,0.0873002635353771,-0.8335104533186733,0.09153462098720126,0.0003335890849651135,-0.0020015345097908754
1975-05-06,0.0864662908229642,-0.8366871285323204,0.09131222826389117,-0.0008339727124129087,-0.0011675617973780222
1975-06-06,0.086966674450412,-0.8347811234041319,0.09109761928589695,0.0005003836274477952,0.001334356339860704
1975-09-06,0.087033392267405,-0.8345269893870403,0.09073067129243527,6.671781699300883e-05,-0.00043366581045478636
1975-10-06,0.0874003402608666,-0.8331292522930359,0.0904226573706508,0.0003669479934615971,0.0003002301764685883
1975-11-06,0.0866330853654468,-0.836051793489591,0.09011686737609942,-0.0007672548954198027,-0.0011342028888813999
1975-12-06,0.0871334689928945,-0.834145788361403,0.08978327829113428,0.000500383627447698,0.0012676385228675008
1975-01-07,0.0878006471628248,-0.8316044481904853,0.08952752665932767,0.0006671781699303103,0.00016679454248261227
1975-02-07,0.0867998799079294,-0.8354164584468615,0.08927733484560382,-0.00100076725489541,-0.0016679454248257203
1975-03-07,0.0861327017379991,-0.8379577986177791,0.08894596968787179,-0.0006671781699302964,0.0003335890849651135
1975-04-07,0.0862994962804817,-0.8373224635750496,0.08865129932948591,0.0001667945424825984,0.0008339727124128948
1975-07-07,0.0851319344831037,-0.8417698088741552,0.08832327006260351,-0.0011675617973779945,-0.0013343563398605929
1975-08-07,0.0861327017379991,-0.8379577986177791,0.08802859970421766,0.001000767254895396,0.0021683290522733906
1975-09-07,0.0873669813523701,-0.8332563193015818,0.0878117667989903,0.0012342796143710033,0.00023351235947560722
1975-10-07,0.0856323181105514,-0.8398638037459671,0.08758047836674782,-0.0017346632418187014,-0.0029689428561897047
1975-11-07,0.0870000333589085,-0.8346540563955862,0.08741813167873144,0.0013677152483571042,0.0031023784901758056
1975-01-08,0.0879674417053074,-0.8309691131477559,0.08725689695433163,0.0009674083463988986,-0.0004003069019582056
1975-04-08,0.0878006471628248,-0.8316044481904853,0.08711011775694696,-0.0001667945424825984,-0.001134202888881497
1975-05-08,0.0875004169863562,-0.8327480512673981,0.08696667445041197,-0.00030023017646860217,-0.00013343563398600378
1975-06-08,0.0866998031824398,-0.8357976594724993,0.08680988758047835,-0.0008006138039163974,-0.0005003836274477952
1975-07-08,0.0870000333589085,-0.8346540563955862,0.08679432008984664,0.0003002301764686993,0.0011008439803850967
1975-08-08,0.0863662140974747,-0.837068329557958,0.08676874492666599,-0.000633819261433799,-0.0009340494379024983
1975-11-08,0.0847316275811455,-0.8432946129767057,0.08673316209093636,-0.001634586516329209,-0.00100076725489541
1975-12-08,0.085799112653034,-0.8392284687032376,0.08672204245477086,0.001067485071888502,0.002702071588217711
1975-01-09,0.0801280982086266,-0.8608298601560361,0.086494089913378,-0.005671014444407402,-0.006738499516295904
1975-02-09,0.0762918237315275,-0.8754425661388116,0.08611602228375086,-0.003836274477099097,0.0018347399673083048
1975-03-09,0.0770257197184508,-0.8726470919508024,0.08577353748985331,0.0007338959869233053,0.004570170464022402
1975-04-09,0.0789605364112486,-0.8652772054551416,0.08550333033103154,0.0019348166927977972,0.001200920705874492
1975-05-09,0.0789605364112486,-0.8652772054551416,0.08531429651621797,0.0,-0.0019348166927977972
1975-08-09,0.0782933582413183,-0.8678185456260592,0.08502518597591484,-0.0006671781699302964,-0.0006671781699302964
1975-09-09,0.0757914401040798,-0.8773485712669996,0.08464155852820494,-0.002501918137238504,-0.0018347399673082077
1975-10-09,0.0767254895419822,-0.873790695027715,0.08431686515217221,0.0009340494379024011,0.0034359675751409052
1975-11-09,0.075224338659639,-0.8795087104122796,0.08392545395914644,-0.0015011508823432052,-0.0024352003202456063
1975-12-09,0.0754578510191146,-0.8786192413524584,0.08353960258420343,0.00023351235947560722,0.0017346632418188124
1975-01-10,0.0724555492544284,-0.8900552721215869,0.0830414428839888,-0.003002301764686202,-0.0032358141241618094
1975-02-10,0.0732228041498482,-0.8871327309250318,0.08259443351013554,0.0007672548954198027,0.003769556660106005
1975-03-10,0.0693865296727491,-0.9017454369078072,0.08200286886613069,-0.003836274477099111,-0.004603529372518914
1975-06-10,0.0706208092871201,-0.8970439575916099,0.08143020760360718,0.0012342796143710033,0.005070554091470114
1975-07-10,0.0717883710844981,-0.8925966122925044,0.08092982397615948,0.0011675617973780084,-6.671781699299495e-05
1975-08-10,0.0696534009407212,-0.9007289008394403,0.08038051394958355,-0.002134970143776907,-0.0033025319411549153
1975-09-10,0.0701204256596724,-0.898949962719798,0.07984121159555656,0.00046702471895120057,0.0026019948627281075
1975-10-10,0.0716215765420155,-0.8932319473352338,0.07939086633085364,0.0015011508823430941,0.0010341261633918936
1975-03-11,0.0722887547119458,-0.8906906071643164,0.0789294014299852,0.0006671781699303103,-0.0008339727124127838
1975-04-11,0.0727891383393935,-0.8887846020361283,0.07844347332955265,0.000500383627447698,-0.00016679454248261227
1975-05-11,0.074056776862261,-0.8839560557113852,0.07805762195460962,0.0012676385228675008,0.0007672548954198027
1975-06-11,0.074056776862261,-0.8839560557113852,0.07762618007138804,0.0,-0.0012676385228675008
1975-07-11,0.0731894452413517,-0.8872597979335778,0.07713358018925619,-0.000867331620909309,-0.000867331620909309
1975-10-11,0.0729225739733795,-0.888276334001945,0.07663764441627467,-0.00026687126797218796,0.0006004603529371211
1975-11-11,0.0729559328818761,-0.8881492669933988,0.07615282827945867,3.335890849659462e-05,0.0003002301764687826
1975-12-11,0.072689061613904,-0.8891658030617658,0.07568580356050747,-0.0002668712679721047,-0.0003002301764686993
1975-01-12,0.0687193515028188,-0.9042867770787247,0.07507644749863783,-0.003969710111085198,-0.003702838843113093
1975-02-12,0.0696534009407212,-0.9007289008394403,0.07451935372674603,0.0009340494379024011,0.004903759548987599
1975-03-12,0.0697534776662107,-0.9003476998138028,0.07402008206291488,0.0001000767254895063,-0.0008339727124128948
1975-04-12,0.0693531707642526,-0.9018725039163531,0.0734718839999555,-0.0004003069019581085,-0.0005003836274476148
1975-05-12,0.0687860693198118,-0.9040326430616332,0.07309381637032834,-0.000567101444440804,-0.00016679454248269554
1975-08-12,0.0682856856923641,-0.9059386481898212,0.07282694510235622,-0.000500383627447698,6.671781699310597e-05
1975-09-12,0.0682856856923641,-0.9059386481898212,0.07253561063482002,0.0,0.000500383627447698
1975-10-12,0.0697201187577142,-0.9004747668223487,0.07222759671303552,0.0014344330653500992,0.0014344330653500992
1975-11-12,0.0702538612936584,-0.8984416946856147,0.07193737420911585,0.0005337425359442094,-0.0009006905294058898
1975-12-12,0.069253094038763,-0.9022537049419909,0.07163603206903066,-0.00100076725489541,-0.0015345097908396194
1976-02-01,0.070353938019148,-0.898060493659977,0.07145478199953294,0.0011008439803849995,0.0021016112352804095
1976-05-01,0.06918637622177,-0.9025078389590826,0.07120347822219254,-0.0011675617973779945,-0.002268405777762994
1976-06-01,0.0694532474897421,-0.9014913028907156,0.0710111085165293,0.0002668712679721047,0.0014344330653500992
1976-07-01,0.0690195816792874,-0.903143174001812,0.07079649953853506,-0.0004336658104547031,-0.0007005370784268078
1976-08-01,0.0673182773459652,-0.9096235914376516,0.07062525714158631,-0.0017013043333222039,-0.0012676385228675008
1976-09-01,0.0678186609734129,-0.9077175863094635,0.07044511903570512,0.000500383627447698,0.002201687960769902
1976-12-01,0.0678853787904059,-0.9074634522923718,0.07039508067296034,6.671781699300883e-05,-0.0004336658104546892
1976-02-02,0.0637155152283417,-0.9233468283606059,0.0701649042043344,-0.0041698635620642105,-0.004236581379057219
1976-03-02,0.0645828468492511,-0.920043086138413,0.06992472006315949,0.0008673316209094062,0.005037195182973617
1976-04-02,0.063281849417887,-0.9249986994717022,0.06971233501239835,-0.0013009974313640954,-0.0021683290522735016
1976-05-02,0.0626146712479567,-0.9275400396426198,0.06946214319867451,-0.0006671781699303103,0.0006338192614337851
1976-06-02,0.0638489508623278,-0.9228385603264222,0.06920305567601823,0.0012342796143711005,0.0019014577843014108
1976-09-02,0.0635153617773626,-0.924109230411881,0.06891060924486547,-0.0003335890849651968,-0.0015678686993362972
1976-10-02,0.0631150548754044,-0.9256340345144316,0.06858813979606583,-0.00040030690195819174,-6.671781699299495e-05
1976-11-02,0.0640157454048103,-0.9222032252836929,0.06825343874748414,0.0009006905294058898,0.0013009974313640815
1976-12-02,0.064315975581279,-0.9210596222067798,0.06792874537145141,0.0003002301764686993,-0.0006004603529371905
1976-01-03,0.0649831537512092,-0.9185182820358627,0.06765520232177999,0.0006671781699301993,0.0003669479934615
1976-02-03,0.064382693398272,-0.9208054881896881,0.06737053963594307,-0.0006004603529371905,-0.0012676385228673898
1976-03-03,0.0649497948427127,-0.9186453490444086,0.06710366836797096,0.000567101444440693,0.0011675617973778835
1976-04-03,0.0649497948427127,-0.9186453490444086,0.06684569280893125,0.0,-0.000567101444440693
1976-05-03,0.0659172031891116,-0.9149604057965782,0.06675228786514101,0.0009674083463988986,0.0009674083463988986
1976-08-03,0.0652833839276779,-0.9173746789589495,0.0666066206313729,-0.0006338192614337018,-0.0016012276078326004
1976-09-03,0.0653834606531674,-0.9169934779333121,0.06646095339760479,0.0001000767254895063,0.0007338959869232081
1976-10-03,0.0660506388230977,-0.9144521377623945,0.0663508689995663,0.0006671781699302964,0.0005671014444407901
1976-11-03,0.0658838442806151,-0.915087472805124,0.0662541281649264,-0.0001667945424825984,-0.0008339727124128948
1976-12-03,0.065683690829636,-0.9158498748563993,0.06616739500283547,-0.00020015345097909587,-3.3358908496497475e-05
1976-01-04,0.0629149014244253,-0.926396436565707,0.06598836886057084,-0.002768789405210706,-0.00256863595423161
1976-02-04,0.0628481836074323,-0.9266505705827986,0.06575930435556145,-6.671781699299495e-05,0.002702071588217711
1976-05-04,0.0616139039930613,-0.9313520498989959,0.06547130577887487,-0.0012342796143710033,-0.0011675617973780084
1976-06-04,0.0623144410714881,-0.9286836427195325,0.06524001734663237,0.0007005370784268009,0.0019348166927978042
1976-07-04,0.0619141341695299,-0.930208446822083,0.0649586905516451,-0.0004003069019581987,-0.0011008439803849995
1976-08-04,0.0622477232544951,-0.9289377767366241,0.06472740211940262,0.00033358908496520373,0.0007338959869234024
1976-09-04,0.0619141341695299,-0.930208446822083,0.06447609834206221,-0.00033358908496520373,-0.0006671781699304075
1976-12-04,0.0615805450845648,-0.9314791169075417,0.06422813045557145,-0.00033358908496509965,1.0408340855860843e-16
1976-03-05,0.0623477999799846,-0.9285565757109866,0.06406244787670543,0.0007672548954198027,0.0011008439803849024
1976-04-05,0.0619474930780264,-0.9300813798135373,0.06386674228019254,-0.0004003069019582056,-0.0011675617973780084
1976-05-05,0.0616139039930613,-0.9313520498989959,0.06365769312028106,-0.00033358908496509965,6.671781699310597e-05
1976-06-05,0.0613803916335857,-0.932241518958817,0.06357985566712253,-0.00023351235947560028,0.00010007672548949936
1976-07-05,0.0622810821629916,-0.9288107097280782,0.06350313017758055,0.0009006905294059037,0.001134202888881504
1976-10-05,0.0624145177969776,-0.9283024416938951,0.06347421912355024,0.00013343563398599684,-0.0007672548954199068
1976-11-05,0.0620142108950195,-0.9298272457964452,0.06345420377845232,-0.0004003069019580946,-0.0005337425359440914
1976-12-05,0.062047569803516,-0.9297001787878995,0.0633941577431586,3.3358908496497475e-05,0.00043366581045459207
1976-01-06,0.0612135970911031,-0.9328768540015464,0.0633174322536166,-0.0008339727124129018,-0.0008673316209093992
1976-02-06,0.0613803916335857,-0.932241518958817,0.06325961014555599,0.0001667945424825984,0.0010007672548955002
1976-03-06,0.0615805450845648,-0.9314791169075417,0.0631784368015478,0.0002001534509791028,3.3358908496504414e-05
1976-04-06,0.0611802381826066,-0.9330039210100923,0.06307391222159206,-0.0004003069019581987,-0.0006004603529373015
1976-07-06,0.0615138272675718,-0.9317332509246333,0.06295826800547082,0.0003335890849651968,0.0007338959869233955
1976-08-06,0.0617139807185509,-0.930970848873358,0.06286931091614678,0.0002001534509791028,-0.00013343563398609398
1976-09-06,0.0614471094505787,-0.9319873849417254,0.06275255473640898,-0.00026687126797220184,-0.00046702471895130465
1976-10-06,0.0612135970911031,-0.9328768540015464,0.06262801481135533,-0.00023351235947560028,3.335890849660156e-05
1976-11-06,0.0604463421956833,-0.9357993951981015,0.06244565277824105,-0.0007672548954197958,-0.0005337425359441955
1976-01-07,0.0587116789538646,-0.9424068796424868,0.0622265959457806,-0.0017346632418187014,-0.0009674083463989055
1976-02-07,0.0589451913133402,-0.9415174105826657,0.06201198696778636,0.00023351235947560028,0.0019681756012943016
1976-05-07,0.0588784734963472,-0.9417715445997573,0.06177291479022802,-6.671781699300189e-05,-0.00030023017646860217
1976-06-07,0.0589785502218367,-0.9413903435741198,0.061542738321602064,0.00010007672548949936,0.00016679454248250125
1976-07-07,0.0589785502218367,-0.9413903435741198,0.061319233634675424,0.0,-0.00010007672548949936
1976-08-07,0.0588451145878506,-0.9418986116083035,0.06118357407345627,-0.00013343563398610092,-0.00013343563398610092
1976-09-07,0.0584448076858925,-0.9434234157108536,0.06103679487607161,-0.00040030690195810154,-0.0002668712679720006
1976-12-07,0.0580111418754378,-0.9450752868219501,0.060916702805484155,-0.00043366581045469615,-3.335890849659462e-05
1976-02-08,0.0513727190846315,-0.970361621522579,0.0605519787392556,-0.0066384227908063,-0.006204756980351604
1976-03-08,0.0511725656336524,-0.9711240235738542,0.060193926454726356,-0.0002001534509791028,0.006438269339827198
1976-04-08,0.0523734863395269,-0.9665496112662029,0.05986478522422742,0.0012009207058745058,0.0014010741568536086
1976-05-08,0.0518397438035827,-0.9685826834029367,0.05952897221202918,-0.0005337425359442025,-0.0017346632418187083
1976-06-08,0.0519731794375688,-0.968074415368753,0.05920872669046264,0.00013343563398610092,0.0006671781699303034
1976-09-08,0.0519064616205757,-0.968328549385845,0.05886068207848235,-6.671781699309903e-05,-0.00020015345097919995
1976-10-08,0.0523734863395269,-0.9665496112662029,0.058541548520532366,0.00046702471895120057,0.0005337425359442996
1976-11-08,0.0524735630650165,-0.966168410240565,0.05823687048959754,0.00010007672548959651,-0.00036694799346160406
1976-12-08,0.0522400507055409,-0.9670578793003861,0.05793219245866272,-0.00023351235947560028,-0.0003335890849651968
1976-01-09,0.0472362144310638,-0.986117930582267,0.05743069686759845,-0.005003836274477098,-0.004770323915001498
1976-02-09,0.0475030856990359,-0.9851013945139002,0.056933649131000394,0.00026687126797209776,0.005270707542449196
1976-03-09,0.0483704173199453,-0.9817976522917073,0.05647885601183125,0.0008673316209093992,0.0006004603529373015
1976-06-09,0.0525402808820095,-0.9659142762234733,0.056161946381114373,0.0041698635620642036,0.0033025319411548043
1976-07-09,0.0506054641892117,-0.973284162719134,0.055808341951051325,-0.0019348166927978042,-0.006104680254862008
1976-08-09,0.0511725656336524,-0.9711240235738542,0.055468081084386875,0.0005671014444406999,0.002501918137238504
1976-09-09,0.0514394369016245,-0.9701074875054873,0.055130044144955544,0.0002668712679721047,-0.00030023017646859523
1976-10-09,0.0539079961303666,-0.9607045288730923,0.05488763607654754,0.002468559228742097,0.002201687960769992
1976-01-10,0.0541081495813457,-0.9599421268218171,0.05464078015367333,0.0002001534509791028,-0.002268405777762994
1976-04-10,0.0530073056009607,-0.9641353381038312,0.054350557649753654,-0.0011008439803849995,-0.0013009974313641023
1976-05-10,0.0530740234179537,-0.9638812040867395,0.05407145478199949,6.671781699299495e-05,0.0011675617973779945
1976-06-10,0.0536077659538979,-0.9618481319500056,0.053817927077425984,0.0005337425359442025,0.0004670247189512075
1976-07-10,0.0537745604963805,-0.961212796907276,0.0535955343541159,0.0001667945424825984,-0.00036694799346160406
1976-08-10,0.0527737932414851,-0.9650248071636521,0.05339760483036991,-0.001000767254895396,-0.0011675617973779945
1976-11-10,0.0531073823264502,-0.9637541370781937,0.05320301119747358,0.00033358908496509965,0.0013343563398604957
1976-12-10,0.0532408179604363,-0.96324586904401,0.053015089346276544,0.00013343563398610092,-0.00020015345097899873
1976-01-11,0.0585115255028855,-0.943169281693762,0.05299952185564484,0.005270707542449196,0.005137271908463095
1976-02-11,0.0584448076858925,-0.9434234157108536,0.05298173043778003,-6.671781699300189e-05,-0.005337425359442198
1976-03-11,0.0606798545551589,-0.9349099261382804,0.05304288843669032,0.0022350468692664063,0.0023017646862594082
1976-04-11,0.0594455749407879,-0.9396114054544776,0.053076247345186824,-0.0012342796143710033,-0.0034693264836374096
1976-05-11,0.0614471094505787,-0.9319873849417254,0.053190779597691515,0.002001534509790799,0.0032358141241618024
1976-08-11,0.064449411215265,-0.9205513541725966,0.05362666933537931,0.0030023017646862993,0.0010007672548955002
1976-09-11,0.0638155919538312,-0.9229656273349683,0.054048103546051926,-0.000633819261433799,-0.0036361210261200982
1976-10-11,0.0676185075224338,-0.9084799883607387,0.05455627091881549,0.0038029155686025995,0.0044367348300363985
1976-11-11,0.0655836141041465,-0.9162310758820369,0.055014399928834286,-0.0020348934182873035,-0.005837808986889903
1976-12-11,0.0671848417119791,-0.9101318594718353,0.05552145533798129,0.0016012276078326004,0.003636121026119904
1976-01-12,0.0637822330453347,-0.9230926943435142,0.05591731438547327,-0.003402608666644394,-0.005003836274476994
1976-02-12,0.0640157454048103,-0.9222032252836929,0.05630538968764938,0.00023351235947559335,0.0036361210261199872
1976-03-12,0.0641491810387964,-0.9216949572495093,0.05669457695344204,0.00013343563398610092,-0.00010007672548949242
1976-06-12,0.0661173566400907,-0.9141980037453028,0.057157153817927034,0.0019681756012943086,0.0018347399673082077
1976-07-12,0.0666844580845314,-0.9120378646000233,0.057805428606375955,0.000567101444440693,-0.0014010741568536156
1976-08-12,0.0672182006204757,-0.9100047924632889,0.058462599103757285,0.0005337425359443065,-3.335890849638645e-05
1976-09-12,0.0677853020649164,-0.9078446533180092,0.05910976192858965,0.000567101444440693,3.335890849638645e-05
1976-10-12,0.0685525569603362,-0.9049221121214543,0.05964350446453388,0.0007672548954198027,0.00020015345097910975
1977-04-01,0.0672515595289722,-0.9098777254547431,0.06019837430919255,-0.0013009974313639983,-0.002068252326783801
1977-05-01,0.0654835373786569,-0.9166122769076746,0.06067540670069271,-0.001768022150315296,-0.0004670247189512977
1977-06-01,0.0651833072021883,-0.9177558799845874,0.06113353571071149,-0.00030023017646860217,0.0014677919738466938
1977-07-01,0.0653167428361744,-0.9172476119504038,0.061513827267571757,0.00013343563398610092,0.0004336658104547031
1977-10-01,0.0641158221302999,-0.9218220242580552,0.061847416352536905,-0.0012009207058745058,-0.0013343563398606068
1977-11-01,0.063281849417887,-0.9249986994717022,0.06218990114643444,-0.0008339727124128948,0.000366947993461611
1977-12-01,0.0637822330453347,-0.9230926943435142,0.06254684146734715,0.000500383627447698,0.0013343563398605929
1977-01-02,0.0651833072021883,-0.9177558799845874,0.06293269284229015,0.0014010741568536017,0.0009006905294059037
1977-02-02,0.0648497181172232,-0.919026550070046,0.06330186476298491,-0.00033358908496509965,-0.0017346632418187014
1977-03-02,0.0654501784701604,-0.9167393439162206,0.06372441093727409,0.0006004603529371905,0.0009340494379022901
1977-04-02,0.0650832304766988,-0.918137081010225,0.0641236058756157,-0.0003669479934615971,-0.0009674083463987876
1977-07-02,0.0662841511825733,-0.9135626687025734,0.06455838364968694,0.0012009207058745058,0.001567868699336103
1977-08-02,0.0665843813590419,-0.9124190656256607,0.06482747884489216,0.00030023017646860217,-0.0009006905294059037
1977-09-02,0.0675184307969443,-0.9088611893863762,0.06512993294859389,0.0009340494379024011,0.000633819261433799
1977-10-02,0.0673516362544617,-0.9094965244291057,0.06535232567190398,-0.00016679454248261227,-0.0011008439803850134
1977-11-02,0.066784534810021,-0.9116566635743854,0.06559695766754509,-0.000567101444440693,-0.0004003069019580807
1977-01-03,0.0710544750975748,-0.8953920864805136,0.06591720318911162,0.0042699402875538,0.004837041731994493
1977-02-03,0.0734896754178203,-0.8861161948566649,0.0662185453291968,0.0024352003202454953,-0.0018347399673083048
1977-03-03,0.0732561630583447,-0.887005663916486,0.06653323103268058,-0.00023351235947559335,-0.0026687126797210886
1977-04-03,0.0737231877772959,-0.8852267257968437,0.06673672037450931,0.00046702471895120057,0.0007005370784267939
1977-07-03,0.0756580044700937,-0.8778568393011833,0.06707253338670754,0.0019348166927977972,0.0014677919738465967
1977-08-03,0.0756246455615972,-0.877983906309729,0.06735386018169481,-3.3358908496497475e-05,-0.0019681756012942947
1977-09-03,0.074056776862261,-0.8839560557113852,0.06769634497559236,-0.0015678686993362,-0.0015345097908397026
1977-10-03,0.0748240317576809,-0.8810335145148298,0.06805662118735473,0.0007672548954198999,0.0023351235947561
1977-11-03,0.0743236481302331,-0.8829395196430183,0.06839577009040261,-0.0005003836274478091,-0.001267638522867709
1977-01-04,0.0756580044700937,-0.8778568393011833,0.06871379168473604,0.0013343563398606068,0.0018347399673084158
1977-04-04,0.0769923608099543,-0.8727741589593481,0.06905738844225014,0.0013343563398605929,-1.3877787807814457e-17
1977-05-04,0.0758915168295693,-0.8769673702413621,0.06934649898255325,-0.0011008439803849995,-0.0024352003202455924
1977-06-04,0.0758581579210728,-0.8770944372499079,0.06961559417775848,-3.3358908496497475e-05,0.001067485071888502
1977-07-04,0.0759248757380658,-0.8768403032328163,0.06986133813701613,6.671781699300883e-05,0.0001000767254895063
1977-12-04,0.0765920539079961,-0.8742989630618987,0.07017268794965026,0.0006671781699302964,0.0006004603529372876
1977-02-05,0.0756913633785902,-0.8777297722926374,0.0705129488163147,-0.0009006905294059037,-0.0015678686993362
1977-03-05,0.0756246455615972,-0.877983906309729,0.07086099342829498,-6.671781699299495e-05,0.0008339727124129087
1977-04-05,0.0755245688361076,-0.8783651073353669,0.07120125429495944,-0.00010007672548960345,-3.33589084966085e-05
1977-05-05,0.0747573139406878,-0.8812876485319219,0.07155597068863905,-0.0007672548954198027,-0.0006671781699301993
1977-06-05,0.0756246455615972,-0.877983906309729,0.07196739722676271,0.0008673316209094062,0.001634586516329209
1977-09-05,0.0749908263001634,-0.8803981794721008,0.07234101700192366,-0.000633819261433799,-0.0015011508823432052
1977-10-05,0.0751242619341495,-0.8798899114379171,0.0726723821596557,0.00013343563398610092,0.0007672548954198999
1977-11-05,0.0752576975681355,-0.8793816434037338,0.07301931480801944,0.0001334356339859899,-1.1102230246251565e-16
1977-12-05,0.0749241084831704,-0.8806523134891925,0.07333511247511978,-0.00033358908496509965,-0.00046702471895108955
1977-01-06,0.072689061613904,-0.8891658030617658,0.07358864017969328,-0.0022350468692663994,-0.0019014577843012997
1977-02-06,0.0714214230910364,-0.8939943493865092,0.07375988257664207,-0.001267638522867598,0.0009674083463988015
1977-03-06,0.0710878340060713,-0.8952650194719678,0.07390999766487637,-0.00033358908496509965,0.0009340494379024983
1977-08-06,0.071654935450512,-0.8931048803266881,0.07404788115332862,0.0005671014444407069,0.0009006905294058065
1977-09-06,0.0705207325616305,-0.8974251586172478,0.07415351769690091,-0.0011342028888815109,-0.0017013043333222178
1977-10-06,0.0701204256596724,-0.898949962719798,0.07426471405855598,-0.0004003069019580946,0.0007338959869234163
1977-01-07,0.0718217299929946,-0.8924695452839586,0.07429028922173662,0.0017013043333222039,0.0021016112352802985
1977-04-07,0.0704540147446375,-0.8976792926343394,0.07418910053263054,-0.0013677152483571042,-0.003069019581679308
1977-05-07,0.0709543983720852,-0.8957732875061515,0.07411237504308855,0.000500383627447698,0.0018680988758048023
1977-06-07,0.070487373653134,-0.8975522256257936,0.07400451457228314,-0.00046702471895120057,-0.0009674083463988986
1977-07-07,0.0710878340060713,-0.8952650194719678,0.07385217555681575,0.0006004603529373015,0.001067485071888502
1977-08-07,0.0714881409080295,-0.8937402153694171,0.07371429206836348,0.0004003069019582056,-0.00020015345097909587
1977-11-07,0.0707208860126096,-0.8966627565659725,0.07360309570670844,-0.0007672548954198999,-0.0011675617973781055
1977-12-07,0.0713213463655469,-0.8943755504121467,0.07348633952697065,0.0006004603529373015,0.0013677152483572014
1977-01-08,0.0729225739733795,-0.888276334001945,0.07343963705507552,0.0016012276078326004,0.001000767254895299
1977-02-08,0.073990059045268,-0.8842101897284769,0.07338403887424798,0.0010674850718884882,-0.0005337425359441123
1977-03-08,0.0741234946792541,-0.8837019216942932,0.07328841000322465,0.00013343563398610092,-0.0009340494379023873
1977-04-08,0.0746238783067018,-0.8817959165661051,0.07324615538579574,0.000500383627447698,0.0003669479934615971
1977-05-08,0.0737565466857924,-0.885099658788298,0.07317610167795306,-0.0008673316209093923,-0.0013677152483570904
1977-08-08,0.073990059045268,-0.8842101897284769,0.07311160778819313,0.00023351235947559335,0.0011008439803849857
1977-09-08,0.0744570837642192,-0.8824312516088346,0.0730404421167339,0.00046702471895120057,0.00023351235947560722
1977-10-08,0.0740234179537645,-0.8840831227199311,0.07298484393590637,-0.0004336658104546892,-0.0009006905294058898
1977-11-08,0.0736898288687994,-0.8853537928053896,0.07292035004614646,-0.00033358908496509965,0.00010007672548958957
1977-12-08,0.0733895986923308,-0.8864973958823024,0.07284918437468722,-0.00030023017646860217,3.3358908496497475e-05
1977-01-09,0.0737398672315442,-0.8851631922925708,0.07281526948438242,0.00035026853921339696,0.0006504987156819991
1977-02-09,0.0743903659472262,-0.8826853856259262,0.07277412683057008,0.0006504987156819991,0.00030023017646860217
1977-05-09,0.0753577742936251,-0.8790004423780959,0.07278635843035212,0.0009674083463988986,0.0003169096307168995
1977-06-09,0.0749908263001634,-0.8803981794721008,0.07278191057588594,-0.00036694799346169427,-0.0013343563398605929
1977-07-09,0.075224338659639,-0.8795087104122796,0.07278079861226937,0.00023351235947559335,0.0006004603529372876
1977-08-09,0.0751242619341495,-0.8798899114379171,0.07278747039396867,-0.00010007672548949242,-0.00033358908496508577
1977-09-09,0.075090903025653,-0.8800169784464629,0.07286753177436031,-3.335890849651135e-05,6.671781699298107e-05
1977-12-09,0.0756580044700937,-0.8778568393011833,0.0730087511536622,0.0005671014444407069,0.0006004603529372182
1977-03-10,0.0804283283850952,-0.8596862570791234,0.07332010096629635,0.004770323915001498,0.004203222470560791
1977-04-10,0.080028021483137,-0.861211061181674,0.07359920383405053,-0.0004003069019582056,-0.005170630816959704
1977-05-10,0.0801614571171231,-0.8607027931474903,0.0739205613192336,0.00013343563398610092,0.0005337425359443065
1977-06-10,0.0794609200386963,-0.8633712003269536,0.07423191113186772,-0.0007005370784267939,-0.0008339727124128948
1977-07-10,0.0794275611301998,-0.8634982673354995,0.07448543883644125,-3.3358908496497475e-05,0.0006671781699302964
1977-10-10,0.0815625312739767,-0.8553659787885636,0.07485572272075255,0.002134970143776893,0.0021683290522733906
1977-11-10,0.0813623778229976,-0.8561283808398389,0.07520265536911629,-0.00020015345097909587,-0.002335123594755989
1977-12-10,0.0819628381759348,-0.8538411746860133,0.07558517085320965,0.0006004603529372043,0.0008006138039163002
1977-01-11,0.0851319344831037,-0.8417698088741552,0.0760533075357774,0.0031690963071688977,0.0025686359542316933
1977-02-11,0.0844647563131734,-0.8443111490450727,0.07648586138261554,-0.0006671781699302964,-0.003836274477099194
1977-03-11,0.0862994962804817,-0.8373224635750496,0.0770051483915446,0.001834739967308291,0.0025019181372385874
1977-04-11,0.0874003402608666,-0.8331292522930359,0.07754111485472191,0.0011008439803849024,-0.0007338959869233885
1977-07-11,0.0877339293458318,-0.831858582207577,0.07803482670047034,0.0003335890849651968,-0.0007672548954197056
1977-08-11,0.0866664442739433,-0.8359247264810451,0.07845737287475951,-0.001067485071888502,-0.0014010741568536988
1977-09-11,0.0884678253327551,-0.8290631080195678,0.07893551722987621,0.0018013810588118073,0.0028688661307003094
1977-10-11,0.0880675184307969,-0.8305879121221184,0.07938363856734605,-0.0004003069019582056,-0.002201687960770013
1977-11-11,0.0887680555092237,-0.827919504942655,0.07988402219479375,0.0007005370784268078,0.0011008439803850134
1977-01-12,0.0836641425092571,-0.8473607572501735,0.08020649164359339,-0.005103912999966598,-0.0058044500783934055
1977-02-12,0.0826300163458651,-0.8512998345150958,0.08047892272964827,-0.0010341261633920046,0.004069786836574593
1977-05-12,0.0831303999733128,-0.8493938293869078,0.08078248879696655,0.000500383627447698,0.0015345097908397026
1977-06-12,0.0833639123327884,-0.8485043603270866,0.08110495824576616,0.00023351235947560722,-0.0002668712679720908
1977-07-12,0.0836641425092571,-0.8473607572501735,0.08144744303966371,0.0003002301764686993,6.67178169930921e-05
1977-08-12,0.0840644494112152,-0.8458359531476232,0.08179159577898608,0.0004003069019580946,0.00010007672548939528
1977-09-12,0.0824965807118791,-0.8518081025492791,0.08206180293780783,-0.001567868699336103,-0.0019681756012941976
1977-12-12,0.0826633752543617,-0.8511727675065497,0.08230532296983238,0.0001667945424825984,0.0017346632418187014
1978-03-01,0.0896020282216366,-0.824742829729008,0.0827923630338815,0.0069386529672749025,0.006771858424792304
1978-04-01,0.0913700503719518,-0.8180082782760769,0.08333055342429192,0.0017680221503151988,-0.005170630816959704
1978-05-01,0.0872669046268806,-0.8336375203272193,0.08373530818071631,-0.004103145745071202,-0.0058711678953864005
1978-06-01,0.0900690529405878,-0.8229638916093658,0.08423457984454745,0.0028021483137072034,0.006905294058778405
1978-09-01,0.0903025653000633,-0.822074422549545,0.0847227318722131,0.0002335123594754962,-0.002568635954231707
1978-10-01,0.0922040230843646,-0.8148316030624303,0.08511525502885542,0.0019014577843012997,0.0016679454248258035
1978-11-01,0.0915702038229309,-0.8172458762248016,0.08549999444018189,-0.0006338192614336879,-0.0025352770457349877
1978-12-01,0.0925042532608333,-0.8136879999855172,0.08591142097830556,0.0009340494379023873,0.0015678686993360752
1978-01-02,0.0944057110451346,-0.8064451804984024,0.08640958067852017,0.0019014577843012997,0.0009674083463989125
1978-02-02,0.0933715848817426,-0.8103842577633247,0.08687438147023825,-0.0010341261633919907,-0.0029355839476932905
1978-03-02,0.0936384561497147,-0.8093677216949577,0.08727691229942952,0.0002668712679720908,0.0013009974313640815
1978-06-02,0.0938719685091903,-0.8084782526351366,0.08769389865563595,0.00023351235947560722,-3.33589084964836e-05
1978-07-02,0.0936050972412182,-0.8094947887035037,0.08808197395781207,-0.0002668712679721047,-0.0005003836274477119
1978-08-02,0.0932715081562531,-0.8107654587889621,0.08835329308025039,-0.00033358908496509965,-6.671781699299495e-05
1978-09-02,0.0920372285418821,-0.8154669381051594,0.08860570882120733,-0.0012342796143710033,-0.0009006905294059037
1978-10-02,0.0932047903392601,-0.8110195928060537,0.08883588528983329,0.0011675617973780084,0.0024018414117490117
1978-01-03,0.0984754978817093,-0.7909430054558059,0.08920505721052804,0.005270707542449196,0.004103145745071188
1978-02-03,0.0996430596790873,-0.7864956601567001,0.08960202822163656,0.0011675617973780084,-0.004103145745071188
1978-03-03,0.099109317143143,-0.7885287322934345,0.09001679065060988,-0.0005337425359443065,-0.001701304333322315
1978-06-03,0.0997431364045768,-0.7861144591310628,0.09039263435300393,0.000633819261433799,0.0011675617973781055
1978-07-03,0.1009774160189478,-0.7814129798148656,0.09082296427260897,0.0012342796143710033,0.0006004603529372043
1978-08-03,0.1034793341561864,-0.7718829541739248,0.09131334022750773,0.0025019181372386012,0.001267638522867598
1978-09-03,0.1023451312673049,-0.7762032324644846,0.09193603985277597,-0.001134202888881497,-0.0036361210261200982
1978-10-03,0.1007439036594722,-0.7823024488746867,0.09253983609656287,-0.0016012276078327115,-0.00046702471895121445
1978-03-04,0.0990759582346465,-0.7886557993019804,0.093071354705274,-0.0016679454248256925,-6.671781699298107e-05
1978-04-04,0.0971411415418487,-0.7960256857976409,0.09353059567890935,-0.0019348166927977972,-0.0002668712679721047
1978-05-04,0.0957400673849951,-0.8013625001565676,0.09393312650810062,-0.0014010741568536017,0.0005337425359441955
1978-06-04,0.0974747306268139,-0.794755015712182,0.0943801358819539,0.0017346632418187985,0.0031357373986724
1978-07-04,0.0962070921039463,-0.7995835620369255,0.09483715292835614,-0.001267638522867598,-0.0030023017646863964
1978-10-04,0.0959402208359742,-0.8006000981052923,0.09527971444774325,-0.0002668712679721047,0.0010007672548954932
1978-11-04,0.0965406811889115,-0.7983128919514664,0.09551100287998572,0.0006004603529373015,0.0008673316209094062
1978-12-04,0.0968075524568836,-0.7972963558830994,0.09569225294948346,0.0002668712679721047,-0.0003335890849651968
1978-02-05,0.0894018747706575,-0.8255052317802833,0.09576341862094268,-0.007405677686226103,-0.007672548954198208
1978-03-05,0.0904360009340494,-0.8215661545153613,0.09577565022072475,0.0010341261633918936,0.008439803849617997
1978-04-05,0.0923374587183507,-0.8143233350282466,0.09584348000133433,0.0019014577843012997,0.0008673316209094062
1978-05-05,0.0920038696333856,-0.8155940051137053,0.09583680821963501,-0.00033358908496509965,-0.0022350468692663994
1978-08-05,0.0916035627314274,-0.8171188092162558,0.09583792018325157,-0.00040030690195819174,-6.67178169930921e-05
1978-09-05,0.0919371518163925,-0.8158481391307972,0.09581901680177023,0.00033358908496509965,0.0007338959869232914
1978-10-05,0.0927711245288054,-0.8126714639171502,0.09576453058455923,0.0008339727124128948,0.0005003836274477952
1978-11-05,0.0937051739667078,-0.8091135876778657,0.09577565022072475,0.0009340494379024011,0.0001000767254895063
1978-12-05,0.0932715081562531,-0.8107654587889621,0.09576341862094269,-0.0004336658104547031,-0.0013677152483571042
1978-01-06,0.0988090869666744,-0.7896723353703473,0.09592798923619217,0.005537578810421301,0.005971244620876004
1978-02-06,0.0999766487640524,-0.7852249900712417,0.0961403742869533,0.0011675617973780084,-0.0043700170130432925
1978-05-06,0.0988424458751709,-0.7895452683618015,0.09632607221091721,-0.0011342028888815109,-0.0023017646862595192
1978-06-06,0.0975080895353104,-0.7946279487036362,0.09650843424403151,-0.0013343563398604957,-0.00020015345097898485
1978-07-06,0.0987757280581779,-0.789799402378893,0.09669413216799543,0.0012676385228675008,0.0026019948627279965
1978-08-06,0.0985422156987023,-0.7906888714387141,0.09669635609522853,-0.00023351235947559335,-0.0015011508823430941
1978-09-06,0.097674884077793,-0.7939926136609067,0.09663075024185204,-0.000867331620909309,-0.0006338192614337157
1978-12-06,0.0971745004503452,-0.7958986187890951,0.09656625635209214,-0.0005003836274477952,0.00036694799346151385
1978-03-07,0.098975881509157,-0.7890370003276178,0.09654068118891147,0.0018013810588117934,0.0023017646862595886
1978-04-07,0.0997431364045768,-0.7861144591310628,0.0964995385350991,0.0007672548954198027,-0.0010341261633919907
1978-05-07,0.0996097007705908,-0.7866227271652462,0.09637055075557925,-0.00013343563398600378,-0.0009006905294058065
1978-06-07,0.0986422924241919,-0.7903076704130764,0.09624712279414216,-0.0009674083463988986,-0.0008339727124128948
1978-07-07,0.0994429062281082,-0.7872580622079756,0.09620375621309667,0.0008006138039163002,0.0017680221503151988
1978-10-07,0.1008439803849618,-0.7819212478490489,0.09626269028477386,0.0014010741568536017,0.0006004603529373015
1978-11-07,0.1004770323915001,-0.7833189849430536,0.09637388664642892,-0.00036694799346169427,-0.001768022150315296
1978-12-07,0.1010107749274444,-0.7812859128063193,0.09654957689784388,0.0005337425359442927,0.0009006905294059869
1978-01-08,0.1135537245221336,-0.7335087175930713,0.09708554336102121,0.012542949594689198,0.012009207058744906
1978-02-08,0.1123194449077626,-0.7382101969092685,0.09762262178781508,-0.0012342796143709894,-0.013777229209060188
1978-03-08,0.1116189078293358,-0.7408786040887319,0.0981452446875938,-0.0007005370784268078,0.0005337425359441816
1978-04-08,0.1111852420188811,-0.7425304751998284,0.09863339671525946,-0.0004336658104547031,0.0002668712679721047
1978-07-08,0.1128531874437068,-0.7361771247725346,0.09916825121482022,0.0016679454248257064,0.0021016112352804095
1978-08-08,0.1147880041365046,-0.7288072382768741,0.10001445552701513,0.0019348166927977972,0.0002668712679720908
1978-09-08,0.1154551823064349,-0.7262658981059565,0.10084842823942797,0.0006671781699302964,-0.0012676385228675008
1978-10-08,0.114487773960036,-0.7299508413537867,0.10158677208081748,-0.0009674083463988986,-0.001634586516329195
1978-11-08,0.1175901524502118,-0.7181336095590205,0.1024396481747117,0.0031023784901758056,0.004069786836574704
1978-01-09,0.1154885412149314,-0.7261388310974106,0.10323581412416183,-0.0021016112352803956,-0.005203989725456201
1978-04-09,0.1178236648096874,-0.7172441404991995,0.10409869789060498,0.002335123594755989,0.004436734830036385
1978-05-09,0.1164559495613303,-0.7224538878495803,0.10488819205835581,-0.0013677152483570904,-0.0037028388431130793
1978-06-09,0.1181572538946525,-0.7159734704137409,0.1057032613892873,0.00170130433332219,0.0030690195816792804
1978-07-09,0.1171564866397571,-0.719785480670117,0.10649942733873743,-0.001000767254895396,-0.002702071588217586
1978-08-09,0.1140874670580778,-0.7314756454563374,0.10700870667511755,-0.0030690195816792942,-0.002068252326783898
1978-11-09,0.1139206725155953,-0.7321109804990665,0.10747350746683565,-0.00016679454248250125,0.002902225039196793
1978-12-09,0.1154885412149314,-0.7261388310974106,0.10802837731149434,0.001567868699336103,0.0017346632418186042
1978-02-10,0.121559862561297,-0.7030126355420615,0.10883010307902723,0.0060713213463655935,0.0045034526470294906
1978-03-10,0.1244287286919972,-0.6920848728071165,0.10968520310015455,0.0028688661307001984,-0.003202455215665395
1978-04-10,0.1258298028488508,-0.6867480584481896,0.11059478933849282,0.0014010741568536156,-0.0014677919738465828
1978-05-10,0.1252960603129065,-0.6887811305849241,0.11151549521299661,-0.0005337425359443204,-0.001934816692797936
1978-06-10,0.1255629315808786,-0.687764594516557,0.11246177625068104,0.0002668712679721186,0.000800613803916439
1978-09-10,0.125129265770424,-0.6894164656276531,0.1133335557260566,-0.0004336658104546198,-0.0007005370784267384
1978-10-10,0.1270307235547253,-0.6821736461405383,0.1142431419643949,0.0019014577843013136,0.0023351235947559335
1978-11-10,0.1276979017246556,-0.6796323059696209,0.1151794153295304,0.0006671781699302826,-0.001234279614371031
1978-12-10,0.1271975180972078,-0.6815383110978092,0.11613125618529758,-0.0005003836274477813,-0.0011675617973780639
1978-01-11,0.1284985155285719,-0.6765826977645201,0.11709977649531304,0.0013009974313640815,0.0018013810588118628
1978-02-11,0.1244954465089902,-0.6918307387900249,0.11788815869944733,-0.0040030690195816815,-0.005304066450945763
1978-03-11,0.1202922240384294,-0.707841181866805,0.1185486650876783,-0.004203222470560805,-0.00020015345097912363
1978-06-11,0.116822897554792,-0.7210561507555756,0.11907573584192323,-0.0034693264836374027,0.0007338959869234024
1978-07-11,0.1210594789338492,-0.7049186406702499,0.11932592765564708,0.0042365813790572054,0.007705907862694608
1978-08-11,0.1226940654501784,-0.6986923572515021,0.11967174834039426,0.001634586516329195,-0.0026019948627280104
1978-09-11,0.119291456783534,-0.7116531921231811,0.11992749997220088,-0.003402608666644394,-0.005037195182973589
1978-10-11,0.1143209794175534,-0.7305861763965162,0.12003202455215663,-0.004970477365980608,-0.001567868699336214
1978-01-12,0.1065817126463622,-0.7600657223791587,0.11982297539224514,-0.007739266771191203,-0.002768789405210595
1978-04-12,0.1096507322280415,-0.7483755575929383,0.11965173299529637,0.003069019581679308,0.010808286352870511
1978-05-12,0.1077492744437402,-0.755618377080053,0.1193948693998732,-0.0019014577843012997,-0.004970477365980608
1978-06-12,0.1076491977182506,-0.755999578105691,0.11916691685848037,-0.00010007672548960345,0.0018013810588116963
1978-07-12,0.1090169129666077,-0.75078983075531,0.11888114220902689,0.0013677152483571042,0.0014677919738467077
1978-08-12,0.1114854721953497,-0.7413868721229155,0.11874770657504083,0.0024685592287419927,0.0011008439803848885
1978-11-12,0.1148213630450011,-0.7286801712683282,0.1186476298495513,0.003335890849651399,0.0008673316209094062
1978-12-12,0.1114187543783567,-0.7416410061400072,0.11847972334345218,-0.003402608666644394,-0.006738499516295793
1979-02-01,0.1280314908096207,-0.6783616358841622,0.11880886457395111,0.016612736431264,0.020015345097908394
1979-03-01,0.1225606298161924,-0.6992006252856855,0.1189890026798323,-0.005470860993428306,-0.022083597424692306
1979-04-01,0.1255962904893752,-0.6876375275080109,0.11937263012754219,0.0030356606731828106,0.008506521666611117
1979-05-01,0.1271641591887113,-0.6816653781063551,0.11981407968331274,0.001567868699336089,-0.0014677919738467216
1979-08-01,0.1255629315808786,-0.687764594516557,0.12014989269551098,-0.0016012276078326837,-0.0031690963071687728
1979-09-01,0.1261633919338159,-0.6854773883627312,0.12030334367459493,0.0006004603529372876,0.0022016879607699713
1979-10-01,0.123961703973046,-0.6938638109267586,0.12028777618396322,-0.002201687960769902,-0.0028021483137071895
1979-11-01,0.1239283450645495,-0.6939908779353046,0.12022439425781986,-3.3358908496497475e-05,0.0021683290522734044
1979-12-01,0.1218934516462621,-0.7017419654566031,0.1201109739689317,-0.0020348934182874007,-0.002001534509790903
1979-01-02,0.1297327951429429,-0.6718812184483227,0.12024996942100051,0.007839343496680792,0.009874236914968193
1979-02-02,0.1303666144043767,-0.6694669452859511,0.12042454770879894,0.000633819261433799,-0.007205524235246993
1979-05-02,0.1389064949794842,-0.6369377910982078,0.1208204067562909,0.008539880575107517,0.007906061313673718
1979-06-02,0.1398405444173867,-0.633379914858923,0.12122516151271527,0.0009340494379024844,-0.0076058311372050325
1979-07-02,0.1445775094238916,-0.6153363996454092,0.12180449455693806,0.004736965006504917,0.003802915568602433
1979-08-02,0.1438436134369684,-0.6181318738334182,0.12231599782055129,-0.000733895986923222,-0.005470860993428139
1979-09-02,0.1413416952997297,-0.6276618994743591,0.12287753944690927,-0.0025019181372386845,-0.0017680221503154625
1979-12-02,0.1396737498749041,-0.6340152499016524,0.12352359030812508,-0.0016679454248255954,0.0008339727124130891
1979-01-03,0.1427094105480869,-0.6224521521239779,0.12438647407456825,0.003035660673182783,0.004703606098008378
1979-02-03,0.1421756680121426,-0.6244852242607121,0.1250903470438447,-0.0005337425359442927,-0.0035694032091270755
1979-05-03,0.1356039630383294,-0.6495174249442489,0.12552067696344973,-0.006571704973813208,-0.006037962437868916
1979-06-03,0.1366714481102178,-0.6454512806707812,0.12610001000767251,0.0010674850718884188,0.007639190045701627
1979-07-03,0.1383393935350435,-0.6390979302434875,0.12690062381158887,0.0016679454248256786,0.0006004603529372599
1979-08-03,0.1363045001167562,-0.6468490177647855,0.12789138339393533,-0.0020348934182872758,-0.0037028388431129544
1979-09-03,0.1375054208226306,-0.6422746054571346,0.12881987301375497,0.001200920705874381,0.0032358141241616567
1979-12-03,0.1368382426527004,-0.6448159456280517,0.12978950528738697,-0.0006671781699301993,-0.0018680988758045802
1979-02-04,0.1366380892017213,-0.645578347679327,0.13075580167016934,-0.00020015345097909587,0.0004670247189511034
1979-03-04,0.1368382426527004,-0.6448159456280517,0.1316831793263724,0.00020015345097909587,0.00040030690195819174
1979-04-04,0.1366714481102178,-0.6454512806707812,0.13252271185686804,-0.00016679454248258452,-0.0003669479934616804
1979-05-04,0.1372719084631551,-0.6431640745169552,0.1332710633708065,0.0006004603529372876,0.0007672548954198721
1979-06-04,0.1366714481102178,-0.6454512806707812,0.1341128198285352,-0.0006004603529372876,-0.0012009207058745752
1979-09-04,0.1369716782866865,-0.6443076775938681,0.13441082607777072,0.00030023017646868544,0.000900690529405973
1979-10-04,0.1366714481102178,-0.6454512806707812,0.13488118668757157,-0.00030023017646868544,-0.0006004603529373709
1979-11-04,0.1357373986723154,-0.6490091569100656,0.13521922362700292,-0.0009340494379024011,-0.0006338192614337157
1979-12-04,0.1328018147246222,-0.6601910536621023,0.13540714547819993,-0.0029355839476931933,-0.002001534509790792
1979-01-05,0.1417086432931915,-0.626264162380354,0.13594533586861035,0.00890682856856928,0.011842412516262474
1979-02-05,0.1410414651232612,-0.6288055025512714,0.1364412716415919,-0.0006671781699302826,-0.009574006738499563
1979-03-05,0.1411749007572472,-0.6282972345170882,0.13701504486773192,0.0001334356339859899,0.0008006138039162725
1979-04-05,0.1424758981886112,-0.6233416211837993,0.13763329663853396,0.0013009974313639983,0.0011675617973780084
1979-08-05,0.1428094872735764,-0.6220709510983404,0.13833049782611112,0.0003335890849651968,-0.0009674083463988015
1979-09-05,0.1421423091036461,-0.624612291269258,0.1387441482914679,-0.0006671781699303103,-0.001000767254895507
1979-10-05,0.1450111752343463,-0.6136845285343128,0.13923230031913353,0.002868866130700226,0.0035360443006305364
1979-11-05,0.1445107916068986,-0.6155905336625009,0.13941911020671402,-0.0005003836274477258,-0.003369249758147952
1979-01-06,0.1602561964172532,-0.5556149056288489,0.1400996319400429,0.015745404810354607,0.016245788437802333
1979-04-06,0.1587884044434066,-0.5612058540048671,0.14057332844069342,-0.0014677919738465828,-0.01721319678420119
1979-05-06,0.1600226840577776,-0.55650437468867,0.1411126307947204,0.0012342796143709756,0.0027020715882175583
1979-06-06,0.1635253694499116,-0.5431623387913531,0.14185208659972645,0.003502685392134025,0.0022684057777630495
1979-07-06,0.160890015678687,-0.5532006324664771,0.14255929545985255,-0.002635353771224619,-0.006138039163358644
1979-08-06,0.1635253694499116,-0.5431623387913531,0.14325316075658004,0.002635353771224619,0.005270707542449238
1979-11-06,0.1650932381492478,-0.5371901893896969,0.14401707976115022,0.0015678686993362,-0.0010674850718884188
1979-12-06,0.1620242185675685,-0.5488803541759173,0.14489775494545815,-0.003069019581679322,-0.004636888281015522
1979-02-07,0.1651933148747373,-0.5368089883640594,0.1458484838376088,0.0031690963071688005,0.0062381158888481225
1979-03-07,0.1644260599793175,-0.5397315295606144,0.14671803938575131,-0.0007672548954197889,-0.003936351202588589
1979-04-07,0.1658604930446676,-0.5342676481931419,0.14770323915001501,0.0014344330653500992,0.002201687960769888
1979-05-07,0.1690295893518364,-0.522196282381284,0.1487540447676552,0.0031690963071688005,0.0017346632418187014
1979-06-07,0.170363945691697,-0.517113602039449,0.14987156820228842,0.0013343563398605929,-0.0018347399673082077
1979-09-07,0.1687627180838643,-0.523212818449651,0.1509423891650265,-0.0016012276078326837,-0.0029355839476932766
1979-10-07,0.1705307402341795,-0.51647826699672,0.1520654724177425,0.001768022150315185,0.0033692497581478686
1979-11-07,0.1703973046001935,-0.5169865350309032,0.15318966763407502,-0.0001334356339859899,-0.0019014577843011748
1979-12-07,0.1706975347766621,-0.5158429319539903,0.15430385517785855,0.00030023017646860217,0.00043366581045459207
1979-01-08,0.1702638689662075,-0.5174948030650866,0.1554236025397249,-0.0004336658104546198,-0.000733895986923222
1979-02-08,0.1711979184041098,-0.5139369268258024,0.15656447721030567,0.0009340494379023179,0.0013677152483569377
1979-03-08,0.1678620275544584,-0.5266436276803897,0.15760416319178033,-0.003335890849651413,-0.004269940287553731
1979-06-08,0.1653267505087233,-0.5363007203298762,0.15859047491966063,-0.002535277045735085,0.000800613803916328
1979-07-08,0.166927978116556,-0.5302015039196741,0.15972801369939174,0.0016012276078326837,0.0041365046535677685
1979-08-08,0.1695299729792841,-0.5202902772530961,0.16065539135559484,0.0026019948627281075,0.0010007672548954238
1979-09-08,0.1749341161557194,-0.4997054218686644,0.1617851463900101,0.005404143176435311,0.0028021483137072034
1979-10-08,0.1793708509857557,-0.48280550973206354,0.16305834473096043,0.0044367348300362874,-0.0009674083463990235
1979-03-09,0.1921473129399206,-0.43413884545899395,0.16471405855600404,0.012776461954164903,0.008339727124128615
1979-04-09,0.1935483870967742,-0.42880203110006726,0.16640535521677732,0.0014010741568535878,-0.011375387797311315
1979-05-09,0.1962170997764953,-0.4186366704163975,0.16820784823920562,0.0026687126797211025,0.0012676385228675147
1979-06-09,0.2005537578810421,-0.40211795930543404,0.17005926766076213,0.004336658104546809,0.0016679454248257064
1979-07-09,0.1963171765019848,-0.41825546939076,0.171786147157265,-0.004236581379057303,-0.008573239483604111
1979-10-09,0.2010875004169863,-0.4000848871687001,0.17314719062392275,0.004770323915001512,0.009006905294058815
1979-11-09,0.2032224705607632,-0.39195259862176424,0.174628326161168,0.002134970143776893,-0.002635353771224619
1979-12-09,0.2016212429529306,-0.39805181503196585,0.17601494479100646,-0.0016012276078326004,-0.0037361977516094935
1979-01-10,0.2534276278480168,-0.2007167507602249,0.17901168673760992,0.05180638489508621,0.05340761250291881
1979-02-10,0.2609333822597325,-0.1721266738374033,0.1823464656236448,0.007505754411715693,-0.04430063048337052
1979-03-10,0.2449211061814057,-0.23311883793942276,0.18505965684802791,-0.01601227607832681,-0.023518030490042502
1979-04-10,0.2329118991226607,-0.278862961015937,0.187320278880475,-0.012009207058745003,0.004003069019581806
1979-05-10,0.233579077292591,-0.2763216208450194,0.1897054408379758,0.0006671781699303103,0.012676385228675313
1979-08-10,0.2249057610834973,-0.30935904306694667,0.19169585571160114,-0.008673316209093701,-0.009340494379024011
1979-09-10,0.2341128198285352,-0.27428854870828545,0.194018747706575,0.00920705874503791,0.01788037495413161
1979-10-10,0.2522600660506389,-0.20516409605933023,0.19689873347344072,0.018147246222103675,0.008940187477065764
1979-11-10,0.2445875170964406,-0.2343895080248813,0.19941733106492754,-0.007672548954198277,-0.025819795176301952
1979-12-10,0.2402508589918938,-0.25090821913584477,0.20174689484160077,-0.004336658104546809,0.0033358908496514683
1979-01-11,0.2292424191880442,-0.29284033195598286,0.20376288487840677,-0.011008439803849607,-0.006671781699302798
1979-02-11,0.2254395036194416,-0.3073259709302124,0.20559317699124882,-0.0038029155686025995,0.007205524235247007
1979-05-11,0.2309103646128699,-0.2864869815286892,0.2076102789916714,0.005470860993428306,0.009273776562030905
1979-06-11,0.2331120525736398,-0.2781005589646617,0.20969076291823732,0.002201687960769888,-0.003269173032658418
1979-07-11,0.2402508589918938,-0.25090821913584477,0.2120236625857602,0.007138806418254012,0.004937118457484124
1979-08-11,0.2365813790572772,-0.2648855900758911,0.2142031112741991,-0.0036694799346166096,-0.010808286352870622
1979-09-11,0.2365813790572772,-0.2648855900758911,0.21649375632429307,0.0,0.0036694799346166096
1979-12-11,0.2390832971945158,-0.2553555644349504,0.21895230788048617,0.0025019181372386012,0.0025019181372386012
1979-03-12,0.2627681222270407,-0.1651379883673805,0.22214697935083563,0.02368482503252492,0.02118290689528632
1979-04-12,0.2644027087433699,-0.1589117049486327,0.22530940387630516,0.001634586516329195,-0.022050238516195725
1979-05-12,0.2612002535277046,-0.17111013776903639,0.22818494178870466,-0.003202455215665312,-0.004837041731994507
1979-06-12,0.2661040130766922,-0.15243128751279292,0.23107604719173586,0.004903759548987585,0.008106214764652897
1979-07-12,0.2638689662074257,-0.16094477708536647,0.23346676896731938,-0.002235046869266455,-0.00713880641825404
1979-10-12,0.2643693498348734,-0.15903877195717844,0.235827467725256,0.000500383627447698,0.002735430496714153
1979-11-12,0.273943356573373,-0.12257054050451266,0.23841834295181863,0.009574006738499563,0.009073623111051865
1979-12-12,0.2744437402008207,-0.1206645353763246,0.2408813423624779,0.000500383627447698,-0.009073623111051865
1980-02-01,0.3500016679454248,0.16714223898007788,0.24600415874392592,0.07555792774460413,0.07505754411715643
1980-03-01,0.3997064416052307,0.35647208171342915,0.2526247901168674,0.04970477365980591,-0.025853154084798213
1980-04-01,0.3690162457884378,0.23957043385122556,0.2581512492911232,-0.030690195816792942,-0.08039496947659885
1980-07-01,0.3993728525202656,0.3552014116279705,0.26474296961003435,0.03035660673182783,0.06104680254862077
1980-08-01,0.383694165526904,0.29547991761140996,0.2690851875326639,-0.015678686993361612,-0.04603529372518944
1980-09-01,0.3818260666510992,0.288364165132841,0.2731149436790428,-0.0018680988758048023,0.01381058811755681
1980-10-01,0.3789238416119025,0.27730933538935015,0.27758170152672607,-0.002902225039196682,-0.0010341261633918797
1980-11-01,0.3923674817359976,0.3285173398333369,0.2828968876138373,0.013443640124095102,0.016345865163291784
1980-01-02,0.4280615138272676,0.4644790389774212,0.2893796354983265,0.03569403209126998,0.022250391967174876
1980-04-02,0.4235580611802382,0.44732499282372834,0.29600137883488453,-0.004503452647029393,-0.04019748473829937
1980-05-02,0.4317309937618842,0.47845640991746746,0.3025886512993295,0.008172932581645975,0.012676385228675369
1980-06-02,0.4497448043500017,0.5470725945322388,0.30917147590930827,0.018013810588117518,0.009840878006471543
1980-07-02,0.4432398171931815,0.5222945278657937,0.3157932192458663,-0.006504987156820186,-0.024518797744937704
1980-08-02,0.438402775461187,0.5038698116266421,0.3223982831281761,-0.004837041731994507,0.0016679454248256786
1980-11-02,0.4507455716048971,0.5508846047886149,0.32978172154207114,0.012342796143710089,0.017179837875704596
1980-12-02,0.4400707208860127,0.5102231620539358,0.3369360954509569,-0.01067485071888441,-0.0230176468625945
1980-03-03,0.3995396470627482,0.3558367466706999,0.3425570715326195,-0.040531073823264485,-0.029856223104380075
1980-04-03,0.3978717016379224,0.3494833962434059,0.34804905983476225,-0.0016679454248257897,0.038863128398438695
1980-05-03,0.4060446342195684,0.38061481333714503,0.35357551900901807,0.008172932581645975,0.009840878006471765
1980-06-03,0.3943690162457885,0.33614136034608955,0.35883510691530174,-0.011675617973779862,-0.019848550555425837
1980-07-03,0.3830269873569737,0.2929385774404925,0.3637166271919583,-0.011342028888814804,0.000333589084965058
1980-10-03,0.367014711278647,0.23194641333847335,0.3679810076614294,-0.016012276078326726,-0.004670247189511922
1980-11-03,0.3571738332721754,0.19446164581744085,0.37112786469626713,-0.009840878006471598,0.0061713980718551276
1980-12-03,0.3674817359975982,0.23372535145811563,0.37456383227140816,0.010307902725422813,0.02014878073189441
1980-01-04,0.3166427594489109,0.04007523043420503,0.37641191580211497,-0.0508389765486873,-0.06114687927411011
1980-02-04,0.3106381559195383,0.017203168895947554,0.3778963872302098,-0.0060046035293725986,0.0448343730193147
1980-03-04,0.3007972779130667,-0.02028159862508492,0.37912733095373125,-0.009840878006471598,-0.003836274477099
1980-08-04,0.328985555592621,0.08709002359617776,0.3812812044789895,0.028188277679554286,0.038029155686025884
1980-09-04,0.3463321880108083,0.15316486804003188,0.38369416552690405,0.01734663241818729,-0.010841645261366994
1980-10-04,0.3276511992527605,0.08200734325434303,0.385467747495302,-0.0186809887580478,-0.03602762117623509
1980-11-04,0.3306535010174468,0.09344337402347176,0.38482280859770274,0.0030023017646862993,0.0216832905227341
1980-01-05,0.3036327851352704,-0.009480902898685603,0.38162035338203737,-0.02702071588217636,-0.03002301764686266
1980-02-05,0.3186442939587017,0.04769925094695724,0.3799412883210461,0.015011508823431274,0.042032224705607635
1980-06-05,0.3186442939587017,0.04769925094695724,0.377250336368994,0.0,-0.015011508823431274
1980-07-05,0.316976348533876,0.04134590051966366,0.3750264091358931,-0.0016679454248256786,-0.0016679454248256786
1980-08-05,0.3208126230109751,0.05595860650243887,0.3729926276812223,0.0038362744770990553,0.005504219901924734
1980-09-05,0.315808786736498,0.03689855522055792,0.3708887925187088,-0.0050038362744770915,-0.008840110751576147
1980-12-05,0.3191446775861494,0.04960525607514529,0.3684480323803806,0.003335890849651413,0.008339727124128504
1980-02-06,0.3513360242852854,0.1722249193219128,0.36589051606231443,0.03219134669913598,0.028855455849484568
1980-03-06,0.3453314207559129,0.14935285778365576,0.3632829613815037,-0.0060046035293724875,-0.03819595022850847
1980-04-06,0.3580078059845882,0.19763832103108755,0.3608255217889271,0.012676385228675313,0.0186809887580478
1980-05-06,0.3648463822263736,0.22368705778299172,0.35799557438480617,0.00683857624178541,-0.005837808986889903
1980-06-06,0.3750208493178104,0.262442495389483,0.3557216087889604,0.010174467091436767,0.0033358908496513573
1980-09-06,0.3928678653634453,0.330423344961525,0.35420377845236906,0.017847016045634934,0.007672548954198166
1980-10-06,0.3796910965073223,0.28023187658590515,0.35183529594911656,-0.013176768856123011,-0.031023784901757945
1980-11-06,0.3743536711478801,0.25990115521856555,0.34964472762451215,-0.005337425359442205,0.007839343496680806
1980-12-06,0.3703506021282984,0.2446531141930607,0.3486717594600305,-0.004003069019581695,0.0013343563398605096
1980-01-07,0.417053074023418,0.42254692615728323,0.34931113853954704,0.04670247189511961,0.05070554091470131
1980-02-07,0.4180538412783134,0.42635893641365935,0.3497114454415052,0.001000767254895396,-0.04570170464022422
1980-03-07,0.419388197618174,0.4314416167554943,0.35054541815391804,0.0013343563398605651,0.00033358908496516904
1980-04-07,0.4213897321279648,0.4390656372682467,0.3518241763129511,0.0020015345097908477,0.0006671781699302826
1980-07-07,0.4220569102978951,0.44160697743916416,0.3536589162802593,0.0006671781699302826,-0.0013343563398605651
1980-08-07,0.4354004736965007,0.49243378085751344,0.35626647096107017,0.013343563398605596,0.012676385228675313
1980-09-07,0.4243920338926511,0.45050166803737546,0.3581634808909053,-0.011008439803849579,-0.024352003202455175
1980-10-07,0.414717950428662,0.413652235559072,0.36143265392356366,-0.009674083463989125,0.001334356339860454
1980-11-07,0.42172332121293,0.44033630735370555,0.36513549276667673,0.007005370784267995,0.01667945424825712
1980-01-08,0.3917003035660674,0.32597599966241964,0.36816559362177675,-0.030023017646862604,-0.0370283884311306
1980-04-08,0.3975381125529573,0.3482127261579473,0.37045067885378796,0.005837808986889903,0.03586082663375251
1980-05-08,0.3973713180104747,0.34757739111521785,0.3721519831871101,-0.00016679454248258452,-0.0060046035293724875
1980-06-08,0.3955365780431665,0.34058870564519506,0.37441482914679036,-0.0018347399673082077,-0.0016679454248256231
1980-07-08,0.3967041398405445,0.3450360509443006,0.3766165171075603,0.0011675617973779806,0.0030023017646861883
1980-08-08,0.3970377289255096,0.34630672102975923,0.3797300152339016,0.0003335890849651135,-0.0008339727124128671
1980-11-08,0.388364412716416,0.3132692988078323,0.3820540191924921,-0.008673316209093618,-0.009006905294058731
1980-12-08,0.3803582746772526,0.2827732167568226,0.38411115188311046,-0.00800613803916339,0.000667178169930227
1980-01-09,0.3962037562130968,0.34313004581611256,0.3867520654724178,0.015845481535844197,0.023851619575007588
1980-02-09,0.4037095106248124,0.37172012273893396,0.3895152950595457,0.007505754411715637,-0.00833972712412856
1980-03-09,0.401541181572539,0.3634607671834521,0.3923730415540804,-0.002168329052273432,-0.00967408346398907
1980-04-09,0.4085465523568069,0.3901448389780855,0.39535310404643564,0.007005370784267939,0.009173699836541371
1980-05-09,0.4110484704940454,0.39967486461902574,0.397343518920061,0.00250191813723849,-0.004503452647029449
1980-08-09,0.4250592120625813,0.4530430082082925,0.4000011119636166,0.014010741568535878,0.011508823431297388
1980-09-09,0.4240584448076859,0.4492309979519164,0.4022027999243865,-0.001000767254895396,-0.015011508823431274
1980-10-09,0.4347332955265704,0.489892440686596,0.40453236370105977,0.010674850718884521,0.011675617973779917
1980-11-09,0.4263935684024419,0.45812568855012764,0.4062447876705475,-0.008339727124128504,-0.019014577843013025
1980-12-09,0.4340661173566401,0.48735110051567826,0.4076180627369873,0.007672548954198166,0.01601227607832667
1980-01-10,0.4317309937618842,0.47845640991746746,0.409352725978806,-0.0023351235947559057,-0.010007672548954072
1980-02-10,0.4208893485005171,0.43715963214005865,0.41090391522389397,-0.01084164526136705,-0.008506521666611144
1980-03-10,0.4173866631083832,0.42381759624274207,0.4124717839232301,-0.003502685392133942,0.007338959869233108
1980-06-10,0.4273943356573373,0.46193769880650376,0.41281649264436077,0.010007672548954127,0.01351035794108807
1980-07-10,0.4291623578076526,0.46867225025943526,0.41318677652867203,0.001768022150315296,-0.008239650398638831
1980-08-10,0.4283951029122327,0.4657497090628799,0.41348700670514066,-0.0007672548954198999,-0.002535277045735196
1980-09-10,0.4370684191213264,0.498787131284807,0.4140096296049194,0.008673316209093673,0.009440571104513573
1980-10-10,0.4338993228141576,0.48671576547294926,0.4144043766887948,-0.0031690963071687728,-0.011842412516262446
1980-03-11,0.4040430997097775,0.3729907928243924,0.4133591308892373,-0.02985622310438013,-0.026687126797211358
1980-04-11,0.4077125796443941,0.3869681637644388,0.4128031490809621,0.0036694799346166374,0.03352570303899677
1980-05-11,0.4117156486639757,0.40221620478994324,0.41270307235547254,0.004003069019581584,0.000333589084964947
1980-06-11,0.3983720852653701,0.35138940137159397,0.41192469782388724,-0.013343563398605596,-0.01734663241818718
1980-07-11,0.3743536711478801,0.25990115521856555,0.411346476743281,-0.024018414117490006,-0.01067485071888441
1980-10-11,0.3853621109517297,0.30183326803870353,0.41094061002324006,0.011008439803849579,0.035026853921339585
1980-11-11,0.3760216165727058,0.2662545056458591,0.4102289533086478,-0.0093404943790239,-0.02034893418287348
1980-12-11,0.3900323581412416,0.3196226492351257,0.4100454793119169,0.014010741568535823,0.023351235947559723
1980-01-12,0.400373619775161,0.3590134218843466,0.4101677953097375,0.010341261633919407,-0.0036694799346164153
1980-02-12,0.3950361944157188,0.338682700517007,0.4101010774927445,-0.005337425359442205,-0.015678686993361612
1980-03-12,0.3952029889582013,0.339318035559736,0.4103290300341373,0.0001667945424824735,0.0055042199019246785
1980-04-12,0.398038496180405,0.35011873128613535,0.41091837075090903,0.0028355072222037148,0.0026687126797212413
1980-05-12,0.388364412716416,0.3132692988078323,0.4106570593010197,-0.009674083463989014,-0.012509590686192729
1980-08-12,0.3885312072588985,0.3139046338505615,0.41015111585548925,0.000166794542482529,0.009840878006471543
1980-09-12,0.3796910965073223,0.28023187658590515,0.40942277968664864,-0.008840110751576202,-0.009006905294058731
1980-10-12,0.3630116422590653,0.21669837231296848,0.4079049493500573,-0.01667945424825701,-0.007839343496680806
1980-11-12,0.3490009006905294,0.16333022872370176,0.40583669702327346,-0.014010741568535878,0.0026687126797211302
1980-12-12,0.3521699969976983,0.17540159453555992,0.4034070565211107,0.003169096307168884,0.017179837875704762
1981-05-01,0.3753544384027755,0.26371316547494167,0.40178358964094696,0.023184441405077194,0.02001534509790831
1981-06-01,0.3765220002001535,0.2681605107740472,0.3998432131300664,0.0011675617973779806,-0.022016879607699213
1981-07-01,0.367014711278647,0.23194641333847335,0.39786391789260656,-0.009507288921506485,-0.010674850718884465
1981-08-01,0.3601761350368616,0.20589767658656918,0.39540091848194725,-0.00683857624178541,0.0026687126797210747
1981-09-01,0.3621776695466525,0.2135216970993218,0.3930824743414396,0.002001534509790903,0.008840110751576313
1981-12-01,0.3516696133702506,0.17349558940737186,0.3907751498370973,-0.010508056176401881,-0.012509590686192784
1981-02-02,0.3059679087300264,-0.0005862123004745513,0.3870611913578188,-0.04570170464022422,-0.035193648463822336
1981-03-02,0.3011308669980319,-0.019010928539626076,0.3828524090691753,-0.004837041731994507,0.04086466290822971
1981-04-02,0.3136404576842246,0.02863919966507629,0.379001679065061,0.012509590686192729,0.017346632418187236
1981-05-02,0.3093037995796778,0.012120488554112817,0.37503196895397584,-0.004336658104546809,-0.016846248790739538
1981-06-02,0.3106381559195383,0.017203168895947554,0.37081762684724956,0.0013343563398605096,0.0056710144444073185
1981-09-02,0.3186442939587017,0.04769925094695724,0.3669757925520677,0.00800613803916339,0.006671781699302881
1981-10-02,0.3233145411482137,0.06548863214337955,0.36428484060001565,0.004670247189511978,-0.003335890849651413
1981-11-02,0.3109717450045035,0.018473838981406396,0.36106014611201925,-0.0123427961437102,-0.017013043333222178
1981-12-02,0.303799579677753,-0.008845567855956183,0.3574629438124785,-0.007172165326750468,0.0051706308169597315
1981-02-03,0.2872869199719786,-0.0717437370861634,0.35376010496936544,-0.016512659705774424,-0.009340494379023956
1981-03-03,0.2909563999065951,-0.05776636614611739,0.35098019592798924,0.0036694799346165263,0.02018213964039095
1981-04-03,0.2872869199719786,-0.0717437370861634,0.34771102289533096,-0.0036694799346165263,-0.007338959869233053
1981-05-03,0.2846182072922574,-0.0819090977698335,0.3446642425859826,-0.0026687126797211858,0.0010007672548953406
1981-06-03,0.288287687226874,-0.06793172682978729,0.3412727535555037,0.003669479934616582,0.006338192614337768
1981-09-03,0.2931247289588685,-0.04950701059063576,0.33769779052829396,0.004837041731994507,0.001167561797377925
1981-10-03,0.3017980451679621,-0.016469588368708814,0.3345898522200354,0.008673316209093618,0.003836274477099111
1981-11-03,0.294459085298729,-0.044424330248801026,0.33123172209805296,-0.007338959869233108,-0.016012276078326726
1981-12-03,0.2956266470961071,-0.03997698494969508,0.32781799379524307,0.0011675617973780916,0.0085065216666112
1981-01-04,0.3198118557560797,0.052146596246062764,0.32553290856323186,0.02418520865997259,0.0230176468625945
1981-02-04,0.3233145411482137,0.06548863214337955,0.3233590196928757,0.0035026853921339973,-0.020682523267838593
1981-03-04,0.3256496647429696,0.07438332274159039,0.32155763863406395,0.0023351235947559057,-0.0011675617973780916
1981-06-04,0.3328218300697201,0.10170272957895318,0.32055131156108574,0.007172165326750524,0.004837041731994618
1981-07-04,0.3198118557560797,0.052146596246062764,0.31957834339660407,-0.013009974313640427,-0.02018213964039095
1981-08-04,0.3159755812789806,0.03753389026328755,0.31837186287264685,-0.0038362744770990553,0.009173699836541371
1981-09-04,0.312306101344364,0.023556519323241133,0.31627025163736644,-0.0036694799346166374,0.00016679454248241798
1981-10-04,0.3059679087300264,-0.0005862123004745513,0.3139184485883622,-0.006338192614337601,-0.0026687126797209637
1981-01-05,0.3019648397104447,-0.015834253325979392,0.3117501195360888,-0.004003069019581695,0.0023351235947559057
1981-05-05,0.294459085298729,-0.044424330248801026,0.30955955121148443,-0.007505754411715693,-0.0035026853921339973
1981-06-05,0.2982953597758281,-0.029811624266025603,0.30743014088579024,0.003836274477099111,0.011342028888814804
1981-07-05,0.2954598525536245,-0.0406123199924245,0.3055564821919027,-0.0028355072222036037,-0.006671781699302715
1981-08-05,0.3007972779130667,-0.02028159862508492,0.3053841278313374,0.005337425359442205,0.008172932581645809
1981-11-05,0.3056343196450612,-0.0018568823859333938,0.30553424291957165,0.004837041731994507,-0.000500383627447698
1981-12-05,0.2996297161156887,-0.024728943924190446,0.3050672182006205,-0.0060046035293724875,-0.010841645261366994
1981-01-06,0.299129332488241,-0.02663494905237871,0.3047280692975726,-0.0005003836274477536,0.005504219901924734
1981-02-06,0.2929579344163859,-0.050142345633365185,0.3041387285808009,-0.006171398071855072,-0.0056710144444073185
1981-03-06,0.2939587016712813,-0.04633033537698908,0.3033158755045535,0.001000767254895396,0.007172165326750468
1981-04-06,0.2852853854621877,-0.07936775759891602,0.302048236981686,-0.008673316209093618,-0.009674083463989014
1981-05-06,0.283617440037362,-0.08572110802620961,0.3011364268161146,-0.0016679454248256786,0.007005370784267939
1981-08-06,0.2926243453314208,-0.05141301571882381,0.3007639190045702,0.009006905294058787,0.010674850718884465
1981-09-06,0.2839510291223271,-0.08445043794075097,0.3006527226429151,-0.008673316209093673,-0.01768022150315246
1981-10-06,0.287120125429496,-0.07237907212889282,0.3005248468270118,0.003169096307168884,0.011842412516262557
1981-11-06,0.2864529472595657,-0.0749204122998103,0.300497047736598,-0.0006671781699302826,-0.0038362744770991664
1981-12-06,0.2916235780765254,-0.05522502597519992,0.30073056009607374,0.005170630816959676,0.0058378089868899585
1981-01-07,0.2582646695800114,-0.18229203452107318,0.2997297928411783,-0.03335890849651402,-0.03852953931347369
1981-02-07,0.2532608333055343,-0.20135208580295413,0.2984009963194004,-0.0050038362744770915,0.028355072222036926
1981-03-07,0.2529272442205691,-0.20262275588841297,0.296771969621154,-0.00033358908496516904,0.004670247189511922
1981-06-07,0.2460886679787837,-0.22867149264031714,0.2951596223771559,-0.00683857624178541,-0.006504987156820241
1981-07-07,0.2469226406911966,-0.22549481742667013,0.2935361554969921,0.0008339727124128948,0.007672548954198305
1981-08-07,0.2420855989592021,-0.24391953366582164,0.2909452802704296,-0.004837041731994507,-0.005671014444407402
1981-09-07,0.2477566134036095,-0.22231814221302312,0.2884266826789428,0.005671014444407402,0.010508056176401909
1981-10-07,0.2545951896453948,-0.1962694054611194,0.2860582001756903,0.006838576241785299,0.0011675617973778973
1981-03-08,0.2385829135670681,-0.25726156956313845,0.28291690295893523,-0.016012276078326698,-0.022850852320111997
1981-04-08,0.2377489408546552,-0.26043824477678545,0.2801814724622211,-0.0008339727124128948,0.015178303365913803
1981-05-08,0.2385161957500751,-0.25751570358023007,0.2775994929445908,0.0007672548954198999,0.0016012276078327947
1981-06-08,0.2390832971945158,-0.2553555644349504,0.27515873280626263,0.000567101444440693,-0.0002001534509792069
1981-07-08,0.2417520098742369,-0.2451902037512806,0.2730182028444029,0.0026687126797211025,0.0021016112352804095
1981-10-08,0.239416886279481,-0.25408489434949144,0.27093327106337084,-0.0023351235947559057,-0.005003836274477008
1981-11-08,0.2442539280114755,-0.2356601781103399,0.26925976582046235,0.004837041731994507,0.007172165326750413
1981-12-08,0.2552623678153251,-0.19372806529020192,0.2678253327551123,0.011008439803849579,0.006171398071855072
1981-01-09,0.2579310804950462,-0.183562704606532,0.266574373686493,0.0026687126797211302,-0.008339727124128449
1981-02-09,0.2636020949394536,-0.1619613131537336,0.26533453425403924,0.005671014444407374,0.0030023017646862438
1981-03-09,0.2679387530440004,-0.14544260204277012,0.26407801536733716,0.004336658104546809,-0.0013343563398605651
1981-04-09,0.2699402875537913,-0.1378185815300175,0.2630883677486073,0.002001534509790903,-0.0023351235947559057
1981-07-09,0.2679387530440004,-0.14544260204277012,0.26204868176713264,-0.002001534509790903,-0.004003069019581806
1981-08-09,0.2696066984688261,-0.13908925161547633,0.26127030723554723,0.0016679454248257342,0.0036694799346166374
1981-09-09,0.268105547586483,-0.1448072670000407,0.26040853543272063,-0.0015011508823431496,-0.003169096307168884
1981-10-09,0.2779464255929546,-0.10732249947900803,0.26016390343707957,0.009840878006471654,0.011342028888814804
1981-11-09,0.2757780965406812,-0.11558185503448987,0.2599025919871902,-0.002168329052273432,-0.012009207058745086
1981-01-10,0.268105547586483,-0.1448072670000407,0.2590852987290256,-0.007672548954198222,-0.0055042199019247895
1981-02-10,0.266937985789105,-0.14925461229914624,0.25851819728458486,-0.0011675617973779806,0.006504987156820241
1981-05-10,0.2711078493511692,-0.13337123623091218,0.2579844547486407,0.004169863562064224,0.005337425359442205
1981-06-10,0.2722754111485472,-0.12892389093180665,0.25751187021160665,0.0011675617973779806,-0.0030023017646862438
1981-07-10,0.273943356573373,-0.12257054050451266,0.25692252949483496,0.0016679454248257897,0.0005003836274478091
1981-08-10,0.2724422056910298,-0.12828855588907723,0.2573951140318689,-0.0015011508823432052,-0.003169096307168995
1981-09-10,0.2792807819328152,-0.10223981913717307,0.2582624456527783,0.00683857624178541,0.008339727124128615
1981-12-10,0.276612069253094,-0.11240517982084318,0.2590519398205291,-0.0026687126797211858,-0.009507288921506596
1981-02-11,0.2636020949394536,-0.1619613131537336,0.2596357207192181,-0.013009974313640427,-0.010341261633919241
1981-03-11,0.2624345331420756,-0.16640865845283911,0.260152783800914,-0.0011675617973779806,0.011842412516262446
1981-04-11,0.2644360676518665,-0.1587846379400865,0.2608977994240029,0.002001534509790903,0.003169096307168884
1981-05-11,0.2626013276845582,-0.1657733234101097,0.2613926232333678,-0.0018347399673083187,-0.003836274477099222
1981-06-11,0.2624345331420756,-0.16640865845283911,0.2616539346832572,-0.00016679454248258452,0.0016679454248257342
1981-09-11,0.263435300396971,-0.16259664819646302,0.26248234757758726,0.001000767254895396,0.0011675617973779806
1981-10-11,0.2559295459852554,-0.19118672511928422,0.2630883677486073,-0.007505754411715582,-0.008506521666610978
1981-11-11,0.2515928878807086,-0.2077054362302477,0.26352425748629504,-0.004336658104546809,0.0031690963071687728
1981-12-11,0.2512592987957434,-0.20897610631570676,0.263930124206336,-0.00033358908496522455,0.004003069019581584
1981-01-12,0.2452546952663709,-0.2318481678539638,0.26404688038607377,-0.0060046035293724875,-0.005671014444407263
1981-02-12,0.2480902024885746,-0.22104747212756448,0.2643359909263769,0.0028355072222037148,0.008840110751576202
1981-03-12,0.2545951896453948,-0.1962694054611194,0.2646806996475075,0.006504987156820186,0.003669479934616471
1981-04-12,0.2609333822597325,-0.1721266738374033,0.2648697334623211,0.006338192614337712,-0.0001667945424824735
1981-07-12,0.2547619841878774,-0.19563407041838998,0.2647640969187488,-0.0061713980718551276,-0.01250959068619284
1981-08-12,0.253761216932982,-0.19944608067476607,0.26443606765186645,-0.001000767254895396,0.0051706308169597315
1981-09-12,0.2504253260833306,-0.21215278152935324,0.26385228675317746,-0.0033358908496513573,-0.002335123594755961
1981-10-12,0.2472562297761617,-0.2242241473412115,0.2630961514939231,-0.0031690963071689116,0.00016679454248244574
1981-11-12,0.2500917369983654,-0.2134234516148123,0.2625012509590686,0.002835507222203687,0.0060046035293725986
1982-04-01,0.2402508589918938,-0.25090821913584477,0.2615227229765042,-0.009840878006471598,-0.012676385228675285
1982-05-01,0.2459218734363012,-0.22930682768304622,0.26078326717149813,0.005671014444407402,0.015511892450879
1982-06-01,0.2445875170964406,-0.2343895080248813,0.2596713035549477,-0.0013343563398605929,-0.007005370784267995
1982-07-01,0.2412516262467892,-0.24709620887946865,0.25852042121181795,-0.003335890849651413,-0.00200153450979082
1982-08-01,0.2437535443840278,-0.23756618323852796,0.2577086877717361,0.0025019181372386012,0.005837808986890014
1982-11-01,0.2357474063448644,-0.26806226528953764,0.2566690017902615,-0.00800613803916339,-0.010508056176401992
1982-12-01,0.2362477899723121,-0.2661562601613496,0.2555069998109662,0.000500383627447698,0.008506521666611089
1982-01-02,0.2299095973579745,-0.2902989917850653,0.2540948060179471,-0.006338192614337601,-0.006838576241785299
1982-02-02,0.2296760849984989,-0.2911884608448864,0.2526192302987847,-0.00023351235947560722,0.006104680254861994
1982-03-02,0.228908830103079,-0.2941110020414418,0.2511681177791863,-0.0007672548954198999,-0.0005337425359442927
1982-04-02,0.2327451045801781,-0.2794982960586664,0.2496169285340984,0.003836274477099111,0.004603529372519011
1982-05-02,0.2330786936651433,-0.27822762597320744,0.24816581601450002,0.0003335890849651968,-0.003502685392133914
1982-08-02,0.230076391900457,-0.2896636567423362,0.24704829257986682,-0.0030023017646862993,-0.003335890849651496
1982-09-02,0.2292424191880442,-0.29284033195598286,0.24594188878139905,-0.0008339727124128116,0.0021683290522734877
1982-10-02,0.2316776195082897,-0.28356444033213424,0.24484994050994655,0.0024352003202454953,0.003269173032658307
1982-11-02,0.2302431864429396,-0.28902832169960674,0.24377133580189259,-0.0014344330653500992,-0.0038696333855955944
1982-12-02,0.2285752410181139,-0.29538167212690036,0.24264269273109385,-0.0016679454248256786,-0.00023351235947557947
1982-01-03,0.2177335957567469,-0.336678449904309,0.24111930257641973,-0.010841645261367022,-0.009173699836541344
1982-02-03,0.2177335957567469,-0.336678449904309,0.23984610423546945,0.0,0.010841645261367022
1982-03-03,0.2127297594822697,-0.3557385011861904,0.23855066662218813,-0.0050038362744772025,-0.0050038362744772025
1982-04-03,0.2078927177502752,-0.3741632174253418,0.23710511392067254,-0.004837041731994479,0.0001667945424827233
1982-05-03,0.205157287253561,-0.3845827121261036,0.2357685336535789,-0.0027354304967142085,0.0021016112352802707
1982-08-03,0.1972178670313907,-0.4148246601600214,0.2340727891383394,-0.007939420222170313,-0.005203989725456104
1982-09-03,0.1963838943189779,-0.41800133537366796,0.23213241262745885,-0.0008339727124127838,0.007105447509757529
1982-10-03,0.1988858124562164,-0.4084713097327277,0.23006416030067497,0.00250191813723849,0.003335890849651274
1982-11-03,0.1980518397438035,-0.4116479849463747,0.2281738221525392,-0.0008339727124128948,-0.003335890849651385
1982-12-03,0.1923808252993962,-0.4332493763991728,0.2261278090980863,-0.005671014444407291,-0.004837041731994396
1982-01-04,0.1948827434366347,-0.4237193507582325,0.2242763896765298,0.00250191813723849,0.008172932581645781
1982-02-04,0.1953831270640825,-0.4218133456300441,0.22254728625279382,0.0005003836274478091,-0.002001534509790681
1982-05-04,0.2018881142209027,-0.39703527896359897,0.22094049882687836,0.006504987156820186,0.0060046035293723765
1982-06-04,0.2072255395803449,-0.37670455759625937,0.21983965484649343,0.005337425359442205,-0.0011675617973779806
1982-07-04,0.2128965540247523,-0.3551031661434609,0.21873881086610847,0.005671014444407402,0.0003335890849651968
1982-08-04,0.2112286085999266,-0.36145651657075456,0.217626847249558,-0.0016679454248257064,-0.007338959869233108
1982-04-05,0.2047236214431064,-0.38623458323719967,0.21640924708943524,-0.006504987156820186,-0.004837041731994479
1982-05-05,0.2024885745738399,-0.3947480728097734,0.2150337480957623,-0.0022350468692665104,0.004269940287553675
1982-06-05,0.1998865797111119,-0.40465929947635115,0.21383838720797055,-0.0026019948627279965,-0.0003669479934614861
1982-07-05,0.2000533742535944,-0.4040239644336221,0.21263190668401327,0.00016679454248250125,0.0027687894052104978
1982-10-05,0.1962170997764953,-0.4186366704163975,0.21150882343129732,-0.003836274477099111,-0.004003069019581612
1982-11-05,0.1983854288287687,-0.4103773148609158,0.210465801558973,0.0021683290522734044,0.006004603529372515
1982-12-05,0.197885045201321,-0.4122833199891038,0.20943167539558108,-0.000500383627447698,-0.0026687126797211025
1982-01-06,0.1893785235347099,-0.44468540716830157,0.20798612269406544,-0.008506521666611089,-0.00800613803916339
1982-02-06,0.1892117289922273,-0.4453207422110311,0.20652389053830159,-0.00016679454248261227,0.008339727124128476
1982-03-06,0.1904460086065984,-0.4406192628948334,0.2052028777618396,0.0012342796143711143,0.0014010741568537266
1982-04-06,0.1893785235347099,-0.44468540716830157,0.20387408124006182,-0.001067485071888502,-0.0023017646862596164
1982-07-06,0.1937151816392567,-0.4281666960573382,0.20260866664442737,0.004336658104546781,0.005404143176435283
1982-08-06,0.1960503052340128,-0.4192720054591266,0.20146890393746317,0.0023351235947561,-0.002001534509790681
1982-09-06,0.1942155652667044,-0.42626069092915014,0.20032358141241616,-0.001834739967308402,-0.004169863562064502
1982-10-06,0.1947159488941522,-0.42435468580096164,0.19955632651699634,0.0005003836274478091,0.002335123594756211
1982-11-06,0.1937151816392567,-0.4281666960573382,0.19875571271307998,-0.001000767254895507,-0.0015011508823433162
1982-01-07,0.1837075090903026,-0.46628679862109973,0.1977883043666811,-0.0100076725489541,-0.009006905294058593
1982-02-07,0.1853754545151282,-0.4599334481938064,0.19703772892550953,0.0016679454248256231,0.011675617973779723
1982-05-07,0.187043399939954,-0.45358009776651237,0.19643393268172263,0.0016679454248257897,1.6653345369377348e-16
1982-06-07,0.1842078927177503,-0.4643807934929117,0.19600026687126795,-0.0028355072222037148,-0.004503452647029504
1982-07-07,0.1813723854955466,-0.4751814892193109,0.19549988324382025,-0.002835507222203687,2.7755575615628914e-17
1982-08-07,0.185875838142576,-0.458027443065618,0.19506621743336558,0.004503452647029393,0.00733895986923308
1982-09-07,0.1958835106915302,-0.419907340501856,0.19499393979828977,0.01000767254895421,0.005504219901924817
1982-12-07,0.2055575941555192,-0.38305790802355305,0.19543316542682723,0.009674083463988986,-0.00033358908496522455
1982-02-08,0.2111285318744371,-0.36183771759639205,0.1959746917080873,0.0055709377189178955,-0.004103145745071091
1982-03-08,0.2097274577175835,-0.3671745319553187,0.196452836063204,-0.0014010741568535878,-0.006972011875771483
1982-04-08,0.2077259232077926,-0.3747985524680713,0.19664742969610036,-0.002001534509790903,-0.0006004603529373154
1982-05-08,0.2078927177502752,-0.3741632174253418,0.19666966896843135,0.00016679454248261227,0.0021683290522735155
1982-06-08,0.2067251559528972,-0.37861056272444743,0.1964639556993695,-0.0011675617973780084,-0.0013343563398606206
1982-09-08,0.2008873469660073,-0.4008472892199751,0.19611924697823885,-0.005837808986889903,-0.004670247189511895
1982-10-08,0.2023884978483504,-0.3951292738354109,0.1960414095250803,0.0015011508823430941,0.007338959869232997
1982-11-08,0.1992194015411816,-0.40720063964726877,0.19593243709065838,-0.0031690963071688005,-0.004670247189511895
1982-12-08,0.2000533742535944,-0.4040239644336221,0.1959379969087411,0.0008339727124128116,0.004003069019581612
1982-01-09,0.2470894352336792,-0.2248594823839406,0.19750586560807729,0.04703606098008481,0.046202088267672
1982-02-09,0.2500917369983654,-0.2134234516148123,0.1993016868488063,0.0030023017646861883,-0.04403375921539862
1982-03-09,0.2802815491877106,-0.09842780888079697,0.2020315575274377,0.03018981218934519,0.027187510424659
1982-06-09,0.2929579344163859,-0.050142345633365185,0.2052006538346065,0.012676385228675313,-0.017513426960669876
1982-07-09,0.2976281816058979,-0.03235296443694287,0.2088089757703128,0.004670247189511978,-0.008006138039163335
1982-08-09,0.2822830836975015,-0.09080378836804434,0.2119113542604886,-0.015345097908396388,-0.020015345097908366
1982-09-09,0.2876205090569437,-0.07047306700070476,0.21515050427550012,0.005337425359442205,0.020682523267838593
1982-10-09,0.2789471928478501,-0.1035104892226317,0.21813612658593812,-0.008673316209093618,-0.014010741568535823
1982-01-10,0.2449211061814057,-0.23311883793942276,0.2198429907373431,-0.03402608666644438,-0.025352770457350765
1982-04-10,0.2352470227174167,-0.2699682704177257,0.22114954798678987,-0.009674083463988986,0.024352003202455397
1982-05-10,0.2370817626847249,-0.262979584947703,0.22257842123405724,0.00183473996730818,0.011508823431297166
1982-06-10,0.2462554625212663,-0.22803615759758772,0.2242964050216277,0.009173699836541399,0.007338959869233219
1982-07-10,0.2559295459852554,-0.19118672511928422,0.22637021716649433,0.009674083463989125,0.0005003836274477258
1982-08-10,0.2656036294492445,-0.15433729264098098,0.22910008784512573,0.00967408346398907,-5.551115123125783e-17
1982-11-10,0.2636020949394536,-0.1619613131537336,0.23170764252593656,-0.002001534509790903,-0.011675617973779973
1982-12-10,0.2711078493511692,-0.13337123623091218,0.23450979083964374,0.007505754411715637,0.00950728892150654
1982-01-11,0.2617673549721453,-0.1689499986237566,0.23709510624812358,-0.0093404943790239,-0.016846248790739538
1982-02-11,0.2642692731093839,-0.1594199729828159,0.23985833583525148,0.0025019181372386012,0.011842412516262502
1982-03-11,0.2619341495146279,-0.16831466358102717,0.24239361288098654,-0.0023351235947560167,-0.004837041731994618
1982-04-11,0.2600994095473196,-0.17530334905105038,0.2445341428428462,-0.0018347399673083187,0.000500383627447698
1982-05-11,0.2552623678153251,-0.19372806529020192,0.24619096863150638,-0.004837041731994507,-0.0030023017646861883
1982-08-11,0.2484237915735397,-0.21977680204210598,0.24743414395480984,-0.006838576241785382,-0.0020015345097908754
1982-09-11,0.2497581479134003,-0.2146941217002708,0.24876850029467035,0.0013343563398606206,0.008172932581646003
1982-10-11,0.2509257097107783,-0.21024677640116518,0.25020849317810323,0.0011675617973780084,-0.00016679454248261227
1982-11-11,0.244420722553958,-0.23502484306761082,0.25142609333822596,-0.006504987156820324,-0.007672548954198333
1982-12-11,0.2422523935016846,-0.24328419862309256,0.25261033458985227,-0.0021683290522734044,0.00433665810454692
1982-01-12,0.270440671181239,-0.13591257640182944,0.25492877873035996,0.028188277679554397,0.0303566067318278
1982-02-12,0.2744437402008207,-0.1206645353763246,0.257330620142109,0.004003069019581695,-0.0241852086599727
1982-03-12,0.2711078493511692,-0.13337123623091218,0.25972690173577523,-0.0033358908496514683,-0.007338959869233164
1982-06-12,0.2737765620308904,-0.12320587554724208,0.2621843413283518,0.0026687126797211858,0.006004603529372654
1982-07-12,0.2799479601027455,-0.0996984789662556,0.263279625490654,0.006171398071855072,0.0035026853921338863
1982-08-12,0.2736097674884078,-0.1238412105899715,0.26406355984032204,-0.006338192614337657,-0.012509590686192729
1982-09-12,0.2686059312139307,-0.14290126187185245,0.26367437257452936,-0.0050038362744770915,0.0013343563398605651
1982-10-12,0.2674383694165527,-0.14734860717095818,0.2628237204078683,-0.0011675617973780361,0.0038362744770990553
1983-04-01,0.276612069253094,-0.11240517982084318,0.26212318332944146,0.009173699836541316,0.010341261633919352
1983-05-01,0.2796143710177803,-0.10096914905171445,0.2620342262401174,0.0030023017646862993,-0.0061713980718550165
1983-06-01,0.2799479601027455,-0.0996984789662556,0.26177847460831083,0.00033358908496516904,-0.0026687126797211302
1983-07-01,0.2869533308870134,-0.07301440717162223,0.2620453458762829,0.007005370784267939,0.00667178169930277
1983-10-01,0.2929579344163859,-0.050142345633365185,0.2636465734841156,0.0060046035293724875,-0.0010007672548954516
1983-11-01,0.2999633052006539,-0.023458273838731603,0.2658037829002235,0.007005370784267995,0.001000767254895507
1983-12-01,0.2972945925209327,-0.03362363452240171,0.2678108772280971,-0.0026687126797211858,-0.00967408346398918
1983-01-02,0.3159755812789806,0.03753389026328755,0.2701348811866876,0.01868098875804791,0.021349701437769097
1983-02-02,0.3091370050371952,0.011485153511383395,0.2719084631550856,-0.00683857624178541,-0.025519564999833322
1983-03-02,0.3126396904293292,0.024827189408700184,0.2734763318544217,0.0035026853921339973,0.010341261633919407
1983-04-02,0.3093037995796778,0.012120488554112817,0.2749997220090959,-0.003335890849651413,-0.00683857624178541
1983-07-02,0.303799579677753,-0.008845567855956183,0.27608944635331534,-0.0055042199019247895,-0.0021683290522733767
1983-08-02,0.3084698268672649,0.008943813340465711,0.27764619541648605,0.004670247189511867,0.010174467091436656
1983-09-02,0.3051339360176135,-0.0037628875141214463,0.27900835084676034,-0.0033358908496513573,-0.008006138039163224
1983-10-02,0.3076358541548521,0.005767138126819239,0.2805317410014344,0.0025019181372386012,0.0058378089868899585
1983-11-02,0.3133068685992595,0.02736852957961766,0.2823053229698324,0.005671014444407374,0.0031690963071687728
1983-01-03,0.2529272442205691,-0.20262275588841297,0.2822274855166739,-0.06037962437869038,-0.06605063882309775
1983-02-03,0.2636020949394536,-0.1619613131537336,0.2827334289622044,0.010674850718884465,0.07105447509757484
1983-03-03,0.2632685058544884,-0.16323198323919244,0.2831837742269073,-0.00033358908496516904,-0.011008439803849634
1983-04-03,0.2519264769656737,-0.20643476614478906,0.2832171331354038,-0.011342028888814693,-0.011008439803849523
1983-07-03,0.2574306968675985,-0.18546870973472007,0.28365079894585854,0.0055042199019247895,0.016846248790739482
1983-08-03,0.2552623678153251,-0.19372806529020192,0.2840844647563132,-0.002168329052273432,-0.007672548954198222
1983-09-03,0.2609333822597325,-0.1721266738374033,0.2837675551255963,0.0056710144444074295,0.007839343496680862
1983-10-03,0.2667711912466224,-0.14988994734187566,0.28351180349378974,0.005837808986889903,0.0001667945424824735
1983-11-03,0.257263902325116,-0.1861040447774493,0.2830503385929213,-0.00950728892150643,-0.015345097908396332
1983-05-04,0.2614337658871802,-0.17022066870921523,0.2826389120547976,0.004169863562064224,0.013677152483570654
1983-06-04,0.2626013276845582,-0.1657733234101097,0.28206069097419134,0.0011675617973779806,-0.0030023017646862438
1983-07-04,0.2607665877172499,-0.1727620088801327,0.2816325849818194,-0.0018347399673082632,-0.0030023017646862438
1983-08-04,0.2577642859525637,-0.18419803964926124,0.2812711968064405,-0.0030023017646862438,-0.0011675617973779806
1983-11-04,0.2614337658871802,-0.17022066870921523,0.28107104335546146,0.0036694799346165263,0.00667178169930277
1983-12-04,0.2654368349067619,-0.1549726276837104,0.28069853554391705,0.004003069019581695,0.00033358908496516904
1983-03-05,0.2659372185342096,-0.15306662255552234,0.28024263046113135,0.000500383627447698,-0.0035026853921339973
1983-04-05,0.2654368349067619,-0.1549726276837104,0.27975892628793186,-0.000500383627447698,-0.001000767254895396
1983-05-05,0.2661040130766922,-0.15243128751279292,0.2790639490275878,0.0006671781699302826,0.0011675617973779806
1983-06-05,0.2644360676518665,-0.1587846379400865,0.2781132201354372,-0.0016679454248256786,-0.002335123594755961
1983-09-05,0.2662708076191747,-0.1517959524700637,0.27699013688272117,0.0018347399673082077,0.0035026853921338863
1983-10-05,0.2727757947759949,-0.1270178858036186,0.27617284362455663,0.006504987156820186,0.004670247189511978
1983-11-05,0.2722754111485472,-0.12892389093180665,0.2747161712868755,-0.000500383627447698,-0.007005370784267884
1983-12-05,0.2701070820962739,-0.13718324648728808,0.27341517385551145,-0.002168329052273321,-0.0016679454248256231
1983-01-06,0.250258531540848,-0.21278811657208285,0.27133580189256207,-0.019848550555425892,-0.01768022150315257
1983-02-06,0.2519264769656737,-0.20643476614478906,0.26942322447209527,0.0016679454248257342,0.021516495980251626
1983-03-06,0.2512592987957434,-0.20897610631570676,0.2676718817760283,-0.0006671781699303381,-0.0023351235947560722
1983-06-06,0.2487573806585049,-0.21850613195664703,0.26568146690240296,-0.00250191813723849,-0.0018347399673081521
1983-07-06,0.2437535443840278,-0.23756618323852796,0.2636354538479501,-0.0050038362744770915,-0.0025019181372386012
1983-08-06,0.245588284351336,-0.23057749776850517,0.26156720152116625,0.0018347399673082077,0.006838576241785299
1983-09-06,0.2487573806585049,-0.21850613195664703,0.2594155519231411,0.003169096307168884,0.0013343563398606761
1983-10-06,0.2510925042532608,-0.20961144135843618,0.2593543939242308,0.0023351235947559057,-0.0008339727124129781
1983-01-07,0.2544283951029122,-0.19690474050384882,0.25904860392967943,0.003335890849651413,0.001000767254895507
1983-04-07,0.2542616005604297,-0.19754007554657801,0.2587483737532108,-0.000166794542482529,-0.003502685392133942
1983-05-07,0.2507589151682957,-0.21088211144389482,0.25870945502663156,-0.0035026853921339973,-0.0033358908496514683
1983-06-07,0.251359375521233,-0.20859490529006885,0.25850707764841935,0.0006004603529373154,0.004103145745071313
1983-07-07,0.2517596824231911,-0.2070701011875187,0.25839032146868157,0.0004003069019580807,-0.00020015345097923465
1983-08-07,0.2609333822597325,-0.1721266738374033,0.25839032146868157,0.009173699836541427,0.008773392934583346
1983-11-07,0.2639356840244187,-0.16069064306827496,0.25829580456127477,0.0030023017646861883,-0.006171398071855239
1983-12-07,0.2629349167695233,-0.16450265332465108,0.2584848383760884,-0.001000767254895396,-0.004003069019581584
1983-01-08,0.2510925042532608,-0.20961144135843618,0.2581401296549577,-0.011842412516262502,-0.010841645261367105
1983-02-08,0.2530940387630517,-0.20198742084568355,0.25782322002424085,0.002001534509790903,0.013843947026053405
1983-03-08,0.2509257097107783,-0.21024677640116518,0.25749519075735844,-0.0021683290522733767,-0.00416986356206428
1983-04-08,0.2529272442205691,-0.20262275588841297,0.2573339560329586,0.002001534509790792,0.004169863562064169
1983-05-08,0.2500917369983654,-0.2134234516148123,0.2569558884033315,-0.0028355072222037148,-0.004837041731994507
1983-08-08,0.2492577642859526,-0.21660012682845897,0.2564165860493045,-0.0008339727124128116,0.002001534509790903
1983-09-08,0.2522600660506389,-0.20516409605933023,0.2559606809665188,0.0030023017646862993,0.003836274477099111
1983-10-08,0.24909096974347,-0.2172354618711884,0.25541581879440906,-0.003169096307168884,-0.006171398071855183
1983-11-08,0.251426093338226,-0.20834077127297712,0.25492655480312687,0.0023351235947560167,0.0055042199019249005
1983-12-08,0.2518931180571772,-0.20656183315333504,0.2545084564833039,0.00046702471895115893,-0.0018680988758048578
1983-01-09,0.2546619074623878,-0.19601527144402767,0.2541214931447443,0.0027687894052106365,0.0023017646862594776
1983-02-09,0.2552623678153251,-0.19372806529020192,0.2535377122460553,0.0006004603529372599,-0.0021683290522733767
1983-05-09,0.2563298528872136,-0.18966192101673365,0.2530061936373442,0.0010674850718885298,0.00046702471895126996
1983-06-09,0.2557627514427728,-0.19182206016201386,0.2525280492822275,-0.0005671014444408318,-0.0016345865163293616
1983-07-09,0.2524268605931214,-0.20452876101660103,0.2526003269173033,-0.0033358908496513573,-0.0027687894052105255
1983-08-09,0.2529272442205691,-0.20262275588841297,0.2526336858257998,0.000500383627447698,0.0038362744770990553
1983-09-09,0.2534276278480168,-0.2007167507602249,0.2527059634608756,0.000500383627447698,0.0
1983-12-09,0.2540948060179471,-0.19817541058930743,0.25288387763952364,0.0006671781699302826,0.00016679454248258452
1983-03-10,0.2362477899723121,-0.2661562601613496,0.25263368582579976,-0.01784701604563499,-0.01851419421556527
1983-04-10,0.2392500917369984,-0.2547202293922209,0.2524224127386552,0.0030023017646862993,0.02084931781032129
1983-05-10,0.2365813790572772,-0.2648855900758911,0.2520165460186143,-0.0026687126797212135,-0.005671014444407513
1983-06-10,0.2395836808219635,-0.25344955930676233,0.25163291857090436,0.0030023017646862993,0.005671014444407513
1983-07-10,0.2418520865997264,-0.24480900272564313,0.25121370828746487,0.0022684057777629107,-0.0007338959869233885
1983-10-10,0.2442539280114755,-0.2356601781103399,0.2508801192024997,0.002401841411749095,0.0001334356339861842
1983-11-10,0.2429195716716149,-0.24074285845217497,0.2506188077526103,-0.0013343563398605929,-0.003736197751609688
1983-12-10,0.2400840644494112,-0.25154355417857427,0.2502429640502163,-0.0028355072222037148,-0.0015011508823431219
1983-01-11,0.2287420355605965,-0.2947463370841709,0.24947570915479647,-0.011342028888814693,-0.008506521666610978
1983-02-11,0.2322447209527304,-0.28140430118685444,0.24851942044456307,0.003502685392133914,0.014844714280948607
1983-03-11,0.2287420355605965,-0.2947463370841709,0.2473462988291023,-0.003502685392133914,-0.007005370784267828
1983-04-11,0.2309103646128699,-0.2864869815286892,0.24627881375721386,0.0021683290522734044,0.0056710144444073185
1983-07-11,0.2295760082730093,-0.29156966187052424,0.24556159722453882,-0.0013343563398605929,-0.0035026853921339973
1983-08-11,0.2317443373252827,-0.2833103063150425,0.24484994050994652,0.0021683290522734044,0.0035026853921339973
1983-09-11,0.2322447209527304,-0.28140430118685444,0.2442272408846783,0.000500383627447698,-0.0016679454248257064
1983-10-11,0.2314441071488141,-0.28445390939195525,0.24351113631561977,-0.0008006138039163002,-0.0013009974313639983
1983-11-11,0.2315775427828001,-0.283945641357772,0.2428939965084342,0.0001334356339859899,0.0009340494379022901
1983-01-12,0.2430863662140975,-0.24010752340944555,0.24268828323937244,0.011508823431297388,0.011375387797311398
1983-02-12,0.2440871334689929,-0.23629551315306935,0.24241585215331754,0.0010007672548954238,-0.010508056176401964
1983-05-12,0.2417520098742369,-0.2451902037512806,0.24217122015767642,-0.0023351235947560167,-0.0033358908496514406
1983-06-12,0.2415852153317543,-0.24582553879401003,0.24184319089079406,-0.00016679454248258452,0.002168329052273432
1983-07-12,0.2434199552990626,-0.2388368533239869,0.24156075213219022,0.001834739967308291,0.0020015345097908754
1983-08-12,0.2442539280114755,-0.2356601781103399,0.2412138194838265,0.0008339727124128948,-0.001000767254895396
1983-09-12,0.2360809954298295,-0.26679159520407913,0.24057444040430997,-0.008172932581646003,-0.009006905294058898
1983-12-12,0.2377489408546552,-0.26043824477678545,0.23995507666989135,0.0016679454248257064,0.00984087800647171
1984-03-01,0.2322447209527304,-0.28140430118685444,0.23917114232022327,-0.0055042199019247895,-0.007172165326750496
1984-04-01,0.2262401174233579,-0.3042763627251116,0.23829825088123116,-0.006004603529372515,-0.0005003836274477258
1984-05-01,0.2270740901357708,-0.3010996875114646,0.23743647907840454,0.0008339727124128948,0.00683857624178541
1984-06-01,0.2270740901357708,-0.3010996875114646,0.23655802782132967,0.0,-0.0008339727124128948
1984-09-01,0.2204023084364679,-0.32651308922063954,0.23543494456861372,-0.006671781699302881,-0.006671781699302881
1984-10-01,0.2244053774560496,-0.31126504819513473,0.2350401974847383,0.004003069019581695,0.010674850718884576
1984-11-01,0.2220702538612937,-0.3201597387933455,0.23446753622221478,-0.0023351235947559057,-0.006338192614337601
1984-12-01,0.2225706374887414,-0.31825373366515747,0.23400051150326362,0.000500383627447698,0.0028355072222036037
1984-01-02,0.2290089068285686,-0.293729801015804,0.2336480190368171,0.006438269339827191,0.005937885712379493
1984-02-02,0.232411515495213,-0.280768966144125,0.23333333333333334,0.0034026086666444078,-0.003035660673182783
1984-03-02,0.2323114387697235,-0.2811501671697625,0.23293525035860826,-0.0001000767254895063,-0.003502685392133914
1984-06-02,0.2307769289788838,-0.28699524956287287,0.2325304956021839,-0.0015345097908396887,-0.0014344330653501824
1984-07-02,0.230076391900457,-0.2896636567423362,0.23219690651721875,-0.0007005370784267939,0.0008339727124128948
1984-08-02,0.2344130500050039,-0.27314494563137237,0.23238594033203233,0.004336658104546892,0.005037195182973686
1984-09-02,0.2322447209527304,-0.28140430118685444,0.23238594033203236,-0.0021683290522734877,-0.00650498715682038
1984-10-02,0.2286753177436034,-0.295000471101263,0.2323837164047992,-0.00356940320912702,-0.0014010741568535323
1984-01-03,0.2387497081095507,-0.2566262345204089,0.2326450278546886,0.010074390365947317,0.013643793575074337
1984-02-03,0.2429195716716149,-0.24074285845217497,0.23308981330130876,0.004169863562064197,-0.00590452680388312
1984-05-03,0.2474897421356374,-0.22333467828139003,0.23361466012832063,0.004570170464022499,0.00040030690195830276
1984-06-03,0.2452546952663709,-0.2318481678539638,0.23404832593877528,-0.0022350468692665104,-0.00680521733328901
1984-07-03,0.2427527771291324,-0.24137819349490408,0.2344252816047859,-0.00250191813723849,-0.0002668712679719798
1984-08-03,0.2417520098742369,-0.2451902037512806,0.23476443050783377,-0.001000767254895507,0.001501150882342983
1984-09-03,0.2435200320245522,-0.2384556522983491,0.23477888603484895,0.001768022150315296,0.002768789405210803
1984-12-03,0.2407512426193415,-0.2490022140076567,0.2346676896731939,-0.002768789405210692,-0.004536811555525988
1984-02-04,0.2350468692664376,-0.270730672469001,0.23444418498626726,-0.005704373352903885,-0.0029355839476931933
1984-03-04,0.2305100577109117,-0.28801178563123975,0.2340750130655725,-0.004536811555525905,0.0011675617973779806
1984-04-04,0.2310771591553524,-0.28585164648596006,0.23366358652744884,0.000567101444440693,0.005103912999966598
1984-05-04,0.2310438002468559,-0.28597871349450593,0.23322324893529484,-3.335890849651135e-05,-0.0006004603529372043
1984-06-04,0.2304099809854222,-0.28839298665687724,0.23303421512048128,-0.0006338192614336879,-0.0006004603529371766
1984-09-04,0.2318444140507722,-0.2829291052894051,0.23283739756035182,0.0014344330653499882,0.002068252326783676
1984-10-04,0.2311438769723455,-0.28559751246886805,0.23280070276100567,-0.0007005370784266829,-0.002134970143776671
1984-11-04,0.2332454882076258,-0.2775922909304783,0.23303421512048128,0.0021016112352802985,0.0028021483137069814
1984-12-04,0.2315108249658071,-0.28419977537486363,0.23318210628148248,-0.0017346632418187014,-0.003836274477099
1984-01-05,0.2279080628481836,-0.2979230122978179,0.23320990537189623,-0.0036027621176235036,-0.0018680988758048023
1984-02-05,0.2284751642926243,-0.29576287315253824,0.23347900056710144,0.000567101444440693,0.004169863562064197
1984-03-05,0.2292424191880442,-0.29284033195598286,0.23364023529150127,0.0007672548954198999,0.0002001534509792069
1984-04-05,0.2280414984821697,-0.29741474426363423,0.23383927677886382,-0.001200920705874492,-0.001968175601294392
1984-08-05,0.2245721719985322,-0.3106297131524053,0.23390599459585681,-0.0034693264836375137,-0.0022684057777630218
1984-09-05,0.2253060679854555,-0.3078342389643961,0.23378256663441974,0.0007338959869233053,0.004203222470560819
1984-10-05,0.2247389665410148,-0.3099943781096758,0.23352681500261313,-0.000567101444440693,-0.0013009974313639983
1984-11-05,0.2252393501684625,-0.3080883729814877,0.23329107871590443,0.000500383627447698,0.001067485071888391
1984-01-06,0.239416886279481,-0.25408489434949144,0.23357907729259103,0.01417753611101849,0.013677152483570792
1984-04-06,0.2375821463121727,-0.26107357981951457,0.23382926910631482,-0.001834739967308291,-0.01601227607832678
1984-05-06,0.239416886279481,-0.25408489434949144,0.2339960636487974,0.001834739967308291,0.003669479934616582
1984-06-06,0.2380158121226274,-0.25942170870841813,0.23418843335446066,-0.0014010741568535878,-0.0032358141241618787
1984-07-06,0.238382760116089,-0.2580239716144137,0.23451201476687683,0.0003669479934615971,0.001768022150315185
1984-08-06,0.2342462554625213,-0.2737802806741018,0.23436189967864252,-0.004136504653567685,-0.004503452647029282
1984-11-06,0.2319111318677653,-0.28267497127231306,0.2339949516851809,-0.0023351235947560167,0.0018013810588116685
1984-12-06,0.2269072955932882,-0.30173502255419404,0.23330887013376922,-0.0050038362744770915,-0.0026687126797210747
1984-02-07,0.2235714047436368,-0.3144417234087814,0.23258609378301143,-0.003335890849651413,0.0016679454248256786
1984-03-07,0.2224705607632519,-0.31863493469079496,0.23191001990414875,-0.0011008439803849024,0.0022350468692665104
1984-04-07,0.2229042265737065,-0.31698306357969885,0.2312817604607977,0.0004336658104546198,0.0015345097908395222
1984-05-07,0.2201020782599994,-0.327656692297552,0.2305011620019793,-0.00280214831370712,-0.00323581412416174
1984-06-07,0.2123961703973046,-0.35700917127164894,0.2295559929279114,-0.0077059078626947886,-0.004903759548987668
1984-09-07,0.2025552923908329,-0.3944939387926818,0.22847294036539126,-0.00984087800647171,-0.002134970143776921
1984-10-07,0.206391566867932,-0.3798812328099064,0.22766899067062527,0.003836274477099111,0.01367715248357082
1984-11-07,0.2030556760182807,-0.39258793366449335,0.22673494123272286,-0.0033358908496513018,-0.007172165326750413
1984-12-07,0.2043233145411482,-0.38775938733975035,0.22584425837586597,0.001267638522867487,0.004603529372518789
1984-01-08,0.2028888814757981,-0.39322326870722285,0.2249268883922118,-0.0014344330653500992,-0.002702071588217586
1984-02-08,0.2062247723254495,-0.3805165678526355,0.22407290033470106,0.003335890849651413,0.004770323915001512
1984-03-08,0.2097274577175835,-0.3671745319553187,0.22335901969287567,0.0035026853921339973,0.00016679454248258452
1984-06-08,0.2097274577175835,-0.3671745319553187,0.22257508534320758,0.0,-0.0035026853921339973
1984-07-08,0.204890415985589,-0.3855992481944702,0.22168773837720032,-0.004837041731994507,-0.004837041731994507
1984-08-08,0.2065583614104146,-0.379245897767177,0.22097608166260801,0.0016679454248255954,0.006504987156820102
1984-09-08,0.206391566867932,-0.3798812328099064,0.2202399617484516,-0.00016679454248258452,-0.00183473996730818
1984-10-08,0.2080595122927578,-0.37352788238261236,0.21953386485194207,0.0016679454248257897,0.0018347399673083742
1984-03-09,0.2065583614104146,-0.379245897767177,0.21881776028288355,-0.0015011508823432052,-0.003169096307168995
1984-04-09,0.2043566734496447,-0.3876323203312045,0.21814391033125397,-0.002201687960769888,-0.0007005370784266829
1984-05-09,0.2023884978483504,-0.3951292738354109,0.21737999132668376,-0.0019681756012943086,0.00023351235947557947
1984-06-09,0.2038896487306935,-0.3894112584508467,0.21668501406633975,0.0015011508823431219,0.0034693264836374305
1984-07-09,0.2033892651032458,-0.3913172635790348,0.2159566778974992,-0.0005003836274477258,-0.0020015345097908477
1984-10-09,0.2025219334823365,-0.3946210058012273,0.21472684613759435,-0.0008673316209092952,-0.00036694799346156937
1984-11-09,0.2037562130967075,-0.38991952648503,0.2135993150304122,0.0012342796143710033,0.0021016112352802985
1984-12-09,0.2025552923908329,-0.3944939387926818,0.21237059523412397,-0.001200920705874603,-0.0024352003202456063
1984-01-10,0.2071588217633519,-0.376958691613351,0.21134202888881473,0.004603529372519011,0.005804450078393614
1984-02-10,0.2070587450378623,-0.3773398926389888,0.21029789505287386,-0.00010007672548958957,-0.0047036060980086
1984-03-10,0.2092270740901358,-0.36908053708350674,0.20946392234046102,0.0021683290522734877,0.0022684057777630773
1984-04-10,0.2077259232077926,-0.3747985524680713,0.2086577487184619,-0.0015011508823432052,-0.003669479934616693
1984-05-10,0.2060913366914635,-0.38102483588681874,0.2079638834217344,-0.001634586516329084,-0.00013343563398587888
1984-08-10,0.2046235447176169,-0.38661578426283716,0.20733228808753376,-0.0014677919738466105,0.0001667945424824735
1984-09-10,0.2042232378156587,-0.38814058836538773,0.20672404398928065,-0.00040030690195819174,0.0010674850718884188
1984-10-10,0.2020549087633852,-0.39639994392086986,0.20602906672893662,-0.0021683290522735155,-0.0017680221503153237
1984-11-10,0.2022884211228608,-0.39551047486104873,0.20543527815769866,0.00023351235947560722,0.0024018414117491227
1984-12-10,0.202822163658805,-0.3934774027243148,0.20511614459974867,0.0005337425359442094,0.00030023017646860217
1984-01-11,0.1994195549921606,-0.4064382375959938,0.20501162001979295,-0.0034026086666444078,-0.003936351202588617
1984-02-11,0.2056243119725123,-0.38280377400646104,0.20498604485661226,0.006204756980351694,0.009607365646996102
1984-05-11,0.2051906461620576,-0.3844556451175575,0.2050572105280715,-0.0004336658104547031,-0.0066384227908063975
1984-06-11,0.2076258464823031,-0.3751797534937088,0.20516729492611,0.0024352003202454953,0.0028688661307001984
1984-07-11,0.2086266137371985,-0.3713677432373326,0.20535855266815667,0.0010007672548954238,-0.0014344330653500714
1984-08-11,0.2082930246522334,-0.37263841332279124,0.2054274944123828,-0.0003335890849651135,-0.0013343563398605374
1984-09-11,0.2080928712012543,-0.3734008153740665,0.20537300819517182,-0.00020015345097909587,0.00013343563398601765
1984-12-11,0.2073923341228275,-0.37606922255352987,0.2052951707420133,-0.0007005370784267939,-0.000500383627447698
1984-03-12,0.1965506888614605,-0.41736600033093857,0.20501717983787568,-0.010841645261367022,-0.010141108182940228
1984-04-12,0.1982186342862861,-0.41101264990364517,0.20473918893373808,0.0016679454248256231,0.012509590686192645
1984-05-12,0.1968175601294325,-0.41634946426257197,0.2044200553757881,-0.0014010741568536156,-0.0030690195816792387
1984-06-12,0.1973846615738733,-0.41418932511729184,0.20406422701849192,0.000567101444440804,0.0019681756012944196
1984-07-12,0.1948827434366347,-0.4237193507582325,0.20367503975269927,-0.0025019181372386012,-0.0030690195816794053
1984-10-12,0.194382359809187,-0.4256253558864206,0.20334256263135067,-0.000500383627447698,0.002001534509790903
1984-11-12,0.1947159488941522,-0.42435468580096164,0.20308681099954412,0.0003335890849651968,0.0008339727124128948
1984-12-12,0.193214798011809,-0.4300727011855262,0.20273098264224793,-0.0015011508823432052,-0.001834739967308402
1985-02-01,0.1805384127831337,-0.4783581644329579,0.20196928756491087,-0.012676385228675285,-0.01117523434633208
1985-03-01,0.1784034426393568,-0.4864904529798938,0.20116533787014487,-0.002134970143776893,0.010541415084898392
1985-04-01,0.1789705440837976,-0.4843303138346138,0.20033914890304788,0.0005671014444407763,0.0027020715882176694
1985-07-01,0.1757013710511392,-0.49678288067210946,0.19944401819172475,-0.00326917303265839,-0.0038362744770991664
1985-08-01,0.1782032891883778,-0.4872528550311688,0.19847883377255898,0.0025019181372386012,0.005771091169896991
1985-09-01,0.1772025219334823,-0.4910648652875453,0.1974836263357463,-0.001000767254895507,-0.0035026853921341083
1985-10-01,0.1794042098942522,-0.4826784427235177,0.19648953086255014,0.002201687960769916,0.003202455215665423
1985-11-01,0.1797044400707209,-0.4815348396466046,0.1955554814246478,0.00030023017646868544,-0.0019014577843012304
1985-01-02,0.1792707742602662,-0.48318671075770103,0.1946614626769412,-0.0004336658104547031,-0.0007338959869233885
1985-04-02,0.17770290556093,-0.4891588601593572,0.19376410803838498,-0.0015678686993362,-0.001134202888881497
1985-05-02,0.1782366480968742,-0.4871257880226233,0.19289788838109215,0.0005337425359442094,0.0021016112352804095
1985-06-02,0.1787703906328185,-0.4850927158858891,0.1921217377767399,0.0005337425359442927,8.326672684688674e-17
1985-07-02,0.1779697768289021,-0.48814232409099023,0.19131111630027464,-0.0008006138039163835,-0.0013343563398606761
1985-08-02,0.1767354972145312,-0.49284380340718714,0.19044156075213217,-0.00123427961437092,-0.00043366581045453656
1985-11-02,0.1769690095740067,-0.4919543343473663,0.1896932092381937,0.00023351235947552396,0.001467791973846444
1985-12-02,0.1785368782733429,-0.4859821849457101,0.18879029478155473,0.0015678686993362,0.0013343563398606761
1985-01-03,0.1683624111819061,-0.5247376225522017,0.187562686948883,-0.010174467091436823,-0.011742335790773023
1985-04-03,0.1692964606198085,-0.5211797463129172,0.18628504075346655,0.0009340494379024011,0.011108516529339224
1985-05-03,0.1687960769923608,-0.5230857514411053,0.18495735619530526,-0.000500383627447698,-0.0014344330653500992
1985-06-03,0.1684624879073956,-0.5243564215265641,0.183629671637144,-0.0003335890849651968,0.00016679454248250125
1985-07-03,0.1699302798812423,-0.5187654731505454,0.1823575852598103,0.0014677919738466938,0.0018013810588118906
1985-08-03,0.1708643293191447,-0.515207596911261,0.18113998509968754,0.0009340494379024011,-0.0005337425359442927
1985-11-03,0.1708643293191447,-0.515207596911261,0.18028377311494367,0.0,-0.0009340494379024011
1985-12-03,0.1691630249858224,-0.5216880143471009,0.1793152528049282,-0.001701304333322301,-0.001701304333322301
1985-01-04,0.1909463922340461,-0.4387132577666453,0.17911954720841533,0.021783367248223717,0.02348467158154602
1985-02-04,0.1893785235347099,-0.44468540716830157,0.1788526759404432,-0.0015678686993362,-0.023351235947559917
1985-03-04,0.1910464689595356,-0.43833205674100795,0.17872480012453992,0.0016679454248256786,0.0032358141241618787
1985-04-04,0.1880441671948494,-0.4497680875101363,0.17851352703739531,-0.0030023017646861883,-0.004670247189511867
1985-09-04,0.1922807485739067,-0.4336305774248103,0.1784323536933871,0.004236581379057303,0.007238883143743491
1985-10-04,0.1950495379791173,-0.423084015715503,0.1784935116922974,0.002768789405210609,-0.0014677919738466938
1985-11-04,0.1983854288287687,-0.4103773148609158,0.17908841222715194,0.003335890849651385,0.0005671014444407763
1985-12-04,0.1968175601294325,-0.41634946426257197,0.17970221614348778,-0.0015678686993362,-0.004903759548987585
1985-01-05,0.1852086599726457,-0.4605687832365355,0.1799101533397827,-0.011608900156786783,-0.010041031457450583
1985-02-05,0.1857090436000934,-0.45866277810834744,0.18024374242474783,0.000500383627447698,0.012109283784234481
1985-03-05,0.1853754545151282,-0.4599334481938064,0.1804828146023062,-0.0003335890849651968,-0.0008339727124128948
1985-07-05,0.185875838142576,-0.458027443065618,0.1807719251426093,0.0005003836274477813,0.0008339727124129781
1985-08-05,0.1854421723321213,-0.4596793141767144,0.18097319055720495,-0.0004336658104547031,-0.0009340494379024844
1985-09-05,0.1869433232144644,-0.4539612987921502,0.18121448666199638,0.0015011508823431219,0.001934816692797825
1985-10-05,0.1865430163125063,-0.45548610289470043,0.18145689473040438,-0.0004003069019581085,-0.0019014577843012304
1985-03-06,0.1889448577242553,-0.4463372782793977,0.1818316264691819,0.002401841411748984,0.0028021483137070924
1985-04-06,0.1873102712079261,-0.4525635616981455,0.18213408057288363,-0.001634586516329195,-0.004036427928078179
1985-05-06,0.1863428628615271,-0.45624850494597613,0.1823864963138406,-0.0009674083463989958,0.0006671781699301993
1985-06-06,0.1867431697634853,-0.45472370084342556,0.18267894274499336,0.00040030690195819174,0.0013677152483571875
1985-07-06,0.1864095806785202,-0.4559943709288841,0.183001412193793,-0.00033358908496508577,-0.0007338959869232775
1985-10-06,0.1848750708876805,-0.46183945332199455,0.18326494757091547,-0.0015345097908397165,-0.0012009207058746307
1985-11-06,0.1868766053974714,-0.4542154328092419,0.18354293847505307,0.002001534509790903,0.0035360443006306197
1985-12-06,0.1865430163125063,-0.45548610289470043,0.1841489586460731,-0.00033358908496508577,-0.002335123594755989
1985-01-07,0.1861427094105481,-0.457010906997251,0.18471050027243105,-0.00040030690195819174,-6.671781699310597e-05
1985-02-07,0.182373152750442,-0.4713694789629348,0.18516306946436714,-0.003769556660106116,-0.003369249758147924
1985-03-07,0.1837742269072956,-0.46603266460400805,0.1856734607643638,0.0014010741568536156,0.0051706308169597315
1985-04-07,0.1839076625412816,-0.4655243965698248,0.18613937351969845,0.0001334356339859899,-0.0012676385228676257
1985-05-07,0.1846081996197084,-0.46285598939036143,0.1865975025297172,0.0007005370784267939,0.000567101444440804
1985-08-07,0.1830403309203723,-0.46882813879201723,0.18700336924975813,-0.001567868699336089,-0.002268405777762883
1985-09-07,0.1867765286719819,-0.4545966338348793,0.1875904860392968,0.0037361977516096045,0.005304066450945694
1985-10-07,0.1867765286719819,-0.4545966338348793,0.18745149058722796,0.0,-0.0037361977516096045
1985-11-07,0.1859091970510725,-0.4579003760570722,0.18733584637110673,-0.0008673316209094062,-0.0008673316209094062
1985-12-07,0.1873102712079261,-0.4525635616981455,0.18721130644605308,0.0014010741568535878,0.002268405777762994
1985-01-08,0.1916135704039764,-0.4361719175957279,0.187330286553024,0.0043032991960502975,0.0029022250391967097
1985-02-08,0.1905460853320879,-0.440238061869196,0.18727246444496337,-0.001067485071888502,-0.0053707842679388
1985-05-08,0.1927144143843613,-0.43197870631371427,0.18719462699180484,0.0021683290522734044,0.0032358141241619065
1985-06-08,0.1900790606131367,-0.4420169999888382,0.18691774805128375,-0.002635353771224591,-0.004803682823497996
1985-07-08,0.1909797511425426,-0.43858619075809957,0.18672315441838744,0.0009006905294058898,0.003536044300630481
1985-08-08,0.1918804416719485,-0.4351553815273609,0.18694554714169753,0.0009006905294059175,2.7755575615628914e-17
1985-09-08,0.1913133402275078,-0.4373155206726406,0.18713235702927802,-0.0005671014444407207,-0.0014677919738466383
1985-12-08,0.1946492310771591,-0.4246088198180537,0.18744148291467905,0.0033358908496513018,0.0039029922940920225
1985-02-09,0.1999866564366014,-0.4042780984507137,0.18791184352447987,0.005337425359442316,0.002001534509791014
1985-03-09,0.195683357240551,-0.4206697425531317,0.18825321635476086,-0.0043032991960504086,-0.009640724555492725
1985-04-09,0.1942155652667044,-0.42626069092915014,0.18849562442316886,-0.0014677919738466105,0.002835507222203798
1985-05-09,0.1940487707242219,-0.42689602597187926,0.1887458162368927,-0.00016679454248250125,0.0013009974313641093
1985-06-09,0.188477833005304,-0.44811621639904026,0.18873024874626101,-0.0055709377189178955,-0.005404143176435394
1985-09-09,0.1897788304366681,-0.443160603065751,0.18881253405388573,0.0013009974313641093,0.006871935150282005
1985-10-09,0.1913133402275078,-0.4373155206726406,0.18897821663275177,0.0015345097908396887,0.00023351235947557947
1985-11-09,0.1907128798745705,-0.4396027268264665,0.18911054030312127,-0.0006004603529372876,-0.0021349701437769764
1985-12-09,0.1897121126196751,-0.44341473708284257,0.18922062470115977,-0.001000767254895396,-0.0004003069019581085
1985-01-10,0.1917136471294659,-0.4357907165700904,0.1894485772425526,0.002001534509790792,0.0030023017646861883
1985-02-10,0.1935150281882777,-0.428929098108613,0.18966985800224614,0.0018013810588118073,-0.00020015345097898485
1985-03-10,0.1934816692797811,-0.4290561651171592,0.18990114643448866,-3.335890849659462e-05,-0.001834739967308402
1985-04-10,0.195549921606565,-0.42117801058731497,0.1902147201743559,0.002068252326783898,0.0021016112352804928
1985-07-10,0.1940487707242219,-0.42689602597187926,0.19060390744014855,-0.0015011508823431219,-0.00356940320912702
1985-08-10,0.1944490776261801,-0.4253712218693286,0.19095973579744469,0.0004003069019582195,0.0019014577843013414
1985-09-10,0.1945825132601661,-0.42486295383514533,0.19131556415474085,0.0001334356339859899,-0.0002668712679722296
1985-10-10,0.1938819761817393,-0.42753136101460865,0.19162469004014188,-0.0007005370784267939,-0.0008339727124127838
1985-11-10,0.1939486939987323,-0.427277226997517,0.19198830214275386,6.671781699299495e-05,0.0007672548954197889
1985-01-11,0.1925476198418788,-0.4326140413564434,0.1921806718484171,-0.0014010741568535046,-0.0014677919738464995
1985-04-11,0.1937818994562498,-0.42791256204024614,0.19241418420789272,0.0012342796143710033,0.002635353771224508
1985-05-11,0.1932815158288021,-0.4298185671684342,0.19265992816715033,-0.000500383627447698,-0.0017346632418187014
1985-06-11,0.193148080194816,-0.43032683520261783,0.19285452180004667,-0.00013343563398610092,0.0003669479934615971
1985-07-11,0.1922140307569136,-0.4338847114419023,0.1928745371451446,-0.0009340494379024011,-0.0008006138039163002
1985-08-11,0.1915134936784868,-0.4365531186213657,0.19290678409002454,-0.0007005370784267939,0.00023351235947560722
1985-11-11,0.1922807485739067,-0.4336305774248103,0.1928923285630094,0.0007672548954198999,0.0014677919738466938
1985-12-11,0.1922807485739067,-0.4336305774248103,0.19296571816170174,0.0,-0.0007672548954198999
1985-02-12,0.1912132635020182,-0.43769672169827845,0.1929735019070176,-0.001067485071888502,-0.001067485071888502
1985-03-12,0.1919471594889416,-0.43490124751026893,0.19297572583425068,0.0007338959869233885,0.0018013810588118906
1985-04-12,0.19301464456083,-0.4308351032368011,0.19303243597869474,0.0010674850718884188,0.00033358908496503026
1985-05-12,0.1920805951229276,-0.4343929794760856,0.19294681478022035,-0.0009340494379024011,-0.00200153450979082
1985-06-12,0.1917470060379624,-0.4356636495615445,0.19267215976693242,-0.0003335890849651968,0.0006004603529372043
1985-09-12,0.188477833005304,-0.44811621639904026,0.19243197562575753,-0.003269173032658418,-0.002935583947693221
1985-10-12,0.1882109617373319,-0.4491327524674072,0.19223182217477844,-0.0002668712679720908,0.003002301764686327
1985-11-12,0.1872101944824365,-0.45294476272378326,0.1920038696333856,-0.001000767254895396,-0.0007338959869233053
1985-12-12,0.1885445508222971,-0.44786208238194825,0.19200609356061868,0.0013343563398605929,0.002335123594755989
1986-02-01,0.1944157187176836,-0.42549828887787444,0.19216065650331918,0.005871167895386498,0.004536811555525905
1986-03-01,0.1947159488941522,-0.42435468580096164,0.19227407679220737,0.00030023017646860217,-0.0055709377189178955
1986-06-01,0.195549921606565,-0.42117801058731497,0.1924353115166072,0.0008339727124128116,0.0005337425359442094
1986-07-01,0.1968842779464256,-0.4160953302454799,0.1926743836941655,0.0013343563398605929,0.0005003836274477813
1986-08-01,0.1986189411882443,-0.4094878458010946,0.19290456016279148,0.0017346632418187014,0.0004003069019581085
1986-09-01,0.1992194015411816,-0.40720063964726877,0.1930947059412216,0.0006004603529372876,-0.0011342028888814137
1986-10-01,0.203856289822197,-0.3895383254593925,0.1934405266259688,0.004636888281015411,0.0040364279280781235
1986-03-02,0.2084264602862194,-0.372130145288608,0.19386974458195727,0.004570170464022388,-6.67178169930227e-05
1986-04-02,0.202622010207826,-0.3942398047755898,0.19415551923141072,-0.005804450078393392,-0.01037462054241578
1986-05-02,0.2017546785869166,-0.3975435469977826,0.1943990392634353,-0.0008673316209094062,0.0049371184574839855
1986-06-02,0.2016212429529306,-0.39805181503196585,0.19463366358652745,-0.0001334356339859899,0.0007338959869234163
1986-07-02,0.2016879607699236,-0.3977976810148742,0.19489386307280027,6.671781699299495e-05,0.00020015345097898485
1986-10-02,0.2036561363712179,-0.3903007275106678,0.19521744448521647,0.0019681756012943086,0.0019014577843013136
1986-11-02,0.2007539113320212,-0.4013555572541587,0.19549098753488786,-0.0029022250391967097,-0.004870400640491018
1986-12-02,0.2017213196784201,-0.39767061400632836,0.19575563487562686,0.0009674083463989125,0.003869633385595622
1986-03-03,0.2006204756980352,-0.40186382528834197,0.19600026687126798,-0.0011008439803849024,-0.002068252326783815
1986-04-03,0.201654601861427,-0.3979247480234204,0.19628381759348834,0.0010341261633917964,0.002134970143776699
1986-05-03,0.2045568269006238,-0.38686991827992917,0.196695244131612,0.002902225039196793,0.0018680988758049966
1986-06-03,0.2065583614104146,-0.379245897767177,0.1971967397226763,0.002001534509790792,-0.0009006905294060008
1986-07-03,0.2057911065149948,-0.3821684389637319,0.1976470849873792,-0.0007672548954197889,-0.002768789405210581
1986-10-03,0.203722854188211,-0.39004659349357573,0.19802848850785598,-0.002068252326783787,-0.0013009974313639983
1986-11-03,0.2054908763385262,-0.3833120420406447,0.19850440893573962,0.001768022150315185,0.003836274477098972
1986-12-03,0.20612469559996,-0.380897768878273,0.19897699347277353,0.000633819261433799,-0.001134202888881386
1986-01-04,0.1989525302732095,-0.40821717571563565,0.19917492299651954,-0.007172165326750496,-0.007805984588184295
1986-02-04,0.2005537578810421,-0.40211795930543404,0.19945736175512338,0.0016012276078326004,0.008773392934583096
1986-03-04,0.2000533742535944,-0.4040239644336221,0.19973424069564444,-0.000500383627447698,-0.0021016112352802985
1986-04-04,0.1998865797111119,-0.40465929947635115,0.2001145322525047,-0.00016679454248250125,0.0003335890849651968
1986-07-04,0.2019881909463922,-0.3966540779379615,0.20057377322614003,0.0021016112352802985,0.0022684057777627997
1986-08-04,0.2031557527437702,-0.39220673263885586,0.20110529183485115,0.0011675617973780084,-0.0009340494379022901
1986-09-04,0.2021216265803783,-0.39614580990377785,0.20155786102678722,-0.0010341261633919074,-0.002201687960769916
1986-10-04,0.2020215498548887,-0.3965270109294156,0.20181138873136067,-0.00010007672548958957,0.0009340494379023179
1986-11-04,0.2048570570770924,-0.3857263152030164,0.20214942567079203,0.002835507222203687,0.0029355839476932766
1986-01-05,0.2069586683123728,-0.3777210936646263,0.20252971722765228,0.0021016112352804095,-0.0007338959869232775
1986-02-05,0.2046235447176169,-0.38661578426283716,0.202787692786692,-0.0023351235947559057,-0.004436734830036315
1986-06-05,0.2038229309137005,-0.38966539246793835,0.2029611591108739,-0.0008006138039164112,0.0015345097908394945
1986-07-05,0.2051906461620576,-0.3844556451175575,0.20316020059823642,0.0013677152483571042,0.0021683290522735155
1986-08-05,0.2070587450378623,-0.3773398926389888,0.20326694910542523,0.001868098875804719,0.0005003836274476148
1986-09-05,0.2071254628548554,-0.37708575862189686,0.20322358252437978,6.671781699307822e-05,-0.0018013810588116408
1986-12-05,0.2070253861293658,-0.3774669596475347,0.20337036172176448,-0.00010007672548958957,-0.00016679454248266778
1986-02-06,0.2047903392600994,-0.38598044922010805,0.20347155041087056,-0.0022350468692663994,-0.00213497014377681
1986-03-06,0.205023851619575,-0.38509098016028687,0.20358497069975867,0.00023351235947560722,0.0024685592287420066
1986-04-06,0.2040564432731761,-0.38877592340811723,0.20366392011653378,-0.0009674083463989125,-0.0012009207058745197
1986-05-06,0.2047236214431064,-0.38623458323719967,0.20369950295226338,0.0006671781699303103,0.0016345865163292228
1986-06-06,0.2046569036261133,-0.3864887172542917,0.20382960269539976,-6.671781699310597e-05,-0.0007338959869234163
1986-09-06,0.2047569803516029,-0.3861075162286539,0.2039307913845059,0.00010007672548958957,0.00016679454248269554
1986-10-06,0.2086933315541915,-0.371113609220241,0.20419988657971108,0.003936351202588617,0.0038362744770990276
1986-11-06,0.2084931781032125,-0.371876011271516,0.20442783912110396,-0.0002001534509790126,-0.00413650465356763
1986-12-06,0.2091269973646463,-0.36946173810914423,0.20458017813657137,0.000633819261433799,0.0008339727124128116
1986-01-07,0.2069586683123728,-0.3777210936646263,0.20459352169996997,-0.0021683290522734877,-0.0028021483137072867
1986-02-07,0.205090569436568,-0.38483684614319524,0.2045701704640224,-0.0018680988758048023,0.00030023017646868544
1986-03-07,0.20612469559996,-0.380897768878273,0.20465023184441405,0.0010341261633919907,0.002902225039196793
1986-04-07,0.2060913366914635,-0.38102483588681874,0.20467024718951196,-3.33589084964836e-05,-0.0010674850718884743
1986-07-07,0.2067918737698902,-0.3783564287073558,0.20469248646184296,0.0007005370784266829,0.0007338959869231665
1986-08-07,0.2087934082796811,-0.3707324081946032,0.20502051572872534,0.002001534509790903,0.0013009974313642203
1986-09-07,0.2089602028221637,-0.3700970731518737,0.20530073056009607,0.00016679454248261227,-0.001834739967308291
1986-10-07,0.2080928712012543,-0.3734008153740665,0.20556871379168473,-0.0008673316209094062,-0.0010341261633920185
1986-11-07,0.2089602028221637,-0.3700970731518737,0.20587116789538645,0.0008673316209094062,0.0017346632418188124
1986-01-08,0.2175668012142643,-0.33731378494703845,0.2063904549043155,0.008606598392100595,0.007739266771191189
1986-04-08,0.2167661874103479,-0.3403633931521397,0.20684413605986812,-0.0008006138039164112,-0.009407212196017006
1986-05-08,0.2158988557894385,-0.3436671353743325,0.2073033770335035,-0.0008673316209094062,-6.671781699299495e-05
1986-06-08,0.2185008506521666,-0.3337559087077544,0.2078526870600794,0.0026019948627281075,0.0034693264836375137
1986-07-08,0.2181005437502085,-0.33528071281030464,0.20829413661584992,-0.0004003069019581085,-0.003002301764686216
1986-08-08,0.2227707909397204,-0.31749133161388254,0.20882120737009482,0.004670247189511922,0.005070554091470031
1986-11-08,0.2355806118023818,-0.2686976003322672,0.20985310960625367,0.012809820862661386,0.008139573673149464
1986-12-08,0.2329118991226607,-0.278862961015937,0.2108227418798857,-0.0026687126797211025,-0.015478533542382489
1986-01-09,0.2380825299396204,-0.2591675746913265,0.21191913800580445,0.005170630816959704,0.007839343496680806
1986-02-09,0.2390832971945158,-0.2553555644349504,0.2129866230776929,0.001000767254895396,-0.004169863562064308
1986-03-09,0.2469226406911966,-0.22549481742667013,0.2143131956722376,0.007839343496680806,0.00683857624178541
1986-04-09,0.2472562297761617,-0.2242241473412115,0.21565422379379745,0.0003335890849651135,-0.007505754411715693
1986-05-09,0.257464055776095,-0.18534164272617432,0.21741001434433066,0.010207825999933279,0.009874236914968165
1986-08-09,0.2559962638022484,-0.1909325911021927,0.21910909475041979,-0.0014677919738466105,-0.01167561797377989
1986-09-09,0.2497581479134003,-0.2146941217002708,0.2206324849050939,-0.006238115888848067,-0.0047703239150014565
1986-10-09,0.2559295459852554,-0.19118672511928422,0.22233934905649885,0.0061713980718551,0.012409513960703167
1986-11-09,0.2449211061814057,-0.23311883793942276,0.2236814891416753,-0.011008439803849718,-0.017179837875704818
1986-12-09,0.2565967241551857,-0.18864538494836675,0.22540948060179472,0.01167561797378,0.022684057777629718
1986-01-10,0.2602662040898022,-0.17466801400832077,0.22712857635298175,0.0036694799346165263,-0.008006138039163474
1986-02-10,0.264469426560363,-0.15865757093154073,0.2289944513015534,0.0042032224705607635,0.0005337425359442372
1986-03-10,0.2676051639590353,-0.14671327212822877,0.23094372352136636,0.003135737398672289,-0.0010674850718884743
1986-06-10,0.2682056243119725,-0.14442606597440322,0.23298528872135302,0.0006004603529372043,-0.002535277045735085
1986-07-10,0.2676051639590353,-0.14671327212822877,0.23506910853876864,-0.0006004603529372043,-0.0012009207058744087
1986-08-10,0.2690062381158889,-0.14137645776930188,0.23716515995596624,0.0014010741568536433,0.0020015345097908477
1986-09-10,0.2674383694165527,-0.14734860717095818,0.23921006104680256,-0.0015678686993362279,-0.002968942856189871
1986-10-10,0.2641024785669013,-0.16005530802554555,0.24112041454003624,-0.003335890849651413,-0.001768022150315185
1986-03-11,0.2477232544951129,-0.2224452092215693,0.24241807608055063,-0.01637922407178838,-0.013043333222136966
1986-04-11,0.2489241752009874,-0.21787079691391792,0.2437502084931781,0.001200920705874492,0.01758014477766287
1986-05-11,0.2470894352336792,-0.2248594823839406,0.2450500939609256,-0.00183473996730818,-0.003035660673182672
1986-06-11,0.2492911231944491,-0.2164730598199131,0.24639445797333515,0.002201687960769888,0.004036427928078068
1986-07-11,0.2490576108349735,-0.21736252887973426,0.24744415162735878,-0.00023351235947560722,-0.0024352003202454953
1986-10-11,0.2507589151682957,-0.21088211144389482,0.24857724255262367,0.00170130433332219,0.0019348166927977972
1986-11-11,0.2475898188611269,-0.22295347725575254,0.2496336079883466,-0.0031690963071687728,-0.004870400640490963
1986-12-11,0.2482569970310572,-0.22041213708483506,0.25062547953430964,0.0006671781699302826,0.0038362744770990553
1986-01-12,0.2406178069853555,-0.24951048204183995,0.2513760549754812,-0.007639190045701683,-0.008306368215631965
1986-02-12,0.2365813790572772,-0.2648855900758911,0.2518364079127331,-0.004036427928078318,0.003602762117623365
1986-03-12,0.2367481735997598,-0.2642502550331616,0.2518753266393124,0.00016679454248261227,0.00420322247056093
1986-04-12,0.2364145845147947,-0.2655209251186202,0.25199208281905017,-0.0003335890849651135,-0.0005003836274477258
1986-05-12,0.235914200887347,-0.26742693024680825,0.2519198051839744,-0.000500383627447698,-0.00016679454248258452
1986-08-12,0.2366480968742703,-0.264631456058799,0.2518386318399662,0.0007338959869233053,0.0012342796143710033
1986-09-12,0.2347799979984655,-0.271747208537368,0.25143387708354187,-0.0018680988758048023,-0.0026019948627281075
1986-10-12,0.2379157353971378,-0.2598029097340559,0.2511225272709077,0.003135737398672317,0.005003836274477119
1986-11-12,0.2358474830703539,-0.26768106426390015,0.250401974847383,-0.002068252326783898,-0.005203989725456215
1986-12-12,0.2379157353971378,-0.2598029097340559,0.24979929056721267,0.002068252326783898,0.004136504653567796
1987-02-01,0.2459218734363012,-0.22930682768304622,0.24967141475130936,0.00800613803916339,0.005937885712379493
1987-05-01,0.2428862127631184,-0.24086992546072084,0.2492366369772381,-0.0030356606731828106,-0.011041798712346201
1987-06-01,0.2447209527304267,-0.23388123999069763,0.2492299651955388,0.0018347399673083187,0.004870400640491129
1987-07-01,0.2438536211095173,-0.23718498221289047,0.24880519509401652,-0.0008673316209094062,-0.002702071588217725
1987-08-01,0.2453547719918604,-0.23146696682832632,0.24830814735741846,0.0015011508823430941,0.0023684825032525003
1987-09-01,0.2449211061814057,-0.23311883793942276,0.2476565366781199,-0.0004336658104547031,-0.0019348166927977972
1987-12-01,0.2509924275277713,-0.20999264238407367,0.2471027787970778,0.0060713213463655935,0.006504987156820297
1987-02-02,0.2480902024885746,-0.22104747212756448,0.24643226473629784,-0.002902225039196682,-0.008973546385562275
1987-03-02,0.2462554625212663,-0.22803615759758772,0.24572060802170553,-0.0018347399673083187,0.0010674850718883633
1987-04-02,0.24545484871735,-0.23108576580268853,0.2449355617084209,-0.0008006138039163002,0.0010341261633920185
1987-05-02,0.2428528538546219,-0.2409969924692666,0.2441160445230232,-0.0026019948627280798,-0.0018013810588117796
1987-06-02,0.2453214130833639,-0.2315940338368722,0.24349000900690532,0.002468559228741979,0.005070554091470059
1987-09-02,0.2475231010441339,-0.22320761127284428,0.24348333722520601,0.002201687960769999,-0.0002668712679719798
1987-10-02,0.2454882076258465,-0.23095869879414266,0.2433688049727013,-0.002034893418287387,-0.004236581379057386
1987-11-02,0.245588284351336,-0.23057749776850517,0.24331876660995652,0.0001000767254895063,0.002134970143776893
1987-12-02,0.2451212596323849,-0.23235643588814706,0.24317977115788775,-0.0004670247189511034,-0.0005671014444406097
1987-02-03,0.2464222570637489,-0.2274008225548582,0.24309192603218024,0.0013009974313639983,0.0017680221503151017
1987-03-03,0.2461220268872803,-0.22854442563177094,0.24293736308947975,-0.00030023017646860217,-0.0016012276078326004
1987-04-03,0.2479567668545885,-0.22155574016174817,0.24294959468926178,0.0018347399673082077,0.00213497014377681
1987-05-03,0.2507589151682957,-0.21088211144389482,0.24303299196050307,0.0028021483137071757,0.000967408346398968
1987-06-03,0.2477899723121059,-0.22219107520447767,0.2432720641380614,-0.002968942856189788,-0.005771091169896964
1987-09-03,0.2469226406911966,-0.22549481742667013,0.24361677285919206,-0.0008673316209092952,0.0021016112352804928
1987-10-03,0.2473229475931548,-0.22397001332411956,0.24396926532563856,0.00040030690195819174,0.001267638522867487
1987-11-03,0.2483904326650432,-0.21990386905065173,0.24436846026398015,0.0010674850718884188,0.000667178169930227
1987-12-03,0.2501918137238549,-0.2130422505891748,0.2448443806918638,0.0018013810588116963,0.0007338959869232775
1987-01-04,0.256096340527738,-0.1905513900765548,0.2454926554803127,0.005904526803883092,0.004103145745071396
1987-02-04,0.2560629816192414,-0.19067845708510098,0.2462020882676719,-3.335890849659462e-05,-0.005937885712379687
1987-03-04,0.2560629816192414,-0.19067845708510098,0.24680699647507534,0.0,3.335890849659462e-05
1987-06-04,0.2578977215865497,-0.18368977161507777,0.2475420044256152,0.0018347399673083187,0.0018347399673083187
1987-07-04,0.2559295459852554,-0.19118672511928422,0.24814246477855245,-0.0019681756012943086,-0.0038029155686026272
1987-08-04,0.257263902325116,-0.1861040447774493,0.2485205324081796,0.0013343563398605651,0.0033025319411548737
1987-09-04,0.2575974914100811,-0.18483337469199065,0.24901090836307838,0.0003335890849651135,-0.0010007672548954516
1987-10-04,0.2646695800113421,-0.15789516888026534,0.24967586260577557,0.007072088601261017,0.006738499516295904
1987-01-05,0.2814491109850886,-0.09398046358169124,0.25092904560162793,0.016779530973746515,0.009707442372485497
1987-05-05,0.2831170564099143,-0.08762711315439765,0.25218778841556305,0.0016679454248256786,-0.015111585548920836
1987-06-05,0.2811155219001234,-0.09525113366715028,0.25339426893952033,-0.002001534509790903,-0.003669479934616582
1987-07-05,0.2811155219001234,-0.09525113366715028,0.2543983720852654,0.0,0.002001534509790903
1987-08-05,0.2789471928478501,-0.1035104892226317,0.25542693843057457,-0.002168329052273321,-0.002168329052273321
1987-11-05,0.2789471928478501,-0.1035104892226317,0.256516662774794,0.0,0.002168329052273321
1987-12-05,0.2840844647563132,-0.0839421699065673,0.2578043166427595,0.005137271908463137,0.005137271908463137
1987-01-06,0.2722086933315542,-0.12917802494889838,0.25878284462532386,-0.01187577142475904,-0.017013043333222178
1987-02-06,0.2802815491877106,-0.09842780888079697,0.25994818249546875,0.008072855856156413,0.019948627280915454
1987-03-06,0.2789471928478501,-0.1035104892226317,0.2609956522222593,-0.0013343563398605096,-0.009407212196016923
1987-04-06,0.2787803983053675,-0.10414582426536113,0.26210539191157667,-0.00016679454248258452,0.001167561797377925
1987-05-06,0.2792807819328152,-0.10223981913717307,0.26322847516429265,0.000500383627447698,0.0006671781699302826
1987-08-06,0.2813156753511026,-0.09448873161587469,0.2644349556882499,0.002034893418287387,0.0015345097908396887
1987-09-06,0.2787136804883744,-0.10439995828245306,0.26551133646907077,-0.002601994862728163,-0.00463688828101555
1987-10-06,0.2807152149981653,-0.09677593776970043,0.26666444273943357,0.002001534509790903,0.004603529372519066
1987-11-06,0.2816159055275712,-0.09334512853896182,0.26778641402853304,0.0009006905294058898,-0.0011008439803850134
1987-12-06,0.2805817793641792,-0.0972842058038841,0.2687805095017291,-0.0010341261633919907,-0.0019348166927978805
1987-01-07,0.2741101511158555,-0.12193520546178345,0.26965784879518745,-0.006471628248323702,-0.005437502084931711
1987-02-07,0.2744437402008207,-0.1206645353763246,0.27057521877884155,0.00033358908496516904,0.006805217333288871
1987-03-07,0.2730093071354706,-0.12612841674379704,0.27143143076358545,-0.0014344330653500714,-0.0017680221503152405
1987-06-07,0.2725089235080228,-0.12803442187198552,0.27223538045835144,-0.0005003836274478091,0.0009340494379022624
1987-07-07,0.2732761784034427,-0.12511188067543014,0.2730048592810043,0.0007672548954198999,0.001267638522867709
1987-08-07,0.2745438169263102,-0.12028333435068712,0.27361977516095676,0.001267638522867487,0.000500383627447587
1987-09-07,0.2730093071354706,-0.12612841674379704,0.27418465267816444,-0.0015345097908395777,-0.0028021483137070646
1987-10-07,0.2734429729459252,-0.12447654563270114,0.2747639857223872,0.0004336658104545643,0.001968175601294142
1987-03-08,0.2921239617039731,-0.053319020847011865,0.27590486039296797,0.01868098875804791,0.018247322947593347
1987-04-08,0.2925576275144277,-0.051667149735915754,0.27712579644394036,0.0004336658104546198,-0.018247322947593292
1987-05-08,0.2901557861026788,-0.06081597435121832,0.27822219256985914,-0.0024018414117489284,-0.0028355072222035482
1987-06-08,0.2894218901157555,-0.06361144853922752,0.2792830058600483,-0.0007338959869233053,0.0016679454248256231
1987-07-08,0.2863528705340762,-0.07530161332544777,0.28000578221080613,-0.0030690195816792665,-0.002335123594755961
1987-10-08,0.2843513360242853,-0.0829256338382004,0.280102523045446,-0.002001534509790903,0.0010674850718883633
1987-11-08,0.2844180538412783,-0.08267149982110888,0.28014588962649145,6.67178169929672e-05,0.0020682523267838704
1987-12-08,0.2858858458151249,-0.07708055144509049,0.2803049004236582,0.0014677919738466105,0.0014010741568536433
1987-01-09,0.2794475764752978,-0.10160448409444366,0.2802493022428306,-0.006438269339827107,-0.007906061313673718
1987-02-09,0.2856856923641459,-0.07784295349636525,0.28047391889337386,0.00623811588884815,0.012676385228675258
1987-03-09,0.286085999266104,-0.0763181493938151,0.28071187910731565,0.0004003069019580807,-0.0058378089868900696
1987-04-09,0.2867865363445308,-0.07364974221435187,0.2808019481602562,0.0007005370784267662,0.00030023017646868544
1987-07-09,0.285952563632118,-0.07682641742799834,0.281260077170275,-0.0008339727124127561,-0.0015345097908395222
1987-08-09,0.2815825466190746,-0.09347219554750799,0.2813034437513205,-0.0043700170130434035,-0.0035360443006306475
1987-09-09,0.2824832371484805,-0.09004138631676938,0.2814213118946748,0.0009006905294058898,0.005270707542449293
1987-10-09,0.283750875671348,-0.08521283999202636,0.28158699447354085,0.001267638522867487,0.0003669479934615971
1987-11-09,0.2835173633118725,-0.08610230905184708,0.2817282138528428,-0.0002335123594754962,-0.001501150882342983
1987-01-10,0.2802148313707175,-0.09868194289788891,0.2816915190534966,-0.0033025319411549847,-0.0030690195816794885
1987-02-10,0.2798478833772559,-0.1000796799918933,0.2817293258164593,-0.0003669479934615971,0.0029355839476933876
1987-05-10,0.281282316442606,-0.09461579862442086,0.2817482291979407,0.0014344330653500714,0.0018013810588116685
1987-06-10,0.2822830836975015,-0.09080378836804434,0.28177046847027165,0.001000767254895507,-0.0004336658104545643
1987-07-10,0.282316442605998,-0.09067672135949859,0.28182829057833225,3.33589084964836e-05,-0.0009674083463990235
1987-08-10,0.282383160422991,-0.09042258734240685,0.28210405755523676,6.67178169930227e-05,3.335890849653911e-05
1987-09-10,0.2849851552857191,-0.08051136067582869,0.2824554380580668,0.0026019948627281075,0.002535277045735085
1987-12-10,0.28478500183474,-0.08127376272710407,0.28284796121470906,-0.00020015345097912363,-0.002802148313707231
1987-02-11,0.2898221970177136,-0.06208664443667716,0.2834250703316988,0.0050371951829736306,0.005237348633952754
1987-03-11,0.2864529472595657,-0.0749204122998103,0.28386429596023616,-0.0033692497581478964,-0.008406444941121527
1987-04-11,0.2877205857824332,-0.07009186597506728,0.28430352158877364,0.001267638522867487,0.004636888281015383
1987-05-11,0.2819828535210328,-0.09194739144495742,0.2846026398016257,-0.005737732261400397,-0.007005370784267884
1987-06-11,0.283617440037362,-0.08572110802620961,0.2849417887046736,0.001634586516329195,0.007372318777729592
1987-09-11,0.285952563632118,-0.07682641742799834,0.2847360754356118,0.0023351235947560167,0.0007005370784268217
1987-10-11,0.282449878239984,-0.09016845332531513,0.28439915045979697,-0.0035026853921339973,-0.005837808986890014
1987-11-11,0.284851719651733,-0.08101962871001235,0.28422234824476544,0.002401841411748984,0.005904526803882981
1987-12-11,0.2852520265536912,-0.07949482460746178,0.2840833527926966,0.00040030690195819174,-0.002001534509790792
1987-01-12,0.3021649931614238,-0.015071851274704003,0.28461042354694155,0.016912966607732616,0.016512659705774424
1987-02-12,0.3042332454882077,-0.007193696744859856,0.28527315386240565,0.0020682523267838704,-0.014844714280948745
1987-03-12,0.3043666811221937,-0.006685428710676403,0.2859381081051028,0.0001334356339860454,-0.001934816692797825
1987-04-12,0.3011308669980319,-0.019010928539626076,0.2864462754778664,-0.003235814124161851,-0.0033692497581478964
1987-07-12,0.2977282583313874,-0.031971763411305386,0.28705563153973607,-0.003402608666644491,-0.00016679454248264003
1987-08-12,0.2998298695666678,-0.023966541872915265,0.2875271041131534,0.0021016112352804095,0.0055042199019249005
1987-09-12,0.2997631517496747,-0.024220675890007204,0.2879830091959391,-6.671781699307822e-05,-0.0021683290522734877
1987-10-12,0.3022984287954098,-0.014563583240520763,0.28850007227763513,0.002535277045735085,0.002601994862728163
1987-11-12,0.3059679087300264,-0.0005862123004745513,0.2891672504475654,0.003669479934616582,0.001134202888881497
1988-04-01,0.2972945925209327,-0.03362363452240171,0.2896909853109607,-0.008673316209093673,-0.012342796143710255
1988-05-01,0.2939587016712813,-0.04633033537698908,0.290073500795054,-0.003335890849651413,0.0053374253594422605
1988-06-01,0.29789505287387,-0.03133642836857575,0.2905449733684714,0.003936351202588728,0.007272242052240141
1988-07-01,0.2992961270307236,-0.025999614009649077,0.29107093215909974,0.0014010741568535878,-0.0025352770457351403
1988-08-01,0.2995629982986957,-0.024983077941282173,0.29171587105669905,0.0002668712679720908,-0.001134202888881497
1988-11-01,0.2995629982986957,-0.024983077941282173,0.2923730415540804,0.0,-0.0002668712679720908
1988-12-01,0.2972278747039397,-0.03387776853949344,0.2929045601627915,-0.0023351235947560167,-0.0023351235947560167
1988-01-02,0.2787470393968709,-0.1042728912739073,0.29278669201943713,-0.018480835307068788,-0.01614571171231277
1988-02-02,0.2808820095406478,-0.09614060272697143,0.2927388775839255,0.002134970143776893,0.02061580545084568
1988-03-02,0.2738766387563799,-0.12282467452160459,0.2924553268617051,-0.007005370784267884,-0.009140340928044777
1988-04-02,0.2724422056910298,-0.12828855588907723,0.29203722854188213,-0.001434433065350127,0.005570937718917757
1988-05-02,0.2714080795276379,-0.1322276331539991,0.29159133113164537,-0.0010341261633918797,0.00040030690195824725
1988-08-02,0.27167495079561,-0.1312110970856322,0.2909864229242419,0.0002668712679720908,0.0013009974313639705
1988-09-02,0.269339827200854,-0.14010578768384346,0.29041598558895154,-0.0023351235947560167,-0.0026019948627281075
1988-10-02,0.2710077726256797,-0.13375243725654967,0.28985889181705976,0.0016679454248257342,0.004003069019581751
1988-11-02,0.2706741835407146,-0.1350231073420083,0.28948193615104917,-0.0003335890849651135,-0.0020015345097908477
1988-12-02,0.2726757180505054,-0.12739908682925608,0.2891172120848206,0.002001534509790792,0.0023351235947559057
1988-01-03,0.2631350702205024,-0.1637402512733757,0.2883566289711001,-0.009540647830002968,-0.01154218233979376
1988-02-03,0.2628681989525303,-0.1647567873417428,0.28770390632818493,-0.00026687126797214633,0.009273776562030822
1988-03-03,0.2630016345865164,-0.16424851930755913,0.28697557015934444,0.00013343563398610092,0.00040030690195824725
1988-04-03,0.2648030156453281,-0.15738690084608212,0.286293936462399,0.001801381058811724,0.0016679454248256231
1988-07-03,0.2675384461420422,-0.1469674061453207,0.2851397182284196,0.0027354304967140974,0.0009340494379023734
1988-08-03,0.2678386763185109,-0.14582380306840761,0.28392656592276305,0.00030023017646868544,-0.002435200320245412
1988-09-03,0.2679387530440004,-0.14544260204277012,0.28271230165348993,0.0001000767254895063,-0.00020015345097917914
1988-10-03,0.271875104246589,-0.13044869503435721,0.28173710956177517,0.003936351202588617,0.003836274477099111
1988-11-03,0.2714747973446309,-0.13197349913690737,0.2808619941955499,-0.0004003069019580807,-0.004336658104546698
1988-05-04,0.2793474997498082,-0.10198568512008135,0.28017924853498793,0.00787270240517729,0.00827300930713537
1988-06-04,0.2768455816125697,-0.11151571076102161,0.27941532953041776,-0.00250191813723849,-0.01037462054241578
1988-07-04,0.2750775594622544,-0.11825026221395331,0.27850796721931265,-0.0017680221503153515,0.0007338959869231387
1988-08-04,0.276545351436101,-0.11265931383793491,0.2775272153095151,0.0014677919738466105,0.003235814124161962
1988-11-04,0.2761450445341429,-0.11418411794048505,0.27682223037662207,-0.0004003069019580807,-0.0018680988758046913
1988-12-04,0.2774794008740034,-0.10910143759865032,0.2762729203500462,0.0013343563398605096,0.0017346632418185903
1988-03-05,0.2742102278413451,-0.12155400443614575,0.2754834261822953,-0.0032691730326583346,-0.004603529372518844
1988-04-05,0.2724422056910298,-0.12828855588907723,0.27458829547097224,-0.001768022150315296,0.0015011508823430386
1988-05-05,0.2735096907629183,-0.12422241161560899,0.2737198518864463,0.0010674850718885298,0.002835507222203826
1988-06-05,0.2721419755145612,-0.1294321589659899,0.27280581779364177,-0.0013677152483571042,-0.002435200320245634
1988-09-05,0.2732094605864496,-0.12536601469252207,0.27200520398972544,0.0010674850718884188,0.002435200320245523
1988-10-05,0.2747106114687928,-0.11964799930795769,0.2718706563921228,0.0015011508823431496,0.00043366581045473085
1988-11-05,0.2763451979851219,-0.11342171588921009,0.271719429340272,0.0016345865163291395,0.0001334356339859899
1988-12-05,0.2776128365079895,-0.10859316956446666,0.27184396926532567,0.001267638522867598,-0.0003669479934615416
1988-01-06,0.2814491109850886,-0.09398046358169124,0.2721441994417943,0.003836274477099111,0.002568635954231513
1988-02-06,0.2794142175668012,-0.10173155110298983,0.2724110707097664,-0.0020348934182874423,-0.005871167895386553
1988-03-06,0.2867531774360343,-0.07377680922289763,0.27291367826444723,0.007338959869233108,0.00937385328752055
1988-06-06,0.2866531007105448,-0.0741580102485351,0.27349078738143695,-0.0001000767254895063,-0.0074390365947226145
1988-07-06,0.2865530239850552,-0.0745392112741728,0.2740089624267494,-0.00010007672548956181,-5.551115123125783e-17
1988-08-06,0.2821830069720119,-0.09118498939368225,0.2743925898744593,-0.004370017013043348,-0.004269940287553786
1988-09-06,0.2805817793641792,-0.0972842058038841,0.2746561252515818,-0.001601227607832656,0.002768789405210692
1988-10-06,0.2820162124295293,-0.09182032443641167,0.27528549665854934,0.0014344330653500714,0.0030356606731827274
1988-01-07,0.268172265403476,-0.14455313298294897,0.27546229887358087,-0.013843947026053294,-0.015278380091403365
1988-04-07,0.2686392901224272,-0.1427741948633067,0.2756502207247779,0.00046702471895121445,0.014310971745004508
1988-05-07,0.2686059312139307,-0.14290126187185245,0.2757769845770646,-3.33589084964836e-05,-0.000500383627447698
1988-06-07,0.2681389064949795,-0.14468019999149473,0.2757969999221626,-0.00046702471895121445,-0.00043366581045473085
1988-07-07,0.2708743369916936,-0.13426070529073333,0.27589818861126864,0.0027354304967140974,0.003202455215665312
1988-08-07,0.2698735697367982,-0.13807271554710943,0.27596268250102857,-0.001000767254895396,-0.0037361977516094935
1988-11-07,0.2681389064949795,-0.14468019999149473,0.27583814257597494,-0.0017346632418187014,-0.0007338959869233053
1988-12-07,0.2661373719851887,-0.15230422050424694,0.2756602283973269,-0.002001534509790792,-0.0002668712679720908
1988-01-08,0.2666711145211329,-0.15027114836751312,0.2752376822230377,0.0005337425359441816,0.002535277045734974
1988-02-08,0.2654368349067619,-0.1549726276837104,0.2748573906661774,-0.0012342796143710033,-0.001768022150315185
1988-03-08,0.2663375254361678,-0.15154181845297177,0.2745660561986412,0.0009006905294058898,0.002134970143776893
1988-04-08,0.2656703472662375,-0.15408315862388924,0.27420355605964575,-0.0006671781699302826,-0.0015678686993361723
1988-05-08,0.2655035527237549,-0.15471849366661866,0.2738488396659661,-0.00016679454248258452,0.000500383627447698
1988-08-08,0.2649364512793142,-0.15687863281189846,0.2734307413461432,-0.0005671014444407207,-0.00040030690195813623
1988-09-08,0.2607999466257464,-0.17263494187158696,0.27298373197228987,-0.004136504653567796,-0.0035694032091270755
1988-10-08,0.2617339960636488,-0.16907706563230257,0.2726267916513772,0.0009340494379023734,0.00507055409147017
1988-11-08,0.2622343796910965,-0.1671710605041145,0.27225094794898314,0.000500383627447698,-0.00043366581045467534
1988-12-08,0.265770423991727,-0.15370195759825175,0.272038562898222,0.0035360443006305364,0.0030356606731828384
1988-01-09,0.2638689662074257,-0.16094477708536647,0.27172721308558784,-0.0019014577843012859,-0.005437502084931822
1988-02-09,0.2627681222270407,-0.1651379883673805,0.2713291301108628,-0.0011008439803850134,0.0008006138039162725
1988-05-09,0.2618674316976349,-0.1685687975981189,0.2708465379012799,-0.0009006905294058343,0.00020015345097917914
1988-06-09,0.2625679687760617,-0.16590039041865545,0.2703450423102156,0.0007005370784268217,0.001601227607832656
1988-07-09,0.2617673549721453,-0.1689499986237566,0.26968898377645084,-0.0008006138039163835,-0.0015011508823432052
1988-08-09,0.2624345331420756,-0.16640865845283911,0.26912299429562664,0.0006671781699302826,0.001467791973846666
1988-09-09,0.2632017880374954,-0.16348611725628417,0.26833794798234206,0.0007672548954197889,0.0001000767254895063
1988-12-09,0.2565300063381926,-0.1888995189654587,0.26733384483659695,-0.00667178169930277,-0.007439036594722559
1988-03-10,0.240918037161824,-0.2483668789649276,0.2658126786091559,-0.015611969176368617,-0.008940187477065847
1988-04-10,0.2425859825866498,-0.2420135285376336,0.26449277779631053,0.0016679454248257897,0.017279914601194407
1988-05-10,0.2405510891683624,-0.249764616058932,0.26315842145644996,-0.002034893418287387,-0.0037028388431131765
1988-06-10,0.2460886679787837,-0.22867149264031714,0.2619608366414251,0.005537578810421301,0.007572472228708688
1988-07-10,0.2461887447042733,-0.2282902916146793,0.2612280526181183,0.00010007672548958957,-0.005437502084931711
1988-10-10,0.2480902024885746,-0.22104747212756448,0.26054308303032325,0.0019014577843013136,0.001801381058811724
1988-11-10,0.2484237915735397,-0.21977680204210598,0.2598703450423102,0.00033358908496508577,-0.0015678686993362279
1988-12-10,0.247856690129099,-0.22193694118738563,0.25919427116344756,-0.000567101444440693,-0.0009006905294057788
1988-01-11,0.2508589918937852,-0.21050091041825733,0.2585270929935172,0.0030023017646861883,0.0035694032091268812
1988-02-11,0.2534276278480168,-0.2007167507602249,0.25797889493055787,0.002568635954231624,-0.0004336658104545643
1988-03-11,0.2591987190179137,-0.178734158281789,0.25768088868132233,0.00577109116989688,0.0032024552156652564
1988-04-11,0.2575974914100811,-0.18483337469199065,0.25739622599548545,-0.0016012276078326004,-0.007372318777729481
1988-07-11,0.257330620142109,-0.18584991076035756,0.2570848761828513,-0.0002668712679720908,0.0013343563398605096
1988-08-11,0.2558294692597659,-0.1915679261449217,0.25676463066128474,-0.0015011508823430941,-0.0012342796143710033
1988-09-11,0.257464055776095,-0.18534164272617432,0.25646884833928235,0.001634586516329084,0.003135737398672178
1988-10-11,0.2563298528872136,-0.18966192101673365,0.2561574985266482,-0.001134202888881386,-0.00276878940521047
1988-11-11,0.2571304666911299,-0.18661231281163296,0.25587839565889403,0.0008006138039162725,0.0019348166927976584
1988-01-12,0.2600994095473196,-0.17530334905105038,0.2557171609344942,0.0029689428561897047,0.002168329052273432
1988-02-12,0.2597658204623545,-0.1765740191365088,0.25568269006238115,-0.000333589084965058,-0.0033025319411547627
1988-05-12,0.2629349167695233,-0.16450265332465108,0.255722720752577,0.0031690963071687728,0.003502685392133831
1988-06-12,0.2621009440571105,-0.16767932853829776,0.2557182728981108,-0.0008339727124128116,-0.004003069019581584
1988-07-12,0.2586649764819695,-0.18076723041852283,0.25548142464778556,-0.0034359675751409746,-0.002601994862728163
1988-08-12,0.2590652833839277,-0.17924242631597226,0.25532130188700225,0.00040030690195819174,0.0038362744770991664
1988-09-12,0.2567635186976683,-0.18801004990563733,0.2551211484360232,-0.002301764686259422,-0.002702071588217614
1988-12-12,0.2569303132401508,-0.18737471486290813,0.2549565778207737,0.000166794542482529,0.002468559228741951
1989-03-01,0.2513260166127365,-0.2087219722986146,0.2545818460819962,-0.005604296627414296,-0.005771091169896825
1989-04-01,0.2498248657303933,-0.21443998768317918,0.25418376310727114,-0.0015011508823432052,0.004103145745071091
1989-05-01,0.2484237915735397,-0.21977680204210598,0.25371673838831993,-0.0014010741568536156,0.00010007672548958957
1989-06-01,0.2478233312206025,-0.2220640081959315,0.2532041231610902,-0.0006004603529372043,0.0008006138039164112
1989-09-01,0.2452213363578744,-0.23197523486250957,0.25282716749507955,-0.0026019948627280798,-0.0020015345097908754
1989-10-01,0.2465890516062315,-0.22676548751212866,0.25301620130989316,0.0013677152483571042,0.003969710111085184
1989-11-01,0.2461220268872803,-0.22854442563177094,0.2531340694532475,-0.00046702471895121445,-0.0018347399673083187
1989-12-01,0.2463555392467558,-0.22765495657195023,0.2533275511225273,0.0002335123594754962,0.0007005370784267106
1989-01-02,0.2387830670180472,-0.25649916751186314,0.2530840310905027,-0.007572472228708604,-0.007805984588184101
1989-02-02,0.2376488641291657,-0.26081944580242294,0.2527993684046658,-0.001134202888881497,0.006438269339827107
1989-03-02,0.2369149681422424,-0.26361491999043213,0.2524268605931214,-0.0007338959869233053,0.00040030690195819174
1989-06-02,0.2355138939853888,-0.2689517343493588,0.2519965306735164,-0.0014010741568535878,-0.0006671781699302826
1989-07-02,0.2375821463121727,-0.26107357981951457,0.2516540458796188,0.002068252326783898,0.003469326483637486
1989-08-02,0.2372819161357041,-0.2622171828964273,0.25120147668768283,-0.00030023017646860217,-0.0023684825032525003
1989-09-02,0.2394502451879774,-0.253957827340946,0.2507355639323482,0.0021683290522732934,0.0024685592287418956
1989-10-02,0.2366480968742703,-0.264631456058799,0.24998387652756004,-0.0028021483137070924,-0.004970477365980386
1989-01-03,0.2329452580311573,-0.2787358940073908,0.24916213541492924,-0.00370283884311301,-0.0009006905294059175
1989-02-03,0.2328451813056677,-0.27911709503302856,0.2483459541203812,-0.00010007672548958957,0.0036027621176234204
1989-03-03,0.2345131267304934,-0.2727637446057349,0.24763540936940545,0.0016679454248257064,0.001768022150315296
1989-06-03,0.2350802281749341,-0.27060360546045525,0.2468892817827001,0.000567101444440693,-0.0011008439803850134
1989-07-03,0.2374153517696901,-0.26170891486224407,0.24625879841211598,0.002335123594755989,0.001768022150315296
1989-08-03,0.2399839877239217,-0.25192475520421165,0.24568724911320902,0.002568635954231624,0.00023351235947563498
1989-09-03,0.2379157353971378,-0.2598029097340559,0.244947793308203,-0.002068252326783898,-0.004636888281015522
1989-10-03,0.2392500917369984,-0.2547202293922209,0.24426393568402446,0.0013343563398605929,0.003402608666644491
1989-03-04,0.2338793074690596,-0.27517801776810663,0.24329541537400895,-0.0053707842679388,-0.0067051406077993925
1989-04-04,0.234679921272976,-0.2721284095630055,0.24238138128120448,0.0008006138039163835,0.006171398071855183
1989-05-04,0.2322447209527304,-0.28140430118685444,0.24150070609689653,-0.0024352003202455785,-0.003235814124161962
1989-06-04,0.2331454114821363,-0.2779734919561158,0.24063671036683681,0.0009006905294058898,0.0033358908496514683
1989-07-04,0.2317443373252827,-0.2833103063150425,0.23980273765442398,-0.0014010741568535878,-0.0023017646862594776
1989-10-04,0.231243953697835,-0.2852163114432307,0.2389465256696801,-0.0005003836274477258,0.000900690529405862
1989-11-04,0.233579077292591,-0.2763216208450194,0.23835496102567524,0.0023351235947560167,0.0028355072222037425
1989-12-04,0.2350802281749341,-0.27060360546045525,0.23786347310715994,0.0015011508823430941,-0.0008339727124129226
1989-02-05,0.2285418821096174,-0.2955087391354462,0.23720074279169587,-0.006538346065316697,-0.008039496947659791
1989-03-05,0.2293091370050372,-0.29258619793889123,0.23658360298451034,0.0007672548954197889,0.007305600960736486
1989-04-05,0.2290756246455616,-0.2934756669987123,0.23604541259409995,-0.00023351235947557947,-0.0010007672548953683
1989-05-05,0.2273743203122394,-0.29995608443455185,0.23540492155096687,-0.0017013043333222178,-0.0014677919738466383
1989-08-05,0.2290756246455616,-0.2934756669987123,0.23483670814290958,0.0017013043333222178,0.0034026086666444355
1989-09-05,0.2276411915802115,-0.2989395483661848,0.23421289655402475,-0.0014344330653500992,-0.003135737398672317
1989-10-05,0.2283750875671348,-0.29614407417817573,0.233865963905661,0.0007338959869232775,0.0021683290522733767
1989-11-05,0.2291423424625546,-0.2932215329816207,0.23358241318344064,0.0007672548954198166,3.335890849653911e-05
1989-12-05,0.2284418053841279,-0.29588994016108366,0.23329997442483685,-0.0007005370784267106,-0.0014677919738465273
1989-01-06,0.2178336724822364,-0.3362972488786715,0.23271063370806508,-0.010608132901891498,-0.009907595823464788
1989-02-06,0.2179003902992294,-0.3360431148615799,0.2320545751743003,6.671781699299495e-05,0.010674850718884493
1989-05-06,0.2203689495279714,-0.3266401562291854,0.2314908096207092,0.0024685592287420066,0.0024018414117490117
1989-06-06,0.2201687960769923,-0.3274025582804607,0.23084809465034303,-0.00020015345097909587,-0.0026687126797211025
1989-07-06,0.2263735530573439,-0.30376809469092825,0.2305056098564455,0.006204756980351611,0.006404910431330707
1989-08-06,0.2265737065083231,-0.30300569263965266,0.23029322480568437,0.00020015345097917914,-0.006004603529372432
1989-09-06,0.2224038429462588,-0.3188890687078869,0.22994518019370408,-0.00416986356206428,-0.004370017013043459
1989-12-06,0.216832905227341,-0.34010925913504764,0.22935583947693233,-0.005570937718917812,-0.0014010741568535323
1989-03-07,0.2265737065083231,-0.30300569263965266,0.22907228875471197,0.009740801280982092,0.015311738999899904
1989-04-07,0.227741268305701,-0.2985583473405474,0.22874981930591234,0.0011675617973778973,-0.008573239483604195
1989-05-07,0.2326450278546886,-0.2798794970843039,0.2285051873102712,0.004903759548987613,0.0037361977516097156
1989-06-07,0.2339126663775561,-0.2750509507595609,0.22837175167628515,0.001267638522867487,-0.003636121026120126
1989-07-07,0.2326116689461921,-0.28000656409284974,0.2281504709165916,-0.0013009974313639983,-0.002568635954231485
1989-10-07,0.232411515495213,-0.280768966144125,0.2281015445174634,-0.00020015345097909587,0.0011008439803849024
1989-11-07,0.2294092137305267,-0.29220499691325375,0.22792585426604842,-0.0030023017646862993,-0.0028021483137072034
1989-12-07,0.230076391900457,-0.2896636567423362,0.22785357663097264,0.0006671781699303103,0.0036694799346166096
1989-01-08,0.2229042265737065,-0.31698306357969885,0.22751220380069165,-0.007172165326750496,-0.007839343496680806
1989-02-08,0.2234046102011542,-0.3150770584515108,0.227234212896554,0.000500383627447698,0.007672548954198194
1989-03-08,0.2230710211161891,-0.31634772853696946,0.22696178181049917,-0.0003335890849651135,-0.0008339727124128116
1989-04-08,0.2239049938286019,-0.31317105332332273,0.22663931236169954,0.0008339727124128116,0.001167561797377925
1989-07-08,0.2209694098809087,-0.32435295007535947,0.2261689517518987,-0.0029355839476931933,-0.003769556660106005
1989-08-08,0.2208359742469226,-0.3248612181095431,0.2259120881564755,-0.00013343563398610092,0.0028021483137070924
1989-09-08,0.2199686426260133,-0.32816496033173564,0.2256007383438414,-0.0008673316209093229,-0.000733895986923222
1989-10-08,0.2208026153384261,-0.32498828511808897,0.22532497136693685,0.0008339727124128116,0.0017013043333221345
1989-11-08,0.2181672615672015,-0.3350265787932129,0.22501806940876892,-0.002635353771224591,-0.0034693264836374027
1989-01-09,0.2164993161423758,-0.3413799292205066,0.22459885912532943,-0.0016679454248257064,0.0009674083463988847
1989-04-09,0.2161323681489142,-0.34277766631451095,0.2242152316776195,-0.0003669479934615971,0.0013009974313641093
1989-05-09,0.2159322146979351,-0.34354006836578627,0.22380046924864622,-0.00020015345097909587,0.00016679454248250125
1989-06-09,0.21703305867832,-0.33934685708377266,0.2233968264558384,0.0011008439803849024,0.0013009974313639983
1989-07-09,0.2163658805083897,-0.3418881972546903,0.22299429562664708,-0.0006671781699303103,-0.0017680221503152127
1989-08-09,0.2166327517763619,-0.34087166118632295,0.22295426493645126,0.00026687126797220184,0.0009340494379025122
1989-11-09,0.215798779063949,-0.3440483363999699,0.22288421122860858,-0.0008339727124128948,-0.0011008439803850967
1989-12-09,0.2159655736064316,-0.3434130013572405,0.22273743203122395,0.00016679454248258452,0.0010007672548954794
1989-02-10,0.2212362811488808,-0.32333641400699253,0.22277301486695356,0.00527070754244921,0.0051039129999666255
1989-03-10,0.2205691029789505,-0.32587775417791015,0.22257953319767376,-0.0006671781699303103,-0.00593788571237952
1989-04-10,0.2209026920639157,-0.3246070840924512,0.22239049938286018,0.0003335890849651968,0.001000767254895507
1989-05-10,0.2210361276979017,-0.32409881605826785,0.2223449088745816,0.00013343563398601765,-0.00020015345097917914
1989-06-10,0.2189011575541248,-0.33223110460520383,0.22241385061880775,-0.002134970143776921,-0.0022684057777629385
1989-09-10,0.2188344397371318,-0.33248523862229545,0.22215587505976803,-6.671781699299495e-05,0.002068252326783926
1989-10-10,0.2181672615672015,-0.3350265787932129,0.22183674150181804,-0.0006671781699302826,-0.0006004603529372876
1989-11-10,0.2176001601227608,-0.3371867179384927,0.2213352459107538,-0.0005671014444407207,0.00010007672548956181
1989-12-10,0.2190012342796143,-0.33184990357956634,0.22083819817415576,0.0014010741568535046,0.0019681756012942253
1989-01-11,0.2256062981619241,-0.3066906358874833,0.22060468581468012,0.006605063882309803,0.005203989725456298
1989-02-11,0.2264069119658405,-0.30364102768238205,0.22040453236370103,0.0008006138039164112,-0.005804450078393392
1989-03-11,0.2305767755279048,-0.2877576516141478,0.22044345109028032,0.00416986356206428,0.0033692497581478686
1989-06-11,0.230076391900457,-0.2896636567423362,0.2204434510902803,-0.0005003836274477813,-0.004670247189512061
1989-07-11,0.2329786169396537,-0.27860882699884537,0.22077926410247856,0.002902225039196682,0.0034026086666444633
1989-08-11,0.2323781565867165,-0.28089603315267075,0.22107838231533067,-0.0006004603529371766,-0.0035026853921338585
1989-09-11,0.2349801514494446,-0.2709848064860927,0.22147535332643914,0.0026019948627280798,0.0032024552156652564
1989-10-11,0.2338125896520666,-0.27543215178519825,0.22180560652055464,-0.0011675617973779806,-0.0037695566601060604
1989-01-12,0.2528271674950796,-0.20300395691405046,0.22286753177436033,0.019014577843012997,0.020182139640390978
1989-04-12,0.2493244821029456,-0.21634599281136724,0.22381714870289443,-0.0035026853921339973,-0.022517263235146995
1989-05-12,0.2460886679787837,-0.22867149264031714,0.22468781621465345,-0.0032358141241619065,0.0002668712679720908
1989-06-12,0.2454882076258465,-0.23095869879414266,0.2255106692909008,-0.0006004603529372043,0.002635353771224702
1989-07-12,0.2475898188611269,-0.22295347725575254,0.2264914212006983,0.0021016112352804095,0.002702071588217614
1989-08-12,0.2498248657303933,-0.21443998768317918,0.22760227285363221,0.0022350468692663994,0.0001334356339859899
1989-11-12,0.2539280114754645,-0.19881074563203688,0.22886212763118388,0.004103145745071202,0.0018680988758048023
1989-12-12,0.2539280114754645,-0.19881074563203688,0.23012865419043488,0.0,-0.004103145745071202
1990-02-01,0.2429195716716149,-0.24074285845217497,0.23099153795687805,-0.011008439803849607,-0.011008439803849607
1990-03-01,0.2402508589918938,-0.25090821913584477,0.2317877039063282,-0.0026687126797211025,0.008339727124128504
1990-04-01,0.2412516262467892,-0.24709620887946865,0.23260833305534243,0.001000767254895396,0.0036694799346164986
1990-05-01,0.2469226406911966,-0.22549481742667013,0.23364579510958403,0.005671014444407402,0.004670247189512006
1990-08-01,0.2466557694232245,-0.22651135349503704,0.23466880163681042,-0.0002668712679720908,-0.005937885712379493
1990-09-01,0.2458885145278047,-0.2294338946915921,0.23549054274944126,-0.0007672548954198166,-0.0005003836274477258
1990-10-01,0.2496580711879107,-0.2150753227259087,0.23646017502307323,0.003769556660106005,0.0045368115555258215
1990-11-01,0.2516596056977016,-0.20745130221315597,0.23748540547753277,0.002001534509790931,-0.001768022150315074
1990-12-01,0.2544283951029122,-0.19690474050384882,0.23859848105769982,0.002768789405210581,0.0007672548954196501
1990-01-02,0.2541281649264436,-0.19804834358076168,0.23977271463677707,-0.00030023017646862993,-0.003069019581679211
1990-02-02,0.2555625979917937,-0.19258446221328904,0.24099698657859916,0.001434433065350127,0.0017346632418187569
1990-05-02,0.2589318477499416,-0.17975069435015592,0.24235580611802382,0.0033692497581478964,0.0019348166927977695
1990-06-02,0.2576308503185776,-0.1847063076834449,0.24369016245788439,-0.001300997431364026,-0.004670247189511922
1990-07-02,0.2594322313773893,-0.17784468922196786,0.24503786236114353,0.001801381058811724,0.00310237849017575
1990-08-02,0.2555959569002902,-0.19245739520474328,0.24603751765242243,-0.003836274477099111,-0.005637655535910835
1990-09-02,0.2539280114754645,-0.19881074563203688,0.24695488763607656,-0.0016679454248256786,0.002168329052273432
1990-12-02,0.256163058344731,-0.19029725605946307,0.24780776372997076,0.0022350468692665104,0.003902992294092189
1990-01-03,0.2477899723121059,-0.22219107520447767,0.24839821641035906,-0.008373086032625127,-0.010608132901891637
1990-02-03,0.2469559995996931,-0.22536775041812426,0.2488641291656937,-0.0008339727124127838,0.007539113320212343
1990-05-03,0.2457217199853221,-0.2300692297343215,0.2493089146123139,-0.0012342796143710033,-0.0004003069019582195
1990-06-03,0.2471561530506722,-0.22460534836684898,0.2497147813323548,0.0014344330653500992,0.0026687126797211025
1990-07-03,0.2439203389265103,-0.23693084819579888,0.2500517063081696,-0.0032358141241619065,-0.004670247189512006
1990-08-03,0.2440537745604964,-0.2364225801616152,0.24975925987701683,0.00013343563398610092,0.0033692497581480074
1990-09-03,0.243119725122594,-0.23998045640089968,0.24955243464433843,-0.0009340494379024011,-0.001067485071888502
1990-12-03,0.244420722553958,-0.23502484306761082,0.24949683646351092,0.0013009974313639983,0.0022350468692663994
1990-02-04,0.2225039196717483,-0.31850786768224953,0.24873069353170765,-0.021916802882209707,-0.023217800313573705
1990-03-04,0.2269072955932882,-0.30173502255419404,0.24804127608944634,0.004403375921539915,0.026320178803749622
1990-04-04,0.2264069119658405,-0.30364102768238205,0.24726067763062792,-0.000500383627447698,-0.004903759548987613
1990-05-04,0.2291757013710511,-0.2930944659730749,0.2464356006271475,0.002768789405210581,0.003269173032658279
1990-06-04,0.2287086766520999,-0.2948734040927171,0.24559495613303534,-0.0004670247189511867,-0.0032358141241617677
1990-09-04,0.2280414984821697,-0.29741474426363423,0.24509902036005382,-0.0006671781699301993,-0.0002001534509790126
1990-10-04,0.2270407312272742,-0.3012267545200108,0.24465868276789982,-0.001000767254895507,-0.0003335890849653078
1990-11-04,0.2265737065083231,-0.30300569263965266,0.24416941877661763,-0.0004670247189511034,0.0005337425359444037
1990-12-04,0.2272408846782533,-0.3004643524687355,0.24351336024285286,0.0006671781699301993,0.0011342028888813027
1990-01-05,0.2232378156586716,-0.31571239349424035,0.2427327617840344,-0.004003069019581695,-0.004670247189511895
1990-02-05,0.2233045334756647,-0.3154582594771483,0.24197996241562975,6.671781699310597e-05,0.004069786836574801
1990-03-05,0.2235046869266437,-0.3146958574258734,0.24110818294025418,0.00020015345097898485,0.00013343563398587888
1990-04-05,0.2244387363645462,-0.31113798118658853,0.24020082062914902,0.0009340494379025122,0.0007338959869235273
1990-08-05,0.2240050705540914,-0.3127898522976853,0.23918670981085496,-0.00043366581045478636,-0.0013677152483572985
1990-09-05,0.2237715581946159,-0.3136793213575061,0.23817482291979405,-0.00023351235947552396,0.0002001534509792624
1990-10-05,0.2247389665410148,-0.3099943781096758,0.23714736853810142,0.0009674083463989125,0.0012009207058744364
1990-11-05,0.2226039963972379,-0.31812666665661166,0.23593644015967793,-0.002134970143776893,-0.0031023784901758056
1990-01-06,0.2192013877305935,-0.33108750152829064,0.23465545807341184,-0.0034026086666444078,-0.0012676385228675147
1990-04-06,0.2149314474430397,-0.3473520786221624,0.2331720986089335,-0.004269940287553786,-0.0008673316209093784
1990-05-06,0.2156319845214664,-0.34468367144269946,0.23183996619630604,0.0007005370784266829,0.004970477365980469
1990-06-06,0.2165660339593688,-0.34112579520341496,0.23059456694576952,0.0009340494379024011,0.00023351235947571825
1990-07-06,0.212095940220836,-0.3581527743485617,0.22912566300830636,-0.004470093738532799,-0.0054041431764352
1990-08-06,0.2125629649397872,-0.3563738362289194,0.22795142942922908,0.00046702471895121445,0.004937118457484013
1990-11-06,0.2133635787437035,-0.3533242280238186,0.22683168206736276,0.0008006138039163002,0.00033358908496508577
1990-12-06,0.2140641158221303,-0.3506558208443552,0.22577642859525637,0.0007005370784267939,-0.0001000767254895063
1990-02-07,0.2151649598025152,-0.34646260956234165,0.22471005548698444,0.0011008439803849024,0.0004003069019581085
1990-03-07,0.2182339793841946,-0.33477244477612095,0.2238538435022406,0.0030690195816793775,0.001968175601294475
1990-04-07,0.2185675684691597,-0.33350177469066233,0.22300430329919604,0.0003335890849651135,-0.002735430496714264
1990-05-07,0.2166994695933549,-0.3406175271692313,0.22212362811488806,-0.0018680988758048023,-0.002201687960769916
1990-06-07,0.2176668779397538,-0.33693258392140096,0.22123183329441462,0.0009674083463989125,0.0028355072222037148
1990-09-07,0.2170664175868166,-0.3392197900752265,0.22105058322491689,-0.0006004603529372043,-0.0015678686993361168
1990-10-07,0.2128965540247523,-0.3551031661434609,0.2205835585059657,-0.004169863562064308,-0.0035694032091271033
1990-11-07,0.2130967074757314,-0.35434076409218557,0.22013988502296206,0.00020015345097909587,0.0043700170130434035
1990-12-07,0.2111952496914301,-0.3615835835793003,0.21954053663364134,-0.0019014577843012859,-0.0021016112352803817
1990-01-08,0.2240050705540914,-0.3127898522976853,0.21938374976370772,0.012809820862661303,0.014711278646962589
1990-02-08,0.2307102111618908,-0.28724938357996443,0.21947270685303177,0.0067051406077993925,-0.006104680254861911
1990-03-08,0.2295760082730093,-0.29156966187052424,0.2195572160878896,-0.001134202888881497,-0.00783934349668089
1990-06-08,0.2317443373252827,-0.2833103063150425,0.21972957044845493,0.0021683290522734044,0.0033025319411549015
1990-07-08,0.232411515495213,-0.280768966144125,0.21990192480902024,0.0006671781699302826,-0.0015011508823431219
1990-08-08,0.2334122827501084,-0.27695695588774893,0.22024107371206814,0.001000767254895396,0.0003335890849651135
1990-09-08,0.2326450278546886,-0.2798794970843039,0.22055242352470225,-0.0007672548954197889,-0.001768022150315185
1990-10-08,0.2364813023317877,-0.26526679110152845,0.22098497737154038,0.003836274477099111,0.0046035293725189
1990-03-09,0.234746639089969,-0.27187427554591376,0.22132857412905446,-0.0017346632418187014,-0.005570937718917812
1990-04-09,0.231177235880842,-0.2854704454603223,0.22156764630661288,-0.00356940320912702,-0.0018347399673083187
1990-05-09,0.2324448744037095,-0.28064189913557913,0.221856756846916,0.0012676385228675147,0.004837041731994535
1990-06-09,0.2352470227174167,-0.2699682704177257,0.22220702538612938,0.0028021483137072034,0.0015345097908396887
1990-07-09,0.2333122060246189,-0.2773381569133863,0.22256396570704207,-0.0019348166927977972,-0.004736965006505001
1990-10-09,0.2332454882076258,-0.2775922909304783,0.22303210238960983,-6.671781699310597e-05,0.0018680988758046913
1990-11-09,0.2292424191880442,-0.29284033195598286,0.22350913478110995,-0.004003069019581612,-0.003936351202588506
1990-12-09,0.2316109016912967,-0.28381857434922586,0.22404176535343764,0.0023684825032525003,0.006371551522834112
1990-01-10,0.2411181906128032,-0.2476044769136519,0.22486017057521882,0.009507288921506513,0.007138806418254012
1990-02-10,0.2354805350768923,-0.2690788013579047,0.2256396570704207,-0.005637655535910918,-0.01514494445741743
1990-03-10,0.2365146612402842,-0.2651397240929827,0.2264380469471039,0.0010341261633919074,0.006671781699302826
1990-04-10,0.2407512426193415,-0.2490022140076567,0.22735096907629185,0.004236581379057303,0.003202455215665395
1990-05-10,0.240651165893852,-0.2493834150332942,0.22823720407868253,-0.0001000767254895063,-0.004336658104546809
1990-08-10,0.2374487106781866,-0.2615818478536982,0.22897999577453826,-0.003202455215665395,-0.003102378490175889
1990-09-10,0.2415852153317543,-0.24582553879401003,0.2297583703061236,0.004136504653567713,0.007338959869233108
1990-10-10,0.2381158888481169,-0.25904050768278064,0.23040998098542215,-0.0034693264836374027,-0.007605831137205116
1990-11-10,0.2355806118023818,-0.2686976003322672,0.23103935239238974,-0.0025352770457351126,0.0009340494379022901
1990-12-10,0.2357474063448644,-0.26806226528953764,0.23164203667256006,0.00016679454248261227,0.002702071588217725
1990-01-11,0.2305100577109117,-0.28801178563123975,0.2320901580100299,-0.005237348633952699,-0.005404143176435311
1990-02-11,0.2285752410181139,-0.29538167212690036,0.23261278090980866,-0.0019348166927977972,0.0033025319411549015
1990-05-11,0.2281749341161557,-0.296906476229451,0.23311538846448945,-0.0004003069019582195,0.0015345097908395777
1990-06-11,0.2297428028154919,-0.2909343268277948,0.2337336402352915,0.0015678686993362,0.0019681756012944196
1990-07-11,0.233579077292591,-0.2763216208450194,0.2340527737932415,0.003836274477099111,0.0022684057777629107
1990-08-11,0.2334122827501084,-0.27695695588774893,0.23414284284618206,-0.00016679454248261227,-0.004003069019581723
1990-09-11,0.2340461020115422,-0.2745426827253772,0.23429184597079986,0.000633819261433799,0.0008006138039164112
1990-12-11,0.2307102111618908,-0.28724938357996443,0.23425737509868677,-0.003335890849651385,-0.003969710111085184
1990-03-12,0.2306768522533943,-0.2873764505885103,0.23419955299062614,-3.335890849651135e-05,0.0033025319411548737
1990-04-12,0.2286419588351069,-0.29512753810980874,0.23404054219345943,-0.002034893418287387,-0.0020015345097908754
1990-05-12,0.2275744737632185,-0.29919368238327654,0.23387152372374376,-0.0010674850718884188,0.000967408346398968
1990-06-12,0.2235714047436368,-0.3144417234087814,0.23344119380413872,-0.004003069019581695,-0.0029355839476932766
1990-07-12,0.224105147279581,-0.3124086512720475,0.23308647741045915,0.0005337425359442094,0.004536811555525905
1990-10-12,0.2262734763318544,-0.30414929571656574,0.2329230187588262,0.0021683290522734044,0.001634586516329195
1990-11-12,0.2249724789004904,-0.3091049090498546,0.2326739389087189,-0.0013009974313639983,-0.0034693264836374027
1990-12-12,0.224171865096574,-0.31215451725495585,0.23230476698802416,-0.0008006138039164112,0.000500383627447587
1991-02-01,0.2374487106781866,-0.2615818478536982,0.23244265047647641,0.0132768455816126,0.014077459385529012
1991-03-01,0.2344464089135003,-0.27301787862282695,0.2324826811666722,-0.0030023017646862993,-0.0162791473462989
1991-04-01,0.2351803049004237,-0.27022240443481743,0.2326806106904182,0.0007338959869233885,0.003736197751609688
1991-07-01,0.2376488641291657,-0.26081944580242294,0.23288187610501385,0.0024685592287420066,0.001734663241818618
1991-08-01,0.2367148146912633,-0.2643773220417074,0.23273509690762914,-0.0009340494379024011,-0.0034026086666444078
1991-09-01,0.2349801514494446,-0.2709848064860927,0.23271841745338093,-0.0017346632418187014,-0.0008006138039163002
1991-10-01,0.2372819161357041,-0.2622171828964273,0.23274399261656156,0.0023017646862595054,0.004036427928078207
1991-11-01,0.2373152750442006,-0.26209011588788145,0.2326294603640569,3.335890849651135e-05,-0.002268405777762994
1991-01-02,0.2199019248090202,-0.3284190943488276,0.2319378189945625,-0.017413350235180397,-0.01744670914367691
1991-04-02,0.2216699469593355,-0.3216845428958961,0.23141186020393414,0.001768022150315296,0.019181372385495693
1991-05-02,0.2213029989658738,-0.3230822799899009,0.23073578632507144,-0.00036694799346170814,-0.002134970143777004
1991-06-02,0.2174000066717817,-0.33794911998976795,0.2300452569191936,-0.003902992294092106,-0.0035360443006303977
1991-07-02,0.219501617907062,-0.3299438984513783,0.22950929045601628,0.0021016112352802985,0.006004603529372404
1991-08-02,0.2235714047436368,-0.3144417234087814,0.22910342373597536,0.004069786836574801,0.001968175601294503
1991-11-02,0.2214697935083564,-0.3224469449471714,0.22880208159589016,-0.0021016112352803817,-0.006171398071855183
1991-12-02,0.2198352069920272,-0.32867322836591933,0.22851074712835392,-0.0016345865163292228,0.00046702471895115893
1991-01-03,0.2215031524168529,-0.32231987793862565,0.2282883544050439,0.0016679454248257064,0.003302531941154929
1991-04-03,0.220535744070454,-0.3260048211864559,0.22798145244687593,-0.0009674083463988847,-0.002635353771224591
1991-05-03,0.2199019248090202,-0.3284190943488276,0.22752554736409022,-0.000633819261433799,0.00033358908496508577
1991-06-03,0.2210361276979017,-0.32409881605826785,0.22711300886235003,0.001134202888881497,0.001768022150315296
1991-07-03,0.2212362811488808,-0.32333641400699253,0.22668601483359466,0.00020015345097909587,-0.0009340494379024011
1991-08-03,0.2225706374887414,-0.31825373366515747,0.22641469571115633,0.0013343563398605929,0.001134202888881497
1991-11-03,0.2208026153384261,-0.32498828511808897,0.2260855544806574,-0.001768022150315296,-0.003102378490175889
1991-12-03,0.2197351302665376,-0.3290544293915571,0.2257886601950384,-0.001067485071888502,0.0007005370784267939
1991-02-04,0.2152316776195083,-0.3462084755452497,0.22537723365691473,-0.00450345264702931,-0.003435967575140808
1991-03-04,0.2163658805083897,-0.3418881972546903,0.22513704951573982,0.0011342028888814137,0.005637655535910724
1991-04-04,0.2158321379724455,-0.34392126939142414,0.2248612825388353,-0.0005337425359442094,-0.0016679454248256231
1991-05-04,0.2158988557894385,-0.3436671353743325,0.2245154618540881,6.671781699299495e-05,0.0006004603529372043
1991-08-04,0.2175668012142643,-0.33731378494703845,0.22426860593121392,0.0016679454248258174,0.0016012276078328225
1991-09-04,0.2195683357240551,-0.3296897644342862,0.22411515495212997,0.002001534509790792,0.00033358908496497475
1991-10-04,0.2191346699136004,-0.33134163554538265,0.22350468692664374,-0.0004336658104547031,-0.0024352003202454953
1991-11-04,0.218067184841712,-0.3354077798188504,0.22295871279091747,-0.001067485071888391,-0.0006338192614336879
1991-12-04,0.218200620475698,-0.33489951178466715,0.22239272331009327,0.0001334356339859899,0.001200920705874381
1991-01-05,0.214564499449578,-0.3487498157161672,0.22162324448744036,-0.0036361210261199872,-0.003769556660105977
1991-02-05,0.2129966307502419,-0.35472196511782306,0.220832638356073,-0.0015678686993361168,0.0020682523267838704
1991-03-05,0.2138973212796477,-0.35129115588708476,0.2201298773504131,0.0009006905294058065,0.0024685592287419234
1991-07-05,0.2143309870901024,-0.3496392847759883,0.21936484638222636,0.0004336658104547031,-0.0004670247189511034
1991-08-05,0.2148313707175501,-0.34773327964780026,0.21861538290467133,0.000500383627447698,6.671781699299495e-05
1991-09-05,0.2147980118090536,-0.347860346656346,0.2184452524713391,-3.33589084964836e-05,-0.0005337425359441816
1991-10-05,0.2146979350835641,-0.3482415476819835,0.2182128520754801,-0.0001000767254895063,-6.67178169930227e-05
1991-03-06,0.2189011575541248,-0.33223110460520383,0.21813279069508842,0.00420322247056068,0.0043032991960501865
1991-04-06,0.2185008506521666,-0.3337559087077544,0.2181694854944346,-0.00040030690195819174,-0.004603529372518872
1991-05-06,0.2185008506521666,-0.3337559087077544,0.2181361265859381,0.0,0.00040030690195819174
1991-06-06,0.2201354371684958,-0.32752962528900653,0.2180215943334334,0.001634586516329195,0.001634586516329195
1991-07-06,0.221569870233846,-0.3220657439215336,0.21802493022428304,0.0014344330653502102,-0.00020015345097898485
1991-10-06,0.2250391967174834,-0.308850775032763,0.21819839654846493,0.0034693264836374027,0.0020348934182871925
1991-11-06,0.2244053774560496,-0.31126504819513473,0.2182951373831048,-0.000633819261433799,-0.004103145745071202
1991-12-06,0.2249057610834973,-0.30935904306694667,0.2184408046168729,0.000500383627447698,0.001134202888881497
1991-01-07,0.2228375087567135,-0.3172371975967906,0.21853865741512937,-0.002068252326783815,-0.002568635954231513
1991-02-07,0.221636588050839,-0.32181160990444196,0.21855867276022728,-0.001200920705874492,0.0008673316209093229
1991-03-07,0.2230710211161891,-0.31634772853696946,0.21861983075913752,0.0014344330653500992,0.002635353771224591
1991-04-07,0.2230710211161891,-0.31634772853696946,0.2186365102133858,0.0,-0.0014344330653500992
1991-05-07,0.2235046869266437,-0.3146958574258734,0.21872657926632635,0.00043366581045459207,0.00043366581045459207
1991-08-07,0.2237381992861193,-0.3138063883660523,0.21886001490031246,0.00023351235947560722,-0.00020015345097898485
1991-09-07,0.2230376622076926,-0.3164747955455152,0.21912021438658524,-0.0007005370784266829,-0.0009340494379022901
1991-10-07,0.224171865096574,-0.31215451725495585,0.21938041387285806,0.001134202888881386,0.0018347399673080689
1991-11-07,0.2224372018547553,-0.31876200169934116,0.21960058266893506,-0.0017346632418187014,-0.0028688661307000873
1991-12-07,0.2221369716782867,-0.3199056047762539,0.21980851986523,-0.00030023017646860217,0.0014344330653500992
1991-01-08,0.2191680288220969,-0.3312145685368368,0.21986189411882442,-0.002968942856189788,-0.0026687126797211858
1991-02-08,0.2154318310704874,-0.3454460734939743,0.21972401063037214,-0.0037361977516094935,-0.0007672548954197056
1991-05-08,0.214564499449578,-0.3487498157161672,0.21957167161490476,-0.0008673316209094062,0.0028688661307000873
1991-06-08,0.2148980885345431,-0.34747914563070864,0.21946603507133247,0.00033358908496508577,0.001200920705874492
1991-07-08,0.2147646529005571,-0.3479874136648919,0.2193515028188278,-0.0001334356339859899,-0.00046702471895107567
1991-08-08,0.2152983954365013,-0.34595434152815796,0.21937596601839185,0.0005337425359442094,0.0006671781699301993
1991-09-08,0.2156987023384595,-0.3444295374256074,0.21946603507133242,0.00040030690195819174,-0.00013343563398601765
1991-12-08,0.2156987023384595,-0.3444295374256074,0.21952608110662616,0.0,-0.00040030690195819174
1991-02-09,0.2088601260966741,-0.37047827417751156,0.21934371907351188,-0.00683857624178541,-0.00683857624178541
1991-03-09,0.208459819194716,-0.37200307828006174,0.21913133402275076,-0.0004003069019580807,0.006438269339827329
1991-04-09,0.2093605097241218,-0.3685722690493235,0.21895008395325305,0.0009006905294057788,0.0013009974313638595
1991-05-09,0.2084931781032125,-0.371876011271516,0.21874325872057465,-0.0008673316209092952,-0.001768022150315074
1991-06-09,0.2089268439136671,-0.37022414016041993,0.21841078159922608,0.00043366581045459207,0.0013009974313638872
1991-09-09,0.2105947893384929,-0.36387078973312587,0.2181472462221036,0.0016679454248258174,0.0012342796143712254
1991-10-09,0.2113620442339127,-0.36094824853657087,0.2179092860081618,0.0007672548954197889,-0.0009006905294060286
1991-11-09,0.2070587450378623,-0.3773398926389888,0.21747339627047405,-0.004303299196050381,-0.00507055409147017
1991-12-09,0.2076258464823031,-0.3751797534937088,0.21700859547875595,0.0005671014444407763,0.004870400640491157
1991-01-10,0.2128631951162558,-0.35523023315200675,0.216602728758715,0.005237348633952699,0.004670247189511922
1991-02-10,0.2142309103646129,-0.3500204858016258,0.2162635798556671,0.0013677152483571042,-0.0038696333855955944
1991-03-10,0.2147646529005571,-0.3479874136648919,0.21592554291623578,0.0005337425359442094,-0.0008339727124128948
1991-04-10,0.2144310638155919,-0.34925808375035083,0.21564532808486506,-0.0003335890849651968,-0.0008673316209094062
1991-07-10,0.2166994695933549,-0.3406175271692313,0.21548075746961556,0.002268405777762994,0.002601994862728191
1991-08-10,0.2152983954365013,-0.34595434152815796,0.21522166994695932,-0.0014010741568535878,-0.003669479934616582
1991-09-10,0.2153317543449978,-0.3458272745196122,0.21496369438791962,3.33589084964836e-05,0.0014344330653500714
1991-10-10,0.2165660339593688,-0.34112579520341496,0.21473240595567714,0.0012342796143710033,0.0012009207058745197
1991-11-10,0.2153984721619908,-0.3455731405025206,0.21445441505153948,-0.0011675617973780084,-0.0024018414117490117
1991-01-11,0.2153984721619908,-0.3455731405025206,0.21419977538334944,0.0,0.0011675617973780084
1991-04-11,0.2144644227240885,-0.34913101674180463,0.21387619397093324,-0.0009340494379022901,-0.0009340494379022901
1991-05-11,0.2145978583580745,-0.34862274870762144,0.2136148825210439,0.0001334356339859899,0.00106748507188828
1991-06-11,0.2132301431097175,-0.35383249605800193,0.21331798823542492,-0.0013677152483569932,-0.001501150882342983
1991-07-11,0.2132301431097175,-0.35383249605800193,0.21312005871167897,0.0,0.0013677152483569932
1991-08-11,0.212162658037829,-0.35789864033147006,0.213011086277257,-0.001067485071888502,-0.001067485071888502
1991-11-11,0.2134970143776896,-0.352815959989635,0.21297550344152738,0.0013343563398605929,0.002401841411749095
1991-12-11,0.2133969376522,-0.3531971610152728,0.2129254650787826,-0.00010007672548958957,-0.0014344330653501824
1991-02-12,0.2224705607632519,-0.31863493469079496,0.21318232867420578,0.009073623111051893,0.009173699836541482
1991-03-12,0.2188344397371318,-0.33248523862229545,0.21330019681756013,-0.0036361210261200982,-0.012709744137171991
1991-04-12,0.2204023084364679,-0.32651308922063954,0.21345698368749375,0.0015678686993361168,0.005203989725456215
1991-05-12,0.2200687193515028,-0.32778375930609815,0.21360265092126182,-0.0003335890849651135,-0.0019014577843012304
1991-06-12,0.2220702538612937,-0.3201597387933455,0.21404298851341583,0.002001534509790903,0.0023351235947560167
1991-09-12,0.224038429462588,-0.3126627852891391,0.2145622755223449,0.0019681756012943086,-3.335890849659462e-05
1991-10-12,0.2222704073122727,-0.3193973367420706,0.21499260544194992,-0.001768022150315296,-0.0037361977516096045
1991-11-12,0.2212362811488808,-0.32333641400699253,0.21541737554347223,-0.0010341261633919074,0.0007338959869233885
1991-12-12,0.2165660339593688,-0.34112579520341496,0.21567201521166227,-0.004670247189512006,-0.0036361210261200982
1992-02-01,0.2108283016979684,-0.36298132067330513,0.2156797989569781,-0.005737732261400397,-0.001067485071888391
1992-03-01,0.212229375854822,-0.35764450631437844,0.21570871001100841,0.0014010741568535878,0.0071388064182539845
1992-06-01,0.209827534443073,-0.3667933309296812,0.21580100299118213,-0.002401841411748984,-0.0038029155686025717
1992-07-01,0.2100276878940521,-0.36603092887840594,0.21588106437157376,0.00020015345097909587,0.0026019948627280798
1992-08-01,0.2106281482469894,-0.36374372272458005,0.21580656280926486,0.0006004603529372876,0.00040030690195819174
1992-09-01,0.2112619675084231,-0.3613294495622087,0.21570759804739187,0.0006338192614337157,3.3358908496428086e-05
1992-10-01,0.2154985488874804,-0.3451919394768827,0.215732061246956,0.004236581379057303,0.003602762117623587
1992-03-02,0.2144977816325849,-0.3490039497332592,0.21573428517418908,-0.001000767254895507,-0.00523734863395281
1992-04-02,0.2142309103646129,-0.3500204858016258,0.21565199986656436,-0.00026687126797200755,0.0007338959869234996
1992-05-02,0.2130967074757314,-0.35434076409218557,0.21557861026787203,-0.001134202888881497,-0.0008673316209094895
1992-06-02,0.2141975514561163,-0.350147552810172,0.2155408035049093,0.0011008439803849024,0.0022350468692663994
1992-07-02,0.2143643459985989,-0.34951221776744246,0.215467413906217,0.00016679454248261227,-0.0009340494379022901
1992-10-02,0.213330219835207,-0.35345129503236444,0.21539847216199084,-0.0010341261633919074,-0.0012009207058745197
1992-11-02,0.2142309103646129,-0.3500204858016258,0.21535955343541158,0.0009006905294058898,0.0019348166927977972
1992-12-02,0.2150315241685292,-0.346970877596525,0.21537845681689297,0.0008006138039163002,-0.00010007672548958957
1992-02-03,0.2105280715214998,-0.3641249237502179,0.2152427972556738,-0.004503452647029393,-0.005304066450945694
1992-03-03,0.2111285318744371,-0.36183771759639205,0.2151727435478311,0.0006004603529372876,0.005103912999966681
1992-04-03,0.2103279180705207,-0.3648873258014932,0.21507600271319122,-0.0008006138039163835,-0.001401074156853671
1992-05-03,0.2101611235280381,-0.3655226608442227,0.21500928489619817,-0.00016679454248261227,0.0006338192614337712
1992-06-03,0.209827534443073,-0.3667933309296812,0.2148869688983776,-0.00033358908496508577,-0.0001667945424824735
1992-09-03,0.2094272275411148,-0.36831813503223176,0.21475464522800813,-0.00040030690195819174,-6.671781699310597e-05
1992-10-03,0.2091269973646463,-0.36946173810914423,0.21430985978138795,-0.0003002301764685189,0.00010007672548967284
1992-11-03,0.2095606631751009,-0.36780986699804824,0.21400073389598692,0.00043366581045459207,0.000733895986923111
1992-12-03,0.2086266137371985,-0.3713677432373326,0.21360821073934458,-0.0009340494379023734,-0.0013677152483569655
1992-01-04,0.2062247723254495,-0.3805165678526355,0.21314674583847618,-0.0024018414117490117,-0.0014677919738466383
1992-02-04,0.2038896487306935,-0.3894112584508467,0.21254072566745613,-0.002335123594755989,6.67178169930227e-05
1992-03-04,0.2039563665476866,-0.3891571244337547,0.21187132357029279,6.671781699307822e-05,0.002401841411749067
1992-06-04,0.2030556760182807,-0.39258793366449335,0.2112308325271597,-0.0009006905294058898,-0.000967408346398968
1992-07-04,0.2027220869333155,-0.3938586037499523,0.21061369271997418,-0.0003335890849651968,0.000567101444440693
1992-08-04,0.2018881142209027,-0.39703527896359897,0.21012442872869197,-0.0008339727124128116,-0.0005003836274476148
1992-09-04,0.2025219334823365,-0.3946210058012273,0.2098475497881709,0.000633819261433799,0.0014677919738466105
1992-10-04,0.2048236981685959,-0.3858533822115622,0.20960069386529673,0.002301764686259422,0.0016679454248256231
1992-01-05,0.2018881142209027,-0.39703527896359897,0.2093360465245577,-0.002935583947693221,-0.005237348633952643
1992-05-05,0.201387730593455,-0.39894128409178703,0.20904804794787113,-0.000500383627447698,0.002435200320245523
1992-06-05,0.2013543716849585,-0.3990683511003328,0.20873892206247013,-3.33589084964836e-05,0.00046702471895121445
1992-07-05,0.2009207058745038,-0.4007202222114292,0.20839421334133948,-0.0004336658104547031,-0.0004003069019582195
1992-08-05,0.2014878073189445,-0.39856008306614954,0.20792718862238826,0.000567101444440693,0.001000767254895396
1992-11-05,0.2009874236914968,-0.4004660881943376,0.20747684335768532,-0.000500383627447698,-0.001067485071888391
1992-12-05,0.2003869633385596,-0.40275329434816315,0.2070153784568169,-0.0006004603529372043,-0.0001000767254895063
1992-01-06,0.201454448410448,-0.3986871500746954,0.20662730315464076,0.001067485071888391,0.0016679454248255954
1992-02-06,0.2028888814757981,-0.39322326870722285,0.20625034748863016,0.0014344330653500992,0.00036694799346170814
1992-03-06,0.2034893418287353,-0.3909360625533973,0.20588784734963472,0.0006004603529372043,-0.0008339727124128948
1992-04-06,0.2024885745738399,-0.3947480728097734,0.20552645917425583,-0.001000767254895396,-0.0016012276078326004
1992-05-06,0.2027554458418121,-0.3937315367414061,0.20514394369016248,0.00026687126797220184,0.001267638522867598
1992-08-06,0.202688728024819,-0.39398567075849816,0.20473251715203877,-6.671781699310597e-05,-0.0003335890849653078
1992-09-06,0.2020882676718818,-0.39627287691232366,0.2044511903570515,-0.0006004603529372043,-0.0005337425359440984
1992-10-06,0.2019881909463922,-0.3966540779379615,0.2041465123261167,-0.00010007672548958957,0.0005003836274476148
1992-11-06,0.2023884978483504,-0.3951292738354109,0.20388186498537766,0.00040030690195819174,0.0005003836274477813
1992-12-06,0.2032891883777563,-0.39169846460467217,0.20365280048036827,0.0009006905294059175,0.0005003836274477258
1992-01-07,0.2059245421489809,-0.38166017092954824,0.2035227007372319,0.002635353771224591,0.0017346632418186736
1992-02-07,0.2082930246522334,-0.37263841332279124,0.20348489397426917,0.0023684825032525003,-0.0002668712679720908
1992-03-07,0.207358975214331,-0.37619628956207574,0.20342595990259196,-0.0009340494379024011,-0.0033025319411549015
1992-06-07,0.2079594355672682,-0.3739090834082502,0.20337258564899757,0.0006004603529372043,0.0015345097908396055
1992-07-07,0.2072922573973379,-0.37645042357916775,0.20332810710433555,-0.0006671781699303103,-0.0012676385228675147
1992-08-07,0.2085598959202055,-0.37162187725442436,0.20340594455749408,0.001267638522867598,0.0019348166927979082
1992-09-07,0.2083931013777229,-0.37225721229715375,0.20355605964572837,-0.00016679454248258452,-0.0014344330653501824
1992-10-07,0.2093605097241218,-0.3685722690493235,0.20373619775160953,0.0009674083463988847,0.0011342028888814693
1992-03-08,0.2129299129332488,-0.354976099134915,0.2040653389821085,0.00356940320912702,0.0026019948627281353
1992-04-08,0.2120292224038429,-0.3584069083656537,0.2043755768311261,-0.0009006905294059175,-0.0044700937385329376
1992-05-08,0.2107282249724789,-0.3633625216989426,0.20467024718951193,-0.0013009974313639983,-0.0004003069019580807
1992-06-08,0.2092937919071288,-0.3688264030664151,0.2048959758036717,-0.0014344330653500992,-0.00013343563398610092
1992-07-08,0.2101611235280381,-0.3655226608442227,0.2050738899823198,0.0008673316209092952,0.0023017646862593943
1992-10-08,0.2104613537045068,-0.3643790577673095,0.20535966463177324,0.0003002301764687132,-0.000567101444440582
1992-11-08,0.2089935617306602,-0.3699700061433279,0.20561319233634676,-0.0014677919738466105,-0.0017680221503153237
1992-12-08,0.2080928712012543,-0.3734008153740665,0.20583780898688991,-0.0009006905294058898,0.0005671014444407207
1992-01-09,0.2046902625346098,-0.3863616502457458,0.20596346087556014,-0.003402608666644491,-0.0025019181372386012
1992-02-09,0.203856289822197,-0.3895383254593925,0.20604241029233522,-0.0008339727124128116,0.0025686359542316795
1992-03-09,0.2027888047503085,-0.3936044697328607,0.20610245632762897,-0.001067485071888502,-0.0002335123594756905
1992-04-09,0.2049237748940854,-0.3854721811859248,0.2062536833794798,0.002134970143776893,0.003202455215665395
1992-07-09,0.2055575941555192,-0.38305790802355305,0.2063904549043155,0.000633819261433799,-0.0015011508823430941
1992-08-09,0.2049904927110785,-0.38521804716883273,0.20646050861215817,-0.000567101444440693,-0.001200920705874492
1992-09-09,0.2057577476064983,-0.3822955059722778,0.20653612213808362,0.0007672548954197889,0.0013343563398604819
1992-10-09,0.2050572105280715,-0.3849639131517411,0.206621743336558,-0.0007005370784267939,-0.0014677919738465828
1992-11-09,0.2035560596457284,-0.3906819285363053,0.2066484304633552,-0.0015011508823430941,-0.0008006138039163002
1992-01-10,0.2092604329986323,-0.3689534700749609,0.20686748729581567,0.005704373352903913,0.007205524235247007
1992-02-10,0.2088934850051706,-0.3703512071689657,0.20709432787359197,-0.00036694799346170814,-0.006071321346365621
1992-05-10,0.209894252260066,-0.3665391969125896,0.20735786325071442,0.001000767254895396,0.0013677152483571042
1992-06-10,0.2104279947960103,-0.36450612477585537,0.2076258464823031,0.0005337425359442927,-0.0004670247189511034
1992-07-10,0.2103279180705207,-0.3648873258014932,0.20786047080539524,-0.00010007672548958957,-0.0006338192614338822
1992-08-10,0.2105614304299963,-0.363997856741672,0.20801503374809574,0.00023351235947560722,0.0003335890849651968
1992-09-10,0.2102945591620242,-0.36501439281003906,0.20808175156508876,-0.0002668712679721186,-0.0005003836274477258
1992-12-10,0.2078927177502752,-0.3741632174253418,0.20809954298295358,-0.002401841411748984,-0.0021349701437768653
1992-02-11,0.2032224705607632,-0.39195259862176424,0.20794164414940342,-0.004670247189512006,-0.0022684057777630218
1992-03-11,0.202622010207826,-0.3942398047755898,0.20778596924308637,-0.0006004603529372043,0.004069786836574801
1992-04-11,0.2020882676718818,-0.39627287691232366,0.20757024830147552,-0.0005337425359442094,6.671781699299495e-05
1992-05-11,0.2022550622143644,-0.39563754186959416,0.20736564699603027,0.00016679454248261227,0.0007005370784268217
1992-06-11,0.2016212429529306,-0.39805181503196585,0.20710767143699058,-0.000633819261433799,-0.0008006138039164112
1992-09-11,0.1998865797111119,-0.40465929947635115,0.20667289366291935,-0.0017346632418187014,-0.0011008439803849024
1992-10-11,0.1971177903059012,-0.4152058611856588,0.2061758459263213,-0.002768789405210692,-0.0010341261633919907
1992-11-11,0.1976515328418454,-0.41317278904892496,0.2057399561886335,0.0005337425359441816,0.0033025319411548737
1992-12-11,0.1989525302732095,-0.40821717571563565,0.20539524746750285,0.0013009974313641093,0.0007672548954199276
1992-01-12,0.1999866564366014,-0.4042780984507137,0.20505609856445497,0.0010341261633919074,-0.00026687126797220184
1992-02-12,0.2006538346065317,-0.4017367582797962,0.20472918126118914,0.0006671781699302826,-0.0003669479934616249
1992-03-12,0.2003869633385596,-0.40275329434816315,0.2044422946481191,-0.0002668712679720908,-0.0009340494379023734
1992-04-12,0.2006204756980352,-0.40186382528834197,0.2041932147980118,0.00023351235947560722,0.000500383627447698
1992-07-12,0.1999532975281049,-0.40440516545925953,0.20403531596446162,-0.0006671781699303103,-0.0009006905294059175
1992-08-12,0.2003869633385596,-0.40275329434816315,0.20391967174834041,0.0004336658104547031,0.0011008439803850134
1992-09-12,0.1992194015411816,-0.40720063964726877,0.20380069164136946,-0.0011675617973780084,-0.0016012276078327115
1992-10-12,0.1993528371751676,-0.4066923716130854,0.20361499371740557,0.00013343563398601765,0.001300997431364026
1992-11-12,0.20028688661307,-0.4031344953738009,0.2034393034659906,0.0009340494379024011,0.0008006138039163835
1993-04-01,0.1957167161490476,-0.4205426755445855,0.20313017758058957,-0.004570170464022416,-0.005504219901924817
1993-05-01,0.1959502285085232,-0.4196532064847644,0.2028032602773237,0.00023351235947560722,0.004803682823498023
1993-06-01,0.1966174066784535,-0.41711186631384684,0.20252193348233644,0.0006671781699303103,0.0004336658104547031
1993-07-01,0.1963171765019848,-0.41825546939076,0.202280637377545,-0.0003002301764687132,-0.0009674083463990235
1993-08-01,0.1962838175934884,-0.41838253639930545,0.20184808353070688,-3.335890849640033e-05,0.00026687126797231286
1993-11-01,0.1958167928745371,-0.4201614745189481,0.20141219379301908,-0.0004670247189512977,-0.0004336658104548974
1993-12-01,0.1963505354104813,-0.41812840238221416,0.20096073656469962,0.0005337425359442094,0.001000767254895507
1993-01-02,0.196717483403943,-0.41673066528820946,0.20050371951829737,0.0003669479934616804,-0.000166794542482529
1993-02-02,0.19665076558695,-0.4169847993053011,0.20004781443551167,-6.671781699299495e-05,-0.00043366581045467534
1993-03-02,0.195683357240551,-0.4206697425531317,0.19955187866253019,-0.0009674083463989958,-0.0009006905294060008
1993-04-02,0.195549921606565,-0.42117801058731497,0.19906039074401485,-0.0001334356339859899,0.0008339727124130059
1993-05-02,0.1953831270640825,-0.4218133456300441,0.19864340438780842,-0.00016679454248250125,-3.335890849651135e-05
1993-08-02,0.1955165626980685,-0.42130507759586083,0.19838654079238527,0.0001334356339859899,0.00030023017646849115
1993-09-02,0.1955832805150615,-0.4210509435787692,0.19815191646929314,6.671781699299495e-05,-6.671781699299495e-05
1993-10-02,0.1967842012209361,-0.4164765312711174,0.19797511425426162,0.001200920705874603,0.001134202888881608
1993-11-02,0.1982186342862861,-0.41101264990364517,0.19784056665665903,0.001434433065350016,0.00023351235947541293
1993-12-02,0.1963505354104813,-0.41812840238221416,0.19766487640524402,-0.0018680988758048023,-0.003302531941154818
1993-01-03,0.1958835106915302,-0.419907340501856,0.19753144077125795,-0.0004670247189511034,0.0014010741568536988
1993-02-03,0.1963171765019848,-0.41825546939076,0.1975047536444607,0.00043366581045459207,0.0009006905294056955
1993-03-03,0.1965840477699569,-0.4172389333223931,0.19746917080873114,0.0002668712679720908,-0.00016679454248250125
1993-04-03,0.1955832805150615,-0.4210509435787692,0.19735686248345952,-0.001000767254895396,-0.001267638522867487
1993-05-03,0.196717483403943,-0.41673066528820946,0.19724789004903756,0.001134202888881497,0.002134970143776893
1993-08-03,0.1952163325215999,-0.4224486806727736,0.19706663997953985,-0.0015011508823430941,-0.002635353771224591
1993-09-03,0.1948493845281382,-0.4238464177667784,0.19688205401919248,-0.00036694799346170814,0.001134202888881386
1993-10-03,0.1942822830836975,-0.4260065569120581,0.1966707809320479,-0.000567101444440693,-0.00020015345097898485
1993-11-03,0.1948160256196417,-0.42397348477532415,0.1964995385350991,0.0005337425359442094,0.0011008439803849024
1993-12-03,0.1948827434366347,-0.4237193507582325,0.19631606453836828,6.671781699299495e-05,-0.00046702471895121445
1993-01-04,0.2011208593254829,-0.3999578201601539,0.1963794464645117,0.006238115888848206,0.006171398071855211
1993-02-04,0.2036227774627214,-0.39042779451921367,0.19652177780743013,0.00250191813723849,-0.0037361977516097156
1993-05-04,0.2030556760182807,-0.39258793366449335,0.1966140707876038,-0.000567101444440693,-0.003069019581679183
1993-06-04,0.2024885745738399,-0.3947480728097734,0.19683979940176355,-0.000567101444440804,-1.1102230246251565e-16
1993-07-04,0.201387730593455,-0.39894128409178703,0.19702104947126128,-0.0011008439803849024,-0.0005337425359440984
1993-08-04,0.2018881142209027,-0.39703527896359897,0.19719673972267626,0.000500383627447698,0.0016012276078326004
1993-04-05,0.2143309870901024,-0.3496392847759883,0.1977972000756135,0.012442872869199706,0.011942489241752008
1993-05-05,0.2130633485672349,-0.3544678311007313,0.19835651777473837,-0.001267638522867487,-0.013710511392067193
1993-06-05,0.2138973212796477,-0.35129115588708476,0.19895920205490872,0.0008339727124127838,0.0021016112352802707
1993-07-05,0.2152316776195083,-0.3462084755452497,0.19958857346187633,0.0013343563398605929,0.0005003836274478091
1993-10-05,0.2147646529005571,-0.3479874136648919,0.2001901457784301,-0.0004670247189511867,-0.0018013810588117796
1993-11-05,0.2137972445541582,-0.35167235691272225,0.20076169507733704,-0.0009674083463989125,-0.0005003836274477258
1993-12-05,0.2143643459985989,-0.34951221776744246,0.2013843947026053,0.0005671014444407207,0.0015345097908396332
1993-01-06,0.2284751642926243,-0.29576287315253824,0.20248190279214062,0.014110818294025385,0.013543716849584664
1993-02-06,0.2229042265737065,-0.31698306357969885,0.20339927277579475,-0.0055709377189177844,-0.01968175601294317
1993-03-06,0.2267071421423091,-0.3024974246054693,0.20443895875726945,0.0038029155686025995,0.009373853287520384
1993-04-06,0.2286419588351069,-0.29512753810980874,0.20554091470127095,0.0019348166927977972,-0.0018680988758048023
1993-07-06,0.2254395036194416,-0.3073259709302124,0.2064960914478878,-0.003202455215665312,-0.005137271908463109
1993-08-06,0.2270740901357708,-0.3010996875114646,0.20745793997620393,0.001634586516329195,0.004837041731994507
1993-09-06,0.2245388130900357,-0.31075678016095104,0.20839754923218912,-0.002535277045735085,-0.00416986356206428
1993-10-06,0.224105147279581,-0.3124086512720475,0.20933827045179082,-0.0004336658104547031,0.0021016112352803817
1993-11-06,0.2238049171031124,-0.3135522543489602,0.2102545284718284,-0.00030023017646860217,0.00013343563398610092
1993-01-07,0.2295760082730093,-0.29156966187052424,0.21135426048859682,0.005771091169896908,0.00607132134636551
1993-02-07,0.2356473296193749,-0.2684434663151751,0.21268972879207393,0.0060713213463655935,0.00030023017646868544
1993-05-07,0.2353137405344098,-0.26971413640063374,0.2139762706964228,-0.0003335890849651135,-0.006404910431330707
1993-06-07,0.2380158121226274,-0.25942170870841813,0.21540292001645706,0.002702071588217614,0.0030356606731827274
1993-07-07,0.240784601527838,-0.24887514699911084,0.21693409391644705,0.002768789405210609,6.671781699299495e-05
1993-08-07,0.2403842946258799,-0.2503999511016611,0.2184708276345198,-0.0004003069019581085,-0.0031690963071687173
1993-09-07,0.2389832204690263,-0.2557367654605879,0.2199430674628326,-0.0014010741568536156,-0.001000767254895507
1993-12-07,0.2391833739200053,-0.2549743634093129,0.22141975514561166,0.0002001534509790126,0.0016012276078326282
1993-02-08,0.2473229475931548,-0.22397001332411956,0.22295982475453402,0.008139573673149492,0.007939420222170479
1993-03-08,0.2460886679787837,-0.22867149264031714,0.22437535443840279,-0.0012342796143710866,-0.009373853287520578
1993-04-08,0.2453547719918604,-0.23146696682832632,0.2257853243041888,-0.0007338959869233053,0.0005003836274477813
1993-05-08,0.2354138172598993,-0.2693329353749963,0.2268828323937241,-0.009940954731961105,-0.0092070587450378
1993-06-08,0.2298428795409814,-0.2905531258021573,0.2278313373586416,-0.0055709377189178955,0.004370017013043209
1993-09-08,0.2313773893318211,-0.284708043409047,0.22881431319567225,0.0015345097908396887,0.007105447509757584
1993-10-08,0.2304766988024152,-0.2881388526397856,0.22935250358608267,-0.0009006905294058898,-0.0024352003202455785
1993-11-08,0.2275744737632185,-0.29919368238327654,0.22983620775928212,-0.0029022250391967097,-0.00200153450979082
1993-12-08,0.2277746272141976,-0.29843128033200117,0.23029878462376713,0.00020015345097912363,0.0031023784901758333
1993-01-09,0.222937585482203,-0.3168559965711531,0.23055564821919025,-0.004837041731994618,-0.005037195182973742
1993-02-09,0.2230710211161891,-0.31634772853696946,0.23083252715971136,0.00013343563398610092,0.004970477365980719
1993-03-09,0.2187677219201388,-0.3327393726393871,0.23099820973857735,-0.0043032991960502975,-0.0044367348300363985
1993-06-09,0.2197351302665376,-0.3290544293915571,0.23117723588084202,0.0009674083463988015,0.005270707542449099
1993-07-09,0.2134302965606965,-0.35307009400672695,0.23067574028977772,-0.00630483370584109,-0.007272242052239891
1993-08-09,0.2113954031424092,-0.360821181528025,0.23029211284206783,-0.0020348934182873035,0.004269940287553786
1993-09-09,0.2124295293058011,-0.3568821042631031,0.22981619241418422,0.0010341261633919074,0.003069019581679211
1993-10-09,0.2112286085999266,-0.36145651657075456,0.22923574740634486,-0.0012009207058745197,-0.002235046869266427
1993-01-10,0.2128965540247523,-0.3551031661434609,0.22881764908652188,0.0016679454248257064,0.002868866130700226
1993-04-10,0.2113954031424092,-0.360821181528025,0.2282950261867432,-0.0015011508823430941,-0.0031690963071688005
1993-05-10,0.2127631183907662,-0.3556114341776445,0.22790250303010087,0.0013677152483569932,0.0028688661307000873
1993-06-10,0.2143977049070954,-0.3493851507588967,0.22757892161768467,0.001634586516329195,0.00026687126797220184
1993-07-10,0.2150982419855222,-0.3467167435794334,0.22728869911376498,0.0007005370784267939,-0.0009340494379024011
1993-08-10,0.2158988557894385,-0.3436671353743325,0.22683279403097928,0.0008006138039163002,0.0001000767254895063
1993-11-10,0.2178336724822364,-0.3362972488786715,0.22623900545974135,0.0019348166927979082,0.001134202888881608
1993-12-10,0.2172999299462922,-0.33833032101540544,0.22563854510680412,-0.0005337425359442094,-0.0024685592287421176
1993-01-11,0.2190679520966074,-0.3315957695624743,0.22500694977260344,0.0017680221503152127,0.002301764686259422
1993-02-11,0.2189011575541248,-0.33223110460520383,0.22427750164014632,-0.00016679454248261227,-0.001934816692797825
1993-03-11,0.2192681055475865,-0.330833367511199,0.2235736286708699,0.00036694799346170814,0.0005337425359443204
1993-04-11,0.2249057610834973,-0.30935904306694667,0.2231043800246856,0.005637655535910807,0.005270707542449099
1993-05-11,0.2287420355605965,-0.2947463370841709,0.2227563354127053,0.003836274477099194,-0.001801381058811613
1993-08-11,0.2273409614037428,-0.300083151443098,0.22209026920639155,-0.0014010741568536988,-0.005237348633952893
1993-09-11,0.2275744737632185,-0.29919368238327654,0.22147312939920605,0.0002335123594756905,0.0016345865163293893
1993-10-11,0.2268405777762951,-0.30198915657128605,0.22085598959202055,-0.0007338959869233885,-0.000967408346399079
1993-11-11,0.2280748573906662,-0.29728767725508837,0.22061135759637945,0.0012342796143711143,0.001968175601294503
1993-12-11,0.2280748573906662,-0.29728767725508837,0.22055242352470225,0.0,-0.0012342796143711143
1993-01-12,0.2256396570704207,-0.30656356887893715,0.2203611657826556,-0.002435200320245523,-0.002435200320245523
1993-02-12,0.2266737832338126,-0.30262449161401517,0.22023440193036883,0.0010341261633919074,0.0034693264836374305
1993-03-12,0.2280748573906662,-0.29728767725508837,0.22025108138461708,0.0014010741568536156,0.00036694799346170814
1993-06-12,0.2282416519331487,-0.29665234221235937,0.2202666488752488,0.0001667945424824735,-0.001234279614371142
1993-07-12,0.2281749341161557,-0.296906476229451,0.22044122716304723,-6.671781699299495e-05,-0.00023351235947546845
1993-08-12,0.2317776962337793,-0.2831832393064963,0.2207314496669669,0.0036027621176236146,0.0036694799346166096
1993-09-12,0.2319111318677653,-0.28267497127231306,0.22116956333188778,0.0001334356339859899,-0.0034693264836376247
1993-10-12,0.2317776962337793,-0.2831832393064963,0.2215709821974625,-0.0001334356339859899,-0.0002668712679719798
1994-04-01,0.2396503986389566,-0.2531954252896703,0.22244498560007117,0.00787270240517729,0.00800613803916328
1994-05-01,0.2404176535343763,-0.25027288409311566,0.22341239394647008,0.0007672548954197056,-0.007105447509757584
1994-06-01,0.2340127431030457,-0.27466974973392294,0.2241318344063782,-0.006404910431330596,-0.007172165326750302
1994-07-01,0.2372485572272075,-0.2623442499049735,0.2249991660272876,0.0032358141241617955,0.009640724555492391
1994-10-01,0.2327117456716816,-0.27962536306721225,0.22565967241551857,-0.004536811555525905,-0.0077726256796877
1994-11-01,0.2338793074690596,-0.27517801776810663,0.22640913589307357,0.0011675617973780084,0.005704373352903913
1994-12-01,0.2343129732795143,-0.2735261466570102,0.22712746438936515,0.0004336658104547031,-0.0007338959869233053
1994-01-02,0.2313440304233245,-0.2848351104175932,0.2276923419065728,-0.0029689428561898157,-0.0034026086666445188
1994-02-02,0.2333789238416119,-0.2770840228962947,0.2283016979684425,0.0020348934182874145,0.00500383627447723
1994-03-02,0.2340127431030457,-0.27466974973392294,0.2289054942122294,0.000633819261433799,-0.0014010741568536156
1994-04-02,0.235914200887347,-0.26742693024680825,0.2295081784923997,0.0019014577843012859,0.001267638522867487
1994-07-02,0.2325783100376956,-0.2801336311013955,0.23001745782877986,-0.003335890849651385,-0.005237348633952671
1994-08-02,0.2306101344364012,-0.28763058460560237,0.2304021972401063,-0.0019681756012944196,0.0013677152483569655
1994-09-02,0.2307435700703873,-0.2871223165714187,0.23079694432398173,0.00013343563398610092,0.0021016112352805205
1994-10-02,0.2319111318677653,-0.28267497127231306,0.23121837853465435,0.0011675617973780084,0.0010341261633919074
1994-11-02,0.2314774660573106,-0.2843268423834095,0.2314374353671148,-0.0004336658104547031,-0.0016012276078327115
1994-01-03,0.231110518063849,-0.2857245794774139,0.23151638478388986,-0.0003669479934615971,6.671781699310597e-05
1994-02-03,0.2282082930246523,-0.29677940922090484,0.2315452958379202,-0.0029022250391967097,-0.0025352770457351126
1994-03-03,0.2287086766520999,-0.2948734040927171,0.2315831026008829,0.0005003836274476148,0.0034026086666443245
1994-04-03,0.227541114854722,-0.2993207493918223,0.23160645383683046,-0.0011675617973778973,-0.0016679454248255121
1994-07-03,0.2285752410181139,-0.29538167212690036,0.2316231332910787,0.0010341261633919074,0.0022016879607698048
1994-08-03,0.2276411915802115,-0.2989395483661848,0.23160867776406358,-0.0009340494379024011,-0.0019681756012943086
1994-09-03,0.2271074490442673,-0.30097262050291873,0.23165760416319178,-0.0005337425359442094,0.00040030690195819174
1994-10-03,0.2305767755279048,-0.2877576516141478,0.2317877039063282,0.003469326483637486,0.004003069019581695
1994-11-03,0.234679921272976,-0.2721284095630055,0.2320078727024052,0.004103145745071202,0.0006338192614337157
1994-05-04,0.2334122827501084,-0.27695695588774893,0.23218022706297053,-0.001267638522867598,-0.0053707842679388
1994-06-04,0.2328451813056677,-0.27911709503302856,0.23233590196928758,-0.000567101444440693,0.0007005370784269049
1994-07-04,0.2331120525736398,-0.2781005589646617,0.2323803805139496,0.0002668712679720908,0.0008339727124127838
1994-08-04,0.2338793074690596,-0.27517801776810663,0.23244598636732608,0.0007672548954198166,0.0005003836274477258
1994-11-04,0.2314107482403176,-0.2845809764005011,0.23243375476754402,-0.0024685592287420066,-0.0032358141241618232
1994-12-04,0.228908830103079,-0.2941110020414418,0.23207570248301476,-0.0025019181372386012,-3.335890849659462e-05
1994-03-05,0.2269740134102812,-0.3014808885371024,0.23162758114554494,-0.0019348166927977972,0.000567101444440804
1994-04-05,0.2270073723187777,-0.30135382152855655,0.2313940687860693,3.335890849651135e-05,0.0019681756012943086
1994-05-05,0.2265737065083231,-0.30300569263965266,0.23103824042877316,-0.0004336658104546198,-0.0004670247189511312
1994-06-05,0.2258398105213997,-0.3058011668276622,0.2308091759237638,-0.0007338959869233885,-0.0003002301764687687
1994-09-05,0.2309103646128699,-0.2864869815286892,0.2307102111618908,0.005070554091470197,0.005804450078393586
1994-10-05,0.2303432631684291,-0.28864712067396925,0.2305778874915213,-0.000567101444440804,-0.0056376555359110014
1994-11-05,0.2305767755279048,-0.2877576516141478,0.23055231232834064,0.0002335123594756905,0.0008006138039164945
1994-12-05,0.2297428028154919,-0.2909343268277948,0.23043110829413663,-0.0008339727124128948,-0.0010674850718885853
1994-01-06,0.2344464089135003,-0.27301787862282695,0.2304455638211518,0.004703606098008406,0.005537578810421301
1994-02-06,0.232411515495213,-0.280768966144125,0.23032880764141397,-0.0020348934182873035,-0.0067384995162957095
1994-03-06,0.2322113620442339,-0.2815313681954003,0.23031657604163192,-0.00020015345097909587,0.0018347399673082077
1994-06-06,0.2291757013710511,-0.2930944659730749,0.23026876160612025,-0.0030356606731828106,-0.0028355072222037148
1994-07-06,0.2305767755279048,-0.2877576516141478,0.23026320178803752,0.0014010741568536988,0.0044367348300365095
1994-08-06,0.2312105947893385,-0.28534337845177643,0.23023985055208993,0.0006338192614337157,-0.0007672548954199832
1994-09-06,0.2319444907762618,-0.2825479042637672,0.23025541804272162,0.0007338959869233053,0.00010007672548958957
1994-10-06,0.232278079861227,-0.28127723417830824,0.23029433676930092,0.0003335890849651968,-0.0004003069019581085
1994-01-07,0.2333122060246189,-0.2773381569133863,0.23046446720263314,0.0010341261633919074,0.0007005370784267106
1994-04-07,0.2346465623644795,-0.27225547657155125,0.23066239672637912,0.0013343563398605929,0.00030023017646868544
1994-05-07,0.2351135870834306,-0.2704765384519094,0.23091481246733608,0.0004670247189511034,-0.0008673316209094895
1994-06-07,0.2339126663775561,-0.2750509507595609,0.23109272664598415,-0.0012009207058745197,-0.0016679454248256231
1994-07-07,0.2322447209527304,-0.28140430118685444,0.2312461776250681,-0.0016679454248256786,-0.00046702471895115893
1994-08-07,0.2323447976782199,-0.28102310016121707,0.2314207559128665,0.00010007672548947855,0.0017680221503151572
1994-11-07,0.2340794609200387,-0.2744156157168313,0.23153751209260434,0.0017346632418188124,0.0016345865163293338
1994-12-07,0.2344464089135003,-0.27301787862282695,0.23152972834728847,0.0003669479934615971,-0.0013677152483572153
1994-01-08,0.2328118223971712,-0.27924416204157443,0.23150971300219056,-0.0016345865163291118,-0.002001534509790709
1994-02-08,0.2302431864429396,-0.28902832169960674,0.23142297984009963,-0.002568635954231596,-0.0009340494379024844
1994-03-08,0.2292090602795476,-0.29296739896452906,0.23129288009696322,-0.0010341261633919907,0.0015345097908396055
1994-04-08,0.2285752410181139,-0.29538167212690036,0.2311160778819317,-0.0006338192614336879,0.00040030690195830276
1994-05-08,0.2291089835540581,-0.29334859999016655,0.23103935239238974,0.0005337425359441816,0.0011675617973778696
1994-08-08,0.2286419588351069,-0.29512753810980874,0.23103045668345734,-0.0004670247189511867,-0.0010007672548953683
1994-09-08,0.2293424959135337,-0.29245913093034537,0.2311094061002324,0.0007005370784267939,0.0011675617973779806
1994-10-08,0.2291089835540581,-0.29334859999016655,0.23117945980807508,-0.00023351235947560722,-0.0009340494379024011
1994-11-08,0.2286419588351069,-0.29512753810980874,0.2312484015523012,-0.0004670247189511867,-0.00023351235947557947
1994-12-08,0.2290422657370651,-0.29360273400725817,0.23135515005949003,0.00040030690195819174,0.0008673316209093784
1994-01-09,0.2342462554625213,-0.2737802806741018,0.2314663464211451,0.005203989725456215,0.004803682823498023
1994-02-09,0.2347132801814724,-0.27200134255446007,0.2316120136549132,0.00046702471895107567,-0.004736965006505139
1994-05-09,0.2348467158154585,-0.2714930745202764,0.23175434499783165,0.00013343563398610092,-0.00033358908496497475
1994-06-09,0.2353137405344098,-0.26971413640063374,0.2319400429217956,0.0004670247189512977,0.0003335890849651968
1994-07-09,0.2367148146912633,-0.2643773220417074,0.23201565644772104,0.0014010741568535046,0.0009340494379022068
1994-08-09,0.2379157353971378,-0.2598029097340559,0.23219913044445187,0.0012009207058745197,-0.00020015345097898485
1994-09-09,0.2374153517696901,-0.26170891486224407,0.23237259676863373,-0.0005003836274477258,-0.0017013043333222455
1994-12-09,0.2376488641291657,-0.26081944580242294,0.23265503552723754,0.00023351235947560722,0.000733895986923333
1994-03-10,0.2390165793775228,-0.255609698452042,0.2329363623222248,0.0013677152483571042,0.001134202888881497
1994-04-10,0.2385495546585715,-0.25738863657168465,0.2331809943178659,-0.0004670247189512977,-0.001834739967308402
1994-05-10,0.2393835273709844,-0.25421196135803764,0.23342896220435666,0.0008339727124128948,0.0013009974313641925
1994-06-10,0.238249324482103,-0.25853223964859695,0.2336280036917192,-0.001134202888881386,-0.001968175601294281
1994-07-10,0.238249324482103,-0.25853223964859695,0.23379257430696868,0.0,0.001134202888881386
1994-10-10,0.2377155819461587,-0.2605653117853313,0.2338948749596913,-0.0005337425359443204,-0.0005337425359443204
1994-11-10,0.2353470994429062,-0.2695870693920883,0.23390265870500715,-0.0023684825032525003,-0.00183473996730818
1994-12-10,0.2355138939853888,-0.2689517343493588,0.2339560329586016,0.00016679454248261227,0.0025352770457351126
1994-01-11,0.2332454882076258,-0.2775922909304783,0.2339893918670981,-0.002268405777762994,-0.0024352003202456063
1994-02-11,0.2328118223971712,-0.27924416204157443,0.23400495935772983,-0.0004336658104546198,0.0018347399673083742
1994-03-11,0.2327784634886747,-0.2793712290501202,0.23396159277668435,-3.33589084964836e-05,0.00040030690195813623
1994-04-11,0.2327784634886747,-0.2793712290501202,0.23390599459585684,0.0,3.33589084964836e-05
1994-07-11,0.2320445675017514,-0.2821667032381294,0.23388041943267618,-0.0007338959869233053,-0.0007338959869233053
1994-08-11,0.2333455649331154,-0.27721108990484056,0.23398383204901535,0.0013009974313639983,0.0020348934182873035
1994-09-11,0.2326450278546886,-0.2798794970843039,0.23409836430152003,-0.0007005370784267939,-0.002001534509790792
1994-10-11,0.2330453347566468,-0.2783546929817533,0.23424736742613783,0.00040030690195819174,0.0011008439803849857
1994-11-11,0.2337792307435701,-0.2755592187937441,0.23440304233245488,0.0007338959869233053,0.0003335890849651135
1994-01-12,0.2303099042599327,-0.2887741876825147,0.2344586405132824,-0.0034693264836374027,-0.004203222470560708
1994-02-12,0.2295760082730093,-0.29156966187052424,0.23446642425859826,-0.0007338959869233885,0.002735430496714014
1994-05-12,0.2279747806651766,-0.2976688782807263,0.23442861749563554,-0.0016012276078327115,-0.0008673316209093229
1994-06-12,0.2274076792207359,-0.299829017426006,0.23438747484182318,-0.000567101444440693,0.0010341261633920185
1994-07-12,0.2282416519331487,-0.29665234221235937,0.23436078771502597,0.0008339727124127838,0.0014010741568534768
1994-08-12,0.2277079093972045,-0.2986854143490932,0.23414284284618206,-0.0005337425359441816,-0.0013677152483569655
1994-09-12,0.2279080628481836,-0.2979230122978179,0.23391600226840578,0.00020015345097909587,0.0007338959869232775
1994-12-12,0.2283417286586383,-0.2962711411867215,0.23369916936317844,0.0004336658104547031,0.00023351235947560722
1995-03-01,0.2308436467958768,-0.28674111554578124,0.2335501662385607,0.00250191813723849,0.002068252326783787
1995-04-01,0.2273076024952464,-0.3002102184516435,0.23323659249869344,-0.0035360443006303977,-0.006037962437868888
1995-05-01,0.2271074490442673,-0.30097262050291873,0.2328763162869311,-0.00020015345097909587,0.0033358908496513018
1995-06-01,0.2270407312272742,-0.3012267545200108,0.23253049560218392,-6.671781699310597e-05,0.0001334356339859899
1995-09-01,0.2251726323514694,-0.30834250699857974,0.23211462120959403,-0.0018680988758048023,-0.0018013810588116963
1995-10-01,0.226306835240351,-0.30402222870801954,0.2316909630716883,0.001134202888881608,0.0030023017646864103
1995-11-01,0.2273076024952464,-0.3002102184516435,0.2313162313329108,0.001000767254895396,-0.00013343563398621194
1995-12-01,0.2305767755279048,-0.2877576516141478,0.2310226729381415,0.00326917303265839,0.002268405777762994
1995-01-02,0.227741268305701,-0.2985583473405474,0.23067240439892805,-0.002835507222203798,-0.006104680254862188
1995-02-02,0.2275077559462254,-0.2994478164003685,0.23031435211439882,-0.00023351235947557947,0.0026019948627282186
1995-03-02,0.2273409614037428,-0.300083151443098,0.22996853142965165,-0.00016679454248261227,6.67178169929672e-05
1995-06-02,0.2265737065083231,-0.30300569263965266,0.22967608499849887,-0.0007672548954197056,-0.0006004603529370933
1995-07-02,0.2265737065083231,-0.30300569263965266,0.22937807874926333,0.0,0.0007672548954197056
1995-08-02,0.2266404243253161,-0.30275155862256103,0.22915790995318636,6.671781699299495e-05,6.671781699299495e-05
1995-09-02,0.2279747806651766,-0.2976688782807263,0.22899667522878653,0.0013343563398605096,0.0012676385228675147
1995-10-02,0.2278413450311905,-0.29817714631490994,0.22883210461353704,-0.00013343563398610092,-0.0014677919738466105
1995-01-03,0.2273743203122394,-0.29995608443455185,0.22865196650765587,-0.0004670247189511034,-0.0003335890849650025
1995-02-03,0.2267405010508056,-0.30237035759692354,0.22847516429262432,-0.000633819261433799,-0.00016679454248269554
1995-03-03,0.2284084464756313,-0.29601700716962986,0.22831059367737486,0.0016679454248257064,0.0023017646862595054
1995-06-03,0.2294759315475198,-0.29195086289616173,0.2282049571338026,0.001067485071888502,-0.0006004603529372043
1995-07-03,0.2315775427828001,-0.283945641357772,0.22815603073467436,0.0021016112352802985,0.0010341261633917964
1995-08-03,0.2302431864429396,-0.28902832169960674,0.22803816259132,-0.0013343563398605096,-0.003435967575140808
1995-09-03,0.2308436467958768,-0.28674111554578124,0.2280559540091848,0.0006004603529372043,0.001934816692797714
1995-10-03,0.231177235880842,-0.2854704454603223,0.22810932826277924,0.0003335890849651968,-0.00026687126797200755
1995-03-04,0.238449477933082,-0.2577698375973221,0.22845848483837608,0.007272242052240002,0.006938652967274805
1995-04-04,0.2380491710311238,-0.25929464169987265,0.22881320123205567,-0.00040030690195819174,-0.007672548954198194
1995-05-04,0.2382826833905995,-0.2584051726400512,0.2291479022806374,0.0002335123594756905,0.0006338192614338822
1995-06-04,0.2391833739200053,-0.2549743634093129,0.22953041776473074,0.0009006905294058065,0.000667178169930116
1995-07-04,0.2389832204690263,-0.2557367654605879,0.22989958968542548,-0.0002001534509790126,-0.0011008439803848191
1995-10-04,0.2364479434232912,-0.2653938581100743,0.23016979684424724,-0.002535277045735085,-0.0023351235947560722
1995-11-04,0.2369149681422424,-0.26361491999043213,0.23037217422245945,0.0004670247189511867,0.0030023017646862715
1995-12-04,0.2369483270507389,-0.26348785298188626,0.2306935317076425,3.335890849651135e-05,-0.00043366581045467534
1995-01-05,0.2350468692664376,-0.270730672469001,0.23095817904838153,-0.0019014577843012859,-0.0019348166927977972
1995-02-05,0.2359475597958435,-0.2672998632382624,0.2312550733340005,0.0009006905294058898,0.0028021483137071757
1995-03-05,0.236047636521333,-0.2669186622126249,0.23161757347299597,0.0001000767254895063,-0.0008006138039163835
1995-04-05,0.2369816859592354,-0.2633607859733404,0.2319734018302921,0.0009340494379024011,0.0008339727124128948
1995-05-05,0.2375821463121727,-0.26107357981951457,0.23231588662418964,0.0006004603529372876,-0.0003335890849651135
1995-09-05,0.2356473296193749,-0.2684434663151751,0.23248490509390532,-0.0019348166927977972,-0.002535277045735085
1995-10-05,0.2323781565867165,-0.28089603315267075,0.23263946803660585,-0.00326917303265839,-0.0013343563398605929
1995-11-05,0.2326783867631851,-0.279752430075758,0.23281182239717116,0.00030023017646860217,0.0035694032091269923
1995-12-05,0.2333122060246189,-0.2773381569133863,0.2330108638845337,0.000633819261433799,0.0003335890849651968
1995-01-06,0.2325783100376956,-0.2801336311013955,0.23321101733551278,-0.0007338959869233053,-0.0013677152483571042
1995-02-06,0.2330119758481502,-0.2784817599902995,0.233425626313507,0.00043366581045459207,0.0011675617973778973
1995-05-06,0.232411515495213,-0.280768966144125,0.23361799601917024,-0.0006004603529372043,-0.0010341261633917964
1995-06-06,0.2330453347566468,-0.2783546929817533,0.23378701448888592,0.000633819261433799,0.0012342796143710033
1995-07-06,0.2341795376455283,-0.27403441469119355,0.23399828757603053,0.001134202888881497,0.000500383627447698
1995-08-06,0.2336124362010875,-0.2761945538364736,0.23420622477232544,-0.000567101444440804,-0.001701304333322301
1995-09-06,0.2345131267304934,-0.2727637446057349,0.23446531229498171,0.0009006905294059175,0.0014677919738467216
1995-12-06,0.2352470227174167,-0.2699682704177257,0.23469326483637457,0.0007338959869233053,-0.00016679454248261227
1995-03-07,0.2332454882076258,-0.2775922909304783,0.23481891672504476,-0.002001534509790903,-0.0027354304967142085
1995-04-07,0.2334122827501084,-0.27695695588774893,0.23488007472395503,0.00016679454248258452,0.0021683290522734877
1995-05-07,0.2330786936651433,-0.27822762597320744,0.23497459163136183,-0.00033358908496508577,-0.0005003836274476703
1995-06-07,0.2330119758481502,-0.2784817599902995,0.2350468692664376,-6.671781699310597e-05,0.0002668712679719798
1995-07-07,0.2340794609200387,-0.2744156157168313,0.23514361010107748,0.001067485071888502,0.001134202888881608
1995-10-07,0.2341128198285352,-0.27428854870828545,0.23499905483092592,3.335890849651135e-05,-0.0010341261633919907
1995-11-07,0.2334122827501084,-0.27695695588774893,0.23484449188822543,-0.0007005370784268217,-0.000733895986923333
1995-12-07,0.2347132801814724,-0.27200134255446007,0.2347255117812545,0.0013009974313639983,0.00200153450979082
1995-01-08,0.2321446442272409,-0.28178550221249193,0.2344908874581624,-0.002568635954231485,-0.0038696333855954834
1995-02-08,0.2320112085932548,-0.28229377024667557,0.23425848706230334,-0.00013343563398610092,0.0024352003202453842
1995-03-08,0.2329118991226607,-0.278862961015937,0.23414061891894897,0.0009006905294058898,0.0010341261633919907
1995-04-08,0.2329118991226607,-0.278862961015937,0.2340071832849629,0.0,-0.0009006905294058898
1995-07-08,0.2329786169396537,-0.27860882699884537,0.23387485961459342,6.671781699299495e-05,6.671781699299495e-05
1995-08-08,0.2332454882076258,-0.2775922909304783,0.23381481357929967,0.0002668712679721186,0.00020015345097912363
1995-09-08,0.2331787703906328,-0.27784642494756995,0.233722520599126,-6.671781699299495e-05,-0.0003335890849651135
1995-10-08,0.2329452580311573,-0.2787358940073908,0.2336191079827868,-0.00023351235947552396,-0.000166794542482529
1995-11-08,0.2326116689461921,-0.28000656409284974,0.23347344074901868,-0.0003335890849651968,-0.00010007672548967284
1995-01-09,0.231243953697835,-0.2852163114432307,0.2332621676618741,-0.0013677152483571042,-0.0010341261633919074
1995-04-09,0.2300430329919605,-0.28979072375088205,0.23307535777429364,-0.001200920705874492,0.00016679454248261227
1995-05-09,0.2298428795409814,-0.2905531258021573,0.23299084853943577,-0.00020015345097909587,0.001000767254895396
1995-06-09,0.2302765453514361,-0.28890125469106087,0.23291078715904415,0.0004336658104547031,0.000633819261433799
1995-07-09,0.2312105947893385,-0.28534337845177643,0.23284073345120146,0.0009340494379024011,0.000500383627447698
1995-08-09,0.2318444140507722,-0.2829291052894051,0.23281627025163734,0.0006338192614336879,-0.0003002301764687132
1995-11-09,0.2316442605997932,-0.28369150734068,0.2327706797433588,-0.00020015345097898485,-0.0008339727124126728
1995-12-09,0.2323114387697235,-0.2811501671697625,0.23276734385250916,0.0006671781699302826,0.0008673316209092674
1995-02-10,0.232411515495213,-0.280768966144125,0.23274621654379468,0.0001000767254895063,-0.0005671014444407763
1995-03-10,0.2317109784167862,-0.28343737332358837,0.23266393123616996,-0.0007005370784267939,-0.0008006138039163002
1995-04-10,0.2319111318677653,-0.28267497127231306,0.23260722109172588,0.00020015345097909587,0.0009006905294058898
1995-05-10,0.232411515495213,-0.280768966144125,0.23253716738388322,0.000500383627447698,0.00030023017646860217
1995-06-10,0.232278079861227,-0.28127723417830824,0.23243820262201023,-0.0001334356339859899,-0.0006338192614336879
1995-09-10,0.2332454882076258,-0.2775922909304783,0.23243820262201023,0.0009674083463988015,0.0011008439803847914
1995-10-10,0.233645795109584,-0.27606748682792775,0.23244598636732602,0.00040030690195819174,-0.0005671014444406097
1995-11-10,0.2332454882076258,-0.2775922909304783,0.2324515461854088,-0.00040030690195819174,-0.0008006138039163835
1995-12-10,0.2332121292991293,-0.2777193579390242,0.2324582179671081,-3.335890849651135e-05,0.0003669479934616804
1995-01-11,0.2315441838743036,-0.28407270836631787,0.23237370873225027,-0.0016679454248257064,-0.001634586516329195
1995-02-11,0.2316109016912967,-0.28381857434922586,0.23229031146100898,6.671781699310597e-05,0.0017346632418188124
1995-03-11,0.2319444907762618,-0.2825479042637672,0.23224138506188077,0.0003335890849651135,0.00026687126797200755
1995-06-11,0.2317109784167862,-0.28343737332358837,0.2321413083363912,-0.00023351235947560722,-0.0005671014444407207
1995-07-11,0.2334456416586049,-0.27682988887920307,0.23218467491743672,0.0017346632418187014,0.0019681756012943086
1995-08-11,0.2334456416586049,-0.27682988887920307,0.23223248935294835,0.0,-0.0017346632418187014
1995-09-11,0.233579077292591,-0.2763216208450194,0.23225472862527938,0.00013343563398610092,0.00013343563398610092
1995-10-11,0.2365146612402842,-0.2651397240929827,0.23237482069586685,0.0029355839476931933,0.0028021483137070924
1995-01-12,0.2343796910965073,-0.27327201263991857,0.23242152316776193,-0.002134970143776893,-0.005070554091470086
1995-04-12,0.2341795376455283,-0.27403441469119355,0.23245265814902535,-0.0002001534509790126,0.0019348166927978805
1995-05-12,0.2346132034559829,-0.27238254358009745,0.23250047258453704,0.0004336658104546198,0.0006338192614336324
1995-06-12,0.2358474830703539,-0.26768106426390015,0.2325972134191769,0.0012342796143710033,0.0008006138039163835
1995-07-12,0.2354471761683958,-0.26920586836645044,0.23269173032658372,-0.0004003069019581085,-0.0016345865163291118
1995-08-12,0.2361143543383261,-0.26666452819553293,0.23285407701460006,0.0006671781699302826,0.001067485071888391
1995-11-12,0.2366480968742703,-0.264631456058799,0.23307424581067704,0.0005337425359442094,-0.00013343563398607317
1995-12-12,0.2361143543383261,-0.26666452819553293,0.23328329497058856,-0.0005337425359442094,-0.0010674850718884188
1996-02-01,0.2363478666978016,-0.26577505913571214,0.23348567234880074,0.00023351235947552396,0.0007672548954197334
1996-03-01,0.2391833739200053,-0.2549743634093129,0.2337514316531563,0.002835507222203687,0.002601994862728163
1996-04-01,0.2397504753644461,-0.2528142242640328,0.23401496703027877,0.000567101444440804,-0.002268405777762883
1996-05-01,0.240851319344831,-0.24862101298201922,0.23432186898844667,0.0011008439803849024,0.0005337425359440984
1996-08-01,0.2413183440637822,-0.24684207486237703,0.2346220991649153,0.0004670247189511867,-0.0006338192614337157
1996-09-01,0.2399506288154252,-0.2520518222127575,0.23487340294225573,-0.0013677152483569932,-0.00183473996730818
1996-10-01,0.2435867498415452,-0.23820151828125738,0.2352692619897477,0.003636121026120015,0.005003836274477008
1996-11-01,0.2429195716716149,-0.24074285845217497,0.23563620998320936,-0.0006671781699303103,-0.004303299196050325
1996-12-01,0.2433198785735731,-0.2392180543496244,0.23599982208582132,0.00040030690195819174,0.001067485071888502
1996-01-02,0.2496580711879107,-0.2150753227259087,0.23657915513004413,0.006338192614337601,0.005937885712379409
1996-02-02,0.2532608333055343,-0.20135208580295413,0.23724633329997444,0.003602762117623587,-0.002735430496714014
1996-05-02,0.2534609867565133,-0.20058968375167915,0.23790683968820542,0.0002001534509790126,-0.0034026086666445743
1996-06-02,0.2517930413316877,-0.20694303417897253,0.23852509145900747,-0.0016679454248256231,-0.0018680988758046357
1996-07-02,0.2530606798545552,-0.2021144878542293,0.23918670981085502,0.0012676385228675424,0.0029355839476931656
1996-08-02,0.2488574573839944,-0.21812493093100954,0.23976381892784468,-0.004203222470560819,-0.005470860993428361
1996-09-02,0.2489241752009874,-0.21787079691391792,0.2403409280448344,6.671781699299495e-05,0.004269940287553814
1996-12-02,0.2465890516062315,-0.22676548751212866,0.24082908007250003,-0.002335123594755878,-0.002401841411748873
1996-01-03,0.2424859058611602,-0.2423947295632714,0.2411882443206458,-0.004103145745071313,-0.0017680221503154347
1996-04-03,0.2393835273709844,-0.25421196135803764,0.2413861738443918,-0.0031023784901758056,0.001000767254895507
1996-05-03,0.2393168095539914,-0.25446609537512926,0.24158187944090467,-6.671781699299495e-05,0.0030356606731828106
1996-06-03,0.2393168095539914,-0.25446609537512926,0.24177313718295138,0.0,6.671781699299495e-05
1996-07-03,0.2395169630049705,-0.25370369332385395,0.2418732139084409,0.00020015345097909587,0.00020015345097909587
1996-08-03,0.2414517796977683,-0.24633380682819336,0.24210895019514964,0.0019348166927977972,0.0017346632418187014
1996-11-03,0.2407512426193415,-0.2490022140076567,0.24232800702761007,-0.0007005370784267939,-0.002635353771224591
1996-12-03,0.2410848317043066,-0.24773154392219807,0.24254372796922086,0.0003335890849651135,0.0010341261633919074
1996-01-04,0.2397171164559496,-0.2529412912725787,0.2426727157487407,-0.001367715248357021,-0.0017013043333221345
1996-02-04,0.2398171931814391,-0.2525600902469412,0.24281838298250882,0.0001000767254895063,0.0014677919738465273
1996-03-04,0.2400173466324182,-0.2517976881956659,0.24294848272564523,0.00020015345097909587,0.00010007672548958957
1996-04-04,0.239416886279481,-0.25408489434949144,0.24304077570581892,-0.0006004603529372043,-0.0008006138039163002
1996-09-04,0.2411181906128032,-0.2476044769136519,0.24320757024830147,0.0017013043333222178,0.002301764686259422
1996-10-04,0.2399506288154252,-0.2520518222127575,0.24332766231888894,-0.0011675617973780084,-0.002868866130700226
1996-11-04,0.2397838342729426,-0.25268715725548707,0.24334767766398685,-0.00016679454248261227,0.001000767254895396
1996-12-04,0.2400840644494112,-0.25154355417857427,0.24335879730015234,0.00030023017646860217,0.00046702471895121445
1996-01-05,0.238449477933082,-0.2577698375973221,0.24327873591976074,-0.001634586516329195,-0.0019348166927977972
1996-02-05,0.2385161957500751,-0.25751570358023007,0.24318533097597048,6.671781699310597e-05,0.001701304333322301
1996-03-05,0.2395836808219635,-0.25344955930676233,0.24317309937618842,0.001067485071888391,0.001000767254895285
1996-07-05,0.2393835273709844,-0.25421196135803764,0.24303299196050304,-0.00020015345097909587,-0.001267638522867487
1996-08-05,0.2401174233579077,-0.2514164871700284,0.2429395870167128,0.0007338959869233053,0.0009340494379024011
1996-09-05,0.2387163492010541,-0.2567533015289551,0.24278613603762886,-0.0014010741568535878,-0.002134970143776893
1996-10-05,0.2390499382860193,-0.25548263144349614,0.24243253160756584,0.0003335890849651968,0.0017346632418187846
1996-03-06,0.2373819928611936,-0.2618359818707898,0.24190323692608778,-0.0016679454248257064,-0.002001534509790903
1996-04-06,0.2367148146912633,-0.2643773220417074,0.24134503119057943,-0.0006671781699303103,0.001000767254895396
1996-05-06,0.2353470994429062,-0.2695870693920883,0.24079683312762007,-0.0013677152483571042,-0.0007005370784267939
1996-06-06,0.2334790005671015,-0.27670282187065687,0.24014411048470494,-0.0018680988758046913,-0.000500383627447587
1996-07-06,0.2346465623644795,-0.27225547657155125,0.23967041398405445,0.0011675617973780084,0.0030356606731826996
1996-10-06,0.2340127431030457,-0.27466974973392294,0.2391733662474564,-0.000633819261433799,-0.0018013810588118073
1996-11-06,0.233512359475598,-0.276575754862111,0.2387374765097686,-0.000500383627447698,0.00013343563398610092
1996-12-06,0.2334456416586049,-0.27682988887920307,0.23843613436968344,-6.671781699310597e-05,0.00043366581045459207
1996-01-07,0.2312773126063315,-0.2850892444346848,0.2381659272108617,-0.0021683290522734044,-0.0021016112352802985
1996-02-07,0.2315441838743036,-0.28407270836631787,0.23790683968820542,0.0002668712679720908,0.0024352003202454953
1996-03-07,0.2315441838743036,-0.28407270836631787,0.23764775216554918,0.0,-0.0002668712679720908
1996-04-07,0.2309103646128699,-0.2864869815286892,0.23736086555247912,-0.0006338192614336879,-0.0006338192614336879
1996-05-07,0.231243953697835,-0.2852163114432307,0.23702060468581468,0.00033358908496508577,0.0009674083463987737
1996-08-07,0.2315108249658071,-0.28419977537486363,0.23671259076403023,0.0002668712679721186,-6.67178169929672e-05
1996-09-07,0.2321780031357374,-0.2816584352039462,0.23641569647841124,0.0006671781699302826,0.000400306901958164
1996-10-07,0.2322447209527304,-0.28140430118685444,0.23616661662830393,6.67178169930227e-05,-0.0006004603529372599
1996-11-07,0.2320445675017514,-0.2821667032381294,0.23590752910564766,-0.0002001534509790126,-0.0002668712679720353
1996-12-07,0.2326450278546886,-0.2798794970843039,0.23566178514639002,0.0006004603529372043,0.000800613803916217
1996-01-08,0.2344130500050039,-0.27314494563137237,0.23549499060390744,0.001768022150315296,0.0011675617973780916
1996-02-08,0.2344797678219969,-0.27289081161428075,0.23527370984421392,6.671781699299495e-05,-0.001701304333322301
1996-05-08,0.2367481735997598,-0.2642502550331616,0.23516696133702505,0.0022684057777629107,0.002201687960769916
1996-06-08,0.235914200887347,-0.26742693024680825,0.2350379735575052,-0.0008339727124128116,-0.0031023784901757223
1996-07-08,0.2355806118023818,-0.2686976003322672,0.2348878584692709,-0.0003335890849651968,0.0005003836274476148
1996-08-08,0.2353137405344098,-0.26971413640063374,0.23478333388931513,-0.00026687126797200755,6.671781699318924e-05
1996-09-08,0.2352470227174167,-0.2699682704177257,0.2346743614548932,-6.671781699307822e-05,0.00020015345097892934
1996-12-08,0.2350135103579411,-0.2708577394775469,0.2345220224394258,-0.00023351235947560722,-0.000166794542482529
1996-02-09,0.2346132034559829,-0.27238254358009745,0.2343630116422591,-0.00040030690195819174,-0.00016679454248258452
1996-03-09,0.2346465623644795,-0.27225547657155125,0.2341806496091448,3.335890849659462e-05,0.00043366581045478636
1996-04-09,0.2339793841945492,-0.2747968167424688,0.23402275077559465,-0.0006671781699303103,-0.0007005370784269049
1996-05-09,0.2342462554625213,-0.2737802806741018,0.23386262801481136,0.0002668712679721186,0.0009340494379024289
1996-06-09,0.2338459485605631,-0.2753050847766525,0.23374475987145701,-0.0004003069019582195,-0.0006671781699303381
1996-09-09,0.2333122060246189,-0.2773381569133863,0.2336313395825689,-0.0005337425359441816,-0.00013343563398596214
1996-10-09,0.2323114387697235,-0.2811501671697625,0.23353015089346277,-0.0010007672548954238,-0.0004670247189512422
1996-11-09,0.2325783100376956,-0.2801336311013955,0.23350012787581592,0.0002668712679721186,0.0012676385228675424
1996-12-09,0.2316442605997932,-0.28369150734068,0.23340005115032636,-0.0009340494379024011,-0.0012009207058745197
1996-01-10,0.2293424959135337,-0.29245913093034537,0.23324437624400932,-0.0023017646862595054,-0.0013677152483571042
1996-02-10,0.2304433398939187,-0.28826591964833137,0.23314207559128666,0.0011008439803850134,0.0034026086666445188
1996-03-10,0.2294759315475198,-0.29195086289616173,0.23300975192091716,-0.0009674083463989125,-0.002068252326783926
1996-04-10,0.2307102111618908,-0.28724938357996443,0.2329908485394358,0.0012342796143710033,0.002201687960769916
1996-07-10,0.2303099042599327,-0.2887741876825147,0.23294970588562344,-0.0004003069019581085,-0.0016345865163291118
1996-08-10,0.2308102878873804,-0.28686818255432667,0.23292524268605935,0.000500383627447698,0.0009006905294058065
1996-09-10,0.2311438769723455,-0.28559751246886805,0.2329330264313752,0.0003335890849651135,-0.00016679454248258452
1996-10-10,0.2314107482403176,-0.2845809764005011,0.23293858624945793,0.0002668712679720908,-6.67178169930227e-05
1996-11-10,0.2307435700703873,-0.2871223165714187,0.23291301108627727,-0.0006671781699303103,-0.0009340494379024011
1996-01-11,0.2286419588351069,-0.29512753810980874,0.23279514294292294,-0.0021016112352803817,-0.0014344330653500714
1996-04-11,0.2293758548220302,-0.2923320639217995,0.23269951407189957,0.0007338959869233053,0.002835507222203687
1996-05-11,0.2297761617239884,-0.29080725981924893,0.23262390054597418,0.00040030690195819174,-0.0003335890849651135
1996-06-11,0.228908830103079,-0.2941110020414418,0.2324993606209205,-0.0008673316209094062,-0.001267638522867598
1996-07-11,0.2293091370050372,-0.29258619793889123,0.23232923018758828,0.00040030690195819174,0.001267638522867598
1996-08-11,0.2290089068285686,-0.293729801015804,0.232146868154474,-0.00030023017646860217,-0.0007005370784267939
1996-11-11,0.2305767755279048,-0.2877576516141478,0.23194115488541214,0.0015678686993362,0.0018680988758048023
1996-12-11,0.2315108249658071,-0.28419977537486363,0.23179437568802752,0.0009340494379023179,-0.0006338192614338822
1996-02-12,0.2240717883710845,-0.31253571828059334,0.2314107482403176,-0.0074390365947226145,-0.008373086032624932
1996-03-12,0.2218367415018181,-0.3210492078531667,0.2309615149392312,-0.0022350468692663994,0.005203989725456215
1996-04-12,0.224171865096574,-0.31215451725495585,0.23059234301853646,0.0023351235947559057,0.004570170464022305
1996-05-12,0.2229042265737065,-0.31698306357969885,0.23018870022572863,-0.001267638522867487,-0.0036027621176233926
1996-06-12,0.2237381992861193,-0.3138063883660523,0.22982620008673316,0.0008339727124127838,0.0021016112352802707
1996-09-12,0.2229042265737065,-0.31698306357969885,0.22943478889370744,-0.0008339727124127838,-0.0016679454248255676
1996-10-12,0.2224038429462588,-0.3188890687078869,0.2290489375187644,-0.000500383627447698,0.00033358908496508577
1996-11-12,0.2224038429462588,-0.3188890687078869,0.22865419043488897,0.0,0.000500383627447698
1996-12-12,0.2226373553057344,-0.3179995996480659,0.22828057065972804,0.00023351235947557947,0.00023351235947557947
1997-02-01,0.2212696400573773,-0.3232093469984468,0.2278791517941533,-0.0013677152483571042,-0.0016012276078326837
1997-03-01,0.2195683357240551,-0.3296897644342862,0.22745438169263105,-0.00170130433332219,-0.00033358908496508577
1997-06-01,0.2158988557894385,-0.3436671353743325,0.22689839988435578,-0.0036694799346166096,-0.0019681756012944196
1997-07-01,0.2162324448744037,-0.3423964652888735,0.2263846726935095,0.00033358908496522455,0.004003069019581834
1997-08-01,0.214631217266571,-0.3484956816990756,0.22589429673861072,-0.0016012276078327115,-0.001934816692797936
1997-09-01,0.214564499449578,-0.3487498157161672,0.2253650020571327,-6.671781699299495e-05,0.0015345097908397165
1997-10-01,0.215732061246956,-0.34430247041706163,0.2249068730471139,0.0011675617973779806,0.0012342796143709756
1997-03-02,0.2064249257764286,-0.37975416580136023,0.22409736353426515,-0.009307135470527389,-0.01047469726790537
1997-04-02,0.207358975214331,-0.37619628956207574,0.22333233256607843,0.0009340494379024011,0.01024118490842979
1997-05-02,0.2058244654234913,-0.38204137195518606,0.2224994718172821,-0.0015345097908396887,-0.00246855922874209
1997-06-02,0.2054241585215332,-0.3835661760577363,0.22164214786892172,-0.0004003069019581085,0.0011342028888815803
1997-07-02,0.2033892651032458,-0.3913172635790348,0.22070809843101932,-0.0020348934182874145,-0.001634586516329306
1997-10-02,0.2038229309137005,-0.38966539246793835,0.2198107437924631,0.0004336658104547031,0.0024685592287421176
1997-11-02,0.2031557527437702,-0.39220673263885586,0.21896120358941853,-0.0006671781699302826,-0.0011008439803849857
1997-12-02,0.2020215498548887,-0.3965270109294156,0.21804939342384716,-0.001134202888881497,-0.00046702471895121445
1997-03-03,0.2183340561096841,-0.33439124375048346,0.21766798990337036,0.016312506254795384,0.01744670914367688
1997-04-03,0.2164993161423758,-0.3413799292205066,0.2172543394380136,-0.001834739967308291,-0.018147246222103675
1997-05-03,0.2132301431097175,-0.35383249605800193,0.21671837297483626,-0.003269173032658307,-0.001434433065350016
1997-06-03,0.2122960936718151,-0.3573903722972864,0.21616127920294445,-0.0009340494379024011,0.0023351235947559057
1997-07-03,0.2104279947960103,-0.36450612477585537,0.21548965317854799,-0.0018680988758048023,-0.0009340494379024011
1997-10-03,0.2103946358875137,-0.36463319178440157,0.21478578020927153,-3.335890849659462e-05,0.0018347399673082077
1997-11-03,0.2115288387763952,-0.36031291349384176,0.21436768188944857,0.001134202888881497,0.0011675617973780916
1997-12-03,0.2111618907829335,-0.36171065058784657,0.2140118535321524,-0.00036694799346170814,-0.0015011508823432052
1997-01-04,0.2102278413450312,-0.3652685268271306,0.2135470527404343,-0.0009340494379022901,-0.000567101444440582
1997-02-04,0.210928378423458,-0.3626001196476673,0.2131478578020927,0.0007005370784267939,0.001634586516329084
1997-03-04,0.2093938686326183,-0.36844520204077763,0.21266971344697602,-0.0015345097908396887,-0.0022350468692664827
1997-04-04,0.2084931781032125,-0.371876011271516,0.2121893451646262,-0.0009006905294058065,0.0006338192614338822
1997-07-04,0.2095606631751009,-0.36780986699804824,0.21176123917225426,0.001067485071888391,0.0019681756012941976
1997-08-04,0.209627380992094,-0.3675557329809562,0.21133535710711546,6.671781699310597e-05,-0.001000767254895285
1997-09-04,0.2087600493711846,-0.37085947520314905,0.21087278024263043,-0.0008673316209094062,-0.0009340494379025122
1997-10-04,0.2086266137371985,-0.3713677432373326,0.2104513460319578,-0.00013343563398607317,0.000733895986923333
1997-11-04,0.2088601260966741,-0.37047827417751156,0.2100944057110451,0.00023351235947557947,0.00036694799346165263
1997-01-05,0.2030556760182807,-0.39258793366449335,0.2096662997186732,-0.005804450078393392,-0.006037962437868971
1997-02-05,0.2033225472862528,-0.3915713975961264,0.20923596979906817,0.0002668712679720908,0.0060713213463654825
1997-06-05,0.2051906461620576,-0.3844556451175575,0.2089212840955844,0.0018680988758048023,0.0016012276078327115
1997-07-05,0.2042899556326517,-0.3878864543482961,0.20857879930168682,-0.0009006905294058898,-0.002768789405210692
1997-08-05,0.2060579777829669,-0.38115190289536505,0.2082563298528872,0.001768022150315185,0.0026687126797210747
1997-09-05,0.2074590519398205,-0.37581508853643825,0.20829080072500028,0.0014010741568536156,-0.00036694799346156937
1997-12-05,0.2090269206391566,-0.36984293913478244,0.20834639890582776,0.001567868699336089,0.0001667945424824735
1997-02-06,0.2061580545084564,-0.38077070186972756,0.2083575185419933,-0.0028688661307001984,-0.0044367348300362874
1997-03-06,0.2059245421489809,-0.38166017092954824,0.20837419799624157,-0.0002335123594754962,0.002635353771224702
1997-04-06,0.2047236214431064,-0.38623458323719967,0.2084186765409036,-0.001200920705874492,-0.0009674083463989958
1997-05-06,0.2040898021816726,-0.38864885639957136,0.20842757224983596,-0.000633819261433799,0.000567101444440693
1997-06-06,0.2062247723254495,-0.3805165678526355,0.20852987290255862,0.002134970143776893,0.002768789405210692
1997-09-06,0.206391566867932,-0.3798812328099064,0.20867554013632672,0.00016679454248250125,-0.001968175601294392
1997-10-06,0.2060579777829669,-0.38115190289536505,0.20826633752543613,-0.0003335890849651135,-0.0005003836274476148
1997-11-06,0.2060913366914635,-0.38102483588681874,0.20791940487707242,3.3358908496622375e-05,0.0003669479934617359
1997-12-06,0.205023851619575,-0.38509098016028687,0.20764586182740097,-0.001067485071888502,-0.0011008439803851244
1997-01-07,0.1993528371751676,-0.4066923716130854,0.2072144199441794,-0.005671014444407402,-0.0046035293725189
1997-02-07,0.1983187110117757,-0.4106314488780074,0.2068107771513716,-0.0010341261633919074,0.004636888281015494
1997-03-07,0.1985855822797478,-0.40961491280964046,0.20641714203111272,0.0002668712679720908,0.0013009974313639983
1997-04-07,0.1931814391033125,-0.43019976819407196,0.20580556204200998,-0.005404143176435283,-0.005671014444407374
1997-07-07,0.1888781399072622,-0.4465914122964896,0.20506277034615425,-0.0043032991960502975,0.0011008439803849857
1997-08-07,0.190746238783067,-0.43947565981792064,0.20441338359408878,0.0018680988758048023,0.0061713980718551
1997-09-07,0.188411115188311,-0.4483703504161319,0.20366280815291724,-0.0023351235947560167,-0.004203222470560819
1997-10-07,0.1900790606131367,-0.4420169999888382,0.20301898121893452,0.0016679454248257064,0.004003069019581723
1997-11-07,0.1898789071621576,-0.4427794020401135,0.20239850552089933,-0.00020015345097909587,-0.0018680988758048023
1997-01-08,0.1929479267438369,-0.43108923725389314,0.2018447476398572,0.0030690195816792942,0.00326917303265839
1997-04-08,0.1925809787503753,-0.4324869743478975,0.2012765342317999,-0.0003669479934615971,-0.0034359675751408914
1997-05-08,0.1909463922340461,-0.4387132577666453,0.20068274566056196,-0.001634586516329195,-0.001267638522867598
1997-06-08,0.1897788304366681,-0.443160603065751,0.20005448621721098,-0.0011675617973780084,0.0004670247189511867
1997-07-08,0.1908796744170531,-0.43896739178373695,0.19945513782789026,0.0011008439803850134,0.0022684057777630218
1997-08-08,0.1926810554758648,-0.43210577332226,0.19910931714314303,0.0018013810588116963,0.0007005370784266829
1997-11-08,0.1953497681555859,-0.4219404126385902,0.19884355783878746,0.0026687126797211025,0.0008673316209094062
1997-12-08,0.194315641992194,-0.4258794899035122,0.19848105769979205,-0.0010341261633919074,-0.00370283884311301
1997-01-09,0.193214798011809,-0.4300727011855262,0.19811188577909727,-0.0011008439803850134,-6.671781699310597e-05
1997-02-09,0.1918137238549555,-0.43540951554445256,0.19763707731483027,-0.0014010741568535046,-0.00030023017646849115
1997-03-09,0.1913466991360042,-0.4371884536640952,0.19709999888803637,-0.0004670247189512977,0.0009340494379022068
1997-04-09,0.1913466991360042,-0.4371884536640952,0.19651065817126462,0.0,0.0004670247189512977
1997-05-09,0.1910464689595356,-0.43833205674100795,0.19600693865296723,-0.00030023017646860217,-0.00030023017646860217
1997-08-09,0.1912132635020182,-0.43769672169827845,0.1955165626980685,0.00016679454248261227,0.00046702471895121445
1997-09-09,0.1913466991360042,-0.4371884536640952,0.19507066528783176,0.0001334356339859899,-3.3358908496622375e-05
1997-10-09,0.190746238783067,-0.43947565981792064,0.1946258798412116,-0.0006004603529371766,-0.0007338959869231665
1997-11-09,0.1913133402275078,-0.4373155206726406,0.19412883210461354,0.0005671014444407763,0.0011675617973779528
1997-12-09,0.1924475431163892,-0.4329952423820812,0.19366403131289542,0.0011342028888814137,0.0005671014444406375
1997-01-10,0.201654601861427,-0.3979247480234204,0.19351725211551074,0.0092070587450378,0.008072855856156386
1997-02-10,0.199119324815692,-0.40758184067290654,0.19328485171965168,-0.0025352770457350016,-0.011742335790772801
1997-03-10,0.1980184808353071,-0.41177505195492015,0.1930513393601761,-0.0011008439803849024,0.0014344330653500992
1997-06-10,0.1985522233712513,-0.4097419798181862,0.1930246522333789,0.0005337425359442094,0.0016345865163291118
1997-07-10,0.1981852753777896,-0.41113971691219103,0.19302020437891268,-0.00036694799346170814,-0.0009006905294059175
1997-08-10,0.1986189411882443,-0.4094878458010946,0.19302131634252925,0.0004336658104547031,0.0008006138039164112
1997-09-10,0.1991526837241885,-0.40745477366436067,0.19322035782989178,0.0005337425359442094,0.0001000767254895063
1997-10-10,0.1961503819595023,-0.41889080443348914,0.19346276589829978,-0.003002301764686216,-0.0035360443006304254
1997-03-11,0.1860759915935551,-0.45726504101434273,0.19330709099198273,-0.010074390365947206,-0.00707208860126099
1997-04-11,0.187110117756947,-0.45332596374942075,0.19326372441093725,0.0010341261633919074,0.011108516529339113
1997-05-11,0.185875838142576,-0.458027443065618,0.19312361699525188,-0.0012342796143710033,-0.0022684057777629107
1997-06-11,0.1849084297961771,-0.46171238631344824,0.1929579344163859,-0.0009674083463988847,0.0002668712679721186
1997-07-11,0.1826733829269106,-0.47022587588602205,0.1926154496224883,-0.0022350468692665104,-0.0012676385228676257
1997-10-11,0.1840410981752677,-0.4650161285356411,0.19233078693665143,0.0013677152483571042,0.0036027621176236146
1997-11-11,0.1853087366981352,-0.4601875822108981,0.1921428650854544,0.001267638522867487,-0.00010007672548961732
1997-12-11,0.182306434933449,-0.4716236129800264,0.1918937852353471,-0.0030023017646861883,-0.004269940287553675
1997-01-12,0.1730993761884111,-0.5066941073386876,0.1913011086277257,-0.00920705874503791,-0.006204756980351722
1997-02-12,0.1735997598158588,-0.5047881022104995,0.1906650654390588,0.000500383627447698,0.009707442372485608
1997-03-12,0.1721986856590052,-0.5101249165694263,0.1898933626891728,-0.0014010741568535878,-0.0019014577843012859
1997-04-12,0.1697634853387597,-0.5194008081932748,0.18907495746739167,-0.0024352003202454953,-0.0010341261633919074
1997-05-12,0.1684624879073956,-0.5243564215265641,0.18824988046391117,-0.0013009974313641093,0.001134202888881386
1997-08-12,0.1685292057243887,-0.5241022875094721,0.18747372985955896,6.671781699310597e-05,0.0013677152483572153
1997-09-12,0.165693698502185,-0.5349029832358715,0.1866186298384317,-0.0028355072222037148,-0.0029022250391968207
1997-10-12,0.1677285919204724,-0.527151895714573,0.18583135959791394,0.0020348934182874145,0.004870400640491129
1997-11-12,0.1667278246655769,-0.5309639059709494,0.18502073812144865,-0.001000767254895507,-0.0030356606731829217
1997-12-12,0.1655269039597024,-0.5355383182786009,0.18416452613670478,-0.001200920705874492,-0.00020015345097898485
1998-02-01,0.1688627948093538,-0.5228316174240136,0.18341506265914978,0.003335890849651385,0.004536811555525877
1998-05-01,0.1664609533976048,-0.5319804420393164,0.18260555314630103,-0.002401841411748984,-0.005737732261400369
1998-06-01,0.1653934683257164,-0.5360465863127842,0.18174155741624132,-0.0010674850718884188,0.0013343563398605651
1998-07-01,0.1645928545218,-0.5390961945178854,0.18081306779642167,-0.0008006138039163835,0.0002668712679720353
1998-08-01,0.1646262134302965,-0.5389691275093396,0.17957878818205067,3.33589084964836e-05,0.0008339727124128671
1998-09-01,0.1626580378290022,-0.5464660810135459,0.17836341194916103,-0.001968175601294281,-0.0020015345097907644
1998-12-01,0.1627914734629882,-0.5459578129793627,0.17718917837008372,0.0001334356339859899,0.0021016112352802707
1998-02-02,0.1778697001034126,-0.4885235251166277,0.1764997609278224,0.015078226640424408,0.014944791006438418
1998-03-02,0.1757680888681322,-0.49652874665501784,0.1757525213775005,-0.0021016112352804095,-0.017179837875704818
1998-04-02,0.1756346532341461,-0.4970370146892015,0.17498637844569723,-0.00013343563398610092,0.0019681756012943086
1998-05-02,0.1758681655936217,-0.49614754562938035,0.174210227841345,0.00023351235947560722,0.00036694799346170814
1998-06-02,0.1762684724955799,-0.4946227415268298,0.17354749752588094,0.00040030690195819174,0.00016679454248258452
1998-09-02,0.1772692397504754,-0.4908107312704532,0.1732539391311116,0.001000767254895507,0.0006004603529373154
1998-10-02,0.176535343763552,-0.49360620545846273,0.17290144666466511,-0.0007338959869233885,-0.0017346632418188956
1998-11-02,0.1758348066851253,-0.49627461263792577,0.1725667456160834,-0.0007005370784267106,3.3358908496677886e-05
1998-12-02,0.1765019848550555,-0.4937332724670086,0.17228653078471268,0.0006671781699301993,0.00136771524835691
1998-02-03,0.1757680888681322,-0.49652874665501784,0.17205635431608676,-0.0007338959869233053,-0.0014010741568535046
1998-03-03,0.1748673983387264,-0.49995955588575614,0.1717505643215354,-0.0009006905294058065,-0.00016679454248250125
1998-04-03,0.1747006037962438,-0.5005948909284855,0.17139695989147233,-0.00016679454248258452,0.000733895986923222
1998-05-03,0.1726657103779564,-0.508345978449784,0.17107560240628925,-0.0020348934182874145,-0.00186809887580483
1998-06-03,0.1734663241818728,-0.5052963702446828,0.17108783400607128,0.0008006138039164112,0.002835507222203826
1998-09-03,0.172765787103446,-0.5079647774241461,0.17106003491565755,-0.0007005370784267939,-0.0015011508823432052
1998-10-03,0.1731327350969076,-0.5065670403301418,0.17109116989692097,0.0003669479934615971,0.001067485071888391
1998-11-03,0.1729325816459285,-0.507329442381417,0.17119680644049323,-0.00020015345097909587,-0.000567101444440693
1998-12-03,0.172765787103446,-0.5079647774241461,0.17134024974702827,-0.00016679454248250125,3.335890849659462e-05
1998-01-04,0.1775361110184475,-0.48979419520208634,0.17164047992349687,0.004770323915001484,0.0049371184574839855
1998-02-04,0.1770690862994963,-0.49157313332172853,0.1720196595167406,-0.0004670247189511867,-0.005237348633952671
1998-03-04,0.1808720018680988,-0.47708749434749936,0.17245777318166147,0.0038029155686024885,0.004269940287553675
1998-06-04,0.1839410214497782,-0.4653973295612786,0.1730315464078015,0.0030690195816794053,-0.0007338959869230832
1998-07-04,0.1830069720118757,-0.46895520580056343,0.17361421534287397,-0.0009340494379024844,-0.00400306901958189
1998-08-04,0.1827401007439036,-0.4699717418689304,0.17407679220735897,-0.0002668712679721186,0.0006671781699303658
1998-09-04,0.1819728458484838,-0.47289428306548537,0.1745938552890549,-0.0007672548954197889,-0.0005003836274476703
1998-01-05,0.1814724622210361,-0.4748002881936734,0.17512982175223224,-0.000500383627447698,0.0002668712679720908
1998-05-05,0.1794042098942522,-0.4826784427235177,0.17562353359798066,-0.002068252326783898,-0.0015678686993362
1998-06-05,0.1775361110184475,-0.48979419520208634,0.1760538635175857,-0.001868098875804719,0.00020015345097917914
1998-07-05,0.1756012943256497,-0.4971640816977469,0.17648530540080726,-0.0019348166927977972,-6.671781699307822e-05
1998-08-05,0.1771358041164893,-0.4913189993046369,0.17696344975592396,0.0015345097908396055,0.0034693264836374027
1998-11-05,0.1761350368615938,-0.4951310095610134,0.17690562764786336,-0.001000767254895507,-0.0025352770457351126
1998-12-05,0.1764352670380625,-0.4939874064841002,0.17692786692019435,0.0003002301764687132,0.0013009974313642203
1998-01-06,0.1693631784368015,-0.5209256122958256,0.17671881776028286,-0.007072088601261017,-0.0073723187777297305
1998-02-06,0.1711645594956133,-0.5140639938343482,0.17656203089034925,0.0018013810588118073,0.008873469660072825
1998-03-06,0.171798378757047,-0.5116497206719768,0.1764130277657315,0.0006338192614337157,-0.0011675617973780916
1998-04-06,0.1720652500250192,-0.5106331846036095,0.17623956144154962,0.00026687126797220184,-0.00036694799346151385
1998-05-06,0.1706641758681656,-0.5159699989625363,0.17604385584503673,-0.0014010741568536156,-0.0016679454248258174
1998-08-06,0.1713313540380959,-0.5134286587916187,0.17589374075680242,0.0006671781699303103,0.002068252326783926
1998-09-06,0.1752677052406845,-0.49843475178320584,0.1758525981029901,0.003936351202588589,0.003269173032658279
1998-10-06,0.1721986856590052,-0.5101249165694263,0.17573361799601914,-0.0030690195816792942,-0.007005370784267884
1998-11-06,0.1703973046001935,-0.5169865350309032,0.1755846148714014,-0.0018013810588116963,0.001267638522867598
1998-12-06,0.1689628715348434,-0.5224504163983756,0.1753933571293547,-0.0014344330653500992,0.0003669479934615971
1998-01-07,0.1747339627047403,-0.5004678239199398,0.17546229887358086,0.00577109116989688,0.0072055242352469795
1998-02-07,0.172899222737432,-0.5074565093899629,0.1754433954920995,-0.001834739967308291,-0.007605831137205171
1998-03-07,0.1732661707308937,-0.5060587722959581,0.17546007494634772,0.00036694799346170814,0.002201687960769999
1998-06-07,0.1723654802014878,-0.5094895815266968,0.17543449978316705,-0.0009006905294059175,-0.0012676385228676257
1998-07-07,0.1726990692864529,-0.5082189114412382,0.17542671603785123,0.0003335890849651135,0.001234279614371031
1998-08-07,0.1715315074890749,-0.5126662567403438,0.17538557338403885,-0.0011675617973780084,-0.0015011508823431219
1998-09-07,0.1713980718550889,-0.5131745247745271,0.1751809720785936,-0.0001334356339859899,0.0010341261633920185
1998-10-07,0.1705974580511726,-0.5162241329796279,0.17496525113698275,-0.0008006138039163002,-0.0006671781699303103
1998-03-08,0.1676285151949828,-0.5275330967402108,0.17452380158121225,-0.002968942856189788,-0.0021683290522734877
1998-04-08,0.1675951562864863,-0.5276601637487566,0.17397893940910253,-3.335890849651135e-05,0.0029355839476932766
1998-05-08,0.1687960769923608,-0.5230857514411053,0.173505242908452,0.001200920705874492,0.0012342796143710033
1998-06-08,0.1687293591753678,-0.5233398854581969,0.17303821818950083,-6.671781699299495e-05,-0.001267638522867487
1998-07-08,0.1673282850185142,-0.5286766998171235,0.17255006616183519,-0.0014010741568535878,-0.0013343563398605929
1998-10-08,0.1672615672015212,-0.5289308338342152,0.1720763696611847,-6.67178169930227e-05,0.0013343563398605651
1998-11-08,0.1667278246655769,-0.5309639059709494,0.1716538234868955,-0.0005337425359442927,-0.00046702471895126996
1998-12-08,0.1668946192080595,-0.53032857092822,0.1712991070932159,0.00016679454248261227,0.0007005370784269049
1998-01-09,0.1628581912799813,-0.5457036789622707,0.17087433699169363,-0.004036427928078207,-0.004203222470560819
1998-02-09,0.1636254461754011,-0.5427811377657157,0.1704239917269907,0.0007672548954197889,0.004803682823497996
1998-03-09,0.1629582680054708,-0.5453224779366331,0.16998476609845328,-0.0006671781699302826,-0.0014344330653500714
1998-04-09,0.166861260299563,-0.5304556379367658,0.16966563254050326,0.003902992294092189,0.004570170464022472
1998-07-09,0.1690295893518364,-0.522196282381284,0.16965451290433775,0.0021683290522734044,-0.0017346632418187846
1998-08-09,0.1671281315675351,-0.5294391018683989,0.16951996530673516,-0.0019014577843013136,-0.004069786836574718
1998-09-09,0.165827134136171,-0.5343947152016881,0.1693209238193726,-0.0013009974313640815,0.0006004603529372321
1998-10-09,0.1705307402341795,-0.51647826699672,0.16926977349301128,0.004703606098008489,0.006004603529372571
1998-11-09,0.1724321980184808,-0.509235447509605,0.16932870756468846,0.0019014577843013136,-0.0028021483137071757
1998-01-10,0.1752677052406845,-0.49843475178320584,0.16945991927144144,0.002835507222203687,0.0009340494379023734
1998-02-10,0.1774026753844614,-0.49030246323626997,0.16953108494290067,0.002134970143776893,-0.0007005370784267939
1998-05-10,0.1760349601361043,-0.4955122105866508,0.16965896075880396,-0.0013677152483570765,-0.0035026853921339696
1998-06-10,0.1732995296393902,-0.5059317052874123,0.16975570159344383,-0.002735430496714125,-0.0013677152483570487
1998-07-10,0.1755345765086566,-0.49741821571483896,0.1699747584259043,0.0022350468692663994,0.004970477365980525
1998-08-10,0.1770357273909997,-0.49170020033027473,0.17005148391544628,0.0015011508823431219,-0.0007338959869232775
1998-09-10,0.1760016012276078,-0.49563927759519666,0.17015489653178545,-0.0010341261633919074,-0.0025352770457350293
1998-12-10,0.1745004503452647,-0.5013572929797608,0.1701960391855978,-0.0015011508823430941,-0.0004670247189511867
1998-02-11,0.1719985322080262,-0.5108873186207012,0.17018380758581578,-0.002501918137238518,-0.0010007672548954238
1998-03-11,0.169263101711312,-0.5213068133214629,0.17006927533331107,-0.0027354304967141807,-0.00023351235947566273
1998-04-11,0.1697968442472562,-0.5192737411847291,0.17001145322525044,0.0005337425359441816,0.0032691730326583623
1998-05-11,0.1705974580511726,-0.5162241329796279,0.16998476609845323,0.0008006138039164112,0.0002668712679722296
1998-06-11,0.1723988391099843,-0.509362514518151,0.17004481213374698,0.0018013810588116963,0.001000767254895285
1998-09-11,0.1715648663975715,-0.5125391897317976,0.17017602384049993,-0.0008339727124127838,-0.00263535377122448
1998-10-11,0.1716983020315575,-0.5120309216976143,0.17031279536533564,0.0001334356339859899,0.0009674083463987737
1998-11-11,0.1725322747439703,-0.5088542464839677,0.1704373352903893,0.0008339727124127838,0.0007005370784267939
1998-12-11,0.1731660940054041,-0.506439973321596,0.1705852264513905,0.000633819261433799,-0.00020015345097898485
1998-01-12,0.1723988391099843,-0.509362514518151,0.17075424492110616,-0.0007672548954197889,-0.0014010741568535878
1998-02-12,0.172965940554425,-0.5072023753728713,0.17094439069953626,0.000567101444440693,0.0013343563398604819
1998-03-12,0.1720986089335157,-0.5105061175950637,0.1711234168418009,-0.0008673316209092952,-0.0014344330653499882
1998-04-12,0.171731660940054,-0.5119038546890685,0.1712846515662007,-0.00036694799346170814,0.000500383627447587
1998-07-12,0.1738999899923274,-0.5036444991335868,0.17165271152327893,0.0021683290522734044,0.0025352770457351126
1998-08-12,0.1731327350969076,-0.5065670403301418,0.17196962115399578,-0.0007672548954197889,-0.0029355839476931933
1998-09-12,0.1729992994629215,-0.5070753083643255,0.1723043222025775,-0.00013343563398610092,0.0006338192614336879
1998-10-12,0.172832504920439,-0.5077106434070545,0.17250336368994007,-0.00016679454248250125,-3.335890849640033e-05
1998-11-12,0.1707308936851586,-0.5157158649454446,0.17256007383438413,-0.0021016112352804095,-0.0019348166927979082
1999-04-01,0.1682956933649131,-0.5249917565692933,0.17259899256096337,-0.0024352003202454953,-0.00033358908496508577
1999-05-01,0.1682956933649131,-0.5249917565692933,0.1726812778685881,0.0,0.0024352003202454953
1999-06-01,0.1686292824498782,-0.5237210864838346,0.17261789594244475,0.0003335890849651135,0.0003335890849651135
1999-07-01,0.1701637922407178,-0.5178760040907248,0.1725422824165193,0.0015345097908395777,0.0012009207058744642
1999-08-01,0.1707976115021516,-0.515461730928353,0.17239327929190154,0.000633819261433799,-0.0009006905294057788
1999-11-01,0.1709644060446342,-0.5148263958856235,0.1721786703139073,0.00016679454248261227,-0.0004670247189511867
1999-12-01,0.1700637155152283,-0.5182572051163621,0.17197962882654477,-0.0009006905294058898,-0.001067485071888502
1999-01-02,0.1681288988224305,-0.5256270916120227,0.17180727446597946,-0.0019348166927977972,-0.0010341261633919074
1999-02-02,0.1692297428028155,-0.5214338803300088,0.1715971133424514,0.0011008439803849857,0.003035660673182783
1999-03-02,0.168095539913934,-0.5257541586205685,0.17129910709321589,-0.001134202888881497,-0.0022350468692664827
1999-04-02,0.1683624111819061,-0.5247376225522017,0.17104446742502583,0.0002668712679720908,0.0014010741568535878
1999-05-02,0.1697968442472562,-0.5192737411847291,0.17088768055509224,0.0014344330653500992,0.0011675617973780084
1999-08-02,0.1694298962537946,-0.5206714782787335,0.17080205935661782,-0.0003669479934615971,-0.0018013810588116963
1999-09-02,0.1681956166394235,-0.5253729575949311,0.1707664765208882,-0.0012342796143710866,-0.0008673316209094895
1999-10-02,0.1689962304433399,-0.5223233493898299,0.170739789394091,0.0008006138039163835,0.00203489341828747
1999-11-02,0.1683957700904026,-0.5246105555436558,0.17066639979539866,-0.0006004603529372876,-0.001401074156853671
1999-12-02,0.1696300497047737,-0.5199090762274582,0.17057410681522497,0.0012342796143710866,0.0018347399673083742
1999-01-03,0.1679954631884445,-0.5261353596462061,0.17045512670825408,-0.001634586516329195,-0.0028688661307002816
1999-02-03,0.1690295893518364,-0.522196282381284,0.17036616961893003,0.0010341261633919074,0.0026687126797211025
1999-03-03,0.1674950795609968,-0.5280413647743941,0.17019826311283096,-0.0015345097908396055,-0.002568635954231513
1999-04-03,0.1686626413583747,-0.5235940194752888,0.1700481480245966,0.0011675617973778973,0.002702071588217503
1999-05-03,0.1687960769923608,-0.5230857514411053,0.16992805595400914,0.00013343563398610092,-0.0010341261633917964
1999-08-03,0.1698635620642493,-0.5190196071676371,0.16982464333766997,0.001067485071888502,0.0009340494379024011
1999-09-03,0.1721653267505087,-0.5102519835779721,0.16982686726490306,0.0023017646862593943,0.0012342796143708923
1999-10-03,0.1713980718550889,-0.5131745247745271,0.16981574762873755,-0.0007672548954197889,-0.003069019581679183
1999-11-03,0.1728658638289355,-0.5075835763985086,0.1697812767566245,0.0014677919738466105,0.0022350468692663994
1999-12-03,0.1718650965740401,-0.5113955866548848,0.16973902213919562,-0.0010007672548954238,-0.0024685592287420344
1999-01-04,0.1638923174433733,-0.5417646016973484,0.1694354560718773,-0.007972779130666796,-0.006972011875771372
1999-06-04,0.1625246021950162,-0.5469743490477292,0.1690918593143632,-0.0013677152483571042,0.006605063882309692
1999-07-04,0.1636254461754011,-0.5427811377657157,0.16885501106403797,0.0011008439803849024,0.0024685592287420066
1999-08-04,0.1641925476198419,-0.5406209986204356,0.16871823953920229,0.000567101444440804,-0.0005337425359440984
1999-09-04,0.1639256763518697,-0.5416375346888029,0.16857257230543415,-0.00026687126797220184,-0.0008339727124130059
1999-12-04,0.1656603395936885,-0.5350300502444172,0.16847360754356117,0.0017346632418188124,0.002001534509791014
1999-04-05,0.1670614137505421,-0.5296932358854906,0.16837019492722197,0.0014010741568535878,-0.00033358908496522455
1999-05-05,0.1675284384694932,-0.5279142977658486,0.1682612224928,0.0004670247189511034,-0.0009340494379024844
1999-06-05,0.1688294359008573,-0.5229586844325593,0.16819005682134078,0.0013009974313641093,0.0008339727124130059
1999-07-05,0.1651265970577443,-0.5370631223811511,0.16802548620609134,-0.00370283884311301,-0.005003836274477119
1999-10-05,0.162191013110051,-0.5482450191331882,0.16782755668234534,-0.0029355839476933043,0.0007672548954197056
1999-11-05,0.1631584214564499,-0.5445600758853579,0.16762517930413315,0.0009674083463989125,0.003902992294092217
1999-12-05,0.1618907829335824,-0.549388622210101,0.16741835407145478,-0.0012676385228675147,-0.002235046869266427
1999-01-06,0.1547519765153284,-0.5765809620389178,0.1669646729159022,-0.0071388064182539845,-0.00587116789538647
1999-02-06,0.1549521299663075,-0.5758185599876425,0.16646984910653723,0.00020015345097909587,0.00733895986923308
1999-03-06,0.1533509023584748,-0.5819177763978446,0.16593388264335993,-0.0016012276078327115,-0.0018013810588118073
1999-04-06,0.1537178503519365,-0.5805200393038398,0.165451290433777,0.00036694799346170814,0.0019681756012944196
1999-07-06,0.1539180038029156,-0.5797576372525645,0.1649486828790962,0.00020015345097909587,-0.00016679454248261227
1999-08-06,0.1517496747506422,-0.5880169928080462,0.1643938130344375,-0.0021683290522734044,-0.0023684825032525003
1999-09-06,0.1510491376722154,-0.5906853999875096,0.1637744493000189,-0.0007005370784267939,0.0014677919738466105
1999-10-06,0.1492477566134036,-0.5975470184489869,0.16314952574751754,-0.0018013810588118073,-0.0011008439803850134
1999-11-06,0.1499816526003269,-0.5947515442609778,0.16251459452246722,0.0007338959869233053,0.0025352770457351126
1999-01-07,0.1519164692931247,-0.5873816577653171,0.16199530751353813,0.0019348166927977972,0.001200920705874492
1999-02-07,0.1522500583780899,-0.5861109876798581,0.16144822141419535,0.0003335890849651968,-0.0016012276078326004
1999-05-07,0.1513827267571805,-0.5894147299020509,0.160867776406356,-0.0008673316209093784,-0.0012009207058745752
1999-06-07,0.1485805784434734,-0.6000883586199041,0.1601583436189968,-0.00280214831370712,-0.0019348166927977417
1999-07-07,0.1482469893585082,-0.6013590287053631,0.1593610657059301,-0.0003335890849651968,0.0024685592287419234
1999-08-07,0.1483137071755012,-0.6011048946882713,0.15859158688327715,6.67178169930227e-05,0.0004003069019582195
1999-09-07,0.1483804249924942,-0.6008507606711797,0.15777540558872916,6.671781699299495e-05,-2.7755575615628914e-17
1999-12-07,0.1475130933715849,-0.6041545028933721,0.15696367214864726,-0.0008673316209092952,-0.0009340494379022901
1999-02-08,0.1470794275611302,-0.6058063740044686,0.15640324248590584,-0.0004336658104547031,0.00043366581045459207
1999-03-08,0.1475130933715849,-0.6041545028933721,0.15590285885845814,0.0004336658104547031,0.0008673316209094062
1999-04-08,0.1474130166460953,-0.60453570391901,0.1553624445408146,-0.00010007672548961732,-0.0005337425359443204
1999-05-08,0.1475130933715849,-0.6041545028933721,0.15480646273253937,0.00010007672548961732,0.00020015345097923465
1999-06-08,0.1473462988291023,-0.6047898379361016,0.1542538168151138,-0.00016679454248261227,-0.0002668712679722296
1999-09-08,0.14784668245655,-0.6028838328079136,0.15366002824387587,0.000500383627447698,0.0006671781699303103
1999-10-08,0.14784668245655,-0.6028838328079136,0.15301953720074277,0.0,-0.000500383627447698
1999-11-08,0.1486806551689629,-0.5997071575942666,0.15239127775739178,0.0008339727124128948,0.0008339727124128948
1999-12-08,0.1503819595022851,-0.593226740158427,0.15177636187743937,0.0017013043333222178,0.0008673316209093229
1999-01-09,0.1466457617506755,-0.607458245115565,0.1511603340338704,-0.0037361977516096045,-0.005437502084931822
1999-02-09,0.1463121726657104,-0.6087289152010236,0.1506310393523924,-0.0003335890849651135,0.003402608666644491
1999-03-09,0.1464456082996964,-0.6082206471668403,0.15007394558050058,0.00013343563398601765,0.0004670247189511312
1999-06-09,0.1465790439336824,-0.6077123791326571,0.1495635542805039,0.0001334356339859899,-2.7755575615628914e-17
1999-07-09,0.1472462221036127,-0.6051710389617394,0.14931336246678006,0.0006671781699303103,0.0005337425359443204
1999-08-09,0.1476131700970744,-0.6037733018677347,0.14906873047113897,0.0003669479934616804,-0.00030023017646862993
1999-09-09,0.1481135537245221,-0.6018672967395466,0.14889415218334054,0.000500383627447698,0.00013343563398601765
1999-10-09,0.1475130933715849,-0.6041545028933721,0.1486873269506622,-0.0006004603529371766,-0.0011008439803848746
1999-01-10,0.1818727691229943,-0.47327548409112286,0.14961915246133145,0.034359675751409385,0.03496013610434656
1999-04-10,0.1853754545151282,-0.4599334481938064,0.15074001178681434,0.003502685392133914,-0.03085699035927547
1999-05-10,0.1938819761817393,-0.42753136101460865,0.1521677730704651,0.008506521666611089,0.005003836274477175
1999-06-10,0.1890449344497448,-0.4459560772537602,0.15349434566500983,-0.004837041731994507,-0.013343563398605596
1999-07-10,0.1925476198418788,-0.4326140413564434,0.1549132112397282,0.0035026853921339973,0.008339727124128504
1999-08-10,0.1923808252993962,-0.4332493763991728,0.15626202310660398,-0.00016679454248258452,-0.003669479934616582
1999-11-10,0.1887113453647796,-0.44722674733921913,0.1574773993394936,-0.0036694799346166096,-0.003502685392134025
1999-12-10,0.1903792907896053,-0.44087339691192545,0.1587772848072411,0.0016679454248257064,0.005337425359442316
1999-01-11,0.1710978416786203,-0.5143181278514398,0.15952786024841265,-0.019281449110985005,-0.02094939453581071
1999-02-11,0.1706975347766621,-0.5158429319539903,0.16027621176235116,-0.00040030690195819174,0.018881142209026813
1999-03-11,0.1708643293191447,-0.515207596911261,0.16102789916713925,0.00016679454248258452,0.0005671014444407763
1999-04-11,0.1705974580511726,-0.5162241329796279,0.16176846693576186,-0.0002668712679720908,-0.00043366581045467534
1999-05-11,0.1699969976982353,-0.5185113391334537,0.16251793041331689,-0.0006004603529372876,-0.0003335890849651968
1999-08-11,0.1690295893518364,-0.522196282381284,0.16324960247300707,-0.0009674083463989125,-0.0003669479934616249
1999-09-11,0.1706975347766621,-0.5158429319539903,0.16402241718650964,0.0016679454248257064,0.002635353771224619
1999-10-11,0.1740334256263135,-0.5031362310994031,0.16490976415251693,0.003335890849651385,0.0016679454248256786
1999-11-11,0.1742002201687961,-0.5025008960566736,0.16579933504575728,0.00016679454248261227,-0.0031690963071687728
1999-12-11,0.1710311238616272,-0.5145722618685319,0.16658882921350812,-0.0031690963071689116,-0.003335890849651524
1999-01-12,0.1696300497047737,-0.5199090762274582,0.16731494145511558,-0.0014010741568535046,0.001768022150315407
1999-02-12,0.1675284384694932,-0.5279142977658486,0.16797099998888035,-0.0021016112352804928,-0.0007005370784269882
1999-03-12,0.1653601094172199,-0.5361736533213299,0.16852698179715558,-0.0021683290522732934,-6.671781699280066e-05
1999-06-12,0.1609233745871835,-0.5530735654579312,0.16887836229998554,-0.0044367348300363985,-0.002268405777763105
1999-07-12,0.1630249858224638,-0.5450683439195415,0.1694243364357118,0.0021016112352802985,0.006538346065316697
1999-08-12,0.1641591887113453,-0.5407480656289818,0.17001923697056628,0.001134202888881497,-0.0009674083463988015
1999-09-12,0.1628581912799813,-0.5457036789622707,0.17056632306990915,-0.0013009974313639983,-0.0024352003202454953
1999-10-12,0.1639590352603662,-0.541510467680257,0.17114565611413193,0.0011008439803849024,0.0024018414117489006
2000-04-01,0.164526136704807,-0.539350328534977,0.17172165326750508,0.000567101444440804,-0.0005337425359440984
2000-05-01,0.1638255996263802,-0.5420187357144404,0.1722620675851486,-0.0007005370784268217,-0.0012676385228676257
2000-06-01,0.1631250625479534,-0.5446871428939037,0.1727624512125963,-0.0007005370784267939,2.7755575615628914e-17
2000-07-01,0.1649264436067652,-0.5378255244324264,0.17334289622043564,0.0018013810588118073,0.0025019181372386012
2000-10-01,0.1645928545218,-0.5390961945178854,0.1727668990670625,-0.0003335890849651968,-0.002134970143777004
2000-11-01,0.1650265203322547,-0.5374443234067889,0.17208860126096673,0.0004336658104547031,0.0007672548954198999
2000-12-01,0.1650265203322547,-0.5374443234067889,0.17112675273265057,0.0,-0.0004336658104547031
2000-01-02,0.1655269039597024,-0.5355383182786009,0.17034281838298249,0.000500383627447698,0.000500383627447698
2000-02-02,0.1672615672015212,-0.5289308338342152,0.16949994996163725,0.0017346632418187846,0.0012342796143710866
2000-03-02,0.1668946192080595,-0.53032857092822,0.16865040975859266,-0.0003669479934616804,-0.002101611235280465
2000-04-02,0.1726323514694599,-0.5084730454583298,0.16811444329541533,0.005737732261400397,0.006104680254862077
2000-07-02,0.1853420956066317,-0.46006051520235225,0.16794653678931623,0.012709744137171797,0.0069720118757714
2000-08-02,0.1743670147112787,-0.5018655610139442,0.1680555092237382,-0.010975080895353012,-0.02368482503252481
2000-09-02,0.1826066651099176,-0.47048000990311367,0.16845248023484669,0.008239650398638915,0.019214731293991927
2000-10-02,0.1828735363778897,-0.46946347383474674,0.16885278713680488,0.0002668712679720908,-0.007972779130666824
2000-11-02,0.1845414818027154,-0.46311012340745306,0.16931758792852297,0.0016679454248257064,0.0014010741568536156
2000-01-03,0.1721319678420122,-0.5103790505865179,0.16938875359998218,-0.012409513960703195,-0.014077459385528901
2000-02-03,0.1701304333322214,-0.5180030710992701,0.16942544839932835,-0.00200153450979082,0.010407979450912375
2000-03-03,0.169196383894319,-0.5215609473385545,0.16937541003658357,-0.0009340494379023734,0.0010674850718884465
2000-06-03,0.169396537345298,-0.5207985452872796,0.16922084709388308,0.00020015345097898485,0.0011342028888813582
2000-07-03,0.1700303566067318,-0.518384272124908,0.16908185164181425,0.000633819261433799,0.0004336658104548141
2000-08-03,0.1709977649531307,-0.5146993288770776,0.16908073967819773,0.0009674083463989125,0.0003335890849651135
2000-09-03,0.1705307402341795,-0.51647826699672,0.16911076269584455,-0.00046702471895121445,-0.001434433065350127
2000-10-03,0.170363945691697,-0.517113602039449,0.16920527960325138,-0.00016679454248250125,0.0003002301764687132
2000-03-04,0.1618574240250859,-0.5495156892186468,0.16908852342351358,-0.008506521666611089,-0.008339727124128588
2000-04-04,0.1614237582146312,-0.5511675603297432,0.16910520287776182,-0.0004336658104547031,0.008072855856156386
2000-05-04,0.164392701070821,-0.5398585965691604,0.16915079338604042,0.002968942856189788,0.003402608666644491
2000-06-04,0.1630917036394569,-0.5448142099024496,0.16911521055031078,-0.0013009974313640815,-0.0042699402875538695
2000-07-04,0.1636254461754011,-0.5427811377657157,0.16914078571349142,0.0005337425359441816,0.0018347399673082632
2000-10-04,0.1650265203322547,-0.5374443234067889,0.16917636854922108,0.0014010741568536156,0.0008673316209094339
2000-11-04,0.1651933148747373,-0.5368089883640594,0.16919860782155208,0.00016679454248258452,-0.001234279614371031
2000-12-04,0.1637922407178837,-0.5421458027229862,0.16919749585793553,-0.0014010741568535878,-0.0015678686993361723
2000-02-05,0.1604897087767288,-0.5547254365690276,0.169109650732228,-0.0033025319411549015,-0.0019014577843013136
2000-03-05,0.1605897855022184,-0.5543442355433899,0.16896509546207647,0.00010007672548958957,0.003402608666644491
2000-04-05,0.1635253694499116,-0.5431623387913531,0.16892951262634687,0.002935583947693221,0.0028355072222036315
2000-05-05,0.1640257530773593,-0.5412563336631651,0.16889615371785033,0.000500383627447698,-0.002435200320245523
2000-08-05,0.162124295293058,-0.5484991531502799,0.16879941288321046,-0.0019014577843013136,-0.0024018414117490117
2000-09-05,0.1610568102211695,-0.552565297423748,0.1686504097585927,-0.001067485071888502,0.0008339727124128116
2000-10-05,0.1619241418420789,-0.5492615552015552,0.16847249557994462,0.0008673316209094062,0.0019348166927979082
2000-11-05,0.1613570403976382,-0.5514216943468349,0.16828790961959725,-0.000567101444440693,-0.0014344330653500992
2000-12-05,0.1612903225806451,-0.5516758283639268,0.16790984198997008,-6.671781699310597e-05,0.000500383627447587
2000-01-06,0.1585215331754345,-0.5622223900732342,0.1670158232422635,-0.002768789405210609,-0.002702071588217503
2000-02-06,0.1645928545218,-0.5390961945178854,0.1666900179026142,0.00607132134636551,0.008840110751576119
2000-05-06,0.165693698502185,-0.5349029832358715,0.16612625234902315,0.0011008439803849857,-0.004970477365980525
2000-06-06,0.1691296660773259,-0.5218150813556466,0.16566812333900433,0.003435967575140919,0.0023351235947559335
2000-07-06,0.1662607999466258,-0.5327428440905914,0.16505876727713467,-0.002868866130700115,-0.006304833705841034
2000-08-06,0.1673616439270107,-0.5285496328085778,0.16489975647996796,0.0011008439803849024,0.0039697101110850175
2000-09-06,0.1664609533976048,-0.5319804420393164,0.16477744048214743,-0.0009006905294058898,-0.002001534509790792
2000-12-06,0.1665943890315909,-0.5314721740051327,0.16469070732005647,0.00013343563398610092,0.0010341261633919907
2000-03-07,0.1686292824498782,-0.5237210864838346,0.1646651321568758,0.0020348934182873035,0.0019014577843012026
2000-04-07,0.1678620275544584,-0.5266436276803897,0.16459285452180003,-0.0007672548954198166,-0.00280214831370712
2000-05-07,0.168095539913934,-0.5257541586205685,0.16449611368716016,0.00023351235947560722,0.0010007672548954238
2000-06-07,0.1667945424825699,-0.5307097719538578,0.16437157376210645,-0.0013009974313641093,-0.0015345097908397165
2000-07-07,0.1654268272342129,-0.5359195193042383,0.16420700314685704,-0.0013677152483569932,-6.671781699288393e-05
2000-10-07,0.1662607999466258,-0.5327428440905914,0.1643537823442417,0.0008339727124128948,0.002201687960769888
2000-11-07,0.1654268272342129,-0.5359195193042383,0.16448721797822774,-0.0008339727124128948,-0.0016679454248257897
2000-12-07,0.1634920105414151,-0.5432894057998989,0.16445719496058084,-0.0019348166927977972,-0.0011008439803849024
2000-01-08,0.1619241418420789,-0.5492615552015552,0.1644182762340016,-0.0015678686993362,0.0003669479934615971
2000-02-08,0.1619241418420789,-0.5492615552015552,0.16436156608955751,0.0,0.0015678686993362
2000-03-08,0.1605230676852253,-0.5545983695604818,0.16421145100132323,-0.0014010741568535878,-0.0014010741568535878
2000-04-08,0.1594889415218334,-0.5585374468254037,0.1640213052228931,-0.0010341261633919074,0.0003669479934616804
2000-07-08,0.1589885578943857,-0.5604434519535918,0.16386118246210982,-0.000500383627447698,0.0005337425359442094
2000-08-08,0.1589218400773926,-0.5606975859706839,0.16380892017213194,-6.671781699310597e-05,0.00043366581045459207
2000-09-08,0.1581879440904693,-0.563493060158693,0.16372885879174032,-0.0007338959869233053,-0.0006671781699301993
2000-10-08,0.1583213797244554,-0.5629847921245094,0.16355539246755846,0.00013343563398610092,0.0008673316209094062
2000-11-08,0.1586549688094206,-0.5617141220390505,0.16337636632529381,0.0003335890849651968,0.00020015345097909587
2000-01-09,0.1615238349401208,-0.5507863593041054,0.1633563509801959,0.0028688661307001984,0.0025352770457350016
2000-04-09,0.1612903225806451,-0.5516758283639268,0.16336413472551178,-0.0002335123594756905,-0.003102378490175889
2000-05-09,0.1601894786002602,-0.5558690396459405,0.16330631261745113,-0.0011008439803849024,-0.0008673316209092119
2000-06-09,0.1596223771558194,-0.5580291787912205,0.16324849050939053,-0.000567101444440804,0.0005337425359440984
2000-07-09,0.1586549688094206,-0.5617141220390505,0.16316064538368302,-0.0009674083463988015,-0.00040030690195799745
2000-08-09,0.158688327717917,-0.561587055030505,0.16316620520176578,3.335890849640033e-05,0.0010007672548952018
2000-11-09,0.158554892083931,-0.5620953230646882,0.16296493978717014,-0.0001334356339859899,-0.00016679454248239023
2000-12-09,0.1599559662407846,-0.5567585087057616,0.16277368204512346,0.0014010741568535878,0.0015345097908395777
2000-02-10,0.1589218400773926,-0.5606975859706839,0.16243342117845902,-0.0010341261633919907,-0.0024352003202455785
2000-03-10,0.1582546619074624,-0.563238926141601,0.16216654991048693,-0.0006671781699301993,0.0003669479934617914
2000-04-10,0.1577542782800147,-0.565144931269789,0.1618463043889204,-0.000500383627447698,0.00016679454248250125
2000-05-10,0.1571204590185809,-0.5675592044321608,0.16153495457628622,-0.000633819261433799,-0.00013343563398610092
2000-06-10,0.1568535877506088,-0.5685757405005277,0.1612102612002535,-0.0002668712679720908,0.00036694799346170814
2000-09-10,0.1568535877506088,-0.5685757405005277,0.1608177380436112,0.0,0.0002668712679720908
2000-10-10,0.1571871768355739,-0.5673050704150692,0.16046190968631505,0.00033358908496508577,0.00033358908496508577
2000-11-10,0.158688327717917,-0.561587055030505,0.1601483359464478,0.0015011508823430941,0.0011675617973780084
2000-12-10,0.1595223004303299,-0.558410379816858,0.15990592787803984,0.0008339727124128948,-0.0006671781699301993
2000-01-11,0.1538512859859225,-0.5800117712696565,0.1595200765030968,-0.005671014444407402,-0.006504987156820297
2000-02-11,0.1534176201754679,-0.5816636423807525,0.15909197051072485,-0.00043366581045459207,0.00523734863395281
2000-03-11,0.1532841845414818,-0.5821719104149362,0.1586872157543005,-0.00013343563398610092,0.00030023017646849115
2000-06-11,0.1539847216199086,-0.5795035032354728,0.15837030612358363,0.0007005370784267939,0.0008339727124128948
2000-07-11,0.1538512859859225,-0.5800117712696565,0.15810121092837842,-0.00013343563398610092,-0.0008339727124128948
2000-08-11,0.1529172365480202,-0.5835696475089406,0.1578009807519098,-0.0009340494379022901,-0.0008006138039161892
2000-09-11,0.1532841845414818,-0.5821719104149362,0.1575596846471183,0.0003669479934615971,0.0013009974313638872
2000-10-11,0.1534176201754679,-0.5816636423807525,0.15735730726890612,0.00013343563398610092,-0.0002335123594754962
2000-01-12,0.1563198452146645,-0.570608812637262,0.1572683501795821,0.0029022250391965987,0.0027687894052104978
2000-04-12,0.15732061246956,-0.5667968023808855,0.1572149759259877,0.001000767254895507,-0.0019014577843010916
2000-05-12,0.157387330286553,-0.5665426683637939,0.15718828879919047,6.671781699299495e-05,-0.0009340494379025122
2000-06-12,0.1579210728224973,-0.5645095962270597,0.15717494523579187,0.0005337425359442927,0.0004670247189512977
2000-07-12,0.1594555826133369,-0.5586645138339497,0.15720163236258908,0.0015345097908396055,0.0010007672548953128
2000-08-12,0.1588217633519031,-0.5610787869963213,0.1571115633096485,-0.000633819261433799,-0.0021683290522734044
2000-11-12,0.15732061246956,-0.5667968023808855,0.15697923963927896,-0.0015011508823430941,-0.0008673316209092952
2000-12-12,0.1573539713780565,-0.5666697353723397,0.1568847227318722,3.335890849651135e-05,0.0015345097908396055
2001-02-01,0.1575874837375321,-0.5657802663125187,0.15681689295126264,0.00023351235947557947,0.00020015345097906811
2001-03-01,0.1549521299663075,-0.5758185599876425,0.15669346498982553,-0.002635353771224591,-0.0028688661307001706
2001-04-01,0.154918771057811,-0.5759456269961883,0.1565678131011553,-3.335890849651135e-05,0.0026019948627280798
2001-05-01,0.15511892450879,-0.5751832249449135,0.15645328084865062,0.0002001534509790126,0.00023351235947552396
2001-08-01,0.1557193848617273,-0.5728960187910875,0.1563120614693487,0.0006004603529372876,0.000400306901958275
2001-09-01,0.1548520532408179,-0.5761997610132803,0.15617640190812956,-0.0008673316209093784,-0.001467791973846666
2001-10-01,0.1543850285218668,-0.5779786991329222,0.1560474141286097,-0.0004670247189511034,0.000400306901958275
2001-11-01,0.1529505954565166,-0.5834425805003952,0.15588729136782645,-0.0014344330653502102,-0.0009674083463991068
2001-12-01,0.152650365280048,-0.584586183577308,0.15573828824320868,-0.00030023017646860217,0.001134202888881608
2001-01-02,0.1552857190512726,-0.5745478899021839,0.1556860259532308,0.002635353771224619,0.002935583947693221
2001-02-02,0.1546518997898389,-0.5769621630645553,0.15561263635453845,-0.0006338192614337157,-0.0032691730326583346
2001-05-02,0.153817927077426,-0.5801388382782023,0.15550032802926686,-0.0008339727124128948,-0.00020015345097917914
2001-06-02,0.1519831871101177,-0.5871275237482254,0.15527682334234025,-0.001834739967308291,-0.001000767254895396
2001-07-02,0.1522834172865864,-0.5859839206713123,0.1550355272375488,0.00030023017646868544,0.0021349701437769764
2001-08-02,0.1521499816526003,-0.586492188705496,0.15497881709310468,-0.00013343563398610092,-0.00043366581045478636
2001-09-02,0.1501150882343129,-0.5942432762267944,0.1548687326950662,-0.002034893418287387,-0.0019014577843012859
2001-12-02,0.1509157020382293,-0.5911936680216933,0.15478978327829113,0.0008006138039163835,0.0028355072222037703
2001-01-03,0.1544183874303633,-0.5778516321243764,0.15480423880530625,0.0035026853921339973,0.002702071588217614
2001-02-03,0.1522500583780899,-0.5861109876798581,0.15475086455171186,-0.0021683290522734044,-0.005671014444407402
2001-05-03,0.1518497514761317,-0.5876357917824088,0.15471528171598223,-0.00040030690195819174,0.0017680221503152127
2001-06-03,0.151416085665677,-0.5892876628935052,0.1546530117534554,-0.0004336658104547031,-3.335890849651135e-05
2001-07-03,0.1506154718617606,-0.5923372710986063,0.15455960680966518,-0.0008006138039163835,-0.0003669479934616804
2001-08-03,0.1526170063715515,-0.5847132505858537,0.15443617884822808,0.002001534509790903,0.0028021483137072867
2001-09-03,0.1567201521166227,-0.5690840085347114,0.15441616350313014,0.004103145745071202,0.0021016112352802985
2001-12-03,0.1585215331754345,-0.5622223900732342,0.1544539702660929,0.0018013810588117796,-0.002301764686259422
2001-02-04,0.1474797344630883,-0.6042815699019184,0.15410592565411257,-0.011041798712346201,-0.012843179771157981
2001-03-04,0.1482469893585082,-0.6013590287053631,0.15373230587895162,0.0007672548954198999,0.011809053607766101
2001-04-04,0.1498148580578443,-0.5953868793037072,0.153432075702483,0.0015678686993361168,0.000800613803916217
2001-05-04,0.1489141675284385,-0.5988176885344454,0.1531518608711123,-0.0009006905294058065,-0.0024685592287419234
2001-06-04,0.1493811922473897,-0.5970387504148033,0.15288610156675672,0.0004670247189511867,0.0013677152483569932
2001-09-04,0.1495146278813757,-0.5965304823806199,0.1526170063715515,0.00013343563398601765,-0.00033358908496516904
2001-10-04,0.1479467591820396,-0.6025026317822758,0.1523834940120759,-0.0015678686993361168,-0.0017013043333221345
2001-11-04,0.1486472962604663,-0.5998342246028128,0.15217444485216441,0.0007005370784267106,0.0022684057777628275
2001-12-04,0.1496814224238583,-0.5958951473378905,0.15199319478266668,0.0010341261633919907,0.00033358908496528006
2001-01-05,0.1528505187310271,-0.5838237815260326,0.15189756591164336,0.0031690963071688005,0.00213497014377681
2001-02-05,0.1528171598225306,-0.5839508485345785,0.1518297361310338,-3.33589084964836e-05,-0.003202455215665284
2001-03-05,0.1544517463388597,-0.577724565115831,0.15183196005826685,0.001634586516329084,0.0016679454248255676
2001-04-05,0.1545851819728458,-0.5772162970816473,0.15188644627547782,0.00013343563398610092,-0.001501150882342983
2001-08-05,0.1536511325349434,-0.5807741733209318,0.15191980518397438,-0.0009340494379024011,-0.001067485071888502
2001-09-05,0.1554191546852587,-0.5740396218680004,0.15192425303844057,0.001768022150315296,0.002702071588217697
2001-10-05,0.1558194615872168,-0.5725148177654501,0.15196317176501983,0.0004003069019581085,-0.0013677152483571875
2001-11-05,0.156219768489175,-0.5709900136628995,0.15204323314541146,0.00040030690195819174,8.326672684688674e-17
2001-01-06,0.1537845681689295,-0.5802659052867482,0.15210327918070515,-0.0024352003202454953,-0.002835507222203687
2001-04-06,0.1545184641558528,-0.577470431098739,0.15217778074301405,0.0007338959869233053,0.0031690963071688005
2001-05-06,0.1539847216199086,-0.5795035032354728,0.15223893874192435,-0.0005337425359442094,-0.0012676385228675147
2001-06-06,0.1538512859859225,-0.5800117712696565,0.152363478666978,-0.00013343563398610092,0.0004003069019581085
2001-07-06,0.1542515928878807,-0.5784869671671059,0.15247467502863304,0.0004003069019582195,0.0005337425359443204
2001-08-06,0.1548520532408179,-0.5761997610132803,0.1524891305556482,0.0006004603529372043,0.00020015345097898485
2001-11-06,0.1558528204957134,-0.572387750756904,0.15260922262623564,0.0010007672548954794,0.000400306901958275
2001-12-06,0.1567868699336158,-0.5688298745176195,0.15277379324148513,0.0009340494379024011,-6.671781699307822e-05
2001-02-07,0.1557527437702238,-0.5727689517825417,0.1529183485116367,-0.0010341261633919907,-0.001968175601294392
2001-03-07,0.1558528204957134,-0.572387750756904,0.1530929267994351,0.00010007672548958957,0.0011342028888815803
2001-04-07,0.1552523601427761,-0.5746749569107298,0.1531807719251426,-0.0006004603529372876,-0.0007005370784268772
2001-05-07,0.1543850285218668,-0.5779786991329222,0.15310293447198403,-0.0008673316209092952,-0.00026687126797200755
2001-06-07,0.1535844147179504,-0.5810283073380235,0.1529383638567346,-0.0008006138039164112,6.671781699288393e-05
2001-09-07,0.1542515928878807,-0.5784869671671059,0.15316409247089433,0.0006671781699303103,0.0014677919738467216
2001-10-07,0.1551522834172866,-0.5750561579363672,0.1533942689395203,0.0009006905294058898,0.00023351235947557947
2001-11-07,0.1552190012342796,-0.5748020239192756,0.15357440704540146,6.671781699299495e-05,-0.0008339727124128948
2001-12-07,0.1543850285218668,-0.5779786991329222,0.15375676907851574,-0.0008339727124127838,-0.0009006905294057788
2001-01-08,0.1550855656002935,-0.5753102919534593,0.15394691485694587,0.0007005370784266829,0.0015345097908394667
2001-02-08,0.1548520532408179,-0.5761997610132803,0.15412482903559394,-0.00023351235947557947,-0.0009340494379022624
2001-03-08,0.1554191546852587,-0.5740396218680004,0.15437390888570127,0.0005671014444407763,0.0008006138039163557
2001-06-08,0.154985488874804,-0.5756914929790967,0.15458518197284582,-0.00043366581045467534,-0.0010007672548954516
2001-07-08,0.1544851052473563,-0.5775974981072847,0.1547453047336291,-0.000500383627447698,-6.67178169930227e-05
2001-08-08,0.1544517463388597,-0.577724565115831,0.1547986789872235,-3.3358908496622375e-05,0.00046702471895107567
2001-09-08,0.1568535877506088,-0.5685757405005277,0.1549332265848261,0.0024018414117491227,0.002435200320245745
2001-10-08,0.1607232211362044,-0.5538359675092065,0.15514227574473763,0.0038696333855955944,0.0014677919738464718
2001-03-09,0.1590886346198752,-0.5600622509279544,0.15529239083297194,-0.001634586516329195,-0.0055042199019247895
2001-04-09,0.1583880975414484,-0.5627306581074177,0.15545028966652208,-0.0007005370784268217,0.0009340494379023734
2001-05-09,0.1577209193715181,-0.5652719982783353,0.15552701515606407,-0.0006671781699302826,3.335890849653911e-05
2001-06-09,0.1582213029989659,-0.5633659931501469,0.15560707653645572,0.0005003836274477813,0.0011675617973780639
2001-07-09,0.1592554291623578,-0.559426915885225,0.15570826522556178,0.0010341261633919074,0.0005337425359441261
2001-10-09,0.1578543550055042,-0.5647637302441516,0.15584392478678097,-0.0014010741568535878,-0.0024352003202454953
2001-11-09,0.1681956166394235,-0.5253729575949311,0.15629982986956667,0.010341261633919296,0.011742335790772884
2001-12-09,0.1628581912799813,-0.5457036789622707,0.1565956121915691,-0.005337425359442205,-0.0156786869933615
2001-01-10,0.1705974580511726,-0.5162241329796279,0.1571538179270774,0.0077392667711913,0.013076692130633505
2001-02-10,0.1712979951295993,-0.5135557258001648,0.1577220313351347,0.0007005370784267106,-0.007038729692764589
2001-03-10,0.1702638689662075,-0.5174948030650866,0.158235758525981,-0.0010341261633918242,-0.0017346632418185348
2001-04-10,0.17043066350869,-0.5168594680223574,0.15872168662641356,0.00016679454248250125,0.0012009207058743254
2001-05-10,0.1709977649531307,-0.5146993288770776,0.15919538312706408,0.0005671014444407207,0.0004003069019582195
2001-08-10,0.1714314307635854,-0.5130474577659812,0.15971800602684277,0.0004336658104547031,-0.00013343563398601765
2001-09-10,0.1701971511492144,-0.5177489370821784,0.16019615038195947,-0.0012342796143710033,-0.0016679454248257064
2001-10-10,0.1682956933649131,-0.5249917565692933,0.1606309281560307,-0.0019014577843013136,-0.0006671781699303103
2001-11-10,0.1647596490642826,-0.5384608594751559,0.16097674884077792,-0.0035360443006305087,-0.001634586516329195
2001-12-10,0.1647262901557861,-0.5385879264837017,0.16134814468870576,-3.33589084964836e-05,0.003502685392134025
2001-01-11,0.1639256763518697,-0.5416375346888029,0.1616706141375054,-0.0008006138039164112,-0.0007672548954199276
2001-02-11,0.1634586516329185,-0.5434164728084451,0.16194749307802647,-0.0004670247189511867,0.00033358908496522455
2001-05-11,0.1623578076525336,-0.5476096840904587,0.16218545329196826,-0.0011008439803849024,-0.0006338192614337157
2001-06-11,0.1628248323714848,-0.5458307459708165,0.16246678008695553,0.0004670247189511867,0.001567868699336089
2001-07-11,0.1637255229008907,-0.5423999367400778,0.1627547786636421,0.0009006905294059175,0.00043366581045473085
2001-08-11,0.1634920105414151,-0.5432894057998989,0.16304277724032865,-0.00023351235947560722,-0.0011342028888815248
2001-09-11,0.1616239116656103,-0.5504051582784679,0.16324960247300707,-0.0018680988758048023,-0.001634586516329195
2001-12-11,0.1635253694499116,-0.5431623387913531,0.163534265158844,0.0019014577843013136,0.003769556660106116
2001-03-12,0.1610901691296661,-0.5524382304152018,0.16375443395492095,-0.002435200320245523,-0.004336658104546837
2001-04-12,0.1612569636721487,-0.5518028953724723,0.16398127453269729,0.00016679454248261227,0.0026019948627281353
2001-05-12,0.1601894786002602,-0.5558690396459405,0.16409247089435233,-0.001067485071888502,-0.0012342796143711143
2001-06-12,0.1598892484237916,-0.5570126427228532,0.16406467180393855,-0.00030023017646860217,0.0007672548954198999
2001-07-12,0.1595890182473229,-0.5581562457997663,0.16408135125818682,-0.00030023017646868544,-8.326672684688674e-17
2001-10-12,0.158621609900924,-0.5618411890475966,0.1640891350035027,-0.0009674083463989125,-0.000667178169930227
2001-11-12,0.1583213797244554,-0.5629847921245094,0.1641091503486006,-0.00030023017646860217,0.0006671781699303103
2001-12-12,0.1591887113453647,-0.5596810499023169,0.16414139729348054,0.0008673316209092952,0.0011675617973778973
2002-02-01,0.1624245254695266,-0.5473555500733671,0.16424703383705283,0.0032358141241619065,0.0023684825032526113
2002-03-01,0.1627247556459953,-0.5462119469964539,0.1644093805250692,0.0003002301764687132,-0.0029355839476931933
2002-04-01,0.1620242185675685,-0.5488803541759173,0.16420366725600738,-0.0007005370784268217,-0.0010007672548955349
2002-07-01,0.1625913200120092,-0.5467202150306375,0.16419477154707496,0.0005671014444407207,0.0012676385228675424
2002-08-01,0.1625913200120092,-0.5467202150306375,0.16392790027910287,0.0,-0.0005671014444407207
2002-09-01,0.1642592654368349,-0.5403668646033439,0.16369327595601071,0.0016679454248256786,0.0016679454248256786
2002-10-01,0.168095539913934,-0.5257541586205685,0.16362099832093496,0.003836274477099111,0.002168329052273432
2002-11-01,0.1673616439270107,-0.5285496328085778,0.16351869766821228,-0.0007338959869233053,-0.004570170464022416
2002-01-02,0.1661273643126397,-0.533251112124775,0.1633563509801959,-0.0012342796143710033,-0.000500383627447698
2002-04-02,0.1684624879073956,-0.5243564215265641,0.16325738621832292,0.0023351235947559057,0.003569403209126909
2002-05-02,0.1714981485805784,-0.5127933237488895,0.16330075279936837,0.0030356606731828106,0.0007005370784269049
2002-06-02,0.176535343763552,-0.49360620545846273,0.16357540781265636,0.005037195182973603,0.002001534509790792
2002-07-02,0.176535343763552,-0.49360620545846273,0.16396793096929868,0.0,-0.005037195182973603
2002-08-02,0.1797377989792174,-0.48140777263805873,0.16446831459674638,0.003202455215665395,0.003202455215665395
2002-11-02,0.175367781966174,-0.4980535507575684,0.1648497181172232,-0.0043700170130434035,-0.007572472228708799
2002-12-02,0.1761350368615938,-0.4951310095610134,0.16527226429151237,0.0007672548954197889,0.005137271908463192
2002-01-03,0.1737999132668379,-0.5040257001592242,0.16565366781198917,-0.002335123594755878,-0.003102378490175667
2002-04-03,0.1751342696066984,-0.49894301981738953,0.1660639823864963,0.0013343563398604819,0.00366947993461636
2002-05-03,0.1754011408746706,-0.4979264837490222,0.16645316965228896,0.00026687126797220184,-0.00106748507188828
2002-06-03,0.1719985322080262,-0.5108873186207012,0.16673672037450932,-0.0034026086666444078,-0.0036694799346166096
2002-07-03,0.1708643293191447,-0.515207596911261,0.16704473429629382,-0.001134202888881497,0.0022684057777629107
2002-08-03,0.1696300497047737,-0.5199090762274582,0.16724822363812253,-0.0012342796143710033,-0.0001000767254895063
2002-11-03,0.1709977649531307,-0.5146993288770776,0.16757847683223803,0.001367715248357021,0.0026019948627280243
2002-12-03,0.1725989925609634,-0.5086001124668756,0.16795654446186517,0.0016012276078326837,0.00023351235947566273
2002-02-04,0.1795376455282383,-0.48217017468933404,0.16860148335946448,0.006938652967274916,0.005337425359442233
2002-03-04,0.1793708509857557,-0.48280550973206354,0.16925087011152995,-0.00016679454248261227,-0.007105447509757529
2002-04-04,0.1780031357373986,-0.4880152570824445,0.16986467402786581,-0.0013677152483571042,-0.001200920705874492
2002-05-04,0.1775361110184475,-0.48979419520208634,0.17049515739844986,-0.0004670247189511034,0.0009006905294060008
2002-08-04,0.1771691630249858,-0.49119193229609104,0.1711234168418009,-0.0003669479934616804,0.00010007672548942304
2002-09-04,0.1760016012276078,-0.49563927759519666,0.17168384650454235,-0.0011675617973780084,-0.000800613803916328
2002-10-04,0.1755345765086566,-0.49741821571483896,0.1721208482058467,-0.00046702471895121445,0.0007005370784267939
2002-11-04,0.1777362644694265,-0.48903179315081136,0.1726212318332944,0.002201687960769916,0.0026687126797211302
2002-12-04,0.1771024452079928,-0.49144606631318277,0.17312383938797518,-0.0006338192614337157,-0.0028355072222036315
2002-01-05,0.182439870567435,-0.4711153449458432,0.1737854577398227,0.005337425359442205,0.005971244620875921
2002-02-05,0.1819394869399873,-0.47302135007403123,0.174430396637422,-0.000500383627447698,-0.005837808986889903
2002-03-05,0.1838409447242886,-0.46577853058691643,0.17508311928033712,0.0019014577843013136,0.0024018414117490117
2002-07-05,0.1848750708876805,-0.46183945332199455,0.17564243697946197,0.0010341261633918797,-0.0008673316209094339
2002-08-05,0.1838743036327851,-0.4656514635783707,0.1761928589696545,-0.001000767254895396,-0.0020348934182872758
2002-09-05,0.1827734596524002,-0.4698446748603842,0.17674772881431317,-0.0011008439803849024,-0.0001000767254895063
2002-10-05,0.1843079694432398,-0.46399959246727424,0.17727591153217465,0.0015345097908396055,0.002635353771224508
2002-05-06,0.1915468525869834,-0.4364260516128195,0.17794420166572147,0.007238883143743602,0.005704373352903996
2002-06-06,0.1929479267438369,-0.43108923725389314,0.17849128776506432,0.0014010741568535046,-0.005837808986890097
2002-07-06,0.1944824365346766,-0.4252441548607828,0.17908952419076846,0.0015345097908396887,0.0001334356339861842
2002-10-06,0.1918804416719485,-0.4351553815273609,0.17949427894719283,-0.0026019948627280798,-0.0041365046535677685
2002-11-06,0.1880775261033459,-0.44964102050159044,0.17991793708509854,-0.0038029155686025995,-0.0012009207058745197
2002-12-06,0.1900457017046402,-0.44214406699738407,0.18038162591320012,0.001968175601294281,0.00577109116989688
2002-01-07,0.1849417887046736,-0.4615853193049025,0.18075302176112798,-0.005103912999966598,-0.007072088601260879
2002-02-07,0.1865096574040097,-0.45561316990324663,0.18113220135437166,0.0015678686993361168,0.006671781699302715
2002-03-07,0.1841078159922607,-0.4647619945185495,0.18142242385829135,-0.0024018414117490117,-0.0039697101110851285
2002-04-07,0.1839410214497782,-0.4653973295612786,0.18182050683301643,-0.00016679454248250125,0.0022350468692665104
2002-05-07,0.1844080461687294,-0.4636183914416363,0.1822719640613359,0.00046702471895121445,0.0006338192614337157
2002-08-07,0.1846749174367015,-0.4626018553732694,0.18277345965240016,0.0002668712679720908,-0.00020015345097912363
2002-09-07,0.1860759915935551,-0.45726504101434273,0.18327606720708098,0.0014010741568535878,0.001134202888881497
2002-10-07,0.1867431697634853,-0.45472370084342556,0.18374753978049838,0.0006671781699301993,-0.0007338959869233885
2002-11-07,0.1863095039530306,-0.456375571954522,0.1839732683946581,-0.0004336658104547031,-0.0011008439803849024
2002-12-07,0.1880108082863528,-0.44989515451868245,0.18426126697134468,0.0017013043333222178,0.002134970143776921
2002-01-08,0.1783700837308603,-0.48661751998843966,0.18427349857112674,-0.009640724555492503,-0.01134202888881472
2002-02-08,0.1802381826066651,-0.47950176750987067,0.18436356762406733,0.0018680988758048023,0.011508823431297305
2002-05-08,0.1832071254628549,-0.4681928037492878,0.18456483303866295,0.002968942856189788,0.0011008439803849857
2002-06-08,0.1807052073256163,-0.4777228293902285,0.18472161990859656,-0.0025019181372386012,-0.005470860993428389
2002-07-08,0.1850085065216666,-0.46133118528781086,0.18503741757569692,0.0043032991960502975,0.006805217333288899
2002-08-08,0.18497514761317,-0.46145825229635706,0.18527871368048837,-3.335890849659462e-05,-0.004336658104546892
2002-09-08,0.1855088901491143,-0.45942518015962275,0.1855589285118591,0.0005337425359443204,0.000567101444440915
2002-12-08,0.1880108082863528,-0.44989515451868245,0.185744626435823,0.00250191813723849,0.00196817560129417
2002-02-09,0.1848750708876805,-0.46183945332199455,0.18584247923407946,-0.003135737398672317,-0.005637655535910807
2002-03-09,0.185875838142576,-0.458027443065618,0.18591030901468905,0.001000767254895507,0.004136504653567824
2002-04-09,0.1855422490576108,-0.459298113151077,0.18593254828702005,-0.0003335890849651968,-0.001334356339860704
2002-05-09,0.1885779097307936,-0.4477350153734024,0.18608933515695364,0.0030356606731828106,0.0033692497581480074
2002-06-09,0.1897121126196751,-0.44341473708284257,0.18632062358919615,0.001134202888881497,-0.0019014577843013136
2002-09-09,0.1918804416719485,-0.4351553815273609,0.1865730393301531,0.0021683290522734044,0.0010341261633919074
2002-10-09,0.1896120358941855,-0.4437959381084805,0.1865085454403932,-0.0022684057777630218,-0.004436734830036426
2002-11-09,0.1872101944824365,-0.45294476272378326,0.1863172876983465,-0.002401841411748984,-0.00013343563398596214
2002-12-09,0.189445241351703,-0.4444312731512096,0.18614938119224736,0.0022350468692664827,0.004636888281015467
2002-01-10,0.1913800580445008,-0.4370613866555489,0.18613270173799912,0.001934816692797825,-0.0003002301764686577
2002-02-10,0.1916802882209694,-0.43591778357863614,0.1862527938085866,0.00030023017646860217,-0.0016345865163292228
2002-03-10,0.1916135704039764,-0.4361719175957279,0.18630505609856443,-6.67178169930227e-05,-0.0003669479934616249
2002-04-10,0.1904126496981019,-0.44074632990337925,0.1864874181316787,-0.001200920705874492,-0.0011342028888814693
2002-07-10,0.1913800580445008,-0.4370613866555489,0.1866497648196951,0.0009674083463989125,0.0021683290522734044
2002-08-10,0.1895453180771925,-0.4440500721255721,0.1868310148891928,-0.0018347399673083187,-0.002802148313707231
2002-09-10,0.1897788304366681,-0.443160603065751,0.18702560852208913,0.00023351235947560722,0.002068252326783926
2002-10-10,0.189511959168696,-0.4441771391341179,0.18719573895542135,-0.0002668712679720908,-0.000500383627447698
2002-11-10,0.1881108850118424,-0.4495139534930447,0.18731027120792607,-0.0014010741568536156,-0.0011342028888815248
2002-01-11,0.1901124195216332,-0.44188993298029233,0.18744481880552868,0.00200153450979082,0.0034026086666444355
2002-04-11,0.1885779097307936,-0.4477350153734024,0.18750597680443895,-0.0015345097908396055,-0.0035360443006304254
2002-05-11,0.1892117289922273,-0.4453207422110311,0.18760271763907882,0.0006338192614336879,0.0021683290522732934
2002-06-11,0.188411115188311,-0.4483703504161319,0.18761606120247745,-0.0008006138039163002,-0.0014344330653499882
2002-07-11,0.1897121126196751,-0.44341473708284257,0.1879941288321046,0.0013009974313641093,0.0021016112352804095
2002-08-11,0.1913466991360042,-0.4371884536640952,0.18836441271641588,0.001634586516329084,0.00033358908496497475
2002-11-11,0.190679520966074,-0.4397297938350124,0.1886134925665232,-0.0006671781699301993,-0.0023017646862592833
2002-12-11,0.1913800580445008,-0.4370613866555489,0.18896932092381935,0.0007005370784268217,0.001367715248357021
2002-02-12,0.1878440137438703,-0.45053048956141156,0.18906383783122613,-0.0035360443006305087,-0.00423658137905733
2002-03-12,0.1900123427961437,-0.4422711340059298,0.18923174433732529,0.0021683290522734044,0.005704373352903913
2002-04-12,0.1916135704039764,-0.4361719175957279,0.189435233679154,0.0016012276078326837,-0.0005671014444407207
2002-05-12,0.1918470827634519,-0.43528244853590714,0.1895631094950573,0.0002335123594754962,-0.0013677152483571875
2002-06-12,0.1940487707242219,-0.42689602597187926,0.1898688994896087,0.002201687960769999,0.001968175601294503
2002-09-12,0.1936151049137672,-0.4285478970829756,0.1901268750486484,-0.00043366581045467534,-0.0026353537712246744
2002-10-12,0.1922807485739067,-0.4336305774248103,0.1903514916991916,-0.0013343563398605096,-0.0009006905294058343
2002-11-12,0.1930480034693265,-0.4307080362282553,0.19050049482380935,0.0007672548954197889,0.0021016112352802985
2002-12-12,0.1944824365346766,-0.4252441548607828,0.19065950562097606,0.0014344330653500992,0.0006671781699303103
2003-02-01,0.2060913366914635,-0.38102483588681874,0.1911332021216266,0.011608900156786922,0.010174467091436823
2003-03-01,0.2065583614104146,-0.379245897767177,0.1916980796388342,0.00046702471895107567,-0.011141875437835846
2003-06-01,0.2113954031424092,-0.360821181528025,0.19250425326083329,0.004837041731994618,0.004370017013043542
2003-07-01,0.2095606631751009,-0.36780986699804824,0.19317476732161323,-0.0018347399673083187,-0.006671781699302937
2003-08-01,0.2100610468025486,-0.36590386186986007,0.1937974669468815,0.0005003836274477258,0.0023351235947560445
2003-09-01,0.2118290689528638,-0.359169310416929,0.19446909297127796,0.001768022150315185,0.0012676385228674591
2003-10-01,0.212229375854822,-0.35764450631437844,0.19515628648630615,0.00040030690195819174,-0.0013677152483569932
2003-03-02,0.2232378156586716,-0.31571239349424035,0.19625045868499183,0.011008439803849607,0.010608132901891415
2003-04-02,0.2279414217566802,-0.2977959452892717,0.1974691708087311,0.0047036060980086,-0.0063048337058410064
2003-05-02,0.2316442605997932,-0.28369150734068,0.19887246889281782,0.00370283884311301,-0.0010007672548955904
2003-06-02,0.2274410381292324,-0.29970195041746023,0.20012787581590327,-0.004203222470560819,-0.007906061313673829
2003-07-02,0.2257397337959102,-0.30618236785329966,0.2013354683034771,-0.00170130433332219,0.002501918137238629
2003-10-02,0.2239049938286019,-0.31317105332332273,0.20252860526403574,-0.001834739967308291,-0.00013343563398610092
2003-11-02,0.2195683357240551,-0.3296897644342862,0.2035104691374498,-0.004336658104546809,-0.002501918137238518
2003-12-02,0.2144310638155919,-0.34925808375035083,0.20437224094027642,-0.005137271908463192,-0.0008006138039163835
2003-03-03,0.2072255395803449,-0.37670455759625937,0.2049727012932137,-0.007205524235247007,-0.002068252326783815
2003-04-03,0.2124962471227941,-0.35662797024601145,0.2057755390243631,0.00527070754244921,0.012476231777696217
2003-05-03,0.2128631951162558,-0.35523023315200675,0.20654724177424913,0.0003669479934616804,-0.00490375954898753
2003-06-03,0.2133635787437035,-0.3533242280238186,0.20728113776117243,0.0005003836274477258,0.0001334356339860454
2003-07-03,0.2107282249724789,-0.3633625216989426,0.2079494278947193,-0.002635353771224619,-0.0031357373986723447
2003-10-03,0.2131967842012209,-0.3539595630665481,0.2086766520999433,0.0024685592287420066,0.0051039129999666255
2003-11-03,0.2093605097241218,-0.3685722690493235,0.20939386863261833,-0.003836274477099111,-0.0063048337058411175
2003-12-03,0.2076258464823031,-0.3751797534937088,0.20998098542215698,-0.0017346632418187014,0.0021016112352804095
2003-01-04,0.1997865029856223,-0.405040500501989,0.21025341650821183,-0.007839343496680778,-0.006104680254862077
2003-02-04,0.1964172532274744,-0.4178742683651222,0.21040575552367924,-0.003369249758147924,0.004470093738532854
2003-03-04,0.1926810554758648,-0.43210577332226,0.21036016501540067,-0.003736197751609577,-0.00036694799346165263
2003-04-04,0.1927477732928579,-0.4318516393051681,0.21033125396137037,6.671781699307822e-05,0.003802915568602655
2003-07-04,0.1901457784301297,-0.4417628659717466,0.21026008828991113,-0.002601994862728191,-0.002668712679721269
2003-08-04,0.1924809020248857,-0.43286817537353534,0.21024118490842977,0.0023351235947560167,0.0049371184574842075
2003-09-04,0.1911131867765287,-0.43807792272391594,0.21012887658315818,-0.001367715248357021,-0.0037028388431130377
2003-10-04,0.1932815158288021,-0.4298185671684342,0.20970188255440278,0.0021683290522734044,0.0035360443006304254
2003-11-04,0.1934149514627881,-0.42931029913425095,0.20926376888948192,0.0001334356339859899,-0.0020348934182874145
2003-01-05,0.2043566734496447,-0.3876323203312045,0.20902914456638977,0.010941721986856612,0.010808286352870622
2003-02-05,0.2038896487306935,-0.3894112584508467,0.2088401107515762,-0.0004670247189511867,-0.011408746705807798
2003-06-05,0.2054575174300297,-0.38343910904919043,0.20868665977249223,0.0015678686993362,0.002034893418287387
2003-07-05,0.2047903392600994,-0.38598044922010805,0.20845203544940008,-0.0006671781699303103,-0.0022350468692665104
2003-08-05,0.2078593588417787,-0.3742902844338877,0.208306368215632,0.0030690195816792942,0.0037361977516096045
2003-09-05,0.2088267671881776,-0.3706053411860573,0.20782599993328216,0.0009674083463989125,-0.0021016112352803817
2003-12-05,0.2109617373319545,-0.36247305263912144,0.20726001045245798,0.002134970143776893,0.0011675617973779806
2003-02-06,0.2200687193515028,-0.32778375930609815,0.20687415907751497,0.009106982019548293,0.0069720118757714
2003-03-06,0.2202355138939854,-0.32714842426336865,0.2066339749363401,0.00016679454248261227,-0.00894018747706568
2003-04-06,0.2197017713580412,-0.3291814964001026,0.20643270952174445,-0.0005337425359442094,-0.0007005370784268217
2003-05-06,0.2214030756913634,-0.32270107896426314,0.20634931225050313,0.00170130433332219,0.0022350468692663994
2003-06-06,0.2189011575541248,-0.33223110460520383,0.20632707297817215,-0.0025019181372386012,-0.004203222470560791
2003-09-06,0.2187343630116422,-0.3328664396479332,0.20647051628470717,-0.00016679454248258452,0.0023351235947560167
2003-10-06,0.2130633485672349,-0.3544678311007313,0.20666510991760348,-0.005671014444407291,-0.005504219901924706
2003-11-06,0.2130633485672349,-0.3544678311007313,0.20668401329908484,0.0,0.005671014444407291
2003-12-06,0.2117289922273743,-0.3595505114425665,0.20664620653612215,-0.0013343563398606206,-0.0013343563398606206
2003-01-07,0.2103612769790172,-0.36476025879294743,0.2065461298106326,-0.0013677152483571042,-3.33589084964836e-05
2003-02-07,0.2112286085999266,-0.36145651657075456,0.20656280926488083,0.0008673316209094062,0.0022350468692665104
2003-03-07,0.209827534443073,-0.3667933309296812,0.20645050093960923,-0.0014010741568535878,-0.002268405777762994
2003-04-07,0.2110951729659406,-0.3619647846049378,0.2065083230476699,0.001267638522867598,0.0026687126797211858
2003-07-07,0.2089935617306602,-0.3699700061433279,0.20655391355594846,-0.0021016112352804095,-0.0033692497581480074
2003-08-07,0.2083597424692264,-0.3723842793056996,0.2068396882054019,-0.000633819261433799,0.0014677919738466105
2003-09-07,0.206324849050939,-0.380135366826998,0.20716994139951742,-0.002034893418287387,-0.0014010741568535878
2003-10-07,0.2058244654234913,-0.38204137195518606,0.2076080550644383,-0.000500383627447698,0.0015345097908396887
2003-11-07,0.2060246188744704,-0.3812789699039108,0.20805061658382537,0.00020015345097909587,0.0007005370784267939
2003-01-08,0.2117957100443673,-0.35929637742547477,0.20877228097096664,0.005771091169896908,0.005570937718917812
2003-04-08,0.2085598959202055,-0.37162187725442436,0.20930824743414395,-0.0032358141241618232,-0.009006905294058731
2003-05-08,0.2091603562731427,-0.3693346711005988,0.20990981975069775,0.0006004603529372043,0.0038362744770990276
2003-06-08,0.2115621976848917,-0.3601858464852959,0.2105191758125674,0.0024018414117490117,0.0018013810588118073
2003-07-08,0.2112953264169196,-0.36120238255366294,0.21111518831103845,-0.0002668712679721186,-0.0026687126797211302
2003-08-08,0.2128631951162558,-0.35523023315200675,0.21139873903325881,0.0015678686993362,0.0018347399673083187
2003-11-08,0.2163325215998932,-0.34201526426323614,0.21181350146223213,0.0034693264836374027,0.0019014577843012026
2003-12-08,0.216966340861327,-0.3396009911008644,0.21219712890994205,0.000633819261433799,-0.0028355072222036037
2003-01-09,0.227741268305701,-0.2985583473405474,0.21296215987812878,0.010774927444374,0.0101411081829402
2003-02-09,0.2260399639723788,-0.30503876477638686,0.21356818004914876,-0.00170130433332219,-0.01247623177769619
2003-03-09,0.2235714047436368,-0.3144417234087814,0.21405966796766407,-0.0024685592287420066,-0.0007672548954198166
2003-04-09,0.2240717883710845,-0.31253571828059334,0.2144966696689684,0.000500383627447698,0.0029689428561897047
2003-05-09,0.2274410381292324,-0.29970195041746023,0.21474241362822608,0.0033692497581478964,0.0028688661307001984
2003-08-09,0.2266737832338126,-0.30262449161401517,0.21495702260622032,-0.0007672548954197889,-0.004136504653567685
2003-09-09,0.2317443373252827,-0.2833103063150425,0.215358441471795,0.005070554091470114,0.005837808986889903
2003-10-09,0.2302431864429396,-0.28902832169960674,0.2156531118301809,-0.0015011508823431219,-0.006571704973813236
2003-11-09,0.2277746272141976,-0.29843128033200117,0.21594889415218332,-0.002468559228741979,-0.000967408346398857
2003-12-09,0.2290756246455616,-0.2934756669987123,0.21629360287331395,0.0013009974313639983,0.003769556660105977
2003-01-10,0.2325783100376956,-0.2801336311013955,0.216944101588996,0.0035026853921339973,0.002201687960769999
2003-02-10,0.2317109784167862,-0.28343737332358837,0.2175656892506477,-0.0008673316209094062,-0.0043700170130434035
2003-03-10,0.2330786936651433,-0.27822762597320744,0.21827734596524,0.0013677152483571042,0.0022350468692665104
2003-06-10,0.2244387363645462,-0.31113798118658853,0.21874659461142432,-0.008639957300597106,-0.01000767254895421
2003-07-10,0.2276411915802115,-0.2989395483661848,0.21929368071076716,0.003202455215665312,0.011842412516262418
2003-08-10,0.2270740901357708,-0.3010996875114646,0.21986856590052373,-0.0005671014444407207,-0.0037695566601060326
2003-09-10,0.2239717116455949,-0.3129169193062311,0.2202977838565122,-0.003102378490175889,-0.002535277045735168
2003-10-10,0.2251059145344764,-0.30859664101567136,0.22083486228330607,0.001134202888881497,0.004236581379057386
2003-03-11,0.232411515495213,-0.280768966144125,0.22163658805083897,0.007305600960736597,0.0061713980718551
2003-04-11,0.228842112286086,-0.2943651360585334,0.22238716349201051,-0.0035694032091269923,-0.010875004169863589
2003-05-11,0.2294092137305267,-0.29220499691325375,0.2231733217689117,0.000567101444440693,0.004136504653567685
2003-06-11,0.2304099809854222,-0.28839298665687724,0.2239861671726101,0.001000767254895507,0.0004336658104548141
2003-07-11,0.2295426493645128,-0.2916967288790701,0.22457773181661494,-0.0008673316209094062,-0.0018680988758049133
2003-10-11,0.2325783100376956,-0.2801336311013955,0.2253783456205313,0.0030356606731828106,0.003902992294092217
2003-11-11,0.2354471761683958,-0.26920586836645044,0.22625457295037305,0.0028688661307001984,-0.00016679454248261227
2003-12-11,0.2367148146912633,-0.2643773220417074,0.22709299351725212,0.001267638522867487,-0.0016012276078327115
2003-01-12,0.2437535443840278,-0.23756618323852796,0.22817493411615572,0.007038729692764506,0.005771091169897019
2003-02-12,0.2444874403709511,-0.23477070905051878,0.2292290756246456,0.0007338959869233053,-0.006304833705841201
2003-03-12,0.2447876705474197,-0.233627105973606,0.2301775805895631,0.00030023017646860217,-0.0004336658104547031
2003-04-12,0.2450879007238883,-0.23248350289669323,0.23111496591831518,0.00030023017646860217,0.0
2003-05-12,0.2451879774493778,-0.23210230187105585,0.23169652288977105,0.00010007672548947855,-0.00020015345097912363
2003-08-12,0.2476898955866164,-0.22257227623011516,0.2324181872769123,0.0025019181372386012,0.0024018414117491227
2003-09-12,0.2487573806585049,-0.21850613195664703,0.23325771980740792,0.001067485071888502,-0.0014344330653500992
2003-10-12,0.250258531540848,-0.21278811657208285,0.23413061124640003,0.0015011508823430941,0.00043366581045459207
2003-11-12,0.2463221803382593,-0.22778202358049598,0.2347599826533676,-0.003936351202588673,-0.005437502084931767
2003-12-12,0.2483237148480502,-0.22015800306774344,0.23548164704050883,0.0020015345097908754,0.005937885712379548
2004-02-01,0.253761216932982,-0.19944608067476607,0.23621554302743214,0.0054375020849317945,0.003435967575140919
2004-05-01,0.257330620142109,-0.18584991076035756,0.23711845748407112,0.00356940320912702,-0.0018680988758047745
2004-06-01,0.259865897187844,-0.17619281811087154,0.2381881664831927,0.002535277045734974,-0.0010341261633920462
2004-07-01,0.2580978750375288,-0.1829273695638026,0.2391555748295916,-0.001768022150315185,-0.004303299196050159
2004-08-01,0.2575974914100811,-0.18483337469199065,0.23998954754200444,-0.000500383627447698,0.001267638522867487
2004-09-01,0.2591653601094172,-0.17886122529033477,0.24090469359842548,0.0015678686993361168,0.002068252326783815
2004-12-01,0.2604329986322848,-0.17403267896559133,0.24181650376399683,0.001267638522867598,-0.0003002301764685189
2004-02-02,0.2424859058611602,-0.2423947295632714,0.24241807608055066,-0.017947092771124606,-0.019214731293992204
2004-03-02,0.2445541581879441,-0.23451657503342715,0.24298184163414172,0.002068252326783898,0.020015345097908505
2004-04-02,0.2430863662140975,-0.24010752340944555,0.24351558417008598,-0.0014677919738466105,-0.0035360443006305087
2004-05-02,0.2432865196650765,-0.23934512135817057,0.2441594111040687,0.0002001534509790126,0.0016679454248256231
2004-06-02,0.2464222570637489,-0.2274008225548582,0.24486995585504445,0.0031357373986724,0.0029355839476933876
2004-09-02,0.2475564599526303,-0.22308054426429882,0.24537478733695833,0.001134202888881386,-0.002001534509791014
2004-10-02,0.2492911231944491,-0.2164730598199131,0.24605642103390377,0.0017346632418188124,0.0006004603529374264
2004-11-02,0.2474230243186443,-0.22358881229848207,0.24665688138684103,-0.0018680988758048023,-0.0036027621176236146
2004-12-02,0.2513260166127365,-0.2087219722986146,0.24735408257441815,0.003902992294092217,0.005771091169897019
2004-01-03,0.2435867498415452,-0.23820151828125738,0.24782221925698592,-0.0077392667711913,-0.011642259065283517
2004-02-03,0.2407512426193415,-0.2490022140076567,0.2480946503430408,-0.0028355072222037148,0.004903759548987585
2004-03-03,0.2372485572272075,-0.2623442499049735,0.2481546963783345,-0.0035026853921339973,-0.0006671781699302826
2004-04-03,0.238249324482103,-0.25853223964859695,0.24820584670469584,0.001000767254895507,0.004503452647029504
2004-05-03,0.2430863662140975,-0.24010752340944555,0.24818360743236484,0.004837041731994479,0.003836274477098972
2004-08-03,0.2434866731160557,-0.23858271930689487,0.24815024852386833,0.0004003069019582195,-0.00443673483003626
2004-09-03,0.2445875170964406,-0.2343895080248813,0.248143576742169,0.0011008439803849024,0.0007005370784266829
2004-10-03,0.2437535443840278,-0.23756618323852796,0.24809909819750697,-0.0008339727124128116,-0.001934816692797714
2004-11-03,0.2425526236781532,-0.24214059554617978,0.2480112530717995,-0.001200920705874603,-0.0003669479934617914
2004-12-03,0.2422523935016846,-0.24328419862309256,0.2478300030023018,-0.00030023017646860217,0.0009006905294060008
2004-01-04,0.2617673549721453,-0.1689499986237566,0.24826366881275647,0.019514961470460723,0.019815191646929325
2004-02-04,0.2562631350702205,-0.1899160550338256,0.24846382226373553,-0.0055042199019247895,-0.025019181372385513
2004-05-04,0.2553958034493112,-0.19321979725601826,0.24876627636743726,-0.0008673316209093507,0.004636888281015439
2004-06-04,0.2559295459852554,-0.19118672511928422,0.24901980407201077,0.0005337425359442372,0.0014010741568535878
2004-07-04,0.2562631350702205,-0.1899160550338256,0.24910320134325206,0.0003335890849651135,-0.00020015345097912363
2004-08-04,0.2565967241551857,-0.18864538494836675,0.24907873814368794,0.00033358908496516904,5.551115123125783e-17
2004-04-05,0.2377489408546552,-0.26043824477678545,0.24834150626591497,-0.018847783300530496,-0.019181372385495665
2004-05-05,0.2386162724755646,-0.2571345025545926,0.24769211951384953,0.0008673316209094062,0.019715114921439902
2004-06-05,0.2352470227174167,-0.2699682704177257,0.24694710389076072,-0.0033692497581478964,-0.004236581379057303
2004-07-05,0.2307769289788838,-0.28699524956287287,0.24600082285307626,-0.00447009373853291,-0.0011008439803850134
2004-10-05,0.2269072955932882,-0.30173502255419404,0.24488329941844306,-0.0038696333855955944,0.0006004603529373154
2004-11-05,0.2270740901357708,-0.3010996875114646,0.24436957222759673,0.00016679454248258452,0.004036427928078179
2004-12-05,0.2317109784167862,-0.28343737332358837,0.2439414662352248,0.004636888281015411,0.0044700937385328265
2004-01-06,0.2417186509657404,-0.24531727075982634,0.24389587572694624,0.01000767254895421,0.0053707842679388
2004-02-06,0.2401507822664043,-0.25128942016148226,0.24379135114699046,-0.0015678686993361168,-0.011575541248290327
2004-03-06,0.237148480501718,-0.262725450930611,0.24348222526158947,-0.0030023017646862993,-0.0014344330653501824
2004-04-06,0.2357807652533609,-0.2679351982809919,0.24308970210494713,-0.0013677152483571042,0.001634586516329195
2004-07-06,0.2393168095539914,-0.25446609537512926,0.24275722498359856,0.0035360443006305087,0.004903759548987613
2004-08-06,0.2384828368415786,-0.25764277058877594,0.24245921873436302,-0.0008339727124128116,-0.00437001701304332
2004-09-06,0.234813356906962,-0.27162014152882213,0.24190879674417054,-0.003669479934616582,-0.0028355072222037703
2004-10-06,0.2335457183840945,-0.27644868785356524,0.24157409569558885,-0.0012676385228675147,0.002401841411749067
2004-11-06,0.2334790005671015,-0.27670282187065687,0.24133168762718085,-6.671781699299495e-05,0.0012009207058745197
2004-01-07,0.2401174233579077,-0.2514164871700284,0.2414273164982042,0.006638422790806203,0.006705140607799198
2004-02-07,0.2420855989592021,-0.24391953366582164,0.24155519231410746,0.001968175601294392,-0.004670247189511811
2004-05-07,0.2424191880441672,-0.24264886358036303,0.2415329530417765,0.0003335890849651135,-0.0016345865163292783
2004-06-07,0.2399172699069287,-0.2521788892213034,0.24141397293480557,-0.002501918137238518,-0.0028355072222036315
2004-07-07,0.2433532374820696,-0.23909098734107853,0.24137283028099324,0.003435967575140919,0.005937885712379437
2004-08-07,0.2471561530506722,-0.22460534836684898,0.24148625056988138,0.0038029155686025995,0.0003669479934616804
2004-09-07,0.247923407946092,-0.221682807170294,0.241665276712146,0.0007672548954197889,-0.0030356606731828106
2004-12-07,0.2478233312206025,-0.2220640081959315,0.24185097463610994,-0.0001000767254895063,-0.0008673316209092952
2004-02-08,0.2379157353971378,-0.2598029097340559,0.2410559206502763,-0.009907595823464677,-0.00980751909797517
2004-03-08,0.2375487874036762,-0.26120064682806043,0.24043210906139154,-0.0003669479934616249,0.009540647830003052
2004-04-08,0.2379157353971378,-0.2598029097340559,0.2398494401263191,0.0003669479934616249,0.0007338959869232498
2004-05-08,0.2374820695866831,-0.26145478084515233,0.23923452424636668,-0.0004336658104547031,-0.000800613803916328
2004-06-08,0.2429195716716149,-0.24074285845217497,0.2387897387997465,0.0054375020849317945,0.005871167895386498
2004-09-08,0.2429195716716149,-0.24074285845217497,0.23833383371696076,0.0,-0.0054375020849317945
2004-10-08,0.2432531607565801,-0.23947218836671602,0.23851730771369165,0.0003335890849651968,0.0003335890849651968
2004-11-08,0.239483604096474,-0.2538307603323997,0.23854621876772195,-0.003769556660106088,-0.004103145745071285
2004-12-08,0.239683757547453,-0.25306835828112484,0.23869410992872314,0.00020015345097898485,0.003969710111085073
2004-01-09,0.2486906628415118,-0.21876026597373896,0.23929123439081076,0.009006905294058815,0.00880675184307983
2004-02-09,0.2476565366781199,-0.22269934323866092,0.23998287576030514,-0.0010341261633919074,-0.010041031457450722
2004-03-09,0.244354004736965,-0.23527897708470244,0.24055887291367828,-0.0033025319411549015,-0.002268405777762994
2004-06-09,0.2446542349134337,-0.23413537400778936,0.24099031479689983,0.00030023017646868544,0.003602762117623587
2004-07-09,0.2423191113186777,-0.24303006460600052,0.24101033014199777,-0.002335123594755989,-0.0026353537712246744
2004-08-09,0.2411181906128032,-0.2476044769136519,0.24104257708687774,-0.001200920705874492,0.001134202888881497
2004-09-09,0.2427194182206358,-0.24150526050345025,0.24122827501084165,0.0016012276078326004,0.0028021483137070924
2004-10-09,0.2444874403709511,-0.23477070905051878,0.24151849751476134,0.001768022150315296,0.00016679454248269554
2004-01-10,0.2556626747172833,-0.19220326118765113,0.24206335968687107,0.011175234346332219,0.009407212196016923
2004-04-10,0.2519598358741702,-0.2063076991362433,0.24251259298795746,-0.003702838843113121,-0.01487807318944534
2004-05-10,0.2538612936584715,-0.19906487964912858,0.24314752421300778,0.0019014577843012859,0.005604296627414407
2004-06-10,0.2558961870767589,-0.1913137921278302,0.24389253983609657,0.002034893418287387,0.00013343563398610092
2004-07-10,0.2556626747172833,-0.19220326118765113,0.24463199564110263,-0.0002335123594755517,-0.0022684057777629385
2004-08-10,0.2580978750375288,-0.1829273695638026,0.24523134403042335,0.0024352003202454675,0.0026687126797210192
2004-11-10,0.2580645161290323,-0.18305443657234835,0.24576397460275104,-3.33589084964836e-05,-0.002468559228741951
2004-12-10,0.2533942689395203,-0.2008438177687709,0.24612981063259612,-0.0046702471895120334,-0.00463688828101555
2004-01-11,0.2628348400440338,-0.16488385435028857,0.2468937296371663,0.009440571104513518,0.014110818294025551
2004-02-11,0.259732461553858,-0.17670108614505478,0.24743970377289254,-0.0031023784901758056,-0.012542949594689323
2004-03-11,0.2592654368349068,-0.17848002426469686,0.24784334656570037,-0.00046702471895115893,0.0026353537712246466
2004-04-11,0.2639356840244187,-0.16069064306827496,0.2483770891016446,0.004670247189511867,0.005137271908463026
2004-05-11,0.2642692731093839,-0.1594199729828159,0.248925287164604,0.00033358908496522455,-0.004336658104546642
2004-08-11,0.2648697334623211,-0.15713276682899038,0.2498237537667768,0.0006004603529372043,0.0002668712679719798
2004-09-11,0.2660372952596991,-0.15268542152988485,0.25077337069531086,0.0011675617973779806,0.0005671014444407763
2004-10-11,0.2658705007172166,-0.15332075657261407,0.25170519620598014,-0.000166794542482529,-0.0013343563398605096
2004-11-11,0.2661373719851887,-0.15230422050424694,0.252660372952597,0.00026687126797214633,0.00043366581045467534
2004-12-11,0.2676385228675318,-0.1465862051196828,0.2534843379924609,0.0015011508823430941,0.0012342796143709478
2004-01-12,0.2788471161223605,-0.1038916902482694,0.2546819228074858,0.011208593254828703,0.009707442372485608
2004-02-12,0.2797478066517664,-0.10046088101753078,0.25589841100399197,0.0009006905294058898,-0.010307902725422813
2004-03-12,0.2760449678086533,-0.11456531896612296,0.2571171231277313,-0.003702838843113121,-0.004603529372519011
2004-06-12,0.2789805517563465,-0.10338342221408615,0.2584270162680277,0.002935583947693221,0.006638422790806342
2004-07-12,0.2781465790439337,-0.10656009742773284,0.2594088801414418,-0.0008339727124128116,-0.0037695566601060326
2004-08-12,0.2682056243119725,-0.14442606597440322,0.2600938497292369,-0.009940954731961216,-0.009106982019548404
2004-09-12,0.2683390599459586,-0.14391779794021956,0.26089335156953664,0.00013343563398610092,0.010074390365947317
2004-10-12,0.2662708076191747,-0.1517959524700637,0.2616139039930614,-0.0020682523267838704,-0.0022016879607699713
2005-04-01,0.2621009440571105,-0.16767932853829776,0.26227329841767577,-0.004169863562064224,-0.002101611235280354
2005-05-01,0.2609333822597325,-0.1721266738374033,0.2629338048059068,-0.0011675617973779806,0.0030023017646862438
2005-06-01,0.2598325382793475,-0.1763198851194173,0.26350424214119716,-0.0011008439803850134,6.67178169929672e-05
2005-07-01,0.2583981052139974,-0.18178376648688974,0.2639679309692987,-0.0014344330653500714,-0.000333589084965058
2005-10-01,0.2569303132401508,-0.18737471486290813,0.2640101855867276,-0.0014677919738466105,-3.335890849653911e-05
2005-11-01,0.2578310037695567,-0.1839439056321695,0.2642058911832405,0.0009006905294058898,0.0023684825032525003
2005-12-01,0.2613336891616907,-0.17060186973485272,0.2644549710333478,0.0035026853921339973,0.0026019948627281075
2005-01-02,0.257530773593088,-0.18508750870908258,0.2645094572505588,-0.0038029155686026828,-0.00730560096073668
2005-02-02,0.2579977983120393,-0.18330857058944008,0.2645872947037173,0.00046702471895126996,0.004269940287553953
2005-03-02,0.2545951896453948,-0.1962694054611194,0.26447053852397956,-0.003402608666644491,-0.003869633385595761
2005-04-02,0.2541948827434366,-0.19779420956366997,0.26434155074445964,-0.00040030690195819174,0.0030023017646862993
2005-07-02,0.2531941154885412,-0.20160621982004606,0.26433487896276037,-0.001000767254895396,-0.0006004603529372043
2005-08-02,0.2509924275277713,-0.20999264238407367,0.26394013187888493,-0.002201687960769916,-0.0012009207058745197
2005-09-02,0.2510257864362678,-0.2098655753755279,0.2636499093749653,3.33589084964836e-05,0.0022350468692663994
2005-10-02,0.2539280114754645,-0.19881074563203688,0.2634719951963172,0.0029022250391967375,0.002868866130700254
2005-11-02,0.256163058344731,-0.19029725605946307,0.26321290767366096,0.0022350468692665104,-0.000667178169930227
2005-01-03,0.265903859625713,-0.1531936895640685,0.2632673938908719,0.009740801280981981,0.007505754411715471
2005-02-03,0.2647696567368316,-0.15751396785462787,0.2632640580000222,-0.001134202888881386,-0.010875004169863367
2005-03-03,0.2637355305734397,-0.16145304511954994,0.26318733251048027,-0.0010341261633919352,0.00010007672548945079
2005-04-03,0.265903859625713,-0.1531936895640685,0.26318844447409684,0.002168329052273321,0.0032024552156652564
2005-07-03,0.2656036294492445,-0.15433729264098098,0.263170653056232,-0.0003002301764685189,-0.00246855922874184
2005-08-03,0.2684391366714481,-0.14353659691458207,0.2631973401830292,0.0028355072222036037,0.0031357373986721226
2005-09-03,0.2699402875537913,-0.1378185815300175,0.26290044589741024,0.0015011508823432052,-0.0013343563398603986
2005-10-03,0.2708743369916936,-0.13426070529073333,0.2626046635754078,0.0009340494379023179,-0.0005671014444408873
2005-11-03,0.2727424358674984,-0.12714495281216437,0.2624945791773693,0.0018680988758048023,0.0009340494379024844
2005-01-04,0.2617006371551523,-0.16920413264084833,0.2619185820239962,-0.011041798712346118,-0.01290989758815092
2005-04-04,0.2595323081028789,-0.17746348819632995,0.261298106325961,-0.0021683290522733767,0.008873469660072741
2005-05-04,0.2599993328218301,-0.17568455007668787,0.26102456327628965,0.00046702471895115893,0.0026353537712245356
2005-06-04,0.2607665877172499,-0.1727620088801327,0.2607721475353327,0.0007672548954198444,0.00030023017646868544
2005-07-04,0.262267738599593,-0.16704399349556856,0.2606387119013466,0.0015011508823430941,0.0007338959869232498
2005-08-04,0.2603996397237882,-0.17415974597413753,0.26058200175690255,-0.0018680988758048023,-0.0033692497581478964
2005-11-04,0.2629349167695233,-0.16450265332465108,0.2606487195738955,0.002535277045735085,0.004403375921539887
2005-12-04,0.2618007138806418,-0.16882293161521084,0.260714325427272,-0.001134202888881497,-0.003669479934616582
2005-03-05,0.2622010207826,-0.16729812751266027,0.2608410892795588,0.00040030690195819174,0.0015345097908396887
2005-04-05,0.2628014811355373,-0.16501092135883433,0.2610367948760717,0.0006004603529373154,0.00020015345097912363
2005-05-05,0.2630349934950128,-0.1641214522990136,0.26121026120025354,0.0002335123594754962,-0.00036694799346181917
2005-06-05,0.2603662808152917,-0.17428681298268348,0.26117801425537357,-0.0026687126797211302,-0.0029022250391966264
2005-09-05,0.2605997931747674,-0.1733973439228619,0.2612803149080962,0.00023351235947571825,0.0029022250391968485
2005-10-05,0.2618674316976349,-0.1685687975981189,0.26140930268761603,0.001267638522867487,0.0010341261633917687
2005-11-05,0.2610001000767255,-0.17187253982031156,0.26162279970199376,-0.0008673316209093507,-0.0021349701437768376
2005-12-05,0.2597658204623545,-0.1765740191365088,0.2618084976259577,-0.0012342796143710033,-0.00036694799346165263
2005-01-06,0.253827934749975,-0.19919194665767434,0.26182962493467216,-0.00593788571237952,-0.004703606098008517
2005-02-06,0.2571971845081229,-0.18635817879454122,0.2620364501673505,0.0033692497581478964,0.009307135470527417
2005-03-06,0.2592987957434033,-0.1783529572561511,0.26231221714425507,0.0021016112352804095,-0.001267638522867487
2005-06-06,0.260833305534243,-0.17250787486304076,0.262542393612881,0.0015345097908396887,-0.0005671014444407207
2005-07-06,0.2596657437368649,-0.1769552201621467,0.2626591497926188,-0.0011675617973780916,-0.0027020715882177804
2005-08-06,0.2599659739133336,-0.17581161708523363,0.2624612202688728,0.00030023017646868544,0.001467791973846777
2005-09-06,0.2585982586649765,-0.18102136443561456,0.262255506999811,-0.0013677152483571042,-0.0016679454248257897
2005-10-06,0.258631617573473,-0.18089429742706858,0.26208537656647873,3.335890849653911e-05,0.0014010741568536433
2005-01-07,0.2653367581812724,-0.15535382870934789,0.26206647318499743,0.006705140607799365,0.006671781699302826
2005-04-07,0.2618674316976349,-0.1685687975981189,0.26194193325994375,-0.0034693264836375137,-0.010174467091436878
2005-05-07,0.2594322313773893,-0.17784468922196786,0.2616417030834751,-0.0024352003202455785,0.0010341261633919352
2005-06-07,0.2592654368349068,-0.17848002426469686,0.261285874726179,-0.0001667945424824735,0.002268405777763105
2005-07-07,0.2603996397237882,-0.17415974597413753,0.2609367181505821,0.001134202888881386,0.0013009974313638595
2005-08-07,0.259865897187844,-0.17619281811087154,0.2605075001945937,-0.0005337425359442372,-0.0016679454248256231
2005-11-07,0.259732461553858,-0.17670108614505478,0.2604418943412172,-0.0001334356339859899,0.00040030690195824725
2005-12-07,0.2611001768022151,-0.17149133879467388,0.260494156631195,0.0013677152483571042,0.0015011508823430941
2005-01-08,0.2647029389198386,-0.15776810187171958,0.26065094350112866,0.0036027621176235036,0.0022350468692663994
2005-02-08,0.2642692731093839,-0.1594199729828159,0.26076769968086644,-0.00043366581045467534,-0.004036427928078179
2005-03-08,0.2666711145211329,-0.15027114836751312,0.26091447887825114,0.002401841411748984,0.0028355072222036592
2005-04-08,0.269339827200854,-0.14010578768384346,0.2612124851274867,0.0026687126797210747,0.0002668712679720908
2005-05-08,0.2691063148413784,-0.1409952567436644,0.2614181983965485,-0.0002335123594755517,-0.0029022250391966264
2005-08-08,0.2677385995930214,-0.1462050040940451,0.2616161279202945,-0.0013677152483570487,-0.001134202888881497
2005-09-08,0.2658037829002235,-0.153574890589706,0.2617362199908819,-0.0019348166927978805,-0.0005671014444408318
2005-10-08,0.267972111952497,-0.14531553503422395,0.2619085743514472,0.0021683290522734877,0.004103145745071368
2005-11-08,0.2707742602662041,-0.13464190631637082,0.26216654991048693,0.00280214831370712,0.0006338192614336324
2005-12-08,0.2751109183707509,-0.11812319520540734,0.26265803782900227,0.004336658104546809,0.0015345097908396887
2005-01-09,0.2700070053707843,-0.13756444751292576,0.2629716115688695,-0.005103912999966598,-0.009440571104513407
2005-02-09,0.2726757180505054,-0.12739908682925608,0.2633318877806319,0.0026687126797210747,0.0077726256796876725
2005-05-09,0.2743103045668346,-0.12117280341050826,0.2637755612636355,0.001634586516329195,-0.0010341261633918797
2005-06-09,0.2730426660439671,-0.12600134973525126,0.2642181227830226,-0.001267638522867487,-0.002902225039196682
2005-07-09,0.2736431263969043,-0.12371414358142574,0.26487862917125354,0.0006004603529372043,0.0018680988758046913
2005-08-09,0.2759782499916603,-0.11481945298321447,0.26550466468737144,0.0023351235947560167,0.0017346632418188124
2005-09-09,0.2757780965406812,-0.11558185503448987,0.26605397471394737,-0.00020015345097912363,-0.0025352770457351403
2005-12-09,0.2758448143576743,-0.11532772101739792,0.2665543583413951,6.671781699307822e-05,0.00026687126797220184
2005-03-10,0.2876872268739368,-0.07021893298361283,0.2674884077792975,0.011842412516262502,0.011775694699269423
2005-04-10,0.2885879174033426,-0.0667881237528744,0.2684424725622978,0.0009006905294058343,-0.010941721986856667
2005-05-10,0.285952563632118,-0.07682641742799834,0.2693542827278692,-0.002635353771224591,-0.0035360443006304254
2005-06-10,0.2914901424425393,-0.05573329400938358,0.27044956689017136,0.005537578810421273,0.008172932581645864
2005-07-10,0.2920906027954765,-0.053446087855558044,0.2713413617106449,0.0006004603529372043,-0.004937118457484069
2005-10-10,0.2924241918804417,-0.05217541777009899,0.27235992038340506,0.00033358908496522455,-0.0002668712679719798
2005-11-10,0.2939587016712813,-0.04633033537698908,0.27351080272653483,0.0015345097908395777,0.0012009207058743532
2005-12-10,0.2936918304033092,-0.04734687144535598,0.27465834917881493,-0.0002668712679720908,-0.0018013810588116685
2005-01-11,0.2832838509523969,-0.08699177811166824,0.27542115621976854,-0.010407979450912319,-0.010141108182940228
2005-02-11,0.2841511825733062,-0.08368803588947579,0.2762306657326173,0.0008673316209092952,0.011275311071821614
2005-03-11,0.284851719651733,-0.08101962871001235,0.2770679743358798,0.0007005370784268217,-0.0001667945424824735
2005-04-11,0.2839510291223271,-0.08445043794075097,0.2778296694132168,-0.0009006905294058898,-0.0016012276078327115
2005-07-11,0.281282316442606,-0.09461579862442086,0.2783823153306424,-0.0026687126797211302,-0.0017680221503152405
2005-08-11,0.2846849251092505,-0.08165496375274156,0.2790628370639713,0.003402608666644491,0.006071321346365621
2005-09-11,0.2853187443706843,-0.07924069059036984,0.279684424725623,0.000633819261433799,-0.002768789405210692
2005-10-11,0.288287687226874,-0.06793172682978729,0.2803160200598237,0.0029689428561897047,0.0023351235947559057
2005-11-11,0.2881208926843914,-0.06856706187251671,0.28094983932125744,-0.00016679454248258452,-0.003135737398672289
2005-01-12,0.3101377722920906,0.0152971637677595,0.28236314507789306,0.022016879607699213,0.022183674150181798
2005-02-12,0.3119725122593989,0.02228584923778271,0.28390210272319893,0.0018347399673083187,-0.020182139640390895
2005-05-12,0.3140741234946793,0.030291070776172616,0.28543883644127166,0.002101611235280354,0.0002668712679720353
2005-06-12,0.3131400740567769,0.026733194536888237,0.2868510302342908,-0.0009340494379023734,-0.0030356606731827274
2005-07-12,0.3205791106514995,0.05506913744261793,0.28836663664364903,0.0074390365947226145,0.008373086032624988
2005-08-12,0.3207792641024786,0.05583153949389311,0.29005904526803883,0.00020015345097906811,-0.007238883143743546
2005-09-12,0.3273176101677953,0.08073667316888418,0.29188044167194854,0.006538346065316725,0.006338192614337657
2005-12-12,0.3346565700370284,0.10869141504897639,0.29389198385428833,0.007338959869233108,0.0008006138039163835
2006-03-01,0.3303199119324816,0.09217270393801293,0.29580122538390546,-0.004336658104546809,-0.011675617973779917
2006-04-01,0.3299863228475165,0.09090203385255428,0.2976793319322592,-0.0003335890849651135,0.004003069019581695
2006-05-01,0.3268172265403476,0.07883066804069613,0.29937396448388215,-0.003169096307168884,-0.0028355072222037703
2006-06-01,0.3338225973246156,0.1055147398353297,0.30130878117667986,0.007005370784267995,0.010174467091436878
2006-09-01,0.3379924608866798,0.12139811590356354,0.3033803693943134,0.004169863562064169,-0.002835507222203826
2006-10-01,0.3393268172265404,0.1264807962453987,0.30510168907273355,0.0013343563398606206,-0.0028355072222035482
2006-11-01,0.3399272775794776,0.12876800239922426,0.30681300107860476,0.0006004603529372043,-0.0007338959869234163
2006-12-01,0.3386596390566101,0.12393945607448123,0.3085699035927545,-0.001267638522867487,-0.0018680988758046913
2006-01-02,0.3558394769323148,0.18937896547560593,0.31071488140908027,0.017179837875704707,0.018447476398572193
2006-02-02,0.3584414717950429,0.19929019214218388,0.3129265770423992,0.002601994862728052,-0.014577843012976655
2006-03-02,0.3563398605597625,0.19128497060379399,0.31505709933170983,-0.002101611235280354,-0.004703606098008406
2006-06-02,0.3568402441872103,0.19319097573198224,0.31715315074890754,0.0005003836274477536,0.0026019948627281075
2006-07-02,0.3494679254094807,0.16510916684334426,0.3190123539157799,-0.007372318777729592,-0.007872702405177345
2006-08-02,0.3428295026186744,0.1398228321427155,0.32099720897132245,-0.0066384227908062865,0.0007338959869233053
2006-09-02,0.3505020515728725,0.1690482441082659,0.32320890460464136,0.007672548954198111,0.014310971745004397
2006-10-02,0.3483337225205992,0.1607888885527845,0.3253249713669369,-0.002168329052273321,-0.009840878006471432
2006-01-03,0.3531707642525937,0.17921360479193602,0.3276322958712791,0.004837041731994507,0.007005370784267828
2006-02-03,0.3528371751676286,0.1779429347064774,0.3300174578287799,-0.0003335890849651135,-0.0051706308169596205
2006-03-03,0.3536711478800414,0.18111960992012408,0.3323169985878062,0.0008339727124128116,0.001167561797377925
2006-06-03,0.353837942422524,0.1817549449628535,0.3346009718562009,0.00016679454248258452,-0.000667178169930227
2006-07-03,0.345665009840878,0.1506235278691144,0.3365135492766677,-0.008172932581645975,-0.00833972712412856
2006-08-03,0.3401607899389532,0.12965747145904538,0.3382482125184864,-0.0055042199019247895,0.0026687126797211858
2006-09-03,0.3437301931480803,0.14325364137345412,0.3393679598803527,0.0035694032091270755,0.009073623111051865
2006-10-03,0.333655802782133,0.10487940479260029,0.3400907362311106,-0.010074390365947261,-0.013643793575074337
2006-03-04,0.3683490676185075,0.23702909368030808,0.34189990103523815,0.03469326483637447,0.04476765520232173
2006-04-04,0.3690162457884378,0.23957043385122556,0.3437624400929602,0.0006671781699302826,-0.03402608666644419
2006-05-04,0.3680154785335424,0.23575842359484944,0.3453436523556949,-0.001000767254895396,-0.0016679454248256786
2006-06-04,0.3720185475531241,0.2510064646203543,0.3470516284707165,0.004003069019581695,0.0050038362744770915
2006-07-04,0.3701838075858158,0.2440177791503313,0.3484805017179838,-0.0018347399673082632,-0.0058378089868899585
2006-10-04,0.3751876438602929,0.2630778304322122,0.3498315375120926,0.0050038362744770915,0.006838576241785355
2006-11-04,0.3755212329452581,0.26434850051767106,0.3513382482125185,0.00033358908496516904,-0.004670247189511922
2006-12-04,0.3751876438602929,0.2630778304322122,0.35284495891294443,-0.00033358908496516904,-0.0006671781699303381
2006-02-05,0.4177202521933483,0.4250882663282007,0.3558750597680444,0.04253260833305539,0.04286619741802056
2006-03-05,0.4261266971344698,0.45710915248176076,0.35895186309503957,0.008406444941121527,-0.03412616339193386
2006-04-05,0.4260599793174768,0.456855018464669,0.36188744704273285,-6.67178169930227e-05,-0.00847316275811455
2006-05-05,0.429062281082163,0.46829104923379733,0.3648786291712536,0.0030023017646861883,0.003069019581679211
2006-08-05,0.4273943356573373,0.46193769880650376,0.36779419777384886,-0.0016679454248256786,-0.004670247189511867
2006-09-05,0.4379023918337392,0.5019638064984537,0.3711022895330865,0.010508056176401881,0.01217600160122756
2006-10-05,0.4436734830036362,0.52394639897689,0.3740300897354639,0.005771091169896991,-0.00473696500650489
2006-11-05,0.4540814624545485,0.5635913056432023,0.3772180894241141,0.010407979450912319,0.004636888281015328
2006-12-05,0.4604196550688862,0.5877340372669184,0.38068741590775157,0.006338192614337712,-0.004069786836574607
2006-01-06,0.3937018380758582,0.3336000201751719,0.38191613570403976,-0.06671781699302803,-0.07305600960736575
2006-02-06,0.3985388798078527,0.3520247364143234,0.38355183418398553,0.004837041731994507,0.07155485872502254
2006-05-06,0.4049104313306869,0.3762945350465853,0.3856211984743859,0.006371551522834196,0.0015345097908396887
2006-06-06,0.3950361944157188,0.338682700517007,0.38710566990248085,-0.009874236914968082,-0.016245788437802278
2006-07-06,0.3888647963438637,0.31517530393602033,0.3884567056965897,-0.0061713980718551276,0.0037028388431129544
2006-08-06,0.3863628782066251,0.30564527829507987,0.38956310949505735,-0.0025019181372385457,0.003669479934616582
2006-09-06,0.3876972345464857,0.3107279586369148,0.39072511147435257,0.0013343563398605651,0.003836274477099111
2006-12-06,0.3831604229909598,0.29344684547467614,0.39170808731138324,-0.004536811555525877,-0.005871167895386442
2006-03-07,0.3923341228275012,0.3283902728247914,0.3929912933248824,0.009173699836541371,0.013710511392067248
2006-04-07,0.3917003035660674,0.32597599966241964,0.39452580311572205,-0.000633819261433799,-0.00980751909797517
2006-05-07,0.3923674817359976,0.3285173398333369,0.39626602617562356,0.000667178169930227,0.001300997431364026
2006-06-07,0.3943690162457885,0.33614136034608955,0.3979539869455472,0.002001534509790903,0.0013343563398606761
2006-07-07,0.398038496180405,0.35011873128613535,0.40010007672548953,0.003669479934616471,0.0016679454248255676
2006-10-07,0.3943690162457885,0.33614136034608955,0.40096740834639893,-0.003669479934616471,-0.007338959869232942
2006-11-07,0.3975381125529573,0.3482127261579473,0.4019181372385496,0.0031690963071687728,0.006838576241785244
2006-12-07,0.4103812923241152,0.3971335244481085,0.4033303310315687,0.012843179771157898,0.009674083463989125
2006-01-08,0.4018747706575041,0.3647314372689108,0.4043255384683813,-0.008506521666611089,-0.021349701437768986
2006-02-08,0.4133168762718084,0.4083154212001453,0.4057633074245811,0.01144210561430431,0.0199486272809154
2006-03-08,0.4066450945725056,0.3829020194909706,0.4068118891149882,-0.006671781699302826,-0.018113887313607135
2006-04-08,0.4118824432064583,0.40285153983267263,0.4080239294570282,0.005237348633952699,0.011909130333255524
2006-07-08,0.4102144977816326,0.39649818940537906,0.4091914912544061,-0.0016679454248256786,-0.006905294058778377
2006-08-08,0.4077125796443941,0.3869681637644388,0.408857902169441,-0.00250191813723849,-0.0008339727124128116
2006-09-08,0.4097141141541849,0.394592184277191,0.4083108160700982,0.002001534509790792,0.004503452647029282
2006-10-08,0.4068786069319812,0.3837914885507917,0.4076714369905817,-0.0028355072222037148,-0.004837041731994507
2006-11-08,0.4067118123894986,0.38315615350806226,0.4069264213674929,-0.00016679454248258452,0.0026687126797211302
2006-01-09,0.3910664843046336,0.32356172650004794,0.40571549298906945,-0.015645328084865018,-0.015478533542382433
2006-04-09,0.3948693998732362,0.3380473654742776,0.4042810599237194,0.0038029155686026272,0.019448243653467645
2006-05-09,0.4022083597424692,0.3660021073543694,0.4028988891483471,0.007338959869232997,0.00353604430063037
2006-06-09,0.4006404910431331,0.36002995795271353,0.40111752343463325,-0.0015678686993361168,-0.008906828568569114
2006-07-09,0.3913667144811022,0.3247053295769608,0.39881575874837377,-0.009273776562030878,-0.007705907862694761
2006-08-09,0.383694165526904,0.29547991761140996,0.3984821696634087,-0.007672548954198222,0.001601227607832656
2006-11-09,0.3690162457884378,0.23957043385122556,0.3974980818627615,-0.014677919738466216,-0.007005370784267995
2006-12-09,0.3708176268472496,0.24643205231270301,0.39636165504664694,0.001801381058811835,0.01647930079727805
2006-02-10,0.3774226907295594,0.27159132000478603,0.39577453825710823,0.006605063882309803,0.004803682823497968
2006-03-10,0.3651799713113387,0.22495772786845034,0.3949850440893574,-0.012242719418220693,-0.018847783300530496
2006-04-10,0.3594088801414418,0.20297513539001422,0.3940865774871847,-0.005771091169896936,0.0064716282483237575
2006-05-10,0.3592087266904627,0.20221273333873904,0.39313696055865055,-0.00020015345097906811,0.005570937718917868
2006-06-10,0.3508356406578377,0.17031891419372477,0.39205946781421314,-0.008373086032625043,-0.008172932581645975
2006-09-10,0.3605097241218268,0.20716834667202824,0.390998654524024,0.009674083463989125,0.018047169496614168
2006-10-10,0.3579410881675952,0.19738418701399582,0.38987334734407497,-0.002568635954231624,-0.012242719418220749
2006-11-10,0.3597424692264069,0.20424580547547286,0.38878584692708856,0.001801381058811724,0.004370017013043348
2006-12-10,0.3590085732394836,0.20145033128746365,0.38760716549354507,-0.0007338959869233053,-0.0025352770457350293
2006-01-11,0.3864295960236182,0.3058994123121718,0.38722020215498554,0.027421022784134608,0.028154918771057913
2006-02-11,0.3908663308536545,0.32279932444877274,0.3871034459752477,0.004436734830036315,-0.022984287954098293
2006-03-11,0.3922006871935151,0.3278820047906077,0.3869255317965996,0.0013343563398605651,-0.00310237849017575
2006-06-11,0.3944357340627815,0.33639549436318106,0.3863940131878885,0.0022350468692663994,0.0009006905294058343
2006-07-11,0.3942022217033059,0.33550602530335993,0.3861382615560819,-0.00023351235947560722,-0.0024685592287420066
2006-08-11,0.3925009173699837,0.32902560786752055,0.38544439625935445,-0.0017013043333221622,-0.001467791973846555
2006-09-11,0.3938686326183407,0.3342353552179011,0.38501851419421557,0.0013677152483569932,0.0030690195816791555
2006-10-11,0.3965707042065584,0.34452778291011693,0.3845081228942189,0.0027020715882176694,0.0013343563398606761
2006-01-12,0.4095473196117024,0.39395684923446184,0.38448588362188796,0.012976615405143999,0.01027454381692633
2006-04-12,0.4077125796443941,0.3869681637644388,0.38448588362188796,-0.0018347399673082632,-0.014811355372452262
2006-05-12,0.407645861827401,0.38671402974734664,0.3844169418776618,-6.671781699313373e-05,0.0017680221503151294
2006-06-12,0.4010407979450913,0.3615547620552641,0.3842223482447655,-0.006605063882309692,-0.006538346065316558
2006-07-12,0.3955365780431665,0.34058870564519506,0.3838498404332211,-0.0055042199019247895,0.0011008439803849024
2006-08-12,0.4019748473829936,0.36511263829454826,0.38421345253583306,0.006438269339827107,0.011942489241751897
2006-11-12,0.3948693998732362,0.3380473654742776,0.384213452535833,-0.00710544750975739,-0.013543716849584497
2006-12-12,0.3957033725856491,0.3412240406879245,0.3839966196306058,0.0008339727124128671,0.007939420222170257
2007-02-01,0.4035427160823298,0.37108478769620434,0.3840933604652456,0.007839343496680695,0.007005370784267828
2007-03-01,0.4054441738666312,0.3783276071833195,0.38456260911142987,0.001901457784301397,-0.005937885712379298
2007-04-01,0.3961703973046003,0.3430029788075668,0.3849784835040198,-0.009273776562030878,-0.011175234346332275
2007-05-01,0.3833605764419389,0.29420924752595135,0.38545662785913654,-0.012809820862661414,-0.0035360443006305364
2007-08-01,0.3833605764419389,0.29420924752595135,0.3858747261789594,0.0,0.012809820862661414
2007-09-01,0.3834272942589319,0.2944633815430431,0.3860748796299385,6.67178169930227e-05,6.67178169930227e-05
2007-10-01,0.3826266804550156,0.29141377333794216,0.3866564366013944,-0.000800613803916328,-0.0008673316209093507
2007-11-01,0.3850285218667645,0.3005625979532447,0.38751042465890523,0.0024018414117489284,0.0032024552156652564
2007-12-01,0.3901991526837242,0.32025798427785507,0.3885434388586806,0.005170630816959676,0.0027687894052107476
2007-01-02,0.4171865096574041,0.4230551941914669,0.39075513449199945,0.026987356973679932,0.021816726156720256
2007-02-02,0.407512426193415,0.3862057617131634,0.3923218912277191,-0.009674083463989125,-0.03666144043766906
2007-05-02,0.409980985422157,0.39560872034555794,0.3940565544695378,0.0024685592287420066,0.012142642692731132
2007-06-02,0.4125496213763886,0.40539288000359036,0.39581679287453725,0.002568635954231624,0.00010007672548961732
2007-07-02,0.4128832104613538,0.4066635500890492,0.39761261411526616,0.00033358908496516904,-0.002235046869266455
2007-08-02,0.4143843613436969,0.4123815654736133,0.3985444396259355,0.0015011508823430941,0.001167561797377925
2007-09-02,0.4200553757881042,0.43398295692641153,0.3995174077904171,0.0056710144444073185,0.004169863562064224
2007-12-02,0.4200887346966007,0.4341100239349573,0.40044700937385336,3.33589084964836e-05,-0.005637655535910835
2007-01-03,0.4239917269906929,0.44897686393482467,0.40143220913811706,0.003902992294092189,0.0038696333855957055
2007-02-03,0.4116489308469827,0.4019620707728515,0.40201376610957296,-0.0123427961437102,-0.01624578843780239
2007-05-03,0.401541181572539,0.3634607671834521,0.40231510824965805,-0.01010774927444369,0.0022350468692665104
2007-06-03,0.4062114287620509,0.38125014837987425,0.40272653478778175,0.004670247189511922,0.014777996463955612
2007-07-03,0.4079794509123662,0.3879846998328057,0.403106826344642,0.001768022150315296,-0.0029022250391966264
2007-08-03,0.4132167995463189,0.4079342201745078,0.4032291423424626,0.005237348633952699,0.0034693264836374027
2007-09-03,0.4118824432064583,0.40285153983267263,0.4033681377945314,-0.0013343563398606206,-0.006571704973813319
2007-12-03,0.4088801414417721,0.39141550906354433,0.40340928044834373,-0.0030023017646861883,-0.0016679454248255676
2007-02-04,0.41588551222604,0.4180995808581775,0.40390410425770873,0.007005370784267884,0.010007672548954072
2007-03-04,0.4198885812456217,0.4333476218836823,0.4047158376977905,0.004003069019581695,-0.0030023017646861883
2007-04-04,0.4252260066050639,0.4536783432510219,0.40549087633852626,0.005337425359442205,0.0013343563398605096
2007-05-04,0.4260599793174768,0.456855018464669,0.4065305623200009,0.0008339727124129226,-0.004503452647029282
2007-10-04,0.4286619741802048,0.46676624513124676,0.40762918237315277,0.0026019948627279965,0.001768022150315074
2007-11-04,0.4291957167161491,0.468799317267981,0.4084842823942801,0.0005337425359442927,-0.002068252326783704
2007-12-04,0.4285618974547153,0.46638504410560927,0.4092548731805496,-0.000633819261433799,-0.0011675617973780916
2007-01-05,0.4261266971344698,0.45710915248176076,0.41025341650821184,-0.0024352003202454675,-0.0018013810588116685
2007-02-05,0.4233912666377556,0.4466896577809989,0.4115877728480724,-0.0027354304967142085,-0.00030023017646874095
2007-03-05,0.426527004036428,0.45863395658431133,0.4130266537678888,0.0031357373986724,0.005871167895386609
2007-04-05,0.43626780531741,0.49573752307970587,0.4147880041365047,0.009740801280981981,0.006605063882309581
2007-08-05,0.4332321446442273,0.4841744253020318,0.4164748529428117,-0.003035660673182672,-0.012776461954164653
2007-09-05,0.4323981719318144,0.4809977500883847,0.41805384127831335,-0.0008339727124129226,0.0022016879607697493
2007-10-05,0.4260599793174768,0.456855018464669,0.4192492021661051,-0.006338192614337601,-0.0055042199019246785
2007-11-05,0.4230576775527905,0.4454189876955403,0.41944490776261806,-0.0030023017646862993,0.0033358908496513018
2007-01-06,0.4213897321279648,0.4390656372682467,0.41990748462710303,-0.0016679454248256786,0.0013343563398606206
2007-04-06,0.4244587517096441,0.45075580205446697,0.4203900768366859,0.0030690195816792665,0.004736965006504945
2007-05-06,0.4247256229776162,0.45177233812283385,0.42079594355672684,0.0002668712679720908,-0.0028021483137071757
2007-06-06,0.4235247022717417,0.4471979258151826,0.42115065995040646,-0.0012009207058744642,-0.001467791973846555
2007-07-06,0.4228908830103079,0.44478365265281083,0.42143421067262676,-0.000633819261433799,0.0005671014444406652
2007-08-06,0.4138839777162492,0.41047556034542526,0.42122849740356494,-0.009006905294058731,-0.008373086032624932
2007-11-06,0.4105814457750942,0.39789592649938343,0.4209115877728481,-0.0033025319411549847,0.005704373352903747
2007-12-06,0.4085465523568069,0.3901448389780855,0.4203967486183853,-0.0020348934182872758,0.001267638522867709
2007-02-07,0.413550388631284,0.4092048902599664,0.4204601305445286,0.0050038362744770915,0.007038729692764367
2007-03-07,0.4132167995463189,0.4079342201745078,0.4208493178103213,-0.0003335890849651135,-0.005337425359442205
2007-04-07,0.4131500817293259,0.4076800861574161,0.42108060624256377,-6.67178169930227e-05,0.0002668712679720908
2007-05-07,0.4110484704940454,0.39967486461902574,0.4211829068952865,-0.002101611235280465,-0.0020348934182874423
2007-06-07,0.4095473196117024,0.39395684923446184,0.4210605908974659,-0.0015011508823430386,0.0006004603529374264
2007-09-07,0.4178870467358309,0.4257236013709301,0.42126074434844496,0.008339727124128504,0.009840878006471543
2007-10-07,0.4181872769122995,0.426867204447843,0.4215709821974626,0.00030023017646862993,-0.008039496947659874
2007-11-07,0.4190546085332088,0.4301709466700354,0.42167661874103485,0.0008673316209092952,0.0005671014444406652
2007-12-07,0.4218901157554125,0.44097164239643477,0.42174333655802787,0.0028355072222037148,0.0019681756012944196
2007-01-08,0.4208893485005171,0.43715963214005865,0.4215987812878763,-0.001000767254895396,-0.003836274477099111
2007-02-08,0.4212229375854823,0.4384303022255175,0.4214375465634765,0.00033358908496516904,0.0013343563398605651
2007-03-08,0.4240584448076859,0.4492309979519164,0.42128409558439256,0.0028355072222036037,0.0025019181372384347
2007-06-08,0.4247256229776162,0.45177233812283385,0.42113509245977476,0.0006671781699302826,-0.002168329052273321
2007-07-08,0.4223904993828603,0.442877647524623,0.42092937919071294,-0.0023351235947559057,-0.0030023017646861883
2007-08-08,0.4273943356573373,0.46193769880650376,0.42097163380814184,0.005003836274477036,0.007338959869232942
2007-09-08,0.4187877372652367,0.42915441060166853,0.4208181828290579,-0.008606598392100595,-0.013610434666577631
2007-10-08,0.4227240884678254,0.44414831761008167,0.42069141897677115,0.003936351202588673,0.012542949594689268
2007-03-09,0.4250592120625813,0.4530430082082925,0.42031779920161016,0.0023351235947559057,-0.001601227607832767
2007-04-09,0.4295626647096107,0.4701970543619854,0.4201954832037896,0.004503452647029393,0.0021683290522734877
2007-05-09,0.4305634319645062,0.4740090646183619,0.4201343252048793,0.001000767254895507,-0.0035026853921338863
2007-06-09,0.4358341395069554,0.49408565196860976,0.42046013054452863,0.005270707542449182,0.004269940287553675
2007-07-09,0.4444073789905595,0.5267418731648992,0.4211717872591209,0.008573239483604111,0.003302531941154929
2007-10-09,0.4460753244153852,0.533095223592193,0.42199464033536827,0.0016679454248257342,-0.006905294058778377
2007-11-09,0.4465089902258398,0.534747094703289,0.42272964828590814,0.0004336658104545643,-0.0012342796143711698
2007-12-09,0.4477432698402109,0.5394485740194866,0.42349690318132793,0.0012342796143711143,0.00080061380391655
2007-01-10,0.4720952730426661,0.6322074902579738,0.42511592220702543,0.024352003202455175,0.02311772358808406
2007-02-10,0.4644227240884679,0.6029820782924232,0.4265003169096308,-0.007672548954198166,-0.03202455215665334
2007-03-10,0.4639223404610202,0.6010760731642352,0.4281682623344565,-0.000500383627447698,0.007172165326750468
2007-04-10,0.4607532441538513,0.589004707352377,0.4298406556137484,-0.003169096307168884,-0.0026687126797211858
2007-05-10,0.4684257931080495,0.6182301193179276,0.4318366303054565,0.007672548954198166,0.01084164526136705
2007-08-10,0.4662574640557761,0.609970763762446,0.4335935328196062,-0.0021683290522733767,-0.009840878006471543
2007-09-10,0.4677586149381193,0.6156887791470106,0.4354115933326662,0.0015011508823432052,0.003669479934616582
2007-10-10,0.4712613003302532,0.629030815044327,0.43734863395269713,0.0035026853921338863,0.002001534509790681
2007-11-10,0.4764319311472129,0.6487262013689373,0.439528082641136,0.005170630816959676,0.0016679454248257897
2007-12-10,0.4767655202321781,0.6499968714543964,0.44176868932848523,0.00033358908496522455,-0.004837041731994451
2007-01-11,0.5039530306568369,0.7535564834192827,0.44463755545918543,0.027187510424658834,0.02685392133969361
2007-02-11,0.5081228942189012,0.769439859487517,0.44763540936940543,0.00416986356206428,-0.023017646862594554
2007-05-11,0.5136271141208261,0.7904059158975862,0.45078782622232605,0.005504219901924845,0.0013343563398605651
2007-06-11,0.5254695266370885,0.835514703931371,0.4542404732517153,0.01184241251626239,0.0063381926143375455
2007-07-11,0.5334756646762518,0.8660107859823806,0.45799335045757306,0.00800613803916339,-0.003836274477099
2007-08-11,0.5378790405977917,0.8827836311104358,0.46188188722465007,0.004403375921539832,-0.003602762117623559
2007-09-11,0.5314741301664611,0.8583867654696283,0.4654624100699426,-0.006404910431330624,-0.010808286352870455
2007-12-11,0.5127931414084131,0.7872292406839391,0.46839799401763577,-0.01868098875804791,-0.012276078326717288
2007-03-12,0.4999499616372552,0.7383084423937777,0.4709833094261156,-0.012843179771157953,0.0058378089868899585
2007-04-12,0.5087900723888316,0.7719811996584347,0.4736965006504988,0.008840110751576369,0.021683290522734322
2007-05-12,0.5057877706241453,0.760545168889306,0.4765965017624624,-0.0030023017646862993,-0.011842412516262668
2007-06-12,0.5114587850685526,0.7821465603421042,0.4795543249824866,0.0056710144444073185,0.008673316209093618
2007-07-12,0.5054541815391801,0.7592744988038471,0.48223415729837327,-0.0060046035293724875,-0.011675617973779806
2007-10-12,0.5167962104279948,0.802477281709444,0.48514194215565276,0.011342028888814748,0.017346632418187236
2007-11-12,0.5162958268005472,0.8005712765812562,0.48799968865018745,-0.0005003836274476425,-0.01184241251626239
2007-12-12,0.5197985121926811,0.8139133124785727,0.49079850107304496,0.003502685392133942,0.004003069019581584
2008-02-01,0.5416485972578978,0.8971422030761197,0.49403987501528956,0.021850085065216684,0.018347399673082743
2008-03-01,0.5497214531140542,0.9278924191442209,0.49749474597191184,0.008072855856156358,-0.013777229209060327
2008-04-01,0.5471528171598226,0.9181082594861885,0.5008495402030446,-0.002568635954231624,-0.010641491810387982
2008-07-01,0.5499883243820263,0.9289089552125878,0.5042577086877719,0.0028355072222037148,0.005404143176435339
2008-08-01,0.5594956133035328,0.9651230526481619,0.5071710533631341,0.00950728892150654,0.006671781699302826
2008-09-01,0.5618307368982888,0.9740177432463729,0.5104179871234613,0.002335123594755961,-0.007172165326750579
2008-10-01,0.5666677786302833,0.9924424594855245,0.5138428350624368,0.004837041731994507,0.0025019181372385457
2008-11-01,0.5711712312773127,1.0095965056392175,0.5175234346332188,0.004503452647029449,-0.000333589084965058
2008-01-02,0.5870167128131568,1.069953334698507,0.5214764652900558,0.015845481535844086,0.011342028888814637
2008-04-02,0.5730059712446209,1.0165851911092403,0.5250347488630173,-0.014010741568535878,-0.029856223104379964
2008-05-02,0.5688361076825567,1.000701815041006,0.5284039986211652,-0.00416986356206428,0.009840878006471598
2008-06-02,0.579177369316476,1.0400925876902267,0.5320012009207059,0.010341261633919352,0.014511125195983632
2008-07-02,0.5770090402642026,1.0318332321347452,0.5353537712246055,-0.0021683290522733767,-0.012509590686192729
2008-08-02,0.5880174800680522,1.0737653449548832,0.5390621698858014,0.011008439803849579,0.013176768856122956
2008-11-02,0.5891850418654302,1.0782126902539888,0.5419032369260878,0.0011675617973779806,-0.009840878006471598
2008-12-02,0.5885178636955,1.0756713500830715,0.5445830692419745,-0.000667178169930227,-0.0018347399673082077
2008-03-03,0.636221102845515,1.2573771723036702,0.5486695355327974,0.047703239150015064,0.04837041731994529
2008-04-03,0.6337191847082765,1.24784714666273,0.5522778574685037,-0.0025019181372385457,-0.05020515728725361
2008-05-03,0.6268806084664911,1.2217984099108257,0.555391355594845,-0.00683857624178541,-0.004336658104546864
2008-06-03,0.6282149648063516,1.2268810902526606,0.5584025530684636,0.0013343563398605651,0.008172932581645975
2008-07-03,0.6255462521266305,1.2167157295689908,0.5615382904671359,-0.0026687126797211302,-0.004003069019581695
2008-10-03,0.6233779230743571,1.208456374013509,0.5652244498560007,-0.0021683290522733767,0.0005003836274477536
2008-11-03,0.6238783067018048,1.2103623791416969,0.5693553946914858,0.0005003836274476425,0.0026687126797210192
2008-12-03,0.6275477866364213,1.224339750081743,0.5733139851664055,0.0036694799346165263,0.003169096307168884
2008-01-04,0.5690029022250392,1.0013371500837356,0.5754211562197685,-0.05854488441138206,-0.062214364345998585
2008-02-04,0.5705040531073824,1.0070551654682998,0.5773893318210629,0.0015011508823431496,0.06004603529372521
2008-03-04,0.5748407112119293,1.0235738765792635,0.5797022161434878,0.004336658104546864,0.0028355072222037148
2008-04-04,0.5808453147413017,1.0464459381175206,0.5818371862872648,0.0060046035293724875,0.0016679454248256231
2008-07-04,0.5948560563098376,1.0998140817067874,0.584455860604241,0.014010741568535878,0.00800613803916339
2008-08-04,0.5871835073556394,1.0705886697412366,0.5867020271096731,-0.007672548954198222,-0.0216832905227341
2008-09-04,0.5885178636955,1.0756713500830715,0.5882643359909264,0.0013343563398605651,0.009006905294058787
2008-10-04,0.595856823564733,1.1036260919631635,0.5898021816726157,0.007338959869233053,0.0060046035293724875
2008-11-04,0.5956900290222504,1.102990756920434,0.5914200887346966,-0.00016679454248258452,-0.007505754411715637
2008-01-05,0.5458184608199621,0.913025579144354,0.5912810932826279,-0.04987156820228833,-0.049704773659805745
2008-02-05,0.5461520499049272,0.9142962492298123,0.5908363078360078,0.000333589084965058,0.05020515728725339
2008-06-05,0.5638322714080796,0.9816417637591252,0.5909030256530007,0.017680221503152405,0.017346632418187347
2008-07-05,0.5559929279113989,0.9517810167508453,0.5905471972957046,-0.007839343496680695,-0.0255195649998331
2008-08-05,0.5618307368982888,0.9740177432463729,0.5902358474830705,0.005837808986889903,0.013677152483570598
2008-09-05,0.5611635587283584,0.9714764030754552,0.5893740756802438,-0.0006671781699303381,-0.006504987156820241
2008-12-05,0.5661673950028356,0.9905364543573366,0.5891461231388511,0.0050038362744772025,0.0056710144444075405
2008-02-06,0.5693364913100044,1.0026078201691944,0.5891628025930993,0.0031690963071687728,-0.0018347399673084297
2008-03-06,0.5633318877806319,0.9797357586309373,0.5886346198752378,-0.0060046035293724875,-0.00917369983654126
2008-04-06,0.5661673950028356,0.9905364543573366,0.5882732316998589,0.0028355072222037148,0.008840110751576202
2008-05-06,0.5629982986956668,0.9784650885454784,0.5874392589874461,-0.003169096307168884,-0.0060046035293725986
2008-06-06,0.5708376421923476,1.0083258355537588,0.5868276789983432,0.007839343496680806,0.01100843980384969
2008-09-06,0.5746739166694467,1.0229385415365342,0.5863662140974747,0.003836274477099111,-0.004003069019581695
2008-10-06,0.562497915068219,0.9765590834172901,0.5839087745048983,-0.01217600160122767,-0.01601227607832678
2008-11-06,0.561330353270841,0.9721117381181846,0.5814958134569838,-0.0011675617973779806,0.01100843980384969
2008-12-06,0.5519898588918172,0.9365329757253404,0.5789994551378279,-0.009340494379023845,-0.008172932581645864
2008-01-07,0.6021950161790707,1.1277688235868792,0.5781321235169187,0.0502051572872535,0.059545651666277344
2008-02-07,0.6006938652967275,1.122050808202315,0.5773037106225886,-0.0015011508823431496,-0.05170630816959665
2008-03-07,0.5998598925843147,1.1188741329886682,0.5765197762729205,-0.0008339727124128116,0.0006671781699303381
2008-04-07,0.5980251526170065,1.1118854475186455,0.5756580044700939,-0.0018347399673082077,-0.001000767254895396
2008-07-07,0.5883510691530174,1.075036015040342,0.5743514472206469,-0.009674083463989125,-0.007839343496680917
2008-08-07,0.5911865763752211,1.0858367107667413,0.5750909030256531,0.0028355072222037148,0.01250959068619284
2008-09-07,0.5953564399372854,1.1017200868349757,0.5759193159199831,0.00416986356206428,0.0013343563398605651
2008-10-07,0.6035293725189312,1.1328515039287144,0.5768756046302166,0.008172932581645864,0.004003069019581584
2008-11-07,0.6190412649698103,1.1919376629025453,0.5781488029711669,0.015511892450879028,0.007338959869233164
2008-01-08,0.5855155619308137,1.0642353193139427,0.5778374531585327,-0.0335257030389966,-0.04903759548987563
2008-04-08,0.5810121092837843,1.04708127316025,0.5776317398894709,-0.004503452647029338,0.029022250391967264
2008-05-08,0.5651666277479401,0.98672444410096,0.5768533653578856,-0.015845481535844197,-0.011342028888814859
2008-06-08,0.5634986823231145,0.9803710936736667,0.5757747606498317,-0.0016679454248256231,0.014177536111018574
2008-07-08,0.5581612569636722,0.9600403723063269,0.5745238015812124,-0.0053374253594422605,-0.0036694799346166374
2008-08-08,0.5454848717349969,0.9117549090588951,0.5745126819450469,-0.012676385228675313,-0.007338959869233053
2008-11-08,0.5454848717349969,0.9117549090588951,0.5744904426727158,0.0,0.012676385228675313
2008-12-08,0.5223004303299197,0.8234433381195132,0.5731060479701106,-0.02318444140507725,-0.02318444140507725
2008-01-09,0.525302732094606,0.8348793688886419,0.572083041442884,0.0030023017646862993,0.02618674316976355
2008-02-09,0.5094572505587618,0.7745225398293519,0.5703372585648998,-0.015845481535844197,-0.018847783300530496
2008-03-09,0.5127931414084131,0.7872292406839391,0.5687249113209016,0.0033358908496513573,0.019181372385495554
2008-04-09,0.5142942922907563,0.7929472560685035,0.5669958078971656,0.0015011508823431496,-0.0018347399673082077
2008-05-09,0.5161290322580646,0.7999359415385267,0.5652222259287677,0.0018347399673083187,0.00033358908496516904
2008-08-09,0.5157954431730994,0.7986652714530679,0.5636376777751833,-0.00033358908496516904,-0.0021683290522734877
2008-09-09,0.4982820162124296,0.7319550919664846,0.5613748318155031,-0.01751342696066982,-0.01717983787570465
2008-10-09,0.4942789471928479,0.7167070509409795,0.559084186765409,-0.004003069019581751,0.01351035794108807
2008-11-09,0.4709277112452881,0.6277601449588683,0.5557538557338405,-0.02335123594755978,-0.019348166927978028
2008-12-09,0.4772659038596257,0.6519028765825841,0.5525069219735131,0.006338192614337601,0.02968942856189738
2008-01-10,0.5638322714080796,0.9816417637591252,0.5525514005181751,0.08656636754845387,0.08022817493411627
2008-02-10,0.5451512826500318,0.9104842389734362,0.5520120981641482,-0.0186809887580478,-0.10524735630650167
2008-03-10,0.5291390065717051,0.8494920748714173,0.5512504030868111,-0.01601227607832667,0.0026687126797211302
2008-06-10,0.5608299696433934,0.9702057329899968,0.5498715682022884,0.03169096307168828,0.04770323915001495
2008-07-10,0.5616639423558062,0.9733824082036435,0.5485705707709244,0.0008339727124128116,-0.03085699035927547
2008-08-10,0.5795109584014412,1.0413632577756857,0.5478922729648287,0.01784701604563499,0.017013043333222178
2008-09-10,0.5661673950028356,0.9905364543573366,0.546830347711023,-0.01334356339860554,-0.03119057944424053
2008-10-10,0.5775094238916504,1.0337392372629335,0.5464689595356441,0.011342028888814748,0.024685592287420288
2008-03-11,0.4634219568335724,0.5991700680360467,0.5422101388842558,-0.11408746705807798,-0.12542949594689273
2008-04-11,0.4712613003302532,0.629030815044327,0.5380736342306881,0.007839343496680806,0.12192681055475879
2008-05-11,0.4796010274543817,0.6607975671807953,0.5339426893952031,0.008339727124128504,0.000500383627447698
2008-06-11,0.4801014110818294,0.6627035723089834,0.5293113609322704,0.000500383627447698,-0.007839343496680806
2008-07-11,0.4672582313106715,0.6137827740188221,0.525369449911599,-0.012843179771157898,-0.013343563398605596
2008-10-11,0.479100643826934,0.6588915620526072,0.5219724010630373,0.011842412516262502,0.0246855922874204
2008-11-11,0.4662574640557761,0.609970763762446,0.5186754289399651,-0.012843179771157898,-0.0246855922874204
2008-12-11,0.4602528605264036,0.5870987022241888,0.5152339015467414,-0.006004603529372543,0.006838576241785355
2008-01-12,0.4957800980751911,0.722425066325544,0.5131545295837922,0.035527237548787505,0.04153184107816005
2008-02-12,0.4971144544150516,0.7275077466673788,0.5115421823397939,0.0013343563398605096,-0.034192881208926995
2008-03-12,0.4879407545785102,0.6925643193172636,0.5096240451012444,-0.009173699836541371,-0.010508056176401881
2008-04-12,0.4926110017680222,0.710353700513686,0.5086343974825144,0.004670247189511978,0.01384394702605335
2008-05-12,0.4764319311472129,0.6487262013689373,0.507005370784268,-0.01617907062080931,-0.02084931781032129
2008-08-12,0.4886079327484405,0.695105659488181,0.5063103935239239,0.012176001601227615,0.028355072222036926
2008-09-12,0.4889415218334056,0.6963763295736397,0.5055153395380904,0.0003335890849651135,-0.011842412516262502
2008-10-12,0.5119591686960003,0.7840525654702925,0.5054375020849319,0.02301764686259472,0.022684057777629607
2008-11-12,0.5289722120292225,0.8488567398286879,0.5058656080773037,0.017013043333222178,-0.006004603529372543
2008-12-12,0.5281382393168096,0.8456800646150407,0.5062770346154274,-0.0008339727124129226,-0.0178470160456351
2009-02-01,0.560162791473463,0.9676643928190791,0.5083397271241286,0.03202455215665345,0.032858524869066374
2009-05-01,0.5461520499049272,0.9142962492298123,0.5100688305478646,-0.014010741568535878,-0.04603529372518933
2009-06-01,0.5426493645127932,0.9009542133324958,0.512459552323448,-0.003502685392133942,0.010508056176401936
2009-07-01,0.5428161590552758,0.9015895483752252,0.5146445608299697,0.00016679454248258452,0.0036694799346165263
2009-08-01,0.5476532007872703,0.9200142646143767,0.5141052584759427,0.004837041731994507,0.004670247189511922
2009-09-01,0.541982186342863,0.8984128731615786,0.5139996219323704,-0.0056710144444073185,-0.010508056176401825
2009-12-01,0.5284718284017748,0.8469507347004996,0.5139773826600395,-0.013510357941088236,-0.007839343496680917
2009-02-02,0.5893518364079128,1.078848025296718,0.5149281115521901,0.06088000800613802,0.07439036594722626
2009-03-02,0.5801781365713715,1.0439045979466033,0.5155452513593756,-0.00917369983654126,-0.07005370784267928
2009-04-02,0.5805117256563366,1.0451752680320618,0.5155786102678721,0.000333589084965058,0.009507288921506318
2009-05-02,0.5905193982052908,1.0832953705958237,0.5163903437079539,0.010007672548954183,0.009674083463989125
2009-06-02,0.5858491510157788,1.0655059893994014,0.5166683346120916,-0.004670247189511922,-0.014677919738466105
2009-09-02,0.5738399439570339,1.0197618663228873,0.5203489341828736,-0.012009207058744975,-0.007338959869233053
2009-10-02,0.5836808219635055,1.05724663384392,0.5240962515706487,0.009840878006471598,0.021850085065216573
2009-11-02,0.6025286052640358,1.1290394936723382,0.5281938374976372,0.018847783300530385,0.009006905294058787
2009-12-02,0.6060312906561698,1.1423815295696547,0.5323915001501152,0.003502685392133942,-0.015345097908396443
2009-02-03,0.6020282216365881,1.12713348854415,0.5368838331609791,-0.004003069019581695,-0.007505754411715637
2009-03-03,0.5863495346432266,1.0674119945275897,0.5404587961881887,-0.0156786869933615,-0.011675617973779806
2009-04-03,0.5828468492510925,1.0540699586302729,0.5443451090280327,-0.003502685392134053,0.012176001601227449
2009-05-03,0.5858491510157788,1.0655059893994014,0.5485316520443451,0.0030023017646862993,0.006504987156820352
2009-06-03,0.6011942489241753,1.1239568133305031,0.5520454570726446,0.015345097908396443,0.012342796143710144
2009-09-03,0.5930213163425293,1.0928253962367642,0.5552423524702272,-0.008172932581645975,-0.02351803049004242
2009-10-03,0.5781766020615806,1.0362805774338506,0.5582502140529964,-0.01484471428094869,-0.006671781699302715
2009-11-03,0.57684224572172,1.0311978970920157,0.5610579221847861,-0.0013343563398605651,0.013510357941088125
2009-12-03,0.5940220835974248,1.0966374064931406,0.5649775939331266,0.017179837875704762,0.018514194215565327
2009-01-04,0.5935216999699771,1.0947314013649523,0.5684747195071778,-0.0005003836274477536,-0.017680221503152516
2009-02-04,0.5756746839243421,1.0267505517929103,0.571365824910209,-0.01784701604563499,-0.017346632418187236
2009-03-04,0.5805117256563366,1.0451752680320618,0.5736509101422202,0.004837041731994507,0.022684057777629496
2009-06-04,0.5573272842512593,0.9568636970926798,0.5745960792162882,-0.02318444140507725,-0.028021483137071757
2009-07-04,0.5636654768655971,0.9810064287163961,0.5757803204679145,0.006338192614337768,0.029522634019415017
2009-08-04,0.5638322714080796,0.9816417637591252,0.5759026364657349,0.0001667945424824735,-0.006171398071855294
2009-09-04,0.5641658604930447,0.9829124338445839,0.5765030968186722,0.00033358908496516904,0.00016679454248269554
2009-01-05,0.5668345731727659,0.9930777945282538,0.5773092704406712,0.0026687126797211302,0.002335123594755961
2009-05-05,0.583847616505988,1.0578819688866494,0.5786769856890284,0.017013043333222178,0.014344330653501047
2009-06-05,0.583847616505988,1.0578819688866494,0.5798834662129856,0.0,-0.017013043333222178
2009-07-05,0.5853487673883311,1.0635999842712132,0.5813290189145012,0.0015011508823430386,0.0015011508823430386
2009-08-05,0.5818460819961971,1.0502579483738967,0.583108160700982,-0.003502685392133942,-0.00500383627447698
2009-11-05,0.5858491510157788,1.0655059893994014,0.5829914045212442,0.004003069019581695,0.007505754411715637
2009-12-05,0.5885178636955,1.0756713500830715,0.5832693954253817,0.0026687126797211302,-0.0013343563398605651
2009-01-06,0.6317176501984856,1.2402231261499772,0.5849762595767867,0.043199786502985615,0.040531073823264485
2009-02-06,0.6305500884011076,1.2357757808508716,0.5863106159166472,-0.0011675617973779806,-0.044367348300363596
2009-03-06,0.6283817593488342,1.22751642529539,0.5877283695277492,-0.0021683290522733767,-0.001000767254895396
2009-04-06,0.6243786903292525,1.2122683842698851,0.589412994406823,-0.004003069019581695,-0.0018347399673083187
2009-05-06,0.6185408813423625,1.190031657774357,0.5905749963861183,-0.005837808986890014,-0.0018347399673083187
2009-08-06,0.606364879741135,1.1436521996551137,0.5907028722020217,-0.01217600160122756,-0.0063381926143375455
2009-09-06,0.6145378123227809,1.1747836167488528,0.5909864229242421,0.008172932581645975,0.020348934182873535
2009-10-06,0.6130366614404378,1.1690656013642884,0.5913533709177036,-0.0015011508823431496,-0.009674083463989125
2009-11-06,0.6088667978783735,1.153182225296054,0.5921039463588752,-0.00416986356206428,-0.0026687126797211302
2009-12-06,0.6020282216365881,1.12713348854415,0.5927433254383918,-0.00683857624178541,-0.0026687126797211302
2009-01-07,0.6026953998065184,1.1296748287150675,0.5933048670647498,0.0006671781699303381,0.007505754411715748
2009-02-07,0.5968575908196284,1.1074381022195396,0.5931603117945982,-0.005837808986890014,-0.006504987156820352
2009-03-07,0.5988591253294193,1.115062122732292,0.5933549054274945,0.002001534509790903,0.007839343496680917
2009-06-07,0.5935216999699771,1.0947314013649523,0.5938664086911076,-0.0053374253594422605,-0.007338959869233164
2009-07-07,0.5931881108850119,1.0934607312794935,0.5944112708632174,-0.00033358908496516904,0.0050038362744770915
2009-08-07,0.5891850418654302,1.0782126902539888,0.5942500361388176,-0.004003069019581695,-0.0036694799346165263
2009-09-07,0.585015178303366,1.0623293141857548,0.5939664854165972,-0.004169863562064169,-0.0001667945424824735
2009-10-07,0.5858491510157788,1.0655059893994014,0.5943056343196452,0.0008339727124128116,0.00500383627447698
2009-03-08,0.6170397304600195,1.184313642389793,0.5955232344797678,0.03119057944424064,0.03035660673182783
2009-04-08,0.6175401140874671,1.186219647517981,0.5975303288076415,0.0005003836274476425,-0.030690195816792998
2009-05-08,0.6175401140874671,1.186219647517981,0.5993261500483704,0.0,-0.0005003836274476425
2009-06-08,0.6198752376822231,1.1951143381161922,0.6011942489241753,0.002335123594755961,0.002335123594755961
2009-07-08,0.6145378123227809,1.1747836167488528,0.6028733139851664,-0.0053374253594421495,-0.007672548954198111
2009-10-08,0.6071988524535478,1.1468288748687603,0.6042187899611926,-0.007338959869233164,-0.002001534509791014
2009-11-08,0.6056977015712047,1.1411108594841963,0.6049471261300331,-0.0015011508823430386,0.005837808986890125
2009-12-08,0.6087000033358909,1.1525468902533247,0.6057755390243631,0.0030023017646861883,0.004503452647029227
2009-01-09,0.6138706341528506,1.172242276577935,0.6067262679165139,0.005170630816959676,0.0021683290522734877
2009-02-09,0.6203756213096708,1.1970203432443802,0.6080105858936296,0.006504987156820241,0.0013343563398605651
2009-03-09,0.6325516229108984,1.2433998013636238,0.6095673349568003,0.01217600160122756,0.0056710144444073185
2009-04-09,0.6365546919304801,1.2586478423891287,0.6111685625646329,0.004003069019581695,-0.008172932581645864
2009-07-09,0.6392234046102012,1.2688132030727985,0.6114187543783568,0.0026687126797211302,-0.0013343563398605651
2009-08-09,0.6443940354271609,1.2885085893974089,0.6118802192792253,0.005170630816959676,0.0025019181372385457
2009-09-09,0.6435600627147481,1.2853319141837622,0.6123861627247557,-0.0008339727124128116,-0.0060046035293724875
2009-10-09,0.6377222537278581,1.2630951876882341,0.612830948171376,-0.005837808986890014,-0.0050038362744772025
2009-11-09,0.649397871701638,1.30756864067929,0.6138595145166851,0.011675617973779917,0.01751342696066993
2009-01-10,0.647062748106882,1.2986739500810789,0.6152161101288767,-0.002335123594755961,-0.014010741568535878
2009-02-10,0.6462287753944692,1.2954972748674323,0.6162724755645996,-0.0008339727124128116,0.0015011508823431496
2009-05-10,0.6475631317343298,1.3005799552092672,0.6174233579077294,0.0013343563398605651,0.0021683290522733767
2009-06-10,0.6697468058845115,1.3850795158922726,0.619452691507934,0.022183674150181742,0.020849317810321177
2009-07-10,0.6707475731394069,1.3888915261486485,0.6217433365580278,0.001000767254895396,-0.021182906895286346
2009-08-10,0.6739166694465758,1.4009628919605068,0.6241173788793631,0.003169096307168884,0.0021683290522734877
2009-09-10,0.6782533275511227,1.4174816030714705,0.6268305701037462,0.004336658104546864,0.0011675617973779806
2009-12-10,0.6830903692831172,1.435906319310622,0.6296382782355362,0.004837041731994507,0.0005003836274476425
2009-02-11,0.6852586983353905,1.4441656748661036,0.6326961781810501,0.0021683290522733767,-0.0026687126797211302
2009-03-11,0.6845915201654603,1.4416243346951865,0.6357429584903983,-0.000667178169930227,-0.0028355072222036037
2009-04-11,0.7039396870934383,1.5153231996517924,0.6395681133313319,0.019348166927978028,0.020015345097908255
2009-05-11,0.7032725089235081,1.5127818594808753,0.6435100243520033,-0.000667178169930227,-0.020015345097908255
2009-06-11,0.7084431397404678,1.5324772458054856,0.6475964906428262,0.005170630816959676,0.005837808986889903
2009-09-11,0.7151149214397706,1.5578906475146603,0.6508656636754845,0.006671781699302826,0.0015011508823431496
2009-10-11,0.7116122360476366,1.5445486116173432,0.6540014010741569,-0.003502685392134053,-0.010174467091436878
2009-11-11,0.7207859358841779,1.5794920389674585,0.6574429284673806,0.009173699836541371,0.012676385228675424
2009-12-11,0.7204523467992128,1.5782213688819997,0.6607954987712803,-0.00033358908496516904,-0.00950728892150654
2009-01-12,0.7723254495112921,1.7758105671708329,0.6660550866775641,0.051873102712079344,0.05220669179704451
2009-02-12,0.7856690129098977,1.8266373705891819,0.6720040920261089,0.01334356339860554,-0.038529539313473804
2009-03-12,0.7831670947726591,1.8171073449482413,0.6779197384661575,-0.0025019181372385457,-0.015845481535844086
2009-04-12,0.770824298628949,1.7700925517862685,0.6833238816425928,-0.012342796143710144,-0.009840878006471598
2009-07-12,0.7389665410147781,1.6487435586249595,0.687493745204657,-0.03185775761417087,-0.019514961470460723
2009-08-12,0.7418020482369818,1.6595442543513588,0.6915412927689008,0.0028355072222037148,0.03469326483637458
2009-09-12,0.7379657737598827,1.6449315483685834,0.6950550977972001,-0.003836274477099111,-0.006671781699302826
2009-10-12,0.7296260466357541,1.613164796232115,0.6981574762873759,-0.00833972712412856,-0.004503452647029449
2009-11-12,0.726623744871068,1.6017287654629866,0.7010708209627382,-0.0030023017646861883,0.0053374253594423715
2010-04-01,0.7249557994462422,1.5953754150356927,0.7037562130967076,-0.0016679454248257342,0.001334356339860454
2010-05-01,0.7261233612436202,1.5998227603347983,0.70650832304767,0.0011675617973779806,0.0028355072222037148
2010-06-01,0.7306268138906497,1.6169768064884915,0.709605141719763,0.004503452647029449,0.0033358908496514683
2010-07-01,0.7307936084331321,1.6176121415312203,0.7123183329441461,0.0001667945424824735,-0.004336658104546975
2010-08-01,0.7284584848383762,1.6087174509330093,0.7150315241685292,-0.002335123594755961,-0.0025019181372384347
2010-11-01,0.745971911799046,1.6754276304195928,0.7183562953820152,0.01751342696066982,0.01984855055542578
2010-12-01,0.744804350001668,1.6709802851204871,0.7215976693242597,-0.0011675617973779806,-0.0186809887580478
2010-01-02,0.7016045634986824,1.5064285090535814,0.7226595945780654,-0.043199786502985615,-0.042032224705607635
2010-02-02,0.7179504286619742,1.5686913432410592,0.7242330230954844,0.01634586516329184,0.059545651666277455
2010-03-02,0.7207859358841779,1.5794920389674585,0.7257953319767378,0.0028355072222037148,-0.013510357941088125
2010-04-02,0.699436234446409,1.4981691534980999,0.7265014288732473,-0.02134970143776893,-0.024185208659972646
2010-05-02,0.6825899856556694,1.4340003141824338,0.7264847494189991,-0.016846248790739593,0.004503452647029338
2010-08-02,0.6865930546752511,1.4492483552079385,0.726529227963661,0.004003069019581695,0.02084931781032129
2010-09-02,0.6914300964072456,1.46767307144709,0.726757180505054,0.004837041731994507,0.0008339727124128116
2010-10-02,0.6902625346098676,1.4632257261479846,0.7263012754222682,-0.0011675617973779806,-0.0060046035293724875
2010-11-02,0.6947659872568971,1.4803797723016776,0.7260177247000479,0.004503452647029449,0.0056710144444074295
2010-12-02,0.6986022617339962,1.494992478284453,0.7256896954331656,0.003836274477099111,-0.0006671781699303381
2010-01-03,0.7199519631717651,1.5763153637538119,0.7258509301575653,0.02134970143776893,0.01751342696066982
2010-02-03,0.7282916902958936,1.60808211589028,0.7264069119658405,0.008339727124128449,-0.013009974313640482
2010-03-03,0.7349634719951964,1.6334955175994548,0.7268794965028745,0.006671781699302826,-0.0016679454248256231
2010-04-03,0.7336291156553358,1.6284128372576196,0.727318722131412,-0.0013343563398605651,-0.00800613803916339
2010-05-03,0.733962704740301,1.6296835073430787,0.7260399639723789,0.00033358908496516904,0.0016679454248257342
2010-08-03,0.7277913066684459,1.6061761107620922,0.7241107070976639,-0.006171398071855072,-0.006504987156820241
2010-09-03,0.7211195249691431,1.5807627090529173,0.72204245477088,-0.006671781699302826,-0.0005003836274477536
2010-10-03,0.7242886212763119,1.5928340748647751,0.7204912655257921,0.0031690963071687728,0.009840878006471598
2010-11-03,0.7132801814724623,1.5509019620446372,0.7196350535410482,-0.011008439803849579,-0.014177536111018352
2010-12-03,0.7147813323548055,1.5566199774292016,0.7187343630116423,0.0015011508823431496,0.012509590686192729
2010-01-04,0.7262901557861028,1.6004580953775278,0.7183451757458497,0.011508823431297333,0.010007672548954183
2010-06-04,0.7324615538579579,1.6239654919585143,0.7184396926532565,0.006171398071855072,-0.0053374253594422605
2010-07-04,0.7386329519298129,1.6474728885395007,0.7188399995552146,0.006171398071855072,0.0
2010-08-04,0.7426360209493946,1.6627209295650056,0.7194293402719864,0.004003069019581695,-0.0021683290522733767
2010-09-04,0.7456383227140809,1.6741569603341342,0.7200798389876685,0.0030023017646862993,-0.001000767254895396
2010-12-04,0.7498081862761451,1.6900403364023682,0.720719218067185,0.004169863562064169,0.0011675617973778696
2010-04-05,0.767321613236815,1.7567505158889518,0.7219368182273077,0.01751342696066993,0.013343563398605762
2010-05-05,0.7539780498382094,1.7059237124706024,0.7227874703939688,-0.013343563398605651,-0.030856990359275582
2010-06-05,0.7674884077792976,1.7573858509316813,0.7235046869266438,0.013510357941088236,0.026853921339693887
2010-07-05,0.7788304366681124,1.800588633837278,0.7246388898155253,0.011342028888814748,-0.0021683290522734877
2010-10-05,0.7749941621910132,1.7859759278545027,0.7270852097719364,-0.003836274477099111,-0.015178303365913859
2010-11-05,0.7923407946092005,1.8520507722983566,0.7295648886368439,0.017346632418187236,0.021182906895286346
2010-12-05,0.8023484671581547,1.8901708748621184,0.7322836396793098,0.010007672548954183,-0.007338959869233053
2010-01-06,0.7958434800013344,1.8653928081956732,0.7354972145311407,-0.006504987156820241,-0.016512659705774424
2010-02-06,0.7873369583347234,1.8329907210164755,0.7389887802871091,-0.008506521666611033,-0.002001534509790792
2010-03-06,0.7873369583347234,1.8329907210164755,0.7423469104090916,0.0,0.008506521666611033
2010-04-06,0.7796644093805252,1.8037653090509247,0.7452880541748674,-0.007672548954198222,-0.007672548954198222
2010-07-06,0.7873369583347234,1.8329907210164755,0.7485238682990294,0.007672548954198222,0.015345097908396443
2010-08-06,0.8080194816025621,1.911772266314917,0.7522989847772182,0.020682523267838704,0.013009974313640482
2010-09-06,0.7996797544784335,1.8800055141784486,0.755668234535366,-0.00833972712412856,-0.029022250391967264
2010-10-06,0.7890049037595491,1.8393440714437694,0.7579699992216256,-0.01067485071888441,-0.00233512359475585
2010-11-06,0.7906728491843747,1.845697421871063,0.7600493711845749,0.0016679454248256231,0.012342796143710033
2010-01-07,0.8000133435633987,1.8812761842639074,0.7622177002368483,0.009340494379023956,0.007672548954198333
2010-02-07,0.7783300530406646,1.7986826287090898,0.763707731483026,-0.0216832905227341,-0.031023784901758056
2010-05-07,0.7826667111452115,1.8152013398200535,0.7653311983631897,0.004336658104546864,0.026019948627280964
2010-06-07,0.7739933949361177,1.782163917598126,0.766871267972112,-0.008673316209093729,-0.013009974313640593
2010-07-07,0.7728258331387398,1.7777165722990207,0.7685948115777652,-0.0011675617973779806,0.007505754411715748
2010-08-07,0.7729926276812223,1.77835190734175,0.7702182784579289,0.00016679454248258452,0.0013343563398605651
2010-09-07,0.7831670947726591,1.8171073449482413,0.772547842234602,0.010174467091436767,0.010007672548954183
2010-12-07,0.7809987657203857,1.8088479893927598,0.7747550900134549,-0.0021683290522733767,-0.012342796143710144
2010-02-08,0.769656736831571,1.7656452064871628,0.7762006427149705,-0.011342028888814748,-0.009173699836541371
2010-03-08,0.7689895586616406,1.7631038663162453,0.7774182428750932,-0.0006671781699303381,0.01067485071888441
2010-04-08,0.776995696700804,1.793599948367255,0.7786970010341263,0.00800613803916339,0.008673316209093729
2010-05-08,0.7723254495112921,1.7758105671708329,0.7796866486528562,-0.004670247189511922,-0.012676385228675313
2010-06-08,0.7824999166027289,1.814566004777324,0.7809153684491444,0.010174467091436767,0.01484471428094869
2010-09-08,0.77933082029556,1.802494638965466,0.7818994562497915,-0.003169096307168884,-0.013343563398605651
2010-10-08,0.7723254495112921,1.7758105671708329,0.7820662507922742,-0.007005370784267884,-0.003836274477099
2010-11-08,0.7809987657203857,1.8088479893927598,0.7829669413216801,0.008673316209093618,0.0156786869933615
2010-12-08,0.7860026019948628,1.8279080406746406,0.7835840811288656,0.0050038362744770915,-0.0036694799346165263
2010-01-09,0.8083530706875273,1.913042936400376,0.7845681689295128,0.022350468692664438,0.017346632418187347
2010-02-09,0.8096874270273877,1.9181256167422105,0.7857246110907252,0.001334356339860454,-0.021016112352803984
2010-03-09,0.8043500016679456,1.8977948953748711,0.7861249179926835,-0.0053374253594421495,-0.0066717816993026036
2010-06-09,0.8100210161123529,1.9193962868276693,0.7863806696244899,0.0056710144444073185,0.011008439803849468
2010-07-09,0.8151916469293126,1.9390916731522796,0.7870256085220892,0.005170630816959676,-0.0005003836274476425
2010-08-09,0.8140240851319346,1.9346443278531742,0.7879151794153295,-0.0011675617973779806,-0.006338192614337657
2010-09-09,0.8140240851319346,1.9346443278531742,0.7888047503085699,0.0,0.0011675617973779806
2010-10-09,0.8083530706875273,1.913042936400376,0.7897610390188033,-0.0056710144444073185,-0.0056710144444073185
2010-01-10,0.8548887480401642,2.090301413321869,0.7920127653423182,0.04653567735263697,0.05220669179704429
2010-04-10,0.8530540080728559,2.0833127278518457,0.7935139162246612,-0.0018347399673083187,-0.04837041731994529
2010-05-10,0.8643960369616708,2.126515510757443,0.7956711256407691,0.011342028888814859,0.013176768856123178
2010-06-10,0.8750708876805552,2.167176953492122,0.7985399917714694,0.01067485071888441,-0.0006671781699304491
2010-07-10,0.8740701204256598,2.163364943235746,0.8013199008128455,-0.001000767254895396,-0.011675617973779806
2010-08-10,0.8717349968309038,2.1544702526375348,0.8037106225884291,-0.002335123594755961,-0.0013343563398605651
2010-11-10,0.8784067785302067,2.1798836543467095,0.8070465134380804,0.006671781699302826,0.009006905294058787
2010-12-10,0.8764052440204158,2.172259633833957,0.8101711312005871,-0.002001534509790903,-0.008673316209093729
2010-01-11,0.8804083130399974,2.1875076748594617,0.8137182951373833,0.004003069019581695,0.0060046035293725986
2010-02-11,0.8780731894452415,2.178612984261251,0.8172265403475999,-0.002335123594755961,-0.006338192614337657
2010-03-11,0.874403709510625,2.1646356133212046,0.8206069097419134,-0.0036694799346165263,-0.0013343563398605651
2010-04-11,0.8980885345431499,2.2548531893887747,0.8244376244009298,0.023684825032524892,0.02735430496714142
2010-05-11,0.907762618007139,2.291702621867078,0.8286630861438214,0.009674083463989125,-0.014010741568535767
2010-08-11,0.9030923708176268,2.2739132406706553,0.8331109406100233,-0.0046702471895121445,-0.01434433065350127
2010-09-11,0.924775661340361,2.356506796225473,0.838303810699314,0.02168329052273421,0.026353537712246355
2010-10-11,0.9044267271574876,2.278995921012491,0.8425515117145367,-0.020348934182873424,-0.042032224705607635
2010-11-11,0.9097641525169298,2.2993266423798304,0.8471328018147247,0.0053374253594421495,0.025686359542315573
2010-12-11,0.9030923708176268,2.2739132406706553,0.8511525502885547,-0.006671781699302937,-0.012009207058745086
2010-01-12,0.9010908363078362,2.2662892201579035,0.8552112174889639,-0.002001534509790681,0.0046702471895122555
2010-02-12,0.903425959902592,2.275183910756114,0.8595812345020072,0.00233512359475585,0.004336658104546531
2010-03-12,0.9131000433665812,2.312033343234418,0.863984610423547,0.009674083463989236,0.007338959869233386
2010-06-12,0.920939386863262,2.341894090242698,0.8684825032524937,0.007839343496680806,-0.0018347399673084297
2010-07-12,0.9241084831704308,2.353965456054556,0.8723410170019238,0.0031690963071687728,-0.0046702471895120334
2010-08-12,0.9010908363078362,2.2662892201579035,0.8753877973112721,-0.023017646862594665,-0.026186743169763438
2010-09-12,0.9049271107849352,2.2809019261406784,0.8787403676151718,0.003836274477099,0.026853921339693665
2010-10-12,0.8942522600660507,2.2402404834059992,0.8815480757469617,-0.01067485071888441,-0.01451112519598341
2011-04-01,0.9030923708176268,2.2739132406706553,0.8844780998765721,0.008840110751576091,0.0195149614704605
2011-05-01,0.8894152183340562,2.2218157671668477,0.8869911376499763,-0.013677152483570598,-0.02251726323514669
2011-06-01,0.8897488074190214,2.2230864372523063,0.8895152950595459,0.00033358908496516904,0.014010741568535767
2011-07-01,0.8887480401641259,2.21927442699593,0.8921951273754324,-0.001000767254895507,-0.0013343563398606761
2011-10-01,0.8895820128765388,2.222451102209577,0.8933515695366449,0.0008339727124129226,0.0018347399673084297
2011-11-01,0.8934182873536379,2.2370638081923526,0.894697045512671,0.003836274477099111,0.0030023017646861883
2011-12-01,0.8965873836608067,2.24913517400421,0.8957700904026422,0.0031690963071687728,-0.0006671781699303381
2011-01-02,0.865063215131601,2.12905685092836,0.895436501317677,-0.0315241685292057,-0.03469326483637447
2011-02-02,0.8687326950662175,2.143034221868406,0.895258587139029,0.0036694799346165263,0.035193648463822225
2011-03-02,0.862728091536845,2.1201621603301493,0.8949583569625602,-0.0060046035293724875,-0.009674083463989014
2011-04-02,0.8807419021249626,2.1887783449449207,0.8950361944157188,0.018013810588117574,0.02401841411749006
2011-07-02,0.8757380658504855,2.1697182936630397,0.8950139551433878,-0.0050038362744770915,-0.023017646862594665
2011-08-02,0.8864129165693699,2.210379736397719,0.8952141085943668,0.01067485071888441,0.0156786869933615
2011-09-02,0.8874136838242654,2.2141917466540955,0.895525458407001,0.001000767254895507,-0.009674083463988903
2011-10-02,0.8795743403275846,2.184330999645815,0.8956978127675662,-0.007839343496680806,-0.008840110751576313
2011-11-02,0.8867465056543351,2.211650406483178,0.8953197451379392,0.007172165326750468,0.015011508823431274
2011-01-03,0.9246088667978783,2.355871461182743,0.8958812867642972,0.037862361143543244,0.030690195816792776
2011-02-03,0.9344497448043502,2.3933562287037766,0.8969265325638547,0.00984087800647182,-0.028021483137071423
2011-03-03,0.9251092504253262,2.357777466310932,0.8969376522000201,-0.009340494379023956,-0.019181372385495776
2011-04-03,0.9287787303599429,2.3717548372509785,0.897749385640102,0.0036694799346166374,0.013009974313640593
2011-07-03,0.9357841011442108,2.3984389090456117,0.8986167172610113,0.007005370784267995,0.0033358908496513573
2011-08-03,0.928278346732495,2.3698488321227895,0.899456249791507,-0.007505754411715859,-0.014511125195983854
2011-09-03,0.931447443039664,2.3819201979346483,0.9004681366825679,0.003169096307168995,0.010674850718884854
2011-10-03,0.9196050305234014,2.3368114099008626,0.901007439036595,-0.011842412516262613,-0.015011508823431607
2011-11-03,0.9184374687260234,2.3323640646017574,0.901185353215243,-0.0011675617973779806,0.010674850718884632
2011-01-04,0.9227741268305704,2.3488827757127213,0.9012465112141533,0.004336658104546975,0.005504219901924956
2011-04-04,0.9344497448043502,2.3933562287037766,0.9015912199352839,0.011675617973779806,0.007338959869232831
2011-05-04,0.9331153884644896,2.3882735483619415,0.9026587050071722,-0.0013343563398605651,-0.013009974313640371
2011-06-04,0.9517963772225374,2.4594310731476305,0.9042210138884257,0.0186809887580478,0.020015345097908366
2011-07-04,0.9504620208826768,2.4543483928057954,0.9060946725823131,-0.0013343563398605651,-0.020015345097908366
2011-08-04,0.9571338025819796,2.4797617945149697,0.907896053641125,0.006671781699302715,0.00800613803916328
2011-11-04,0.9561330353270844,2.4759497842585945,0.910119980874226,-0.001000767254895174,-0.007672548954197889
2011-12-04,0.9444574173533044,2.4314763312675383,0.9119436012053687,-0.011675617973780028,-0.010674850718884854
2011-05-05,0.9848216966340864,2.585227411608045,0.9151460564210342,0.04036427928078201,0.05203989725456204
2011-06-05,0.9684758314707944,2.522964577420567,0.9177758503741759,-0.01634586516329195,-0.05671014444407396
2011-09-05,0.9788170931047138,2.562355350069788,0.9206224772325451,0.010341261633919352,0.026687126797211302
2011-10-05,0.986489642058912,2.591580762035339,0.9236192191791486,0.007672548954198222,-0.0026687126797211302
2011-11-05,0.9828201621242952,2.577603391095292,0.9275444507455718,-0.0036694799346167484,-0.01134202888881497
2011-12-05,0.9704773659805852,2.530588597933319,0.9309359397760507,-0.012342796143710033,-0.008673316209093285
2011-01-06,1.0000000000000002,2.6430429004964178,0.9355116700581559,0.029522634019415017,0.04186543016312505
2011-10-06,0.996997698235314,2.6316068697272894,0.9393868632618342,-0.0030023017646861883,-0.032524935784101205
2011-01-07,0.9661407078760385,2.514069886822356,0.942400284662686,-0.030856990359275582,-0.027854688594589394
2011-04-07,0.9741468459152016,2.544565968873365,0.9453247489742137,0.008006138039163169,0.03886312839843875
2011-05-07,0.984154518464156,2.5826860714371276,0.9485494434622102,0.010007672548954405,0.0020015345097912363
2011-06-07,0.9956633418954532,2.6265241893854534,0.9524190768478057,0.011508823431297222,0.0015011508823428166
2011-07-07,0.9958301364379358,2.627159524428183,0.9560551978739258,0.00016679454248258452,-0.011342028888814637
2013-01-05,0.947292924575508,2.4422770269939376,0.95681133313318,-0.048537211862427876,-0.04870400640491046
2013-02-05,0.9569670080394972,2.479126459472241,0.9575619085743516,0.009674083463989236,0.05821129532641711
2013-03-05,0.9569670080394972,2.479126459472241,0.9586238338281573,0.0,-0.009674083463989236
2013-07-05,0.94028755379124,2.415592955199304,0.9590074612758672,-0.01667945424825723,-0.01667945424825723
2013-08-05,0.9561330353270844,2.4759497842585945,0.9596857590819631,0.01584548153584442,0.03252493578410165
2013-09-05,0.9544650899022584,2.4695964338313,0.960558650520955,-0.0016679454248259562,-0.017513426960670375
2013-10-05,0.9284451412749776,2.370484167165519,0.9604585737954655,-0.026019948627280853,-0.024352003202454897
2013-03-06,0.9124328651966508,2.3094920030634998,0.9602195016179071,-0.01601227607832678,0.010007672548954072
2013-04-06,0.91043133068686,2.3018679825507475,0.959952630349935,-0.002001534509790792,0.01401074156853599
2013-05-06,0.9134336324515464,2.313304013319877,0.9596412805373009,0.0030023017646864103,0.0050038362744772025
2013-06-06,0.9107649197718252,2.3031386526362065,0.95885178636955,-0.0026687126797212413,-0.005671014444407652
2013-07-06,0.9014244253928012,2.2675598902433616,0.9577954209338272,-0.009340494379023956,-0.006671781699302715
2013-10-06,0.899589685425493,2.260571204773339,0.9560551978739257,-0.0018347399673082077,0.007505754411715748
2013-11-06,0.8935850818961205,2.2376991432350817,0.9541592999077072,-0.0060046035293724875,-0.00416986356206428
2013-12-06,0.8992560963405278,2.2593005346878803,0.9522300430329921,0.0056710144444073185,0.011675617973779806
2013-01-07,0.8058511525502886,1.903512910759435,0.9472206469404322,-0.09340494379023923,-0.09907595823464654
2013-02-07,0.8123561397071088,1.9282909774258803,0.9428172710188925,0.006504987156820241,0.09990993094705947
2013-03-07,0.8106881942822832,1.921937626998587,0.937012820940499,-0.0016679454248256231,-0.008172932581645864
2013-04-07,0.8118557560796612,1.9263849722976925,0.9317921517607944,0.0011675617973779806,0.0028355072222036037
2013-05-07,0.7858358074523802,1.8272727056319114,0.92535944223905,-0.026019948627280964,-0.027187510424658945
2013-08-07,0.8008473162758115,1.884452859477554,0.9191713647129467,0.015011508823431274,0.04103145745071224
2013-09-07,0.8143576742168998,1.935914997938633,0.9135559484493668,0.013510357941088236,-0.0015011508823430386
2013-10-07,0.8146912633018649,1.9371856680240918,0.9083630783600761,0.00033358908496516904,-0.013176768856123067
2013-11-07,0.834039430229843,2.010884532980698,0.9028310593677376,0.019348166927978028,0.01901457784301286
2013-12-07,0.830536744837709,1.9975424970833813,0.8972823609211509,-0.003502685392133942,-0.02285085232011197
2013-01-08,0.8540547753277514,2.0871247381082223,0.8935461631695412,0.02351803049004242,0.02702071588217636
2013-02-08,0.8502185008506523,2.072512032125447,0.8894152183340562,-0.003836274477099111,-0.02735430496714153
2013-05-08,0.847216199085966,2.061076001356318,0.8848506076881165,-0.0030023017646862993,0.0008339727124128116
2013-06-08,0.8310371284651568,1.9994485022115696,0.87936306724044,-0.016179070620809255,-0.013176768856122956
2013-07-08,0.8323714848050173,2.0045311825534045,0.8739144455193427,0.0013343563398605651,0.01751342696066982
2013-08-08,0.8428795409814192,2.044557290245354,0.8704339993995397,0.010508056176401825,0.00917369983654126
2013-09-08,0.8500517063081697,2.0718766970827174,0.8668701560084955,0.007172165326750579,-0.0033358908496512463
2013-12-08,0.8714014077459387,2.153199582552076,0.8640179693320437,0.02134970143776893,0.014177536111018352
2013-02-09,0.9055942889548656,2.2834432663115964,0.8628615271708312,0.03419288120892694,0.012843179771158009
2013-03-09,0.91043133068686,2.3018679825507475,0.8613381370161569,0.004837041731994396,-0.029355839476932544
2013-04-09,0.9040931380725225,2.2777252509270323,0.8596590719551658,-0.0063381926143375455,-0.011175234346331941
2013-05-09,0.900757247222871,2.2650185500724445,0.8587361421534289,-0.0033358908496514683,0.0030023017646860772
2013-06-09,0.9020916035627315,2.2701012304142796,0.8583914334322983,0.0013343563398605651,0.0046702471895120334
2013-09-09,0.9040931380725225,2.2777252509270323,0.8581801603451537,0.002001534509790903,0.0006671781699303381
2013-10-09,0.882910231177236,2.1970377005004025,0.8571627136360099,-0.021182906895286457,-0.02318444140507736
2013-11-09,0.8865797111118525,2.2110150714404484,0.8563565400140108,0.0036694799346165263,0.024852386829902984
2013-12-09,0.862728091536845,2.1201621603301493,0.8550666622188123,-0.023851619575007477,-0.027521099509624003
2013-01-10,0.8378757047069421,2.0254972389634736,0.853009529528194,-0.024852386829902984,-0.001000767254895507
2013-02-10,0.8482169663408614,2.064888011612694,0.8514972590096852,0.010341261633919352,0.035193648463822336
2013-03-10,0.8547219534976817,2.0896660782791394,0.8500127875815905,0.006504987156820241,-0.003836274477099111
2013-04-10,0.8505520899356174,2.073782702210905,0.851502818827768,-0.00416986356206428,-0.010674850718884521
2013-07-10,0.8597257897721587,2.1087261295610205,0.8530818071632696,0.009173699836541371,0.013343563398605651
2013-08-10,0.8637288587917404,2.1239741705865254,0.854849829313585,0.004003069019581695,-0.005170630816959676
2013-09-10,0.8467158154585183,2.0591699962281296,0.8560118312928802,-0.017013043333222178,-0.021016112352803873
2013-10-10,0.8430463355239017,2.0451926252880837,0.8579188488952643,-0.0036694799346165263,0.013343563398605651
2013-11-10,0.8210294559162026,1.9613283996478077,0.8585915868832773,-0.022016879607699158,-0.01834739967308263
2013-01-11,0.8485505554258266,2.0661586816981528,0.8597313495902416,0.027521099509624003,0.04953797911732316
2013-04-11,0.857724255262368,2.101102109048268,0.8611657826555916,0.009173699836541371,-0.01834739967308263
2013-05-11,0.8488841445107917,2.0674293517836118,0.8616606064649567,-0.008840110751576202,-0.018013810588117574
2013-06-11,0.8567234880074726,2.097290098791892,0.8625334979039486,0.007839343496680806,0.01667945424825701
2013-07-11,0.8488841445107917,2.0674293517836118,0.8623611435433833,-0.007839343496680806,-0.015678686993361612
2013-08-11,0.8343730193148081,2.0121552030661567,0.861832960825522,-0.014511125195983632,-0.006671781699302826
2013-11-11,0.8323714848050173,2.0045311825534045,0.8613381370161569,-0.002001534509790792,0.01250959068619284
2013-12-11,0.8315375120926044,2.0013545073397574,0.8613548164704052,-0.0008339727124129226,0.0011675617973778696
2013-02-12,0.7970110417987124,1.8698401534947786,0.8601761350368616,-0.034526470293892,-0.033692497581479075
2013-03-12,0.7888381092170665,1.83870873640104,0.85837475397805,-0.008172932581645864,0.026353537712246133
2013-04-12,0.7956766854588518,1.8647574731529437,0.8565622532830727,0.006838576241785299,0.015011508823431163
2013-05-12,0.7923407946092005,1.8520507722983566,0.853926899511848,-0.0033358908496513573,-0.010174467091436656
2013-06-12,0.7993461653934685,1.87873484409299,0.8503852953931348,0.007005370784267995,0.010341261633919352
2013-09-12,0.8020148780731896,1.88890020477666,0.8467714136393458,0.0026687126797211302,-0.004336658104546864
2013-10-12,0.8215298395436502,1.9632344047759955,0.8440193036883835,0.019514961470460612,0.016846248790739482
2013-11-12,0.8178603596090337,1.9492570338359496,0.8412560741012556,-0.0036694799346165263,-0.02318444140507714
2013-12-12,0.7941755345765088,1.8590394577683798,0.8376588718017147,-0.023684825032524892,-0.020015345097908366
2014-02-01,0.7940087400340262,1.8584041227256505,0.8339893918670982,-0.00016679454248258452,0.023518030490042308
2014-03-01,0.8003469326483639,1.8825468543493662,0.8312372819161359,0.006338192614337657,0.006504987156820241
2014-06-01,0.8081862761450447,1.9124076013576465,0.8286241674172422,0.007839343496680806,0.0015011508823431496
2014-07-01,0.7956766854588518,1.8647574731529437,0.8263891205479758,-0.01250959068619284,-0.020348934182873646
2014-08-01,0.7913400273543051,1.8482387620419805,0.8248379313028879,-0.004336658104546753,0.008172932581646086
2014-09-01,0.7946759182039564,1.8609454628965676,0.8230532296983244,0.0033358908496513573,0.007672548954198111
2014-10-01,0.8068519198051841,1.9073249210158116,0.8214575619085743,0.01217600160122767,0.008840110751576313
2014-03-02,0.8186943323214465,1.9524337090495962,0.8203956366547689,0.01184241251626239,-0.00033358908496528006
2014-04-02,0.8108549888247658,1.9225729620413163,0.8187666099565224,-0.007839343496680695,-0.019681756012943086
2014-05-02,0.8136904960469694,1.9333736577677154,0.8170986645316967,0.0028355072222036037,0.010674850718884299
2014-06-02,0.81502485238683,1.9384563381095503,0.8160422990959737,0.0013343563398605651,-0.0015011508823430386
2014-07-02,0.8168595923541383,1.9454450235795735,0.8151694076569815,0.0018347399673083187,0.0005003836274477536
2014-10-02,0.8287020048704008,1.9905538116133585,0.8154251592887881,0.011842412516262502,0.010007672548954183
2014-11-02,0.8320378957200522,2.003260512467946,0.8148747372985956,0.0033358908496513573,-0.008506521666611144
2014-12-02,0.8370417319945292,2.0223205637498265,0.8141853198563344,0.0050038362744770915,0.0016679454248257342
2014-03-03,0.8770724221903461,2.174800974004875,0.8151249291123196,0.04003069019581684,0.03502685392133975
2014-04-03,0.8672315441838744,2.137316206483842,0.815475197651533,-0.00984087800647171,-0.04987156820228855
2014-05-03,0.8687326950662175,2.143034221868406,0.8161368160033805,0.0015011508823431496,0.011342028888814859
2014-06-03,0.8742369149681424,2.1640002782784755,0.8174656125251583,0.005504219901924845,0.004003069019581695
2014-07-03,0.8675651332688396,2.138586876569301,0.818638734140619,-0.006671781699302826,-0.01217600160122767
2014-10-03,0.8734029422557295,2.1608236030648285,0.8200342484793899,0.005837808986889903,0.012509590686192729
2014-11-03,0.8749040931380726,2.1665416184493926,0.8226306835240352,0.0015011508823431496,-0.004336658104546753
2014-12-03,0.8880808619941957,2.2167330868250126,0.8259387752832729,0.013176768856123067,0.011675617973779917
2014-01-04,0.8332054575174301,2.007707857767051,0.8271897343518921,-0.05487540447676553,-0.0680521733328886
2014-02-04,0.838709677419355,2.0286739141771206,0.8287353637788973,0.005504219901924845,0.06037962437869038
2014-03-04,0.8333722520599127,2.0083431928097806,0.8298695666677787,-0.0053374253594422605,-0.010841645261367105
2014-04-04,0.8422123628114889,2.042015950074437,0.831209482825722,0.008840110751576202,0.014177536111018463
2014-07-04,0.8433799246088669,2.0464632953735427,0.8319378189945625,0.0011675617973779806,-0.007672548954198222
2014-08-04,0.8503852953931349,2.073147367168176,0.8330219835206993,0.007005370784267995,0.005837808986890014
2014-09-04,0.8452146645761752,2.053451980843566,0.8347232878540215,-0.005170630816959676,-0.01217600160122767
2014-10-04,0.857724255262368,2.101102109048268,0.8368471383616328,0.012509590686192729,0.017680221503152405
2014-11-04,0.8560563098375422,2.0947487586209745,0.8387041176012722,-0.0016679454248257342,-0.014177536111018463
2014-01-05,0.8297027721252962,1.9943658218697347,0.8394213341339473,-0.026353537712246022,-0.024685592287420288
2014-02-05,0.8315375120926044,2.0013545073397574,0.840616695021739,0.0018347399673082077,0.02818827767955423
2014-06-05,0.8482169663408614,2.064888011612694,0.8425125929879577,0.01667945424825701,0.0148447142809488
2014-07-05,0.8413783900990761,2.0388392748607904,0.8440693420511282,-0.006838576241785299,-0.023518030490042308
2014-08-05,0.8353737865697035,2.015967213322533,0.8450200709432789,-0.0060046035293725986,0.0008339727124127005
2014-09-05,0.8382092937919072,2.026767909048932,0.8456705696589608,0.0028355072222037148,0.008840110751576313
2014-12-05,0.8432131300663843,2.045827960330813,0.8467491743670148,0.0050038362744770915,0.0021683290522733767
2014-02-06,0.8088534543149749,1.9149489415285639,0.846587939642615,-0.03435967575140941,-0.039363512025886505
2014-03-06,0.8058511525502886,1.903512910759435,0.8462821496480637,-0.0030023017646862993,0.031357373986723114
2014-04-06,0.8075190979751143,1.9098662611867288,0.8459707998354296,0.0016679454248257342,0.0046702471895120334
2014-05-06,0.8123561397071088,1.9282909774258803,0.8454259376633197,0.004837041731994507,0.0031690963071687728
2014-06-06,0.8090202488574575,1.9155842765712932,0.8446586827679,-0.0033358908496513573,-0.008172932581645864
2014-09-06,0.8130233178770392,1.930832317596798,0.8438580689639836,0.004003069019581695,0.007338959869233053
2014-10-06,0.8170263868966209,1.946080358622303,0.8418565344541927,0.004003069019581695,0.0
2014-11-06,0.8186943323214465,1.9524337090495962,0.840238627392112,0.0016679454248256231,-0.0023351235947560722
2014-12-06,0.821196250458685,1.9619637346905368,0.8386540792385274,0.0025019181372385457,0.0008339727124129226
2014-01-07,0.8623945024518799,2.1188914902446903,0.838259332154652,0.04119825199319482,0.03869633385595628
2014-02-07,0.8617273242819496,2.116350150073773,0.8380647385217556,-0.000667178169930227,-0.04186543016312505
2014-03-07,0.855722720752577,2.0934780885355155,0.8374753978049838,-0.0060046035293725986,-0.0053374253594423715
2014-04-07,0.856890282549955,2.097925433834621,0.8368749374520467,0.0011675617973779806,0.007172165326750579
2014-07-07,0.8527204189878909,2.082042057766387,0.8356962560185032,-0.004169863562064169,-0.0053374253594421495
2014-08-07,0.8593922006871936,2.1074554594755615,0.8365691474574953,0.006671781699302715,0.010841645261366883
2014-09-07,0.8592254061447111,2.1068201244328324,0.8372530050816738,-0.0001667945424824735,-0.006838576241785188
2014-10-07,0.8709010241184909,2.1512935774238877,0.8385039641502932,0.011675617973779806,0.01184241251626228
2014-11-07,0.867398338726357,2.1379515415265713,0.8393434966807887,-0.003502685392133942,-0.015178303365913748
2014-01-08,0.8382092937919072,2.026767909048932,0.8391711423202235,-0.029189044934449737,-0.025686359542315795
2014-04-08,0.8377089101644596,2.0248619039207445,0.8387485961459343,-0.0005003836274476425,0.028688661307002095
2014-05-08,0.8338726356873605,2.010249197937969,0.8383705285163071,-0.003836274477099111,-0.0033358908496514683
2014-06-08,0.848383760883344,2.0655233466554237,0.838059178703673,0.01451112519598352,0.01834739967308263
2014-07-08,0.8475497881709312,2.0623466714417766,0.8377756279814526,-0.0008339727124128116,-0.015345097908396332
2014-08-08,0.8505520899356174,2.073782702210905,0.8384706052417966,0.0030023017646861883,0.003836274477099
2014-11-08,0.8488841445107917,2.0674293517836118,0.8390488263224029,-0.0016679454248256231,-0.004670247189511811
2014-12-08,0.8545551589551991,2.08903074323641,0.8392600994095474,0.0056710144444073185,0.007338959869232942
2014-01-09,0.8350401974847385,2.0146965432370743,0.8390488263224029,-0.019514961470460612,-0.02518597591486793
2014-02-09,0.822030223171098,1.9651404099041838,0.8386040408757827,-0.013009974313640482,0.00650498715682013
2014-03-09,0.8210294559162026,1.9613283996478077,0.8380313796132591,-0.001000767254895396,0.012009207058745086
2014-04-09,0.8250325249357842,1.9765764406733122,0.8374253594422392,0.004003069019581584,0.00500383627447698
2014-05-09,0.8213630450011676,1.9625990697332663,0.8378423457984456,-0.0036694799346165263,-0.007672548954198111
2014-08-09,0.8166927978116557,1.944809688536844,0.8382037339738244,-0.004670247189511922,-0.001000767254895396
2014-09-09,0.8145244687593823,1.9365503329813625,0.8384372463333001,-0.0021683290522733767,0.0025019181372385457
2014-10-09,0.8113553724522135,1.9244789671695042,0.8384038874248035,-0.003169096307168884,-0.001000767254895507
2014-11-09,0.8048503852953932,1.899700900503059,0.8382648919727347,-0.006504987156820241,-0.0033358908496513573
2014-12-09,0.798345398138573,1.8749228338366137,0.8377756279814524,-0.006504987156820241,0.0
2014-01-10,0.7883377255896188,1.8368027312728517,0.8368193392712192,-0.010007672548954183,-0.003502685392133942
2014-02-10,0.78516862928245,1.824731365460994,0.8357018158365859,-0.0031690963071687728,0.00683857624178541
2014-03-10,0.7739933949361177,1.782163917598126,0.834128387319167,-0.011175234346332275,-0.008006138039163502
2014-06-10,0.7744937785635655,1.7840699227263144,0.8311983631895565,0.0005003836274477536,0.011675617973780028
2014-07-10,0.7843346565700371,1.821554690247347,0.8286186075991595,0.009840878006471598,0.009340494379023845
2014-08-10,0.788671314674584,1.8380734013583107,0.826383560729893,0.004336658104546864,-0.005504219901924734
2014-09-10,0.7951763018314042,1.8628514680247559,0.8243264280392747,0.006504987156820241,0.0021683290522733767
2014-10-10,0.7900056710144445,1.8431560817001456,0.8222359364401598,-0.005170630816959676,-0.011675617973779917
2014-03-11,0.7558127898055177,1.7129123979406256,0.8187832894107706,-0.03419288120892683,-0.029022250391967153
2014-04-11,0.7549788170931048,1.7097357227269785,0.8153084031090504,-0.0008339727124129226,0.033358908496513906
2014-05-11,0.7386329519298129,1.6474728885395007,0.8108994673694278,-0.01634586516329184,-0.015511892450878917
2014-06-11,0.7406344864396038,1.6550969090522534,0.806674005626536,0.002001534509790903,0.018347399673082743
2014-07-11,0.7469726790539415,1.6792396406759693,0.8036327851352705,0.006338192614337657,0.004336658104546753
2014-10-11,0.7519765153284186,1.6982996919578501,0.8007750386407358,0.0050038362744770915,-0.0013343563398605651
2014-11-11,0.7483070353938021,1.6843223210178042,0.7979228519642838,-0.0036694799346165263,-0.008673316209093618
2014-12-11,0.7536444607532442,1.7046530423851436,0.7947648752932804,0.0053374253594421495,0.009006905294058676
2014-01-12,0.7733262167661875,1.779622577427209,0.7922907562464557,0.019681756012943308,0.014344330653501158
2014-02-12,0.7739933949361177,1.782163917598126,0.7897387997464723,0.000667178169930227,-0.01901457784301308
2014-03-12,0.780498382092938,1.8069419842645715,0.787459274332544,0.006504987156820241,0.005837808986890014
2014-04-12,0.7833338893151417,1.8177426799909708,0.7850852320112087,0.0028355072222037148,-0.0036694799346165263
2014-05-12,0.7733262167661875,1.779622577427209,0.7830280993205904,-0.010007672548954183,-0.012843179771157898
2014-08-12,0.7726590385962573,1.7770812372562916,0.7813823931680957,-0.000667178169930227,0.009340494379023956
2014-09-12,0.7953430963738868,1.8634868030674854,0.7805261811833517,0.022684057777629496,0.023351235947559723
2014-10-12,0.7966774527137473,1.8685694834093203,0.7795810121092839,0.0013343563398605651,-0.02134970143776893
2014-11-12,0.7881709310471362,1.8361673962301224,0.7784746083108162,-0.008506521666611144,-0.00984087800647171
2014-12-12,0.788671314674584,1.8380734013583107,0.7775405588729138,0.0005003836274477536,0.009006905294058898
2015-02-01,0.7586482970277214,1.7237130936670249,0.7756780198151917,-0.03002301764686255,-0.030523401274310302
2015-05-01,0.7773292857857692,1.7948706184527137,0.7745438169263104,0.0186809887580478,0.04870400640491035
2015-06-01,0.7841678620275546,1.820919355204618,0.773854399484049,0.00683857624178541,-0.01184241251626239
2015-07-01,0.7843346565700371,1.821554690247347,0.7733873747650979,0.0001667945424824735,-0.006671781699302937
2015-08-01,0.7876705474196886,1.8342613911019345,0.7733651354927669,0.0033358908496514683,0.003169096307168995
2015-09-01,0.7891716983020317,1.839979406486499,0.7734985711267529,0.0015011508823431496,-0.0018347399673083187
2015-12-01,0.7950095072889216,1.8622161329820264,0.7741991082051796,0.005837808986889903,0.004336658104546753
2015-02-02,0.8256997031057145,1.9791177808442297,0.7759059723565847,0.030690195816792887,0.024852386829902984
2015-03-02,0.8201954832037897,1.9581517244341606,0.7771013332443764,-0.005504219901924845,-0.03619441571871773
2015-04-02,0.8230309904259934,1.96895242016056,0.7782466557694233,0.0028355072222037148,0.00833972712412856
2015-05-02,0.8168595923541383,1.9454450235795735,0.7789694321201811,-0.006171398071855072,-0.009006905294058787
2015-06-02,0.8046835907529106,1.8990655654603295,0.7794586961114633,-0.01217600160122767,-0.0060046035293725986
2015-09-02,0.803015645328085,1.8927122150330362,0.7810321246288823,-0.0016679454248256231,0.010508056176402047
2015-10-02,0.8003469326483639,1.8825468543493662,0.7825443951473908,-0.0026687126797211302,-0.001000767254895507
2015-11-02,0.7931747673216133,1.8552274475120032,0.7843624556604509,-0.007172165326750579,-0.004503452647029449
2015-12-02,0.7923407946092005,1.8520507722983566,0.7860859992661042,-0.0008339727124128116,0.006338192614337768
2015-02-03,0.7856690129098977,1.8266373705891819,0.7873758770613026,-0.006671781699302826,-0.005837808986890014
2015-03-03,0.7858358074523802,1.8272727056319114,0.7885045201321013,0.00016679454248258452,0.00683857624178541
2015-04-03,0.776995696700804,1.793599948367255,0.7894608088423348,-0.008840110751576202,-0.009006905294058787
2015-05-03,0.7786636421256298,1.7999532987945486,0.7902947815547476,0.0016679454248257342,0.010508056176401936
2015-06-03,0.76115021516496,1.7332431193079654,0.7898889148347067,-0.01751342696066982,-0.019181372385495554
2015-09-03,0.7563131734329653,1.7148184030688134,0.7892995741179349,-0.004837041731994618,0.012676385228675202
2015-10-03,0.7519765153284186,1.6982996919578501,0.7883488452257842,-0.004336658104546753,0.0005003836274478646
2015-11-03,0.7439703772892552,1.6678036099068405,0.7870367281582547,-0.00800613803916339,-0.0036694799346166374
2015-12-03,0.7454715281715983,1.673521625291405,0.7861082385384351,0.0015011508823431496,0.00950728892150654
2015-01-04,0.7753277512759783,1.7872465979399612,0.7861971956277591,0.029856223104379964,0.028355072222036815
2015-02-04,0.7763285185308738,1.7910586081963376,0.7855633763663253,0.001000767254895507,-0.028855455849484457
2015-07-04,0.7846682456550023,1.8228253603328057,0.7851630694643672,0.008339727124128449,0.007338959869232942
2015-08-04,0.7821663275177637,1.8132953346918652,0.7849629160133881,-0.0025019181372385457,-0.010841645261366994
2015-09-04,0.7738599593021317,1.7816556495639426,0.7844692041676397,-0.00830636821563202,-0.005804450078393475
2015-10-04,0.7822330453347567,1.8135494687089568,0.785255362444541,0.008373086032624988,0.01667945424825701
2015-01-05,0.761283650798946,1.7337513873421488,0.7847205079449802,-0.020949394535810684,-0.02932248056843567
2015-05-05,0.7753277512759783,1.7872465979399612,0.7844258375865943,0.014044100477032306,0.03499349501284299
2015-06-05,0.7734930113086701,1.7802579124699383,0.7840644494112153,-0.0018347399673082077,-0.015878840444340514
2015-07-05,0.7686559695766756,1.7618331962307867,0.7834306301497815,-0.004837041731994507,-0.0030023017646862993
2015-08-05,0.7679887914067453,1.7592918560598692,0.7827245332532721,-0.0006671781699303381,0.004169863562064169
2015-11-05,0.7701571204590187,1.7675512116153511,0.781896120358942,0.0021683290522734877,0.002835507222203826
2015-12-05,0.7716582713413618,1.773269226999915,0.7800947393001302,0.0015011508823430386,-0.0006671781699304491
2015-01-06,0.7772625679687762,1.7946164844356223,0.7786636421256297,0.005604296627414462,0.004103145745071424
2015-02-06,0.7725256029622711,1.7765729692221077,0.7769801292101725,-0.004736965006505112,-0.010341261633919574
2015-03-06,0.7706575040864664,1.769457216743539,0.77544005960125,-0.0018680988758047468,0.002868866130700365
2015-04-06,0.7613170097074424,1.7338784543506944,0.7739945068997344,-0.009340494379023956,-0.007472395503219209
2015-05-06,0.7537111785702372,1.704907176402235,0.7723510246744727,-0.0076058311372052545,0.0017346632418187014
2015-08-06,0.7591820395636656,1.7257461658037587,0.7709788615716494,0.005470860993428417,0.013076692130633671
2015-09-06,0.762251059145345,1.7374363305899794,0.7699480712991071,0.0030690195816793775,-0.0024018414117490394
2015-10-06,0.769656736831571,1.7656452064871628,0.7691919360398528,0.00740567768622602,0.004336658104546642
2015-11-06,0.7629849551322682,1.7402318047779881,0.7684358007805986,-0.006671781699302826,-0.014077459385528845
2015-12-06,0.7658538212629683,1.751159567512933,0.7677697345742849,0.002868866130700143,0.009540647830002968
2015-01-07,0.7559795843480003,1.713547732983355,0.767069197495858,-0.009874236914968026,-0.01274310304566817
2015-02-07,0.754144844380692,1.7065590475133319,0.7662519042376935,-0.0018347399673083187,0.008039496947659708
2015-03-07,0.7559462254395037,1.713420665974809,0.7660784379135116,0.0018013810588117796,0.0036361210261200982
2015-06-07,0.7546452280081397,1.7084650526415202,0.7660228397326841,-0.001300997431364026,-0.0031023784901758056
2015-07-07,0.7481402408513195,1.6836869859750747,0.7658949639167808,-0.006504987156820241,-0.005203989725456215
2015-08-07,0.7496413917336626,1.6894050013596391,0.7660839977315944,0.0015011508823431496,0.00800613803916339
2015-09-07,0.7534776662107617,1.7040177073424145,0.7663508689995665,0.003836274477099111,0.002335123594755961
2015-10-07,0.7501751342696068,1.691438073496373,0.7655124484326874,-0.003302531941154929,-0.00713880641825404
2015-03-08,0.705207325616306,1.520151745976536,0.7631417420022018,-0.044967808653300856,-0.04166527671214593
2015-04-08,0.7043733529038931,1.5169750707628893,0.7604652455771649,-0.0008339727124128116,0.044133835940888044
2015-05-08,0.70067051406078,1.502870632814297,0.7577487184619321,-0.0037028388431131765,-0.002868866130700365
2015-06-08,0.7037728925509559,1.5146878646090636,0.7554124829035594,0.0031023784901759166,0.006805217333289093
2015-07-08,0.7062748106881944,1.5242178902500039,0.752880541748674,0.0025019181372385457,-0.0006004603529373709
2015-10-08,0.7086099342829504,1.5331125808482151,0.7511247511981408,0.002335123594755961,-0.00016679454248258452
2015-11-08,0.716115688694666,1.5617026577710365,0.7491510157787639,0.007505754411715637,0.005170630816959676
2015-12-08,0.7232878540214165,1.589022064608399,0.7474775105358553,0.007172165326750468,-0.00033358908496516904
2015-01-09,0.738833105380792,1.648235290590776,0.7464834150626594,0.015545251359375567,0.008373086032625099
2015-02-09,0.7357974447076092,1.6366721928131014,0.7454103701726881,-0.0030356606731828384,-0.018580912032558405
2015-03-09,0.7292924575507891,1.6118941261466564,0.7440482147424137,-0.00650498715682013,-0.0034693264836372917
2015-04-09,0.7227874703939688,1.5871160594802112,0.7424191880441673,-0.006504987156820241,-1.1102230246251565e-16
2015-07-09,0.7236214431063817,1.5902927346938578,0.7406311505487542,0.0008339727124128116,0.007338959869233053
2015-08-09,0.7247222870867667,1.5944859459758718,0.7390377066862374,0.0011008439803850134,0.00026687126797220184
2015-09-09,0.7171831737665544,1.565768802044504,0.7372552290089069,-0.007539113320212287,-0.0086399573005973
2015-10-09,0.7169496614070788,1.564879332984683,0.7357763173988947,-0.0002335123594755517,0.007305600960736736
2015-11-09,0.7107782633352238,1.5413719364036966,0.7343452202243944,-0.006171398071855072,-0.00593788571237952
2015-01-10,0.7232878540214165,1.589022064608399,0.7331487473729862,0.012509590686192729,0.0186809887580478
2015-02-10,0.7377989792174001,1.644296213325854,0.7323336780420546,0.014511125195983632,0.002001534509790903
2015-05-10,0.7371318010474698,1.6417548731549363,0.7312495135159178,-0.0006671781699303381,-0.01517830336591397
2015-06-10,0.7423024318644295,1.6614502594795466,0.7305600960736566,0.005170630816959676,0.005837808986890014
2015-07-10,0.7403676151716316,1.654080372983886,0.7297105558706121,-0.001934816692797825,-0.007105447509757501
2015-08-10,0.7372985955899524,1.6423902081976658,0.7290878562453437,-0.0030690195816792665,-0.0011342028888814415
2015-09-10,0.7450045034526471,1.6717426871717624,0.7287831782144089,0.007705907862694761,0.010774927444374027
2015-12-10,0.7539113320212164,1.7056695784535107,0.7287153484337993,0.00890682856856928,0.0012009207058745197
2015-02-11,0.7332955265703707,1.6271421671721609,0.7280036917192071,-0.020615805450845737,-0.029522634019415017
2015-03-11,0.7260232845181306,1.5994415593091604,0.7272664598414341,-0.0072722420522400855,0.013343563398605651
2015-04-11,0.7204189878907163,1.5780943018734541,0.7262923797133358,-0.00560429662741424,0.0016679454248258452
2015-05-11,0.7148146912633019,1.556747044437747,0.7250036138817538,-0.005604296627414462,-2.220446049250313e-16
2015-06-11,0.7032057911065152,1.5125277254637837,0.7234379691096507,-0.011608900156786728,-0.0060046035293722655
2015-09-11,0.7036728158254663,1.5143066635834255,0.7233868187832896,0.0004670247189511034,0.012075924875737831
2015-10-11,0.7020048704006405,1.5079533131561318,0.7233078693665145,-0.0016679454248257342,-0.0021349701437768376
2015-11-11,0.7012042565967244,1.5049037049510314,0.7233256607843792,-0.0008006138039161614,0.0008673316209095727
2015-12-11,0.7022050238516198,1.5087157152074075,0.7232733984944013,0.001000767254895396,0.0018013810588115575
2015-01-12,0.6875271041131535,1.4528062314472232,0.7226484749419001,-0.014677919738466216,-0.015678686993361612
2015-02-12,0.6808553224138508,1.427392829738049,0.7217233212129301,-0.006671781699302715,0.008006138039163502
2015-03-12,0.6808886813223473,1.4275198967465943,0.7205490876338527,3.3358908496428086e-05,0.006705140607799143
2015-04-12,0.6967675217666879,1.4880037928144298,0.7196650765586952,0.015878840444340625,0.015845481535844197
2015-07-12,0.6944657570804283,1.4792361692247644,0.7181861649486829,-0.002301764686259533,-0.018180605130600158
2015-08-12,0.6919971978516863,1.46983321059237,0.7167261567201523,-0.0024685592287420066,-0.0001667945424824735
2015-09-12,0.6979350835640659,1.4924511381135355,0.7156809109205948,0.00593788571237952,0.008406444941121527
2015-10-12,0.691263301864763,1.4670377364043607,0.7146301053029546,-0.006671781699302826,-0.012609667411682346
2015-11-12,0.6922640691196585,1.4708497466607373,0.7135848595033971,0.001000767254895507,0.007672548954198333
2016-04-01,0.6987690562764788,1.4956278133271825,0.7127197518097208,0.006504987156820241,0.005504219901924734
2016-05-01,0.6952663708843447,1.4822857774298654,0.7119891917136472,-0.003502685392134053,-0.010007672548954294
2016-06-01,0.7048737365313409,1.5188810758910776,0.711586660884456,0.009607365646996158,0.01311005103913021
2016-07-01,0.7148480501717984,1.556874111446293,0.7117223204456751,0.009974313640457533,0.0003669479934613751
2016-08-01,0.7118457484071121,1.5454380806771641,0.7113409169251983,-0.0030023017646862993,-0.012976615405143832
2016-11-01,0.7111118524201889,1.5426426064891554,0.7104513460319579,-0.0007338959869231942,0.002268405777763105
2016-12-01,0.7008706675117592,1.5036330348655726,0.7092426415807676,-0.010241184908429735,-0.00950728892150654
2016-01-02,0.7282916902958936,1.60808211589028,0.7087756168618163,0.027421022784134386,0.03766220769256412
2016-02-02,0.7296260466357541,1.613164796232115,0.7084175645772871,0.0013343563398605651,-0.02608666644427382
2016-03-02,0.7319611702305101,1.622059486830326,0.708239650398639,0.002335123594755961,0.001000767254895396
2016-04-02,0.7482069586683124,1.6839411199921663,0.7083463989058278,0.016245788437802333,0.013910664843046372
2016-05-02,0.7442038896487307,1.6686930789666614,0.7080228174934118,-0.004003069019581695,-0.02024885745738403
2016-08-02,0.7728258331387398,1.7777165722990207,0.709340494379024,0.028621943490009016,0.03262501250959071
2016-09-02,0.7713246822563967,1.7719985569144567,0.7108505409702995,-0.0015011508823430386,-0.030123094372352055
2016-10-02,0.7706575040864664,1.769457216743539,0.7125251581768245,-0.0006671781699303381,0.0008339727124127005
2016-11-02,0.8046835907529106,1.8990655654603295,0.7155207881598115,0.034026086666444244,0.03469326483637458
2016-12-02,0.8038496180404978,1.8958888902466828,0.7188755823909443,-0.0008339727124128116,-0.034860059378857056
2016-01-03,0.8016812889882244,1.8876295346912013,0.7221425314963695,-0.0021683290522733767,-0.0013343563398605651
2016-02-03,0.8034826700470362,1.8944911531526785,0.725525124817916,0.0018013810588117796,0.003969710111085156
2016-03-03,0.8108549888247658,1.9225729620413163,0.7291801492255173,0.007372318777729592,0.005570937718917812
2016-04-03,0.8290355939553659,1.991824481698817,0.7334078348956423,0.018180605130600047,0.010808286352870455
2016-07-03,0.8226306835240352,1.9674276160580095,0.7379112875426717,-0.006404910431330624,-0.02458551556193067
2016-08-03,0.822030223171098,1.9651404099041838,0.7426171175679133,-0.0006004603529372599,0.005804450078393364
2016-09-03,0.8082863528705343,1.9127888023832844,0.7468637066195195,-0.013743870300563676,-0.013143409947626417
2016-10-03,0.8216966340861328,1.963869739818725,0.7510280103635009,0.013410281215598507,0.027154151516162184
2016-11-03,0.8205290722887548,1.9594223945196194,0.7552301208704453,-0.0011675617973779806,-0.014577843012976488
2016-01-04,0.786402908896821,1.829432844777191,0.758376977905283,-0.03412616339193386,-0.03295860159455588
2016-04-04,0.7905060546418923,1.8450620868283338,0.7614626769412106,0.004103145745071313,0.038229309137005174
2016-05-04,0.7981786035960905,1.8742874987938847,0.7650265203322548,0.007672548954198222,0.003569403209126909
2016-06-04,0.7916068986222773,1.8492552981103478,0.7683379479823421,-0.006571704973813208,-0.01424425392801143
2016-07-04,0.8054174867398339,1.9018610396483386,0.771892895664454,0.013810588117556644,0.020382293091369852
2016-08-04,0.8036828234980152,1.8952535552039533,0.775506777418243,-0.0017346632418187014,-0.015545251359375345
2016-11-04,0.813857290589452,1.9340089928104447,0.7791395625535134,0.010174467091436767,0.011909130333255469
2016-12-04,0.8137572138639624,1.9336277917848068,0.7824365346765856,-0.00010007672548961732,-0.010274543816926385
2016-03-05,0.8400440337592155,2.0337565945189553,0.7867098108549889,0.026286819895253166,0.026386896620742784
2016-04-05,0.8327050738899824,2.005801852638863,0.7907629182373154,-0.007338959869233164,-0.03362577976448633
2016-05-05,0.8308703339226742,1.9988131671688403,0.7950962404510126,-0.0018347399673082077,0.005504219901924956
2016-06-05,0.8367081429095641,2.021049893664368,0.7987101222048015,0.005837808986889903,0.007672548954198111
2016-09-05,0.82086266137372,1.9606930646050784,0.8017513426960671,-0.015845481535844086,-0.02168329052273399
2016-10-05,0.8192280748573908,1.9544667811863305,0.8046602395169632,-0.001634586516329195,0.014210895019514891
2016-11-05,0.8286019281449112,1.9901726105877207,0.8073400718328497,0.009373853287520384,0.011008439803849579
2016-12-05,0.8302031557527438,1.9962718269979225,0.8102067140363168,0.001601227607832656,-0.007772625679687728
2016-01-06,0.7870033692497582,1.8317200509310168,0.8106792985733507,-0.043199786502985615,-0.04480101411081827
2016-02-06,0.7856022950929047,1.8263832365720902,0.8111552190012344,-0.0014010741568535323,0.04179871234613208
2016-03-06,0.8043500016679456,1.8977948953748711,0.8122783022539505,0.01874770657504088,0.02014878073189441
2016-06-06,0.8066851252627015,1.9066895859730821,0.8123450200709433,0.002335123594755961,-0.016412582980284918
2016-07-06,0.8046835907529106,1.8990655654603295,0.8123728191613572,-0.002001534509790903,-0.004336658104546864
2016-08-06,0.8193615104913768,1.954975049220514,0.8129621598781289,0.014677919738466216,0.01667945424825712
2016-09-06,0.8199619708443141,1.9572622553743397,0.8135114699047049,0.0006004603529372599,-0.014077459385528956
2016-10-06,0.8277012376155053,1.986741801356982,0.8140730115310628,0.007739266771191189,0.007138806418253929
2016-01-07,0.8707342295760084,2.1506582423811587,0.8154629660517508,0.04303299196050314,0.03529372518931195
2016-04-07,0.8779063949027589,2.1779776492185214,0.8173054897643749,0.007172165326750468,-0.035860826633752674
2016-05-07,0.8779063949027589,2.1779776492185214,0.8191680288220969,0.0,-0.007172165326750468
2016-06-07,0.8882476565366783,2.217368421867742,0.8218334056109685,0.010341261633919352,0.010341261633919352
2016-07-07,0.8818761050138441,2.19309862323548,0.8238393879752256,-0.006371551522834196,-0.016712813156753548
2016-08-07,0.8802415184975149,2.1868723398167322,0.8258298028488509,-0.001634586516329195,0.004736965006505001
2016-11-07,0.8821429762818161,2.194115159303847,0.8290211384283507,0.0019014577843012859,0.003536044300630481
2016-12-07,0.8723354571838411,2.1567574587913607,0.831748785179749,-0.00980751909797506,-0.011708976882276345
2016-01-08,0.8771724989158356,2.1751821750305123,0.8343819150237406,0.004837041731994507,0.014644560829969566
2016-02-08,0.8865797111118525,2.2110150714404484,0.8375476754400598,0.009407212196016923,0.004570170464022416
2016-03-08,0.8833438969876908,2.198689571611499,0.8401452224483216,-0.00323581412416174,-0.012643026320178663
2016-04-08,0.8859125329419223,2.208473731269531,0.8428862127631186,0.002568635954231513,0.005804450078393253
2016-05-08,0.8710011008439805,2.1516747784495256,0.8447910064382694,-0.014911432097941768,-0.01748006805217328
2016-08-08,0.8685992594322315,2.1425259538342227,0.8466190746238784,-0.0024018414117490394,0.012509590686192729
2016-09-08,0.8714014077459387,2.153199582552076,0.8476643204234358,0.0028021483137071757,0.005203989725456215
2016-10-08,0.8758715014844716,2.1702265616972234,0.8491032013432521,0.00447009373853291,0.0016679454248257342
2016-11-08,0.8807419021249626,2.1887783449449207,0.8507655869499952,0.004870400640491046,0.00040030690195813623
2016-12-08,0.8788738032491579,2.1816625924663517,0.8521711089613149,-0.0018680988758047468,-0.006738499516295793
2016-01-09,0.8503852953931349,2.073147367168176,0.853155196761962,-0.02848850785602297,-0.026620408980218224
2016-02-09,0.8605264035760751,2.1117757377661217,0.8545318077192515,0.010141108182940228,0.0386296160389632
2016-05-09,0.86162724755646,2.1159689490481353,0.8556326516996365,0.0011008439803849024,-0.009040264202555326
2016-06-09,0.8688994896087001,2.1436695569111355,0.856922529494835,0.0072722420522400855,0.006171398071855183
2016-07-09,0.8763051672949261,2.171878432808319,0.8598992560963407,0.00740567768622602,0.0001334356339859344
2016-08-09,0.8730026353537714,2.1592987989622783,0.8628126007717029,-0.003302531941154707,-0.010708209627380727
2016-09-09,0.8646295493211462,2.1274049798172636,0.8648219190268095,-0.00837308603262521,-0.005070554091470503
2016-12-09,0.860459685759082,2.1115216037490296,0.8666144043766889,-0.004169863562064169,0.004203222470561041
2016-03-10,0.8529205724388699,2.082804459817662,0.8682223037662209,-0.007539113320212176,-0.0033692497581480074
2016-04-10,0.8329052273409615,2.0065642546901383,0.8686737609945403,-0.020015345097908366,-0.01247623177769619
2016-05-10,0.8236314507789306,1.9712396263143857,0.8687960769923609,-0.009273776562030878,0.010741568535877488
2016-06-10,0.8136904960469694,1.9333736577677154,0.8683290522734097,-0.009940954731961216,-0.0006671781699303381
2016-07-10,0.8165260032691731,1.9441743534941147,0.8665221113965152,0.0028355072222037148,0.01277646195416493
2016-10-10,0.8170263868966209,1.946080358622303,0.8644927777963107,0.0005003836274477536,-0.002335123594755961
2016-11-10,0.8129899589685426,1.930705250588252,0.8623288965985034,-0.0040364279280782345,-0.004536811555525988
2016-12-10,0.81502485238683,1.9384563381095503,0.859888136460175,0.0020348934182873313,0.006071321346365566
2016-01-11,0.8363411949161025,2.0196521565703636,0.8583703061235838,0.021316342529272503,0.01928144911098517
2016-02-11,0.8465490209160358,2.0585346611854005,0.8572472228708677,0.010207825999933307,-0.011108516529339196
2016-03-11,0.8447142809487275,2.0515459757153773,0.8559995996930981,-0.0018347399673083187,-0.012042565967241625
2016-04-11,0.845915201654602,2.056120388023029,0.8551189245087902,0.0012009207058745197,0.0030356606731828384
2016-07-11,0.8327384327984789,2.005928919647409,0.853637788971545,-0.013176768856123067,-0.014377689561997586
2016-08-11,0.8322714080795277,2.0041499815277666,0.8518275122038008,-0.00046702471895121445,0.012709744137171852
2016-09-11,0.831637588818094,2.0017357083653953,0.8501039685981476,-0.0006338192614336879,-0.0001667945424824735
2016-10-11,0.8223638122560631,1.9664110799896426,0.847985677908619,-0.009273776562030878,-0.00863995730059719
2016-11-11,0.8016479300797279,1.8875024676826553,0.8456739055498106,-0.020715882176335243,-0.011442105614304365
2016-01-12,0.751876438602929,1.6979184909322123,0.8417831448555005,-0.049771491476798935,-0.02905560930046369
2016-02-12,0.7596490642826168,1.727525103923401,0.8380580667400565,0.007772625679687839,0.057544117156486774
2016-05-12,0.7521099509624046,1.6988079599920336,0.8339326817226542,-0.007539113320212176,-0.015311738999900015
2016-06-12,0.7589818861126865,1.7249837637524834,0.829874014522245,0.006871935150281838,0.014411048470494014
2016-07-12,0.7624178536878276,1.7380716656327089,0.8259921495368673,0.0034359675751410856,-0.0034359675751407526
2016-08-12,0.7580144777662876,1.721298820504653,0.822913122282639,-0.004403375921539943,-0.007839343496681028
2016-09-12,0.753044000400307,1.7023658362313179,0.8193303755101133,-0.004970477365980663,-0.0005671014444407207
2016-12-12,0.7480401641258299,1.6833057849494368,0.8155441393957591,-0.0050038362744770915,-3.3358908496428086e-05
2017-03-01,0.7446375554591855,1.670344950077758,0.8114020749241085,-0.0034026086666443245,0.001601227607832767
2017-04-01,0.7534776662107617,1.7040177073424145,0.8073078248879698,0.008840110751576202,0.012242719418220527
2017-05-01,0.7617840344263938,1.7356573924703371,0.8036005381903906,0.00830636821563202,-0.0005337425359441816
2017-06-01,0.7612169329819529,1.7334972533250568,0.8001534509790841,-0.0005671014444408318,-0.008873469660072852
2017-09-01,0.7629849551322682,1.7402318047779881,0.7969042932915237,0.0017680221503152405,0.0023351235947560722
2017-10-01,0.7703239150015012,1.7681865466580802,0.7941510713769447,0.007338959869233053,0.005570937718917812
2017-11-01,0.7630183140407647,1.7403588717865341,0.7918215076002715,-0.0073056009607365135,-0.014644560829969566
2017-12-01,0.7806985355439171,1.8077043863158468,0.7903904104257709,0.017680221503152405,0.024985822463888918
2017-01-02,0.7797644861060148,1.8041465100765628,0.7892595434277392,-0.0009340494379023179,-0.018614270941054722
2017-02-02,0.7919738466157389,1.8506530352043522,0.788441138205958,0.012209360509724099,0.013143409947626417
2017-03-02,0.7874703939687094,1.833498989050659,0.7874559384416943,-0.004503452647029449,-0.016712813156753548
2017-06-02,0.7951763018314042,1.8628514680247559,0.7868621498704564,0.007705907862694761,0.01220936050972421
2017-07-02,0.7980118090536079,1.8736521637511552,0.7862950484260157,0.0028355072222037148,-0.004870400640491046
2017-08-02,0.8054174867398339,1.9018610396483386,0.7852642581534733,0.00740567768622602,0.004570170464022305
2017-09-02,0.8018814424392035,1.8883919367424762,0.7837753388709122,-0.003536044300630481,-0.0109417219868565
2017-10-02,0.7962104279947961,1.866790545289678,0.7821585437724479,-0.0056710144444073185,-0.0021349701437768376
2017-01-03,0.8042832838509526,1.8975407613577795,0.7807708131789929,0.008072855856156469,0.013743870300563787
2017-02-03,0.8027487740601128,1.8916956789646688,0.779771157887714,-0.0015345097908397998,-0.009607365646996269
2017-03-03,0.7950095072889216,1.8622161329820264,0.7785290945280271,-0.007739266771191189,-0.006204756980351389
2017-06-03,0.7979784501451114,1.8735250967426091,0.7774071232389278,0.00296894285618976,0.010708209627380949
2017-07-03,0.7884378023151084,1.8371839322984895,0.7762762562408959,-0.009540647830002968,-0.012509590686192729
2017-08-03,0.7834673249491279,1.8182509480251547,0.7756702360698758,-0.004970477365980552,0.004570170464022416
2017-09-03,0.7816993027988125,1.811516396572223,0.776664331543072,-0.0017680221503153515,0.003202455215665201
2017-10-03,0.7790973079360844,1.801605169905645,0.7773126063315209,-0.002601994862728052,-0.0008339727124127005
2017-03-04,0.8088534543149749,1.9149489415285639,0.7792040564432733,0.029756146378890458,0.03235814124161851
2017-04-04,0.8157921072822499,1.9413788793061058,0.7810977304822587,0.0069386529672750275,-0.02281749341161543
2017-05-04,0.8078860459685759,1.9112639982807331,0.782613336891617,-0.007906061313673995,-0.014844714280949023
2017-06-04,0.8123561397071088,1.9282909774258803,0.7844247256229778,0.00447009373853291,0.012376155052206905
2017-07-04,0.8216632751776364,1.9637426728101794,0.786712034782222,0.009307135470527528,0.004837041731994618
2017-10-04,0.8107215531907797,1.9220646940071326,0.7888014144177204,-0.010941721986856723,-0.02024885745738425
2017-11-04,0.812623010975081,1.9293075134942477,0.7910675962682503,0.001901457784301397,0.01284317977115812
2017-12-04,0.826900623811589,1.9836921931518814,0.7935150281882778,0.014277612836507969,0.012376155052206572
2017-02-05,0.8143243153084032,1.935787930930087,0.7952663708843447,-0.012576308503185807,-0.026853921339693776
2017-03-05,0.8108883477332622,1.922700029049862,0.7969220847093884,-0.0034359675751409746,0.009140340928044832
2017-04-05,0.7963105047202856,1.8671717463153155,0.7980329363623223,-0.014577843012976599,-0.011141875437835624
2017-05-05,0.7960436334523135,1.8661552102469485,0.7988902603106828,-0.0002668712679720908,0.014310971745004508
2017-08-05,0.7972111952496915,1.8706025555460541,0.800030023017647,0.0011675617973779806,0.0014344330653500714
2017-09-05,0.790939720452347,1.84671395793943,0.800371395847928,-0.006271474797344578,-0.007439036594722559
2017-10-05,0.7926410247856691,1.8531943753752695,0.8008006138039165,0.0017013043333221622,0.00797277913066674
2017-11-05,0.7927744604196553,1.8537026434094532,0.8008273009307136,0.00013343563398615643,-0.0015678686993360058
2017-12-05,0.7981786035960905,1.8742874987938847,0.8011842412516264,0.005404143176435228,0.005270707542449071
2017-01-06,0.8205957901057478,1.959676528536711,0.8020315575274377,0.022417186509657294,0.017013043333222067
2017-02-06,0.8273342896220437,1.9853440642629776,0.8030089735463856,0.006738499516295904,-0.01567868699336139
2017-05-06,0.830670180471695,1.9980507651175647,0.8038507300041144,0.0033358908496513573,-0.0034026086666445465
2017-06-06,0.8397104446742504,2.0324859244334967,0.8051116967452826,0.009040264202555326,0.005704373352903969
2017-07-06,0.8380424992494246,2.0261325740062026,0.8065060991204369,-0.0016679454248257342,-0.01070820962738106
2017-08-06,0.8261000100076726,1.9806425849467801,0.8072333233256609,-0.011942489241752008,-0.010274543816926274
2017-09-06,0.8217299929946293,1.963996806827271,0.8078660306234781,-0.0043700170130432925,0.007572472228708715
2017-12-06,0.8216299162691398,1.9636156058016334,0.8087533775894855,-0.0001000767254895063,0.004269940287553786
2017-03-07,0.7968442472562299,1.8692048184520498,0.8087155708265227,-0.024785669012909906,-0.0246855922874204
2017-04-07,0.7931747673216133,1.8552274475120032,0.8088734696600728,-0.0036694799346166374,0.021116189078293268
2017-05-07,0.7908730026353539,1.8464598239223382,0.8091203255829471,-0.002301764686259422,0.0013677152483572153
2017-06-07,0.7939420222170332,1.8581499887085589,0.8095284162302211,0.0030690195816793775,0.0053707842679388
2017-07-07,0.7877706241451782,1.8346425921275724,0.8098175267705243,-0.006171398071855072,-0.00924041765353445
2017-10-07,0.7852687060079396,1.825112566486632,0.8090313684936229,-0.0025019181372385457,0.0036694799346165263
2017-11-07,0.7847016045634988,1.8229524273413518,0.807995018402998,-0.0005671014444408318,0.001934816692797714
2017-12-07,0.7898722353804585,1.842647813665962,0.8073945580500607,0.005170630816959676,0.005737732261400508
2017-01-08,0.8246655769423226,1.9751787035793078,0.8078048726245678,0.03479334156186409,0.029622710744904412
2017-02-08,0.8237648864129166,1.9717478943485687,0.8078749263324105,-0.0009006905294060008,-0.03569403209127009
2017-03-08,0.8227641191580212,1.9679358840921926,0.8082763451979852,-0.001000767254895396,-0.00010007672548939528
2017-04-08,0.8158254661907464,1.9415059463146513,0.8083830937051741,-0.006938652967274805,-0.005937885712379409
2017-07-08,0.8160256196417255,1.9422683483659269,0.8080205935661786,0.00020015345097912363,0.007138806418253929
2017-08-08,0.8185608966874605,1.9519254410154128,0.8081618129454805,0.002535277045734974,0.00233512359475585
2017-09-08,0.8247322947593155,1.9754328375963992,0.808623277846349,0.006171398071855072,0.0036361210261200982
2017-10-08,0.8336391233278849,2.009359728878148,0.809867565133269,0.008906828568569392,0.0027354304967143195
2017-11-08,0.8347733262167663,2.0136800071687073,0.811158554892084,0.0011342028888813305,-0.007772625679688061
2017-01-09,0.857657537445375,2.1008479750311766,0.8131734329652734,0.02288421122860873,0.0217500083397274
2017-04-09,0.8661307002034894,2.133122995201828,0.8156797989569783,0.008473162758114383,-0.014411048470494348
2017-05-09,0.8677652867198186,2.1393492786205757,0.8181839410214499,0.001634586516329195,-0.006838576241785188
2017-06-09,0.8692997965106583,2.145194361013686,0.8207347855578166,0.0015345097908396887,-0.0001000767254895063
2017-07-09,0.8730693531707644,2.15955293297937,0.8232311438769724,0.0037695566601061437,0.002235046869266455
2017-08-09,0.8749040931380726,2.1665416184493926,0.8250414206447166,0.0018347399673082077,-0.001934816692797936
2017-11-09,0.8668645961904128,2.1359184693898374,0.826359097530329,-0.008039496947659819,-0.009874236914968026
2017-12-09,0.8617273242819496,2.116350150073773,0.8273943356573373,-0.005137271908463137,0.002902225039196682
2017-02-10,0.8265003169096309,1.982167389049331,0.8269539980651834,-0.035227007372318764,-0.030089735463855627
2017-03-10,0.8248657303933017,1.9759411056305831,0.826514772436646,-0.001634586516329195,0.03359242085598957
2017-04-10,0.8268672649030925,1.9835651261433354,0.8265403475998266,0.002001534509790792,0.0036361210261199872
2017-05-10,0.8270340594455751,1.9842004611860649,0.8267171498148582,0.00016679454248258452,-0.0018347399673082077
2017-06-10,0.8185608966874605,1.9519254410154128,0.8266148491621355,-0.008473162758114605,-0.00863995730059719
2017-09-10,0.8298695666677788,1.9950011569124642,0.8277156931425205,0.01130866998031832,0.019781832738432925
2017-10-10,0.8383093705173968,2.02714911007457,0.8292201799157133,0.008439803849618066,-0.002868866130700254
2017-11-10,0.8368749374520467,2.0216852287070974,0.8307535777429363,-0.0014344330653501824,-0.009874236914968249
2017-12-10,0.837542115621977,2.024226568878015,0.8322069141897678,0.0006671781699303381,0.0021016112352805205
2017-01-11,0.8287353637788972,1.9906808786219041,0.8335724055108918,-0.008806751843079774,-0.009473930013010112
2017-02-11,0.8301697968442474,1.996144759989377,0.8350691085387687,0.0014344330653501824,0.010241184908429957
2017-03-11,0.822163658805084,1.9656486779383673,0.8363178436801548,-0.00800613803916339,-0.009440571104513573
2017-06-11,0.8246322180338261,1.9750516365707622,0.8374765097686006,0.0024685592287421176,0.010474697267905508
2017-07-11,0.8277679554324983,1.9869959353740736,0.8375799223849396,0.0031357373986721226,0.000667178169930005
2017-08-11,0.8333722520599127,2.0083431928097806,0.8379001679065061,0.005604296627414462,0.0024685592287423397
2017-09-11,0.8339059945958569,2.0103762649465144,0.8382715637544341,0.0005337425359441816,-0.005070554091470281
2017-10-11,0.8335724055108917,2.0091055948610554,0.8388631283984389,-0.00033358908496516904,-0.0008673316209093507
2017-01-12,0.8277012376155053,1.986741801356982,0.8392523156642315,-0.005871167895386442,-0.005537578810421273
2017-04-12,0.8263335223671483,1.9815320540066015,0.8395114031868879,-0.0013677152483569932,0.004503452647029449
2017-05-12,0.8215631984521468,1.9633614717845416,0.8394057666433155,-0.00477032391500154,-0.0034026086666445465
2017-06-12,0.8198285352103281,1.9567539873401563,0.8389454137060637,-0.0017346632418187014,0.0030356606731828384
2017-07-12,0.8140240851319346,1.9346443278531742,0.8382537723365693,-0.005804450078393475,-0.004069786836574774
2017-08-12,0.8111218600927379,1.9235894981096833,0.8367025830914814,-0.002902225039196682,0.002902225039196793
2017-11-12,0.8087867364979819,1.9146948075114723,0.8347911176346311,-0.002335123594755961,0.0005671014444407207
2017-12-12,0.8046168729359177,1.898811431443238,0.8326861705085011,-0.00416986356206428,-0.0018347399673083187
2018-02-01,0.8520865997264571,2.0796277846040154,0.832112397282361,0.0474697267905394,0.05163959035260368
2018-03-01,0.8539880575107585,2.0868706040911307,0.8314763540936941,0.001901457784301397,-0.045568269006238005
2018-04-01,0.8537211862427863,2.0858540680227633,0.8307702571971846,-0.00026687126797220184,-0.0021683290522735987
2018-05-01,0.8554892083931016,2.092588619475695,0.8303910776039409,0.0017680221503153515,0.0020348934182875533
2018-08-01,0.8573573072689064,2.099704371954264,0.8302454103701729,0.0018680988758047468,0.00010007672548939528
2018-09-01,0.8513860626480303,2.076959377424552,0.8310749352281195,-0.0059712446208760595,-0.007839343496680806
2018-10-01,0.8572238716349202,2.0991961039200797,0.8321535399361735,0.005837808986889903,0.011809053607765962
2018-11-01,0.8594255595956901,2.1075825264841073,0.8332388164259267,0.002201687960769916,-0.0036361210261199872
2018-12-01,0.8619274777329287,2.117112552125048,0.8344019303688384,0.0025019181372385457,0.00030023017646862993
2018-01-02,0.8716349201054142,2.154089051611897,0.8361710644827702,0.009707442372485553,0.007205524235247007
2018-02-02,0.8648297027721255,2.1281673818685394,0.8373364023529152,-0.00680521733328876,-0.016512659705774313
2018-05-02,0.8664642892884545,2.134393665287287,0.8382748996452837,0.001634586516329084,0.008439803849617844
2018-06-02,0.864996497314608,2.1288027169112684,0.8392122849740358,-0.0014677919738464995,-0.0031023784901755835
2018-07-02,0.8604930446675787,2.111648670757576,0.8399773159422226,-0.004503452647029338,-0.0030356606731828384
2018-08-02,0.85435500550422,2.088268341185135,0.8408313039997333,-0.006138039163358644,-0.001634586516329306
2018-09-02,0.853454314974814,2.084837531954396,0.8416074546040855,-0.0009006905294060008,0.005237348633952643
2018-12-02,0.8589251759682424,2.105676521355919,0.8428328385095241,0.005470860993428306,0.006371551522834307
2018-01-03,0.8492177335957568,2.0687000218690703,0.8436523556949217,-0.009707442372485553,-0.015178303365913859
2018-02-03,0.8589251759682424,2.105676521355919,0.8446909297127799,0.009707442372485553,0.019414884744971106
2018-05-03,0.857657537445375,2.1008479750311766,0.8455004392256288,-0.0012676385228673759,-0.010975080895352929
2018-06-03,0.864996497314608,2.1288027169112684,0.8465367893162536,0.007338959869233053,0.008606598392100429
2018-07-03,0.8636621409747475,2.1237200365694338,0.8475397804983822,-0.0013343563398605651,-0.008673316209093618
2018-08-03,0.8580578443473331,2.1023727791337268,0.8485516673894432,-0.005604296627414351,-0.004269940287553786
2018-09-03,0.8577909730793609,2.10135624306536,0.8496002490798503,-0.00026687126797220184,0.0053374253594421495
2018-12-03,0.8568235647329621,2.0976712998175295,0.850775594622544,-0.000967408346398857,-0.0007005370784266551
2018-03-04,0.866364212562965,2.134012464261649,0.8523267838676319,0.009540647830002968,0.010508056176401825
2018-04-04,0.8689328485171967,2.1437966239196817,0.8541570759804741,0.002568635954231624,-0.0069720118757713445
2018-05-04,0.862527938085866,2.119399758278874,0.8558706119135784,-0.006404910431330624,-0.008973546385562248
2018-06-04,0.864863061680622,2.128294448877085,0.8577398227529998,0.002335123594755961,0.008740034026086585
2018-09-04,0.8653634453080696,2.130200454005273,0.859764708498738,0.0005003836274476425,-0.0018347399673083187
2018-10-04,0.8700336924975817,2.1479898352016957,0.8603629449244423,0.0046702471895120334,0.004169863562064391
2018-11-04,0.8779063949027589,2.1779776492185214,0.8611602228375089,0.007872702405177234,0.003202455215665201
2018-12-04,0.8716349201054142,2.154089051611897,0.8617573472995965,-0.006271474797344689,-0.014144177202521924
2018-01-05,0.8487840677853021,2.067048150757974,0.8615338426126697,-0.02285085232011208,-0.01657937752276739
2018-02-05,0.8468492510925044,2.0596782642623137,0.8611835740734564,-0.001934816692797714,0.020916035627314367
2018-03-05,0.8540881342362479,2.0872518051167677,0.8612736431263971,0.007238883143743435,0.00917369983654115
2018-04-05,0.8503185775761419,2.0728932331510848,0.8610434666577711,-0.0037695566601059216,-0.011008439803849357
2018-08-05,0.848450478700337,2.065777480672515,0.860677630627926,-0.0018680988758049688,0.0019014577843009528
2018-09-05,0.8532875204323315,2.0842021969116664,0.8603896320512394,0.004837041731994507,0.006705140607799476
2018-10-05,0.8565900523734864,2.096781830757708,0.8598881364601751,0.003302531941154929,-0.0015345097908395777
2018-11-05,0.8602928912165995,2.1108862687063,0.8597369094083243,0.0037028388431130654,0.00040030690195813623
2018-01-06,0.8404443406611736,2.0352813986215055,0.8588695777874149,-0.019848550555425892,-0.023551389398538958
2018-04-06,0.8410114421056144,2.0374415377667856,0.858070075947115,0.0005671014444408318,0.020415651999866724
2018-05-06,0.8387430363278514,2.028800981185666,0.8573450756691242,-0.002268405777762994,-0.002835507222203826
2018-06-06,0.8441138205957902,2.049258769561552,0.8570037028388432,0.0053707842679388,0.007639190045701794
2018-07-06,0.8422123628114889,2.042015950074437,0.8566289711000656,-0.0019014577843012859,-0.0072722420522400855
2018-08-06,0.8428795409814192,2.044557290245354,0.856094116600505,0.000667178169930227,0.002568635954231513
2018-11-06,0.843780231510825,2.047988099476093,0.8559128665310072,0.0009006905294058898,0.00023351235947566273
2018-12-06,0.8431464122493914,2.0455738263137215,0.8553869077403788,-0.0006338192614336879,-0.0015345097908395777
2018-02-07,0.8092204023084365,1.9163466786225682,0.8537723365691475,-0.03392600994095485,-0.03329219067952116
2018-03-07,0.8118557560796612,1.9263849722976925,0.8520009785279826,0.002635353771224702,0.03656136371217955
2018-04-07,0.8144577509423894,1.9362961989642709,0.8503608321935708,0.002601994862728163,-3.335890849653911e-05
2018-05-07,0.8143576742168998,1.935914997938633,0.8489041598558896,-0.00010007672548961732,-0.0027020715882177804
2018-06-07,0.8142575974914101,1.935533796912995,0.8474530473362912,-0.00010007672548961732,0.0
2018-09-07,0.818727691229943,1.9525607760581423,0.8461831848861906,0.00447009373853291,0.004570170464022527
2018-10-07,0.8133569069620044,1.9321029876822569,0.844416274699492,-0.005370784267938689,-0.009840878006471598
2018-11-07,0.8116222437201857,1.9254955032378716,0.8425059212062582,-0.0017346632418187014,0.0036361210261199872
2018-12-07,0.8079527637855691,1.9115181322978256,0.8406867487295816,-0.0036694799346165263,-0.001934816692797825
2018-01-08,0.7900056710144445,1.8431560817001456,0.8381915023740424,-0.017947092771124606,-0.01427761283650808
2018-02-08,0.787637188511192,1.8341343240933885,0.8356006271474798,-0.0023684825032525003,0.015578610267872106
2018-03-08,0.7882042899556327,1.8362944632386682,0.8328729803960815,0.0005671014444407207,0.002935583947693221
2018-06-08,0.7837675551255965,1.8193945511020675,0.8297350190701761,-0.00443673483003626,-0.00500383627447698
2018-07-08,0.785568936184408,1.826256169563544,0.8268661529394759,0.0018013810588115575,0.006238115888847817
2018-08-08,0.7837008373086033,1.8191404170849752,0.824696711923586,-0.0018680988758047468,-0.0036694799346163043
2018-09-08,0.7869032925242686,1.8313388499053789,0.8226985133046447,0.003202455215665312,0.005070554091470059
2018-10-08,0.7869366514327653,1.8314659169139254,0.8204601305445287,3.335890849665013e-05,-0.0031690963071686618
2018-03-09,0.7773626446942656,1.7949976854612593,0.8180282661151328,-0.009574006738499619,-0.009607365646996269
2018-04-09,0.7712246055309071,1.7716173558888189,0.8154540703428185,-0.006138039163358533,0.0034359675751410856
2018-05-09,0.7751275978249993,1.7864841958886861,0.8128487395892406,0.003902992294092189,0.010041031457450722
2018-06-09,0.7807652533609102,1.8079585203329387,0.8103212462888215,0.00563765553591089,0.0017346632418187014
2018-07-09,0.7765953897988459,1.7920751442647045,0.8075313295748964,-0.00416986356206428,-0.00980751909797517
2018-10-09,0.7750608800080062,1.7862300618715943,0.8053518808864575,-0.0015345097908396887,0.002635353771224591
2018-11-09,0.7705574273609768,1.769076015717901,0.803003413728303,-0.004503452647029449,-0.00296894285618976
2018-12-09,0.7743937018380759,1.7836887217006765,0.800858435911977,0.003836274477099111,0.00833972712412856
2018-01-10,0.7702238382760117,1.7678053456324427,0.7983954365013178,-0.004169863562064169,-0.00800613803916328
2018-02-10,0.7804650231844416,1.806814917256026,0.796337191847083,0.010241184908429846,0.014411048470494014
2018-03-10,0.7781298995896856,1.797920226657815,0.7941788704673585,-0.002335123594755961,-0.012576308503185807
2018-04-10,0.7796310504720287,1.8036382420423793,0.7920405644327319,0.0015011508823431496,0.003836274477099111
2018-05-10,0.7798645628315042,1.8045277111021998,0.7899311694521356,0.0002335123594754407,-0.001267638522867709
2018-08-10,0.768622610668179,1.761706129222241,0.7885779097307937,-0.01124195216332513,-0.011475464522800571
2018-09-10,0.7676885612302766,1.7581482529829562,0.7871056699024809,-0.0009340494379024289,0.010307902725422702
2018-10-10,0.769723454648564,1.7658993405042545,0.7856145266926867,0.0020348934182873313,0.00296894285618976
2018-11-10,0.7810321246288822,1.8089750564013052,0.7845036750397528,0.011308669980318209,0.009273776562030878
2018-12-10,0.7905060546418923,1.8450620868283338,0.7837119569447689,0.009473930013010112,-0.0018347399673080966
2018-01-11,0.7981118857790975,1.874033364776793,0.7830247634297407,0.0076058311372052545,-0.0018680988758048578
2018-02-11,0.7987457050405311,1.876447637939164,0.7825377233656916,0.0006338192614335769,-0.006972011875771678
2018-05-11,0.7988457817660207,1.8768288389648018,0.7821118413005528,0.00010007672548961732,-0.0005337425359439596
2018-06-11,0.7984121159555659,1.8751769678537051,0.7817938197062194,-0.00043366581045478636,-0.0005337425359444037
2018-07-11,0.7973112719751811,1.870983756571692,0.7820373397382439,-0.0011008439803847914,-0.000667178169930005
2018-08-11,0.7934416385895855,1.8562439835803706,0.7822308214075236,-0.00386963338559565,-0.0027687894052108586
2018-09-11,0.7849351169229745,1.8238418964011731,0.7821218489731017,-0.008506521666611033,-0.004636888281015383
2018-12-11,0.7810321246288822,1.8089750564013052,0.7820306679565445,-0.0039029922940923,0.004603529372518733
2018-03-12,0.7975447843346567,1.871873225631513,0.7824298628948861,0.016512659705774535,0.020415651999866835
2018-04-12,0.8042165660339594,1.8972866273406872,0.7831137205190648,0.006671781699302715,-0.00984087800647182
2018-05-12,0.8012809820862663,1.886104730588651,0.7835929768377979,-0.00293558394769311,-0.009607365646995825
2018-06-12,0.8057177169163026,1.9030046427252516,0.7842190123539158,0.00443673483003626,0.00737231877772937
2018-07-12,0.8062181005437503,1.9049106478534399,0.785180860882232,0.0005003836274477536,-0.003936351202588506
2018-10-12,0.8075858157921073,1.9101203952038204,0.786392901224272,0.0013677152483569932,0.0008673316209092397
2018-11-12,0.8075524568836109,1.9099933281952748,0.7874737298595592,-3.3358908496428086e-05,-0.0014010741568534213
2018-12-12,0.8078526870600795,1.9111369312721878,0.7883766443161981,0.00030023017646862993,0.000333589084965058
2019-02-01,0.8326383560729894,2.0055477186217714,0.7902447431920029,0.024785669012909906,0.024485438836441276
2019-03-01,0.837675551255963,2.0247348369121982,0.7923318989002681,0.0050371951829736306,-0.019748473829936275
2019-04-01,0.8306368215631986,1.9979236981090194,0.7943345453736755,-0.007038729692764423,-0.012075924875738053
2019-07-01,0.838843113053341,2.029182182211304,0.7964828590808509,0.008206291490142403,0.015245021182906826
2019-08-01,0.8350068385762419,2.0145694762285284,0.7986422924241919,-0.003836274477099111,-0.012042565967241514
2019-09-01,0.836441271641592,2.020033357596001,0.8005081673727636,0.0014344330653500714,0.005270707542449182
2019-10-01,0.838642959602362,2.028419780160029,0.8025252693731861,0.002201687960770027,0.0007672548954199554
2019-11-01,0.8366747840010677,2.020922826655822,0.8044267271574875,-0.001968175601294364,-0.004169863562064391
2019-01-02,0.8565233345564934,2.096527696740617,0.8069820195483205,0.01984855055542578,0.021816726156720145
2019-04-02,0.8521533175434501,2.0798819186211075,0.8097663764441628,-0.0043700170130432925,-0.024218567568469074
2019-05-02,0.8535210327918072,2.0850916659714884,0.8126274588295472,0.0013677152483571042,0.005737732261400397
2019-06-02,0.8523201120859327,2.080517253663837,0.8153806807441261,-0.0012009207058745197,-0.002568635954231624
2019-07-02,0.8507188844781,2.0744180372536345,0.8177035727391001,-0.001601227607832767,-0.00040030690195824725
2019-08-02,0.8539546986022618,2.0867435370825844,0.819818527537779,0.003235814124161851,0.004837041731994618
2019-11-02,0.848317043066351,2.065269212638332,0.8214920327806875,-0.005637655535910779,-0.00887346966007263
2019-12-02,0.8507188844781,2.0744180372536345,0.8232244720952732,0.0024018414117489284,0.008039496947659708
2019-01-03,0.8520198819094641,2.079373650586924,0.8249969421000547,0.001300997431364137,-0.0011008439803847914
2019-04-03,0.8343063014978152,2.011901069049065,0.8261934149514629,-0.017713580411648944,-0.01901457784301308
2019-05-03,0.8332388164259267,2.0078349247755973,0.8273909997664878,-0.0010674850718884743,0.01664609533976047
2019-06-03,0.8346065316742837,2.013044672125978,0.8287631628693111,0.0013677152483569932,0.0024352003202454675
2019-07-03,0.8342395836808221,2.0116469350319734,0.8304066450945726,-0.0003669479934615971,-0.0017346632418185903
2019-08-03,0.8418787737265238,2.040745279988978,0.8324348667311606,0.007639190045701683,0.00800613803916328
2019-11-03,0.8392100610468026,2.0305799193053082,0.8338237092882322,-0.0026687126797211302,-0.010307902725422813
2019-12-03,0.8420789271775029,2.041507682040254,0.835085787993017,0.002868866130700254,0.005537578810421384
2019-01-04,0.8397104446742504,2.0324859244334967,0.8363667700792832,-0.0023684825032525003,-0.005237348633952754
2019-02-04,0.8375754745304734,2.0243536358865604,0.8374286953330888,-0.0021349701437769486,0.0002335123594755517
2019-03-04,0.837675551255963,2.0247348369121982,0.838477277023496,0.00010007672548961732,0.002235046869266566
2019-04-04,0.832805150615472,2.006183053664501,0.8393179215176081,-0.004870400640491046,-0.004970477365980663
2019-05-04,0.8363411949161025,2.0196521565703636,0.840277546118691,0.003536044300630481,0.008406444941121527
2019-08-04,0.8440471027787972,2.04900463554446,0.8414840266426484,0.007705907862694761,0.00416986356206428
2019-09-04,0.846048637288588,2.0566286560572125,0.8419310360165018,0.002001534509790792,-0.005704373352903969
2019-10-04,0.8476832238049172,2.0628549394759603,0.8422646251014669,0.001634586516329195,-0.0003669479934615971
2019-11-04,0.8432464889748809,2.045955027339359,0.842684947348523,-0.004436734830036371,-0.006071321346365566
2019-12-04,0.8402441872101946,2.03451899657023,0.842731649820418,-0.0030023017646862993,0.0014344330653500714
2019-01-05,0.8332388164259267,2.0078349247755973,0.8426727157487408,-0.007005370784267884,-0.004003069019581584
2019-02-05,0.8246655769423226,1.9751787035793078,0.8422801925920985,-0.008573239483604111,-0.0015678686993362279
2019-03-05,0.8297361310337926,1.9944928888782802,0.8419832983064796,0.005070554091470059,0.01364379357507417
2019-07-05,0.831504153184108,2.001227440331212,0.8418109439459142,0.0017680221503153515,-0.003302531941154707
2019-08-05,0.8341728658638291,2.011392801014882,0.8410659283228253,0.0026687126797211302,0.0009006905294057788
2019-09-05,0.8347733262167663,2.0136800071687073,0.8404865952786026,0.0006004603529371488,-0.0020682523267839814
2019-10-05,0.8354405043866965,2.0162213473396244,0.8398839109984323,0.000667178169930227,6.671781699307822e-05
2019-03-06,0.855455849484605,2.0924615524671486,0.839988435578388,0.020015345097908477,0.01934816692797825
2019-04-06,0.8602261733996065,2.1106321346892085,0.8403053452091049,0.00477032391500154,-0.015245021182906937
2019-05-06,0.8674316976348535,2.138078608535117,0.8407545785101913,0.007205524235247007,0.0024352003202454675
2019-06-06,0.8677319278113221,2.13922221161203,0.8414017413350237,0.00030023017646862993,-0.006905294058778377
2019-07-06,0.8711678953864631,2.152310113492255,0.842083375031969,0.0034359675751409746,0.0031357373986723447
2019-10-06,0.8631283984388032,2.1216869644326994,0.8424536589162803,-0.00803949694765993,-0.011475464522800904
2019-11-06,0.8602595323081029,2.1107592016977543,0.8433187666099565,-0.002868866130700254,0.005170630816959676
2019-12-06,0.8656303165760417,2.1312169900736397,0.8443984832816273,0.0053707842679388,0.008239650398639053
2019-01-07,0.9041598558895152,2.2779793849441226,0.8467169274221348,0.03852953931347347,0.03315875504553467
2019-02-07,0.9047936751509492,2.280393658106495,0.8490687304711391,0.000633819261434021,-0.03789572005203945
2019-03-07,0.919771825065884,2.337446744943592,0.8516651655157844,0.014978149914934735,0.014344330653500714
2019-04-07,0.9207058745037864,2.3410046211828766,0.8543816926310173,0.0009340494379024289,-0.014044100477032306
2019-05-07,0.9031924475431166,2.2742944416962936,0.8564188099765376,-0.01751342696066982,-0.01844747639857225
2019-08-07,0.910831637588818,2.3033927866532973,0.8587895164070233,0.0076391900457014605,0.02515261700637128
2019-09-07,0.9051272642359144,2.281664328191954,0.861041242730538,-0.0057043733529036356,-0.013343563398605096
2019-10-07,0.9163024985822464,2.324231776054821,0.8636621409747475,0.011175234346332052,0.016879607699235688
2019-11-07,0.9199386196083664,2.338082079986321,0.8665665899411773,0.0036361210261199872,-0.007539113320212065
2019-12-07,0.9158354738632952,2.3224528379351788,0.869216399239417,-0.004103145745071202,-0.007739266771191189
2019-01-08,0.915301731327351,2.320419765798445,0.8715915535243688,-0.0005337425359441816,0.00356940320912702
2019-02-08,0.9386196083664144,2.409239604772011,0.8746772525602963,0.023317877039063406,0.023851619575007588
2019-05-08,0.954298295359776,2.468961098788571,0.8782310882787916,0.0156786869933615,-0.007639190045701905
2019-06-08,0.954298295359776,2.468961098788571,0.881932815158288,0.0,-0.0156786869933615
2019-07-08,0.9815191646929312,2.5726477777620027,0.8866419810743794,0.027220869333155262,0.027220869333155262
2019-08-08,0.9746472295426496,2.546471974001554,0.8913555948449369,-0.006871935150281616,-0.03409280448343688
2019-09-08,0.9759482269740136,2.551427587334843,0.8963983498459932,0.001300997431364026,0.008172932581645642
2019-12-08,0.9806184741635257,2.5692169685312654,0.9014277612836509,0.0046702471895120334,0.0033692497581480074
2019-02-09,0.994796010274544,2.6232204471632614,0.9068708231866655,0.014177536111018352,0.009507288921506318
2019-05-09,0.9968976215098242,2.6312256687016506,0.9122949817081986,0.0021016112352801875,-0.012075924875738164
2019-06-09,0.9932948593922007,2.6175024317786963,0.9175790328140464,-0.003602762117623448,-0.0057043733529036356
2019-09-09,0.9836207759282118,2.5806529993003937,0.9225183751987636,-0.009674083463988903,-0.006071321346365455
2019-10-09,0.9763151749674752,2.5528253244288472,0.9265470193815258,-0.007305600960736625,0.0023684825032522783
2019-11-09,0.9712446208760052,2.533511139129875,0.9302476342974059,-0.005070554091470059,0.002235046869266566
2019-12-09,0.9876238449477934,2.595901040325898,0.9342540392078372,0.016379224071788268,0.021449778163258326
2019-01-10,0.9597691563532044,2.4898000881900946,0.9373219468259001,-0.02785468859458906,-0.04423391266637733
2019-02-10,0.9725456183073692,2.538466752463164,0.9407012042565969,0.01277646195416482,0.04063115054875388
2019-03-10,0.9888914834706608,2.600729586650641,0.9448933070909921,0.016345865163291617,0.003569403209126798
2019-04-10,0.9769156353204124,2.5551125305826727,0.9487818438580692,-0.011975848150248436,-0.028321713313540053
2019-07-10,0.978316709477266,2.5604493449415995,0.9525380569547764,0.0014010741568536433,0.01337692230710208
2019-08-10,0.9813857290589452,2.5721395097278195,0.9551122527270909,0.0030690195816791555,0.0016679454248255121
2019-09-10,0.9823197784968478,2.575697385967105,0.9576964561719542,0.0009340494379026509,-0.0021349701437765045
2019-10-10,0.9740134102812156,2.5440577008391814,0.9595045090124653,-0.008306368215632243,-0.009240417653534894
2019-11-10,0.9635720719218068,2.5042857271643237,0.9609333822597326,-0.010441338359408747,-0.0021349701437765045
2019-01-11,0.9833539046602396,2.5796364632320263,0.9636054308303034,0.019781832738432814,0.03022317109784156
2019-04-11,0.9837875704706944,2.581288334343123,0.9660372952596993,0.00043366581045478636,-0.019348166927978028
2019-05-11,0.9701104179871236,2.5291908608393148,0.9682034003847395,-0.01367715248357082,-0.014110818294025607
2019-06-11,0.9681756012943258,2.521820974343654,0.9699325038084755,-0.001934816692797825,0.011742335790772995
2019-07-11,0.9669746805884512,2.5172465620360023,0.9715003725078116,-0.0012009207058746307,0.0007338959869231942
2019-08-11,0.9535643993728528,2.466165624600562,0.9727580033581303,-0.013410281215598396,-0.012209360509723766
2019-11-11,0.9499282783467328,2.452315320669062,0.9739122215921097,-0.0036361210261199872,0.00977416018947841
2019-12-11,0.9454915435166962,2.43541540853246,0.974141286097119,-0.004436734830036593,-0.0008006138039166055
2019-02-12,0.951562864863062,2.45854160408781,0.9740501050805619,0.006071321346365788,0.01050805617640238
2019-03-12,0.9623377923074358,2.499584247848126,0.9743180883121506,0.010774927444373805,0.004703606098008017
2019-04-12,0.9608700003335892,2.4939932994721077,0.9736297828335058,-0.0014677919738466105,-0.012242719418220416
2019-05-12,0.96143710177803,2.496153438617388,0.9731894452413518,0.0005671014444408318,0.0020348934182874423
2019-06-12,0.9505620976081663,2.454729593831433,0.9723432409291569,-0.010875004169863645,-0.011442105614304476
2019-09-12,0.9519298128565234,2.459939341181814,0.9713869522189236,0.0013677152483571042,0.012242719418220749
2019-10-12,0.9540981419087968,2.4681986967372955,0.9700303566067319,0.0021683290522733767,0.0008006138039162725
2019-11-12,0.955332421523168,2.472900176053493,0.9686448499405101,0.0012342796143711698,-0.0009340494379022068
2019-12-12,0.955999599693098,2.47544151622441,0.9674016746172067,0.000667178169930005,-0.0005671014444411648
2020-02-01,0.9955632651699636,2.6261429883598155,0.9677997575919317,0.03956366547686563,0.03889648730693562
