date,price,scaled_price,30_day_MA,price_diff1,price_diff2
1968-02-01,0.0321235025670279,-1.04002521221102,,,
1968-03-01,0.0339774671990872,-1.0316406479132936,,0.0018539646320593003,
1968-04-01,0.0320521962350256,-1.0403476954532405,,-0.0019252709640616011,-0.0037792355961209015
1968-05-01,0.0315530519110096,-1.0426050781487823,,-0.0004991443240160015,0.0014261266400455996
1968-08-01,0.0317669709070165,-1.0416376284221214,,0.0002139189960069024,0.0007130633200229039
1968-09-01,0.0298416999429549,-1.050344675962068,,-0.0019252709640616011,-0.0021391899600685035
1968-10-01,0.0289860239589275,-1.0542144748687112,,-0.0008556759840274014,0.0010695949800341997
1968-11-01,0.0293069024529378,-1.05276330027872,,0.00032087849401030155,0.001176554478037703
1968-12-01,0.0304834569309754,-1.047442326782086,,0.0011765544780375989,0.0008556759840272973
1968-01-02,0.0257772390188248,-1.0687262207686228,,-0.0047062179121506,-0.005882772390188199
1968-02-02,0.0266685681688533,-1.0646951802408697,,0.0008913291500284998,0.0055975470621791
1968-05-02,0.0259555048488305,-1.0679200126630721,,-0.0007130633200227998,-0.0016043924700512996
1968-06-02,0.0241015402167712,-1.0763045769607986,,-0.0018539646320593003,-0.0011409013120365005
1968-07-02,0.0247076440387906,-1.0735634694019263,,0.0006061038220194007,0.002460068454078701
1968-08-02,0.0252067883628066,-1.0713060867063846,,0.0004991443240160015,-0.00010695949800339916
1968-09-02,0.0237450085567598,-1.0779169931719,,-0.001461779806046802,-0.0019609241300628036
1968-12-02,0.0234241300627495,-1.079368167761891,,-0.0003208784940102981,0.001140901312036504
1968-01-03,0.0330861380490587,-1.0356716884410466,,0.009662007986309201,0.0099828864803195
1968-04-03,0.0327296063890473,-1.0372841046521477,,-0.0003565316600113999,-0.010018539646320601
1968-05-03,0.032658300057045,-1.037606587894368,,-7.13063320023008e-05,0.0002852253280090991
1968-06-03,0.0307330290929834,-1.046313635434315,,-0.0019252709640616011,-0.0018539646320593003
1968-07-03,0.0326939532230462,-1.0374453462732578,,0.0019609241300627966,0.003886195094124398
1968-08-03,0.0340844266970907,-1.0311569230499629,,0.0013904734740445013,-0.0005704506560182954
1968-11-03,0.0329791785510553,-1.0361554133043769,,-0.0011052481460353952,-0.0024957216200798965
1968-12-03,0.0338705077010838,-1.0321243727766238,,0.0008913291500284998,0.001996577296063895
1968-01-04,0.035189674843126,-1.0261584327955493,,0.0013191671420421935,0.00042783799201369377
1968-02-04,0.033157444381061,-1.0353492051988264,,-0.0020322304620649934,-0.003351397604107187
1968-03-04,0.032907872219053,-1.0364778965465973,,-0.00024957216200800075,0.0017826583000569926
1968-04-04,0.0304121505989731,-1.0477648100243064,,-0.0024957216200799034,-0.0022461494580719027
1968-05-04,0.0296634341129492,-1.0511508840676187,0.030128113709830713,-0.0007487164860238982,0.0017470051340560053
1968-08-04,0.0307330290929834,-1.046313635434315,0.03008176459402923,0.0010695949800341997,0.001818311466058098
1968-09-04,0.0332644038790644,-1.034865480335496,0.03005799581669514,0.002531374786081002,0.001461779806046802
1968-10-04,0.0331930975470621,-1.0351879635777164,0.03009602586042969,-7.13063320023008e-05,-0.0026026811180833026
1968-11-04,0.0316956645750142,-1.0419601116643415,0.03010077961589651,-0.0014974329720479004,-0.0014261266400455996
1968-01-05,0.0386836851112378,-1.0103567539267568,0.030331336756037216,0.006988020536223598,0.008485453508271498
1968-02-05,0.0365444951511694,-1.0200312511933642,0.0305547632629777,-0.0021391899600683995,-0.009127210496291997
1968-03-05,0.0371862521391899,-1.017128902013382,0.03082810420231978,0.000641756988020499,0.0027809469480888985
1968-06-05,0.0378993154592127,-1.0139040695911796,0.03111451796919561,0.0007130633200227998,7.13063320023008e-05
1968-07-05,0.03469053051911,-1.0284158154910912,0.03125475375546676,-0.0032087849401026963,-0.003921848260125496
1968-08-05,0.0374001711351968,-1.016161452286721,0.0316421848260125,0.002709640616086799,0.005918425556189495
1968-09-05,0.0373288648031945,-1.0164839355289415,0.0319975280471572,-7.13063320023008e-05,-0.0027809469480890997
1968-10-05,0.0388262977752424,-1.009711787442316,0.0324265544780376,0.0014974329720479004,0.0015687393040502012
1968-04-06,0.0411437535653166,-0.9992310820701578,0.03299462825632245,0.0023174557900741966,0.0008200228180262961
1968-05-06,0.0409654877353108,-1.0000372901757089,0.033536556379539784,-0.0001782658300057971,-0.0024957216200799937
1968-06-06,0.0421420422133485,-0.9947163166790745,0.03410106484122452,0.001176554478037703,0.0013548203080435
1968-07-06,0.0429977181973759,-0.9908465177724313,0.034742821829245055,0.0008556759840273945,-0.0003208784940103085
1968-10-06,0.0418568168853394,-0.9960062496479553,0.03535724472333138,-0.0011409013120365005,-0.001996577296063895
1968-11-06,0.0439960068454078,-0.986331752381348,0.03572090701654303,0.0021391899600683995,0.0032800912721049
1968-12-06,0.0464917284654877,-0.9750448389036388,0.03617964441909103,0.0024957216200799034,0.000356531660011504
1968-01-07,0.0442099258414147,-0.9853643026546869,0.03656469861190336,-0.002281802624073001,-0.0047775242441529045
1968-02-07,0.0424629207073588,-0.9932651420890831,0.0369556949990492,-0.0017470051340559012,0.0005347974900170999
1968-03-07,0.0433899030233884,-0.9890728599402201,0.037312226659060616,0.0009269823160296051,0.0026739874500855063
1968-04-07,0.0433185966913861,-0.9893953431824405,0.03762003232553712,-7.13063320023008e-05,-0.0009982886480319059
1968-05-07,0.042783799201369,-0.9918139674990923,0.03794685301388091,-0.0005347974900170999,-0.00046349115801479907
1968-08-07,0.041500285225328,-0.9976186658590566,0.038201178931355724,-0.001283513976041005,-0.0007487164860239051
1968-09-07,0.0373288648031945,-1.0164839355289415,0.038272485263358004,-0.004171420422133497,-0.002887906446092492
1968-10-07,0.0408585282373074,-1.0005210150390391,0.03852918805856621,0.0035296634341129007,0.007701083856246398
1968-11-07,0.0391115231032515,-1.0084218544734354,0.03873597642137283,-0.0017470051340559012,-0.005276668568168802
1968-12-07,0.0384341129492298,-1.0114854452745279,0.039003375166381395,-0.0006774101540217015,0.0010695949800341997
1968-01-08,0.0339774671990872,-1.0316406479132936,0.039147176269252654,-0.004456645750142596,-0.0037792355961208945
1968-02-08,0.03469053051911,-1.0284158154910912,0.03927909298345688,0.0007130633200227998,0.005169709070165396
1968-05-08,0.032907872219053,-1.0364778965465973,0.03926720859478983,-0.0017826583000569995,-0.0024957216200797994
1968-06-08,0.0325513405590416,-1.0380903127576986,0.039245816695189145,-0.0003565316600113999,0.0014261266400455996
1968-07-08,0.0332644038790644,-1.034865480335496,0.039298108005324156,0.0007130633200227998,0.0010695949800341997
1968-08-08,0.0318382772390188,-1.041315145179901,0.03906992774291685,-0.0014261266400455996,-0.0021391899600683995
1968-09-08,0.0314460924130062,-1.0430888030121126,0.03889998098497807,-0.00039218482601260235,0.0010339418140329973
1968-12-08,0.0304121505989731,-1.0477648100243064,0.03867417760030419,-0.0010339418140331014,-0.000641756988020499
1968-03-09,0.0345122646891043,-1.0292220235966418,0.038561275907967235,0.004100114090131203,0.005134055904164304
1968-04-09,0.0350470621791214,-1.0268033992799899,0.03857316029663429,0.0005347974900170999,-0.003565316600114103
1968-05-09,0.0357244723331431,-1.0237398084788973,0.03851730366989917,0.0006774101540216945,0.00014261266400459466
1968-06-09,0.0353679406731317,-1.0253522246899986,0.038451939532230396,-0.0003565316600113999,-0.0010339418140330944
1968-09-09,0.0346192241871078,-1.028738298733311,0.038311703745959255,-0.0007487164860238982,-0.00039218482601249827
1968-10-09,0.0319452367370222,-1.0408314203165707,0.03800508651834943,-0.0026739874500855965,-0.0019252709640616983
1968-11-09,0.0347974900171135,-1.0279320906277605,0.03779948659440953,0.0028522532800912964,0.005526240730176893
1968-12-09,0.0330148317170564,-1.035994171683267,0.037495246244533126,-0.0017826583000570967,-0.004634911580148393
1968-01-10,0.0309469480889902,-1.0453461857076545,0.03709355390758693,-0.0020678836280662027,-0.00028522532800910605
1968-02-10,0.0291999429549343,-1.0532470251420507,0.03667165810990677,-0.0017470051340558977,0.000320878494010305
1968-03-10,0.0295564746149458,-1.051634608930949,0.03619034036889136,0.00035653166001149705,0.0021035367940673948
1968-04-10,0.0289860239589275,-1.0542144748687112,0.035606816885339364,-0.0005704506560182988,-0.0009269823160297959
1968-07-10,0.0295564746149458,-1.051634608930949,0.035118368511123724,0.0005704506560182988,0.0011409013120365977
1968-08-10,0.0290216771249286,-1.0540532332476014,0.03467032705837605,-0.000534797490017197,-0.0011052481460354958
1968-09-10,0.0277738163148887,-1.0596966899864555,0.0341497908347594,-0.0012478608100398997,-0.0007130633200227027
1968-10-10,0.0263476896748431,-1.0661463548308605,0.03358409393420796,-0.001426126640045603,-0.00017826583000570342
1968-11-10,0.0277381631488876,-1.0598579316075656,0.033082572732458584,0.0013904734740445013,0.0028166001140901044
1968-01-11,0.0224971477467199,-1.083560449910754,0.03244913481650498,-0.0052410154021677,-0.006631488876212201
1968-04-11,0.0246363377067883,-1.0738859526441467,0.0320260505799581,0.0021391899600683995,0.0073802053622360995
1968-05-11,0.0252780946948089,-1.0709836034641642,0.031506702795208154,0.0006417569880205996,-0.0014974329720477998
1968-06-11,0.0256702795208214,-1.069209945631953,0.03105866134246049,0.00039218482601250174,-0.0002495721620080979
1968-07-11,0.0244224187107815,-1.0748534023708074,0.030591604867845543,-0.0012478608100398997,-0.0016400456360524014
1968-08-11,0.0247789503707929,-1.073240986159706,0.030284987640235735,0.0003565316600113999,0.0016043924700512996
1968-11-11,0.0260268111808328,-1.0675975294208517,0.029996196995626494,0.0012478608100398997,0.0008913291500284998
1968-12-11,0.0263476896748431,-1.0661463548308605,0.029777524244152826,0.0003208784940102981,-0.0009269823160296016
1968-02-12,0.0239232743867655,-1.0771107850663493,0.029489922038410294,-0.002424415288077599,-0.0027452937820878973
1968-03-12,0.0240658870507701,-1.0764658185819085,0.029183304810800482,0.0001426126640046016,0.0025670279520822008
1968-04-12,0.0254920136908157,-1.0700161537375037,0.028971762692527048,0.0014261266400455996,0.001283513976040998
1968-05-12,0.0259911580148317,-1.0677587710419616,0.02878993154592123,0.000499144324015998,-0.0009269823160296016
1968-06-12,0.0272033656588705,-1.0622765559242173,0.02868297204791781,0.0012122076440388013,0.0007130633200228033
1968-09-12,0.0272390188248716,-1.0621153143031075,0.028440530519110052,3.565316600109836e-05,-0.001176554478037703
1968-10-12,0.0250998288648031,-1.071789811569715,0.02810895607529944,-0.0021391899600685,-0.0021748431260695984
1968-11-12,0.0266329150028522,-1.0648564218619796,0.027805904164289748,0.0015330861380491029,0.003672276098117603
1968-12-12,0.0253850541928123,-1.0704998786008337,0.027473141281612434,-0.0012478608100398997,-0.0027809469480890026
1969-02-01,0.0244580718767826,-1.0746921607496973,0.02713443620460159,-0.0009269823160297022,0.00032087849401019747
1969-03-01,0.0247789503707929,-1.073240986159706,0.02689555999239395,0.00032087849401030155,0.0012478608100400038
1969-06-01,0.0249572162007986,-1.0724347780541554,0.026567550865183455,0.00017826583000569995,-0.0001426126640046016
1969-07-01,0.0251354820308043,-1.0716285699486048,0.026304905875641715,0.00017826583000569995,0.0
1969-08-01,0.0265616086708499,-1.0651789051042,0.026158727895037037,0.0014261266400455996,0.0012478608100398997
1969-09-01,0.0262050770108385,-1.0667913213153013,0.026058899030233847,-0.0003565316600113999,-0.0017826583000569995
1969-10-01,0.0274529378208784,-1.061147864576447,0.02598878113709827,0.0012478608100398997,0.0016043924700512996
1969-03-02,0.0254920136908157,-1.0700161537375037,0.025872314128161208,-0.0019609241300626995,-0.003208784940102599
1969-04-02,0.0256346263548203,-1.069371187253063,0.02574158585282369,0.00014261266400459813,0.0021035367940672976
1969-05-02,0.0253494010268111,-1.0706611202219443,0.025619176649553106,-0.0002852253280091997,-0.00042783799201379785
1969-06-02,0.0231745579007415,-1.080496859109662,0.0254658680357482,-0.0021748431260695984,-0.0018896177980603987
1969-07-02,0.0218553907586993,-1.0864627990907367,0.025316124738543406,-0.0013191671420422005,0.0008556759840273979
1969-10-02,0.021784084426697,-1.0867852823329571,0.025117655447803717,-7.13063320023008e-05,0.0012478608100398997
1969-11-02,0.021784084426697,-1.0867852823329571,0.025093886670469624,0.0,7.13063320023008e-05
1969-12-02,0.0214275527666856,-1.0883976985440582,0.0249869271724662,-0.0003565316600113999,-0.0003565316600113999
1969-03-03,0.0193596691386195,-1.0977497125684452,0.02478964632059322,-0.0020678836280660987,-0.0017113519680546987
1969-04-03,0.0187179121505989,-1.100652061748428,0.024557900741585804,-0.0006417569880205996,0.001426126640045499
1969-05-03,0.0210353679406731,-1.0901713563762694,0.024444999049248857,0.0023174557900742,0.0029592127780947997
1969-06-03,0.0218910439247005,-1.0863015574696262,0.024348735501045778,0.0008556759840273979,-0.001461779806046802
1969-07-03,0.023281517398745,-1.0800131342463313,0.024257225708309516,0.0013904734740445013,0.0005347974900171033
1969-10-03,0.0224258414147176,-1.0838829331529745,0.024126497432972002,-0.0008556759840274014,-0.0022461494580719027
1969-11-03,0.0216414717626925,-1.0874302488173972,0.024050437345502898,-0.0007843696520251006,7.13063320023008e-05
1969-12-03,0.02000142612664,-1.0948473633884632,0.023914955314698564,-0.0016400456360524986,-0.0008556759840273979
1969-01-04,0.0193240159726183,-1.0979109541895558,0.02370935539075865,-0.0006774101540217015,0.0009626354820307971
1969-02-04,0.0187892184826012,-1.1003295785062075,0.0234692907396843,-0.0005347974900170999,0.0001426126640046016
1969-03-04,0.0200727324586423,-1.0945248801462428,0.02323160296634336,0.0012835139760411021,0.001818311466058202
1969-08-04,0.019751853964632,-1.095976054736234,0.022982030804335373,-0.00032087849401030155,-0.0016043924700514037
1969-09-04,0.0188961779806046,-1.0998458536428772,0.022775242441528756,-0.0008556759840273979,-0.0005347974900170964
1969-10-04,0.0193240159726183,-1.0979109541895558,0.022531612473854292,0.00042783799201369724,0.0012835139760410952
1969-11-04,0.0188605248146035,-1.1000070952639873,0.02231412816124733,-0.00046349115801479907,-0.0008913291500284963
1969-01-05,0.0180405019965773,-1.1037156525495198,0.02210020916524049,-0.000820022818026199,-0.0003565316600113999
1969-02-05,0.0180048488305761,-1.1038768941706303,0.021874405780566597,-3.565316600119897e-05,0.000784369652025
1969-05-05,0.017719623502567,-1.1051668271395112,0.021633152690625546,-0.0002852253280091026,-0.0002495721620079036
1969-06-05,0.0173274386765544,-1.1069404849717228,0.021372884578817215,-0.0003921848260125989,-0.0001069594980034963
1969-07-05,0.0190744438106103,-1.0990396455373266,0.021123312416809228,0.0017470051340559012,0.0021391899600685
1969-08-05,0.0204649172846548,-1.0927512223140317,0.020931973759269768,0.0013904734740444978,-0.0003565316600114034
1969-09-05,0.0194309754706217,-1.0974272293262255,0.020664575014261215,-0.001033941814033098,-0.0024244152880775957
1969-12-05,0.0186466058185966,-1.1009745449906483,0.020436394751853913,-0.0007843696520251006,0.0002495721620079973
1969-02-06,0.0178622361665715,-1.1045218606550709,0.020177315078912284,-0.0007843696520251006,0.0
1969-03-06,0.0178622361665715,-1.1045218606550709,0.019927742916904297,0.0,0.0007843696520251006
1969-04-06,0.0173274386765544,-1.1069404849717228,0.019732838942764726,-0.0005347974900170999,-0.0005347974900170999
1969-05-06,0.0176126640045636,-1.1056505520028415,0.019591414717626873,0.0002852253280091997,0.0008200228180262996
1969-06-06,0.0170065601825442,-1.1083916595617136,0.019432163909488445,-0.0006061038220194007,-0.0008913291500286004
1969-09-06,0.0160439247005134,-1.112745183331687,0.01924082525194899,-0.0009626354820308006,-0.0003565316600113999
1969-10-06,0.0147960638904734,-1.1183886400705418,0.019019775622741916,-0.0012478608100399986,-0.000285225328009198
1969-11-06,0.01468910439247,-1.118872364933872,0.0188640901312036,-0.00010695949800339916,0.0011409013120365994
1969-12-06,0.0147247575584711,-1.118711123312762,0.018730984978132675,3.565316600110009e-05,0.00014261266400449925
1969-01-07,0.0115159726183685,-1.1332228692126731,0.01841367180072252,-0.003208784940102601,-0.003244438106103701
1969-02-07,0.0106246434683399,-1.1372539097404266,0.018038125118843833,-0.0008913291500286004,0.0023174557900740005
1969-03-07,0.0107316029663434,-1.136770184877096,0.017619794637763777,0.00010695949800349977,0.0009982886480321002
1969-04-07,0.0112664004563605,-1.134351560560444,0.01724781327248521,0.0005347974900171016,0.00042783799201360183
1969-07-07,0.0114803194523673,-1.1333841108337834,0.016909108195474372,0.00021391899600680005,-0.00032087849401030155
1969-08-07,0.012157729606389,-1.1303205200326911,0.016647651644799335,0.0006774101540216997,0.0004634911580148997
1969-09-07,0.0123359954363947,-1.1295143119271405,0.016414717626925215,0.00017826583000569995,-0.0004991443240159998
1969-10-07,0.013940387906446,-1.1222584389771848,0.016253089941053376,0.0016043924700512996,0.0014261266400455996
1969-11-07,0.0127994865944095,-1.127418170852709,0.01601064841224562,-0.0011409013120365005,-0.0027452937820878
1969-01-08,0.0121933827723901,-1.130159278411581,0.01575869937250422,-0.0006061038220193989,0.0005347974900171016
1969-04-08,0.0123003422703936,-1.1296755535482503,0.015538838182163854,0.00010695949800349977,0.0007130633200228987
1969-05-08,0.011658585282373,-1.1325779027282328,0.015283323825822343,-0.0006417569880205996,-0.0007487164860240994
1969-06-08,0.0121933827723901,-1.130159278411581,0.015061085757748564,0.0005347974900170999,0.0011765544780376995
1969-07-08,0.0121933827723901,-1.130159278411581,0.01486618178360899,0.0,-0.0005347974900170999
1969-08-08,0.0125499144324015,-1.12854686220048,0.01468435063700317,0.0003565316600113999,0.0003565316600113999
1969-11-08,0.0149030233884768,-1.1179049152072116,0.014590463966533497,0.0023531089560753,0.0019965772960639
1969-12-08,0.0136195094124358,-1.1237096135671758,0.01446686632439621,-0.0012835139760410015,-0.0036366229321163016
1969-02-09,0.0148317170564746,-1.1182273984494313,0.014325442099258354,0.0012122076440388013,0.002495721620079803
1969-03-09,0.015437820878494,-1.1154862908905592,0.014157872219052993,0.0006061038220193989,-0.0006061038220194024
1969-04-09,0.015437820878494,-1.1154862908905592,0.014024767065982071,0.0,-0.0006061038220193989
1969-05-09,0.0153308613804905,-1.1159700157538899,0.013914242251378533,-0.00010695949800349977,-0.00010695949800349977
1969-08-09,0.0162578436965202,-1.1117777336050265,0.013860762502376823,0.0009269823160297005,0.0010339418140332002
1969-09-09,0.0173274386765544,-1.1069404849717228,0.013842935919376251,0.0010695949800341997,0.00014261266400449925
1969-10-09,0.0171848260125499,-1.1075854514561632,0.013838182163909437,-0.00014261266400450098,-0.0012122076440387007
1969-11-09,0.017719623502567,-1.1051668271395112,0.013841747480509549,0.0005347974900170999,0.0006774101540216008
1969-12-09,0.0189674843126069,-1.0995233704006568,0.013907111618178307,0.0012478608100398997,0.0007130633200227998
1969-01-10,0.0210710211066742,-1.0900101147551595,0.014074681498383666,0.002103536794067301,0.0008556759840274014
1969-02-10,0.0221762692527096,-1.0850116245007453,0.01432068834379154,0.0011052481460354022,-0.000998288648031899
1969-03-10,0.0213205932686822,-1.0888814234073885,0.014541737972998613,-0.0008556759840274014,-0.0019609241300628036
1969-06-10,0.0197162007986309,-1.0961372963573441,0.014708119414337273,-0.0016043924700512996,-0.0007487164860238982
1969-07-10,0.0211066742726754,-1.089848873134049,0.015027809469480837,0.0013904734740444978,0.0029948659440957974
1969-08-10,0.0196448944666286,-1.0964597795995643,0.015328484502757126,-0.0014617798060467986,-0.0028522532800912964
1969-09-10,0.0203936109526525,-1.093073705556252,0.015650551435634097,0.0007487164860239016,0.0022104962920707003
1969-10-10,0.020250998288648,-1.0937186720406922,0.01595003803004368,-0.00014261266400450098,-0.0008913291500284026
1969-03-11,0.025812892184826,-1.0685649791475125,0.01642779045445897,0.005561893896177998,0.005704506560182499
1969-04-11,0.024814603536794,-1.0730797445385962,0.016849686252139135,-0.0009982886480319995,-0.006560182544209998
1969-05-11,0.0257059326868225,-1.069048704010843,0.017295350827153395,0.0008913291500284998,0.0018896177980604993
1969-06-11,0.025563320022818,-1.0696936704952833,0.01768278189769913,-0.00014261266400449751,-0.0010339418140329973
1969-07-11,0.0246719908727895,-1.0737247110230363,0.018078532040311797,-0.0008913291500284998,-0.0007487164860240023
1969-10-11,0.0239232743867655,-1.0771107850663493,0.018469528427457645,-0.0007487164860240023,0.00014261266400449751
1969-11-11,0.0244224187107815,-1.0748534023708074,0.018873597642137238,0.0004991443240160015,0.0012478608100400038
1969-12-11,0.024565031374786,-1.074208435886367,0.01930381251188434,0.00014261266400449751,-0.000356531660011504
1969-01-12,0.0226397604107244,-1.082915483426314,0.019652025099828815,-0.0019252709640615977,-0.002067883628066095
1969-02-12,0.0231745579007415,-1.080496859109662,0.02001806427077386,0.0005347974900170999,0.0024600684540786975
1969-03-12,0.0226754135767256,-1.0827542418052036,0.020355580908917998,-0.0004991443240159009,-0.0010339418140330008
1969-04-12,0.0215701654306902,-1.0877527320596174,0.02057781897699178,-0.0011052481460353987,-0.0006061038220194978
1969-05-12,0.0206788362806617,-1.0917837725873707,0.02081312987259931,-0.0008913291500284998,0.00021391899600689893
1969-08-12,0.0210353679406731,-1.0901713563762694,0.02101991823540593,0.0003565316600113999,0.0012478608100398997
1969-09-12,0.019252709640616,-1.098233437431776,0.021147081194143328,-0.0017826583000571002,-0.0021391899600685
1969-10-12,0.0173274386765544,-1.1069404849717228,0.021210068454078676,-0.0019252709640616011,-0.00014261266400450098
1969-11-12,0.0176483171705647,-1.1054893103817316,0.02128731698041448,0.00032087849401030155,0.0022461494580719027
1969-12-12,0.016970907016543,-1.1085529011828241,0.021311085757748576,-0.0006774101540217015,-0.000998288648032003
1970-02-01,0.0188248716486023,-1.1001683368850976,0.02136100019015017,0.0018539646320593003,0.002531374786081002
1970-05-01,0.0199301197946377,-1.0951698466306834,0.021452509982886434,0.0011052481460353987,-0.0007487164860239016
1970-06-01,0.0206075299486594,-1.092106255829591,0.02154877353108951,0.0006774101540217015,-0.00042783799201369724
1970-07-01,0.0197162007986309,-1.0961372963573441,0.02157373074729031,-0.0008913291500284998,-0.0015687393040502012
1970-08-01,0.0201796919566457,-1.0940411552829126,0.021544019775622692,0.00046349115801479907,0.0013548203080432988
1970-09-01,0.0201440387906446,-1.0942023969040224,0.021476278760220527,-3.565316600109836e-05,-0.0004991443240158974
1970-12-01,0.0193240159726183,-1.0979109541895558,0.021409726183685064,-0.0008200228180263031,-0.0007843696520252047
1970-02-02,0.0221762692527096,-1.0850116245007453,0.021491728465487688,0.0028522532800913034,0.0036722760981176064
1970-03-02,0.0223901882487164,-1.0840441747740848,0.021534512264689054,0.0002139189960067983,-0.002638334284084505
1970-04-02,0.0232102110667427,-1.0803356174885517,0.021653356151359528,0.0008200228180262996,0.0006061038220195013
1970-05-02,0.0224614945807187,-1.0837216915318646,0.021722285605628396,-0.0007487164860239988,-0.0015687393040502984
1970-06-02,0.0223188819167141,-1.0843666580163052,0.02179121505989727,-0.0001426126640046016,0.0006061038220193972
1970-09-02,0.0226397604107244,-1.082915483426314,0.021685444000760546,0.00032087849401030155,0.00046349115801490315
1970-10-02,0.0226754135767256,-1.0827542418052036,0.021614137668758266,3.565316600119897e-05,-0.0002852253280091026
1970-11-02,0.0221406160867084,-1.0851728661218558,0.0214952937820878,-0.0005347974900172005,-0.0005704506560183994
1970-12-02,0.022033656588705,-1.085656590985186,0.021377638334284032,-0.00010695949800339916,0.0004278379920138013
1970-02-03,0.0220693097547062,-1.0854953493640758,0.021290882297014587,3.565316600119897e-05,0.00014261266400459813
1970-03-03,0.0224258414147176,-1.0838829331529745,0.02124096786461299,0.0003565316600113999,0.00032087849401020094
1970-04-03,0.022283228750713,-1.084527899637415,0.021169661532610705,-0.00014261266400459813,-0.000499144324015998
1970-05-03,0.0233884768967484,-1.079529409383001,0.021130443050009454,0.0011052481460353987,0.0012478608100399968
1970-06-03,0.0224614945807187,-1.0837216915318646,0.02112450085567593,-0.0009269823160296987,-0.0020322304620650974
1970-09-03,0.0219623502567027,-1.0859790742274065,0.02108409393420797,-0.0004991443240160015,0.00042783799201369724
1970-10-03,0.0218553907586993,-1.0864627990907367,0.02105675984027376,-0.00010695949800339916,0.00039218482601260235
1970-11-03,0.022033656588705,-1.085656590985186,0.02107220954554092,0.00017826583000569995,0.0002852253280090991
1970-12-03,0.0216771249286936,-1.0872690071962872,0.021105485833808654,-0.0003565316600113999,-0.0005347974900170999
1970-01-04,0.0215345122646891,-1.0879139736807275,0.021122123977942515,-0.00014261266400450098,0.00021391899600689893
1970-02-04,0.022033656588705,-1.085656590985186,0.021214822209545483,0.0004991443240159009,0.0006417569880204019
1970-03-04,0.0216058185966913,-1.0875914904385076,0.02135743487355005,-0.0004278379920137007,-0.0009269823160296016
1970-06-04,0.0213918996006845,-1.0885589401651683,0.02148222095455404,-0.0002139189960067983,0.0002139189960069024
1970-07-04,0.0209284084426697,-1.0906550812395996,0.021614137668758263,-0.00046349115801480253,-0.0002495721620080042
1970-08-04,0.0208927552766685,-1.09081632286071,0.021683067123027137,-3.565316600119897e-05,0.00042783799201360356
1970-09-04,0.0208571021106674,-1.09097756448182,0.021713966533561457,-3.565316600109836e-05,1.0061396160665481e-16
1970-10-04,0.0203936109526525,-1.093073705556252,0.02170683590036123,-0.0004634911580148997,-0.0004278379920138013
1970-01-05,0.016471762692527,-1.1108102838783658,0.0215986879634911,-0.003921848260125503,-0.0034583571021106034
1970-04-05,0.016471762692527,-1.1108102838783658,0.02147509032135381,0.0,0.003921848260125503
1970-05-05,0.0135838562464346,-1.123870855188286,0.02125641756988014,-0.0028879064460923982,-0.0028879064460923982
1970-06-05,0.0162934968625213,-1.1116164919839167,0.021155400266210246,0.0027096406160866983,0.0055975470621790965
1970-07-05,0.0152239018824871,-1.1164537406172201,0.020923654687202826,-0.001069594980034198,-0.0037792355961208963
1970-08-05,0.0162934968625213,-1.1116164919839167,0.02072043164099632,0.001069594980034198,0.002139189960068396
1970-11-05,0.0170065601825442,-1.1083916595617136,0.020513643278189705,0.0007130633200229004,-0.00035653166001129756
1970-12-05,0.0171848260125499,-1.1075854514561632,0.02033775432591741,0.00017826583000569995,-0.0005347974900172005
1970-01-06,0.0135482030804335,-1.124032096809396,0.020045398364708058,-0.0036366229321163988,-0.0038148887621220987
1970-02-06,0.0120151169423844,-1.1309654865171317,0.01969124358243006,-0.0015330861380490994,0.0021035367940672994
1970-03-06,0.0124786081003993,-1.1288693454426997,0.019351350066552517,0.0004634911580148997,0.001996577296063999
1970-04-06,0.0132629777524244,-1.1253220297782769,0.01905542878874305,0.0007843696520250989,0.0003208784940101992
1970-05-06,0.0132629777524244,-1.1253220297782769,0.018763072827533697,0.0,-0.0007843696520250989
1970-08-06,0.0132986309184255,-1.125160788157167,0.01847071686632434,3.565316600110009e-05,3.565316600110009e-05
1970-09-06,0.014189960068454,-1.121129747629414,0.018196187488115557,0.0008913291500284998,0.0008556759840273997
1970-10-06,0.0147247575584711,-1.118711123312762,0.017944238448374155,0.0005347974900171016,-0.0003565316600113982
1970-11-06,0.0133342840844266,-1.1249995465360572,0.01760909868796343,-0.0013904734740445013,-0.0019252709640616029
1970-12-06,0.0127281802624072,-1.1277406540949293,0.017284654877353044,-0.0006061038220193989,0.0007843696520251024
1970-01-07,0.0125499144324015,-1.12854686220048,0.016970907016543007,-0.00017826583000569995,0.00042783799201369897
1970-02-07,0.0130847119224187,-1.1261282378838275,0.016678551055333654,0.0005347974900171987,0.0007130633200228987
1970-03-07,0.0125142612664004,-1.1287081038215898,0.016361237877923502,-0.0005704506560182988,-0.0011052481460354976
1970-06-07,0.0125499144324015,-1.12854686220048,0.0160569975280471,3.565316600110009e-05,0.0006061038220193989
1970-07-07,0.0115516257843696,-1.1330616275915633,0.01572423464536978,-0.0009982886480319007,-0.0010339418140330008
1970-08-07,0.0124786081003993,-1.1288693454426997,0.015405733029092924,0.0009269823160297005,0.0019252709640616011
1970-09-07,0.0124786081003993,-1.1288693454426997,0.015101492679216523,0.0,-0.0009269823160297005
1970-10-07,0.0125499144324015,-1.12854686220048,0.014806759840273758,7.130633200220018e-05,7.130633200220018e-05
1970-03-08,0.018218767826583,-1.1029094444439693,0.0147164384864042,0.0056688533941815,0.0055975470621792995
1970-04-08,0.0174343981745578,-1.1064567601083926,0.014601159916333845,-0.0007843696520252012,-0.006453223046206701
1970-05-08,0.017969195664575,-1.1040381357917401,0.014504896368130763,0.0005347974900172005,0.0013191671420424017
1970-06-08,0.016970907016543,-1.1085529011828241,0.014390806236927114,-0.0009982886480319995,-0.0015330861380492
1970-07-08,0.0165430690245293,-1.1104878006361456,0.014393183114660523,-0.0004278379920137007,0.0005704506560182988
1970-10-08,0.0173274386765544,-1.1069404849717228,0.014421705647461435,0.0007843696520251006,0.0012122076440388013
1970-11-08,0.0162221905305191,-1.1119389752261364,0.014509650123597586,-0.0011052481460353016,-0.0018896177980604022
1970-12-08,0.0167926411865373,-1.1093591092883746,0.014526288267731453,0.0005704506560182017,0.0016756988020535032
1970-01-09,0.020500570450656,-1.0925899806929211,0.01470217722000375,0.0037079292641187013,0.0031374786081004996
1970-02-09,0.0202153451226468,-1.0938799136618025,0.014832905495341267,-0.0002852253280091997,-0.003993154592127901
1970-03-09,0.0203223046206503,-1.0933961887984718,0.014943430309944803,0.00010695949800349977,0.0003921848260126995
1970-04-09,0.0205718767826582,-1.0922674974507014,0.015056332002281746,0.00024957216200790014,0.00014261266400440037
1970-07-09,0.0204649172846548,-1.0927512223140317,0.015286889142422457,-0.00010695949800340263,-0.00035653166001130276
1970-08-09,0.0204649172846548,-1.0927512223140317,0.015568549153831471,0.0,0.00010695949800340263
1970-09-09,0.0212492869366799,-1.0892039066496089,0.015860905115040826,0.0007843696520251006,0.0007843696520251006
1970-10-09,0.0206788362806617,-1.0917837725873707,0.0161081003993154,-0.0005704506560181982,-0.0013548203080432988
1970-11-09,0.0203579577866514,-1.093234947177362,0.016344599733789635,-0.00032087849401030155,0.00024957216200789667
1970-01-10,0.0159726183685111,-1.1130676665739074,0.016433732648792488,-0.004385339418140299,-0.004064460924129997
1970-02-10,0.0163291500285225,-1.1114552503628061,0.01650503898079477,0.0003565316600113999,0.004741871078151699
1970-05-10,0.0163291500285225,-1.1114552503628061,0.016558518729796485,0.0,-0.0003565316600113999
1970-06-10,0.0154734740444951,-1.1153250492694493,0.01662982506179877,-0.0008556759840274014,-0.0008556759840274014
1970-07-10,0.016970907016543,-1.1085529011828241,0.016771249286936626,0.0014974329720479004,0.002353108956075302
1970-08-10,0.0175770108385624,-1.105811793623952,0.016938819167141992,0.0006061038220194007,-0.0008913291500284998
1970-09-10,0.0168639475185396,-1.1090366260461544,0.017064793687012688,-0.0007130633200227998,-0.0013191671420422005
1970-12-10,0.0168639475185396,-1.1090366260461544,0.01720978322875066,0.0,0.0007130633200227998
1970-02-11,0.0186466058185966,-1.1009745449906483,0.017413006274957163,0.0017826583000569995,0.0017826583000569995
1970-03-11,0.0181474614945807,-1.1032319276861897,0.01763286746529753,-0.0004991443240159009,-0.0022818026240729004
1970-04-11,0.0185396463205932,-1.1014582698539783,0.01783490207263733,0.00039218482601250174,0.0008913291500284026
1970-05-11,0.0193240159726183,-1.0979109541895558,0.01806308233504463,0.0007843696520250971,0.0003921848260125954
1970-06-11,0.0184326868225898,-1.1019419947173088,0.018259174748050905,-0.0008913291500284998,-0.001675698802053597
1970-09-11,0.0183257273245864,-1.102425719580639,0.01826274006465102,-0.00010695949800339916,0.0007843696520251006
1970-10-11,0.0196805476326297,-1.0962985379784544,0.01833761171325342,0.0013548203080433023,0.0014617798060467015
1970-11-11,0.0184683399885909,-1.1017807530961987,0.01835424985738728,-0.0012122076440388013,-0.0025670279520821036
1970-12-11,0.0190744438106103,-1.0990396455373266,0.018424367750522856,0.0006061038220194007,0.001818311466058202
1970-01-12,0.0119438106103821,-1.131287969759352,0.01827105913671795,-0.007130633200228201,-0.007736737022247602
1970-02-12,0.0135125499144323,-1.1241933384305065,0.018143896177980547,0.0015687393040501995,0.0086993725042784
1970-03-12,0.0131560182544209,-1.1258057546416078,0.01804169043544394,-0.0003565316600113999,-0.0019252709640615994
1970-04-12,0.0135125499144323,-1.1241933384305065,0.01793235405970711,0.0003565316600113999,0.0007130633200227998
1970-07-12,0.0131203650884198,-1.1259669962627177,0.017686347214299236,-0.0003921848260125,-0.0007487164860238999
1970-08-12,0.0126925270964061,-1.1279018957160392,0.01743558661342454,-0.00042783799201369897,-3.565316600119897e-05
1970-09-12,0.0115516257843696,-1.1330616275915633,0.017143230652215187,-0.0011409013120365005,-0.0007130633200228016
1970-10-12,0.0109455219623502,-1.1358027351504354,0.01682235215820492,-0.0006061038220194007,0.0005347974900170999
1970-11-12,0.0118368511123787,-1.1317716946226823,0.016534749952462385,0.0008913291500285015,0.0014974329720479022
1971-04-01,0.0135838562464346,-1.123870855188286,0.016305381251188376,0.0017470051340558995,0.0008556759840273979
1971-05-01,0.0135482030804335,-1.124032096809396,0.016048678455980164,-3.565316600110009e-05,-0.0017826583000569995
1971-06-01,0.0133699372504278,-1.1248383049149469,0.0158050484883057,-0.00017826583000569995,-0.00014261266400459986
1971-07-01,0.0149030233884768,-1.1179049152072116,0.01562321734169988,0.0015330861380490005,0.0017113519680547005
1971-08-01,0.014938676554478,-1.117743673586101,0.015588752614565443,3.565316600119897e-05,-0.0014974329720478016
1971-11-01,0.0155804335424985,-1.114841324406119,0.015563795398364642,0.0006417569880205008,0.0006061038220193018
1971-12-01,0.0151525955504848,-1.1167762238594405,0.015524576915763387,-0.0004278379920137007,-0.0010695949800342015
1971-01-02,0.0114803194523673,-1.1333841108337834,0.01539147176269246,-0.003672276098117499,-0.003244438106103798
1971-02-02,0.0120151169423844,-1.1309654865171317,0.015226278760220507,0.0005347974900170999,0.004207073588134599
1971-03-02,0.012407301768397,-1.12919182868492,0.015053955124548327,0.0003921848260125989,-0.00014261266400450098
1971-04-02,0.0123003422703936,-1.1296755535482503,0.014901834949610126,-0.00010695949800339916,-0.000499144324015998
1971-05-02,0.0118725042783799,-1.131610453001572,0.014735453508271469,-0.0004278379920137007,-0.00032087849401030155
1971-08-02,0.012157729606389,-1.1303205200326911,0.014519157634531215,0.00028522532800910085,0.0007130633200228016
1971-09-02,0.0110168282943525,-1.135480251908215,0.014281469861190277,-0.0011409013120365005,-0.0014261266400456014
1971-10-02,0.0109098687963491,-1.1359639767715455,0.014027143943715474,-0.00010695949800340089,0.0010339418140330996
1971-11-02,0.0114803194523673,-1.1333841108337834,0.01376568739304044,0.0005704506560182017,0.0006774101540216026
1971-12-02,0.0113377067883628,-1.1340290773182238,0.013529188058566207,-0.00014261266400450098,-0.0007130633200227027
1971-01-03,0.011658585282373,-1.1325779027282328,0.013306949990492426,0.00032087849401020094,0.0004634911580147019
1971-02-03,0.0126925270964061,-1.1279018957160392,0.013074015972618308,0.0010339418140330996,0.0007130633200228987
1971-03-03,0.0121933827723901,-1.130159278411581,0.012864850732078279,-0.0004991443240159998,-0.0015330861380490994
1971-04-03,0.0122290359383913,-1.1299980367904707,0.01263667046967098,3.565316600119897e-05,0.0005347974900171987
1971-05-03,0.0130134055904164,-1.126450721126048,0.012672323635672124,0.0007843696520251006,0.0007487164860239016
1971-08-03,0.0137264689104392,-1.1232258887038455,0.012679454268872353,0.0007130633200227998,-7.13063320023008e-05
1971-09-03,0.0139047347404449,-1.1224196805982949,0.012704411485073152,0.00017826583000569995,-0.0005347974900170999
1971-10-03,0.0140830005704506,-1.1216134724927442,0.012723426506940432,0.00017826583000569995,0.0
1971-11-03,0.0138690815744438,-1.1225809222194048,0.012748383723141231,-0.00021391899600680005,-0.0003921848260125
1971-12-03,0.0137264689104392,-1.1232258887038455,0.012782848450275667,-0.00014261266400459986,7.130633200220018e-05
1971-01-04,0.0157230462065031,-1.1141963579216783,0.012921895797680116,0.0019965772960639,0.0021391899600685
1971-02-04,0.0156517398745008,-1.1145188411638987,0.013078769728085136,-7.13063320023008e-05,-0.002067883628066201
1971-05-04,0.0166500285225328,-1.110004075772815,0.013239208975090273,0.0009982886480319995,0.0010695949800343003
1971-06-04,0.0162221905305191,-1.1119389752261364,0.013327153451226424,-0.0004278379920137007,-0.0014261266400457003
1971-07-04,0.0165074158585282,-1.1106490422572555,0.013425793877162914,0.0002852253280091026,0.0007130633200228033
1971-08-04,0.0171848260125499,-1.1075854514561632,0.013552956835900317,0.000677410154021698,0.0003921848260125954
1971-03-05,0.0145108385624643,-1.1196785730394228,0.013539884008366566,-0.002673987450085598,-0.003351397604107296
1971-04-05,0.0136908157444381,-1.1233871303249554,0.013498288648031903,-0.0008200228180262007,0.0018539646320593975
1971-05-05,0.0150456360524814,-1.1172599487227708,0.013480462065031335,0.0013548203080433006,0.0021748431260695013
1971-06-05,0.0149030233884768,-1.1179049152072116,0.0134721429929644,-0.00014261266400459986,-0.0014974329720479004
1971-07-05,0.0147604107244723,-1.1185498816916517,0.013581479368701233,-0.00014261266400450098,9.8879238130678e-17
1971-10-05,0.0142256132344552,-1.1209685060083034,0.013655162578436927,-0.0005347974900170999,-0.0003921848260125989
1971-11-05,0.014439532230462,-1.1200010562816431,0.013722903593839094,0.00021391899600680005,0.0007487164860238999
1971-12-05,0.0141543069024529,-1.1212909892505238,0.013784702414907736,-0.0002852253280090991,-0.0004991443240158992
1971-01-06,0.012157729606389,-1.1303205200326911,0.013794209925841374,-0.0019965772960639,-0.001711351968054801
1971-02-06,0.0113377067883628,-1.1340290773182238,0.013766875831907166,-0.0008200228180262007,0.0011765544780376995
1971-03-06,0.0112307472903593,-1.1345128021815547,0.013774006465107394,-0.00010695949800349977,0.0007130633200227009
1971-04-06,0.0112307472903593,-1.1345128021815547,0.013784702414907733,0.0,0.00010695949800349977
1971-07-06,0.011159440958357,-1.1348352854237747,0.013774006465107392,-7.13063320023008e-05,-7.13063320023008e-05
1971-08-06,0.0110524814603536,-1.1353190102871051,0.01376449895417375,-0.00010695949800339916,-3.565316600109836e-05
1971-09-06,0.0127994865944095,-1.127418170852709,0.013802528997908299,0.0017470051340558995,0.0018539646320592986
1971-10-06,0.0120151169423844,-1.1309654865171317,0.013779948659440908,-0.0007843696520250989,-0.0025313747860809983
1971-11-06,0.0121933827723901,-1.130159278411581,0.01377994865944091,0.00017826583000569995,0.0009626354820307988
1971-01-07,0.0117298916143753,-1.1322554194860126,0.013763310515307043,-0.0004634911580148008,-0.0006417569880205008
1971-02-07,0.0117655447803764,-1.1320941778649027,0.013721715154972376,3.565316600110009e-05,0.0004991443240159009
1971-05-07,0.0110524814603536,-1.1353190102871051,0.013632582239969524,-0.0007130633200227998,-0.0007487164860238999
1971-06-07,0.0113020536223616,-1.1341903189393343,0.013545826202700081,0.000249572162007999,0.0009626354820307988
1971-07-07,0.0109455219623502,-1.1358027351504354,0.013441243582430066,-0.0003565316600113999,-0.0006061038220193989
1971-08-07,0.0113020536223616,-1.1341903189393343,0.013355675984027326,0.0003565316600113999,0.0007130633200227998
1971-09-07,0.011409013120365,-1.1337065940760038,0.01327842745769152,0.00010695949800340089,-0.000249572162007999
1971-12-07,0.0112307472903593,-1.1345128021815547,0.013128684160486728,-0.00017826583000569995,-0.00028522532800910085
1971-02-08,0.0110524814603536,-1.1353190102871051,0.01297537554668182,-0.00017826583000569995,0.0
1971-03-08,0.0119794637763833,-1.1311267281382416,0.012819690055143503,0.0009269823160297005,0.0011052481460354004
1971-04-08,0.0126212207644038,-1.1282243789582596,0.012699657729606326,0.000641756988020499,-0.00028522532800920146
1971-05-08,0.0124429549343981,-1.1290305870638102,0.01256417569880199,-0.00017826583000569995,-0.000820022818026199
1971-06-08,0.011658585282373,-1.1325779027282328,0.012379967674462759,-0.0007843696520250989,-0.0006061038220193989
1971-09-08,0.0120151169423844,-1.1309654865171317,0.012296776953793432,0.0003565316600113999,0.0011409013120364988
1971-10-08,0.0120151169423844,-1.1309654865171317,0.012240920327058308,0.0,-0.0003565316600113999
1971-11-08,0.0108029092983456,-1.1364477016348762,0.012099496101920447,-0.0012122076440388013,-0.0012122076440388013
1971-12-08,0.011409013120365,-1.1337065940760038,0.011983029092983388,0.0006061038220194007,0.001818311466058202
1971-01-09,0.0075584711922418,-1.1511206891558976,0.011742964441909037,-0.0038505419281231997,-0.0044566457501426
1971-02-09,0.0082002281802624,-1.148218339975915,0.011542118273435943,0.0006417569880205988,0.0044922989161437984
1971-03-09,0.0078080433542498,-1.1499919978081266,0.01132106864422887,-0.0003921848260125989,-0.0010339418140331976
1971-06-09,0.0071306332002281,-1.153055588609219,0.011086946187488043,-0.0006774101540217006,-0.0002852253280091017
1971-07-09,0.0060610382201939,-1.1578928372425228,0.010883723141281538,-0.0010695949800341997,-0.00039218482601249913
1971-08-09,0.003565316600114,-1.1691797507202317,0.010624643468339913,-0.0024957216200799,-0.0014261266400457003
1971-09-09,0.0052410154021677,-1.1616013945280554,0.010424985738733525,0.0016756988020537001,0.0041714204221336
1971-10-09,0.0040288077581289,-1.1670836096457997,0.01018492108765918,-0.0012122076440388005,-0.0028879064460925006
1971-01-10,0.0038505419281232,-1.1678898177513506,0.009941291119984718,-0.00017826583000569952,0.001033941814033101
1971-04-10,0.0037792355961209,-1.1682123009935708,0.009698849591176962,-7.130633200229993e-05,0.00010695949800339959
1971-05-10,0.0022104962920707,-1.1753069323224163,0.00934588324776567,-0.0015687393040502004,-0.0014974329720479004
1971-06-10,0.002531374786081,-1.1738557577324251,0.009029758509222224,0.00032087849401030025,0.0018896177980605006
1971-07-10,0.0027452937820878,-1.1728883080057644,0.008714822209545479,0.00021391899600680005,-0.0001069594980035002
1971-08-10,0.0024600684540787,-1.1741782409746455,0.00840582810420226,-0.0002852253280091,-0.0004991443240159
1971-11-10,0.0008556759840273,-1.1814341139246014,0.008042165810990624,-0.0016043924700514002,-0.0013191671420423002
1971-12-10,0.001533086138049,-1.1783705231235089,0.007724852633580469,0.0006774101540217,0.0022818026240731004
1971-01-11,0.0007487164860239,-1.1819178387879314,0.00737307472903588,-0.0007843696520251001,-0.0014617798060468001
1971-02-11,0.0,-1.1853039128312441,0.007008223996957539,-0.0007487164860239,3.5653166001200056e-05
1971-03-11,0.0,-1.1853039128312441,0.006631488876212153,0.0,0.0007487164860239
1971-04-11,0.0007843696520251,-1.1817565971668211,0.006277334093934157,0.0007843696520251,0.0007843696520251
1971-05-11,0.0004278379920136,-1.1833690133779229,0.005917237117322633,-0.0003565316600115,-0.0011409013120365998
1971-08-11,0.0009626354820308,-1.1809503890612707,0.005580908918045207,0.0005347974900172,0.0008913291500287
1971-09-11,0.0015687393040502,-1.1782092815023983,0.005233884768967437,0.0006061038220193999,7.130633200219986e-05
1971-10-11,0.0012122076440387,-1.1798216977135003,0.004853584331621933,-0.00035653166001149987,-0.0009626354820308998
1971-11-11,0.0013191671420422,-1.1793379728501694,0.00448279140521007,0.00010695949800349999,0.00046349115801499986
1971-12-11,0.002032230462065,-1.1761131404279668,0.004161912911199803,0.0007130633200227998,0.0006061038220192998
1971-01-12,0.0018539646320593,-1.1769193485335177,0.003823207834188967,-0.00017826583000569995,-0.0008913291500284998
1971-02-12,0.0028522532800912,-1.1724045831424343,0.00351777904544586,0.0009982886480319002,0.0011765544780376002
1971-03-12,0.0027452937820878,-1.1728883080057644,0.0032491918615706,-0.00010695949800340002,-0.0011052481460353003
1971-06-12,0.004563605248146,-1.1646649853291482,0.0030210115991633,0.0018183114660582003,0.0019252709640616003
1971-07-12,0.0035296634341129,-1.1693409923413418,0.0028867180072256696,-0.0010339418140331005,-0.0028522532800913008
1971-08-12,0.0038505419281232,-1.1678898177513506,0.0027417284654876963,0.00032087849401030025,0.0013548203080434008
1971-09-12,0.0043853394181403,-1.1654711934346986,0.0026276383342840465,0.0005347974900171003,0.00021391899600680005
1971-10-12,0.0050984027381631,-1.1622463610124962,0.00255989731888188,0.0007130633200227998,0.00017826583000569952
1972-03-01,0.0036366229321163,-1.1688572674780113,0.00247908347594596,-0.0014617798060468003,-0.0021748431260696
1972-04-01,0.004314033086138,-1.165793676676919,0.0025040406921467604,0.0006774101540216997,0.0021391899600685
1972-05-01,0.0052053622361665,-1.1617626361491658,0.0025028522532800535,0.0008913291500285006,0.00021391899600680091
1972-06-01,0.0047775242441528,-1.1636975356024875,0.00252780946948085,-0.00042783799201369984,-0.0013191671420422005
1972-07-01,0.0059540787221905,-1.158376562105853,0.0025979273626164268,0.0011765544780376995,0.0016043924700513993
1972-10-01,0.0059184255561893,-1.1585378037269634,0.0026692336946187068,-3.565316600119984e-05,-0.0012122076440388993
1972-11-01,0.0073802053622361,-1.151926897261448,0.0028415573302908864,0.0014617798060468003,0.0014974329720480002
1972-12-01,0.0065601825442099,-1.1556354545469807,0.002975850922228517,-0.0008200228180262007,-0.002281802624073001
1972-01-02,0.0093054763262977,-1.1432198497215014,0.00319452367370218,0.002745293782087801,0.0035653166001140017
1972-02-02,0.0098402738163148,-1.1408012254048494,0.00344053051911005,0.0005347974900170999,-0.002210496292070701
1972-03-02,0.0086637193382772,-1.1461221989014834,0.00370079863091838,-0.0011765544780376006,-0.0017113519680547005
1972-04-02,0.0089489446662863,-1.1448322659326025,0.0039479939151929565,0.00028522532800910085,0.0014617798060467015
1972-07-02,0.0094837421563034,-1.1424136416159507,0.004239161437535607,0.0005347974900170999,0.000249572162007999
1972-08-02,0.0092698231602966,-1.1433810913426112,0.004548155542878827,-0.00021391899600680005,-0.0007487164860238999
1972-09-02,0.0086637193382772,-1.1461221989014834,0.004836946187488067,-0.0006061038220194007,-0.0003921848260126006
1972-10-02,0.0093054763262977,-1.1432198497215014,0.005120983076630487,0.0006417569880205008,0.0012478608100399014
1972-11-02,0.0091628636622932,-1.1438648162059415,0.00541215059897314,-0.00014261266400450098,-0.0007843696520250017
1972-01-03,0.0072375926982316,-1.1525718637458884,0.005621315839513167,-0.0019252709640615994,-0.0017826583000570984
1972-02-03,0.0081645750142612,-1.1483795815970252,0.005841177029853533,0.0009269823160295999,0.0028522532800911993
1972-03-03,0.0080932686822589,-1.1487020648392456,0.0060705457311275406,-7.13063320023008e-05,-0.0009982886480319007
1972-06-03,0.008877638334284,-1.1451547491748229,0.0063224947708689335,0.0007843696520251006,0.0008556759840274014
1972-07-03,0.0094837421563034,-1.1424136416159507,0.006570878494010213,0.0006061038220194007,-0.00017826583000569995
1972-08-03,0.0090202509982886,-1.144509782690382,0.006809754706217857,-0.0004634911580148008,-0.0010695949800342015
1972-09-03,0.0095193953223046,-1.1422523999948402,0.007031992774291636,0.0004991443240159998,0.0009626354820308006
1972-10-03,0.0094124358243011,-1.1427361248581709,0.007254230842365413,-0.00010695949800349977,-0.0006061038220194995
1972-04-04,0.0116229321163719,-1.1327391443493429,0.007489541737972944,0.002210496292070801,0.0023174557900743006
1972-05-04,0.0112664004563605,-1.134351560560444,0.007747432972047863,-0.0003565316600113999,-0.0025670279520822008
1972-06-04,0.0107316029663434,-1.136770184877096,0.007976801673321869,-0.0005347974900171016,-0.0001782658300057017
1972-07-04,0.0110881346263548,-1.1351577686659946,0.008200228180262354,0.00035653166001140164,0.0008913291500285032
1972-10-04,0.0113733599543639,-1.133867835697114,0.00840939342080238,0.0002852253280090991,-7.130633200230253e-05
1972-11-04,0.0108742156303479,-1.1361252183926558,0.008650646510743433,-0.0004991443240159998,-0.0007843696520250989
1972-12-04,0.0110168282943525,-1.135480251908215,0.008874073017683918,0.00014261266400459986,0.0006417569880205996
1972-01-05,0.0117298916143753,-1.1322554194860126,0.009091557330290876,0.0007130633200227998,0.0005704506560182
1972-02-05,0.0113377067883628,-1.1340290773182238,0.009310230081764544,-0.0003921848260125,-0.0011052481460352998
1972-03-05,0.0108742156303479,-1.1361252183926558,0.00947423464536979,-0.0004634911580148997,-7.130633200239968e-05
1972-04-05,0.0109811751283513,-1.1356414935293255,0.009642992964441856,0.00010695949800339916,0.0005704506560182988
1972-05-05,0.0112307472903593,-1.1345128021815547,0.009771344362045964,0.00024957216200800075,0.0001426126640046016
1972-08-05,0.0113733599543639,-1.133867835697114,0.009931783609051097,0.00014261266400459986,-0.00010695949800340089
1972-09-05,0.0118368511123787,-1.1317716946226823,0.01001616276858713,0.0004634911580148008,0.00032087849401020094
1972-10-05,0.0114446662863662,-1.1335453524548935,0.010069642517588843,-0.0003921848260125,-0.0008556759840273008
1972-11-05,0.0110524814603536,-1.1353190102871051,0.010149267921658055,-0.0003921848260126006,-1.0061396160665481e-16
1972-12-05,0.0109098687963491,-1.1359639767715455,0.010214632059326817,-0.00014261266400450098,0.00024957216200809963
1972-01-06,0.0094480889903023,-1.1425748832370606,0.010213443620460113,-0.0014617798060467986,-0.0013191671420422976
1972-02-06,0.010125499144324,-1.1395112924359683,0.010241966153261027,0.0006774101540216997,0.0021391899600684983
1972-05-06,0.0099472333143183,-1.1403175005415187,0.010284749952462398,-0.00017826583000569995,-0.0008556759840273997
1972-06-06,0.0103750713063319,-1.1383826010881974,0.010320403118463535,0.0004278379920136001,0.0006061038220193
1972-07-06,0.0108385624643468,-1.1362864600137659,0.010376259745198657,0.0004634911580148997,3.5653166001299585e-05
1972-08-06,0.0106246434683399,-1.1372539097404266,0.010489161437535598,-0.00021391899600690066,-0.0006774101540218003
1972-09-06,0.0106959498003422,-1.1369314264982062,0.010573540597071633,7.13063320023008e-05,0.00028522532800920146
1972-12-06,0.0104820308043354,-1.137898876224867,0.01065316600114085,-0.00021391899600680005,-0.00028522532800910085
1972-03-07,0.0104107244723331,-1.1382213594670871,0.010704268872409155,-7.13063320023008e-05,0.00014261266400449925
1972-04-07,0.0100898459783228,-1.1396725340570786,0.010724472333143133,-0.0003208784940102998,-0.000249572162007999
1972-05-07,0.0101611523103251,-1.1393500508148582,0.010762502376877684,7.13063320023008e-05,0.0003921848260126006
1972-06-07,0.011908157444381,-1.131449211380462,0.010842127780946897,0.0017470051340558995,0.0016756988020535987
1972-07-07,0.0145464917284654,-1.1195173314183127,0.011013262977752373,0.002638334284084401,0.0008913291500285015
1972-10-07,0.0150812892184825,-1.117098707101661,0.011128541547822727,0.0005347974900170999,-0.002103536794067301
1972-11-07,0.0146177980604677,-1.1191948481760925,0.011240254801292966,-0.0004634911580148008,-0.0009982886480319007
1972-12-07,0.0151169423844837,-1.1169374654805506,0.011386432781897642,0.0004991443240159998,0.0009626354820308006
1972-01-08,0.0186109526525955,-1.1011357866117581,0.011637193382772333,0.003494010268111799,0.002994865944095799
1972-02-08,0.0200370792926411,-1.0946861217673531,0.011925984027381573,0.001426126640045603,-0.002067883628066196
1972-03-08,0.0191814033086138,-1.0985559206739959,0.01220289028332377,-0.0008556759840273008,-0.002281802624072904
1972-04-08,0.0192170564746149,-1.0983946790528858,0.01247623122266585,3.565316600109836e-05,0.0008913291500283992
1972-07-08,0.0195735881346263,-1.0967822628417847,0.012737687773340884,0.0003565316600113999,0.00032087849401030155
1972-08-08,0.0193240159726183,-1.0979109541895558,0.013003898079482734,-0.00024957216200800075,-0.0006061038220194007
1972-09-08,0.0184326868225898,-1.1019419947173088,0.013255847119224128,-0.0008913291500284998,-0.000641756988020499
1972-10-08,0.0195379349686252,-1.0969435044628946,0.01354107244723326,0.0011052481460354022,0.001996577296063902
1972-11-08,0.0194309754706217,-1.0974272293262255,0.01381441338657534,-0.00010695949800349977,-0.001212207644038902
1972-01-09,0.022283228750713,-1.084527899637415,0.014178075679786977,0.0028522532800913,0.0029592127780947997
1972-04-09,0.0222119224187107,-1.0848503828796354,0.014523911389998043,-7.13063320023008e-05,-0.0029235596120936007
1972-05-09,0.0228180262407301,-1.0821092753207633,0.01490302338847684,0.0006061038220194007,0.0006774101540217015
1972-06-09,0.0223188819167141,-1.0843666580163052,0.015278570070355523,-0.0004991443240160015,-0.0011052481460354022
1972-07-09,0.0209284084426697,-1.0906550812395996,0.015612521391899543,-0.0013904734740444007,-0.0008913291500283992
1972-08-09,0.0211423274386765,-1.0896876315129391,0.016002329340178683,0.00021391899600680178,0.0016043924700512024
1972-11-09,0.0199657729606389,-1.095008605009573,0.01633033846738918,-0.0011765544780375989,-0.0013904734740444007
1972-12-09,0.0185752994865944,-1.101297028232868,0.016617940673131718,-0.0013904734740445013,-0.0002139189960069024
1972-02-10,0.016721334854535,-1.109681592530595,0.016829482791405156,-0.001853964632059401,-0.0004634911580148997
1972-03-10,0.0175413576725613,-1.1059730352450619,0.017052909298345634,0.0008200228180262996,0.0026739874500857005
1972-04-10,0.0182544209925841,-1.1027482028228595,0.017307235215820442,0.0007130633200227998,-0.00010695949800349977
1972-05-10,0.0178265830005704,-1.104683102276181,0.017544922989161382,-0.00042783799201369724,-0.001140901312036497
1972-06-10,0.0172561323445521,-1.1072629682139432,0.017770726373835272,-0.0005704506560183023,-0.00014261266400460507
1972-09-10,0.0186822589845978,-1.1008133033695378,0.018046444190910765,0.0014261266400457003,0.0019965772960640026
1972-10-10,0.0188605248146035,-1.1000070952639873,0.01833880015212012,0.00017826583000569995,-0.0012478608100400003
1972-11-10,0.0186466058185966,-1.1009745449906483,0.018621648602395836,-0.00021391899600689893,-0.0003921848260125989
1972-12-10,0.017969195664575,-1.1040381357917401,0.018823683209735636,-0.0006774101540216008,-0.0004634911580147019
1972-01-11,0.019751853964632,-1.095976054736234,0.018997195284274526,0.0017826583000569995,0.0024600684540786004
1972-02-11,0.0203223046206503,-1.0933961887984718,0.019171895797680118,0.0005704506560183023,-0.0012122076440386972
1972-03-11,0.0198588134626354,-1.0954923298729038,0.019346596311085706,-0.0004634911580148997,-0.001033941814033202
1972-06-11,0.0208214489446662,-1.0911388061029303,0.019536746529758457,0.0009626354820307971,0.0014261266400456968
1972-07-11,0.0200727324586423,-1.0945248801462428,0.01958547252329335,-0.0007487164860238982,-0.0017113519680546953
1972-08-11,0.0208571021106674,-1.09097756448182,0.01961280661722756,0.0007843696520251006,0.0015330861380489988
1972-09-11,0.0196448944666286,-1.0964597795995643,0.01962825632249472,-0.0012122076440388013,-0.001996577296063902
1972-10-11,0.019003137478608,-1.099362128779547,0.01962112568929449,-0.0006417569880205996,0.0005704506560182017
1972-01-12,0.0212492869366799,-1.0892039066496089,0.01967698231602961,0.0022461494580718992,0.002887906446092499
1972-04-12,0.0221049629207073,-1.0853341077429657,0.019769680547632576,0.0008556759840274014,-0.0013904734740444978
1972-05-12,0.0213205932686822,-1.0888814234073885,0.019865944095835655,-0.0007843696520251006,-0.001640045636052502
1972-06-12,0.0235310895607529,-1.078884442898561,0.019999049248906577,0.0022104962920707003,0.002994865944095801
1972-07-12,0.0227467199087278,-1.0824317585629837,0.020109574063510115,-0.0007843696520251006,-0.002994865944095801
1972-08-12,0.0232102110667427,-1.0803356174885517,0.02014047347404444,0.0004634911580148997,0.0012478608100400003
1972-11-12,0.0242798060467769,-1.075498368855248,0.020209402928313313,0.0010695949800341997,0.0006061038220193
1972-12-12,0.0249572162007986,-1.0724347780541554,0.0202807092603156,0.0006774101540217015,-0.00039218482601249827
1973-02-01,0.0272746719908727,-1.0619540726819976,0.020445902262787547,0.0023174557900740994,0.001640045636052398
1973-03-01,0.0262407301768397,-1.0666300796941908,0.02062297965392655,-0.0010339418140330008,-0.0033513976041071
1973-04-01,0.027595550484883,-1.0605028980920062,0.0208380870888001,0.0013548203080432988,0.0023887621220762996
1973-05-01,0.0268824871648602,-1.0637277305142088,0.02106864422894081,-0.0007130633200227998,-0.0020678836280660987
1973-08-01,0.0253850541928123,-1.0704998786008337,0.021295636052481408,-0.001497432972047897,-0.0007843696520250971
1973-09-01,0.0263833428408442,-1.0659851132097504,0.02161770298535838,0.000998288648031899,0.002495721620079796
1973-10-01,0.0253850541928123,-1.0704998786008337,0.021879159536033414,-0.000998288648031899,-0.001996577296063798
1973-11-01,0.0263476896748431,-1.0661463548308605,0.02214893515877538,0.0009626354820307971,0.001960924130062696
1973-12-01,0.0263120365088419,-1.0663075964519708,0.022431783609051095,-3.565316600119897e-05,-0.000998288648031996
1973-01-02,0.027096406160867,-1.062760280787548,0.022759792736261594,0.0007843696520251006,0.0008200228180262996
1973-02-02,0.0270250998288647,-1.0630827640297684,0.023037887431070492,-7.13063320023008e-05,-0.0008556759840274014
1973-05-02,0.0272033656588705,-1.0622765559242173,0.02331598212587939,0.00017826583000580057,0.00024957216200810137
1973-06-02,0.029877353108956,-1.0501834343409582,0.023690340368891373,0.0026739874500854993,0.0024957216200796987
1973-07-02,0.0291999429549343,-1.0532470251420507,0.02406469861190335,-0.000677410154021698,-0.0033513976041071973
1973-08-02,0.0304478037649743,-1.047603568403196,0.024421230271914753,0.0012478608100400003,0.0019252709640616983
1973-09-02,0.0308043354249857,-1.0459911521920946,0.024770631298725938,0.0003565316600113999,-0.0008913291500286004
1973-01-03,0.0434968625213918,-0.98858913507689,0.02555856626735115,0.0126925270964061,0.0123359954363947
1973-12-03,0.0374358243011979,-1.0160002106656112,0.026112378779235543,-0.0060610382201939025,-0.018753565316600003
1973-02-04,0.0320521962350256,-1.0403476954532405,0.026511694238448315,-0.005383628066172298,0.0006774101540216043
1973-03-04,0.0340487735310895,-1.0313181646710732,0.026951416619129052,0.001996577296063902,0.0073802053622362
1973-04-04,0.0330148317170564,-1.035994171683267,0.027397081194143313,-0.0010339418140331014,-0.0030305191100970033
1973-05-04,0.0344409583571021,-1.0295445068388618,0.02791167522342645,0.0014261266400456968,0.002460068454078798
1973-06-04,0.0333357102110667,-1.0345429970932756,0.028314555999239342,-0.0011052481460353952,-0.002531374786081092
1973-09-04,0.0333713633770678,-1.0343817554721657,0.02869010268111803,3.565316600109836e-05,0.0011409013120364936
1973-10-04,0.0347261836851112,-1.0282545738699806,0.02913695569499899,0.001354820308043396,0.0013191671420422976
1973-11-04,0.0347618368511123,-1.0280933322488708,0.029511313938010975,3.5653166001105296e-05,-0.0013191671420422907
1973-12-04,0.0341200798630918,-1.030995681428853,0.029890425936489773,-0.000641756988020506,-0.0006774101540216113
1973-01-05,0.0311965202509982,-1.0442174943598834,0.03015663624263162,-0.002923559612093597,-0.0022818026240730913
1973-02-05,0.0300556189389617,-1.0493772262354075,0.030349163339037786,-0.0011409013120365005,0.0017826583000570967
1973-03-05,0.0301982316029663,-1.0487322597509667,0.030523863852443375,0.0001426126640046016,0.0012835139760411021
1973-04-05,0.0326226468910439,-1.0377678295154782,0.03070212968244908,0.0024244152880775957,0.002281802624072994
1973-07-05,0.0328009127210496,-1.0369616214099275,0.030920802433922746,0.00017826583000569995,-0.0022461494580718958
1973-08-05,0.0338705077010838,-1.0321243727766238,0.03112996767446277,0.0010695949800342067,0.0008913291500285067
1973-09-05,0.0357957786651454,-1.0234173252366772,0.031427077391138945,0.0019252709640615942,0.0008556759840273875
1973-10-05,0.0380419281232173,-1.013259103106739,0.03184897318881911,0.0022461494580719027,0.0003208784940103085
1973-11-05,0.0388619509412435,-1.0095505458212062,0.032264926792165756,0.000820022818026199,-0.0014261266400457037
1973-01-06,0.0475969766115231,-0.9700463486492249,0.03300532420612278,0.008735025670279603,0.007915002852253404
1973-04-06,0.0489517969195664,-0.9639191670470402,0.03375879444761355,0.0013548203080432988,-0.007380205362236304
1973-05-06,0.0521249286936679,-0.949568662768239,0.03461922418710776,0.003173131774101501,0.001818311466058202
1973-06-06,0.0456360524814603,-0.978914637810282,0.035237212397794204,-0.006488876212207603,-0.009662007986309104
1973-07-06,0.0453508271534512,-0.9802045707791629,0.035848069975280415,-0.0002852253280090991,0.006203650884198504
1973-08-06,0.043782087849401,-0.9872992021080086,0.036400694048298106,-0.0015687393040502012,-0.0012835139760411021
1973-11-06,0.0439247005134055,-0.9866542356235682,0.03686893896177976,0.00014261266400450445,0.0017113519680547057
1973-12-06,0.0424272675413576,-0.9934263837101934,0.037309849781327196,-0.0014974329720479004,-0.0016400456360524049
1973-02-07,0.0507701083856246,-0.9556958443704238,0.03798725993534887,0.008342840844267,0.009840273816314901
1973-03-07,0.0503422703936109,-0.9576307438237454,0.038638524434303045,-0.0004278379920137007,-0.008770678836280701
1973-04-07,0.0519466628636622,-0.9503748708737898,0.03892018444571206,0.0016043924700512996,0.0020322304620650003
1973-05-07,0.050877067883628,-0.9552121195070934,0.03936822589845972,-0.0010695949800341997,-0.0026739874500854993
1973-06-07,0.0543354249857387,-0.939571682259411,0.04011100019015016,0.003458357102110697,0.004527952082144897
1973-09-07,0.0545493439817455,-0.9386042325327505,0.040794352538505364,0.0002139189960067983,-0.0032444381061038988
1973-10-07,0.0528023388476896,-0.9465050719671467,0.041453936109526475,-0.0017470051340558942,-0.0019609241300626926
1973-11-07,0.0497718197375927,-0.9602106097615071,0.04196496482220949,-0.003030519110096906,-0.001283513976041012
1973-12-07,0.053907586993725,-0.9415065817127326,0.0426506940482981,0.004135767256132301,0.0071662863662292076
1973-01-08,0.0586138049058756,-0.9202226877261959,0.043492108765925026,0.004706217912150604,0.0005704506560183023
1973-02-08,0.0581146605818596,-0.9224800704217377,0.04427172466248331,-0.0004991443240160015,-0.005205362236166605
1973-03-08,0.0567241871078151,-0.9287684936450327,0.045003803004373406,-0.0013904734740445013,-0.0008913291500284998
1973-06-08,0.0559041642897889,-0.9324770509305654,0.04572993915192997,-0.000820022818026199,0.0005704506560183023
1973-07-08,0.0540501996577295,-0.9408616152282924,0.04649172846548768,-0.0018539646320593975,-0.0010339418140331985
1973-08-08,0.0517327438676554,-0.9513423206004503,0.04721429929644414,-0.0023174557900741063,-0.00046349115801470886
1973-09-08,0.0484169994295493,-0.9663377913636921,0.04782159155733024,-0.0033157444381060955,-0.0009982886480319891
1973-10-08,0.0497718197375927,-0.9602106097615071,0.0483932306522152,0.001354820308043396,0.0046705647461494915
1973-03-09,0.0476326297775242,-0.9698851070281149,0.04888762122076435,-0.0021391899600684966,-0.0034940102681118926
1973-04-09,0.0479178551055333,-0.9685951740592339,0.04935586613424601,0.0002852253280090991,0.0024244152880775957
1973-05-09,0.0461351968054763,-0.9766572551147402,0.04970051340559036,-0.0017826583000569995,-0.0020678836280660987
1973-06-09,0.0472404449515116,-0.9716587648603265,0.05000713063320017,0.001105248146035298,0.0028879064460922976
1973-07-09,0.0469195664575014,-0.9731099394503173,0.05027571781707544,-0.00032087849401019747,-0.0014261266400454956
1973-10-09,0.0472760981175128,-0.9714975232392161,0.05026502186727509,0.0003565316600113999,0.0006774101540215974
1973-11-09,0.0452082144894466,-0.9808495372636036,0.05014023578627111,-0.0020678836280662027,-0.0024244152880776026
1973-12-09,0.0454934398174557,-0.9795596042947228,0.049919186157064026,0.0002852253280090991,0.002353108956075302
1973-01-10,0.0512335995436394,-0.9535997032959922,0.05010577105913667,0.005740159726183705,0.005454934398174606
1973-02-10,0.0515901312036508,-0.951987287084891,0.050313747860809985,0.0003565316600113999,-0.005383628066172305
1973-03-10,0.0533014831717056,-0.9442476892716047,0.05063106103822014,0.0017113519680547959,0.001354820308043396
1973-04-10,0.0526597261836851,-0.947150038451587,0.05092222856056279,-0.000641756988020499,-0.002353108956075295
1973-05-10,0.0509483742156303,-0.9548896362648731,0.05120626544970521,-0.0017113519680547959,-0.0010695949800342969
1973-08-10,0.0548702224757558,-0.9371530579427592,0.05134293591937625,0.003921848260125496,0.005633200228180292
1973-09-10,0.054157159155733,-0.9403778903649617,0.05147009887811365,-0.0007130633200227998,-0.004634911580148296
1973-10-10,0.0571163719338277,-0.926994835812821,0.051642422513785834,0.0029592127780947025,0.0036722760981175023
1973-11-10,0.0560467769537934,-0.9318320844461252,0.051814746149458024,-0.0010695949800343038,-0.004028807758129006
1973-12-10,0.056938106103822,-0.9278010439183717,0.05190150218672747,0.0008913291500286039,0.0019609241300629077
1973-01-11,0.0557258984597832,-0.933283259036116,0.05194072066932873,-0.0012122076440388013,-0.002103536794067405
1973-02-11,0.0568667997718197,-0.9281235271605921,0.05207620270013306,0.0011409013120365005,0.002353108956075302
1973-05-11,0.0569737592698231,-0.9276398022972617,0.0523162673512074,0.00010695949800339916,-0.0010339418140331014
1973-06-11,0.0570450656018254,-0.9273173190550414,0.05242084997147742,7.13063320023008e-05,-3.565316600109836e-05
1973-07-11,0.056688533941814,-0.9289297352661426,0.05235667427267536,-0.0003565316600113999,-0.0004278379920137007
1973-08-11,0.0558685111237877,-0.9326382925516757,0.05228180262407297,-0.0008200228180263031,-0.00046349115801490315
1973-09-11,0.0565815744438106,-0.9294134601294729,0.05227704886860615,0.0007130633200229039,0.001533086138049207
1973-12-11,0.0551197946377638,-0.9360243665949882,0.052250903213538646,-0.001461779806046802,-0.002174843126069706
1973-03-12,0.0586494580718767,-0.9200614461050858,0.052404211827343554,0.0035296634341129007,0.004991443240159703
1973-04-12,0.0632130633200228,-0.8994225186029894,0.052786889142422466,0.004563605248146099,0.0010339418140331985
1973-05-12,0.0624999999999999,-0.9026473510251923,0.053256322494770816,-0.000713063320022897,-0.005276668568168996
1973-06-12,0.0607886480319452,-0.910386948838478,0.053623550104582564,-0.0017113519680547057,-0.0009982886480318087
1973-07-12,0.0640687393040501,-0.8955527196963466,0.05417142042213344,0.003280091272104907,0.004991443240159613
1973-10-12,0.0629634911580148,-0.9005512099507603,0.054672941623882816,-0.001105248146035298,-0.004385339418140205
1973-11-12,0.0647461494580718,-0.8924891288952541,0.05529330671230267,0.0017826583000569995,0.0028879064460922976
1973-12-12,0.0633556759840273,-0.8987775521185492,0.05583048108005319,-0.0013904734740445013,-0.003173131774101501
1974-02-01,0.071627210496292,-0.8613694960209997,0.05665406921467954,0.0082715345122647,0.009662007986309201
1974-03-01,0.0732672561323445,-0.8539523814499338,0.057520441148507274,0.001640045636052495,-0.006631488876212205
1974-04-01,0.0713063320022817,-0.862820670610991,0.0583903783989351,-0.0019609241300627966,-0.0036009697661152917
1974-07-01,0.0712706788362806,-0.8629819122321009,0.0592496196995626,-3.565316600109836e-05,0.0019252709640616983
1974-08-01,0.0737307472903593,-0.8518562403755022,0.05999952462445326,0.002460068454078701,0.0024957216200797994
1974-09-01,0.0734098687963491,-0.8533074149654931,0.060726849210876545,-0.0003208784940102044,-0.0027809469480889054
1974-10-01,0.0724115801483171,-0.8578221803565769,0.061363852443430254,-0.000998288648032003,-0.0006774101540217986
1974-11-01,0.0738020536223616,-0.8515337571332819,0.06206859669138614,0.0013904734740445013,0.0023887621220765043
1974-01-02,0.0987592698231602,-0.7386646223561933,0.06366229321163713,0.024957216200798604,0.023566742726754103
1974-04-02,0.1048203080433542,-0.7112535467674717,0.06532729606389041,0.006061038220193993,-0.01889617798060461
1974-05-02,0.1097760981175128,-0.6888409614331639,0.06718126069594973,0.0049557900741585975,-0.0011052481460353952
1974-06-02,0.1111309184255562,-0.6827137798309788,0.06898174557900737,0.001354820308043403,-0.0036009697661151946
1974-07-02,0.1176197946377638,-0.6533678047889361,0.07103417950180636,0.006488876212207603,0.0051340559041642
1974-08-02,0.1238947518539646,-0.6249892794735536,0.0732660676934778,0.006274957216200805,-0.0002139189960067983
1974-11-02,0.1382629777524244,-0.5600089061661724,0.07601730366989917,0.014368225898459805,0.008093268682259
1974-12-02,0.1521677124928693,-0.49712467393322324,0.07919400076060082,0.013904734740444902,-0.00046349115801490315
1974-01-03,0.1590844266970907,-0.4658437994378584,0.08259768967484307,0.00691671420422138,-0.0069880205362235215
1974-04-03,0.1554121505989731,-0.4824516864122019,0.08587659250808133,-0.0036722760981175995,-0.01058899030233898
1974-05-03,0.1402595550484883,-0.5509793753840053,0.08866229321163716,-0.015152595550484788,-0.011480319452367188
1974-06-03,0.1333784940102681,-0.5820990082582598,0.09124595930785315,-0.006881061038220199,0.008271534512264589
1974-07-03,0.1433970336565886,-0.5367901127263146,0.0941398079482791,0.01001853964632049,0.01689960068454069
1974-08-03,0.1478180262407301,-0.5167961517086588,0.0972297490017113,0.004420992584141498,-0.0055975470621789924
1974-11-03,0.1335567598402738,-0.5812928001527092,0.09972665906065786,-0.014261266400456302,-0.0186822589845978
1974-12-03,0.1408656588705076,-0.5482382678251336,0.10231507891234069,0.007308899030233795,0.021570165430690097
1974-01-04,0.1442883628066172,-0.5327590721985611,0.10504135767256127,0.0034227039361096057,-0.0038861950941241896
1974-02-04,0.1382629777524244,-0.5600089061661724,0.10762383532991059,-0.006025385054192783,-0.009448088990302389
1974-03-04,0.1386908157444381,-0.558074006712851,0.1101112378779235,0.0004278379920136799,0.006453223046206463
1974-04-04,0.1391186537364518,-0.5561391072595293,0.11264974329720474,0.00042783799201370765,2.7755575615628914e-17
1974-05-04,0.1337706788362806,-0.5803253504260486,0.11495056094314503,-0.005347974900171193,-0.005775812892184901
1974-08-04,0.1117726754135767,-0.6798114306509967,0.11656446092413003,-0.021998003422703902,-0.01665002852253271
1974-09-04,0.1236451796919566,-0.6261179708213246,0.11829839323065215,0.011872504278379895,0.033870507701083796
1974-10-04,0.1230747290359383,-0.6286978367590869,0.11995864232743864,-0.0005704506560182954,-0.01244295493439819
1974-11-04,0.1094908727895037,-0.6901308944020448,0.12123146035367935,-0.0135838562464346,-0.013013405590416305
1974-01-05,0.1471406160867084,-0.5198597425097513,0.12376045826202696,0.03764974329720469,0.05123359954363929
1974-02-05,0.1481745579007415,-0.5151837354975576,0.12624191861570636,0.0010339418140331014,-0.03661580148317159
1974-03-05,0.1507772390188248,-0.5034130971565182,0.12882083095645555,0.0026026811180833165,0.0015687393040502151
1974-06-05,0.1490658870507701,-0.5111526949698041,0.13137597451987065,-0.0017113519680547196,-0.004314033086138036
1974-07-05,0.1402595550484883,-0.5509793753840053,0.1335912245674082,-0.008806332002281786,-0.007094980034227066
1974-08-05,0.1415430690245293,-0.5451746770240411,0.13501735120745384,0.0012835139760409842,0.01008984597832277
1974-09-05,0.1487806617227609,-0.5124426279386854,0.13648269633010074,0.0072375926982315986,0.005954078722190614
1974-10-05,0.149315459212778,-0.5100240036220335,0.13780067503327625,0.0005347974900171137,-0.006702795208214485
1974-03-06,0.1235738733599543,-0.626440454063545,0.13821544019775617,-0.025741585852823698,-0.02627638334284081
1974-04-06,0.1220407872219053,-0.63337384377128,0.13836280661722755,-0.0015330861380490057,0.024208499714774692
1974-05-06,0.1337350256702795,-0.5804865920471586,0.1386908157444381,0.011694238448374208,0.013227324586423214
1974-06-06,0.1309897318881916,-0.5929021968726386,0.1384483742156303,-0.002745293782087904,-0.014439532230462113
1974-07-06,0.1334498003422703,-0.5817765250160399,0.13782444381061032,0.002460068454078701,0.005205362236166605
1974-10-06,0.1401525955504848,-0.5514631002473361,0.13719338277239013,0.006702795208214485,0.004242726754135784
1974-11-06,0.1364803194523673,-0.568070987221679,0.13656232173416996,-0.0036722760981174885,-0.010375071306331973
1974-12-06,0.1255704506560182,-0.6174109232813777,0.13607268492108762,-0.010909868796349087,-0.0072375926982315986
1974-01-07,0.1217912150598972,-0.6345025351190515,0.13568644228940857,-0.0037792355961210056,0.0071306332002280814
1974-02-07,0.1086708499714774,-0.6938394516875779,0.1345289028332382,-0.013120365088419808,-0.009341129492298803
1974-03-07,0.1040715915573302,-0.7146396208107844,0.13307068834379154,-0.004599258414147198,0.00852110667427261
1974-04-07,0.1015402167712492,-0.7260877759096034,0.1320034702414907,-0.002531374786080995,0.0020678836280662027
1974-05-07,0.1008984597832287,-0.7289901250895855,0.13067123027191474,-0.000641756988020506,0.001889617798060489
1974-08-07,0.10906303479749,-0.6920657938553664,0.12949705267161052,0.008164575014261294,0.0088063320022818
1974-09-07,0.1100969766115231,-0.6873897868431726,0.1285581859669138,0.0010339418140331014,-0.0071306332002281925
1974-10-07,0.1050698802053622,-0.7101248554197006,0.12743748811561129,-0.005027096406160891,-0.006061038220193993
1974-11-07,0.0945878494010268,-0.7575298920260778,0.12595312797109712,-0.010482030804335407,-0.005454934398174516
1974-12-07,0.0896677124928693,-0.7797812357392755,0.12448302909298341,-0.004920136908157499,0.005561893896177908
1974-01-08,0.1311323445521962,-0.592257230388198,0.12512835139760406,0.04146463205932689,0.04638476896748439
1974-02-08,0.1206859669138619,-0.6395010253734651,0.12502971097166757,-0.010446377638334295,-0.05191100969766119
1974-05-08,0.1147318881916714,-0.6664283760988562,0.12475161627685866,-0.0059540787221904895,0.004492298916143805
1974-06-08,0.1192241871078151,-0.6461119318389804,0.12507606008746905,0.004492298916143694,0.010446377638334184
1974-07-08,0.1182615516257843,-0.6504654556089539,0.12411342460543824,-0.0009626354820307936,-0.005454934398174488
1974-08-08,0.1173345693097547,-0.6546577377578169,0.12308542498573867,-0.000926982316029612,3.5653166001181624e-05
1974-09-08,0.1140901312036508,-0.6693307252788387,0.12186252139189956,-0.003244438106103892,-0.00231745579007428
1974-12-08,0.1092056474614945,-0.6914208273709261,0.12053384673892369,-0.004884483742156304,-0.0016400456360524118
1974-02-09,0.1053907586993724,-0.7086736808297098,0.11937155352728651,-0.003814888762122104,0.0010695949800341997
1974-03-09,0.1053551055333713,-0.7088349224508197,0.11816528807758123,-3.565316600109836e-05,0.0037792355961210056
1974-04-09,0.0973331431831146,-0.7451142872005982,0.11645037079292635,-0.008021962350256692,-0.007986309184255594
1974-05-09,0.0993653736451797,-0.7359235147973208,0.11478536794067308,0.0020322304620650905,0.010054192812321783
1974-06-09,0.102253280091272,-0.722862943487401,0.11407468149838366,0.0028879064460923115,0.000855675984027221
1974-09-09,0.0996862521391899,-0.7344723402073298,0.11332953032895983,-0.002567027952082107,-0.005454934398174419
1974-10-09,0.1010054192812321,-0.7285064002262552,0.11223854344932492,0.0013191671420422074,0.0038861950941243145
1974-11-09,0.0950869937250427,-0.7552725093305364,0.11104178551055327,-0.005918425556189405,-0.0072375926982316124
1974-12-09,0.1013976041072446,-0.7267327423940441,0.10997337896938575,0.006310610382201903,0.012229035938391308
1974-01-10,0.1125926982316029,-0.676102873365464,0.10905471572542304,0.01119509412435829,0.004884483742156387
1974-02-10,0.1124500855675983,-0.6767478398499046,0.10825370792926406,-0.00014261266400458772,-0.011337706788362878
1974-03-10,0.1215416428978893,-0.635631226466822,0.10811941433732644,0.009091557330290989,0.009234169994295577
1974-04-10,0.1267113519680547,-0.6122511914058538,0.10828341890093167,0.005169709070165396,-0.003921848260125593
1974-07-10,0.1272104962920707,-0.6099938087103118,0.10890140711161812,0.0004991443240160154,-0.0046705647461493804
1974-08-10,0.1203294352538505,-0.6411134415845664,0.10944333523483546,-0.0068810610382202125,-0.007380205362236228
1974-09-10,0.1196876782658299,-0.644015790764549,0.11004825061798815,-0.0006417569880205892,0.006239304050199623
1974-10-10,0.1319880205362236,-0.5883874314815548,0.11108456930975465,0.0123003422703937,0.012942099258414289
1974-11-10,0.1239660581859669,-0.6246667962313334,0.11158133675603721,-0.008021962350256706,-0.020322304620650405
1974-01-11,0.1290288077581289,-0.6017704860336954,0.11221239779425742,0.00506274957216199,0.013084711922418696
1974-04-11,0.1225399315459212,-0.6311164610757387,0.1127947328389427,-0.0064888762122076865,-0.011551625784369676
1974-05-11,0.1295279520821448,-0.5995131033381539,0.1139594029283133,0.006988020536223591,0.013476896748431277
1974-06-11,0.131096691386195,-0.5924184720093083,0.11534036889142416,0.0015687393040502151,-0.005419281232173376
1974-07-11,0.1325584711922418,-0.5858075655437931,0.11538790644609234,0.0014617798060467813,-0.00010695949800343385
1974-08-11,0.1290288077581289,-0.6017704860336954,0.11566600114090124,-0.0035296634341129007,-0.004991443240159682
1974-11-11,0.1350898459783228,-0.5743594104449741,0.11634459973378965,0.0060610382201939095,0.00959070165430681
1974-12-11,0.1292070735881346,-0.6009642779281447,0.11667736261646694,-0.005882772390188196,-0.011943810610382105
1974-02-12,0.1190815744438106,-0.6467568983234206,0.11670469671040115,-0.010125499144324007,-0.004242726754135812
1974-03-12,0.1090273816314888,-0.6922270354764768,0.11642779045445897,-0.010054192812321797,7.130633200221059e-05
1974-04-12,0.1038933257273245,-0.7154458289163349,0.11608789693858142,-0.0051340559041642975,0.004920136908157499
1974-05-12,0.1077082144894466,-0.6981929754575512,0.11603798250617982,0.003814888762122104,0.008948944666286401
1974-06-12,0.1067455790074158,-0.7025464992275248,0.11608314318311459,-0.0009626354820308075,-0.0047775242441529114
1974-09-12,0.1061394751853964,-0.7052876067863969,0.1161092888381821,-0.0006061038220193937,0.0003565316600114138
1974-10-12,0.103251568739304,-0.7183481780963171,0.11630656969005508,-0.0028879064460924087,-0.002281802624073015
1974-11-12,0.1036794067313177,-0.7164132786429955,0.11645037079292635,0.00042783799201370765,0.0033157444381061163
1974-12-12,0.103251568739304,-0.7183481780963171,0.11648364708119409,-0.00042783799201370765,-0.0008556759840274153
1975-02-01,0.1128066172276097,-0.6751354236388034,0.1169209925841414,0.009555048488305712,0.00998288648031942
1975-03-01,0.1097047917855105,-0.6891634446753842,0.11721097166761735,-0.003101825442099207,-0.012656873930404919
1975-06-01,0.1052481460353679,-0.70931864731415,0.1175496767446282,-0.004456645750142596,-0.001354820308043389
1975-07-01,0.1068881916714203,-0.7019015327430845,0.11773269633010071,0.001640045636052398,0.006096691386194994
1975-08-01,0.1057116371933827,-0.7072225062397185,0.1175033276288267,-0.0011765544780376058,-0.0028166001140900038
1975-09-01,0.105034227039361,-0.710286097040811,0.11725613234455214,-0.0006774101540217015,0.0004991443240159044
1975-10-01,0.1038933257273245,-0.7154458289163349,0.1166678551055333,-0.0011409013120364936,-0.0004634911580147921
1975-03-02,0.1020037079292641,-0.7239916348351714,0.11584426697090697,-0.0018896177980604056,-0.000748716486023912
1975-04-02,0.1011480319452367,-0.7278614337418146,0.11497551815934583,-0.0008556759840274014,0.0010339418140330042
1975-05-02,0.1019324015972618,-0.7243141180773918,0.1143622837041262,0.0007843696520251076,0.001640045636052509
1975-06-02,0.1013619509412435,-0.7268939840151539,0.11375142612663999,-0.0005704506560182954,-0.001354820308043403
1975-07-02,0.1060681688533941,-0.7056100900286173,0.11288743107054568,0.00470621791215059,0.005276668568168885
1975-10-02,0.1079577866514546,-0.6970642841097804,0.11235382201939527,0.0018896177980605028,-0.002816600114090087
1975-11-02,0.1049629207073588,-0.7106085802830309,0.11155162578436958,-0.002994865944095801,-0.004884483742156304
1975-12-02,0.1104535082715345,-0.6857773706320713,0.11114874500855669,0.005490587564175697,0.008485453508271498
1975-03-03,0.1149458071876782,-0.6654609263721956,0.1106626735120745,0.004492298916143708,-0.0009982886480319891
1975-04-03,0.1144466628636622,-0.6677183090677375,0.1101076725613234,-0.0004991443240160015,-0.00499144324015971
1975-05-03,0.1094908727895037,-0.6901308944020448,0.10933875261456545,-0.0049557900741585,-0.004456645750142499
1975-06-03,0.1101682829435253,-0.6870673036009526,0.10871006845407867,0.0006774101540216043,0.005633200228180105
1975-07-03,0.1088491158014831,-0.6930332435820273,0.107835377448184,-0.0013191671420422074,-0.0019965772960638117
1975-10-03,0.1079577866514546,-0.6970642841097804,0.10712706788362801,-0.0008913291500284998,0.00042783799201370765
1975-11-03,0.1129848830576155,-0.6743292155332523,0.1069238448374215,0.005027096406160905,0.005918425556189405
1975-12-03,0.1132344552196235,-0.6732005241854814,0.10706408062369266,0.0002495721620079938,-0.0047775242441529114
1975-01-04,0.1071377638334284,-0.700772841395313,0.10717222856056279,-0.006096691386195091,-0.006346263548203085
1975-02-04,0.1091699942954934,-0.691582068992036,0.10722095455409769,0.0020322304620649934,0.008128921848260084
1975-03-04,0.1056403308613805,-0.7075449894819383,0.10718411294922985,-0.0035296634341129007,-0.005561893896177894
1975-04-04,0.102253280091272,-0.722862943487401,0.10705457311275902,-0.0033870507701084934,0.0001426126640044073
1975-07-04,0.1010410724472332,-0.7283451586051453,0.10698088990302333,-0.0012122076440388013,0.002174843126069692
1975-08-04,0.1025741585852823,-0.7214117688974097,0.10694404829815549,0.001533086138049089,0.0027452937820878903
1975-09-04,0.1010054192812321,-0.7285064002262552,0.10686917664955309,-0.0015687393040501874,-0.0031018254420992764
1975-10-04,0.1017184826012549,-0.7252815678040527,0.10649957216200794,0.0007130633200227998,0.002281802624072987
1975-11-04,0.10375071306332,-0.7160907954007751,0.10630110287126823,0.0020322304620650905,0.0013191671420422907
1975-01-05,0.1079577866514546,-0.6970642841097804,0.10639142422513781,0.004207073588134602,0.0021748431260695117
1975-02-05,0.1104178551055333,-0.6859386122531816,0.10650907967294157,0.002460068454078701,-0.0017470051340559012
1975-05-05,0.1081003993154592,-0.6964193176253397,0.10658870507701078,-0.0023174557900740994,-0.0047775242441528
1975-06-05,0.1102395892755276,-0.6867448203587324,0.10676221715154968,0.0021391899600683995,0.004456645750142499
1975-07-05,0.1129492298916143,-0.6744904571543627,0.10706408062369267,0.002709640616086695,0.0005704506560182954
1975-08-05,0.1155875641756987,-0.6625585771922134,0.10751687583190715,0.002638334284084401,-7.130633200229386e-05
1975-09-05,0.1152666856816885,-0.6640097517822042,0.10798749762312222,-0.00032087849401019053,-0.0029592127780945915
1975-12-05,0.1175841414717626,-0.6535290464100464,0.10850922228560558,0.0023174557900740994,0.00263833428408429
1975-02-06,0.1125926982316029,-0.676102873365464,0.10888358052861755,-0.00499144324015971,-0.007308899030233809
1975-03-06,0.1137692527096406,-0.6707818998688295,0.10914028332382576,0.001176554478037703,0.006167997718197413
1975-04-06,0.1138405590416428,-0.6704594166266097,0.10933637573683204,7.130633200219672e-05,-0.0011052481460355063
1975-05-06,0.1124857387335995,-0.6765865982287942,0.10958713633770674,-0.001354820308043292,-0.0014261266400454886
1975-06-06,0.1120222475755846,-0.6786827393032262,0.10963942764784175,-0.00046349115801490315,0.0008913291500283888
1975-09-06,0.1135553337136337,-0.6717493495954906,0.10959307853204024,0.0015330861380491029,0.001996577296064006
1975-10-06,0.1178337136337706,-0.6524003550622754,0.10970598022437719,0.004278379920136896,0.002745293782087793
1975-11-06,0.1164432401597261,-0.6586887782855704,0.10993772580338462,-0.0013904734740445013,-0.005668853394181397
1975-12-06,0.1170136908157444,-0.6561089123478081,0.11016590606579192,0.0005704506560183092,0.0019609241300628105
1975-01-07,0.1180476326297775,-0.6514329053356144,0.11047252329340172,0.0010339418140330875,0.00046349115801477825
1975-02-07,0.1164432401597261,-0.6586887782855704,0.11075537174367746,-0.0016043924700513967,-0.0026383342840844842
1975-03-07,0.1154449515116942,-0.6632035436766537,0.11083737402548006,-0.000998288648031892,0.0006061038220195047
1975-04-07,0.1170849971477467,-0.6557864291055878,0.11096572542308418,0.001640045636052495,0.002638334284084387
1975-07-07,0.1158727895037079,-0.6612686442233322,0.11125689294542682,-0.0012122076440388013,-0.0028522532800912964
1975-08-07,0.1156232173416999,-0.6623973355711031,0.11147200038030038,-0.0002495721620079938,0.0009626354820308075
1975-09-07,0.1200442099258414,-0.6424033745534472,0.11195212968244908,0.004420992584141498,0.0046705647461494915
1975-10-07,0.1202224757558471,-0.6415971664478967,0.11255110287126824,0.00017826583000569995,-0.004242726754135798
1975-11-07,0.1176554478037649,-0.653206563167826,0.11310491538315265,-0.0025670279520822042,-0.002745293782087904
1975-01-08,0.1329150028522532,-0.5841951493326918,0.11411627685871834,0.01525955504848829,0.017826583000570495
1975-04-08,0.1380490587564175,-0.5609763558928336,0.11535106484122451,0.0051340559041642975,-0.010125499144323993
1975-05-08,0.1371933827723901,-0.5648461547994766,0.11653356151359567,-0.0008556759840273875,-0.005989731888191685
1975-06-08,0.1346976611523103,-0.5761330682771852,0.11756512644989536,-0.0024957216200797994,-0.0016400456360524118
1975-07-08,0.1386908157444381,-0.558074006712851,0.1185895607529948,0.00399315459212779,0.006488876212207589
1975-08-08,0.140437820878494,-0.5501731672784548,0.11959022627876018,0.0017470051340559012,-0.002246149458071889
1975-11-08,0.1320236737022247,-0.5882261898604448,0.12038766875831902,-0.008414147176269288,-0.010161152310325189
1975-12-08,0.1317027952082144,-0.5896773644504362,0.12110310895607523,-0.00032087849401030155,0.008093268682258986
1975-01-09,0.1162649743297204,-0.659494986391121,0.12121363377067879,-0.015437820878494005,-0.015116942384483703
1975-02-09,0.1121292070735881,-0.6781990144398955,0.12109835520060842,-0.0041357672561322945,0.01130205362236171
1975-03-09,0.1149458071876782,-0.6654609263721956,0.12108765925080808,0.002816600114090101,0.006952367370222395
1975-04-09,0.1170136908157444,-0.6561089123478081,0.12106864422894081,0.0020678836280662027,-0.0007487164860238982
1975-05-09,0.1142683970336566,-0.6685245171732876,0.12112450085567592,-0.002745293782087807,-0.00481317741015401
1975-08-09,0.1153379920136908,-0.663687268539984,0.12117679216581094,0.0010695949800341997,0.0038148887621220068
1975-09-09,0.1113091842555618,-0.6819075717254287,0.12109241300627491,-0.004028807758128999,-0.005098402738163199
1975-10-09,0.1175841414717626,-0.6535290464100464,0.12126235976421368,0.006274957216200805,0.010303764974329804
1975-11-09,0.116158014831717,-0.6599787112544513,0.12140021867275141,-0.0014261266400455996,-0.007701083856246405
1975-12-09,0.1154092983456931,-0.6633647852977637,0.12146201749382007,-0.0007487164860238982,0.0006774101540217015
1975-01-10,0.1152310325156873,-0.6641709934033148,0.12137526145655063,-0.00017826583000581098,0.0005704506560180872
1975-02-10,0.1166928123217341,-0.6575600869377993,0.12138358052861756,0.001461779806046809,0.00164004563605262
1975-03-10,0.1137335995436394,-0.6709431414899399,0.12127424415288073,-0.0029592127780947025,-0.0044209925841415115
1975-06-10,0.1138049058756417,-0.6706206582477198,0.12113281992774286,7.130633200229386e-05,0.0030305191100969964
1975-07-10,0.1127709640616086,-0.6752966652599135,0.12101041072447227,-0.0010339418140331014,-0.0011052481460353952
1975-08-10,0.1123074729035938,-0.6773928063343448,0.12090582810420228,-0.0004634911580147921,0.0005704506560183092
1975-09-10,0.10781517398745,-0.6977092505942211,0.12059683399885904,-0.004492298916143805,-0.004028807758129013
1975-10-10,0.1091699942954934,-0.691582068992036,0.12037340749191856,0.001354820308043403,0.005847119224187208
1975-03-11,0.1044281232173416,-0.7130272045996832,0.12000023768777329,-0.004741871078151799,-0.006096691386195202
1975-04-11,0.1063890473474044,-0.704158915438626,0.11954506560182537,0.0019609241300627966,0.006702795208214596
1975-05-11,0.1081360524814603,-0.6962580760042297,0.1191421848260125,0.0017470051340559012,-0.00021391899600689546
1975-06-11,0.112877923559612,-0.674812940396583,0.11898293401787406,0.004741871078151702,0.002994865944095801
1975-07-11,0.1110596120935538,-0.6830362630731996,0.11825442099258408,-0.001818311466058195,-0.006560182544209897
1975-10-11,0.1123787792355961,-0.6770703230921247,0.11739874500855671,0.0013191671420422907,0.0031374786081004857
1975-11-11,0.1134483742156303,-0.6722330744588209,0.11660724472333138,0.0010695949800341997,-0.00024957216200809096
1975-12-11,0.1112735310895607,-0.6820688133465386,0.11582644038790639,-0.002174843126069595,-0.0032444381061037947
1975-01-12,0.1016471762692527,-0.7256040510462728,0.11459165240540022,-0.009626354820308006,-0.007451511694238411
1975-02-12,0.1015402167712492,-0.7260877759096034,0.11329506560182538,-0.00010695949800348936,0.009519395322304516
1975-03-12,0.1024671990872789,-0.7218954937607398,0.11230984978132717,0.0009269823160296953,0.0010339418140331846
1975-04-12,0.1008271534512264,-0.7293126083318059,0.11128066172276092,-0.001640045636052495,-0.0025670279520821904
1975-05-12,0.0984027381631488,-0.7402770385672944,0.11068525385054186,-0.0024244152880776026,-0.0007843696520251076
1975-08-12,0.0983314318311465,-0.7405995218095148,0.11022532800912715,-7.130633200230774e-05,0.002353108956075295
1975-09-12,0.0946948088990302,-0.7570461671627474,0.10955029473283888,-0.003636622932116293,-0.003565316600113985
1975-10-12,0.0976183685111237,-0.7438243542317173,0.10890378398935151,0.002923559612093493,0.006560182544209786
1975-11-12,0.0973331431831146,-0.7451142872005982,0.1083392755276668,-0.00028522532800909217,-0.0032087849401025853
1975-12-12,0.0978679406731317,-0.7426956628839464,0.10775694048298148,0.0005347974900170999,0.000820022818026192
1976-02-01,0.1031089560752994,-0.7189931445807578,0.10748359954363941,0.00524101540216769,0.00470621791215059
1976-05-01,0.1043924700513405,-0.7131884462207931,0.10704387716295867,0.001283513976041109,-0.003957501426126581
1976-06-01,0.1060681688533941,-0.7056100900286173,0.10670754896368125,0.0016756988020535935,0.0003921848260124844
1976-07-01,0.1069238448374215,-0.7017402911219741,0.10642470051340554,0.0008556759840274014,-0.000820022818026192
1976-08-01,0.1069951511694238,-0.7014178078797537,0.10615017113519673,7.130633200230774e-05,-0.0007843696520250937
1976-09-01,0.1054620650313747,-0.7083511975874894,0.10577581289218477,-0.0015330861380491029,-0.0016043924700514106
1976-12-01,0.1053907586993724,-0.7086736808297098,0.10549771819737587,-7.130633200230774e-05,0.0014617798060467951
1976-02-02,0.0970479178551055,-0.7464042201694792,0.10493915193002466,-0.008342840844266897,-0.008271534512264589
1976-03-02,0.09843839132915,-0.7401157969461841,0.10446139950560937,0.0013904734740445013,0.009733314318311398
1976-04-02,0.0954791785510553,-0.7534988514983246,0.10390045636052475,-0.0029592127780947025,-0.004349686252139204
1976-05-02,0.0952296063890473,-0.7546275428460956,0.103480937440578,-0.0002495721620079938,0.0027096406160867087
1976-06-02,0.0968696520250998,-0.7472104282750298,0.10307092603156488,0.001640045636052495,0.001889617798060489
1976-09-02,0.0971548773531089,-0.7459204953061488,0.10282848450275713,0.00028522532800910605,-0.001354820308043389
1976-10-02,0.0956217912150599,-0.7528538850138841,0.1024695759650123,-0.0015330861380490057,-0.0018183114660581118
1976-11-02,0.1000427837992013,-0.7328599239962287,0.10219980034227033,0.0044209925841414005,0.005954078722190406
1976-12-02,0.1003993154592127,-0.7312475077851274,0.10178384673892368,0.0003565316600113999,-0.004064460924130001
1976-01-03,0.1041428978893325,-0.7143171375685641,0.10155328959878297,0.003743582430119796,0.0033870507701083963
1976-02-03,0.1024315459212777,-0.7220567353818503,0.10122171515497236,-0.001711351968054789,-0.005454934398174585
1976-03-03,0.1030376497432971,-0.7193156278229781,0.10087469100589459,0.0006061038220193937,0.0023174557900741827
1976-04-03,0.1028950370792926,-0.7199605943074184,0.100595407872219,-0.00014261266400450445,-0.0007487164860238982
1976-05-03,0.1054264118653736,-0.7085124392085994,0.10072138239208968,0.0025313747860810087,0.002673987450085513
1976-08-03,0.1066386195094124,-0.703030224090855,0.10089132915002846,0.0012122076440388013,-0.0013191671420422074
1976-09-03,0.1053907586993724,-0.7086736808297098,0.10098878113709825,-0.0012478608100400107,-0.002460068454078812
1976-10-03,0.1079221334854535,-0.6972255257308904,0.10122528047157248,0.002531374786081106,0.0037792355961211166
1976-11-03,0.1072803764974329,-0.700127874910873,0.10152120174938196,-0.0006417569880206031,-0.003173131774101709
1976-12-03,0.1064603536794067,-0.7038364321964056,0.10179216581099063,-0.000820022818026192,-0.00017826583000558893
1976-01-04,0.1015758699372504,-0.725926534288493,0.10202153451226463,-0.004884483742156304,-0.004064460924130112
1976-02-04,0.102752424415288,-0.7206055607918591,0.10219266970907011,0.001176554478037592,0.006061038220193896
1976-05-04,0.1003280091272104,-0.7315699910273478,0.1022924985738733,-0.0024244152880775888,-0.0036009697661151807
1976-06-04,0.1021463205932686,-0.7233466683507311,0.10243511123787787,0.001818311466058195,0.004242726754135784
1976-07-04,0.1033228750713063,-0.7180256948540967,0.1024422418710781,0.001176554478037703,-0.0006417569880204921
1976-08-04,0.1067455790074158,-0.7025464992275248,0.10252067883628062,0.0034227039361094946,0.0022461494580717917
1976-09-04,0.1072447233314318,-0.7002891165319828,0.10255989731888186,0.0004991443240160015,-0.002923559612093493
1976-12-04,0.1068168853394181,-0.7022240159853044,0.10255633200228174,-0.00042783799201369377,-0.0009269823160296953
1976-03-05,0.1120222475755846,-0.6786827393032262,0.1027239018824871,0.005205362236166494,0.005633200228180188
1976-04-05,0.1109526525955504,-0.6835199879365299,0.10290692146795963,-0.0010695949800341997,-0.006274957216200694
1976-05-05,0.1100613234455219,-0.6875510284642831,0.10306260695949794,-0.0008913291500284998,0.00017826583000569995
1976-06-05,0.1107743867655447,-0.6843261960420806,0.10352015592317926,0.0007130633200227998,0.0016043924700512996
1976-07-05,0.1140188248716485,-0.6696532085210591,0.1040395037079292,0.0032444381061037947,0.002531374786080995
1976-10-05,0.1173345693097547,-0.6546577377578169,0.10476801673321919,0.0033157444381061996,7.130633200240488e-05
1976-11-05,0.1141614375356531,-0.6690082420366184,0.10539907777143938,-0.003173131774101598,-0.0064888762122077975
1976-12-05,0.1161936679977181,-0.6598174696333413,0.10604321163719331,0.0020322304620650072,0.005205362236166605
1976-01-06,0.1213990302338847,-0.6362761929512627,0.1068513500665525,0.005205362236166591,0.003173131774101584
1976-02-06,0.1204007415858528,-0.6407909583423461,0.10767731507891228,-0.000998288648031892,-0.006203650884198483
1976-03-06,0.1199729035938391,-0.6427258577956676,0.1083416524054002,-0.00042783799201370765,0.0005704506560181843
1976-04-06,0.1206859669138619,-0.6395010253734651,0.10901787412055518,0.0007130633200227998,0.0011409013120365075
1976-07-06,0.1197233314318311,-0.6438545491434384,0.10953722190530514,-0.0009626354820307936,-0.0016756988020535935
1976-08-06,0.126033941814033,-0.6153147822069464,0.11032396843506365,0.006310610382201889,0.007273245864232683
1976-09-06,0.124500855675984,-0.6222481719146814,0.11103940863281987,-0.0015330861380489919,-0.007843696520250881
1976-10-06,0.1276383342840844,-0.6080589092569904,0.11186418520631293,0.0031374786081003886,0.0046705647461493804
1976-11-06,0.1302053622361665,-0.5964495125370614,0.1126901502186727,0.002567027952082107,-0.0005704506560182815
1976-01-07,0.1264261266400456,-0.6135411243747346,0.1133497337896938,-0.0037792355961208945,-0.006346263548203002
1976-02-07,0.1315601825442099,-0.5903223309348764,0.11422204791785505,0.0051340559041642975,0.008913291500285192
1976-05-07,0.1324158585282372,-0.5864525320282337,0.11503850541928116,0.0008556759840273043,-0.004278379920136993
1976-06-07,0.1344480889903023,-0.5772617596249561,0.11594409583571015,0.0020322304620651044,0.0011765544780378001
1976-07-07,0.1359098687963491,-0.5706508531594409,0.11692574633960823,0.0014617798060467813,-0.0005704506560183231
1976-08-07,0.1329863091842555,-0.5838726660904715,0.11797276098117507,-0.0029235596120935903,-0.0043853394181403715
1976-09-07,0.1338063320022818,-0.5801641088049382,0.11900789123407486,0.0008200228180263169,0.003743582430119907
1976-12-07,0.1319880205362236,-0.5883874314815548,0.12006322494770864,-0.001818311466058209,-0.002638334284084526
1976-02-08,0.1140544780376497,-0.6694919668999487,0.12046016352918801,-0.0179335424985739,-0.016115231032515692
1976-03-08,0.1061751283513975,-0.7051263651652869,0.12055523863852438,-0.007879349686252202,0.0100541928123217
1976-04-08,0.1110596120935538,-0.6830362630731996,0.12069903974139563,0.004884483742156304,0.012763833428408505
1976-05-08,0.1094552196235025,-0.6902921360231551,0.12077272295113133,-0.0016043924700512996,-0.006488876212207603
1976-06-08,0.1054620650313747,-0.7083511975874894,0.12072756227419655,-0.003993154592127804,-0.0023887621220765043
1976-09-08,0.1030376497432971,-0.7193156278229781,0.12042807567978699,-0.0024244152880776026,0.0015687393040502012
1976-10-08,0.1043924700513405,-0.7131884462207931,0.12020940292831332,0.001354820308043403,0.0037792355961210056
1976-11-08,0.1076012549914432,-0.6986767003208817,0.1201274006465107,0.0032087849401026963,0.0018539646320592934
1976-12-08,0.1070308043354249,-0.7012565662586439,0.12000261456550669,-0.0005704506560182954,-0.0037792355961209917
1976-01-09,0.1003993154592127,-0.7312475077851274,0.11954863091842549,-0.006631488876212205,-0.0060610382201939095
1976-02-09,0.1076369081574444,-0.6985154586997713,0.11922537554668183,0.007237592698231696,0.0138690815744439
1976-03-09,0.1074229891614375,-0.6994829084264322,0.11900076060087464,-0.00021391899600689546,-0.007451511694238591
1976-06-09,0.1097760981175128,-0.6888409614331639,0.1187868416048678,0.002353108956075295,0.0025670279520821904
1976-07-09,0.1100969766115231,-0.6873897868431726,0.11841010648412241,0.00032087849401030155,-0.0020322304620649934
1976-08-09,0.11312749572162,-0.6736842490488121,0.11816766495531465,0.0030305191100968992,0.0027096406160865977
1976-09-09,0.1070308043354249,-0.7012565662586439,0.11773626164670084,-0.006096691386195091,-0.00912721049629199
1976-10-09,0.1076012549914432,-0.6986767003208817,0.11730010458262022,0.0005704506560182954,0.0066671420422133865
1976-01-10,0.1100969766115231,-0.6873897868431726,0.11697922608860996,0.0024957216200798965,0.0019252709640616011
1976-04-10,0.1082786651454649,-0.695613109519789,0.11638738353299101,-0.001818311466058195,-0.0043140330861380916
1976-05-10,0.1094908727895037,-0.6901308944020448,0.11588705077010834,0.0012122076440388013,0.0030305191100969964
1976-06-10,0.1082073588134626,-0.6959355927620094,0.11523935158775428,-0.0012835139760410952,-0.0024957216200798965
1976-07-10,0.1077795208214489,-0.697870492215331,0.11449182354059702,-0.00042783799201370765,0.0008556759840273875
1976-08-10,0.1059612093553907,-0.7060938148919474,0.11380965963110852,-0.001818311466058195,-0.0013904734740444874
1976-11-10,0.1019324015972618,-0.7243141180773918,0.11282206693287693,-0.004028807758128902,-0.002210496292070707
1976-12-10,0.1035724472333143,-0.7168970035063259,0.11186061988971283,0.001640045636052495,0.005668853394181397
1976-01-11,0.1079221334854535,-0.6972255257308904,0.11097642137288453,0.004349686252139204,0.0027096406160867087
1976-02-11,0.1077795208214489,-0.697870492215331,0.11003874310705454,-0.0001426126640046016,-0.004492298916143805
1976-03-11,0.1099187107815174,-0.6881959949487233,0.1092698231602966,0.0021391899600684966,0.002281802624073098
1976-04-11,0.1077438676554477,-0.6980317338364415,0.10840107434873544,-0.002174843126069692,-0.004314033086138189
1976-05-11,0.1101682829435253,-0.6870673036009526,0.10767374976231217,0.0024244152880776026,0.004599258414147295
1976-08-11,0.1110596120935538,-0.6830362630731996,0.10757392089750899,0.0008913291500284998,-0.0015330861380491029
1976-09-11,0.1088491158014831,-0.6930332435820273,0.10766305381251183,-0.002210496292070707,-0.003101825442099207
1976-10-11,0.1130918425556189,-0.6738454906699222,0.107730794827914,0.004242726754135798,0.006453223046206505
1976-11-11,0.1137335995436394,-0.6709431414899399,0.10787340749191857,0.000641756988020506,-0.0036009697661152917
1976-12-11,0.1131988020536223,-0.6733617658065918,0.10813129872599349,-0.0005347974900170999,-0.0011765544780376058
1976-01-12,0.1058899030233884,-0.7064162981341678,0.10822637383532986,-0.007308899030233906,-0.0067741015402168064
1976-02-12,0.10906303479749,-0.6920657938553664,0.10838205932686819,0.003173131774101598,0.010482030804335504
1976-03-12,0.1081717056474614,-0.6960968343831199,0.10840107434873544,-0.0008913291500285969,-0.004064460924130195
1976-06-12,0.1104891614375356,-0.6856161290109615,0.1085163529188058,0.0023174557900741966,0.0032087849401027935
1976-07-12,0.1102395892755276,-0.6867448203587324,0.1088443620460163,-0.0002495721620079938,-0.0025670279520821904
1976-08-12,0.1095265259555048,-0.6899696527809348,0.10890734930595164,-0.0007130633200227998,-0.000463491158014806
1976-09-12,0.1111309184255562,-0.6827137798309788,0.10903094694808894,0.0016043924700513967,0.0023174557900741966
1976-10-12,0.1102752424415288,-0.6865835787376219,0.1090475850922228,-0.0008556759840274014,-0.002460068454078798
1977-04-01,0.1124500855675983,-0.6767478398499046,0.1091260220574253,0.0021748431260695117,0.003030519110096913
1977-05-01,0.1112022247575584,-0.682391296588759,0.10906184635862326,-0.0012478608100399136,-0.0034227039361094252
1977-06-01,0.1110239589275527,-0.6831975046943096,0.10919495151169419,-0.00017826583000569995,0.0010695949800342136
1977-07-01,0.1114517969195664,-0.6812626052409879,0.1093233029092983,0.00042783799201370765,0.0006061038220194076
1977-10-01,0.1108813462635481,-0.6838424711787502,0.10934944856436579,-0.0005704506560182954,-0.000998288648032003
1977-11-01,0.1084212778094694,-0.6949681430353488,0.10935420231983262,-0.002460068454078701,-0.0018896177980604056
1977-12-01,0.10906303479749,-0.6920657938553664,0.10933994105343214,0.0006417569880205892,0.0031018254420992902
1977-01-02,0.1139831717056474,-0.669814450142169,0.10953246814983833,0.004920136908157402,0.004278379920136813
1977-02-02,0.1131631488876211,-0.6735230074277022,0.10971192241871072,-0.0008200228180262892,-0.005740159726183691
1977-03-02,0.1150884198516828,-0.6648159598877549,0.11001616276858713,0.0019252709640616983,0.0027452937820879875
1977-04-02,0.1142327438676554,-0.668685758794398,0.11042617417760024,-0.0008556759840274014,-0.0027809469480890997
1977-07-02,0.1162293211637193,-0.6596562280122309,0.11084806997528042,0.001996577296063895,0.0028522532800912964
1977-08-02,0.1152666856816885,-0.6640097517822042,0.11109288838182158,-0.0009626354820307936,-0.0029592127780946886
1977-09-02,0.1166571591557329,-0.6577213285589099,0.11138880965963104,0.0013904734740443903,0.002353108956075184
1977-10-02,0.1154092983456931,-0.6633647852977637,0.11157182924510357,-0.0012478608100397887,-0.002638334284084179
1977-11-02,0.114125784369652,-0.6691694836577284,0.11178455980224372,-0.001283513976041109,-3.56531660013204e-05
1977-01-03,0.1228608100399315,-0.6296652864857474,0.11220764403879059,0.008735025670279506,0.010018539646320615
1977-02-03,0.125784369652025,-0.6164434735547173,0.11269846929073962,0.002923559612093493,-0.005811466058186013
1977-03-03,0.1257487164860239,-0.6166047151758272,0.11326178931355765,-3.565316600109836e-05,-0.0029592127780945915
1977-04-03,0.124750427837992,-0.6211194805669105,0.1136504088229701,-0.000998288648031892,-0.0009626354820307936
1977-07-03,0.128814888762122,-0.6027379357603564,0.11415311846358618,0.004064460924129987,0.005062749572161879
1977-08-03,0.1282800912721049,-0.6051565600770081,0.11465582810420226,-0.000534797490017086,-0.004599258414147073
1977-09-03,0.1260695949800342,-0.6151535405858359,0.11532848450275712,-0.002210496292070707,-0.0016756988020536212
1977-10-03,0.1269965772960638,-0.6109612584369728,0.11592626925270959,0.000926982316029612,0.003137478608100319
1977-11-03,0.1260695949800342,-0.6151535405858359,0.11652286556379533,-0.000926982316029612,-0.001853964632059224
1977-01-04,0.1270678836280661,-0.6106387751947526,0.11707548963681301,0.000998288648031892,0.001925270964061504
1977-04-04,0.1289218482601254,-0.602254210897026,0.11769823160296629,0.0018539646320593073,0.0008556759840274153
1977-05-04,0.1264617798060467,-0.6133798827536248,0.11826274006465101,-0.002460068454078701,-0.004314033086138008
1977-06-04,0.1223260125499144,-0.6320839108023992,0.1186359098687963,-0.0041357672561322945,-0.0016756988020535935
1977-07-04,0.124001711351968,-0.6245055546102234,0.1190934588324776,0.0016756988020535935,0.005811466058185888
1977-12-04,0.1248217341699942,-0.6207969973246906,0.11950584711922413,0.0008200228180262059,-0.0008556759840273875
1977-02-05,0.1248573873359954,-0.6206357557035803,0.11996101920517203,3.56531660011955e-05,-0.0007843696520250104
1977-03-05,0.1251782658300057,-0.6191845811135889,0.12043282943525378,0.00032087849401031543,0.00028522532800911993
1977-04-05,0.1250356531660011,-0.6198295475980297,0.12088562464346828,-0.00014261266400461547,-0.0004634911580149309
1977-05-05,0.1228964632059326,-0.6295040448646374,0.12128612854154777,-0.0021391899600684966,-0.001996577296063881
1977-06-05,0.1236451796919566,-0.6261179708213246,0.12179359193763067,0.0007487164860239953,0.002887906446092492
1977-09-05,0.1237877923559611,-0.6254730043368844,0.1222844171895797,0.00014261266400450445,-0.0006061038220194909
1977-10-05,0.1236095265259555,-0.6262792124424346,0.12260529568358998,-0.0001782658300056028,-0.00032087849401010726
1977-11-05,0.1246078151739874,-0.6217644470513513,0.12298678455980219,0.0009982886480319059,0.0011765544780375087
1977-12-05,0.123502567027952,-0.6267629373057654,0.12326725613234449,-0.001105248146035409,-0.002103536794067315
1977-01-06,0.1181189389617798,-0.6511104220933941,0.12339679596881531,-0.005383628066172194,-0.004278379920136785
1977-02-06,0.1178337136337706,-0.6524003550622754,0.12345027571781703,-0.0002852253280092032,0.005098402738162991
1977-03-06,0.1168354249857387,-0.6569151204533588,0.12350256702795202,-0.000998288648031892,-0.0007130633200226888
1977-08-06,0.1165145464917284,-0.65836629504335,0.1234978132724852,-0.00032087849401030155,0.0006774101540215904
1977-09-06,0.1126996577296063,-0.6756191485021337,0.12340749191861565,-0.003814888762122104,-0.0034940102681118024
1977-10-06,0.1110239589275527,-0.6831975046943096,0.12330409773721235,-0.0016756988020536073,0.0021391899600684966
1977-01-07,0.115908442669709,-0.6611074026022221,0.12307235215820493,0.004884483742156304,0.006560182544209911
1977-04-07,0.1125926982316029,-0.676102873365464,0.12263262977752418,-0.0033157444381061024,-0.008200228180262406
1977-05-07,0.1134483742156303,-0.6722330744588209,0.12222261836851107,0.0008556759840274014,0.004171420422133504
1977-06-07,0.1128066172276097,-0.6751354236388034,0.12182449134816499,-0.0006417569880205892,-0.0014974329720479906
1977-07-07,0.1136979463776383,-0.6711043831110499,0.1213205932686822,0.0008913291500285969,0.0015330861380491861
1977-08-07,0.1132701083856246,-0.6730392825643715,0.12082026050579953,-0.00042783799201370765,-0.0013191671420423046
1977-11-07,0.1139118653736451,-0.6701369333843893,0.12041500285225322,0.000641756988020506,0.0010695949800342136
1977-12-07,0.1145179691956645,-0.6673958258255173,0.11999904924890657,0.0006061038220193937,-3.5653166001112235e-05
1977-01-08,0.1155875641756987,-0.6625585771922134,0.11964964822209541,0.0010695949800341997,0.000463491158014806
1977-02-08,0.1160510553337136,-0.6604624361177815,0.11928242061228364,0.00046349115801490315,-0.0006061038220192966
1977-03-08,0.1170136908157444,-0.6561089123478081,0.11888548203080428,0.0009626354820308075,0.0004991443240159044
1977-04-08,0.1180119794637763,-0.6515941469567249,0.11860382201939526,0.000998288648031892,3.565316600108448e-05
1977-05-08,0.1168710781517398,-0.6567538788322488,0.11842199087278944,-0.0011409013120364936,-0.0021391899600683856
1977-08-08,0.117405875641757,-0.6543352545155965,0.11820212968244909,0.000534797490017197,0.0016756988020536906
1977-09-08,0.1176197946377638,-0.6533678047889361,0.11796206503137473,0.0002139189960067983,-0.0003208784940103987
1977-10-08,0.1170493439817455,-0.6559476707266982,0.1177017969195664,-0.0005704506560182954,-0.0007843696520250937
1977-11-08,0.1170849971477467,-0.6557864291055878,0.11743202129682444,3.56531660011955e-05,0.0006061038220194909
1977-12-08,0.1155519110096976,-0.6627198188133235,0.11711589655828099,-0.0015330861380491029,-0.0015687393040502984
1977-01-09,0.1140188248716485,-0.6696532085210591,0.11681997528047151,-0.0015330861380491029,0.0
1977-02-09,0.1139118653736451,-0.6701369333843893,0.11649553146986112,-0.00010695949800339222,0.0014261266400457107
1977-05-09,0.1157301768397033,-0.6619136107077729,0.11622694428598587,0.001818311466058195,0.0019252709640615873
1977-06-09,0.1155162578436964,-0.6628810604344338,0.11595716866324389,-0.00021391899600689546,-0.0020322304620650905
1977-07-09,0.1143040501996577,-0.6683632755521778,0.11561370983076626,-0.0012122076440387042,-0.0009982886480318087
1977-08-09,0.1154449515116942,-0.6632035436766537,0.11534512264689098,0.0011409013120365075,0.0023531089560752116
1977-09-09,0.1131988020536223,-0.6733617658065918,0.11518111808328574,-0.0022461494580719027,-0.00338705077010841
1977-12-09,0.1149101540216771,-0.6656221679933056,0.11508366609621595,0.0017113519680548028,0.0039575014261267055
1977-03-10,0.1206503137478607,-0.6396622669945755,0.11521082905495335,0.005740159726183594,0.004028807758128791
1977-04-10,0.1201511694238448,-0.6419196496901171,0.11533204981935724,-0.0004991443240159044,-0.006239304050199498
1977-05-10,0.1210068454078722,-0.6380498507834738,0.11560895607529943,0.0008556759840274014,0.0013548203080433058
1977-06-10,0.1199015972618368,-0.6430483410378879,0.11590487735310889,-0.0011052481460353952,-0.0019609241300627966
1977-07-10,0.1200442099258414,-0.6424033745534472,0.11604273626164664,0.0001426126640046016,0.0012478608100399968
1977-10-10,0.1209355390758699,-0.6383723340256942,0.11632083095645555,0.0008913291500284998,0.0007487164860238982
1977-11-10,0.1227538505419281,-0.6301490113490776,0.11663101350066546,0.001818311466058195,0.0009269823160296953
1977-12-10,0.1241086708499714,-0.624021829746893,0.11700774862141086,0.0013548203080433058,-0.00046349115801488927
1977-01-11,0.1284583571021106,-0.6043503519714576,0.11749976231222661,0.00434968625213919,0.002994865944095884
1977-02-11,0.1270678836280661,-0.6106387751947526,0.11795968815364133,-0.0013904734740445013,-0.005740159726183691
1977-03-11,0.1270678836280661,-0.6106387751947526,0.11839822209545536,0.0,0.0013904734740445013
1977-04-11,0.1288505419281232,-0.602576694139246,0.11887597451987064,0.0017826583000571106,0.0017826583000571106
1977-07-11,0.1303836280661722,-0.5956433044315107,0.11936917664955309,0.0015330861380490057,-0.00024957216200810484
1977-08-11,0.1284227039361095,-0.6045115935925676,0.11978156493629963,-0.0019609241300627134,-0.003494010268111719
1977-09-11,0.1316671420422133,-0.589838606071546,0.12027001331051525,0.0032444381061038086,0.005205362236166522
1977-10-11,0.1308114660581859,-0.5937084049781892,0.12069666286366225,-0.0008556759840274153,-0.004100114090131224
1977-11-11,0.1317741015402167,-0.5893548812082158,0.12119343030994481,0.0009626354820308214,0.0018183114660582367
1977-01-12,0.1250356531660011,-0.6198295475980297,0.12144775622741961,-0.006738448374215611,-0.007701083856246432
1977-02-12,0.122219053051911,-0.6325676356657295,0.1216010648412245,-0.002816600114090101,0.00392184826012551
1977-05-12,0.1227181973759269,-0.6303102529701881,0.12179002662103056,0.0004991443240159044,0.0033157444381060053
1977-06-12,0.1250713063320022,-0.6196683059769197,0.1220562369271724,0.002353108956075295,0.0018539646320593905
1977-07-12,0.1236451796919566,-0.6261179708213246,0.12232601254991438,-0.0014261266400455996,-0.0037792355961208945
1977-08-12,0.1245721620079862,-0.6219256886724616,0.12267779045445897,0.0009269823160295981,0.0023531089560751978
1977-09-12,0.1243582430119794,-0.6228931383991222,0.12302600304240345,-0.0002139189960067983,-0.0011409013120363964
1977-12-12,0.1236451796919566,-0.6261179708213246,0.12328983647081189,-0.0007130633200227998,-0.0004991443240160015
1978-03-01,0.1282800912721049,-0.6051565600770081,0.12371529758509217,0.00463491158014831,0.00534797490017111
1978-04-01,0.131845407872219,-0.5890323979659955,0.12430000950751087,0.0035653166001140824,-0.0010695949800342275
1978-05-01,0.1264261266400456,-0.6135411243747346,0.12466604867845593,-0.00541928123217339,-0.008984597832287472
1978-06-01,0.1279592127780946,-0.6066077346669995,0.12515806236927168,0.0015330861380490057,0.006952367370222395
1978-09-01,0.1281374786081003,-0.6058015265614489,0.1255989731888191,0.00017826583000568608,-0.0013548203080433197
1978-10-01,0.1316314888762122,-0.589999847692656,0.12596501235976415,0.0034940102681119134,0.0033157444381062273
1978-11-01,0.1308471192241871,-0.5935471633570788,0.12632154401977555,-0.0007843696520251076,-0.004278379920137021
1978-12-01,0.132094980034227,-0.5879037066182244,0.12669114850732072,0.0012478608100399136,0.002032230462065021
1978-01-02,0.1329150028522532,-0.5841951493326918,0.12712492869366793,0.0008200228180261782,-0.0004278379920137354
1978-02-02,0.1306688533941814,-0.5943533714626293,0.12747908347594594,-0.002246149458071778,-0.003066172276097956
1978-03-02,0.1293853394181403,-0.6001580698225941,0.12776074348735497,-0.001283513976041123,0.0009626354820306549
1978-06-02,0.1299914432401597,-0.5974169622637219,0.12800199657729602,0.0006061038220194215,0.0018896177980605444
1978-07-02,0.1295279520821448,-0.5995131033381539,0.12818263928503512,-0.000463491158014917,-0.0010695949800343385
1978-08-02,0.1287435824301197,-0.6030604190025767,0.12819214679596874,-0.0007843696520250798,-0.0003208784940101628
1978-09-02,0.1276026811180832,-0.6082201508781007,0.12820997337896933,-0.0011409013120365075,-0.00035653166001142766
1978-10-02,0.1292070735881346,-0.6009642779281447,0.1282812797109716,0.0016043924700513967,0.002745293782087904
1978-01-03,0.1331645750142612,-0.5830664579849207,0.12842508081384288,0.003957501426126608,0.0023531089560752116
1978-02-03,0.1323802053622361,-0.5866137736493436,0.12849163339037833,-0.0007843696520251076,-0.004741871078151716
1978-03-03,0.1330576155162578,-0.5835501828482511,0.12864613044304996,0.0006774101540217015,0.001461779806046809
1978-06-03,0.1329506560182544,-0.5840339077115814,0.12868891424225132,-0.0001069594980034061,-0.0007843696520251076
1978-07-03,0.1356246434683399,-0.5719407861283221,0.12884935348925647,0.002673987450085513,0.0027809469480889193
1978-08-03,0.1443596691386194,-0.5324365889563413,0.1292688724092032,0.008735025670279478,0.006061038220193965
1978-09-03,0.1433257273245864,-0.5371125959685346,0.12987854154782272,-0.0010339418140329903,-0.009768967484312469
1978-10-03,0.1412934968625213,-0.546303368371812,0.13051435634150974,-0.0020322304620651044,-0.000998288648032114
1978-03-04,0.147782373074729,-0.5169573933297688,0.13134982886480312,0.0064888762122077,0.008521106674272805
1978-04-04,0.1455362236166571,-0.5271156154597068,0.13203199277429162,-0.002246149458071889,-0.00873502567027959
1978-05-04,0.1426126640045636,-0.540337428390737,0.13266424225137854,-0.002923559612093507,-0.0006774101540216182
1978-06-04,0.1448231602966343,-0.5303404478819093,0.1333392755276668,0.002210496292070707,0.005134055904164214
1978-07-04,0.141721334854535,-0.5443684689184904,0.133918045255752,-0.003101825442099304,-0.005312321734170011
1978-10-04,0.1418996006845407,-0.5435622608129399,0.13452652595550477,0.00017826583000568608,0.00328009127210499
1978-11-04,0.142719623502567,-0.5398537035274067,0.1350078436965202,0.0008200228180263169,0.0006417569880206309
1978-12-04,0.1440744438106103,-0.5337265219252221,0.13541547822779992,0.001354820308043292,0.000534797490016975
1978-02-05,0.132094980034227,-0.5879037066182244,0.13560444000760594,-0.011979463776383287,-0.013334284084426579
1978-03-05,0.1345550484883057,-0.5767780347616258,0.13582430119794633,0.002460068454078701,0.014439532230461988
1978-04-05,0.1358029092983456,-0.5711345780227716,0.13607981555428783,0.0012478608100398858,-0.0012122076440388152
1978-05-05,0.1360168282943525,-0.5701671282961106,0.1362259935348925,0.00021391899600689546,-0.0010339418140329903
1978-08-05,0.1347333143183114,-0.5759718266560753,0.13635553337136333,-0.0012835139760410952,-0.0014974329720479906
1978-09-05,0.1345550484883057,-0.5767780347616258,0.13643753565316594,-0.00017826583000568608,0.001105248146035409
1978-10-05,0.1350898459783228,-0.5743594104449741,0.13651003042403492,0.000534797490017086,0.0007130633200227721
1978-11-05,0.1372646891043924,-0.5645236715572562,0.1367298916143753,0.002174843126069609,0.0016400456360525228
1978-12-05,0.1360524814603536,-0.5700058866750006,0.13695212968244908,-0.0012122076440388152,-0.003387050770108424
1978-01-06,0.1472119224187107,-0.5195372592675309,0.13752614565506743,0.011159440958357109,0.012371648602395924
1978-02-06,0.1489589275527666,-0.5116364198331348,0.1381738448374215,0.0017470051340559012,-0.009412435824301207
1978-05-06,0.1451083856246434,-0.5290505149130283,0.13871933827723895,-0.0038505419281232023,-0.0055975470621791035
1978-06-06,0.1436466058185966,-0.5356614213785437,0.13925413576725607,-0.001461779806046809,0.0023887621220763933
1978-07-06,0.145500570450656,-0.5272768570808167,0.13979725232934012,0.0018539646320594183,0.0033157444381062273
1978-08-06,0.1437535653166001,-0.535177696515213,0.1401502186727514,-0.0017470051340559012,-0.0036009697661153195
1978-09-06,0.142220479178551,-0.5421110862229487,0.14047822779996189,-0.0015330861380491168,0.00021391899600678443
1978-12-06,0.1416500285225327,-0.5446909521607108,0.14076464156683774,-0.0005704506560182954,0.0009626354820308214
1978-03-07,0.1426126640045636,-0.540337428390737,0.14108670849971475,0.0009626354820309047,0.0015330861380492
1978-04-07,0.1437535653166001,-0.535177696515213,0.1413576725613234,0.0011409013120365075,0.0001782658300056028
1978-05-07,0.1435752994865944,-0.5359839046207636,0.1413315269062559,-0.00017826583000571383,-0.0013191671420422213
1978-06-07,0.1424343981745578,-0.541143636496288,0.14130181593458827,-0.0011409013120365907,-0.0009626354820308769
1978-07-07,0.1413291500285225,-0.5461421267507016,0.141303004373455,-0.001105248146035298,3.5653166001292647e-05
1978-10-07,0.142969195664575,-0.5387250121796358,0.14114256512644985,0.001640045636052495,0.002745293782087793
1978-11-07,0.1431474614945807,-0.5379188040740851,0.14106293972238063,0.00017826583000571383,-0.0014617798060467813
1978-12-07,0.1433257273245864,-0.5371125959685346,0.1410867084997147,0.00017826583000568608,-2.7755575615628914e-17
1978-01-08,0.1584426697090701,-0.468746148617841,0.1415406921467959,0.01511694238448369,0.014938676554478003
1978-02-08,0.1542712492869366,-0.4876114182877258,0.14195902262787596,-0.004171420422133476,-0.019288362806617165
1978-03-08,0.152595550484883,-0.49518977447990176,0.1423155542878874,-0.0016756988020536212,0.002495721620079855
1978-04-08,0.1514546491728465,-0.5003495063554256,0.14260672181023,-0.0011409013120364797,0.0005347974900171415
1978-07-08,0.1534512264689104,-0.49131997557325857,0.14291928123217337,0.001996577296063895,0.0031374786081003747
1978-08-08,0.1536294922989161,-0.490513767467708,0.143637098307663,0.00017826583000568608,-0.001818311466058209
1978-09-08,0.1536294922989161,-0.490513767467708,0.14427291310135001,0.0,-0.00017826583000568608
1978-10-08,0.1504207073588134,-0.5050255133676194,0.14476017303669894,-0.0032087849401026824,-0.0032087849401026824
1978-11-08,0.1553408442669708,-0.4827741696544221,0.1454043069024529,0.004920136908157402,0.008128921848260084
1978-01-09,0.1514189960068453,-0.500510747976536,0.1459604962920707,-0.00392184826012551,-0.008841985168282912
1978-04-09,0.1538077581289218,-0.4897075593621573,0.14660225328009122,0.0023887621220765043,0.006310610382202014
1978-05-09,0.1529520821448944,-0.4935773582688005,0.14719766115231028,-0.0008556759840274153,-0.0032444381061039196
1978-06-09,0.1529164289788933,-0.4937385998899104,0.14771938581479363,-3.565316600109836e-05,0.0008200228180263169
1978-07-09,0.1515259555048488,-0.5000270231132055,0.14823516828294345,-0.0013904734740445013,-0.001354820308043403
1978-08-09,0.1505989731888191,-0.5042193052620688,0.1483480699752804,-0.0009269823160296953,0.000463491158014806
1978-11-09,0.1497076440387906,-0.5082503457898219,0.1483730271914812,-0.0008913291500284859,3.565316600120938e-05
1978-12-09,0.1507059326868225,-0.5037355803987386,0.14855961209355387,0.000998288648031892,0.0018896177980603779
1978-02-10,0.156909583571021,-0.4756795383255766,0.14900171135196802,0.006203650884198497,0.005205362236166605
1978-03-10,0.1602609811751283,-0.4605228259412244,0.14949372504278374,0.003351397604107298,-0.0028522532800911993
1978-04-10,0.1633271534512264,-0.44665604652575364,0.15014617798060462,0.0030661722760980947,-0.0002852253280092032
1978-05-10,0.1630062749572162,-0.4481072211157444,0.15083903783989347,-0.00032087849401019053,-0.0033870507701082853
1978-06-10,0.1627567027952081,-0.44923591246351585,0.15154259364898265,-0.00024957216200810484,7.130633200208569e-05
1978-09-10,0.1612949229891614,-0.4558468189290307,0.1521653356151359,-0.001461779806046698,-0.0012122076440385932
1978-10-10,0.1681759840273816,-0.4247271860547762,0.1529794162388286,0.006881061038220199,0.008342840844266897
1978-11-10,0.1676768397033656,-0.42698456875031804,0.153782800912721,-0.0004991443240159876,-0.007380205362236186
1978-12-10,0.1690316600114089,-0.4208573871481335,0.1546693763072827,0.001354820308043292,0.0018539646320592795
1978-01-11,0.173345693097547,-0.40134715099380797,0.1557365944095835,0.0043140330861380916,0.0029592127780947997
1978-02-11,0.1633628066172276,-0.4464948049046432,0.1564163814413386,-0.009982886480319392,-0.014296919566457483
1978-03-11,0.1616514546491728,-0.4542344027179295,0.15703318121315835,-0.0017113519680548028,0.008271534512264589
1978-06-11,0.1605462065031374,-0.4592328929723436,0.1576071971857767,-0.001105248146035409,0.0006061038220193937
1978-07-11,0.1634341129492298,-0.4461723216624233,0.15777357862711536,0.0028879064460924087,0.003993154592127818
1978-08-11,0.1645393610952652,-0.4411738314080092,0.1581158490207263,0.001105248146035409,-0.0017826583000569995
1978-09-11,0.1619723331431831,-0.45278322812793814,0.15842840844266964,-0.002567027952082107,-0.003672276098117516
1978-10-11,0.1588348545350827,-0.46697249078562936,0.15867441528807755,-0.0031374786081004025,-0.0005704506560182954
1978-01-12,0.1667498573873359,-0.4311768508991816,0.15911770298535838,0.007915002852253189,0.011052481460353591
1978-04-12,0.166500285225328,-0.432305542246952,0.15954672941623876,-0.0002495721620078828,-0.008164575014261072
1978-05-12,0.1637549914432401,-0.44472114707243204,0.15988424605438292,-0.002745293782087904,-0.0024957216200800214
1978-06-12,0.1628993154592127,-0.4485909459790751,0.16030019965772954,-0.0008556759840273875,0.0018896177980605167
1978-07-12,0.163469766115231,-0.4460110800413129,0.16057116371933822,0.0005704506560182954,0.001426126640045683
1978-08-12,0.1635054192812321,-0.4458498384202029,0.1609740444951511,3.565316600109836e-05,-0.000534797490017197
1978-11-12,0.1649671990872789,-0.4392389319546877,0.1613460258604297,0.0014617798060467813,0.001426126640045683
1978-12-12,0.1630062749572162,-0.4481072211157444,0.16168116562084042,-0.0019609241300626856,-0.003422703936109467
1979-02-01,0.1715273816314888,-0.40957047367042443,0.16230153070926026,0.00852110667427261,0.010482030804335296
1979-03-01,0.1681759840273816,-0.4247271860547762,0.16285653166001135,-0.0033513976041072147,-0.011872504278379825
1979-04-01,0.1679264118653736,-0.4258558774025471,0.16343411294922985,-0.0002495721620079938,0.003101825442099221
1979-05-01,0.1679977181973759,-0.42553339416032676,0.16404378208784937,7.130633200230774e-05,0.00032087849401030155
1979-08-01,0.1688890473474044,-0.4215023536325737,0.16464988590986873,0.0008913291500284859,0.0008200228180261782
1979-09-01,0.1692455790074158,-0.4198899374214725,0.16506108575774858,0.0003565316600113999,-0.000534797490017086
1979-10-01,0.1678551055333713,-0.4261783606447675,0.16531422323635667,-0.0013904734740445013,-0.0017470051340559012
1979-11-01,0.1683185966913861,-0.4240822195703359,0.16548060467769535,0.000463491158014806,0.0018539646320593073
1979-12-01,0.1662507130633199,-0.43343423359472344,0.16558875261456546,-0.0020678836280662027,-0.0025313747860810087
1979-01-02,0.1915288077581289,-0.3191139242276432,0.16654782277999614,0.02527809469480899,0.027345978322875192
1979-02-02,0.1904948659440958,-0.3237899312398369,0.16752115421182726,-0.0010339418140331014,-0.02631203650884209
1979-05-02,0.2070022818026241,-0.2491350606658479,0.1688153641376687,0.0165074158585283,0.017541357672561403
1979-06-02,0.2064318311466058,-0.2517149266036101,0.17010719718577672,-0.0005704506560182954,-0.017077866514546597
1979-07-02,0.2151668568168853,-0.21221072943162914,0.17164503707929263,0.008735025670279506,0.009305476326297801
1979-08-02,0.2225827153451226,-0.17867247224072272,0.17328627115421175,0.007415858528237312,-0.0013191671420421935
1979-09-02,0.2043639475185396,-0.2610669406279976,0.17465297585092218,-0.01821876782658302,-0.025634626354820333
1979-12-02,0.2172347404449515,-0.20285871540724162,0.1765057520441148,0.012870792926411911,0.031089560752994932
1979-01-03,0.226468910439247,-0.1610971355397188,0.17870317550865178,0.009234169994295494,-0.003636622932116418
1979-02-03,0.2286794067313177,-0.15110015503089105,0.18087801863472136,0.002210496292070707,-0.007023673702224786
1979-05-03,0.2173416999429549,-0.20237499054391134,0.18263809659631106,-0.011337706788362795,-0.013548203080433502
1979-06-03,0.2181973759269823,-0.19850519163726826,0.18451226468910434,0.0008556759840273875,0.012193382772390182
1979-07-03,0.2176625784369651,-0.20092381595392053,0.1864731888191671,-0.000534797490017197,-0.0013904734740445845
1979-08-03,0.2122789503707929,-0.22527130074154939,0.187990825251949,-0.005383628066172208,-0.004848830576155011
1979-09-03,0.2130276668568168,-0.221885226698237,0.18954173797299861,0.0007487164860238982,0.006132344552196106
1979-12-03,0.2136337706788362,-0.2191441191393647,0.19120436394751847,0.0006061038220194215,-0.0001426126640044767
1979-02-04,0.220657444381061,-0.1873795197806696,0.19312963491158008,0.007023673702224786,0.006417569880205365
1979-03-04,0.2195521962350256,-0.19237801003508373,0.19499904924890657,-0.001105248146035409,-0.008128921848260195
1979-04-04,0.2160225328009127,-0.20834093052498606,0.1967496196995626,-0.0035296634341129007,-0.0024244152880774916
1979-05-04,0.2181617227609811,-0.19866643325837857,0.198522770488686,0.002139189960068427,0.005668853394181328
1979-06-04,0.2182330290929834,-0.19834395001615832,0.2003636622932116,7.130633200227998e-05,-0.0020678836280661472
1979-09-04,0.2217270393610952,-0.18254227114736593,0.20203698421753183,0.0034940102681118024,0.0034227039361095224
1979-10-04,0.2248288648031945,-0.1685142501107847,0.20392541357672556,0.003101825442099304,-0.00039218482601249827
1979-11-04,0.2227609811751283,-0.17786626413517218,0.20575323255371739,-0.0020678836280662027,-0.005169709070165507
1979-12-04,0.2179834569309754,-0.19947264136392925,0.20741942384483736,-0.0047775242441528976,-0.002709640616086695
1979-01-05,0.2405875641756987,-0.09724545358010897,0.2098093744057805,0.02260410724472331,0.027381631488876207
1979-02-05,0.2358100399315459,-0.11885183080886566,0.21202818976991816,-0.004777524244152814,-0.027381631488876124
1979-03-05,0.2372361665715915,-0.11240216596446075,0.2143408918045255,0.0014261266400455996,0.006203650884198414
1979-04-05,0.2401953793496862,-0.09901911141232013,0.2167367845598022,0.0029592127780947164,0.0015330861380491168
1979-08-05,0.25,-0.054677665607035075,0.21952842745769152,0.009804620650313789,0.0068454078722190725
1979-09-05,0.2440815744438106,-0.0814437747113162,0.22128018634721425,-0.005918425556189405,-0.015723046206503194
1979-10-05,0.2532444381061038,-0.0400046780860136,0.22337183875261454,0.009162863662293214,0.015081289218482619
1979-11-05,0.2524244152880776,-0.043713235371546484,0.2248859098687963,-0.0008200228180262337,-0.009982886480319447
1979-01-06,0.2624786081003993,0.001756901781509236,0.22675413576725612,0.010054192812321727,0.010874215630347961
1979-04-06,0.2552053622361665,-0.031136388924956793,0.22808875261456546,-0.00727324586423278,-0.017327438676554507
1979-05-06,0.2574871648602395,-0.02081692517390894,0.22925223426506938,0.0022818026240729594,0.00955504848830574
1979-06-06,0.2626212207644038,0.0024018682659494757,0.23119414337326483,0.005134055904164325,0.002852253280091366
1979-07-06,0.2557758128921848,-0.028556522987194577,0.2324788457881726,-0.006845407872218989,-0.011979463776383314
1979-08-06,0.2573802053622361,-0.021300650037239122,0.23350922228560558,0.0016043924700512857,0.008449800342270275
1979-11-06,0.2621220764403879,0.00014448557040788382,0.23462397794257459,0.0047418710781517714,0.0031374786081004857
1979-12-06,0.2558471192241871,-0.028234039744974206,0.23590749191861565,-0.006274957216200749,-0.01101682829435252
1979-02-07,0.2647247575584711,0.011915123911446775,0.2374584046396653,0.008877638334283955,0.015152595550484704
1979-03-07,0.2613377067883628,-0.003402830094014689,0.23891424225137853,-0.0033870507701082575,-0.012264689104392212
1979-04-07,0.2664361095265259,0.019654721724733166,0.24071948088990297,0.005098402738163088,0.008485453508271346
1979-05-07,0.269751853964632,0.03465019248797501,0.24261028712683017,0.0033157444381061163,-0.0017826583000569718
1979-06-07,0.2730675984027381,0.04964566325121661,0.24459141471762688,0.003315744438106061,-5.551115123125783e-17
1979-09-07,0.2716771249286936,0.04335724002792176,0.2462920707358813,-0.0013904734740444735,-0.004706217912150534
1979-10-07,0.2770250998288647,0.06754348319444053,0.24820783418900927,0.005347974900171082,0.006738448374215555
1979-11-07,0.2798060467769537,0.08012032964103048,0.25033395132154396,0.0027809469480890026,-0.0025670279520820793
1979-12-07,0.2821235025670279,0.09060103501318889,0.25246601064841223,0.0023174557900741966,-0.000463491158014806
1979-01-08,0.2789147176269252,0.07608928911327748,0.25448873359954355,-0.0032087849401026824,-0.005526240730176879
1979-02-08,0.2799843126069595,0.08092653774658154,0.2564306427077391,0.001069594980034283,0.0042783799201369654
1979-03-08,0.2755989731888191,0.061093818350035634,0.25812297965392655,-0.004385339418140399,-0.005454934398174682
1979-06-08,0.2705362236166571,0.038197508152397586,0.25971548773531083,-0.0050627495721620175,-0.0006774101540216182
1979-07-08,0.2677552766685681,0.02562066170580764,0.2613745483932306,-0.0027809469480890026,0.002281802624073015
1979-08-08,0.268218767826583,0.027716802780239674,0.26229558851492674,0.000463491158014917,0.0032444381061039196
1979-09-08,0.2757415858528237,0.061738784834476375,0.263626640045636,0.0075228180262407185,0.0070593268682258015
1979-10-08,0.2801982316029663,0.08189398747324214,0.26505870888001515,0.004456645750142596,-0.0030661722760981225
1979-03-09,0.3434469480889902,0.3679366233226066,0.268500427837992,0.06324871648602387,0.058792070735881274
1979-04-09,0.3449800342270394,0.37487001303034273,0.27166642897889326,0.0015330861380492,-0.06171563034797467
1979-05-09,0.3639475185396463,0.46065055546093003,0.27566196044875446,0.01896748431260692,0.01743439817455772
1979-06-09,0.4020250998288648,0.6328566068065455,0.2806213158395131,0.03807758128921851,0.01911009697661159
1979-07-09,0.3725755847119223,0.49967102776958033,0.28462635482030796,-0.029449515116942493,-0.067527096406161
1979-10-09,0.3896177980604677,0.5767445226602211,0.2888643278189769,0.017042213348545387,0.04649172846548788
1979-11-09,0.3899743297204792,0.5783569388713227,0.2933566267351207,0.0003565316600114832,-0.016685681688533904
1979-12-09,0.3926483171705647,0.5904500604545819,0.2978619984787982,0.002673987450085513,0.00231745579007403
1979-01-10,0.5639617798060468,1.3652160498887413,0.3079066837801863,0.17131346263548208,0.16863947518539657
1979-02-10,0.5999714774671991,1.5280700872099697,0.3193798725993534,0.03600969766115236,-0.13530376497432972
1979-03-10,0.5607529948659441,1.35070430398883,0.32949229891614373,-0.039218482601255045,-0.07522818026240741
1979-04-10,0.4858813462635482,1.0120968996575637,0.3369509412435824,-0.07487164860239592,-0.03565316600114088
1979-05-10,0.5001426126640046,1.0765935481016147,0.345094124358243,0.01426126640045644,0.08913291500285236
1979-08-10,0.5001426126640046,1.0765935481016147,0.3529413861950941,0.0,-0.01426126640045644
1979-09-10,0.5322304620650313,1.2217110071007282,0.36197114470431635,0.03208784940102671,0.03208784940102671
1979-10-10,0.5571876782658299,1.334580141877817,0.3716628636622932,0.024957216200798604,-0.007130633200228109
1979-11-10,0.5516614375356532,1.3095876906057478,0.38105984978132723,-0.0055262407301767125,-0.030483456930975317
1979-12-10,0.5598616657159157,1.3466732634610772,0.3906196520250998,0.008200228180262448,0.01372646891043916
1979-01-11,0.5365088419851683,1.2410600016339441,0.3994473759269823,-0.02335282373074732,-0.031553051911009766
1979-02-11,0.5256346263548204,1.1918813071953553,0.40773436014451414,-0.010874215630347961,0.012478608100399358
1979-05-11,0.5322304620650313,1.2217110071007282,0.4161485073207834,0.00659583571021094,0.0174700513405589
1979-06-11,0.5439960068454079,1.2749207420670707,0.42487759079672943,0.011765544780376613,0.005169709070165673
1979-07-11,0.5514831717056474,1.3087814825001969,0.43396320593268684,0.007487164860239481,-0.004278379920137132
1979-08-11,0.5393610952652595,1.253959331322754,0.4426090986879635,-0.012122076440387874,-0.019609241300627356
1979-09-11,0.5395393610952653,1.2547655394283048,0.45140711161817837,0.0001782658300057971,0.012300342270393672
1979-12-11,0.5411437535653166,1.2620214123782603,0.460427362616467,0.0016043924700512857,0.0014261266400454886
1979-03-12,0.6634341129492298,1.8150801727859949,0.4736166571591557,0.1222903593839132,0.12068596691386191
1979-04-12,0.6504207073588135,1.756226981080799,0.48635672181023004,-0.013013405590416305,-0.1353037649743295
1979-05-12,0.63562464346834,1.6893117083200964,0.4983528237307473,-0.014796063890473499,-0.0017826583000571938
1979-06-12,0.6527381631488876,1.7667076864529567,0.5107708214489447,0.01711351968054753,0.03190958357102103
1979-07-12,0.6358029092983457,1.6901179164256468,0.5205160201559232,-0.016935253850541843,-0.03404877353108937
1979-10-12,0.6323802053622362,1.6746387207990745,0.5300960258604298,-0.00342270393610955,0.013512549914432292
1979-11-12,0.6623645179691957,1.8102429241526914,0.540043259174748,0.02998431260695955,0.0334070165430691
1979-12-12,0.6727039361095266,1.8570029942746284,0.5490658870507701,0.010339418140330903,-0.01964489446662865
1980-11-03,0.9582857957786652,3.148548379366744,0.5685895607529949,0.2855818596691386,0.2752424415288077
1980-01-04,0.5603964632059326,1.3490918877777283,0.5742821829245103,-0.3978893325727326,-0.6834711922418713
1980-02-04,0.4890901312036509,1.0266086455574752,0.5775860429739494,-0.0713063320022817,0.3265830005704509
1980-03-04,0.4805333713633771,0.9879106564910448,0.5805155447803766,-0.00855675984027382,0.06274957216200788
1980-08-04,0.5472047917855106,1.289432487966982,0.5799569785130253,0.06667142042213353,0.07522818026240735
1980-09-04,0.5821448944666288,1.4474492766549065,0.579362759079673,0.034940102681118135,-0.0317313177410154
1980-10-04,0.5086993725042783,1.1152915371680445,0.5776276383342842,-0.07344552196235044,-0.10838562464346857
1980-11-04,0.5115516257843696,1.128190866856855,0.5784833143183115,0.0028522532800913103,0.07629777524244175
1980-01-05,0.3824871648602395,0.5444961984381955,0.574561466058186,-0.12906446092413015,-0.13191671420422146
1980-02-05,0.4217056474614945,0.7218619816593352,0.5719469005514356,0.039218482601255045,0.1682829435253852
1980-06-05,0.4324015972618368,0.7702344679923733,0.5686192717246624,0.010695949800342275,-0.02852253280091277
1980-07-05,0.4074443810610382,0.6573653332152847,0.5636278284845028,-0.024957216200798604,-0.03565316600114088
1980-08-05,0.4263405590416428,0.7428233924036516,0.5594504658680357,0.01889617798060461,0.043853394181403216
1980-09-05,0.4184968625213918,0.7073502357594236,0.5547383057615517,-0.00784369652025102,-0.02673987450085563
1980-12-05,0.4088705077010838,0.6638149980596896,0.5504836946187488,-0.009626354820307992,-0.0017826583000569718
1980-02-06,0.4769680547632629,0.9717864943800317,0.5488614755656969,0.06809754706217913,0.07772390188248712
1980-03-06,0.4597475755847118,0.8939067913838402,0.5464453793496863,-0.01722047917855113,-0.08531802624073026
1980-04-06,0.4947946377638334,1.0524073049350953,0.5448053337136337,0.035047062179121624,0.05226754135767275
1980-05-06,0.5250998288648032,1.1894626828787034,0.5439258889522722,0.030305191100969797,-0.004741871078151827
1980-06-06,0.5616443240159726,1.3547353445165833,0.5446686632439627,0.03654449515116942,0.006239304050199623
1980-09-06,0.591058185966914,1.4877596819324381,0.546385957406351,0.02941386195094131,-0.007130633200228109
1980-10-06,0.5108385624643469,1.1249660344346526,0.545375784369652,-0.08021962350256706,-0.10963348545350837
1980-11-06,0.5058471192241871,1.1023922074792347,0.5401228845788173,-0.004991443240159765,0.0752281802624073
1980-12-06,0.5001426126640046,1.0765935481016147,0.535113614755657,-0.00570450656018251,-0.0007130633200227443
1980-01-07,0.5643539646320593,1.3669897077209527,0.5327379254611143,0.06421135196805472,0.06991585852823723
1980-02-07,0.5712350256702795,1.3981093405952072,0.5300211542118274,0.006881061038220171,-0.05733029092983455
1980-03-07,0.5524458071876782,1.31313500627017,0.5272425841414717,-0.01878921848260129,-0.02567027952082146
1980-04-07,0.5571876782658299,1.334580141877817,0.5247361665715916,0.004741871078151716,0.023531089560753005
1980-07-07,0.553622361665716,1.318455979766805,0.5211114280281423,-0.0035653166001139436,-0.00830718767826566
1980-08-07,0.577153451226469,1.4248754496994886,0.5179264118653736,0.023531089560753005,0.027096406160866948
1980-09-07,0.5608956075299487,1.3513492704732708,0.5046800722570831,-0.01625784369652028,-0.039788933257273285
1980-10-07,0.5425698802053622,1.2684710772226653,0.5040858528237308,-0.018325727324586483,-0.0020678836280662027
1980-11-07,0.5322304620650313,1.2217110071007282,0.5055238638524434,-0.010339418140330903,0.00798630918425558
1980-01-08,0.5111950941243583,1.126578450645754,0.5065459212778094,-0.021035367940673066,-0.010695949800342164
1980-04-08,0.5135125499144324,1.137059156017912,0.5054228465487735,0.002317455790074141,0.023352823730747208
1980-05-08,0.527595550484883,1.200749596356412,0.5036045350827154,0.014083000570450643,0.011765544780376502
1980-06-08,0.5215345122646892,1.1733385207676907,0.504032373074729,-0.006061038220193882,-0.020144038790644525
1980-07-08,0.5304478037649744,1.2136489260452223,0.5046622456740825,0.008913291500285192,0.014974329720479074
1980-08-08,0.530875641756988,1.2155838254985436,0.5096085282373075,0.0004278379920136244,-0.008485453508271568
1980-11-08,0.5129777524244153,1.1346405317012602,0.5126509317360715,-0.017897889332572636,-0.01832572732458626
1980-12-08,0.5126212207644039,1.1330281154901587,0.515324919186157,-0.0003565316600114832,0.017541357672561153
1980-01-09,0.5247432972047918,1.187850266667602,0.5192348830576156,0.012122076440387985,0.012478608100399469
1980-02-09,0.5317313177410155,1.219453624405187,0.5227479083475947,0.006988020536223605,-0.005134055904164381
1980-03-09,0.532408727895037,1.2225172152062789,0.5265449705267161,0.0006774101540215627,-0.006310610382202042
1980-04-09,0.535154021677125,1.2349328200317593,0.5307544209925842,0.0027452937820879875,0.002067883628066425
1980-05-09,0.5617869366799773,1.3553803110010239,0.5335817170564746,0.026632915002852253,0.023887621220764266
1980-08-09,0.5999714774671991,1.5280700872099697,0.5382558471192241,0.03818454078722189,0.011551625784369635
1980-09-09,0.6231460353679407,1.6328771409315517,0.5425342270393612,0.02317455790074152,-0.015009982886480366
1980-10-09,0.6576583000570451,1.7889590301661544,0.5469528427457692,0.0345122646891044,0.011337706788362878
1980-11-09,0.6470336565887052,1.7409090270753371,0.5497991538315269,-0.010624643468339912,-0.04513690815744431
1980-12-09,0.7265402167712492,2.1004778421509194,0.5543152215250048,0.0795065601825441,0.090131203650884
1980-01-10,0.7301768397033657,2.1169244875041526,0.561626497432972,0.003636622932116418,-0.07586993725042768
1980-02-10,0.7104962920707358,2.0279191126513623,0.568448136527857,-0.01968054763262983,-0.023317170564746248
1980-03-10,0.6645037079292642,1.819917421419299,0.5739268397033656,-0.04599258414147167,-0.02631203650884184
1980-06-10,0.6855390758699372,1.9150499778742736,0.577966343411295,0.021035367940673066,0.06702795208214474
1980-07-10,0.6980176839703366,1.9714845452628182,0.5821924320212968,0.012478608100399358,-0.008556759840273709
1980-08-10,0.6926697090701655,1.947298302096299,0.5868665620840464,-0.005347974900171137,-0.017826583000570495
1980-09-10,0.7166286366229321,2.0556526714823042,0.5921812606959499,0.02395892755276663,0.029306902452937766
1980-10-10,0.7201226468910439,2.0714543503510963,0.5977312702034607,0.0034940102681118024,-0.020464917284654827
1980-03-11,0.6259982886480319,1.6457764706203615,0.5993594314508462,-0.09412435824301202,-0.09761836851112382
1980-04-11,0.658906160867085,1.7946024869050088,0.6026264498954174,0.032907872219053114,0.12703223046206513
1980-05-11,0.671277809469481,1.8505533294302234,0.6069167142042213,0.012371648602396035,-0.02053622361665708
1980-06-11,0.6267113519680548,1.6490013030425648,0.6100660772009887,-0.04456645750142618,-0.05693810610382222
1980-07-11,0.5785795778665146,1.4313251145438934,0.6123122266590607,-0.04813177410154024,-0.0035653166001140546
1980-10-11,0.6160510553337136,1.6007900583306365,0.6157301768397033,0.03747147746719903,0.08560325156873927
1980-11-11,0.5821448944666288,1.4474492766549065,0.6175484883057616,-0.03390616086708487,-0.0713776383342839
1980-12-11,0.6010410724472333,1.532907335843273,0.620198706978513,0.0188961779806045,0.05280233884768937
1980-01-12,0.6285653166001142,1.6573858673402915,0.6234692907396844,0.027524244152880906,0.008628066172276405
1980-02-12,0.6185111237877924,1.6119157301872356,0.6263904734740445,-0.010054192812321783,-0.03757843696520269
1980-03-12,0.6131631488876212,1.5877294870207164,0.6297299866894848,-0.005347974900171137,0.004706217912150645
1980-04-12,0.6185824301197946,1.6122382134294555,0.633262027001331,0.00541928123217339,0.010767256132344527
1980-05-12,0.5981888191671421,1.5200080061544632,0.6357102110667427,-0.020393610952652574,-0.025812892184825964
1980-08-12,0.5760482030804335,1.419876959445074,0.6371874405780567,-0.022140616086708587,-0.0017470051340560122
1980-09-12,0.5678836280661723,1.3829526282108555,0.6383699372504278,-0.008164575014261155,0.013976041072447432
1980-10-12,0.5291999429549343,1.2080054693063675,0.6381714679596883,-0.038683685111237986,-0.03051911009697683
1980-11-12,0.4851326297775242,1.0087108256142507,0.6356163243962729,-0.04406731317741014,-0.0053836280661721525
1980-12-12,0.4644894466628637,0.9153519269914877,0.6311002567027953,-0.020643183114660513,0.023424130062749626
1981-05-01,0.5179691956645751,1.1572143586566783,0.6275943620460164,0.05347974900171143,0.07412293211637194
1981-06-01,0.5359027381631489,1.2383188940750718,0.6235358433162198,0.017933542498573818,-0.03554620650313761
1981-07-01,0.5179691956645751,1.1572143586566783,0.6192336946187489,-0.017933542498573818,-0.035867084997147636
1981-08-01,0.5037079292641187,1.092717710212627,0.6118059517018445,-0.01426126640045644,0.0036722760981173774
1981-09-01,0.5119081574443811,1.1298032830679565,0.6045303289598783,0.008200228180262448,0.022461494580718888
1981-12-01,0.4829934398174557,0.999036328347643,0.5969469005514356,-0.028914717626925435,-0.03711494580718788
1981-02-02,0.4129706217912151,0.6823577844873545,0.5885624643468341,-0.07002281802624061,-0.04110810039931517
1981-03-02,0.3992441528807758,0.6202797603599556,0.5790193002471953,-0.013726468910439271,0.056296349115801336
1981-04-02,0.429905875641757,0.7589475545146646,0.570082239969576,0.03066172276098117,0.04438819167142044
1981-05-02,0.4253422703936109,0.7383086270125682,0.5611713253470241,-0.004563605248146085,-0.035225328009127255
1981-06-02,0.4306189389617798,0.7621723869368671,0.5516376687583191,0.005276668568168885,0.00984027381631497
1981-09-02,0.4502281802624073,0.8508552785474369,0.5426411865373645,0.019609241300627522,0.014332572732458637
1981-10-02,0.4489803194523673,0.8452118218085823,0.5367405875641756,-0.001247860810039969,-0.02085710211066749
1981-11-02,0.4305476326297775,0.7618499036946469,0.5291286366229321,-0.018432686822589806,-0.017184826012549836
1981-12-02,0.4184968625213918,0.7073502357594236,0.5207026050579958,-0.012050770108385733,0.006381916714204072
1981-02-03,0.3682258984597832,0.47999954999414524,0.5120864232743868,-0.05027096406160858,-0.03822019395322285
1981-03-03,0.367156303479749,0.4751623013608414,0.5050389807948279,-0.0010695949800342275,0.04920136908157435
1981-04-03,0.3814175698802053,0.539658949804892,0.4972178646130443,0.01426126640045633,0.015330861380490557
1981-05-03,0.3561038220193953,0.425177398816702,0.4896831621981365,-0.025313747860810032,-0.03957501426126636
1981-06-03,0.3664432401597262,0.47193746893863897,0.4818632344552196,0.010339418140330903,0.035653166001140935
1981-09-03,0.3754634911580148,0.5127315990795009,0.473426506940483,0.009020250998288626,-0.0013191671420422768
1981-10-03,0.3873003422703935,0.5662638172880626,0.465719480889903,0.011836851112378699,0.002816600114090073
1981-11-03,0.3735738733599543,0.504185793160664,0.4577331717056474,-0.013726468910439216,-0.025563320022817915
1981-12-03,0.3732173416999429,0.5025733769495629,0.4495543354249857,-0.00035653166001137215,0.013369937250427844
1981-01-04,0.3835567598402737,0.5493334470714993,0.44239993344742345,0.010339418140330792,0.010695949800342164
1981-02-04,0.3896177980604677,0.5767445226602211,0.43618558661342455,0.006061038220193993,-0.004278379920136799
1981-03-04,0.3889047347404449,0.5735196902380186,0.430219623502567,-0.0007130633200227998,-0.0067741015402167926
1981-06-04,0.394252709640616,0.5977059334045374,0.42572138239208973,0.005347974900171082,0.006061038220193882
1981-07-04,0.3810610382201939,0.5380465335937906,0.4222523293401787,-0.013191671420422102,-0.018539646320593184
1981-08-04,0.3810610382201939,0.5380465335937906,0.41947138239208975,0.0,0.013191671420422102
1981-09-04,0.3687606959498003,0.48241817431079714,0.4144977657349306,-0.01230034227039356,-0.01230034227039356
1981-10-04,0.361095265259555,0.4477512257721197,0.4086708499714774,-0.007665430690245334,0.004634911580148227
1981-01-05,0.351468910439247,0.4042159880723857,0.4031208404639665,-0.009626354820307992,-0.001960924130062658
1981-05-05,0.3425556189389618,0.36390558279485413,0.3977490967864613,-0.008913291500285192,0.0007130633200227998
1981-06-05,0.3464418140330861,0.3814809194958577,0.3922335520060848,0.0038861950941243006,0.012799486594409493
1981-07-05,0.343625213918996,0.3687428314281577,0.38758794447613615,-0.0028166001140901287,-0.006702795208214429
1981-08-05,0.3505775812892184,0.4001849475446322,0.38550817645940294,0.006952367370222423,0.009768967484312552
1981-11-05,0.3618083285795778,0.4509760581943221,0.38426031564936297,0.011230747290359389,0.0042783799201369654
1981-12-05,0.3503993154592127,0.39937873943908164,0.38161009697661147,-0.011409013120365075,-0.022639760410724463
1981-01-06,0.3351754135767256,0.3305285672250577,0.3786045350827153,-0.015223901882487123,-0.0038148887621220484
1981-02-06,0.3282943525385054,0.29940893435080335,0.3751937155352728,-0.006881061038220171,0.008342840844266952
1981-03-06,0.3289717626925271,0.3024725251518957,0.3711518349496101,0.0006774101540216737,0.007558471192241845
1981-04-06,0.3122504278379919,0.22685020485124574,0.36659417189579757,-0.016721334854535197,-0.01739874500855687
1981-05-06,0.3109669138619509,0.22104550649128157,0.3626081479368701,-0.0012835139760409842,0.015437820878494213
1981-08-06,0.314781802624073,0.23829835995006526,0.3591509792736261,0.003814888762122104,0.005098402738163088
1981-09-06,0.3200941243582429,0.26232336149547375,0.35754658680357476,0.0053123217341699,0.0014974329720477964
1981-10-06,0.3182758128921848,0.2541000388188577,0.3559172371173227,-0.001818311466058098,-0.007130633200227998
1981-11-06,0.3165288077581289,0.24619919938446147,0.35375427837992013,-0.0017470051340559012,7.130633200219672e-05
1981-12-06,0.327937820878494,0.297796518139702,0.35281541167522334,0.011409013120365075,0.013156018254420976
1981-01-07,0.2559184255561893,-0.02791155650275434,0.34913125118843885,-0.07201939532230467,-0.08342840844266974
1981-02-07,0.2509626354820308,-0.0503241418370617,0.34498122266590603,-0.004955790074158528,0.06706360524814614
1981-03-07,0.2555975470621791,-0.02936273109274538,0.34059112949229886,0.004634911580148282,0.00959070165430681
1981-06-07,0.246969480889903,-0.06838320340139595,0.3363709830766305,-0.008628066172276072,-0.013262977752424354
1981-07-07,0.2567384483742156,-0.024202999217221202,0.33248835329910625,0.009768967484312607,0.01839703365658868
1981-08-07,0.251533086138049,-0.04774427589929999,0.3280875641756988,-0.005205362236166633,-0.01497432972047924
1981-09-07,0.265188248716486,0.01401126498587881,0.3239399125308994,0.013655162578437019,0.018860524814603652
1981-10-07,0.2726754135767256,0.04787200541900545,0.3200656018254421,0.007487164860239592,-0.006167997718197427
1981-03-08,0.2484312606959497,-0.0617722969358811,0.31520488686061987,-0.024244152880775888,-0.03173131774101548
1981-04-08,0.2491443240159725,-0.05854746451367865,0.31080766305381247,0.0007130633200227998,0.024957216200798688
1981-05-08,0.2498573873359953,-0.0553226320914762,0.3064342080243392,0.0007130633200227998,0.0
1981-06-08,0.2548844837421563,-0.032587563514947834,0.3026383342840843,0.005027096406160975,0.004314033086138175
1981-07-08,0.2581289218482601,-0.017914575993926356,0.29920612283704123,0.0032444381061038086,-0.001782658300057166
1981-10-08,0.2521748431260696,-0.04484192671931741,0.2958963205932686,-0.005954078722190503,-0.009198516828294312
1981-11-08,0.2595550484883057,-0.01146491114952145,0.29312963491158006,0.007380205362236103,0.013334284084426606
1981-12-08,0.274814603536794,0.05754650268561281,0.2907420612283704,0.015259555048488305,0.007879349686252202
1981-01-09,0.280875641756988,0.08495757827433453,0.28865040882297005,0.006061038220193993,-0.009198516828294312
1981-02-09,0.2896819737592698,0.1247842586885359,0.28662055523863844,0.008806332002281814,0.002745293782087821
1981-03-09,0.2966343411294923,0.15622637480501064,0.2844480889903023,0.006952367370222479,-0.001853964632059335
1981-04-09,0.3093981745579007,0.21395087516243594,0.28308138429359186,0.012763833428408422,0.005811466058185943
1981-07-09,0.3058328579577866,0.19782671305142316,0.2821032991062939,-0.00356531660011411,-0.016329150028522532
1981-08-09,0.3121791215059897,0.22652772160902587,0.2815661247385434,0.006346263548203113,0.009911580148317223
1981-09-09,0.3179549343981745,0.2526488642288664,0.2811988971287317,0.005775812892184817,-0.0005704506560182954
1981-10-09,0.3440887050770108,0.37083897250258924,0.282260173036699,0.026133770678836266,0.02035795778665145
1981-11-09,0.339097261836851,0.3482651455471713,0.28319785130252895,-0.004991443240159765,-0.03112521391899603
1981-01-10,0.286936679977182,0.11236865386305626,0.28226968054763263,-0.05216058185966904,-0.04716913861950928
1981-02-10,0.2873645179691956,0.1143035533163775,0.28117869366799764,0.0004278379920136244,0.052588419851682666
1981-05-10,0.2913933257273245,0.1325238565018218,0.2802826107625024,0.004028807758128916,0.0036009697661152917
1981-06-10,0.2769181403308614,0.06705975833111061,0.27896225518159334,-0.014475185396463142,-0.018503993154592058
1981-07-10,0.2855105533371363,0.10591898901865111,0.2775480129302148,0.008592413006274946,0.023067598402738088
1981-08-10,0.2837278950370793,0.09785690796314485,0.27847499524624447,-0.0017826583000570273,-0.010375071306331973
1981-09-10,0.2930690245293782,0.1401022126939981,0.2798785415478227,0.009341129492298927,0.011123787792355955
1981-12-10,0.2927481460353679,0.13865103810400684,0.28111689484692903,-0.00032087849401030155,-0.009662007986309229
1981-02-11,0.2815173987450085,0.08785992745431662,0.28226849210876587,-0.011230747290359444,-0.010909868796349143
1981-03-11,0.2758485453508271,0.06222250969780655,0.2829054953413196,-0.0056688533941813835,0.005561893896178061
1981-04-11,0.2808043354249857,0.08463509503211417,0.2838812036508841,0.004955790074158584,0.010624643468339967
1981-05-11,0.2779877353108956,0.07189700696441441,0.2843078532040311,-0.002816600114090073,-0.007772390188248657
1981-06-11,0.2771677124928693,0.06818844967888128,0.2844575965012359,-0.0008200228180262892,0.001996577296063784
1981-09-11,0.2794851682829435,0.07866915505103969,0.28549272675413573,0.0023174557900741966,0.0031374786081004857
1981-10-11,0.2716058185966913,0.04303475678570139,0.28624144324015965,-0.007879349686252202,-0.010196805476326398
1981-11-11,0.262157729606389,0.00030572719151794375,0.2866514546491728,-0.009448088990302306,-0.001568739304050104
1981-12-11,0.2604820308043354,-0.007272629000657884,0.2868380395512454,-0.0016756988020535935,0.007772390188248712
1981-01-12,0.2422989161437535,-0.0895058557668227,0.28631037269442855,-0.018183114660581895,-0.0165074158585283
1981-02-12,0.2430832857957786,-0.0859585401024,0.2860073207834189,0.0007843696520250798,0.018967484312606975
1981-03-12,0.2572375926982316,-0.02194561652167936,0.2859300722570831,0.014154306902453007,0.013369937250427927
1981-04-12,0.2666143753565316,0.020460929830283716,0.28565673131774094,0.009376782658299998,-0.004777524244153009
1981-07-12,0.2641899600684541,0.009496499594795375,0.28510054192812323,-0.0024244152880775194,-0.011801197946377517
1981-08-12,0.2676839703365658,0.02529817846358752,0.2843672751473664,0.003494010268111747,0.005918425556189266
1981-09-12,0.2625142612664004,0.0019181434026190448,0.28322993915193,-0.005169709070165451,-0.008663719338277198
1981-10-12,0.2569880205362236,-0.02307430786945028,0.2814829340178741,-0.005526240730176768,-0.00035653166001131664
1981-11-12,0.2578080433542498,-0.019365750583917648,0.27988210686442283,0.0008200228180261782,0.006346263548202946
1982-04-01,0.2420849971477466,-0.09047330549348381,0.27754563605248145,-0.015723046206503194,-0.016543069024529372
1982-05-01,0.2454007415858528,-0.0754778347302416,0.27512716295873735,0.0033157444381061996,0.019038790644609394
1982-06-01,0.2492156303479749,-0.0582249812714579,0.27196472713443615,0.003814888762122104,0.0004991443240159044
1982-07-01,0.2436180832857957,-0.0835399157857481,0.268782087849401,-0.005597547062179187,-0.00941243582430129
1982-08-01,0.2477181973759269,-0.06499712935808355,0.2674748050960258,0.004100114090131196,0.009697661152310383
1982-11-01,0.2400527666856817,-0.09966407789676036,0.2658977467199087,-0.007665430690245195,-0.011765544780376391
1982-12-01,0.2429050199657729,-0.08676474820795055,0.2642814698611903,0.0028522532800911993,0.010517683970336394
1982-01-02,0.2441528807758128,-0.08112129146909633,0.2631892945426887,0.0012478608100398858,-0.0016043924700513135
1982-02-02,0.241657159155733,-0.0924082049468049,0.2617275147366419,-0.0024957216200797994,-0.003743582430119685
1982-03-02,0.2455077010838562,-0.07499410986691128,0.26045350827153446,0.0038505419281232023,0.006346263548203002
1982-04-02,0.2544922989161437,-0.03436122134715924,0.25916761741775995,0.008984597832287528,0.005134055904164325
1982-05-02,0.2582715345122646,-0.017269609509486118,0.25801839703365653,0.003779235596120867,-0.005205362236166661
1982-08-02,0.2569880205362236,-0.02307430786945028,0.2572007510933637,-0.0012835139760409842,-0.005062749572161851
1982-09-02,0.2534227039361095,-0.03919846998046305,0.2564532230462065,-0.00356531660011411,-0.002281802624073126
1982-10-02,0.2634055904164289,0.005949183930372299,0.25587326487925455,0.00998288648031942,0.01354820308043353
1982-11-02,0.2598402738163148,-0.010174978180640469,0.2552683494961019,-0.00356531660011411,-0.01354820308043353
1982-12-02,0.2583428408442669,-0.016947126267265748,0.2546408537744818,-0.0014974329720479074,0.0020678836280662027
1982-01-03,0.2306403308613804,-0.14223186586983438,0.25301269252709635,-0.02770250998288651,-0.0262050770108386
1982-02-03,0.2372718197375926,-0.11224092434335081,0.2518682258984597,0.006631488876212205,0.03433399885909871
1982-03-03,0.232030804335425,-0.1359434426465389,0.2508639950560943,-0.0052410154021675925,-0.011872504278379797
1982-04-03,0.2230462065031374,-0.17657633116629132,0.24961613424605433,-0.00898459783228761,-0.0037435824301200182
1982-08-03,0.2163434112949229,-0.20688975593499515,0.2487509507510933,-0.006702795208214485,0.002281802624073126
1982-09-03,0.2043996006845407,-0.26090569900688765,0.2474614945807187,-0.011943810610382216,-0.005241015402167731
1982-10-03,0.2115302338847689,-0.22865737478486214,0.2459379159536033,0.00713063320022822,0.019074443810610436
1982-11-03,0.2111737022247575,-0.23026979099596337,0.24408989351587748,-0.0003565316600113999,-0.00748716486023962
1982-12-03,0.2056474614945806,-0.25526224226803335,0.24213847689674836,-0.005526240730176907,-0.005169709070165507
1982-01-04,0.2081431831146605,-0.24397532879032424,0.24015378398935153,0.0024957216200799104,0.008021962350256817
1982-02-04,0.2081431831146605,-0.24397532879032424,0.23834141471762688,0.0,-0.0024957216200799104
1982-05-04,0.2142042213348545,-0.2165642532016025,0.23691528807758122,0.006061038220193993,0.006061038220193993
1982-06-04,0.217626925270964,-0.20108505757503048,0.23557591747480502,0.0034227039361094946,-0.002638334284084498
1982-07-04,0.2211565887050769,-0.18512213708512815,0.23487830386004938,0.0035296634341129007,0.0001069594980034061
1982-08-04,0.2188391329150028,-0.19560284245728618,0.2339929169043544,-0.0023174557900741133,-0.005847119224187014
1982-04-05,0.2005847119224187,-0.27815855246567084,0.2323718862901692,-0.01825442099258409,-0.01593696520250998
1982-05-05,0.1978037649743297,-0.2907353989122608,0.23084474234645364,-0.0027809469480890026,0.015473474044495089
1982-06-05,0.1970907016543068,-0.29396023133446364,0.22915715915573295,-0.0007130633200228831,0.0020678836280661195
1982-07-05,0.1992298916143753,-0.2842857340678559,0.22779639665335608,0.0021391899600684827,0.002852253280091366
1982-10-05,0.1934184255561893,-0.3105681183088067,0.22614684350637,-0.005811466058185999,-0.007950656018254482
1982-11-05,0.1926697090701654,-0.3139541923521191,0.22443073778284842,-0.0007487164860238982,0.005062749572162101
1982-12-05,0.1931688533941814,-0.31169680965657715,0.22281446092413001,0.0004991443240160154,0.0012478608100399136
1982-01-06,0.1719908727895037,-0.4074743325959925,0.2203638999809849,-0.02117798060467771,-0.021677124928693725
1982-02-06,0.1674985738733599,-0.4277907768558687,0.21746410914622546,-0.004492298916143805,0.016685681688533904
1982-03-06,0.1708856246434683,-0.4124728228504066,0.21455124548393228,0.0033870507701083963,0.007879349686252202
1982-04-06,0.1658585282373074,-0.4352078914269346,0.21151359574063505,-0.005027096406160891,-0.008414147176269288
1982-07-06,0.1657159155733029,-0.43585285791137485,0.20859003612854152,-0.00014261266400450445,0.004884483742156387
1982-08-06,0.1715986879634911,-0.40924799042820414,0.2055298060467769,0.005882772390188196,0.0060253850541927
1982-09-06,0.1656446092413006,-0.4361753411535952,0.20238995056094308,-0.005954078722190503,-0.011836851112378699
1982-10-06,0.1643610952652595,-0.4419800395135599,0.1992572257083095,-0.0012835139760410952,0.004670564746149408
1982-11-06,0.1666785510553337,-0.43149933414140146,0.19712516638144129,0.0023174557900741966,0.0036009697661152917
1982-01-07,0.1583000570450655,-0.4693911151022816,0.19449277429169037,-0.00837849401026819,-0.010695949800342386
1982-02-07,0.1641115231032515,-0.4431087308613308,0.19222879825061792,0.005811466058185999,0.014189960068454188
1982-05-07,0.1673203080433542,-0.42859698496141924,0.19037126830195847,0.00320878494010271,-0.0026026811180832887
1982-06-07,0.1635767256132344,-0.4455273551779826,0.18861237877923553,-0.003743582430119796,-0.006952367370222506
1982-07-07,0.151846833998859,-0.4985758485232145,0.1868606198897128,-0.011729891614375404,-0.007986309184255608
1982-08-07,0.1591200798630918,-0.4656825578167485,0.18511361475565694,0.00727324586423278,0.019003137478608184
1982-09-07,0.1770179691956645,-0.3847392640194649,0.1839750903213538,0.01789788933257272,0.01062464346833994
1982-12-07,0.1794780376497433,-0.3736135921628659,0.1831027761931926,0.0024600684540787843,-0.015437820878493935
1982-02-08,0.2002281802624072,-0.2797709686767725,0.18283894276478413,0.02075014261266392,0.018290074158585135
1982-03-08,0.207251853964632,-0.24800636931807735,0.1828092317931165,0.007023673702224786,-0.013726468910439132
1982-04-08,0.1974472333143183,-0.29234781512336205,0.1822506655257653,-0.009804620650313706,-0.016828294352538492
1982-05-08,0.2019038790644609,-0.27219261248459625,0.1817265639855485,0.004456645750142596,0.014261266400456302
1982-06-08,0.1978037649743297,-0.2907353989122608,0.18094813652785693,-0.004100114090131196,-0.008556759840273792
1982-09-08,0.1890687393040502,-0.3302395960842418,0.17995579007415854,-0.008735025670279506,-0.00463491158014831
1982-10-08,0.1859669138619509,-0.34426761712082293,0.17946853013880962,-0.0031018254420992764,0.00563320022818023
1982-11-08,0.177124928693668,-0.3842555391561342,0.17877923559612088,-0.008841985168282912,-0.005740159726183636
1982-12-08,0.1773745008556759,-0.38312684780836365,0.17812202890283318,0.00024957216200791055,0.009091557330290823
1982-01-09,0.2288220193953223,-0.15045518854645046,0.1791084331621981,0.05144751853964638,0.05119794637763847
1982-02-09,0.2306046776953793,-0.1423931074909443,0.1803479749001711,0.0017826583000569995,-0.04966486023958938
1982-03-09,0.2683970336565887,0.028523010885790227,0.18287221905305184,0.03779235596120939,0.03600969766115239
1982-06-09,0.280875641756988,0.08495757827433453,0.1857957786651454,0.012478608100399302,-0.025313747860810087
1982-07-09,0.2916785510553337,0.13381378947070302,0.18978536794067308,0.010802909298345709,-0.0016756988020535935
1982-08-09,0.27124928693668,0.04142234057460054,0.19324372504278375,-0.0204292641186537,-0.03123217341699941
1982-09-09,0.2872575584711922,0.1138198284530473,0.19712278950370787,0.01600827153451223,0.03643753565316593
1982-10-09,0.2666856816885339,0.020783413072504087,0.20048369461874876,-0.020571876782658316,-0.03658014831717055
1982-01-10,0.2481460353679406,-0.06306222990476196,0.20323136527857003,-0.018539646320593295,0.002032230462065021
1982-04-10,0.244438106103822,-0.07983135850021497,0.20565934588324772,-0.0037079292641186146,0.01483171705647468
1982-05-10,0.2389831717056474,-0.10450132653006455,0.2081039646320593,-0.005454934398174599,-0.0017470051340559845
1982-06-10,0.2478608100399315,-0.06435216287364294,0.21088728845788168,0.008877638334284094,0.014332572732458693
1982-07-10,0.2565601825442099,-0.025009207322771752,0.21388334284084423,0.008699372504278435,-0.00017826583000565832
1982-08-10,0.2721406160867085,0.04545338110235354,0.21767802814223233,0.01558043354249855,0.006881061038220115
1982-11-10,0.2790929834569309,0.07689549721882803,0.22151074348735497,0.006952367370222423,-0.008628066172276128
1982-12-10,0.2912150598973188,0.13171764839627098,0.2256405685491538,0.012122076440387874,0.005169709070165451
1982-01-11,0.3175984027381631,0.25103644801776503,0.2307746244533181,0.026383342840844315,0.01426126640045644
1982-02-11,0.3236594409583571,0.2784475236064868,0.236501711351968,0.006061038220193993,-0.020322304620650322
1982-03-11,0.3272247575584711,0.29457168571749903,0.24210520060848065,0.003565316600113999,-0.0024957216200799937
1982-04-11,0.3318596691386195,0.3155330964618158,0.24726659060657913,0.004634911580148393,0.001069594980034394
1982-05-11,0.3319309754706218,0.3158555797040362,0.25234835520060844,7.130633200230774e-05,-0.004563605248146085
1982-08-11,0.3192027952082144,0.2582923209677205,0.256314175698802,-0.012728180262407407,-0.012799486594409715
1982-09-11,0.3162435824301197,0.24490926641557997,0.2599472333143183,-0.0029592127780946886,0.009768967484312718
1982-10-11,0.3174201369081574,0.2502302399122145,0.26394633010077956,0.0011765544780377168,0.0041357672561324055
1982-11-11,0.3026240730176839,0.18331496715151174,0.2673036698992204,-0.014796063890473499,-0.015972618368511216
1982-12-11,0.2887193382772389,0.12043073491856203,0.2703341890093173,-0.013904734740445013,0.0008913291500284859
1982-01-12,0.3161722760981175,0.2445867831733601,0.2745709735691195,0.027452937820878598,0.04135767256132361
1982-02-12,0.3158513976041072,0.24313560858336883,0.2789004563605248,-0.00032087849401030155,-0.0277738163148889
1982-03-12,0.3263334284084426,0.29054064518974604,0.2838740730176839,0.010482030804335407,0.010802909298345709
1982-06-12,0.3241942384483742,0.28086614792313863,0.28876806427077384,-0.0021391899600683995,-0.012621220764403807
1982-07-12,0.3489731888191671,0.39292907459467674,0.2927731032515687,0.024778950370792918,0.026918140330861318
1982-08-12,0.3390616086708499,0.3481039039260613,0.29638833428408434,-0.009911580148317223,-0.03469053051911014
1982-09-12,0.3272960638904734,0.29489416895971937,0.2983516352918805,-0.011765544780376502,-0.0018539646320592795
1982-10-12,0.3266899600684541,0.2921530614008476,0.2998787792355961,-0.0006061038220193105,0.011159440958357192
1983-04-01,0.3491514546491728,0.3937352827002273,0.3017945426887241,0.02246149458071872,0.023067598402738032
1983-05-01,0.3503636622932116,0.39921749781797156,0.30443168853394176,0.0012122076440387874,-0.021249286936679934
1983-06-01,0.3572090701654307,0.43017588907111615,0.30676340559041637,0.0068454078722191,0.005633200228180313
1983-07-01,0.3550342270393611,0.4203401501833985,0.3097083571021106,-0.002174843126069581,-0.009020250998288681
1983-10-01,0.3832002281802624,0.5477210308603985,0.31421016352918796,0.028166001140901287,0.030340844266970868
1983-11-01,0.3904021677124928,0.5802918383246439,0.3190756322494771,0.007201939532230417,-0.02096406160867087
1983-12-01,0.3858742156303479,0.5598141524436577,0.3239720003803004,-0.004527952082144904,-0.01172989161437532
1983-01-02,0.4645607529948659,0.9156744102337075,0.33119533181213157,0.07868653736451797,0.08321448944666288
1983-02-02,0.4436323445521962,0.8210255786420633,0.3374310705457311,-0.020928408442669688,-0.09961494580718766
1983-03-02,0.466628636622932,0.9250264242580948,0.3439140045636052,0.022996292070735835,0.043924700513405524
1983-04-02,0.4592127780946948,0.8914881670671888,0.3499179977181973,-0.007415858528237229,-0.030412150598973064
1983-05-02,0.2234740444951511,-0.17464143171296972,0.3476599638714584,-0.2357387335995437,-0.22832287507130647
1983-07-02,0.4427410154021676,0.8169945381143098,0.35183138429359195,0.2192669709070165,0.4550057045065602
1983-08-02,0.4573588134626354,0.883103602769462,0.35628803004373455,0.014617798060467813,-0.20464917284654868
1983-09-02,0.4477324586423274,0.839568365069728,0.36030495341319635,-0.009626354820307992,-0.024244152880775804
1983-10-02,0.4502281802624073,0.8508552785474369,0.36425057045065595,0.0024957216200798826,0.012122076440387874
1983-11-02,0.4631346263548203,0.9092247453893026,0.3686240254801293,0.012906446092412982,0.0104107244723331
1983-01-03,0.3354249857387336,0.33165725857282863,0.3691647651644799,-0.1277096406160867,-0.14061608670849968
1983-02-03,0.3467270393610952,0.3827708524647387,0.37018088039551245,0.01130205362236164,0.13901169423844834
1983-03-03,0.3447661152310325,0.3739025633036819,0.3710924130062749,-0.0019609241300627134,-0.013262977752424354
1983-04-03,0.3324301197946377,0.3181129623995778,0.37208594789884003,-0.012335995436394798,-0.010375071306332084
1983-07-03,0.3282230462065031,0.29908645110858295,0.37340273816314884,-0.004207073588134602,0.008128921848260195
1983-08-03,0.3325014261266401,0.31843544564179843,0.3739470431640996,0.0042783799201369654,0.008485453508271568
1983-09-03,0.3325727324586423,0.3187579288840183,0.3745044209925841,7.130633200219672e-05,-0.004207073588134769
1983-10-03,0.3461209355390758,0.38002974490586644,0.3751640045636052,0.01354820308043353,0.013476896748431333
1983-11-03,0.3421990872789503,0.36229316658375255,0.3757641661912911,-0.003921848260125482,-0.017470051340559012
1983-05-04,0.3459426697090701,0.37922353680031584,0.37566314888762115,0.003743582430119796,0.0076654306902452785
1983-06-04,0.353251568739304,0.41227806912789194,0.37613614755656966,0.007308899030233906,0.00356531660011411
1983-07-04,0.3518967484312607,0.40615088752570716,0.3769561703745959,-0.0013548203080433474,-0.008663719338277254
1983-08-04,0.3475470621791214,0.38647940975027134,0.3776514071116181,-0.004349686252139273,-0.0029948659440959258
1983-11-04,0.3507915002852253,0.4011523972712933,0.3777060752994865,0.0032444381061039196,0.007594124358243193
1983-12-04,0.3593126069594979,0.4396891447166132,0.37800437345502946,0.008521106674272583,0.005276668568168663
1983-03-05,0.386658585282373,0.5633614681080806,0.3789860239589275,0.02734597832287511,0.018824871648602526
1983-04-05,0.3948944666286366,0.60060828258452,0.38031469861190337,0.008235881346263574,-0.019110096976611535
1983-05-05,0.3982458642327438,0.6157649949688716,0.38081621981365277,0.003351397604107187,-0.004884483742156387
1983-06-05,0.3968197375926982,0.6093153301244667,0.3810301388096596,-0.0014261266400455996,-0.0047775242441527865
1983-09-05,0.4042355961209355,0.6428535873153732,0.38164218482601253,0.00741585852823734,0.00884198516828294
1983-10-05,0.4139689104392469,0.6868725498784375,0.37995579007415853,0.00973331431831137,0.00231745579007403
1983-11-05,0.4240231032515686,0.7323426870314932,0.379302148697471,0.010054192812321727,0.00032087849401035706
1983-12-05,0.4145750142612663,0.6896136574373097,0.3775670279520821,-0.009448088990302306,-0.019502281802624033
1983-01-06,0.4090487735310895,0.6646212061652401,0.3758948944666286,-0.0055262407301768235,0.003921848260125482
1983-02-06,0.3914004563605248,0.5848066037157276,0.38149244152880774,-0.017648317170564698,-0.012122076440387874
1983-03-06,0.389439532230462,0.5759383145546705,0.3797157254230842,-0.001960924130062769,0.01568739304050193
1983-06-06,0.3726825442099258,0.500154752632911,0.3768931831146605,-0.016756988020536212,-0.014796063890473443
1983-07-06,0.3500427837992013,0.3977663232279803,0.37363686061988965,-0.02263976041072452,-0.005882772390188307
1983-08-06,0.3503993154592127,0.39937873943908164,0.37030923179311653,0.00035653166001142766,0.022996292070735946
1983-09-06,0.3557472903593839,0.42356498260560094,0.36672965392660195,0.005347974900171193,0.004991443240159765
1983-10-06,0.372967769537935,0.5014446856017922,0.367981080053242,0.017220479178551074,0.01187250427837988
1983-01-07,0.3669780376497432,0.4743560932552904,0.36865611332953024,-0.005989731888191796,-0.02321021106674287
1983-04-07,0.3698302909298345,0.4872554229441007,0.3694915858528237,0.0028522532800913103,0.008841985168283106
1983-05-07,0.3639475185396463,0.46065055546093003,0.3705421658109906,-0.005882772390188196,-0.008735025670279506
1983-06-07,0.3618083285795778,0.4509760581943221,0.3716616752234264,-0.0021391899600685105,0.003743582430119685
1983-07-07,0.3685824301197946,0.4816119662052463,0.37286437535653155,0.0067741015402167926,0.008913291500285303
1983-08-07,0.3836637193382772,0.54981717193483,0.37456740825251944,0.015081289218482619,0.008307187678265826
1983-11-07,0.3853394181403308,0.5573955281270059,0.37587469100589466,0.0016756988020535935,-0.013405590416429025
1983-12-07,0.3961066742726754,0.6060904977022643,0.3776716105723521,0.010767256132344583,0.009091557330290989
1983-01-08,0.375534797490017,0.5130540823217208,0.378658014831717,-0.02057187678265837,-0.031339132915002954
1983-02-08,0.3778522532800912,0.5235347876938792,0.37947803764974325,0.0023174557900741966,0.022889332572732568
1983-03-08,0.3769609241300627,0.5195037471661262,0.38031351017303666,-0.0008913291500284859,-0.0032087849401026824
1983-04-08,0.3799914432401597,0.5332092849604871,0.38139498954173795,0.0030305191100969964,0.003921848260125482
1983-05-08,0.3676911009697661,0.47758092567749333,0.38195830956455595,-0.012300342270393616,-0.015330861380490612
1983-08-08,0.3673345693097546,0.47596850946639174,0.3822257083095645,-0.0003565316600114832,0.011943810610382133
1983-09-08,0.3690459212778094,0.4837081072796779,0.38163861950941236,0.001711351968054775,0.0020678836280662583
1983-10-08,0.3639475185396463,0.46065055546093003,0.38060705457311267,-0.005098402738163088,-0.006809754706217863
1983-11-08,0.3692954934398174,0.4848367986274488,0.3796420422133485,0.005347974900171082,0.01044637763833417
1983-12-08,0.3726468910439247,0.49999351101180095,0.3788362806617227,0.003351397604107298,-0.001996577296063784
1983-01-09,0.3881916714204221,0.5702948578158162,0.3783014831717056,0.015544780376497425,0.012193382772390127
1983-02-09,0.3892612664004563,0.5751321064491197,0.37747789503707924,0.001069594980034172,-0.014475185396463253
1983-05-09,0.3946092413006274,0.5993183496156388,0.37649743297204785,0.005347974900171137,0.0042783799201369654
1983-06-09,0.3960353679406731,0.6057680144600441,0.3758794447613614,0.0014261266400457107,-0.003921848260125427
1983-07-09,0.3877638334284084,0.5683599583624948,0.3751699467579387,-0.0082715345122647,-0.00969766115231041
1983-08-09,0.3887264689104392,0.5727134821324681,0.37508081384293585,0.0009626354820307936,0.009234169994295494
1983-09-09,0.391222190530519,0.5840003956101766,0.3751402357862711,0.0024957216200797716,0.001533086138048978
1983-12-09,0.3921135196805476,0.5880314361379301,0.3757879349686251,0.0008913291500285969,-0.0016043924700511747
1983-03-10,0.3254420992584141,0.286509604661993,0.37496791215059894,-0.06667142042213348,-0.06756274957216207
1983-04-10,0.3262264689104392,0.29005692032641583,0.3741621505989731,0.0007843696520251076,0.06745579007415858
1983-05-10,0.3019110096976611,0.1800901347293093,0.37236760791024903,-0.024315459212778112,-0.02509982886480322
1983-06-10,0.3236594409583571,0.2784475236064868,0.37072399695759645,0.021748431260695977,0.04606389047347409
1983-07-10,0.3226968054763263,0.2740939998365134,0.36924795588514925,-0.0009626354820307936,-0.02271106674272677
1983-10-10,0.3266543069024529,0.2919918197797373,0.3678087564175698,0.003957501426126608,0.004920136908157402
1983-11-10,0.3312179121505989,0.3126307472818335,0.36671776953793495,0.00456360524814603,0.0006061038220194215
1983-12-10,0.3183827723901882,0.2545837636821878,0.3652702509982886,-0.01283513976041073,-0.01739874500855676
1983-01-11,0.253066172276098,-0.04081088619156465,0.36141970907016535,-0.06531660011409018,-0.052481460353679454
1983-02-11,0.266970907016543,0.02207334604138507,0.35752994865944093,0.013904734740445013,0.0792213348545352
1983-03-11,0.2646534512264689,0.011592640669226906,0.3535070830956455,-0.002317455790074141,-0.016222190530519154
1983-04-11,0.2721406160867085,0.04545338110235354,0.3493748811561133,0.007487164860239592,0.009804620650313733
1983-07-11,0.2691100969766115,0.03174784330799268,0.3458273911389998,-0.0030305191100969964,-0.010517683970336589
1983-08-11,0.2767042213348545,0.06609230860444974,0.3424557900741585,0.007594124358243026,0.010624643468340023
1983-09-11,0.2735667427267541,0.05190304594675845,0.3390093173607149,-0.0031374786081004302,-0.010731602966343456
1983-10-11,0.2758841985168282,0.06238375131891661,0.33553907586993714,0.002317455790074141,0.005454934398174571
1983-11-11,0.2724971477467198,0.047065797313454394,0.33236594409583564,-0.003387050770108424,-0.005704506560182565
1983-01-12,0.2962065031374786,0.15429147535168916,0.32999500855675984,0.0237093553907588,0.027096406160867226
1983-02-12,0.301625784369652,0.17880020176042832,0.32774767065982124,0.00541928123217339,-0.018290074158585412
1983-05-12,0.2993439817455789,0.16848073800937996,0.3255942194333523,-0.0022818026240730704,-0.00770108385624646
1983-06-12,0.2934255561893896,0.14171462890509923,0.32306522152500466,-0.005918425556189322,-0.0036366229321162513
1983-07-12,0.2957073588134626,0.1520340926561473,0.32050057045065594,0.002281802624073015,0.008200228180262337
1983-08-12,0.3044423844837421,0.19153828982812832,0.31770892755276664,0.008735025670279506,0.006453223046206491
1983-09-12,0.2844409583571021,0.10108174038534731,0.31421491728465484,-0.02000142612664002,-0.028736451796919527
1983-12-12,0.2922846548773531,0.1365548970295753,0.31080409773721235,0.00784369652025102,0.02784512264689104
1984-03-01,0.2741015402167712,0.05432167026341035,0.3067396368130823,-0.018183114660581923,-0.026026811180832943
1984-04-01,0.2569880205362236,-0.02307430786945028,0.3023804430500095,-0.017113519680547584,0.0010695949800343385
1984-05-01,0.2554192812321734,-0.03016893919829593,0.2979368701274006,-0.0015687393040502151,0.015544780376497369
1984-06-01,0.2545992584141471,-0.03387749648382907,0.29338277239018823,-0.0008200228180262892,0.0007487164860239259
1984-09-01,0.2363091842555619,-0.11659444811332369,0.2881892945426887,-0.01829007415858519,-0.0174700513405589
1984-10-01,0.2437963491158014,-0.08273370768019755,0.2854677695379349,0.007487164860239481,0.02577723901882467
1984-11-01,0.2405875641756987,-0.09724545358010897,0.2826131393801103,-0.0032087849401026824,-0.010695949800342164
1984-12-01,0.2388049058756417,-0.1053075346356151,0.2805096025860429,-0.0017826583000569995,0.001426126640045683
1984-01-02,0.2649030233884769,0.012721332016997829,0.2785510553337136,0.026098117512835167,0.027880775812892167
1984-02-02,0.2694666286366229,0.03336025951909403,0.27677671610572346,0.00456360524814603,-0.021534512264689137
1984-03-02,0.2708927552766685,0.039809924363498936,0.2749179977181973,0.0014261266400455996,-0.0031374786081004302
1984-06-02,0.2659726183685111,0.017558580650301633,0.2727431545921277,-0.004920136908157402,-0.006346263548203002
1984-07-02,0.2625142612664004,0.0019181434026190448,0.2708808708880015,-0.0034583571021107318,0.0014617798060466702
1984-08-02,0.2767042213348545,0.06609230860444974,0.27166880585662667,0.014189960068454133,0.017648317170564864
1984-09-02,0.2773103251568739,0.06883341616332202,0.27201345312797104,0.0006061038220194215,-0.013583856246434711
1984-10-02,0.2659726183685111,0.017558580650301633,0.27205742536603916,-0.011337706788362822,-0.011943810610382244
1984-01-03,0.2978108956075299,0.16154734830164463,0.27291310135006647,0.031838277239018775,0.0431759840273816
1984-02-03,0.2993083285795778,0.1683194963882699,0.2739197090701654,0.0014974329720479074,-0.030340844266970868
1984-05-03,0.3151026811180832,0.23974953454005607,0.27519965772960636,0.01579435253850542,0.014296919566457511
1984-06-03,0.3124286936679977,0.2276564129567968,0.2764950560943145,-0.002673987450085513,-0.01846833998859093
1984-07-03,0.3087920707358813,0.21120976760356366,0.2775919851682829,-0.003636622932116418,-0.0009626354820309047
1984-08-03,0.2990587564175698,0.167190805040499,0.2784773721239779,-0.009733314318311481,-0.006096691386195063
1984-09-03,0.3066172276098117,0.20137402871584598,0.27882439627305566,0.0075584711922419,0.01729178551055338
1984-12-03,0.3001996577296064,0.1723505369160234,0.27877685871838753,-0.006417569880205309,-0.01397604107244721
1984-02-04,0.3019823160296634,0.18041261797152966,0.27886480319452367,0.0017826583000570273,0.008200228180262337
1984-03-04,0.2881845407872219,0.11801211060191062,0.278690102681118,-0.013797775242441523,-0.01558043354249855
1984-04-04,0.2883628066172276,0.11881831870746118,0.2784452842745769,0.00017826583000568608,0.01397604107244721
1984-05-04,0.2887193382772389,0.12043073491856203,0.2779211827343601,0.00035653166001131664,0.00017826583000563057
1984-06-04,0.2792712492869367,0.07770170532437908,0.27774885909868796,-0.009448088990302195,-0.009804620650313511
1984-09-04,0.2823017683970336,0.09140724311873945,0.2774160962160106,0.0030305191100968853,0.01247860810039908
1984-10-04,0.2813034797490017,0.08689247772765626,0.27765616086708494,-0.0009982886480318642,-0.00402880775812875
1984-11-04,0.28593839132915,0.10785388847197258,0.27862117322684915,0.004634911580148282,0.005633200228180146
1984-12-04,0.2840844266970906,0.0994693241742457,0.27957667807567976,-0.0018539646320593905,-0.006488876212207673
1984-01-05,0.2729606389047347,0.04916193838788643,0.2801887240920326,-0.0111237877923559,-0.009269823160296509
1984-02-05,0.2741015402167712,0.05432167026341035,0.28144846929073963,0.0011409013120364797,0.012264689104392379
1984-03-05,0.2773816314888762,0.06915589940554213,0.28256797870317546,0.00328009127210499,0.0021391899600685105
1984-04-05,0.2772390188248716,0.06851093292110165,0.28378969385814795,-0.00014261266400455996,-0.00342270393610955
1984-08-05,0.2607316029663434,-0.006143937652886963,0.2845205837611713,-0.016507415858528218,-0.01636480319452366
1984-09-05,0.2630490587564175,0.0043367677192709475,0.2844587849401027,0.0023174557900740855,0.018824871648602304
1984-10-05,0.2614446662863662,-0.0029191052306845097,0.2841913861950941,-0.0016043924700512857,-0.003921848260125371
1984-11-05,0.2666143753565316,0.020460929830283716,0.2840487735310895,0.005169709070165396,0.0067741015402166815
1984-01-06,0.288469766115231,0.1193020435707916,0.2847986784559802,0.02185539075869941,0.016685681688534015
1984-04-06,0.2888976041072447,0.12123694302411307,0.28567812321734165,0.0004278379920136799,-0.02142755276668573
1984-05-06,0.2878993154592127,0.11672217763302939,0.2860512930214869,-0.0009982886480319753,-0.0014261266400456551
1984-06-06,0.2862949229891614,0.10946630468307393,0.28635077961589656,-0.0016043924700512857,-0.0006061038220193105
1984-07-06,0.2835496292070735,0.0970506998575938,0.2869366799771819,-0.002745293782087932,-0.0011409013120366462
1984-08-06,0.2798416999429549,0.08028157126214079,0.2863377067883628,-0.0037079292641186146,-0.0009626354820306826
1984-11-06,0.2758128921848259,0.06206126807669624,0.2855545255752044,-0.004028807758128972,-0.00032087849401035706
1984-12-06,0.2638690815744438,0.008045325004804083,0.2838467389237497,-0.011943810610382133,-0.007915002852253161
1984-02-07,0.2503921848260125,-0.052904007774823916,0.28177885529568353,-0.013476896748431277,-0.0015330861380491445
1984-03-07,0.2473616657159155,-0.06660954556918477,0.2797311751283514,-0.0030305191100969964,0.010446377638334281
1984-04-07,0.2454363947518539,-0.07531659310913166,0.2779437630728275,-0.001925270964061615,0.0011052481460353814
1984-05-07,0.2330290929834569,-0.1314286772554556,0.275490825251949,-0.012407301768396994,-0.01048203080433538
1984-06-07,0.2256132344552195,-0.16496693444636237,0.2730046111428027,-0.007415858528237396,0.004991443240159599
1984-09-07,0.2129207073588134,-0.22236895156156716,0.27003589085377444,-0.012692527096406087,-0.005276668568168691
1984-10-07,0.2234740444951511,-0.17464143171296972,0.2678788743107054,0.010553337136337687,0.023245864232743774
1984-11-07,0.2113163148887621,-0.22962482451152275,0.26531065791975655,-0.012157729606389,-0.022711066742726688
1984-12-07,0.2135624643468339,-0.21946660238158508,0.2628054287887431,0.0022461494580718055,0.014403879064460806
1984-01-08,0.2047561323445521,-0.25929328279578645,0.2603215915573302,-0.008806332002281814,-0.01105248146035362
1984-02-08,0.2165216771249286,-0.20608354782944457,0.25812892184826003,0.011765544780376502,0.020571876782658316
1984-03-08,0.2234740444951511,-0.17464143171296972,0.25620127400646503,0.006952367370222506,-0.004813177410153996
1984-06-08,0.2291785510553337,-0.14884277233534923,0.2543092793306712,0.005704506560182593,-0.0012478608100399136
1984-07-08,0.21687820878494,-0.20447113161834335,0.2520690720669328,-0.0123003422703937,-0.018004848830576292
1984-08-08,0.2234027381631488,-0.1749639149551901,0.25041714204221327,0.006524529378208799,0.018824871648602498
1984-09-08,0.2213348545350827,-0.18431592897957708,0.24865825251949036,-0.0020678836280660917,-0.00859241300627489
1984-10-08,0.2357743867655447,-0.11901307242997597,0.24727134436204595,0.014439532230462016,0.016507415858528107
1984-03-09,0.2154520821448944,-0.21092079646274828,0.2452117798060467,-0.020322304620650322,-0.03476183685111234
1984-04-09,0.2116728465487735,-0.22801240830042152,0.24357648792546102,-0.0037792355961208945,0.016543069024529428
1984-05-09,0.2081431831146605,-0.24397532879032424,0.2417462920707358,-0.003529663434112984,0.00024957216200791055
1984-06-09,0.2105675984027381,-0.23301089855483564,0.2400503898079482,0.002424415288077575,0.005954078722190559
1984-07-09,0.2099258414147176,-0.23591324773481773,0.23816077200988775,-0.0006417569880204921,-0.003066172276098067
1984-10-09,0.2098545350827153,-0.2362357309770381,0.2355402643088039,-7.130633200230774e-05,0.0005704506560181843
1984-11-09,0.2109954363947518,-0.23107599910151405,0.23294352538505414,0.0011409013120365075,0.0012122076440388152
1984-12-09,0.2108884768967484,-0.23155972396484434,0.23037649743297198,-0.0001069594980034061,-0.0012478608100399136
1984-01-10,0.2203722190530518,-0.18866945274955096,0.22817907396843498,0.009483742156303404,0.00959070165430681
1984-02-10,0.2222974900171134,-0.17996240520960408,0.2261373359954363,0.001925270964061615,-0.007558471192241789
1984-03-10,0.225969766115231,-0.16335451823526065,0.22434160486784552,0.0036722760981175995,0.0017470051340559845
1984-04-10,0.2249001711351967,-0.16819176686856482,0.22264451416619124,-0.0010695949800343107,-0.00474187107815191
1984-05-10,0.2246505989731888,-0.16932045821633537,0.22133723141281608,-0.00024957216200791055,0.0008200228180264002
1984-08-10,0.2142042213348545,-0.2165642532016025,0.2201309659631108,-0.010446377638334281,-0.01019680547632637
1984-09-10,0.2127780946948089,-0.2230139180460074,0.21897818026240723,-0.0014261266400455996,0.009020250998288681
1984-10-10,0.2079649172846548,-0.2447815368958749,0.2177291310135006,-0.004813177410154107,-0.0033870507701085073
1984-11-10,0.2083214489446662,-0.24316912068477367,0.21690554287887423,0.0003565316600113999,0.005169709070165507
1984-12-10,0.2087136337706788,-0.24139546285256203,0.21634222285605623,0.0003921848260126093,3.565316600120938e-05
1984-01-11,0.2104962920707359,-0.2333333817970555,0.21626140901312033,0.0017826583000570828,0.0013904734740444735
1984-02-11,0.2190173987450085,-0.1947966343517355,0.2161128541547822,0.00852110667427261,0.006738448374215528
1984-05-11,0.22219053051911,-0.1804461300729344,0.21647532800912714,0.003173131774101501,-0.00534797490017111
1984-06-11,0.2246505989731888,-0.16932045821633537,0.21684493249667233,0.0024600684540787843,-0.0007130633200227166
1984-07-11,0.2345265259555048,-0.12465652916883033,0.21783727895037075,0.009875926982316013,0.007415858528237229
1984-08-11,0.2288220193953223,-0.15045518854645046,0.21824729035938387,-0.00570450656018251,-0.015580433542498523
1984-09-11,0.2261480319452367,-0.16254831012971008,0.2183364232743867,-0.0026739874500855965,0.003030519110096913
1984-12-11,0.2281089560752994,-0.15368002096865327,0.21830077010838558,0.0019609241300627134,0.00463491158014831
1984-03-12,0.2041500285225327,-0.2620343903546586,0.217876497432972,-0.023958927552766712,-0.025919851682829426
1984-04-12,0.2066457501426126,-0.2507474768769495,0.2173179311656208,0.0024957216200799104,0.026454649172846623
1984-05-12,0.2076440387906445,-0.2462327114858662,0.2168615706408062,0.000998288648031892,-0.0014974329720480184
1984-06-12,0.2069309754706217,-0.24945754390806865,0.21590012359764207,-0.0007130633200227998,-0.0017113519680546918
1984-07-12,0.2037578436965202,-0.26380804818686976,0.21551031564936293,-0.003173131774101501,-0.002460068454078701
1984-10-12,0.1988733599543639,-0.28589815027895715,0.21508366609621596,-0.004884483742156304,-0.0017113519680548028
1984-11-12,0.1982672561323445,-0.2886392578378293,0.21475446853013874,-0.0006061038220193937,0.00427837992013691
1984-12-12,0.1966985168282943,-0.2957338891666748,0.21429216581099061,-0.0015687393040501874,-0.0009626354820307936
1985-02-01,0.1774814603536794,-0.382643122945033,0.21321068644228935,-0.019217056474614913,-0.017648317170564726
1985-03-01,0.1691742726754135,-0.4202124206636929,0.21185467769537927,-0.00830718767826591,0.010909868796349004
1985-04-01,0.1716699942954934,-0.4089255071859838,0.210543829625404,0.0024957216200799104,0.01080290929834582
1985-07-01,0.1625071306332002,-0.4503646038112864,0.2089311180832857,-0.009162863662293214,-0.011658585282373124
1985-08-01,0.1712421563034797,-0.4108604066393054,0.20729344932496666,0.008735025670279506,0.01789788933257272
1985-09-01,0.164218482601255,-0.44262500599800014,0.2053574824111047,-0.007023673702224703,-0.01575869937250421
1985-10-01,0.1717769537934968,-0.4084417823226535,0.2035510553337136,0.007558471192241817,0.01458214489446652
1985-11-01,0.1724900171135197,-0.40521694990045065,0.2018040501996577,0.0007130633200228831,-0.006845407872218934
1985-01-02,0.1790858528237307,-0.3753872499950774,0.20028522532800908,0.006595835710211023,0.00588277239018814
1985-04-02,0.1735239589275527,-0.4005409428882573,0.19892921658109902,-0.005561893896178005,-0.012157729606389028
1985-05-02,0.1737378779235595,-0.3995734931615968,0.1976278760220574,0.00021391899600678443,0.0057758128921847895
1985-06-02,0.1756988020536223,-0.3907052040005396,0.19655233884768963,0.0019609241300627966,0.0017470051340560122
1985-07-02,0.1739517969195664,-0.39860604343493583,0.1954066837801863,-0.0017470051340559012,-0.003707929264118698
1985-08-02,0.1733813462635481,-0.40118590937269805,0.19422894086328193,-0.0005704506560182954,0.0011765544780376058
1985-11-02,0.1714204221334854,-0.4100541985337547,0.19292641186537357,-0.0019609241300626856,-0.0013904734740443903
1985-12-02,0.1763049058756417,-0.38796409644166735,0.19150266210306138,0.004884483742156304,0.006845407872218989
1985-01-03,0.1544851682829435,-0.4866439685610648,0.1892458166951891,-0.021819737592698202,-0.026704221334854505
1985-04-03,0.1557330290929834,-0.4810005118222106,0.18694856436584895,0.0012478608100398858,0.023067598402738088
1985-05-03,0.1564817455790073,-0.47761443777889817,0.18434707168663236,0.0007487164860238982,-0.0004991443240159876
1985-06-03,0.1550912721049629,-0.48390286100219265,0.18188938011028707,-0.0013904734740443903,-0.0021391899600682884
1985-07-03,0.157159155733029,-0.47455084697780564,0.17958975090321347,0.0020678836280660917,0.003458357102110482
1985-08-03,0.1569808899030233,-0.47535705508335624,0.17721881536413758,-0.00017826583000568608,-0.002246149458071778
1985-11-03,0.1558399885909868,-0.4805167869588803,0.17560848069975277,-0.0011409013120365075,-0.0009626354820308214
1985-12-03,0.1513120365088419,-0.5009944728398664,0.17376402357862705,-0.004527952082144904,-0.0033870507701083963
1985-01-04,0.1871078151739874,-0.339107885245299,0.17307948279140514,0.035795778665145495,0.0403237307472904
1985-02-04,0.1835424985738733,-0.35523204735631164,0.17229986689484686,-0.0035653166001140824,-0.03936109526525958
1985-03-04,0.1862877923559611,-0.3428164425308321,0.17171753185016156,0.002745293782087793,0.0063106103822018755
1985-04-04,0.1824729035938391,-0.3600692959896153,0.1711708499714774,-0.003814888762121993,-0.006560182544209786
1985-09-04,0.1909583571021106,-0.32169379016540534,0.17092722000380295,0.008485453508271484,0.012300342270393477
1985-10-04,0.1912079292641186,-0.32056509881763445,0.17074420041833044,0.0002495721620079938,-0.00823588134626349
1985-11-04,0.1927410154021677,-0.31363170910989874,0.17125285225328002,0.0015330861380491168,0.001283513976041123
1985-12-04,0.1922775242441528,-0.31572785018433075,0.17202296063890468,-0.000463491158014917,-0.0019965772960640338
1985-01-05,0.1739161437535653,-0.39876728505604575,0.17209783228750705,-0.018361380490587498,-0.01789788933257258
1985-02-05,0.1739161437535653,-0.39876728505604575,0.1724781327248526,0.0,0.018361380490587498
1985-03-05,0.1742726754135767,-0.39715486884494455,0.17257915002852248,0.0003565316600113999,0.0003565316600113999
1985-07-05,0.1737378779235595,-0.3995734931615968,0.17289646320593263,-0.000534797490017197,-0.0008913291500285969
1985-08-05,0.1775171135196805,-0.382481881323923,0.17308780186347208,0.0037792355961210056,0.004314033086138203
1985-09-05,0.1810467769537934,-0.3665189608340207,0.1733730271914812,0.0035296634341129007,-0.00024957216200810484
1985-10-05,0.1789788933257273,-0.3758709748584077,0.1733694618748811,-0.0020678836280660917,-0.0055975470621789924
1985-03-06,0.1760196805476326,-0.3892540294105483,0.1734526525955504,-0.0029592127780947164,-0.0008913291500286247
1985-04-06,0.1724187107815173,-0.4055394331426714,0.17340868035748233,-0.0036009697661152917,-0.0006417569880205753
1985-05-06,0.1707073588134626,-0.4132790309559572,0.17324229891614368,-0.0017113519680546918,0.0018896177980606
1985-06-06,0.1728108956075299,-0.40376577531045976,0.17320426887240917,0.002103536794067301,0.003814888762121993
1985-07-06,0.1722404449515116,-0.406345641248222,0.1731662388286746,-0.0005704506560182954,-0.0026739874500855965
1985-10-06,0.17156303479749,-0.4094092320493141,0.17317099258414143,-0.0006774101540216182,-0.00010695949800332283
1985-11-06,0.1734883057615516,-0.40070218450936723,0.17307710591367176,0.001925270964061615,0.002602681118083233
1985-12-06,0.1736665715915573,-0.3998959764038167,0.1737164860239589,0.00017826583000568608,-0.001747005134055929
1985-01-07,0.1719552196235025,-0.40763557421710295,0.1742572257083095,-0.0017113519680548028,-0.001889617798060489
1985-02-07,0.1663933257273245,-0.4327892671102828,0.1745876117132534,-0.005561893896178005,-0.0038505419281232023
1985-03-07,0.1645750142612664,-0.4410125897868989,0.17490373645179688,-0.001818311466058098,0.003743582430119907
1985-04-07,0.1657159155733029,-0.43585285791137485,0.17518896177980597,0.0011409013120365075,0.0029592127780946054
1985-05-07,0.165252424415288,-0.43794899898580675,0.17546467959688147,-0.00046349115801488927,-0.0016043924700513967
1985-08-07,0.1661081003993154,-0.4340792000791637,0.17580694999049243,0.0008556759840273875,0.0013191671420422768
1985-09-07,0.1702082144894466,-0.4155364136514991,0.17643682258984592,0.004100114090131196,0.0032444381061038086
1985-10-07,0.1701725613234455,-0.41569765527260905,0.1758723141281612,-3.565316600109836e-05,-0.0041357672561322945
1985-11-07,0.168033371363377,-0.4253721525392168,0.17535534322114465,-0.0021391899600684827,-0.0021035367940673844
1985-12-07,0.1699942954934398,-0.41650386337815964,0.1748122266590606,0.0019609241300627966,0.004100114090131279
1985-01-08,0.1774814603536794,-0.382643122945033,0.17464584521772195,0.007487164860239592,0.005526240730176796
1985-02-08,0.1732030804335425,-0.4019921174782482,0.17405400266210302,-0.00427837992013691,-0.011765544780376502
1985-05-08,0.1750570450656018,-0.3936075531805217,0.17351563985548576,0.0018539646320593073,0.006132344552196217
1985-06-08,0.1734883057615516,-0.40070218450936723,0.17287388286746525,-0.0015687393040501874,-0.0034227039361094946
1985-07-08,0.1724900171135197,-0.40521694990045065,0.17221429929644413,-0.0009982886480319197,0.0005704506560182676
1985-08-08,0.1737735310895607,-0.3994122515404864,0.17220954554097734,0.001283513976041012,0.0022818026240729317
1985-09-08,0.1730248146035367,-0.40279832558379924,0.1721798345693097,-0.0007487164860240092,-0.002032230462065021
1985-12-08,0.1781945236737022,-0.37941829052283055,0.1723105628446472,0.005169709070165507,0.005918425556189516
1985-02-09,0.1765188248716485,-0.3869966467150069,0.17240326107625017,-0.0016756988020537045,-0.006845407872219211
1985-03-09,0.1754492298916143,-0.39183389534831053,0.17233433162198133,-0.0010695949800341997,0.0006061038220195047
1985-04-09,0.1720621791215059,-0.40715184935377263,0.17203484502757174,-0.0033870507701083963,-0.0023174557900741966
1985-05-09,0.1714204221334854,-0.4100541985337547,0.17178289598783034,-0.0006417569880204921,0.002745293782087904
1985-06-09,0.1686394751853964,-0.42263104498034465,0.17153688914242246,-0.0027809469480890026,-0.0021391899600685105
1985-09-09,0.1707073588134626,-0.4132790309559572,0.17147984407682063,0.0020678836280662027,0.004848830576155205
1985-10-09,0.1696021106674272,-0.41827752121037126,0.1714430024719528,-0.001105248146035409,-0.003173131774101612
1985-11-09,0.1701725613234455,-0.41569765527260905,0.17135505799581666,0.0005704506560182954,0.0016756988020537045
1985-12-09,0.1676768397033656,-0.42698456875031804,0.17120293782087845,-0.0024957216200798826,-0.003066172276098178
1985-01-10,0.1685681688533941,-0.42295352822256504,0.17110310895607525,0.0008913291500284859,0.0033870507701083685
1985-02-10,0.1698873359954363,-0.4169875882414904,0.17098307663053805,0.0013191671420421935,0.00042783799201370765
1985-03-10,0.1716699942954934,-0.4089255071859838,0.1709165240540026,0.0017826583000571106,0.000463491158014917
1985-04-10,0.1814033086138049,-0.364906544622919,0.17123146035367937,0.009733314318311509,0.007950656018254398
1985-07-10,0.1774814603536794,-0.382643122945033,0.17160106484122453,-0.00392184826012551,-0.013655162578437019
1985-08-10,0.1778379920136908,-0.38103070673393175,0.17204316409963866,0.0003565316600113999,0.00427837992013691
1985-09-10,0.178658014831717,-0.377322149448399,0.17247456740825248,0.0008200228180262059,0.000463491158014806
1985-10-10,0.1767683970336566,-0.38586795536723545,0.1728584331621981,-0.0018896177980604056,-0.0027096406160866116
1985-11-10,0.1764831717056474,-0.3871578883361168,0.1732042688724092,-0.0002852253280092032,0.0016043924700512024
1985-01-11,0.1709925841414717,-0.41198909798707634,0.17323041452747664,-0.005490587564175697,-0.005205362236166494
1985-04-11,0.1713847689674842,-0.41021544015486516,0.1732708214489446,0.00039218482601249827,0.005882772390188196
1985-05-11,0.1710995436394751,-0.411505373123746,0.17337302719148123,-0.00028522532800909217,-0.0006774101540215904
1985-06-11,0.1712421563034797,-0.4108604066393054,0.17341462255181592,0.00014261266400458772,0.0004278379920136799
1985-07-11,0.1707073588134626,-0.4132790309559572,0.17318881916714196,-0.000534797490017086,-0.0006774101540216737
1985-08-11,0.1699942954934398,-0.41650386337815964,0.17308185966913855,-0.0007130633200227998,-0.00017826583000571383
1985-11-11,0.1713491158014831,-0.4103766817759751,0.1729582620270013,0.001354820308043292,0.0020678836280660917
1985-12-11,0.1715273816314888,-0.40957047367042443,0.17289289788933254,0.00017826583000571383,-0.001176554478037578
1985-02-12,0.1722047917855105,-0.4065068828693319,0.1728833903783989,0.0006774101540217015,0.0004991443240159876
1985-03-12,0.1712421563034797,-0.4108604066393054,0.17279901121886285,-0.0009626354820308214,-0.0016400456360525228
1985-04-12,0.1714204221334854,-0.4100541985337547,0.17274553146986113,0.00017826583000571383,0.0011409013120365352
1985-05-12,0.1706360524814603,-0.41360151419817753,0.17249358243011975,-0.0007843696520251076,-0.0009626354820308214
1985-06-12,0.170564746149458,-0.41392399744039793,0.17229511313938006,-7.130633200230774e-05,0.0007130633200227998
1985-09-12,0.168033371363377,-0.4253721525392168,0.17204791785510545,-0.002531374786080981,-0.0024600684540786733
1985-10-12,0.1617940673131774,-0.45358943623348885,0.17170564746149453,-0.006239304050199623,-0.0037079292641186423
1985-11-12,0.1612592698231602,-0.4560080605501411,0.17136694238448372,-0.000534797490017197,0.005704506560182426
1985-12-12,0.1605462065031374,-0.4592328929723436,0.17109716676174175,-0.0007130633200227998,-0.0001782658300056028
1986-02-01,0.1617940673131774,-0.45358943623348885,0.17080005704506554,0.0012478608100399968,0.0019609241300627966
1986-03-01,0.1594766115231032,-0.46407014160564725,0.1704625404069214,-0.0023174557900741966,-0.0035653166001141934
1986-06-01,0.1610810039931546,-0.4568142686556913,0.17015948849591173,0.0016043924700513967,0.003921848260125593
1986-07-01,0.1630419281232173,-0.4479459794946345,0.1700049914432401,0.0019609241300627134,0.00035653166001131664
1986-08-01,0.1648245864232743,-0.43988389843912834,0.1698802053622361,0.0017826583000569995,-0.00017826583000571383
1986-09-01,0.165252424415288,-0.43794899898580675,0.16972570830956452,0.00042783799201370765,-0.001354820308043292
1986-10-01,0.1724900171135197,-0.40521694990045065,0.1697530424034987,0.007237592698231682,0.006809754706217974
1986-03-02,0.1698160296634341,-0.4173100714837103,0.16936679977181968,-0.0026739874500855965,-0.009911580148317278
1986-04-02,0.1633984597832287,-0.44633356328353324,0.16889736641947134,-0.006417569880205393,-0.003743582430119796
1986-05-02,0.1642897889332572,-0.44230252275578014,0.16844575965012354,0.0008913291500285137,0.007308899030233906
1986-06-02,0.1650028522532801,-0.4390776903335773,0.16799058756417565,0.0007130633200228831,-0.00017826583000563057
1986-07-02,0.164218482601255,-0.44262500599800014,0.1675722570830956,-0.0007843696520251076,-0.0014974329720479906
1986-10-02,0.1662150598973188,-0.43359547521583336,0.16722998668948463,0.0019965772960638117,0.0027809469480889193
1986-11-02,0.1633628066172276,-0.4464948049046432,0.16697566077200984,-0.0028522532800911993,-0.004848830576155011
1986-12-02,0.1650385054192812,-0.4389164487124674,0.16676411865373642,0.0016756988020535935,0.004527952082144793
1986-03-03,0.1560895607529948,-0.47938809561110934,0.16626378589085372,-0.008948944666286401,-0.010624643468339995
1986-04-03,0.1531303479749001,-0.49277115016324985,0.1656600589465677,-0.0029592127780946886,0.005989731888191713
1986-05-03,0.1578009127210496,-0.4716484977978231,0.16522984407682065,0.0046705647461494915,0.00762977752424418
1986-06-03,0.1537721049629206,-0.48986880098326774,0.16468910439246998,-0.004028807758128999,-0.00869937250427849
1986-07-03,0.1545564746149458,-0.48632148531884456,0.16412934968625206,0.0007843696520251908,0.00481317741015419
1986-10-03,0.1524885909868796,-0.4956734993432319,0.16349472333143178,-0.002067883628066175,-0.002852253280091366
1986-11-03,0.1546634341129492,-0.48583776045551424,0.16291001140901307,0.002174843126069581,0.004242726754135756
1986-12-03,0.1568026240730176,-0.4761632631889069,0.16242869366799764,0.0021391899600683995,-3.5653166001181624e-05
1986-01-04,0.1395108385624643,-0.5543654494273182,0.16136504088229697,-0.017291785510553298,-0.019430975470621697
1986-02-04,0.1365516257843696,-0.5677485039794586,0.1602288933257273,-0.0029592127780946886,0.01433257273245861
1986-03-04,0.1391543069024529,-0.5559778656384194,0.15918187868416042,0.0026026811180832887,0.005561893896177977
1986-04-04,0.1367655447803764,-0.5667810542527982,0.15813961779806043,-0.0023887621220765043,-0.004991443240159793
1986-07-04,0.1416143753565316,-0.5448521937818208,0.15746696139950556,0.004848830576155205,0.00723759269823171
1986-08-04,0.1446805476326297,-0.5309854143663499,0.1569143373264879,0.0030661722760980947,-0.0017826583000571106
1986-09-04,0.1445379349686252,-0.5316303808507902,0.15638072827533744,-0.00014261266400450445,-0.003208784940102599
1986-10-04,0.1443596691386194,-0.5324365889563413,0.15579958166951888,-0.0001782658300057971,-3.5653166001292647e-05
1986-11-04,0.147532800912721,-0.5180860846775397,0.15540145464917282,0.003173131774101612,0.003351397604107409
1986-01-05,0.1368368511123787,-0.5664585710105778,0.1545933162198136,-0.010695949800342303,-0.013869081574443914
1986-02-05,0.1372646891043924,-0.5645236715572562,0.1537340749191861,0.00042783799201370765,0.01112378779235601
1986-06-05,0.1380847119224186,-0.5608151142717235,0.1528427457691576,0.0008200228180262059,0.00039218482601249827
1986-07-05,0.1386551625784369,-0.5582352483339613,0.15195617037459588,0.0005704506560182954,-0.00024957216200791055
1986-08-05,0.1411152310325157,-0.5471095764773622,0.15091034417189578,0.0024600684540787843,0.001889617798060489
1986-09-05,0.1404734740444951,-0.5500119256573448,0.14993225898459778,-0.0006417569880206031,-0.0031018254420993874
1986-12-05,0.1407943525385054,-0.5485607510673536,0.149178788743107,0.00032087849401030155,0.0009626354820309047
1986-02-06,0.1402239018824871,-0.5511406170051157,0.14837659250808136,-0.0005704506560182954,-0.0008913291500285969
1986-03-06,0.1373359954363947,-0.564201188315036,0.14745436394751849,-0.0028879064460924087,-0.0023174557900741133
1986-04-06,0.1365516257843696,-0.5677485039794586,0.14653213538695564,-0.0007843696520250798,0.002103536794067329
1986-05-06,0.1381560182544209,-0.5604926310295032,0.14559683399885903,0.0016043924700512857,0.0023887621220763655
1986-06-06,0.1380847119224186,-0.5608151142717235,0.1447542308423654,-7.130633200227998e-05,-0.0016756988020535657
1986-09-06,0.1381203650884198,-0.5606538726506132,0.14385695949800334,3.5653166001181624e-05,0.0001069594980034616
1986-10-06,0.1431831146605818,-0.5377575624529751,0.14342674462825625,0.0050627495721620175,0.005027096406160836
1986-11-06,0.1446092413006275,-0.5313078976085699,0.14314270773911383,0.001426126640045683,-0.0036366229321163346
1986-12-06,0.1480675984027381,-0.5156674603608878,0.14281826392850347,0.003458357102110593,0.00203223046206491
1986-01-07,0.1363020536223616,-0.5688771953272296,0.14223592888381817,-0.011765544780376475,-0.015223901882487068
1986-02-07,0.136658585282373,-0.5672647791161284,0.14163933257273242,0.0003565316600113999,0.012122076440387874
1986-03-07,0.1352681118083285,-0.5735532023394234,0.141065316600114,-0.0013904734740445013,-0.0017470051340559012
1986-04-07,0.1348046206503137,-0.5756493434138549,0.14040335615135952,-0.000463491158014806,0.0009269823160296953
1986-07-07,0.1349828864803194,-0.5748431353083043,0.13967603156493624,0.00017826583000568608,0.0006417569880204921
1986-08-07,0.1365872789503707,-0.5675872623583488,0.13957857957786646,0.0016043924700513135,0.0014261266400456274
1986-09-07,0.1368368511123787,-0.5664585710105778,0.13958808708880008,0.0002495721620079938,-0.0013548203080433197
1986-10-07,0.1350898459783228,-0.5743594104449741,0.13945260505799575,-0.0017470051340559012,-0.001996577296063895
1986-11-07,0.1351611523103251,-0.5740369272027537,0.13939912530899404,7.130633200230774e-05,0.001818311466058209
1986-01-08,0.1346976611523103,-0.5761330682771852,0.13916856816885334,-0.000463491158014806,-0.0005347974900171137
1986-04-08,0.1377994865944095,-0.5621050472406045,0.13893919946757932,0.003101825442099193,0.003565316600113999
1986-05-08,0.1379420992584141,-0.5614600807561637,0.13871933827723898,0.00014261266400461547,-0.0029592127780945776
1986-06-08,0.139439532230462,-0.5546879326695385,0.1385553337136337,0.0014974329720478796,0.0013548203080432641
1986-07-08,0.1389760410724472,-0.55678407374397,0.13827010838562456,-0.00046349115801477825,-0.001960924130062658
1986-08-08,0.1400099828864803,-0.5521080667317763,0.13837587944476132,0.0010339418140331014,0.0014974329720478796
1986-11-08,0.1504207073588134,-0.5050255133676194,0.13881441338657532,0.0104107244723331,0.009376782658299998
1986-12-08,0.1480675984027381,-0.5156674603608878,0.13914717626925263,-0.0023531089560753227,-0.012763833428408422
1986-01-09,0.1402239018824871,-0.5511406170051157,0.13919946757938767,-0.007843696520250992,-0.00549058756417567
1986-02-09,0.1402239018824871,-0.5511406170051157,0.13916975660772002,0.0,0.007843696520250992
1986-03-09,0.147532800912721,-0.5180860846775397,0.13940506750332757,0.007308899030233906,0.007308899030233906
1986-04-09,0.143468339988591,-0.5364676294840939,0.1394942004183304,-0.0040644609241300145,-0.01137335995436392
1986-05-09,0.1494937250427837,-0.5092177955164829,0.13980319452367365,0.0060253850541927,0.010089845978322715
1986-08-09,0.1520250998288647,-0.49776964041766397,0.140292831336756,0.0025313747860810087,-0.0034940102681116914
1986-09-09,0.1568026240730176,-0.4761632631889069,0.14096786461304422,0.0047775242441528976,0.002246149458071889
1986-10-09,0.1607244723331432,-0.4584266848667925,0.14172014641566832,0.003921848260125593,-0.0008556759840273043
1986-11-09,0.1560895607529948,-0.47938809561110934,0.1423203080433542,-0.004634911580148393,-0.008556759840273986
1986-12-09,0.1605818596691386,-0.4590716513512331,0.14306902452937817,0.004492298916143805,0.009127210496292198
1986-01-10,0.1532729606389047,-0.4921261836788092,0.1434053527286556,-0.007308899030233906,-0.011801197946377712
1986-02-10,0.1528807758128921,-0.49389984151102073,0.14368107054573107,-0.00039218482601258153,0.006916714204221325
1986-03-10,0.160189674843126,-0.4608453091834448,0.14408513976041068,0.0073088990302338785,0.00770108385624646
1986-06-10,0.1592983456930975,-0.4648763497111978,0.1448516828294352,-0.0008913291500284859,-0.008200228180262364
1986-07-10,0.1589418140330861,-0.46648876592229904,0.14559445712112565,-0.0003565316600113999,0.000534797490017086
1986-08-10,0.1572661152310324,-0.4740671221144754,0.14632772390188242,-0.0016756988020537045,-0.0013191671420423046
1986-09-10,0.1585852823730747,-0.46810118213340024,0.14712041262597444,0.0013191671420423046,0.002994865944096009
1986-10-10,0.1544495151169423,-0.48680521018217526,0.14776930024719523,-0.0041357672561324055,-0.00545493439817471
1986-03-11,0.1551982316029663,-0.48341913613886234,0.14838966533561507,0.0007487164860240092,0.004884483742156415
1986-04-11,0.1590131203650884,-0.46616628268007865,0.1491288743107054,0.003814888762122104,0.0030661722760980947
1986-05-11,0.1591200798630918,-0.4656825578167485,0.14992988210686437,0.00010695949800337834,-0.0037079292641187256
1986-06-11,0.1547703936109526,-0.48535403559218393,0.15058352348355195,-0.00434968625213919,-0.004456645750142568
1986-07-11,0.1581217912150598,-0.4701973232078323,0.15136432781897693,0.003351397604107187,0.007701083856246377
1986-10-11,0.16093839132915,-0.4574592351401319,0.1521356246434683,0.002816600114090212,-0.000534797490016975
1986-11-11,0.1592270393610952,-0.4651988329534182,0.15284512264689099,-0.0017113519680548028,-0.004527952082145015
1986-12-11,0.1594766115231032,-0.46407014160564725,0.15351302528997904,0.0002495721620079938,0.0019609241300627966
1986-01-12,0.150563320022818,-0.5043805468831788,0.15389926792165806,-0.008913291500285192,-0.009162863662293186
1986-02-12,0.1483528237307472,-0.5143775273920069,0.15417736261646695,-0.0022104962920707905,0.0067027952082144016
1986-03-12,0.1440744438106103,-0.5337265219252221,0.15396582049819355,-0.00427837992013691,-0.0020678836280661195
1986-04-12,0.1464632059326868,-0.5229233333108433,0.15391234074919183,0.0023887621220765043,0.006667142042213414
1986-05-12,0.1453936109526525,-0.5277605819441475,0.15408466438486398,-0.0010695949800343107,-0.003458357102110815
1986-08-12,0.1462136337706788,-0.5240520246586142,0.15428432211447038,0.0008200228180263169,0.0018896177980606277
1986-09-12,0.1454292641186537,-0.5275993403230371,0.15421420422133478,-0.0007843696520251076,-0.0016043924700514245
1986-10-12,0.1443240159726183,-0.5325978305774512,0.1542427267541357,-0.001105248146035409,-0.00032087849401030155
1986-11-12,0.145500570450656,-0.5272768570808167,0.15410962160106478,0.0011765544780377168,0.002281802624073126
1986-12-12,0.1462136337706788,-0.5240520246586142,0.15391590606579192,0.0007130633200227998,-0.000463491158014917
1987-02-01,0.1458571021106674,-0.5256644408697155,0.15355105533371358,-0.0003565316600113999,-0.0010695949800341997
1987-05-01,0.1460353679406731,-0.524858232764165,0.15306141852063124,0.00017826583000568608,0.000534797490017086
1987-06-01,0.1471762692527096,-0.5196985008886409,0.15276430880395508,0.0011409013120365075,0.0009626354820308214
1987-07-01,0.145750142612664,-0.5261481657330458,0.15226991823540592,-0.0014261266400455996,-0.002567027952082107
1987-08-01,0.1477467199087279,-0.5171186349508786,0.1520857102110667,0.001996577296063895,0.0034227039361094946
1987-09-01,0.1467484312606959,-0.5216334003419625,0.15188129872599349,-0.000998288648032003,-0.002994865944095898
1987-12-01,0.1510268111808328,-0.5022844058087472,0.15157586993725036,0.00427837992013691,0.005276668568168913
1987-02-02,0.1517755276668567,-0.49889833176543485,0.15132510933637572,0.0007487164860238982,-0.0035296634341130118
1987-03-02,0.1502067883628066,-0.50599296309428,0.151033941814033,-0.001568739304050104,-0.0023174557900740023
1987-04-02,0.1508485453508271,-0.503090613914298,0.1508200228180262,0.0006417569880204921,0.002210496292070596
1987-05-02,0.150563320022818,-0.5043805468831788,0.15055262407301764,-0.00028522532800909217,-0.0009269823160295843
1987-06-02,0.1530233884768967,-0.49325487502658016,0.15050508651834943,0.002460068454078701,0.002745293782087793
1987-09-02,0.1518111808328579,-0.49873709014432444,0.1503921848260125,-0.0012122076440387874,-0.0036722760981174885
1987-10-02,0.1521677124928693,-0.49712467393322324,0.1501640045636052,0.0003565316600113999,0.0015687393040501874
1987-11-02,0.1522746719908727,-0.49664094906989303,0.14993582430119787,0.00010695949800337834,-0.00024957216200802157
1987-12-02,0.1511337706788362,-0.501800680945417,0.14981460353679402,-0.0011409013120364797,-0.001247860810039858
1987-02-03,0.1482102110667427,-0.5150224938764472,0.14948421753185012,-0.002923559612093507,-0.0017826583000570273
1987-03-03,0.1487093553907586,-0.5127651111809057,0.14907658300057042,0.0004991443240159044,0.0034227039361094114
1987-04-03,0.1498502567027951,-0.5076053793053817,0.14876402357862706,0.0011409013120364797,0.0006417569880205753
1987-05-03,0.1510268111808328,-0.5022844058087472,0.14848236356721806,0.0011765544780377168,3.5653166001237135e-05
1987-06-03,0.1519181403308613,-0.4982533652809943,0.1485275242441528,0.0008913291500284859,-0.00028522532800923095
1987-09-03,0.1525242441528807,-0.495512257722122,0.14866657159155724,0.0006061038220194215,-0.0002852253280090644
1987-10-03,0.1516329150028522,-0.4995432982498751,0.14891852063129865,-0.0008913291500285137,-0.0014974329720479351
1987-11-03,0.1523816314888762,-0.4961572242065622,0.14911580148317163,0.0007487164860240092,0.0016400456360525228
1987-12-03,0.1530590416428978,-0.4930936334054702,0.14937131583951316,0.0006774101540215904,-7.130633200241876e-05
1987-01-04,0.1776953793496862,-0.38167567321837237,0.15042070735881338,0.024636337706788414,0.023958927552766823
1987-02-04,0.1792284654877353,-0.37474228351063676,0.15154734740444947,0.001533086138049089,-0.023103251568739325
1987-03-04,0.1811537364517969,-0.36603523597069004,0.15277500475375538,0.0019252709640615873,0.00039218482601249827
1987-06-04,0.1863590986879634,-0.34249395928861176,0.154136955694999,0.005205362236166522,0.0032800912721049347
1987-07-04,0.1951297775242441,-0.30282852049552045,0.1557674938201178,0.008770678836280688,0.0035653166001141656
1987-08-04,0.1931332002281802,-0.31185805127768756,0.15734336375736827,-0.001996577296063895,-0.010767256132344583
1987-09-04,0.1918496862521391,-0.31766274963765223,0.1588705077010838,-0.0012835139760410952,0.0007130633200227998
1987-10-04,0.2006560182544209,-0.277836069223451,0.16065316600114085,0.008806332002281786,0.010089845978322881
1987-01-05,0.2375570450656017,-0.11095099137446983,0.16371339608290544,0.03690102681118082,0.028094694808899034
1987-05-05,0.2737450085567598,0.05270925405230925,0.16791333903783984,0.036187963491158104,-0.0007130633200227166
1987-06-05,0.2467555618938961,-0.06935065312805692,0.17124691005894652,-0.02698944666286371,-0.06317741015402181
1987-07-05,0.2432615516257844,-0.08515233199684895,0.17432140140711155,-0.003494010268111719,0.02349543639475199
1987-08-05,0.2466486023958927,-0.06983437799138724,0.17748383723141276,0.003387050770108313,0.006881061038220032
1987-11-05,0.2503921848260125,-0.052904007774823916,0.18082335044685297,0.003743582430119796,0.0003565316600114832
1987-12-05,0.2644751853964631,0.010786432563675855,0.18461090511504083,0.014083000570450588,0.010339418140330792
1987-01-06,0.2163077581289218,-0.20705099755610507,0.1868023863852443,-0.04816742726754128,-0.06225042783799187
1987-02-06,0.2247219053051911,-0.168997974974115,0.18919233694618745,0.008414147176269288,0.05658157444381057
1987-03-06,0.2281446092413006,-0.15351877934754296,0.19173678455980217,0.0034227039361094946,-0.004991443240159793
1987-04-06,0.2266828294352538,-0.1601296858130582,0.194220621791215,-0.0014617798060467813,-0.004884483742156276
1987-05-06,0.235596120935539,-0.11981928053552664,0.19699800342270388,0.008913291500285192,0.010375071306331973
1987-08-06,0.2348830576155162,-0.12304411295772909,0.19978964632059318,-0.0007130633200227998,-0.009626354820307992
1987-09-06,0.2297133485453508,-0.14642414801869733,0.20250641756988014,-0.005169709070165396,-0.004456645750142596
1987-10-06,0.237378779235596,-0.11175719948002051,0.2054620650313747,0.007665430690245195,0.012835139760410591
1987-11-06,0.2323873359954363,-0.13433102643543818,0.20821330100779611,-0.00499144324015971,-0.012656873930404905
1987-12-06,0.236594409583571,-0.11530451514444283,0.21106555428788737,0.004207073588134713,0.009198516828294423
1987-01-07,0.2149172846548773,-0.21333942077940005,0.21316552576535458,-0.021677124928693697,-0.02588419851682841
1987-02-07,0.2177695379349686,-0.20044009109058986,0.21534036889142413,0.0028522532800912825,0.02452937820878498
1987-03-07,0.21281374786081,-0.22285267642489748,0.21737972998668945,-0.004955790074158584,-0.007808043354249866
1987-06-07,0.2114589275527666,-0.2289798580270825,0.2193489731888191,-0.001354820308043403,0.0036009697661151807
1987-07-07,0.2209783228750713,-0.1859283451906783,0.22161294922989155,0.009519395322304697,0.0108742156303481
1987-08-07,0.2170564746149458,-0.2036649235127923,0.22292498573873357,-0.00392184826012551,-0.013441243582430207
1987-09-07,0.2267541357672561,-0.15980720257083794,0.2245091747480509,0.0096976611523103,0.01361950941243581
1987-10-07,0.2275741585852823,-0.15609864528530518,0.22605652215250044,0.0008200228180262059,-0.008877638334284094
1987-03-08,0.2612664004563605,-0.0037253133362350603,0.22855343221144697,0.03369224187107822,0.032872219053052015
1987-04-08,0.2659013120365088,0.017236097408081262,0.23091248336185582,0.004634911580148282,-0.02905733029092994
1987-05-08,0.2552053622361665,-0.031136388924956793,0.2329815554287887,-0.010695949800342275,-0.015330861380490557
1987-06-08,0.2503208784940102,-0.05322649101704428,0.23493059517018441,-0.004884483742156331,0.005811466058185943
1987-07-08,0.2393397033656588,-0.10288891031896333,0.23622005134055896,-0.010981175128351395,-0.006096691386195063
1987-10-08,0.2303907586993724,-0.1433605572176053,0.23598117512835132,-0.008948944666286401,0.0020322304620649934
1987-11-08,0.2332786651454649,-0.13029998590768468,0.23463229701464153,0.002887906446092492,0.011836851112378893
1987-12-08,0.2313177410154021,-0.13916827506874185,0.23411770298535836,-0.0019609241300627966,-0.0048488305761552886
1987-01-09,0.2202652595550485,-0.18915317761288078,0.23335115991633384,-0.011052481460353591,-0.009091557330290795
1987-02-09,0.2256132344552195,-0.16496693444636237,0.23264998098497805,0.005347974900170999,0.01640045636052459
1987-03-09,0.2277524244152881,-0.15529243717975413,0.2318953223046206,0.0021391899600685937,-0.003208784940102405
1987-04-09,0.2284654877353109,-0.15206760475755168,0.23069499904924884,0.0007130633200227998,-0.001426126640045794
1987-07-09,0.22875071306332,-0.1507776717886707,0.23110976421372878,0.00028522532800911993,-0.0004278379920136799
1987-08-09,0.2271106674272675,-0.15819478635973672,0.23118938961779803,-0.0016400456360525228,-0.0019252709640616428
1987-09-09,0.2226540216771249,-0.1783499889985025,0.2310063700323255,-0.004456645750142596,-0.002816600114090073
1987-10-09,0.2254349686252139,-0.16577314255191253,0.2309647746719908,0.0027809469480890026,0.0072375926982315986
1987-11-09,0.2334925841414717,-0.12933253618102405,0.23089465677885526,0.008057615516257804,0.005276668568168802
1987-01-10,0.2238305761551625,-0.1730290155018685,0.2305262407301768,-0.009662007986309201,-0.017719623502567006
1987-02-10,0.2232601254991443,-0.17560888143963022,0.23031113329530323,-0.0005704506560181843,0.009091557330291017
1987-05-10,0.2244723331431831,-0.17012666632188592,0.22988091842555616,0.0012122076440387874,0.0017826583000569718
1987-06-10,0.2263262977752424,-0.16174210202415942,0.22967888381821633,0.0018539646320593073,0.0006417569880205198
1987-07-10,0.22750285225328,-0.15642112852752543,0.22937583190720665,0.0011765544780376058,-0.0006774101540217015
1987-08-10,0.2275385054192812,-0.15625988690641512,0.22979653926602012,3.5653166001181624e-05,-0.0011409013120364242
1987-09-10,0.2334569309754706,-0.129493777802134,0.2303194523673702,0.005918425556189405,0.005882772390188223
1987-12-10,0.2338847689674842,-0.1275588783488129,0.23102181973759264,0.0004278379920135966,-0.005490587564175808
1987-02-11,0.204221334854535,-0.26171190711243825,0.23078056664765162,-0.029663434112949194,-0.03009127210496279
1987-03-11,0.2026169423844837,-0.2689677800623938,0.2301685206312987,-0.0016043924700513135,0.02805904164289788
1987-04-11,0.1949515116942384,-0.303634728601071,0.22943168853394177,-0.0076654306902452785,-0.006061038220193965
1987-05-11,0.1787293211637193,-0.37699966620617864,0.22783086138049055,-0.0162221905305191,-0.00855675984027382
1987-06-11,0.1818667997718197,-0.3628104035484876,0.22630728275337514,0.0031374786081003747,0.019359669138619473
1987-09-11,0.1921349115801482,-0.3163728166687714,0.2240028997908347,0.010268111808328512,0.007130633200228137
1987-10-11,0.183221620079863,-0.3566832219463029,0.22124691005894653,-0.008913291500285192,-0.019181403308613704
1987-11-11,0.1860382201939532,-0.34394513387860265,0.2189413386575394,0.002816600114090184,0.011729891614375376
1987-12-11,0.1914218482601254,-0.3195976490909738,0.21697803764974324,0.005383628066172208,0.002567027952082024
1987-01-12,0.2038648031945236,-0.26332432332353944,0.21579554097737208,0.012442954934398204,0.007059326868225996
1987-02-12,0.2018325727324586,-0.2725150957268165,0.21484360144514164,-0.0020322304620649934,-0.014475185396463197
1987-03-12,0.2026169423844837,-0.2689677800623938,0.21382154401977557,0.0007843696520250798,0.002816600114090073
1987-04-12,0.1984098687963491,-0.28799429135338867,0.21272461494580716,-0.004207073588134602,-0.004991443240159682
1987-07-12,0.1910296634341129,-0.321371306923185,0.21175009507510928,-0.007380205362236186,-0.003173131774101584
1987-08-12,0.1937036508841985,-0.30927818533992535,0.2106864422894086,0.0026739874500855965,0.010054192812321783
1987-09-12,0.1956645750142612,-0.30040989617886854,0.20961684730937435,0.0019609241300627134,-0.0007130633200228831
1987-10-12,0.1944167142042213,-0.3060533529177229,0.20848188819167138,-0.0012478608100399136,-0.003208784940102627
1987-11-12,0.2045778665145464,-0.260099490901337,0.2076761266400456,0.010161152310325106,0.01140901312036502
1988-04-01,0.1912079292641186,-0.32056509881763445,0.20647936870127392,-0.013369937250427816,-0.02353108956075292
1988-05-01,0.1863947518539646,-0.34233271766750145,0.20527072637383528,-0.004813177410153996,0.00855675984027382
1988-06-01,0.1953080433542498,-0.3020223123899698,0.2042664955314698,0.00891329150028522,0.013726468910439216
1988-07-01,0.2041500285225327,-0.2620343903546586,0.20328841034417183,0.008841985168282884,-7.130633200233549e-05
1988-08-01,0.1988733599543639,-0.28589815027895715,0.20245650313747857,-0.005276668568168802,-0.014118653736451686
1988-11-01,0.2038648031945236,-0.26332432332353944,0.20180999239399122,0.00499144324015971,0.010268111808328512
1988-12-01,0.1991229321163719,-0.2847694589311862,0.20096501235976413,-0.004741871078151716,-0.009733314318311426
1988-01-02,0.1876426126640045,-0.3366892609286471,0.19967555618938956,-0.011480319452367382,-0.0067384483742156664
1988-02-02,0.1904948659440958,-0.3237899312398369,0.1984419566457501,0.0028522532800912825,0.014332572732458665
1988-03-02,0.1830433542498573,-0.3574894300518536,0.19695878494010263,-0.007451511694238494,-0.010303764974329777
1988-04-02,0.1808328579577866,-0.3674864105606812,0.1952046491728465,-0.0022104962920706794,0.005241015402167815
1988-05-02,0.1824015972618368,-0.3603917792318357,0.19348854344932492,0.0015687393040501874,0.003779235596120867
1988-08-02,0.1801554478037649,-0.37055000136177374,0.19268634721429923,-0.002246149458071889,-0.003814888762122076
1988-09-02,0.1790145464917284,-0.3757097332372978,0.19189960068454073,-0.0011409013120365075,0.0011052481460353814
1988-10-02,0.1800841414717627,-0.3708724846039937,0.19140402167712486,0.001069594980034283,0.0022104962920707905
1988-11-02,0.1781945236737022,-0.37941829052283055,0.1913861950941243,-0.001889617798060489,-0.002959212778094772
1988-12-02,0.178658014831717,-0.377322149448399,0.19127923559612087,0.000463491158014806,0.002353108956075295
1988-01-03,0.1759840273816315,-0.38941527103165824,0.19074087278950366,-0.002673987450085513,-0.003137478608100319
1988-02-03,0.1771605818596691,-0.3840942975350243,0.19053883818216386,0.0011765544780376058,0.003850541928123119
1988-03-03,0.1756988020536223,-0.3907052040005396,0.19019419091081952,-0.001461779806046809,-0.002638334284084415
1988-04-03,0.1780875641756988,-0.37990201538616086,0.18974971477467195,0.0023887621220765043,0.0038505419281233133
1988-07-03,0.1814033086138049,-0.364906544622919,0.18900099828864797,0.0033157444381061163,0.000926982316029612
1988-08-03,0.1820807187678265,-0.36184295382182696,0.18834260315649357,0.0006774101540215904,-0.002638334284084526
1988-09-03,0.1790145464917284,-0.3757097332372978,0.18755585662673507,-0.0030661722760980947,-0.003743582430119685
1988-10-03,0.1824015972618368,-0.3603917792318357,0.18702224757558467,0.0033870507701083963,0.006453223046206491
1988-11-03,0.1803337136337706,-0.3697437932562232,0.18666571591557327,-0.0020678836280662027,-0.005454934398174599
1988-05-04,0.194594980034227,-0.30524714481217224,0.18669542688724086,0.014261266400456413,0.016329150028522615
1988-06-04,0.1900670279520821,-0.3257248306931584,0.18650884198516823,-0.004527952082144904,-0.018789218482601316
1988-07-04,0.184968625213919,-0.34878238251190635,0.18619390568549146,-0.005098402738163116,-0.0005704506560182121
1988-08-04,0.1833642327438676,-0.3560382554618623,0.1854867845598022,-0.0016043924700513967,0.003494010268111719
1988-11-04,0.1830077010838562,-0.35765067167296355,0.18521344362046013,-0.0003565316600113999,0.0012478608100399968
1988-12-04,0.1842555618938961,-0.3520072149341092,0.18514213728845785,0.0012478608100399136,0.0016043924700513135
1988-03-05,0.1813320022818026,-0.36522902786513933,0.1846762692527096,-0.002923559612093507,-0.004171420422133421
1988-04-05,0.1799058756417569,-0.3716786927095448,0.18386813082335038,-0.0014261266400457107,0.0014974329720477964
1988-05-05,0.1811537364517969,-0.36603523597069004,0.18327747670659816,0.0012478608100399968,0.0026739874500857075
1988-06-05,0.1815815744438106,-0.36410033651736845,0.1825347024149077,0.00042783799201370765,-0.0008200228180262892
1988-09-05,0.181938106103822,-0.3624879203062672,0.1819618748811561,0.0003565316600113999,-7.130633200230774e-05
1988-10-05,0.1846120935539075,-0.35039479872300794,0.18186085757748618,0.002673987450085513,0.0023174557900741133
1988-11-05,0.1879278379920136,-0.33539932795976624,0.18177528997908343,0.0033157444381060885,0.0006417569880205753
1988-12-05,0.1874643468339988,-0.33749546903419775,0.1819226563985548,-0.000463491158014806,-0.0037792355961208945
1988-01-06,0.193846263548203,-0.3086332188554851,0.18235643658490203,0.006381916714204211,0.006845407872219017
1988-02-06,0.1956645750142612,-0.30040989617886854,0.18279853584331615,0.001818311466058209,-0.004563605248146002
1988-03-06,0.212065031374786,-0.22623875046821035,0.18386218862901688,0.016400456360524784,0.014582144894466575
1988-06-06,0.2125285225328008,-0.22414260939377884,0.1849793211637193,0.000463491158014806,-0.01593696520250998
1988-07-06,0.2142042213348545,-0.2165642532016025,0.18611665715915568,0.0016756988020537045,0.0012122076440388985
1988-08-06,0.2110310895607529,-0.2309147574804041,0.1872112093553907,-0.003173131774101612,-0.004848830576155316
1988-09-06,0.2036152310325156,-0.2644530146713104,0.18804311656208397,-0.007415858528237285,-0.004242726754135673
1988-10-06,0.2088562464346833,-0.24075049636812176,0.18913885719718573,0.0052410154021677036,0.012656873930404988
1988-01-07,0.1930262407301768,-0.3123417761410179,0.1896677124928693,-0.015830005704506517,-0.02107102110667422
1988-04-07,0.1939888762122076,-0.3079882523710445,0.1902773816314888,0.0009626354820307936,0.01679264118653731
1988-05-07,0.1944167142042213,-0.3060533529177229,0.19082168663243956,0.00042783799201370765,-0.000534797490017086
1988-06-07,0.1961993725042783,-0.29799127186221674,0.19131488876212202,0.0017826583000569995,0.001354820308043292
1988-07-07,0.2022604107244723,-0.27058019627349505,0.19198754516067687,0.006061038220193993,0.004278379920136993
1988-08-07,0.2022960638904734,-0.2704189546523851,0.19276359574063504,3.565316600109836e-05,-0.006025385054192894
1988-11-07,0.2076083856246434,-0.24639395310697612,0.19360382201939524,0.005312321734170011,0.005276668568168913
1988-12-07,0.2002994865944095,-0.2794484854345522,0.19426934778474986,-0.007308899030233906,-0.012621220764403918
1988-01-08,0.1993368511123787,-0.2838020092045256,0.19442741015402162,-0.0009626354820307936,0.006346263548203113
1988-02-08,0.1979107244723331,-0.2902516740489305,0.19468886670469665,-0.0014261266400455996,-0.000463491158014806
1988-03-08,0.1956645750142612,-0.30040989617886854,0.19504539836470808,-0.002246149458071889,-0.0008200228180262892
1988-04-08,0.1989446662863662,-0.28557566703673676,0.195564746149458,0.00328009127210499,0.005526240730176879
1988-05-08,0.1983385624643468,-0.2883167745956089,0.19607577486214103,-0.0006061038220193937,-0.003886195094124384
1988-08-08,0.1970193953223046,-0.2942827145766835,0.19650123597642127,-0.0013191671420421935,-0.0007130633200227998
1988-09-08,0.1934897318881916,-0.3102456350665863,0.19690649362996762,-0.0035296634341130118,-0.002210496292070818
1988-10-08,0.190031374786081,-0.3258860723142683,0.19724401026811175,-0.003458357102110593,7.130633200241876e-05
1988-11-08,0.1934540787221905,-0.3104068766876963,0.19765402167712487,0.0034227039361094946,0.006881061038220088
1988-12-08,0.1941314888762121,-0.30734328588660426,0.19807235215820493,0.0006774101540215904,-0.002745293782087904
1988-01-09,0.1881061038220194,-0.3345931198542152,0.19827795208214483,-0.0060253850541927,-0.0067027952082142905
1988-02-09,0.1888548203080433,-0.33120704581090277,0.19841937630728268,0.0007487164860238982,0.006774101540216598
1988-05-09,0.1860382201939532,-0.34394513387860265,0.19835638904734734,-0.002816600114090101,-0.003565316600113999
1988-06-09,0.1877495721620079,-0.3362055360653168,0.198365896558281,0.0017113519680547196,0.0045279520821448205
1988-07-09,0.1867156303479749,-0.3408815430775102,0.19812820878494006,-0.001033941814033018,-0.0027452937820877377
1988-08-09,0.1888904734740445,-0.33104580418979235,0.19790240540026616,0.002174843126069609,0.003208784940102627
1988-09-09,0.1911366229321163,-0.3208875820598547,0.1972047917855105,0.0022461494580718055,7.130633200219672e-05
1988-12-09,0.1836138049058756,-0.35490956411409136,0.19624096786461298,-0.0075228180262407185,-0.009768967484312524
1988-03-10,0.1729891614375356,-0.4029595672049092,0.19486713253470236,-0.010624643468339995,-0.0031018254420992764
1988-04-10,0.1759483742156303,-0.38957651265276855,0.19369770868986494,0.0029592127780947164,0.013583856246434711
1988-05-10,0.1765188248716485,-0.3869966467150069,0.1927944951511694,0.0005704506560181843,-0.002388762122076532
1988-06-10,0.1800841414717627,-0.3708724846039937,0.1918354249857387,0.0035653166001141934,0.002994865944096009
1988-07-10,0.1796206503137478,-0.37296862567842565,0.1913885719718577,-0.00046349115801488927,-0.004028807758129083
1988-10-10,0.1810111237877923,-0.36668020245513067,0.19095598022437718,0.0013904734740445013,0.0018539646320593905
1988-11-10,0.1805119794637763,-0.3689375851506725,0.19049248906636237,-0.0004991443240159876,-0.001889617798060489
1988-12-10,0.177659726183685,-0.3818369148394828,0.18987450085567595,-0.0028522532800913103,-0.0023531089560753227
1988-01-11,0.1783727895037079,-0.37861208241727984,0.1890782468149838,0.0007130633200229108,0.003565316600114221
1988-02-11,0.1809754706217912,-0.3668414440762406,0.18836756037269436,0.0026026811180832887,0.0018896177980603779
1988-03-11,0.186501711351968,-0.34184899280417114,0.1876640045636052,0.005526240730176796,0.002923559612093507
1988-04-11,0.1828650884198516,-0.3582956381574042,0.18708285795778662,-0.00363662293211639,-0.009162863662293186
1988-07-11,0.183720764403879,-0.3544258392507611,0.18656232173416992,0.0008556759840273875,0.004492298916143778
1988-08-11,0.1856460353679406,-0.3457187917108142,0.1861534987640235,0.001925270964061615,0.0010695949800342275
1988-09-11,0.1831146605818596,-0.35716694680963323,0.18573516828294345,-0.0025313747860810087,-0.004456645750142624
1988-10-11,0.1870365088419851,-0.33943036848751923,0.1853382297014641,0.00392184826012551,0.006453223046206519
1988-11-11,0.184219908727895,-0.3521684565552191,0.18486760791024903,-0.002816600114090101,-0.006738448374215611
1988-01-12,0.1743796349115801,-0.39667114398161424,0.18411294922989158,-0.009840273816314915,-0.007023673702224814
1988-02-12,0.1724187107815173,-0.4055394331426714,0.18341058185966908,-0.0019609241300627966,0.007879349686252118
1988-05-12,0.1753066172276098,-0.39247886183275077,0.18291975660772006,0.002887906446092492,0.0048488305761552886
1988-06-12,0.1740587564175698,-0.3981223185716055,0.1822732458642327,-0.0012478608100399968,-0.004135767256132489
1988-07-12,0.1723474044495151,-0.4058619163848913,0.18154710971667615,-0.0017113519680546918,-0.000463491158014695
1988-08-12,0.1747361665715915,-0.395058727770513,0.18110144514166185,0.0023887621220763933,0.004100114090131085
1988-09-12,0.1729178551055333,-0.40328205044712945,0.18057021296824485,-0.0018183114660581812,-0.0042070735881345744
1988-12-12,0.173595265259555,-0.40021845964603703,0.1801554478037649,0.0006774101540216737,0.002495721620079855
1989-03-01,0.171063890473474,-0.41166661474485594,0.17959925841414712,-0.002531374786080981,-0.0032087849401026547
1989-04-01,0.1695664575014261,-0.41843876283148124,0.17902761931926214,-0.0014974329720479074,0.0010339418140330736
1989-05-01,0.1670707358813462,-0.4297256763091903,0.1783002947328389,-0.0024957216200799104,-0.000998288648032003
1989-06-01,0.1676055333713633,-0.4273070519925384,0.1775159250808138,0.0005347974900171137,0.003030519110097024
1989-09-01,0.1660724472333143,-0.4342404417002736,0.17693121315839508,-0.0015330861380490057,-0.0020678836280661195
1989-10-01,0.1671420422133485,-0.42940319306696995,0.1767363091842555,0.0010695949800341997,0.0026026811180832055
1989-11-01,0.1653237307472903,-0.4376265157435865,0.17638215440197752,-0.001818311466058209,-0.0028879064460924087
1989-12-01,0.166999429549344,-0.4300481595514102,0.17606484122456736,0.0016756988020537045,0.0034940102681119134
1989-01-02,0.1621862521391899,-0.45181577840127757,0.1754682449134816,-0.004813177410154079,-0.006488876212207784
1989-02-02,0.1622932116371933,-0.45133205353794736,0.17489066362426312,0.00010695949800337834,0.0049201369081574575
1989-03-02,0.1619010268111808,-0.45310571137015854,0.17425366039170942,-0.00039218482601249827,-0.0004991443240158766
1989-06-02,0.1621149458071876,-0.4521382616434979,0.1736404259364898,0.0002139189960068122,0.0006061038220193105
1989-07-02,0.1650741585852823,-0.4387552070913574,0.173220907016543,0.0029592127780946886,0.0027452937820878764
1989-08-02,0.164218482601255,-0.44262500599800014,0.17274909678646122,-0.0008556759840273043,-0.003814888762121993
1989-09-02,0.1662150598973188,-0.43359547521583336,0.17225708309564552,0.0019965772960638117,0.002852253280091116
1989-10-02,0.1650028522532801,-0.4390776903335773,0.17154045445902258,-0.0012122076440387042,-0.003208784940102516
1989-01-03,0.1627923559612093,-0.4490746708424054,0.17087136337706785,-0.0022104962920707905,-0.0009982886480320863
1989-02-03,0.159940102681118,-0.46197400053121573,0.1700786746529758,-0.0028522532800913103,-0.0006417569880205198
1989-03-03,0.1617227609811751,-0.4539119194757091,0.16928123217341692,0.0017826583000571106,0.004634911580148421
1989-06-03,0.1624358243011979,-0.45068708705350663,0.16859193763072824,0.0007130633200227998,-0.0010695949800343107
1989-07-03,0.1614018824871648,-0.45536309406570036,0.16773745008556756,-0.0010339418140331014,-0.0017470051340559012
1989-08-03,0.1648245864232743,-0.43988389843912834,0.1670909393420802,0.0034227039361094946,0.004456645750142596
1989-09-03,0.1638976041072447,-0.4440761805879914,0.166741538315269,-0.000926982316029612,-0.004349686252139107
1989-10-03,0.1699229891614375,-0.41682634662038,0.1666583475945997,0.006025385054192811,0.006952367370222423
1989-03-04,0.1611166571591557,-0.4566530270345812,0.1661853489256512,-0.008806332002281786,-0.014831717056474597
1989-04-04,0.1624001711351967,-0.45084832867461705,0.16579672941623877,0.0012835139760409842,0.01008984597832277
1989-05-04,0.1615444951511694,-0.45471812758125973,0.16543663243962722,-0.0008556759840273043,-0.0021391899600682884
1989-06-04,0.1617940673131774,-0.45358943623348885,0.16500522913101345,0.0002495721620079938,0.001105248146035298
1989-07-04,0.1619010268111808,-0.45310571137015854,0.16463800152120173,0.0001069594980034061,-0.00014261266400458772
1989-10-04,0.159940102681118,-0.46197400053121573,0.16418282943525378,-0.0019609241300627966,-0.0020678836280662027
1989-11-04,0.1622932116371933,-0.45133205353794736,0.16389047347404442,0.002353108956075295,0.0043140330861380916
1989-12-04,0.1621505989731888,-0.4519770200223876,0.16364327818976987,-0.00014261266400450445,-0.0024957216200797994
1989-02-05,0.1560895607529948,-0.47938809561110934,0.1632772390188248,-0.006061038220193993,-0.005918425556189488
1989-03-05,0.1556617227609811,-0.4813229950644308,0.16287911199847874,-0.0004278379920136799,0.005633200228180313
1989-04-05,0.1554834569309754,-0.4821292031699815,0.16252614565506743,-0.00017826583000571383,0.00024957216200796606
1989-05-05,0.1549486594409583,-0.4845478274866334,0.16211969956265446,-0.0005347974900171137,-0.0003565316600113999
1989-08-05,0.1543425556189389,-0.4872889350455055,0.1617536603917094,-0.0006061038220193937,-7.130633200227998e-05
1989-09-05,0.1540929834569309,-0.48841762639327646,0.1613234455219623,-0.0002495721620079938,0.0003565316600113999
1989-10-05,0.1568026240730176,-0.4761632631889069,0.1611439912530899,0.002709640616086695,0.0029592127780946886
1989-11-05,0.1557330290929834,-0.4810005118222106,0.16092531850161623,-0.0010695949800341997,-0.0037792355961208945
1989-12-05,0.1564104392470051,-0.47793692102111807,0.1607422989161437,0.0006774101540217015,0.0017470051340559012
1989-01-06,0.1385838562464346,-0.5585577315761816,0.1599579292641186,-0.017826583000570495,-0.018503993154592197
1989-02-06,0.1407586993725042,-0.5487219926884639,0.159147413957026,0.002174843126069609,0.020001426126640104
1989-05-06,0.144003137478608,-0.5340490051674425,0.15847356911960445,0.003244438106103781,0.001069594980034172
1989-06-06,0.1414361095265259,-0.5456584018873714,0.15764760410724465,-0.0025670279520820793,-0.00581146605818586
1989-07-06,0.147283228750713,-0.5192147760253106,0.15705694999049244,0.005847119224187097,0.008414147176269177
1989-08-06,0.1479962920707358,-0.5159899436031081,0.15656374786080998,0.0007130633200227998,-0.0051340559041642975
1989-09-06,0.1469266970907016,-0.5208271922364118,0.15612996767446277,-0.0010695949800341997,-0.0017826583000569995
1989-12-06,0.1397604107244723,-0.5532367580795473,0.15539788933257268,-0.007166286366229319,-0.006096691386195119
1989-03-07,0.1397960638904734,-0.5530755164584373,0.1546432306522152,3.565316600109836e-05,0.007201939532230417
1989-04-07,0.1411508841985168,-0.5469483348562523,0.15396819737592693,0.001354820308043403,0.0013191671420423046
1989-05-07,0.1421848260125499,-0.5422723278440585,0.15321353869556945,0.0010339418140331014,-0.00032087849401030155
1989-06-07,0.145750142612664,-0.5261481657330458,0.15260862331241673,0.00356531660011411,0.0025313747860810087
1989-07-07,0.1451440387906445,-0.5288892732919185,0.151782658300057,-0.0006061038220195047,-0.004171420422133615
1989-10-07,0.1421848260125499,-0.5422723278440585,0.1511515972618368,-0.0029592127780946054,-0.0023531089560751006
1989-11-07,0.1409369652025099,-0.5479157845829133,0.15043615706408056,-0.0012478608100399968,0.0017113519680546085
1989-12-07,0.1418282943525385,-0.5438847440551597,0.14977895037079286,0.0008913291500285969,0.0021391899600685937
1989-01-08,0.1417569880205362,-0.54420722729738,0.14911104772770484,-7.130633200227998e-05,-0.0009626354820308769
1989-02-08,0.1415430690245293,-0.5451746770240411,0.14843244913481643,-0.0002139189960069232,-0.00014261266400464323
1989-03-08,0.1406873930405019,-0.5490444759306842,0.1477906921467959,-0.0008556759840273875,-0.0006417569880204643
1989-04-08,0.1432900741585852,-0.537273837589645,0.1471572542308423,0.0026026811180832887,0.0034583571021106763
1989-07-08,0.1387264689104392,-0.557912765091741,0.14637644989541732,-0.004563605248146002,-0.007166286366229291
1989-08-08,0.1387264689104392,-0.557912765091741,0.14579768016733213,0.0,0.004563605248146002
1989-09-08,0.1385838562464346,-0.5585577315761816,0.14522841795018057,-0.00014261266400458772,-0.00014261266400458772
1989-10-08,0.1389760410724472,-0.55678407374397,0.1446781707548963,0.0003921848260126093,0.000534797490017197
1989-11-08,0.1375855675984027,-0.5630724969672649,0.14409940102681112,-0.0013904734740445013,-0.0017826583000571106
1989-01-09,0.1346976611523103,-0.5761330682771852,0.1434445712112568,-0.0028879064460924087,-0.0014974329720479074
1989-04-09,0.1353394181403308,-0.5732307190972031,0.14281945236737015,0.0006417569880204921,0.0035296634341129007
1989-05-09,0.1350898459783228,-0.5743594104449741,0.14209569309754702,-0.0002495721620079938,-0.0008913291500284859
1989-06-09,0.1362307472903593,-0.56919967856945,0.14144561703745953,0.0011409013120365075,0.0013904734740445013
1989-07-09,0.1364803194523673,-0.568070987221679,0.14078127971097162,0.0002495721620079938,-0.0008913291500285137
1989-08-09,0.137157729606389,-0.5650073964205865,0.1407337421563034,0.0006774101540217015,0.00042783799201370765
1989-11-09,0.1354107244723331,-0.5729082358549827,0.1405554763262977,-0.0017470051340559012,-0.0024244152880776026
1989-12-09,0.1358385624643468,-0.5709733364016611,0.14028332382582234,0.00042783799201370765,0.002174843126069609
1989-02-10,0.1410439247005133,-0.547432059719583,0.14027025099828858,0.005205362236166494,0.0047775242441527865
1989-03-10,0.1409369652025099,-0.5479157845829133,0.14005870888001512,-0.0001069594980034061,-0.0053123217341699
1989-04-10,0.1410439247005133,-0.547432059719583,0.13982696330100772,0.0001069594980034061,0.0002139189960068122
1989-05-10,0.1419352538505419,-0.5434010191918295,0.1396605818596691,0.0008913291500285969,0.0007843696520251908
1989-06-10,0.1382629777524244,-0.5600089061661724,0.1396106674272675,-0.0036722760981174885,-0.004563605248146085
1989-09-10,0.1375499144324015,-0.5632337385883753,0.1395357957786651,-0.0007130633200229108,0.0029592127780945776
1989-10-10,0.1354463776383342,-0.5727469942338728,0.13934564555999232,-0.002103536794067301,-0.0013904734740443903
1989-11-10,0.1345193953223046,-0.5769392763827358,0.13909013120365082,-0.0009269823160295843,0.0011765544780377168
1989-12-10,0.1361950941243582,-0.56936092019056,0.13877162958737396,0.0016756988020535935,0.0026026811180831777
1989-01-11,0.1389047347404449,-0.5571065569861904,0.13856365278570065,0.002709640616086695,0.0010339418140331014
1989-02-11,0.1385482030804335,-0.5587189731972916,0.13844243202129677,-0.0003565316600113999,-0.0030661722760980947
1989-03-11,0.1415430690245293,-0.5451746770240411,0.13846263548203072,0.002994865944095787,0.003351397604107187
1989-06-11,0.1411865373645179,-0.5467870932351424,0.13844124358243007,-0.0003565316600113999,-0.003351397604107187
1989-07-11,0.1433613804905875,-0.5369513543474246,0.13849472333143176,0.002174843126069609,0.0025313747860810087
1989-08-11,0.1423630918425556,-0.5414661197385079,0.13852205742536597,-0.000998288648031892,-0.003173131774101501
1989-09-11,0.1428978893325727,-0.5390474954218561,0.1385957406351017,0.000534797490017086,0.001533086138048978
1989-10-11,0.1428978893325727,-0.5390474954218561,0.13858266780756792,0.0,-0.000534797490017086
1989-01-12,0.1582287507130633,-0.4697135983445015,0.13923274386765538,0.015330861380490612,0.015330861380490612
1989-04-12,0.1561252139189959,-0.4792268539899994,0.1398127020346073,-0.002103536794067412,-0.017434398174558025
1989-05-12,0.1517755276668567,-0.49889833176543485,0.14025242441528804,-0.00434968625213919,-0.002246149458071778
1989-06-12,0.1520964061608671,-0.4974471571754432,0.14068976991823537,0.0003208784940103848,0.004670564746149575
1989-07-12,0.1538077581289218,-0.4897075593621573,0.14123050960258599,0.0017113519680547196,0.0013904734740443347
1989-08-12,0.1546634341129492,-0.48583776045551424,0.14189603536794063,0.0008556759840273875,-0.000855675984027332
1989-11-12,0.1564104392470051,-0.47793692102111807,0.14259840273816313,0.0017470051340559012,0.0008913291500285137
1989-12-12,0.1576939532230462,-0.4721322226611534,0.14335187297965385,0.0012835139760410952,-0.000463491158014806
1990-02-01,0.1404021677124928,-0.5503344088995651,0.14349092032705835,-0.01729178551055338,-0.018575299486594476
1990-03-01,0.1386195094124358,-0.5583964899550712,0.1435622266590606,-0.0017826583000569995,0.015509127210496382
1990-04-01,0.1399030233884768,-0.5525917915951071,0.14365373645179688,0.0012835139760409842,0.0030661722760979837
1990-05-01,0.1428978893325727,-0.5390474954218561,0.14390330861380488,0.002994865944095898,0.0017113519680549139
1990-08-01,0.1428978893325727,-0.5390474954218561,0.1441386195094124,0.0,-0.002994865944095898
1990-09-01,0.1417569880205362,-0.54420722729738,0.1441623882867465,-0.0011409013120364797,-0.0011409013120364797
1990-10-01,0.1423630918425556,-0.5414661197385079,0.14420992584141468,0.0006061038220193937,0.0017470051340558734
1990-11-01,0.1440744438106103,-0.5337265219252221,0.14431094314508458,0.0017113519680546918,0.001105248146035298
1990-12-01,0.1447875071306331,-0.5305016895030197,0.14440601825442095,0.0007130633200227998,-0.000998288648031892
1990-01-02,0.1405091272104962,-0.5498506840362349,0.14448088990302335,-0.00427837992013691,-0.00499144324015971
1990-02-02,0.1441457501426126,-0.5334040386830018,0.1447007510933637,0.003636622932116418,0.007915002852253328
1990-05-02,0.1445379349686252,-0.5316303808507902,0.1450038030043734,0.00039218482601258153,-0.0032444381061038363
1990-06-02,0.144252709640616,-0.5329203138196714,0.14532824681498377,-0.00028522532800917544,-0.000677410154021757
1990-07-02,0.1437179121505989,-0.5353389381363234,0.14557900741585847,-0.0005347974900171137,-0.0002495721620079383
1990-08-02,0.144502281802624,-0.5317916224719005,0.1457655923179311,0.0007843696520251076,0.0013191671420422213
1990-09-02,0.1441814033086138,-0.5332427970618915,0.14595336565887043,-0.0003208784940102183,-0.0011052481460353258
1990-12-02,0.1436109526525955,-0.5358226629996536,0.14602229511313933,-0.0005704506560182954,-0.0002495721620080771
1990-01-03,0.1379064460924129,-0.5616213223772741,0.14591295873740248,-0.005704506560182593,-0.0051340559041642975
1990-02-03,0.1379064460924129,-0.5616213223772741,0.14573112759079668,0.0,0.005704506560182593
1990-05-03,0.1372646891043924,-0.5645236715572562,0.1455611808328579,-0.0006417569880204921,-0.0006417569880204921
1990-06-03,0.137656873930405,-0.5627500137250447,0.1453864803194523,0.00039218482601258153,0.0010339418140330736
1990-07-03,0.1380134055904164,-0.5611375975139434,0.14522366419471375,0.0003565316600113999,-3.5653166001181624e-05
1990-08-03,0.1379064460924129,-0.5616213223772741,0.1445462540406921,-0.00010695949800348936,-0.00046349115801488927
1990-09-03,0.1368011979463776,-0.5666198126316878,0.14390212017493814,-0.001105248146035298,-0.0009982886480318087
1990-12-03,0.1373716486023958,-0.564039946693926,0.14342199087278945,0.0005704506560182121,0.0016756988020535102
1990-02-04,0.1307045065601825,-0.5941921298415195,0.14270892755276662,-0.006667142042213303,-0.007237592698231515
1990-03-04,0.1329506560182544,-0.5840339077115814,0.1420136908157444,0.002246149458071889,0.008913291500285192
1990-04-04,0.1332715345122646,-0.5825827331215906,0.14130062749572153,0.00032087849401019053,-0.0019252709640616983
1990-05-04,0.1381916714204221,-0.5603313894083928,0.14069333523483546,0.004920136908157513,0.0045992584141473225
1990-06-04,0.1392969195664574,-0.5553328991539792,0.14008010077961586,0.001105248146035298,-0.003814888762122215
1990-09-04,0.1380490587564175,-0.5609763558928336,0.1400016638144133,-0.0012478608100399136,-0.0023531089560752116
1990-10-04,0.1370151169423844,-0.5656523629050272,0.13994818406541162,-0.0010339418140330736,0.00021391899600683995
1990-11-04,0.1359455219623502,-0.5704896115383309,0.1398162673512074,-0.0010695949800341997,-3.565316600112611e-05
1990-12-04,0.1374786081003993,-0.5635562218305953,0.13963562464346826,0.001533086138049089,0.0026026811180832887
1990-01-05,0.1312393040501996,-0.5917735055248676,0.13924700513405586,-0.006239304050199707,-0.007772390188248796
1990-02-05,0.1327723901882487,-0.5848401158171319,0.13894751853964626,0.0015330861380491168,0.007772390188248823
1990-03-05,0.1332715345122646,-0.5825827331215906,0.13864446662863655,0.0004991443240158766,-0.0010339418140332401
1990-04-05,0.1350541928123217,-0.5745206520660839,0.13834379159536028,0.0017826583000571106,0.001283513976041234
1990-08-05,0.1340915573302909,-0.5788741758360574,0.13798725993534885,-0.0009626354820307936,-0.002745293782087904
1990-09-05,0.132843696520251,-0.5845176325749117,0.13773174557900736,-0.0012478608100399136,-0.00028522532800911993
1990-10-05,0.1340915573302909,-0.5788741758360574,0.1373966058185966,0.0012478608100399136,0.002495721620079827
1990-11-05,0.1346620079863091,-0.5762943098982957,0.13706740825251942,0.0005704506560181843,-0.0006774101540217292
1990-01-06,0.1355533371363377,-0.5722632693705422,0.13677742916904348,0.0008913291500285969,0.0003208784940104126
1990-04-06,0.1346976611523103,-0.5761330682771852,0.1364767541357672,-0.0008556759840273875,-0.0017470051340559845
1990-05-06,0.1346976611523103,-0.5761330682771852,0.1361499334474234,0.0,0.0008556759840273875
1990-06-06,0.136159440958357,-0.5695221618116704,0.13588253470241485,0.001461779806046698,0.001461779806046698
1990-07-06,0.1324158585282372,-0.5864525320282337,0.1355093648982696,-0.003743582430119796,-0.005205362236166494
1990-08-06,0.1333784940102681,-0.5820990082582598,0.1353584331621981,0.0009626354820309047,0.004706217912150701
1990-11-06,0.1327367370222475,-0.5850013574382423,0.1351861095265259,-0.0006417569880206031,-0.0016043924700515078
1990-12-06,0.1332715345122646,-0.5825827331215906,0.135053004373455,0.000534797490017086,0.001176554478037689
1990-02-07,0.1296349115801483,-0.5990293784748231,0.1347856056284464,-0.003636622932116279,-0.004171420422133365
1990-03-07,0.1314175698802053,-0.590967297419317,0.13456574443810607,0.0017826583000569995,0.005419281232173279
1990-04-07,0.1305975470621791,-0.5946758547048497,0.13432211447043158,-0.0008200228180262059,-0.0026026811180832055
1990-05-07,0.129314033086138,-0.6004805530648144,0.1340725423084236,-0.0012835139760410952,-0.00046349115801488927
1990-06-07,0.1286366229321163,-0.6035441438659069,0.13378137478608093,-0.0006774101540217015,0.0006061038220193937
1990-09-07,0.1286366229321163,-0.6035441438659069,0.13371244533181206,0.0,0.0006774101540217015
1990-10-07,0.125784369652025,-0.6164434735547173,0.13347356911960442,-0.0028522532800913103,-0.0028522532800913103
1990-11-07,0.1262478608100399,-0.6143473324802852,0.1332394466628636,0.000463491158014917,0.0033157444381062273
1990-12-07,0.1267113519680547,-0.6122511914058538,0.1328567693477847,0.00046349115801477825,-1.3877787807814457e-16
1990-01-08,0.1262478608100399,-0.6143473324802852,0.1324218007225708,-0.00046349115801477825,-0.0009269823160295565
1990-02-08,0.1305262407301768,-0.5949983379470701,0.1321710401216961,0.004278379920136882,0.00474187107815166
1990-03-08,0.1267113519680547,-0.6122511914058538,0.13182758128921843,-0.003814888762122104,-0.008093268682258986
1990-06-08,0.1284583571021106,-0.6043503519714576,0.13157800912721046,0.0017470051340559012,0.005561893896178005
1990-07-08,0.1304549343981745,-0.5953208211892905,0.13134388667046962,0.001996577296063895,0.0002495721620079938
1990-08-08,0.1283513976041072,-0.604834076834788,0.13124762312226654,-0.002103536794067301,-0.004100114090131196
1990-09-08,0.1287435824301197,-0.6030604190025767,0.13111332953032892,0.000392184826012526,0.002495721620079827
1990-10-08,0.1307758128921848,-0.5938696465992992,0.13103013880965958,0.0020322304620650766,0.0016400456360525506
1990-03-09,0.1275670279520821,-0.6083813924992106,0.1307805666476516,-0.0032087849401026824,-0.005241015402167759
1990-04-09,0.1263904734740444,-0.613702365995845,0.13052386385244338,-0.0011765544780377168,0.0020322304620649656
1990-05-09,0.1242869366799771,-0.6232156216413425,0.13023863852443424,-0.0021035367940672872,-0.0009269823160295704
1990-06-09,0.125784369652025,-0.6164434735547173,0.12996173226849203,0.0014974329720478935,0.0036009697661151807
1990-07-09,0.1251782658300057,-0.6191845811135889,0.1296456075299486,-0.0006061038220192827,-0.002103536794067176
1990-10-09,0.1247147746719908,-0.6212807221880209,0.12928432211447036,-0.000463491158014917,0.00014261266400436567
1990-11-09,0.124001711351968,-0.6245055546102234,0.12892779045445896,-0.0007130633200227998,-0.0002495721620078828
1990-12-09,0.1256061038220193,-0.6172496816602678,0.12862473854344925,0.0016043924700513135,0.0023174557900741133
1990-01-10,0.1252852253280091,-0.6187008562502587,0.12826226468910434,-0.0003208784940102183,-0.0019252709640615318
1990-02-10,0.1218625213918996,-0.6341800518768307,0.12791048678455977,-0.0034227039361094946,-0.0031018254420992764
1990-03-10,0.1219338277239018,-0.6338575686346108,0.12752899790834754,7.130633200219672e-05,0.0034940102681116914
1990-04-10,0.1225755847119224,-0.6309552194546283,0.1271902928313367,0.0006417569880206031,0.0005704506560184064
1990-05-10,0.1227538505419281,-0.6301490113490776,0.12683970336565883,0.00017826583000569995,-0.00046349115801490315
1990-08-10,0.1210781517398744,-0.6377273675412539,0.1265544780376497,-0.0016756988020536906,-0.0018539646320593905
1990-09-10,0.121969480889903,-0.6336963270135004,0.12623954173797294,0.0008913291500285969,0.0025670279520822875
1990-10-10,0.1196520250998288,-0.6441770323856588,0.1258746910058946,-0.0023174557900742104,-0.0032087849401028073
1990-11-10,0.1109883057615516,-0.6833587463154195,0.12526383342840838,-0.008663719338277198,-0.006346263548202988
1990-12-10,0.1061038220193953,-0.7054488484075069,0.12451274006465102,-0.00488448374215629,0.0037792355961209084
1990-01-11,0.1037150598973188,-0.7162520370218857,0.12368202129682443,-0.0023887621220765043,0.0024957216200797855
1990-02-11,0.1054620650313747,-0.7083511975874894,0.12300461114280276,0.0017470051340559012,0.0041357672561324055
1990-05-11,0.103501140901312,-0.7172194867485461,0.12224638714584517,-0.0019609241300626995,-0.0037079292641186007
1990-06-11,0.1052124928693667,-0.7094798889352605,0.12152975850922224,0.0017113519680546918,0.0036722760981173913
1990-07-11,0.1053551055333713,-0.7088349224508197,0.12083333333333328,0.0001426126640046016,-0.0015687393040500902
1990-08-11,0.1066386195094124,-0.703030224090855,0.12003707929264112,0.001283513976041109,0.0011409013120365075
1990-09-11,0.1059612093553907,-0.7060938148919474,0.11934540787221899,-0.0006774101540217015,-0.0019609241300628105
1990-12-11,0.1048203080433542,-0.7112535467674717,0.11855747290359378,-0.0011409013120365075,-0.000463491158014806
1990-03-12,0.1018610952652595,-0.7246366013196122,0.11760434493249662,-0.0029592127780947025,-0.001818311466058195
1990-04-12,0.1031089560752994,-0.7189931445807578,0.11676293021486968,0.0012478608100398997,0.004207073588134602
1990-05-12,0.1026811180832857,-0.7209280440340794,0.11589418140330855,-0.00042783799201369377,-0.0016756988020535935
1990-06-12,0.1015758699372504,-0.725926534288493,0.11492084997147742,-0.001105248146035298,-0.0006774101540216043
1990-07-12,0.1025385054192812,-0.7215730105185196,0.11408656588705071,0.0009626354820307936,0.0020678836280660917
1990-10-12,0.1007558471192241,-0.7296350915740263,0.11323207834189004,-0.0017826583000570967,-0.0027452937820878903
1990-11-12,0.100221049629207,-0.732053715890678,0.11242988210686436,-0.0005347974900170999,0.0012478608100399968
1990-12-12,0.0995436394751853,-0.7351173066917706,0.11155519110096972,-0.0006774101540217015,-0.0001426126640046016
1991-02-01,0.1031089560752994,-0.7189931445807578,0.11081954744247952,0.0035653166001140962,0.004242726754135798
1991-03-01,0.100720193953223,-0.729796333195136,0.11001972808518724,-0.0023887621220763933,-0.0059540787221904895
1991-04-01,0.1047490017113519,-0.7115760300096918,0.10937797109716671,0.004028807758128902,0.0064175698802052955
1991-07-01,0.1044994295493439,-0.7127047213574629,0.10867441528807752,-0.0002495721620080077,-0.00427837992013691
1991-08-01,0.1061751283513975,-0.7051263651652869,0.10803741205552381,0.0016756988020536073,0.001925270964061615
1991-09-01,0.1002923559612093,-0.7317312326484576,0.10731840654116745,-0.005882772390188196,-0.007558471192241803
1991-10-01,0.1022176269252709,-0.7230241851085109,0.10666119984787975,0.0019252709640615873,0.007808043354249783
1991-11-01,0.1026454649172846,-0.7210892856551893,0.10599686252139184,0.00042783799201370765,-0.0014974329720478796
1991-01-02,0.0929478037649743,-0.7649470065971437,0.1050033276288267,-0.0096976611523103,-0.010125499144324007
1991-04-02,0.092377353108956,-0.7675268725349059,0.10404663434112943,-0.0005704506560182954,0.009127210496292004
1991-05-02,0.0909155733029092,-0.7741377790004212,0.10301150408822964,-0.001461779806046809,-0.0008913291500285137
1991-06-02,0.0904877353108956,-0.7760726784537423,0.1020393610952652,-0.0004278379920135966,0.0010339418140332124
1991-07-02,0.0901312036508841,-0.7776850946648439,0.10134412435824294,-0.00035653166001149705,7.130633200209957e-05
1991-08-02,0.0913077581289218,-0.7723641211682095,0.1008509222285605,0.001176554478037703,0.0015330861380492
1991-11-02,0.0907016543069024,-0.7751052287270818,0.10041714204221329,-0.0006061038220194076,-0.0017826583000571106
1991-12-02,0.0851397604107244,-0.8002589216202616,0.09973973188819162,-0.005561893896178005,-0.0049557900741585975
1991-01-03,0.0885268111808328,-0.7849409676147995,0.09924058756417563,0.00338705077010841,0.008948944666286415
1991-04-03,0.0885268111808328,-0.7849409676147995,0.09868439817455782,0.0,-0.00338705077010841
1991-05-03,0.090844266970907,-0.7744602622426411,0.09820070355580902,0.0023174557900741966,0.0023174557900741966
1991-06-03,0.0912364517969195,-0.7726866044104299,0.09768729796539259,0.00039218482601249827,-0.0019252709640616983
1991-07-03,0.0939817455790074,-0.7602709995849499,0.09728798250617982,0.002745293782087904,0.002353108956075406
1991-08-03,0.0972974900171135,-0.7452755288217081,0.09703722190530513,0.0033157444381061024,0.0005704506560181982
1991-11-03,0.1033228750713063,-0.7180256948540967,0.09708594789884002,0.006025385054192797,0.002709640616086695
1991-12-03,0.0965131203650884,-0.7488228444861309,0.09686608670849967,-0.006809754706217905,-0.012835139760410702
1991-02-04,0.0949443810610382,-0.7559174758149766,0.09660819547442474,-0.0015687393040502012,0.0052410154021677036
1991-03-04,0.0995792926411865,-0.7349560650706601,0.09654164289788927,0.00463491158014831,0.006203650884198511
1991-04-04,0.0993297204791785,-0.7360847564184312,0.09643468339988585,-0.0002495721620080077,-0.0048844837421563175
1991-05-04,0.0986166571591557,-0.7393095888406336,0.09636337706788357,-0.0007130633200227998,-0.0004634911580147921
1991-08-04,0.0958357102110667,-0.7518864352872235,0.0962171990872789,-0.0027809469480890026,-0.0020678836280662027
1991-09-04,0.0972618368511123,-0.7454367704428186,0.09614113899980979,0.0014261266400455996,0.004207073588134602
1991-10-04,0.0981175128351397,-0.7415669715361755,0.09597475755847112,0.0008556759840274014,-0.0005704506560181982
1991-11-04,0.0967983456930975,-0.7475329115172501,0.09584402928313364,-0.0013191671420421935,-0.002174843126069595
1991-12-04,0.0979035938391328,-0.7425344212628364,0.09561584902072633,0.001105248146035298,0.0024244152880774916
1991-01-05,0.0962992013690815,-0.749790294212792,0.09534250808138425,-0.0016043924700512996,-0.0027096406160865977
1991-02-05,0.094908727895037,-0.7560787174360869,0.09496696139950554,-0.0013904734740445013,0.0002139189960067983
1991-03-05,0.0979035938391328,-0.7425344212628364,0.09488733599543635,0.002994865944095801,0.004385339418140302
1991-07-05,0.0981531660011409,-0.741405729915065,0.09475185396463201,0.00024957216200810484,-0.002745293782087696
1991-08-05,0.0981531660011409,-0.741405729915065,0.09460211066742721,0.0,-0.00024957216200810484
1991-09-05,0.0995079863091842,-0.7352785483128804,0.09482078341890086,0.001354820308043292,0.001354820308043292
1991-10-05,0.09843839132915,-0.7401157969461841,0.09502281802624069,-0.0010695949800341997,-0.0024244152880774916
1991-03-06,0.1028237307472903,-0.7202830775496387,0.09541975660772004,0.004385339418140302,0.005454934398174502
1991-04-06,0.1027167712492869,-0.720766802412969,0.09582739113899977,-0.0001069594980034061,-0.004492298916143708
1991-05-06,0.1031802624073017,-0.7186706613385374,0.09626235976421368,0.000463491158014806,0.0005704506560182121
1991-06-06,0.1058899030233884,-0.7064162981341678,0.0967484312606959,0.002709640616086695,0.002246149458071889
1991-07-06,0.1148031945236736,-0.6661058928566362,0.09755181593458827,0.008913291500285206,0.006203650884198511
1991-10-06,0.1176197946377638,-0.6533678047889361,0.09863448374215625,0.002816600114090198,-0.006096691386195008
1991-11-06,0.1144110096976611,-0.6678795506888474,0.09949729035938386,-0.0032087849401026963,-0.006025385054192894
1991-12-06,0.1155875641756987,-0.6625585771922134,0.10039931545921273,0.001176554478037592,0.004385339418140288
1991-01-07,0.1134127210496292,-0.6723943160799308,0.1011515972618368,-0.002174843126069498,-0.0033513976041070898
1991-02-07,0.1123787792355961,-0.6770703230921247,0.10185634150979268,-0.0010339418140331014,0.0011409013120363964
1991-03-07,0.1125213918996006,-0.6764253566076844,0.10247432972047914,0.00014261266400450445,0.0011765544780376058
1991-04-07,0.1149101540216771,-0.6656221679933056,0.10306141852063125,0.0023887621220765043,0.002246149458072
1991-05-07,0.1163006274957215,-0.659333744770011,0.10349401026811174,0.0013904734740443903,-0.000998288648032114
1991-08-07,0.1152666856816885,-0.6640097517822042,0.10411912911199843,-0.0010339418140329903,-0.0024244152880773806
1991-09-07,0.1137335995436394,-0.6709431414899399,0.10474543639475178,-0.0015330861380491029,-0.0004991443240161125
1991-10-07,0.1142683970336566,-0.6685245171732876,0.10523507320783414,0.000534797490017197,0.0020678836280663
1991-11-07,0.1122361665715915,-0.6777152895765652,0.10566528807758123,-0.0020322304620651044,-0.0025670279520823014
1991-12-07,0.1108100399315459,-0.6841649544209701,0.10607173416999423,-0.0014261266400455996,0.0006061038220195047
1991-01-08,0.0991871078151739,-0.7367297229028718,0.10618344742346449,-0.011622932116371998,-0.010196805476326398
1991-02-08,0.0962635482030804,-0.7499515358339018,0.10615017113519674,-0.002923559612093493,0.008699372504278505
1991-05-08,0.0949443810610382,-0.7559174758149766,0.10604440007606004,-0.0013191671420422074,0.0016043924700512857
1991-06-08,0.0958000570450655,-0.7520476769083339,0.10601112378779229,0.0008556759840273043,0.0021748431260695117
1991-07-08,0.0960139760410724,-0.7510802271816729,0.10594813652785695,0.00021391899600689546,-0.0006417569880204088
1991-08-08,0.0962992013690815,-0.749790294212792,0.10594813652785695,0.00028522532800910605,7.130633200221059e-05
1991-09-08,0.0960852823730747,-0.7507577439394525,0.10598735501045821,-0.0002139189960067983,-0.0004991443240159044
1991-12-08,0.0969766115231032,-0.7467267034116993,0.1059564555999239,0.0008913291500284998,0.001105248146035298
1991-02-09,0.0912364517969195,-0.7726866044104299,0.10572589845978317,-0.005740159726183705,-0.006631488876212205
1991-03-09,0.0927695379349686,-0.7657532147026942,0.10554644419091078,0.0015330861380491029,0.007273245864232808
1991-04-09,0.0946948088990302,-0.7570461671627474,0.10538600494390564,0.0019252709640616011,0.00039218482601249827
1991-05-09,0.092377353108956,-0.7675268725349059,0.10518397033656583,-0.0023174557900741966,-0.004242726754135798
1991-06-09,0.0926625784369651,-0.766236939566025,0.104845265259555,0.00028522532800909217,0.0026026811180832887
1991-09-09,0.0973687963491158,-0.7449530455794878,0.10466699942954928,0.004706217912150701,0.004420992584141609
1991-10-09,0.0995436394751853,-0.7351173066917706,0.1045457786651454,0.002174843126069498,-0.002531374786081203
1991-11-09,0.0961922418710781,-0.7502740190761222,0.10422252329340173,-0.0033513976041072008,-0.005526240730176699
1991-12-09,0.0962635482030804,-0.7499515358339018,0.10360453508271529,7.130633200230774e-05,0.0034227039361095085
1991-01-10,0.1025028522532801,-0.7217342521396295,0.1031006370032325,0.006239304050199693,0.006167997718197385
1991-02-10,0.1049629207073588,-0.7106085802830309,0.10278570070355576,0.002460068454078701,-0.0037792355961209917
1991-03-10,0.1034654877353108,-0.7173807283696567,0.10238163148887616,-0.0014974329720480045,-0.0039575014261267055
1991-04-10,0.1034298345693097,-0.7175419699907665,0.10204886860619886,-3.565316600109836e-05,0.0014617798060469062
1991-07-10,0.1018967484312606,-0.7244753596985021,0.10169946757938766,-0.001533086138049089,-0.0014974329720479906
1991-08-10,0.0997932116371933,-0.7339886153439996,0.10127519490397408,-0.002103536794067301,-0.0005704506560182121
1991-09-10,0.100221049629207,-0.732053715890678,0.10078555809089176,0.00042783799201369377,0.002531374786080995
1991-10-10,0.101468910439247,-0.7264102591518233,0.1002911675223426,0.0012478608100399968,0.0008200228180263031
1991-11-10,0.0990444951511693,-0.7373746893873124,0.09975042783799197,-0.0024244152880777,-0.0036722760981176966
1991-01-11,0.1008984597832287,-0.7289901250895855,0.09932258984597826,0.0018539646320594044,0.004278379920137104
1991-04-11,0.1000784369652025,-0.7326986823751183,0.0988495911770298,-0.0008200228180262059,-0.0026739874500856103
1991-05-11,0.1010054192812321,-0.7285064002262552,0.09847523293401782,0.000926982316029612,0.001747005134055818
1991-06-11,0.0998645179691956,-0.7336661321017792,0.09811038220193949,-0.0011409013120365075,-0.0020678836280661195
1991-07-11,0.0997575584711922,-0.7341498569651095,0.09812939722380674,-0.00010695949800339222,0.0010339418140331152
1991-08-11,0.0981531660011409,-0.741405729915065,0.0981923844837421,-0.0016043924700512996,-0.0014974329720479074
1991-11-11,0.0986166571591557,-0.7393095888406336,0.0983147936870127,0.0004634911580147921,0.0020678836280660917
1991-12-11,0.0985096976611523,-0.7397933137039637,0.09840511504088226,-0.00010695949800339222,-0.0005704506560181843
1991-02-12,0.1005775812892184,-0.7304412996795768,0.09855723521582045,0.0020678836280660917,0.002174843126069484
1991-03-12,0.0995792926411865,-0.7349560650706601,0.09866657159155728,-0.000998288648031892,-0.0030661722760979837
1991-04-12,0.0991514546491728,-0.7368909645239817,0.0987687773340939,-0.00042783799201370765,0.0005704506560181843
1991-05-12,0.0989731888191671,-0.7376971726295323,0.09883532991062934,-0.00017826583000569995,0.0002495721620080077
1991-06-12,0.0995792926411865,-0.7349560650706601,0.09911342460543825,0.0006061038220194076,0.0007843696520251076
1991-09-12,0.0997219053051911,-0.7343110985862195,0.09934517018444566,0.00014261266400458772,-0.0004634911580148199
1991-10-12,0.0988305761551625,-0.738342139113973,0.0994830290929834,-0.0008913291500285969,-0.0010339418140331846
1991-11-12,0.097440102681118,-0.744630562337268,0.09965178741205546,-0.0013904734740445013,-0.0004991443240159044
1991-12-12,0.095407872219053,-0.753821334740545,0.09974329720479175,-0.0020322304620649934,-0.0006417569880204921
1992-02-01,0.0925556189389617,-0.7667206644293554,0.09958285795778661,-0.0028522532800912964,-0.0008200228180263031
1992-03-01,0.0967270393610952,-0.7478553947594704,0.09948897128731694,0.00417142042213349,0.007023673702224786
1992-06-01,0.0950869937250427,-0.7552725093305364,0.09945212968244908,-0.001640045636052495,-0.005811466058185985
1992-07-01,0.0954435253850541,-0.753660093119435,0.09942479558851487,0.0003565316600113999,0.001996577296063895
1992-08-01,0.0953009127210496,-0.7543050596038753,0.09918473093744053,-0.00014261266400450445,-0.0004991443240159044
1992-09-01,0.0965487735310895,-0.7486616028650211,0.0989042593648982,0.0012478608100398997,0.0013904734740444041
1992-10-01,0.1021819737592698,-0.7231854267296208,0.09886147556569685,0.005633200228180299,0.004385339418140399
1992-03-02,0.1036081003993154,-0.7167357618852159,0.09886741776003037,0.0014261266400455996,-0.004207073588134699
1992-04-02,0.1031802624073017,-0.7186706613385374,0.09891020155923175,-0.00042783799201369377,-0.0018539646320592934
1992-05-02,0.103251568739304,-0.7183481780963171,0.0990254801293021,7.130633200229386e-05,0.0004991443240159876
1992-06-02,0.1050698802053622,-0.7101248554197006,0.09918710781517394,0.001818311466058209,0.001747005134055915
1992-07-02,0.1042142042213348,-0.7139946543263437,0.0992786176079102,-0.0008556759840274014,-0.0026739874500856103
1992-10-02,0.1039289788933257,-0.7152845872952246,0.09944143373264874,-0.00028522532800910605,0.0005704506560182954
1992-11-02,0.1036437535653166,-0.7165745202641055,0.09953294352538503,-0.00028522532800909217,1.3877787807814457e-17
1992-12-02,0.1042142042213348,-0.7139946543263437,0.09967080243392276,0.0005704506560181982,0.0008556759840272904
1992-02-03,0.1006488876212207,-0.7301188164373564,0.0996589180452557,-0.0035653166001140962,-0.0041357672561322945
1992-03-03,0.1015758699372504,-0.725926534288493,0.09971596311085752,0.0009269823160296953,0.0044922989161437915
1992-04-03,0.1010410724472332,-0.7283451586051453,0.0997587469100589,-0.000534797490017197,-0.0014617798060468923
1992-05-03,0.1011836851112378,-0.7277001921207045,0.0998597642137288,0.0001426126640046016,0.0006774101540217986
1992-06-03,0.102752424415288,-0.7206055607918591,0.09999762312226654,0.0015687393040501874,0.0014261266400455858
1992-09-03,0.1028950370792926,-0.7199605943074184,0.10014380110287122,0.0001426126640046016,-0.0014261266400455858
1992-10-03,0.103251568739304,-0.7183481780963171,0.10023293401787406,0.0003565316600113999,0.0002139189960067983
1992-11-03,0.1027167712492869,-0.720766802412969,0.10033751663814408,-0.0005347974900170999,-0.0008913291500284998
1992-12-03,0.1023602395892755,-0.7223792186240703,0.1004444761361475,-0.0003565316600113999,0.00017826583000569995
1992-01-04,0.1026811180832857,-0.7209280440340794,0.10056807377828479,0.0003208784940102044,0.0006774101540216043
1992-02-04,0.100470621791215,-0.730925024542907,0.1005977847499524,-0.0022104962920706933,-0.0025313747860808977
1992-03-04,0.1003993154592127,-0.7312475077851274,0.1006203650884198,-7.130633200230774e-05,0.0021391899600683856
1992-06-04,0.1006132344552196,-0.7302800580584665,0.10067978703175504,0.00021391899600689546,0.0002852253280092032
1992-07-04,0.1006488876212207,-0.7301188164373564,0.10078674652975846,3.5653166001112235e-05,-0.00017826583000578322
1992-08-04,0.1005419281232173,-0.7306025413006867,0.10095788172656393,-0.0001069594980034061,-0.00014261266400451833
1992-09-04,0.1006845407872218,-0.7299575748162465,0.10122884578817261,0.00014261266400450445,0.00024957216200791055
1992-10-04,0.1019680547632629,-0.7241528764562818,0.10140354630157818,0.0012835139760410952,0.0011409013120365907
1992-01-05,0.0977609811751283,-0.7431793877472767,0.10149267921658105,-0.004207073588134602,-0.005490587564175697
1992-05-05,0.0977253280091272,-0.7433406293683866,0.10156873930405014,-3.565316600109836e-05,0.004171420422133504
1992-06-05,0.0995792926411865,-0.7349560650706601,0.10171135196805471,0.0018539646320593073,0.0018896177980604056
1992-07-05,0.0988662293211637,-0.7381808974928625,0.10178860049439051,-0.0007130633200227998,-0.002567027952082107
1992-08-05,0.0985453508271534,-0.7396320720828539,0.10166737972998664,-0.00032087849401030155,0.00039218482601249827
1992-11-05,0.1011836851112378,-0.7277001921207045,0.10158656588705071,0.002638334284084401,0.0029592127780947025
1992-12-05,0.100221049629207,-0.732053715890678,0.10148792546111422,-0.0009626354820308075,-0.0036009697661152085
1992-01-06,0.0982601254991442,-0.7409220050517352,0.10132154401977557,-0.0019609241300627966,-0.0009982886480319891
1992-02-06,0.0998288648031945,-0.7338273737228892,0.10114684350636997,0.0015687393040502984,0.003529663434113095
1992-03-06,0.100470621791215,-0.730925024542907,0.10102205742536598,0.000641756988020506,-0.0009269823160297924
1992-04-06,0.0994366799771819,-0.7356010315551007,0.10087231412816118,-0.0010339418140331014,-0.0016756988020536073
1992-05-06,0.100221049629207,-0.732053715890678,0.10075822399695754,0.0007843696520250937,0.001818311466058195
1992-08-06,0.0991871078151739,-0.7367297229028718,0.10059065411675218,-0.0010339418140331014,-0.001818311466058195
1992-09-06,0.0992227609811751,-0.7365684812817613,0.10054311656208399,3.565316600120938e-05,0.0010695949800343107
1992-10-06,0.0992584141471762,-0.7364072396606514,0.10046586803574818,3.565316600109836e-05,-1.1102230246251565e-16
1992-11-06,0.0992940673131774,-0.7362459980395409,0.10040763453127965,3.56531660011955e-05,9.71445146547012e-17
1992-12-06,0.1010767256132344,-0.728183916984035,0.10040406921467954,0.0017826583000569995,0.001747005134055804
1992-01-07,0.0990088419851683,-0.737535931008422,0.10027928313367555,-0.0020678836280661056,-0.003850541928123105
1992-02-07,0.0995792926411865,-0.7349560650706601,0.10016875831907202,0.0005704506560182121,0.0026383342840843177
1992-03-07,0.0986879634911579,-0.7389871055984137,0.10001663814413381,-0.0008913291500286108,-0.001461779806046823
1992-06-07,0.0991514546491728,-0.7368909645239817,0.09989779425746334,0.00046349115801490315,0.001354820308043514
1992-07-07,0.0943382772390188,-0.7586585833738487,0.0996303955124548,-0.004813177410153996,-0.005276668568168899
1992-08-07,0.0939104392470051,-0.7605934828271703,0.09933803955124544,-0.00042783799201370765,0.004385339418140288
1992-09-07,0.0940173987450085,-0.76010975796384,0.09912293211637188,0.0001069594980034061,0.0005347974900171137
1992-10-07,0.0960139760410724,-0.7510802271816729,0.09897675413576719,0.001996577296063895,0.001889617798060489
1992-03-08,0.0951939532230461,-0.7547887844672061,0.09879611142802809,-0.0008200228180263031,-0.002816600114090198
1992-04-08,0.0928408442669709,-0.765430731460474,0.09853584331621977,-0.0023531089560751978,-0.0015330861380488947
1992-05-08,0.0929834569309754,-0.7647857649760338,0.09828389427647836,0.00014261266400450445,0.0024957216200797022
1992-06-08,0.0937678265830005,-0.761238449311611,0.09805333713633765,0.0007843696520250937,0.0006417569880205892
1992-07-08,0.0946948088990302,-0.7570461671627474,0.0978108956075299,0.0009269823160297092,0.00014261266400461547
1992-10-08,0.0964061608670849,-0.7493065693494617,0.09776573493059512,0.0017113519680546918,0.0007843696520249827
1992-11-08,0.0952296063890473,-0.7546275428460956,0.0976825442099258,-0.001176554478037592,-0.0028879064460922838
1992-12-08,0.0934826012549914,-0.7625283822804918,0.09747932116371928,-0.0017470051340559012,-0.0005704506560183092
1992-01-09,0.0884198516828294,-0.7854246924781298,0.09713110857577482,-0.005062749572162004,-0.0033157444381061024
1992-02-09,0.0872789503707929,-0.7905844243536537,0.09675556189389613,-0.0011409013120364936,0.00392184826012551
1992-03-09,0.0871719908727894,-0.7910681492169845,0.09628850541928118,-0.00010695949800350324,0.0010339418140329903
1992-04-09,0.088063320022818,-0.787037108689231,0.09588324776573488,0.0008913291500285969,0.0009982886480321002
1992-07-09,0.087564175698802,-0.789294491384773,0.09552671610572347,-0.0004991443240160015,-0.0013904734740445984
1992-08-09,0.0874572162007986,-0.7897782162481032,0.09511432781897695,-0.00010695949800339222,0.0003921848260126093
1992-09-09,0.0882772390188248,-0.7860696589625705,0.09470788172656393,0.000820022818026192,0.0009269823160295843
1992-10-09,0.0876354820308043,-0.7889720081425526,0.0943145084616847,-0.0006417569880204921,-0.0014617798060466841
1992-11-09,0.0861380490587564,-0.7957441562291779,0.09384507510933632,-0.0014974329720479074,-0.0008556759840274153
1992-01-10,0.0884555048488305,-0.7852634508570199,0.09348735501045821,0.0023174557900740994,0.0038148887621220068
1992-02-10,0.0877424415288077,-0.7884882832792224,0.09310467769537929,-0.0007130633200227998,-0.0030305191100968992
1992-05-10,0.0882415858528237,-0.7862309005836804,0.09273745008556755,0.0004991443240160015,0.0012122076440388013
1992-06-10,0.0886694238448373,-0.7842960011303594,0.09238329530328954,0.0004278379920135966,-7.130633200240488e-05
1992-07-10,0.0884198516828294,-0.7854246924781298,0.09196139950560939,-0.00024957216200789667,-0.0006774101540214933
1992-08-10,0.0877780946948088,-0.7883270416581124,0.0915870412625974,-0.0006417569880206031,-0.00039218482601270643
1992-09-10,0.0882059326868225,-0.7863921422047908,0.09120792926411858,0.00042783799201370765,0.0010695949800343107
1992-12-10,0.0881346263548203,-0.7867146254470107,0.09085615135957402,-7.130633200219672e-05,-0.0004991443240159044
1992-02-11,0.0885981175128351,-0.7846184843725793,0.09050437345502943,0.0004634911580147921,0.0005347974900169888
1992-03-11,0.0898816314888762,-0.7788137860126144,0.09035581859669133,0.001283513976041109,0.0008200228180263169
1992-04-11,0.0899529378208784,-0.7784913027703946,0.0902239018824871,7.130633200219672e-05,-0.0012122076440389123
1992-05-11,0.0927338847689674,-0.7659144563238046,0.09018111808328573,0.0027809469480890026,0.002709640616086806
1992-06-11,0.0939817455790074,-0.7602709995849499,0.09011337706788357,0.0012478608100399968,-0.0015330861380490057
1992-09-11,0.0922347404449515,-0.7681718390193462,0.09001473664194708,-0.0017470051340559012,-0.002994865944095898
1992-10-11,0.0870293782087849,-0.7917131157014248,0.08982102110667421,-0.005205362236166605,-0.003458357102110704
1992-11-11,0.0861380490587564,-0.7957441562291779,0.08959284084426691,-0.0008913291500284998,0.004314033086138105
1992-12-11,0.0861380490587564,-0.7957441562291779,0.08933851492679211,0.0,0.0008913291500284998
1992-01-12,0.0887050770108385,-0.7841347595092488,0.08913885719718571,0.002567027952082107,0.002567027952082107
1992-02-12,0.0886337706788362,-0.7844572427514692,0.0888797775242441,-7.130633200230774e-05,-0.002638334284084415
1992-03-12,0.0886694238448373,-0.7842960011303594,0.08866110477277044,3.565316600109836e-05,0.0001069594980034061
1992-04-12,0.0888120365088419,-0.7836510346459187,0.08850541928123211,0.0001426126640046016,0.00010695949800350324
1992-07-12,0.0886694238448373,-0.7842960011303594,0.08851373835329904,-0.0001426126640046016,-0.0002852253280092032
1992-08-12,0.0886694238448373,-0.7842960011303594,0.08856008746910053,0.0,0.0001426126640046016
1992-09-12,0.087065031374786,-0.7915518740803148,0.08855652215250043,-0.0016043924700512996,-0.0016043924700512996
1992-10-12,0.0867441528807758,-0.7930030486703057,0.08851254991443235,-0.00032087849401019053,0.001283513976041109
1992-11-12,0.0874215630347974,-0.7899394578692136,0.08850779615896552,0.0006774101540215904,0.000998288648031781
1993-04-01,0.0851397604107244,-0.8002589216202616,0.08843054763262971,-0.002281802624073001,-0.0029592127780945915
1993-05-01,0.0849258414147176,-0.8012263713469222,0.08831883437915948,-0.0002139189960067983,0.0020678836280662027
1993-06-01,0.08656588705077,-0.7938092567758567,0.08828318121315834,0.001640045636052398,0.0018539646320591963
1993-07-01,0.0865302338847689,-0.7939704983969668,0.0882962540406921,-3.565316600109836e-05,-0.0016756988020534963
1993-08-01,0.0851397604107244,-0.8002589216202616,0.08818572922608854,-0.0013904734740445013,-0.001354820308043403
1993-11-01,0.0853536794067313,-0.7992914718936006,0.08810610382201932,0.00021391899600690933,0.0016043924700514106
1993-12-01,0.0857815173987449,-0.7973565724402795,0.08802410154021671,0.0004278379920135966,0.0002139189960066873
1993-01-02,0.0851397604107244,-0.8002589216202616,0.08790644609241295,-0.000641756988020506,-0.0010695949800341026
1993-02-02,0.0854606389047347,-0.7988077470302704,0.08780780566647645,0.00032087849401030155,0.0009626354820308075
1993-03-02,0.0856389047347404,-0.7980015389247198,0.08773649933447418,0.00017826583000569995,-0.0001426126640046016
1993-04-02,0.0854962920707358,-0.7986465054091605,0.08764617798060462,-0.0001426126640046016,-0.00032087849401030155
1993-05-02,0.0854962920707358,-0.7986465054091605,0.08755823350446847,0.0,0.0001426126640046016
1993-08-02,0.0850684540787221,-0.800581404862482,0.08744057805666469,-0.00042783799201369377,-0.00042783799201369377
1993-09-02,0.0859597832287507,-0.7965503643347285,0.08730984978132718,0.0008913291500285969,0.0013191671420422907
1993-10-02,0.0870293782087849,-0.7917131157014248,0.08721239779425739,0.0010695949800341997,0.0001782658300056028
1993-11-02,0.0889903023388476,-0.7828448265403681,0.0870876117132534,0.0019609241300626995,0.0008913291500284998
1993-12-02,0.088063320022818,-0.787037108689231,0.08689033086138043,-0.0009269823160295981,-0.0028879064460922976
1993-01-03,0.0823944666286366,-0.8126745264457412,0.08656232173416993,-0.005668853394181397,-0.004741871078151799
1993-02-03,0.0824657729606389,-0.8123520432035208,0.08641020155923172,7.130633200229386e-05,0.005740159726183691
1993-03-03,0.0824301197946377,-0.8125132848246311,0.08628660391709445,-3.56531660011955e-05,-0.00010695949800348936
1993-04-03,0.0820379349686251,-0.8142869426568429,0.08614993344742339,-0.0003921848260125954,-0.0003565316600113999
1993-05-03,0.0825370792926411,-0.812029559961301,0.08594433352348349,0.0004991443240160015,0.0008913291500285969
1993-08-03,0.0821092413006275,-0.8139644594146221,0.08572684921087652,-0.0004278379920136105,-0.000926982316029612
1993-09-03,0.0815744438106103,-0.8163830837312743,0.08549034987640229,-0.000534797490017197,-0.0001069594980035865
1993-10-03,0.0819309754706217,-0.8147706675201731,0.0852609811751283,0.0003565316600113999,0.0008913291500285969
1993-11-03,0.083000570450656,-0.809933418886869,0.08507201939532225,0.0010695949800342969,0.000713063320022897
1993-12-03,0.0844266970907016,-0.8034837540424641,0.08493059517018439,0.0014261266400455996,0.00035653166001130276
1993-01-04,0.0921990872789503,-0.7683330806404565,0.08510173036698986,0.007772390188248712,0.006346263548203113
1993-02-04,0.0962635482030804,-0.7499515358339018,0.08541904354440001,0.004064460924130098,-0.0037079292641186146
1993-05-04,0.0921990872789503,-0.7683330806404565,0.08557829435253846,-0.004064460924130098,-0.008128921848260195
1993-06-04,0.0928051911009697,-0.7655919730815844,0.08583380870887995,0.0006061038220193937,0.0046705647461494915
1993-07-04,0.089845978322875,-0.778975027633725,0.08599781327248521,-0.0029592127780947025,-0.0035653166001140962
1993-08-04,0.0929121505989731,-0.765108248218254,0.08620935539075864,0.0030661722760981086,0.006025385054192811
1993-04-05,0.1070308043354249,-0.7012565662586439,0.08689270773911383,0.014118653736451797,0.011052481460353689
1993-05-05,0.1062464346833998,-0.7048038819230668,0.08759626354820303,-0.0007843696520251076,-0.014903023388476905
1993-06-05,0.108064746149458,-0.6965805592464501,0.08835329910629391,0.001818311466058209,0.0026026811180833165
1993-07-05,0.1102039361095265,-0.6869060619798423,0.08916737972998662,0.0021391899600684966,0.0003208784940102877
1993-10-05,0.1071734169994295,-0.7006115997742032,0.08990183494961013,-0.0030305191100969964,-0.005169709070165493
1993-11-05,0.1059612093553907,-0.7060938148919474,0.09058518729796533,-0.0012122076440388013,0.001818311466058195
1993-12-05,0.1055690245293781,-0.7078674727241591,0.09124952462445327,-0.0003921848260126093,0.000820022818026192
1993-01-06,0.119188533941814,-0.6462731734600904,0.0923725993534892,0.013619509412435907,0.014011694238448516
1993-02-06,0.1102752424415288,-0.6865835787376219,0.09319856436584896,-0.008913291500285206,-0.022532800912721113
1993-03-06,0.1109883057615516,-0.6833587463154195,0.09406255942194328,0.0007130633200227998,0.009626354820308006
1993-04-06,0.1150884198516828,-0.6648159598877549,0.09503351397604101,0.00410011409013121,0.00338705077010841
1993-07-06,0.1099187107815174,-0.6881959949487233,0.09579649172846544,-0.00516970907016541,-0.00926982316029662
1993-08-06,0.1112735310895607,-0.6820688133465386,0.09653926602015586,0.0013548203080433058,0.0065245293782087155
1993-09-06,0.1103822019395322,-0.6860998538742917,0.097283228750713,-0.0008913291500284998,-0.0022461494580718055
1993-10-06,0.1081360524814603,-0.6962580760042297,0.0981412816124738,-0.0022461494580719027,-0.001354820308043403
1993-11-06,0.108314318311466,-0.6954518678986792,0.09900289979083471,0.00017826583000569995,0.0024244152880776026
1993-01-07,0.1167997718197375,-0.6570763620744692,0.10014855485833803,0.008485453508271498,0.008307187678265798
1993-02-07,0.127032230462065,-0.6108000168158625,0.10164836470811937,0.010232458642327497,0.0017470051340559983
1993-05-07,0.128814888762122,-0.6027379357603564,0.10319095835710206,0.0017826583000569995,-0.008449800342270497
1993-06-07,0.1354107244723331,-0.5729082358549827,0.10496767446282558,0.0065958357102111065,0.004813177410154107
1993-07-07,0.1389047347404449,-0.5571065569861904,0.10687868416048672,0.0034940102681118024,-0.003101825442099304
1993-08-07,0.1370151169423844,-0.5656523629050272,0.10871482220954548,-0.001889617798060489,-0.005383628066172291
1993-09-07,0.1325584711922418,-0.5858075655437931,0.11036675223426502,-0.004456645750142624,-0.002567027952082135
1993-12-07,0.1352324586423274,-0.5737144439605333,0.11206027761931919,0.0026739874500856242,0.007130633200228248
1993-02-08,0.1478893325727324,-0.5164736684664384,0.11391661912911194,0.012656873930404988,0.009982886480319364
1993-03-08,0.1463562464346833,-0.523407058174174,0.11558637573683204,-0.001533086138049089,-0.014189960068454077
1993-04-08,0.1432544209925841,-0.5374350792107548,0.11728822019395317,-0.003101825442099221,-0.0015687393040501318
1993-05-08,0.1389760410724472,-0.55678407374397,0.11882724852633575,-0.004278379920136882,-0.0011765544780376613
1993-06-08,0.1264974329720479,-0.6132186411325143,0.12004896368130819,-0.012478608100399302,-0.00820022818026242
1993-09-08,0.1213277239018824,-0.636598676193483,0.12099614945807183,-0.005169709070165507,0.007308899030233795
1993-10-08,0.1256417569880205,-0.6170884400391575,0.12161651454649167,0.0043140330861380916,0.009483742156303598
1993-11-08,0.1252495721620079,-0.618862097871369,0.12224995246244527,-0.00039218482601258153,-0.004706217912150673
1993-12-08,0.121719908727895,-0.6348250183612714,0.12270512454839318,-0.0035296634341129146,-0.003137478608100333
1993-01-09,0.1269609241300627,-0.6111225000580828,0.12326369081574438,0.0052410154021677174,0.008770678836280632
1993-02-09,0.1229321163719338,-0.6293428032435271,0.12378898079482786,-0.004028807758128916,-0.009269823160296634
1993-03-09,0.1170493439817455,-0.6559476707266982,0.12415858528237302,-0.005882772390188293,-0.0018539646320593767
1993-06-09,0.1159797490017113,-0.6607849193600018,0.12450560943145078,-0.0010695949800341997,0.004813177410154093
1993-07-09,0.1151953793496862,-0.6643322350244246,0.12437250427837987,-0.0007843696520251076,0.00028522532800909217
1993-08-09,0.1063533941814033,-0.7043201570597359,0.12424177600304236,-0.008841985168282898,-0.00805761551625779
1993-09-09,0.1059255561893896,-0.7062550565130575,0.1240730176839703,-0.00042783799201369377,0.008414147176269204
1993-10-09,0.1071734169994295,-0.7006115997742032,0.12380918425556184,0.0012478608100398997,0.0016756988020535935
1993-01-10,0.0993297204791785,-0.7360847564184312,0.12345621791215054,-0.007843696520251006,-0.009091557330290906
1993-04-10,0.1003993154592127,-0.7312475077851274,0.12309374405780563,0.0010695949800341997,0.008913291500285206
1993-05-10,0.0990444951511693,-0.7373746893873124,0.12271582049819352,-0.001354820308043403,-0.0024244152880776026
1993-06-10,0.1027167712492869,-0.720766802412969,0.1225351777904544,0.0036722760981175995,0.005027096406161002
1993-07-10,0.1090273816314888,-0.6922270354764768,0.1225589465677885,0.006310610382201903,0.002638334284084304
1993-08-10,0.1102752424415288,-0.6865835787376219,0.12234146225518154,0.0012478608100399968,-0.0050627495721619065
1993-11-10,0.1107387335995436,-0.6844874376631904,0.12179834569309748,0.000463491158014806,-0.0007843696520251908
1993-12-10,0.1074942954934398,-0.6991604251842118,0.12108765925080808,-0.0032444381061037947,-0.0037079292641186007
1993-01-11,0.1074229891614375,-0.6994829084264322,0.1201547347404449,-7.130633200230774e-05,0.003173131774101487
1993-02-11,0.1048203080433542,-0.7112535467674717,0.1190185871838752,-0.0026026811180833026,-0.002531374786080995
1993-03-11,0.1048559612093553,-0.7110923051463616,0.11794661532610758,3.565316600109836e-05,0.002638334284084401
1993-04-11,0.1108813462635481,-0.6838424711787502,0.11722404449515111,0.006025385054192811,0.005989731888191713
1993-05-11,0.1143040501996577,-0.6683632755521778,0.11652643088039547,0.0034227039361095918,-0.0026026811180832193
1993-08-11,0.1157301768397033,-0.6619136107077729,0.11545445902262783,0.0014261266400455996,-0.001996577296063992
1993-09-11,0.1166215059897318,-0.6578825701800197,0.1144633010077961,0.0008913291500284998,-0.0005347974900170999
1993-10-11,0.1162649743297204,-0.659494986391121,0.11356365278570066,-0.0003565316600113999,-0.0012478608100398997
1993-11-11,0.1175128351397603,-0.6538515296522667,0.11284821258794442,0.0012478608100398997,0.0016043924700512996
1993-12-11,0.117940673131774,-0.6519166301989451,0.11256298725993527,0.00042783799201370765,-0.000820022818026192
1993-01-12,0.1125570450656018,-0.6762641149865739,0.11227063129872593,-0.005383628066172208,-0.005811466058185916
1993-02-12,0.1207929264118653,-0.639017300510135,0.1121090036128541,0.008235881346263504,0.013619509412435712
1993-03-12,0.118938961779806,-0.6474018648078613,0.11189864993344736,-0.0018539646320593073,-0.010089845978322812
1993-06-12,0.1272104962920707,-0.6099938087103118,0.1120816695189199,0.008271534512264714,0.010125499144324021
1993-07-12,0.127032230462065,-0.6108000168158625,0.1120840463966533,-0.00017826583000571383,-0.008449800342270428
1993-08-12,0.1314888762122076,-0.5906448141770967,0.11236927172466243,0.004456645750142596,0.00463491158014831
1993-09-12,0.1321306332002281,-0.5877424649971146,0.11287198136527851,0.0006417569880205198,-0.003814888762122076
1993-10-12,0.1324515116942384,-0.5862912904071232,0.1134210401216961,0.00032087849401030155,-0.0003208784940102183
1994-04-01,0.1427909298345692,-0.5395312202851867,0.11434089180452552,0.010339418140330792,0.01001853964632049
1994-05-01,0.141222190530519,-0.5466258516140324,0.1155031850161627,-0.0015687393040502151,-0.011908157444381007
1994-06-01,0.133628066172276,-0.5809703169104894,0.11642660201559224,-0.0075941243582429985,-0.006025385054192783
1994-07-01,0.1368368511123787,-0.5664585710105778,0.11741538315269057,0.00320878494010271,0.010802909298345709
1994-10-01,0.1297775242441528,-0.5983844119903831,0.11843030994485639,-0.0070593268682259125,-0.010268111808328623
1994-11-01,0.1344480889903023,-0.5772617596249561,0.11956526906255935,0.004670564746149519,0.011729891614375432
1994-12-01,0.136658585282373,-0.5672647791161284,0.12081907206693282,0.002210496292070707,-0.002460068454078812
1994-01-02,0.1371933827723901,-0.5648461547994766,0.12196829245103626,0.000534797490017086,-0.0016756988020536212
1994-02-02,0.1428978893325727,-0.5390474954218561,0.1230973093744057,0.005704506560182593,0.005169709070165507
1994-03-02,0.1430048488305761,-0.5385637705585258,0.12418829625404063,0.0001069594980034061,-0.005597547062179187
1994-04-02,0.1491371933827723,-0.5108302117275842,0.12546824491348157,0.0061323445521961895,0.006025385054192783
1994-07-02,0.1438961779806046,-0.5345327300307727,0.12668164099638707,-0.005241015402167676,-0.011373359954363865
1994-08-02,0.1409369652025099,-0.5479157845829133,0.12779877353108948,-0.0029592127780947164,0.0022818026240729594
1994-09-02,0.1416500285225327,-0.5446909521607108,0.12902643088039542,0.0007130633200227998,0.003672276098117516
1994-10-02,0.1434326868225898,-0.5366288711052042,0.1303123217341699,0.0017826583000571106,0.0010695949800343107
1994-11-02,0.1405091272104962,-0.5498506840362349,0.13129991443240152,-0.002923559612093618,-0.004706217912150729
1994-01-03,0.1446092413006275,-0.5313078976085699,0.13231008746910053,0.004100114090131307,0.007023673702224925
1994-02-03,0.1412934968625213,-0.546303368371812,0.13316219813652777,-0.0033157444381061996,-0.007415858528237507
1994-03-03,0.1422917855105533,-0.5417886029807283,0.13401787412055516,0.000998288648032003,0.004314033086138203
1994-04-03,0.1395464917284654,-0.5542042078062083,0.13479392470051332,-0.002745293782087904,-0.003743582430119907
1994-07-03,0.141222190530519,-0.5466258516140324,0.13558423654687196,0.0016756988020535935,0.004420992584141498
1994-08-03,0.1393325727324586,-0.5551716575328688,0.13629729986689476,-0.0018896177980603779,-0.0035653166001139713
1994-09-03,0.1405804335424985,-0.5495282007940145,0.13723141281612466,0.0012478608100398858,0.0031374786081002637
1994-10-03,0.1435396463205932,-0.5361451462418739,0.13798963681308227,0.0029592127780947164,0.0017113519680548306
1994-11-03,0.1487806617227609,-0.5124426279386854,0.1389843601445141,0.005241015402167676,0.0022818026240729594
1994-05-04,0.1559112949229891,-0.4801943037166599,0.1399410534322114,0.00713063320022822,0.0018896177980605444
1994-06-04,0.1516329150028522,-0.4995432982498751,0.14076107625023762,-0.00427837992013691,-0.01140901312036513
1994-07-04,0.1506702795208214,-0.5038968220198485,0.14140045636052476,-0.0009626354820307936,0.0033157444381061163
1994-08-04,0.1494580718767826,-0.5093790371375929,0.1419780376497432,-0.0012122076440388152,-0.00024957216200802157
1994-11-04,0.1491371933827723,-0.5108302117275842,0.14253422703936103,-0.00032087849401030155,0.0008913291500285137
1994-12-04,0.142969195664575,-0.5387250121796358,0.14254016923369456,-0.006167997718197288,-0.005847119224186986
1994-03-05,0.1431831146605818,-0.5377575624529751,0.1426055333713633,0.0002139189960068122,0.0063819167142041
1994-04-05,0.1405091272104962,-0.5498506840362349,0.1428349020726373,-0.0026739874500856242,-0.0028879064460924364
1994-05-05,0.1371220764403879,-0.5651686380416965,0.14284440958357095,-0.0033870507701082853,-0.000713063320022661
1994-06-05,0.1353394181403308,-0.5732307190972031,0.14302980604677687,-0.0017826583000571106,0.0016043924700511747
1994-09-05,0.1469980034227039,-0.5205047089941915,0.14344813652785693,0.011658585282373096,0.013441243582430207
1994-10-05,0.1468910439247005,-0.5209884338575217,0.14378921848260118,-0.00010695949800337834,-0.011765544780376475
1994-11-05,0.1423630918425556,-0.5414661197385079,0.1439615421182734,-0.004527952082144904,-0.004420992584141525
1994-12-05,0.147283228750713,-0.5192147760253106,0.14410772009887804,0.004920136908157402,0.009448088990302306
1994-01-06,0.1522746719908727,-0.49664094906989303,0.14441671420422128,0.004991443240159682,7.130633200227998e-05
1994-02-06,0.1453223046206503,-0.5280830651863674,0.14428955124548387,-0.006952367370222395,-0.011943810610382077
1994-03-06,0.1449657729606389,-0.5296954813974686,0.14432520441148503,-0.0003565316600113999,0.0065958357102109955
1994-06-06,0.1426483171705647,-0.540176186769627,0.14438224947708686,-0.0023174557900741966,-0.0019609241300627966
1994-07-06,0.1428978893325727,-0.5390474954218561,0.14442384483742152,0.0002495721620079938,0.0025670279520821904
1994-08-06,0.1446448944666286,-0.5311466559874599,0.14446425175888947,0.0017470051340559012,0.0014974329720479074
1994-09-06,0.1455718767826583,-0.5269543738385964,0.14463301007796153,0.0009269823160296953,-0.0008200228180262059
1994-10-06,0.1467127780946947,-0.5217946419630728,0.1447031279710971,0.0011409013120364242,0.00021391899600672892
1994-01-07,0.1455718767826583,-0.5269543738385964,0.14484574063510167,-0.0011409013120364242,-0.0022818026240728484
1994-04-07,0.1466771249286936,-0.5219558835841829,0.14499191861570634,0.001105248146035298,0.0022461494580717223
1994-05-07,0.1474614945807187,-0.51840856791976,0.1452557520441148,0.0007843696520251076,-0.00032087849401019053
1994-06-07,0.144252709640616,-0.5329203138196714,0.1453567693477847,-0.0032087849401026824,-0.00399315459212779
1994-07-07,0.1414717626925271,-0.545497160266261,0.14542807567978697,-0.0027809469480889193,0.00042783799201376316
1994-08-07,0.1414004563605248,-0.5458196435084812,0.1454554097737212,-7.130633200227998e-05,0.0027096406160866393
1994-11-07,0.1417569880205362,-0.54420722729738,0.14539598783038596,0.0003565316600113999,0.0004278379920136799
1994-12-07,0.1441457501426126,-0.5334040386830018,0.14524149077771434,0.0023887621220763933,0.0020322304620649934
1994-01-08,0.1446805476326297,-0.5309854143663499,0.14486713253470238,0.000534797490017086,-0.0018539646320593073
1994-02-08,0.1430761551625784,-0.5382412873163054,0.14458190720669326,-0.0016043924700512857,-0.0021391899600683717
1994-03-08,0.1405091272104962,-0.5498506840362349,0.1442432021296824,-0.002567027952082218,-0.0009626354820309324
1994-04-08,0.1384412435824301,-0.5592026980606218,0.14387597451987066,-0.0020678836280660917,0.0004991443240161264
1994-05-08,0.1391543069024529,-0.5559778656384194,0.14354321163719333,0.0007130633200227998,0.0027809469480888915
1994-08-08,0.1369438106103822,-0.5659748461472471,0.14334236546872026,-0.002210496292070707,-0.002923559612093507
1994-09-08,0.1369438106103822,-0.5659748461472471,0.14313438866704692,0.0,0.002210496292070707
1994-10-08,0.1385838562464346,-0.5585577315761816,0.14307021296824488,0.0016400456360524118,0.0016400456360524118
1994-11-08,0.1370151169423844,-0.5656523629050272,0.14306664765164476,-0.0015687393040501874,-0.003208784940102599
1994-12-08,0.1397960638904734,-0.5530755164584373,0.14321520250998282,0.002780946948088975,0.004349686252139162
1994-01-09,0.1472475755847119,-0.5193760176464205,0.1432235215820498,0.007451511694238522,0.004670564746149547
1994-02-09,0.1485310895607529,-0.5135713192864564,0.14327818976991819,0.0012835139760409842,-0.006167997718197538
1994-05-09,0.1474614945807187,-0.51840856791976,0.14344813652785693,-0.0010695949800341997,-0.002353108956075184
1994-06-09,0.1485310895607529,-0.5135713192864564,0.1434897318881916,0.0010695949800341997,0.0021391899600683995
1994-07-09,0.1510981175128351,-0.5019619225665269,0.14345051340559037,0.002567027952082218,0.0014974329720480184
1994-08-09,0.1510981175128351,-0.5019619225665269,0.14364304050199653,0.0,-0.002567027952082218
1994-09-09,0.1489589275527666,-0.5116364198331348,0.14377614565506744,-0.0021391899600685105,-0.0021391899600685105
1994-12-09,0.1510981175128351,-0.5019619225665269,0.14405780566647644,0.0021391899600685105,0.004278379920137021
1994-03-10,0.1516329150028522,-0.4995432982498751,0.14434897318881912,0.000534797490017086,-0.0016043924700514245
1994-04-10,0.1544851682829435,-0.4866439685610648,0.1446769823160296,0.0028522532800913103,0.0023174557900742243
1994-05-10,0.1541999429549344,-0.48793390152994576,0.14496458452177216,-0.00028522532800911993,-0.0031374786081004302
1994-06-10,0.1541642897889332,-0.48809514315105607,0.14521296824491345,-3.5653166001181624e-05,0.0002495721620079383
1994-07-10,0.1562678265830005,-0.4785818875055587,0.14556949990492488,0.002103536794067301,0.0021391899600684827
1994-10-10,0.1548060467769537,-0.485192793971074,0.14584046396653352,-0.001461779806046809,-0.00356531660011411
1994-11-10,0.1528094694808899,-0.49422232475324074,0.1460187297965392,-0.0019965772960638117,-0.0005347974900170027
1994-12-10,0.1510268111808328,-0.5022844058087472,0.14624453318121314,-0.0017826583000570828,0.00021391899600672892
1994-01-11,0.1408656588705076,-0.5482382678251336,0.14622432972047913,-0.010161152310325217,-0.008378494010268134
1994-02-11,0.1428265830005704,-0.5393699786640763,0.1462718672751473,0.0019609241300628244,0.012122076440388041
1994-03-11,0.1443240159726183,-0.5325978305774512,0.14635743487355007,0.0014974329720478796,-0.0004634911580149448
1994-04-11,0.1423630918425556,-0.5414661197385079,0.14629801293021483,-0.0019609241300626856,-0.0034583571021105652
1994-07-11,0.1410439247005133,-0.547432059719583,0.14617679216581092,-0.0013191671420423046,0.0006417569880203811
1994-08-11,0.1402952082144894,-0.5508181337628953,0.14608409393420796,-0.0007487164860238982,0.0005704506560184064
1994-09-11,0.1400456360524814,-0.5519468251106663,0.1460686442289408,-0.0002495721620079938,0.0004991443240159044
1994-10-11,0.1377281802624072,-0.5624275304828247,0.1460448754516067,-0.0023174557900741966,-0.0020678836280662027
1994-11-11,0.1392612664004563,-0.5554941407750891,0.14604844076820683,0.001533086138049089,0.0038505419281232856
1994-01-12,0.1299914432401597,-0.5974169622637219,0.1458166951891994,-0.009269823160296592,-0.010802909298345681
1994-02-12,0.1304905875641757,-0.59515957956818,0.14560158775432586,0.0004991443240159876,0.00976896748431258
1994-05-12,0.1236451796919566,-0.6261179708213246,0.1451036318691766,-0.0068454078722191,-0.007344552196235088
1994-06-12,0.1203650884198516,-0.6409521999634564,0.14454863091842549,-0.00328009127210499,0.00356531660011411
1994-07-12,0.1217912150598972,-0.6345025351190515,0.14394846929073965,0.0014261266400455996,0.00470621791215059
1994-08-12,0.1200798630918425,-0.6422421329323373,0.14304287887431064,-0.0017113519680547057,-0.0031374786081003053
1994-09-12,0.1211494580718767,-0.6374048842990335,0.14213015782468144,0.0010695949800341997,0.0027809469480889054
1994-12-12,0.1232173416999429,-0.6280528702746461,0.14132201939532227,0.0020678836280662027,0.000998288648032003
1995-03-01,0.127281802624073,-0.6096713254680916,0.14061370983076626,0.004064460924130084,0.001996577296063881
1995-04-01,0.1227538505419281,-0.6301490113490776,0.13966890093173603,-0.00452795208214489,-0.008592413006274974
1995-05-01,0.1194737592698231,-0.6449832404912095,0.13861475565696896,-0.003280091272105004,0.0012478608100398858
1995-06-01,0.1223260125499144,-0.6320839108023992,0.13772699182354053,0.0028522532800913103,0.006132344552196314
1995-09-01,0.1202581289218482,-0.6414359248267867,0.136698992203841,-0.0020678836280662027,-0.004920136908157513
1995-10-01,0.1216129492298916,-0.6353087432246016,0.13569832667807563,0.001354820308043403,0.0034227039361096057
1995-11-01,0.1214346833998858,-0.6361149513301527,0.13459664384864037,-0.0001782658300057971,-0.0015330861380492
1995-12-01,0.1235738733599543,-0.626440454063545,0.13357577486214103,0.0021391899600684966,0.0023174557900742937
1995-01-02,0.1214346833998858,-0.6361149513301527,0.13248478798250612,-0.0021391899600684966,-0.004278379920136993
1995-02-02,0.1213277239018824,-0.636598676193483,0.13132011789313552,-0.0001069594980034061,0.0020322304620650905
1995-03-02,0.1234669138619509,-0.6269241789268751,0.1302754801293021,0.0021391899600684966,0.0022461494580719027
1995-06-02,0.1220407872219053,-0.63337384377128,0.12924985738733594,-0.0014261266400455996,-0.0035653166001140962
1995-07-02,0.122219053051911,-0.6325676356657295,0.12828959878303853,0.00017826583000569995,0.0016043924700512996
1995-08-02,0.1210424985738733,-0.637888609162364,0.12762882677315074,-0.001176554478037703,-0.001354820308043403
1995-09-02,0.1232886480319452,-0.6277303870324258,0.12697756227419657,0.0022461494580719027,0.0034227039361096057
1995-10-02,0.1243938961779806,-0.6227318967780117,0.12631322494770864,0.001105248146035409,-0.0011409013120364936
1995-01-03,0.114125784369652,-0.6691694836577284,0.12537198136527852,-0.010268111808328609,-0.011373359954364018
1995-02-03,0.1120935539075869,-0.6783602560610058,0.1244069690055143,-0.0020322304620651044,0.008235881346263504
1995-03-03,0.1127353108956075,-0.6754579068810233,0.12348830576155158,0.0006417569880206031,0.0026739874500857075
1995-06-03,0.1122005134055904,-0.6778765311976752,0.1225601350066552,-0.0005347974900170999,-0.001176554478037703
1995-07-03,0.1163006274957215,-0.659333744770011,0.12184588324776567,0.004100114090131099,0.004634911580148199
1995-08-03,0.1213633770678836,-0.6364374345723727,0.12124928693667993,0.005062749572162101,0.0009626354820310018
1995-09-03,0.1197589845978322,-0.6436933075223287,0.12090820498193568,-0.0016043924700513967,-0.0066671420422134975
1995-10-03,0.118938961779806,-0.6474018648078613,0.12052315078912335,-0.0008200228180262059,0.0007843696520251908
1995-03-04,0.1436822589845978,-0.5355001797574332,0.1211910534322114,0.024743297204791806,0.025563320022818012
1995-04-04,0.1404021677124928,-0.5503344088995651,0.12185895607529942,-0.00328009127210499,-0.028023388476896796
1995-05-04,0.1458571021106674,-0.5256644408697155,0.12266115231032511,0.005454934398174599,0.00873502567027959
1995-06-04,0.1459284084426697,-0.5253419576274952,0.12352277048868601,7.130633200227998e-05,-0.005383628066172319
1995-07-04,0.1474258414147176,-0.51856980954087,0.12439864993344737,0.0014974329720479074,0.0014261266400456274
1995-10-04,0.1446805476326297,-0.5309854143663499,0.12511409013120361,-0.002745293782087904,-0.004242726754135812
1995-11-04,0.1404021677124928,-0.5503344088995651,0.12555143563415092,-0.004278379920136882,-0.001533086138048978
1995-12-04,0.1449301197946377,-0.5298567230185789,0.12629064460924125,0.004527952082144904,0.008806332002281786
1995-01-05,0.1578009127210496,-0.4716484977978231,0.12756821639094879,0.012870792926411884,0.00834284084426698
1995-02-05,0.1638619509412436,-0.44423742220910134,0.12895274767065976,0.006061038220193993,-0.006809754706217891
1995-03-05,0.1643967484312606,-0.44181879789244993,0.13042403498764019,0.0005347974900170027,-0.00552624073017699
1995-04-05,0.1676768397033656,-0.42698456875031804,0.13195949800342266,0.003280091272105018,0.0027452937820880152
1995-05-05,0.1699229891614375,-0.41682634662038,0.13357577486214106,0.002246149458071889,-0.0010339418140331291
1995-09-05,0.1657159155733029,-0.43585285791137485,0.134980509602586,-0.004207073588134602,-0.006453223046206491
1995-10-05,0.1498502567027951,-0.5076053793053817,0.13592769537934965,-0.01586565887050781,-0.011658585282373207
1995-11-05,0.1480675984027381,-0.5156674603608878,0.13681902452937816,-0.0017826583000569995,0.01408300057045081
1995-12-05,0.1468197375926982,-0.5213109170997421,0.13759745198706977,-0.0012478608100398858,0.0005347974900171137
1995-01-06,0.1422917855105533,-0.5417886029807283,0.138272485263358,-0.004527952082144904,-0.003280091272105018
1995-02-06,0.145500570450656,-0.5272768570808167,0.13904853584331617,0.00320878494010271,0.007736737022247614
1995-05-06,0.1411152310325157,-0.5471095764773622,0.1397176269252709,-0.004385339418140316,-0.007594124358243026
1995-06-06,0.1451440387906445,-0.5288892732919185,0.14044613995056088,0.004028807758128805,0.008414147176269121
1995-07-06,0.1448588134626354,-0.5301792062607993,0.14112830386004938,-0.00028522532800909217,-0.004314033086137897
1995-08-06,0.1462136337706788,-0.5240520246586142,0.1421978988400836,0.001354820308043403,0.001640045636052495
1995-09-06,0.1452153451226468,-0.5285667900496981,0.1433019585472523,-0.000998288648032003,-0.002353108956075406
1995-12-06,0.1483171705647461,-0.5145387690131168,0.1444880205362236,0.003101825442099304,0.004100114090131307
1995-03-07,0.1359098687963491,-0.5706508531594409,0.1452783323825822,-0.012407301768397022,-0.015509127210496326
1995-04-07,0.1354107244723331,-0.5729082358549827,0.1459153356151359,-0.0004991443240159876,0.011908157444381035
1995-05-07,0.1354463776383342,-0.5727469942338728,0.14638476896748426,3.565316600109836e-05,0.000534797490017086
1995-06-07,0.1355176839703365,-0.5724245109916525,0.14691005894656775,7.130633200230774e-05,3.565316600120938e-05
1995-07-07,0.1371220764403879,-0.5651686380416965,0.14751616276858714,0.0016043924700513967,0.001533086138049089
1995-10-07,0.1389047347404449,-0.5571065569861904,0.1473569119604487,0.0017826583000569995,0.0001782658300056028
1995-11-07,0.1373003422703936,-0.5643624299361459,0.1472535177790454,-0.0016043924700513135,-0.003387050770108313
1995-12-07,0.1385482030804335,-0.5587189731972916,0.14700988781137092,0.0012478608100399136,0.002852253280091227
1995-01-08,0.1339845978322875,-0.5793579006993876,0.14661176079102486,-0.004563605248146002,-0.005811466058185916
1995-02-08,0.1382629777524244,-0.5600089061661724,0.14630633200228174,0.00427837992013691,0.008841985168282912
1995-03-08,0.1379064460924129,-0.5616213223772741,0.14608052861760787,-0.00035653166001151093,-0.004634911580148421
1995-04-08,0.1401525955504848,-0.5514631002473361,0.14607220954554095,0.002246149458071889,0.0026026811180833997
1995-07-08,0.1387977752424415,-0.5575902818495206,0.14586779806046773,-0.001354820308043292,-0.0036009697661151807
1995-08-08,0.1409369652025099,-0.5479157845829133,0.14530566647651638,0.0021391899600683995,0.0034940102681116914
1995-09-08,0.1432900741585852,-0.537273837589645,0.1446199372504278,0.002353108956075295,0.00021391899600689546
1995-10-08,0.1420065601825441,-0.5430785359496096,0.14387359764213722,-0.0012835139760410952,-0.00363662293211639
1995-11-08,0.1440744438106103,-0.5337265219252221,0.14308685111237873,0.0020678836280662027,0.003351397604107298
1995-01-09,0.1452153451226468,-0.5285667900496981,0.14226326297775238,0.0011409013120365075,-0.0009269823160296953
1995-04-09,0.1438961779806046,-0.5345327300307727,0.1415359383913291,-0.0013191671420421935,-0.002460068454078701
1995-05-09,0.1430761551625784,-0.5382412873163054,0.1413101350066552,-0.0008200228180262059,0.0004991443240159876
1995-06-09,0.1405091272104962,-0.5498506840362349,0.14105818596691383,-0.002567027952082218,-0.0017470051340560122
1995-07-09,0.1465701654306902,-0.522439608447513,0.14104986689484686,0.0060610382201940205,0.008628066172276239
1995-08-09,0.1506346263548202,-0.504058063640959,0.14132796158965577,0.004064460924129987,-0.0019965772960640338
1995-11-09,0.1471049629207073,-0.5200209841308613,0.1413814413386575,-0.0035296634341129007,-0.0075941243582428875
1995-12-09,0.1515616086708499,-0.4998657814920955,0.14172965392660197,0.004456645750142596,0.007986309184255497
1995-02-10,0.1480675984027381,-0.5156674603608878,0.14182710591367173,-0.0034940102681118024,-0.007950656018254398
1995-03-10,0.1450370792926411,-0.5293729981552487,0.14183304810800526,-0.0030305191100969964,0.000463491158014806
1995-04-10,0.1448588134626354,-0.5301792062607993,0.1417878874310705,-0.00017826583000568608,0.0028522532800913103
1995-05-10,0.1453936109526525,-0.5277605819441475,0.14179382962540402,0.000534797490017086,0.0007130633200227721
1995-06-10,0.1444309754706217,-0.5321141057141209,0.1416642897889332,-0.0009626354820307936,-0.0014974329720478796
1995-09-10,0.1487093553907586,-0.5127651111809057,0.14209093934208017,0.00427837992013691,0.0052410154021677036
1995-10-10,0.1484241300627495,-0.5140550441497866,0.14252471952842738,-0.00028522532800911993,-0.00456360524814603
1995-11-10,0.1478180262407301,-0.5167961517086588,0.1429371078151739,-0.0006061038220193937,-0.0003208784940102738
1995-12-10,0.1479962920707358,-0.5159899436031081,0.14335306141852058,0.00017826583000571383,0.0007843696520251076
1995-01-11,0.1447875071306331,-0.5305016895030197,0.14360857577486205,-0.00320878494010271,-0.003387050770108424
1995-02-11,0.1439674843126069,-0.5342102467885524,0.14377733409393414,-0.0008200228180262059,0.0023887621220765043
1995-03-11,0.1456788362806617,-0.5264706489752662,0.14405661722760973,0.0017113519680548028,0.0025313747860810087
1995-06-11,0.1431831146605818,-0.5377575624529751,0.14421111428028136,-0.0024957216200798826,-0.0042070735881346855
1995-07-11,0.1430048488305761,-0.5385637705585258,0.14451178931355763,-0.00017826583000571383,0.002317455790074169
1995-08-11,0.1464632059326868,-0.5229233333108433,0.1447851302528997,0.003458357102110704,0.003636622932116418
1995-09-11,0.1456788362806617,-0.5264706489752662,0.14504420992584136,-0.0007843696520251076,-0.004242726754135812
1995-10-11,0.1482102110667427,-0.5150224938764472,0.1453127971097166,0.0025313747860810087,0.0033157444381061163
1995-01-12,0.1406873930405019,-0.5490444759306842,0.14537578436965196,-0.007522818026240802,-0.01005419281232181
1995-04-12,0.1395108385624643,-0.5543654494273182,0.14532824681498377,-0.0011765544780376058,0.006346263548203196
1995-05-12,0.1407586993725042,-0.5487219926884639,0.14524386765544772,0.0012478608100399136,0.0024244152880775194
1995-06-12,0.1420422133485453,-0.5429172943284992,0.14524505609431446,0.0012835139760410952,3.5653166001181624e-05
1995-07-12,0.1416500285225327,-0.5446909521607108,0.1451642422513785,-0.0003921848260126093,-0.0016756988020537045
1995-08-12,0.1417569880205362,-0.54420722729738,0.14504896368130815,0.00010695949800351712,0.0004991443240161264
1995-11-12,0.1419352538505419,-0.5434010191918295,0.1449835995436394,0.00017826583000568608,7.130633200216896e-05
1995-12-12,0.1410439247005133,-0.547432059719583,0.1449158585282372,-0.0008913291500285969,-0.001069594980034283
1996-02-01,0.1387977752424415,-0.5575902818495206,0.14485881346263543,-0.0022461494580718055,-0.0013548203080432086
1996-03-01,0.1453936109526525,-0.5277605819441475,0.14481959498003416,0.0065958357102109955,0.008841985168282801
1996-04-01,0.1453223046206503,-0.5280830651863674,0.14464251758889515,-7.130633200219672e-05,-0.006667142042213192
1996-05-01,0.1507415858528237,-0.5035743387776281,0.14476373835329906,0.005419281232173417,0.005490587564175614
1996-08-01,0.1518111808328579,-0.49873709014432444,0.14477205742536595,0.0010695949800341997,-0.004349686252139218
1996-09-01,0.1510624643468339,-0.5021231641876374,0.14487188629016917,-0.0007487164860240092,-0.001818311466058209
1996-10-01,0.1520964061608671,-0.4974471571754432,0.14510719718577672,0.0010339418140331846,0.0017826583000571938
1996-11-01,0.1527738163148887,-0.49438356637435105,0.14537103061418513,0.0006774101540216182,-0.00035653166001156644
1996-12-01,0.1494224187107815,-0.5095402787587029,0.14550532420612278,-0.0033513976041072147,-0.004028807758128833
1996-01-02,0.154128636622932,-0.48825638477216654,0.14582857957786646,0.0047062179121505066,0.008057615516257721
1996-02-02,0.1624358243011979,-0.45068708705350663,0.14628612854154774,0.00830718767826591,0.0036009697661154028
1996-05-02,0.1613662293211637,-0.45552433568681033,0.14671753185016156,-0.0010695949800341997,-0.009376782658300109
1996-06-02,0.1597618368511123,-0.4627802086367663,0.14711565887050765,-0.0016043924700513967,-0.000534797490017197
1996-07-02,0.1622575584711922,-0.4514932951590573,0.14759103441718951,0.0024957216200798826,0.004100114090131279
1996-08-02,0.1562678265830005,-0.4785818875055587,0.14797371173226845,-0.005989731888191685,-0.008485453508271568
1996-09-02,0.1587635482030804,-0.4672949740278497,0.1484669138619509,0.0024957216200798826,0.008485453508271568
1996-12-02,0.1556617227609811,-0.4813229950644308,0.1487996767446282,-0.0031018254420992764,-0.005597547062179159
1996-01-03,0.1516329150028522,-0.4995432982498751,0.1490813367560372,-0.004028807758128916,-0.0009269823160296398
1996-04-03,0.1504920136908157,-0.5047030301253992,0.1493309089180452,-0.0011409013120365075,0.0028879064460924087
1996-05-03,0.1453936109526525,-0.5277605819441475,0.14929525575204405,-0.005098402738163199,-0.003957501426126692
1996-06-03,0.145750142612664,-0.5261481657330458,0.1492976326297775,0.00035653166001151093,0.00545493439817471
1996-07-03,0.1462136337706788,-0.5240520246586142,0.14923108005324204,0.000463491158014806,0.00010695949800329507
1996-08-03,0.1482458642327438,-0.5148612522553372,0.14948302909298342,0.0020322304620649934,0.0015687393040501874
1996-11-03,0.15031374786081,-0.5055092382309497,0.14984312606959493,0.0020678836280662027,3.565316600120938e-05
1996-12-03,0.1506702795208214,-0.5038968220198485,0.15017351207453886,0.0003565316600113999,-0.0017113519680548028
1996-01-04,0.1513833428408442,-0.500671989597646,0.15048488305761545,0.0007130633200227998,0.0003565316600113999
1996-02-04,0.1517398745008556,-0.49905957338654483,0.1508212112568929,0.0003565316600113999,-0.0003565316600113999
1996-03-04,0.1510981175128351,-0.5019619225665269,0.15113258223996953,-0.0006417569880204921,-0.000998288648031892
1996-04-04,0.1516329150028522,-0.4995432982498751,0.15145583761171322,0.000534797490017086,0.001176554478037578
1996-09-04,0.152345978322875,-0.49631846582767264,0.1518325727324586,0.0007130633200227998,0.00017826583000571383
1996-10-04,0.1494224187107815,-0.5095402787587029,0.15218672751473658,-0.002923559612093507,-0.003636622932116307
1996-11-04,0.1518824871648602,-0.4984146069021042,0.15240302338847686,0.002460068454078701,0.005383628066172208
1996-12-04,0.1520607529948659,-0.4976083987965535,0.15262763833428403,0.00017826583000571383,-0.002281802624072987
1996-01-05,0.144502281802624,-0.5317916224719005,0.1524196615326107,-0.0075584711922419,-0.007736737022247614
1996-02-05,0.1466414717626925,-0.5221171252052927,0.1522473378969385,0.0021391899600684827,0.009697661152310383
1996-03-05,0.147532800912721,-0.5180860846775397,0.15212968244913477,0.0008913291500285137,-0.001247860810039969
1996-07-05,0.1492441528807758,-0.5103464868642534,0.1520346073397984,0.0017113519680548028,0.0008200228180262892
1996-08-05,0.1501354820308043,-0.5063154463365004,0.15194666286366224,0.0008913291500284859,-0.0008200228180263169
1996-09-05,0.1483528237307472,-0.5143775273920069,0.15191100969766108,-0.0017826583000570828,-0.0026739874500855687
1996-10-05,0.1478893325727324,-0.5164736684664384,0.15170303289598777,-0.000463491158014806,0.0013191671420422768
1996-03-06,0.1466058185966914,-0.5222783668264027,0.1511753660391709,-0.001283513976041012,-0.0008200228180262059
1996-04-06,0.1458214489446662,-0.525825682490826,0.15065720669328764,-0.0007843696520251908,0.0004991443240158211
1996-05-06,0.1402239018824871,-0.5511406170051157,0.15000594219433347,-0.0055975470621791035,-0.004813177410153913
1996-06-06,0.1384412435824301,-0.5592026980606218,0.14921206503137474,-0.0017826583000569995,0.003814888762122104
1996-07-06,0.1400456360524814,-0.5519468251106663,0.14867132534702412,0.0016043924700513135,0.003387050770108313
1996-10-06,0.1400456360524814,-0.5519468251106663,0.14804739494200414,0.0,-0.0016043924700513135
1996-11-06,0.1389760410724472,-0.55678407374397,0.14749120555238635,-0.0010695949800341997,-0.0010695949800341997
1996-12-06,0.1373003422703936,-0.5643624299361459,0.14701345312797104,-0.0016756988020536212,-0.0006061038220194215
1996-01-07,0.134626354820308,-0.5764555515194055,0.14648459783228746,-0.0026739874500855965,-0.0009982886480319753
1996-02-07,0.1353394181403308,-0.5732307190972031,0.14614945807187674,0.0007130633200227998,0.0033870507701083963
1996-03-07,0.1378351397604107,-0.561943805619494,0.1458856246434683,0.0024957216200799104,0.0017826583000571106
1996-04-07,0.1355889903023388,-0.5721020277494321,0.14553146986119028,-0.002246149458071889,-0.004741871078151799
1996-05-07,0.1355533371363377,-0.5722632693705422,0.14510838562464343,-3.565316600112611e-05,0.0022104962920707627
1996-08-07,0.1371933827723901,-0.5648461547994766,0.14467104012169607,0.0016400456360524118,0.001675698802053538
1996-09-07,0.1355889903023388,-0.5721020277494321,0.14416833048108,-0.0016043924700512857,-0.0032444381061036975
1996-10-07,0.1371933827723901,-0.5648461547994766,0.14369533181213157,0.0016043924700512857,0.0032087849401025714
1996-11-07,0.136409013120365,-0.5683934704638994,0.14318430309944852,-0.0007843696520251076,-0.0023887621220763933
1996-12-07,0.1376925270964061,-0.5625887721039348,0.14273745008556754,0.0012835139760410952,0.0020678836280662027
1996-01-08,0.1382629777524244,-0.5600089061661724,0.14229178551055327,0.0005704506560183231,-0.0007130633200227721
1996-02-08,0.1373716486023958,-0.564039946693926,0.1417926411865373,-0.0008913291500285969,-0.00146177980604692
1996-05-08,0.1365872789503707,-0.5675872623583488,0.1413648031945236,-0.0007843696520251076,0.00010695949800348936
1996-06-08,0.1354107244723331,-0.5729082358549827,0.14081574443810604,-0.0011765544780376058,-0.00039218482601249827
1996-07-08,0.1346976611523103,-0.5761330682771852,0.1402369747100209,-0.0007130633200227998,0.000463491158014806
1996-08-08,0.1343411294922989,-0.5777454844882864,0.13989826963301005,-0.0003565316600113999,0.0003565316600113999
1996-09-08,0.1371933827723901,-0.5648461547994766,0.13958333333333328,0.0028522532800911993,0.003208784940102599
1996-12-08,0.1345193953223046,-0.5769392763827358,0.13914955314698607,-0.0026739874500854854,-0.005526240730176685
1996-02-09,0.139439532230462,-0.5546879326695385,0.1388227324586423,0.004920136908157374,0.00759412435824286
1996-03-09,0.1399743297204791,-0.5522693083528867,0.13848402738163143,0.0005347974900171137,-0.0043853394181402605
1996-04-09,0.1383699372504278,-0.5595251813028422,0.13815126449895412,-0.0016043924700513135,-0.002139189960068427
1996-05-09,0.1399743297204791,-0.5522693083528867,0.13788743107054569,0.0016043924700513135,0.003208784940102627
1996-06-09,0.1379064460924129,-0.5616213223772741,0.1375974519870697,-0.0020678836280662027,-0.003672276098117516
1996-09-09,0.1371220764403879,-0.5651686380416965,0.1373074729035938,-0.0007843696520249965,0.0012835139760412062
1996-10-09,0.1359455219623502,-0.5704896115383309,0.1371648602395892,-0.001176554478037689,-0.00039218482601269256
1996-11-09,0.1361237877923559,-0.5696834034327803,0.13708761171325343,0.00017826583000568608,0.0013548203080433752
1996-12-09,0.1358742156303479,-0.5708120947805512,0.13694856436584898,-0.0002495721620079938,-0.0004278379920136799
1996-01-10,0.1274957216200798,-0.608703875741431,0.13653023388476893,-0.008378494010268106,-0.008128921848260112
1996-02-10,0.129813177410154,-0.5982231703692725,0.1362248050960258,0.0023174557900741966,0.010695949800342303
1996-03-10,0.129813177410154,-0.5982231703692725,0.13597523293401784,0.0,-0.0023174557900741966
1996-04-10,0.129314033086138,-0.6004805530648144,0.13579815554287883,-0.0004991443240159876,-0.0004991443240159876
1996-07-10,0.1279235596120935,-0.6067689762881093,0.13555096025860427,-0.0013904734740445013,-0.0008913291500285137
1996-08-10,0.1291001140901311,-0.6014480027914754,0.1352597927362616,0.0011765544780376058,0.002567027952082107
1996-09-10,0.1286366229321163,-0.6035441438659069,0.13502804715725417,-0.000463491158014806,-0.0016400456360524118
1996-10-10,0.1320236737022247,-0.5882261898604448,0.1349103917094504,0.0033870507701083963,0.0038505419281232023
1996-11-10,0.1340915573302909,-0.5788741758360574,0.1348069975280471,0.0020678836280662027,-0.0013191671420421935
1996-01-11,0.1258200228180262,-0.6162822319336068,0.13448136527857002,-0.0082715345122647,-0.010339418140330903
1996-04-11,0.126283513976041,-0.6141860908591753,0.13411770298535836,0.000463491158014806,0.008735025670279506
1996-05-11,0.1269252709640616,-0.6112837416791929,0.13380157824681493,0.0006417569880205753,0.00017826583000576934
1996-06-11,0.1254278379920136,-0.6180558897658185,0.1333927552766685,-0.0014974329720479906,-0.002139189960068566
1996-07-11,0.12375213918996,-0.6256342459579943,0.13290906065791971,-0.0016756988020535935,-0.0001782658300056028
1996-08-11,0.126782658300057,-0.6119287081636334,0.1325560943145084,0.0030305191100969964,0.00470621791215059
1996-11-11,0.127032230462065,-0.6108000168158625,0.13223759269823154,0.0002495721620079938,-0.0027809469480890026
1996-12-11,0.1295279520821448,-0.5995131033381539,0.13204150028522527,0.0024957216200797994,0.0022461494580718055
1996-02-12,0.1233956075299486,-0.6272466621690955,0.1316647651644799,-0.0061323445521961895,-0.008628066172275989
1996-03-12,0.1225755847119224,-0.6309552194546283,0.13127258033846734,-0.0008200228180262059,0.0053123217341699835
1996-04-12,0.1266756988020536,-0.6124124330269637,0.13092199087278947,0.004100114090131196,0.004920136908157402
1996-05-12,0.1241443240159725,-0.6238605881257832,0.1305761551625784,-0.002531374786081092,-0.006631488876212288
1996-06-12,0.1289218482601254,-0.602254210897026,0.1302255656969005,0.0047775242441528976,0.00730889903023399
1996-09-12,0.1245365088419851,-0.6220869302935716,0.12971097166761736,-0.004385339418140302,-0.0091628636622932
1996-10-12,0.126283513976041,-0.6141860908591753,0.12930809089180448,0.001747005134055915,0.006132344552196217
1996-11-12,0.1281018254420992,-0.6059627681825588,0.1289123407491918,0.0018183114660581812,7.13063320022661e-05
1996-12-12,0.1268539646320593,-0.611606224921413,0.12854392470051335,-0.0012478608100398858,-0.003066172276098067
1997-02-01,0.1247147746719908,-0.6212807221880209,0.12813034797490014,-0.0021391899600685105,-0.0008913291500286247
1997-03-01,0.1223260125499144,-0.6320839108023992,0.12767636432781893,-0.0023887621220763933,-0.0002495721620078828
1997-06-01,0.120971192241871,-0.6382110924045843,0.12717127780946944,-0.001354820308043403,0.0010339418140329903
1997-07-01,0.1216129492298916,-0.6353087432246016,0.12669590226278754,0.0006417569880206031,0.001996577296064006
1997-08-01,0.1206146605818596,-0.6398235086156855,0.12646653356151355,-0.000998288648032003,-0.0016400456360526061
1997-09-01,0.1208998859098688,-0.6385335756468041,0.12616942384483737,0.0002852253280092032,0.0012835139760412062
1997-10-01,0.124001711351968,-0.6245055546102234,0.1259757083095645,0.003101825442099193,0.00281660011408999
1997-03-02,0.1286009697661152,-0.6037053854870169,0.1259519395322304,0.0045992584141472115,0.0014974329720480184
1997-04-02,0.1295279520821448,-0.5995131033381539,0.12600541928123213,0.0009269823160295843,-0.0036722760981176272
1997-05-02,0.1277452937820878,-0.6075751843936601,0.12596025860429733,-0.0017826583000569995,-0.002709640616086584
1997-06-02,0.1284583571021106,-0.6043503519714576,0.12595431640996382,0.0007130633200227998,0.0024957216200797994
1997-07-02,0.125784369652025,-0.6164434735547173,0.12574633960829049,-0.0026739874500855965,-0.0033870507701083963
1997-10-02,0.1299914432401597,-0.5974169622637219,0.12560966913861946,0.004207073588134713,0.00688106103822031
1997-11-02,0.1305975470621791,-0.5946758547048497,0.12576891994675787,0.0006061038220193937,-0.0036009697661153195
1997-12-02,0.1264974329720479,-0.6132186411325143,0.1257760505799581,-0.004100114090131196,-0.00470621791215059
1997-03-03,0.1438961779806046,-0.5345327300307727,0.12634174748050955,0.017398745008556704,0.0214988590986879
1997-04-03,0.1430048488305761,-0.5385637705585258,0.12692764784179497,-0.0008913291500285137,-0.018290074158585218
1997-05-03,0.1405447803764974,-0.5496894424151244,0.12748740254801288,-0.002460068454078701,-0.0015687393040501874
1997-06-03,0.1395108385624643,-0.5543654494273182,0.12791167522342645,-0.0010339418140331014,0.0014261266400455996
1997-07-03,0.1391543069024529,-0.5559778656384194,0.12831574443810606,-0.0003565316600113999,0.0006774101540217015
1997-10-03,0.1378351397604107,-0.561943805619494,0.12859265069404827,-0.0013191671420421935,-0.0009626354820307936
1997-11-03,0.1418282943525385,-0.5438847440551597,0.12920707358813457,0.00399315459212779,0.0053123217341699835
1997-12-03,0.1410439247005133,-0.547432059719583,0.12982268492108762,-0.0007843696520251908,-0.004777524244152981
1997-01-04,0.1341628636622932,-0.578551692593837,0.13007225708309558,-0.006881061038220088,-0.006096691386194897
1997-02-04,0.1320593268682258,-0.5880649482393349,0.13033609051150402,-0.002103536794067412,0.0047775242441526755
1997-03-04,0.1279948659440958,-0.6064464930458892,0.13030519110096972,-0.0040644609241300145,-0.0019609241300626024
1997-04-04,0.12375213918996,-0.6256342459579943,0.13027904544590221,-0.004242726754135784,-0.00017826583000576934
1997-07-04,0.1244652025099828,-0.6224094135357918,0.13021843506370026,0.0007130633200227998,0.004955790074158584
1997-08-04,0.1269609241300627,-0.6111225000580828,0.13018040501996572,0.0024957216200799104,0.0017826583000571106
1997-09-04,0.1247147746719908,-0.6212807221880209,0.13010909868796344,-0.0022461494580719166,-0.004741871078151827
1997-10-04,0.1248217341699942,-0.6207969973246906,0.13011266400456353,0.0001069594980034061,0.0023531089560753227
1997-11-04,0.1255347974900171,-0.6175721649024877,0.13021962350256697,0.0007130633200229108,0.0006061038220195047
1997-01-05,0.1213277239018824,-0.636598676193483,0.13023150789123403,-0.004207073588134713,-0.004920136908157624
1997-02-05,0.1234669138619509,-0.6269241789268751,0.1302933067123027,0.0021391899600684966,0.00634626354820321
1997-06-05,0.1240730176839703,-0.624183071368003,0.130408585282373,0.0006061038220194076,-0.001533086138049089
1997-07-05,0.1229677695379349,-0.6291815616224171,0.1304775147366419,-0.001105248146035409,-0.0017113519680548167
1997-08-05,0.1241086708499714,-0.624021829746893,0.130481080053242,0.0011409013120365075,0.0022461494580719166
1997-09-05,0.1269609241300627,-0.6111225000580828,0.1304264118653736,0.0028522532800913103,0.0017113519680548028
1997-12-05,0.1279235596120935,-0.6067689762881093,0.13037293211637188,0.0009626354820307936,-0.0018896177980605167
1997-02-06,0.1233956075299486,-0.6272466621690955,0.1302279425746339,-0.004527952082144904,-0.005490587564175697
1997-03-06,0.1238234455219623,-0.625311762715774,0.1300734455219623,0.00042783799201369377,0.0049557900741585975
1997-04-06,0.1231103822019395,-0.6285365951379766,0.12998431260695945,-0.0007130633200227998,-0.0011409013120364936
1997-05-06,0.1233956075299486,-0.6272466621690955,0.12976445141661908,0.00028522532800910605,0.0009982886480319059
1997-06-06,0.1293496862521392,-0.6003193114437041,0.12972285605628442,0.005954078722190587,0.005668853394181481
1997-09-06,0.126283513976041,-0.6141860908591753,0.12971572542308418,-0.003066172276098178,-0.009020250998288765
1997-10-06,0.1243225898459783,-0.6230543800202321,0.1290632724852633,-0.0019609241300627134,0.0011052481460354646
1997-11-06,0.1247147746719908,-0.6212807221880209,0.1284536033466438,0.00039218482601249827,0.0023531089560752116
1997-12-06,0.1238234455219623,-0.625311762715774,0.1278962255181593,-0.0008913291500284998,-0.001283513976040998
1997-01-07,0.1202581289218482,-0.6414359248267867,0.12725446853013875,-0.0035653166001140962,-0.0026739874500855965
1997-02-07,0.1202581289218482,-0.6414359248267867,0.12662459593078526,0.0,0.0035653166001140962
1997-03-07,0.1205790074158585,-0.6399847502367954,0.1260493915193002,0.00032087849401030155,0.00032087849401030155
1997-04-07,0.1167997718197375,-0.6570763620744692,0.1252151074348735,-0.0037792355961210056,-0.004100114090131307
1997-07-07,0.1141614375356531,-0.6690082420366184,0.12431902452937815,-0.002638334284084401,0.0011409013120366046
1997-08-07,0.1061751283513975,-0.7051263651652869,0.12338610001901497,-0.007986309184255594,-0.005347974900171193
1997-09-07,0.1071734169994295,-0.7006115997742032,0.12255656969005509,0.000998288648032003,0.008984597832287597
1997-10-07,0.1095621791215059,-0.6898084111598248,0.12194214679596876,0.0023887621220763933,0.0013904734740443903
1997-11-07,0.1100613234455219,-0.6875510284642831,0.12148578627115417,0.0004991443240160015,-0.0018896177980603918
1997-01-08,0.1141614375356531,-0.6690082420366184,0.12114232743867649,0.004100114090131196,0.0036009697661151946
1997-04-08,0.1136622932116371,-0.6712656247321603,0.12069903974139565,-0.0004991443240160015,-0.004599258414147198
1997-05-08,0.1153736451796919,-0.6635260269188741,0.12038766875831901,0.0017113519680548028,0.0022104962920708043
1997-06-08,0.1093839132915002,-0.6906146192653755,0.11987307472903588,-0.005989731888191699,-0.007701083856246502
1997-07-08,0.1088491158014831,-0.6930332435820273,0.11931688533941807,-0.0005347974900170999,0.005454934398174599
1997-08-08,0.1109169994295493,-0.6836812295576399,0.11896986119034031,0.0020678836280662027,0.0026026811180833026
1997-11-08,0.1112735310895607,-0.6820688133465386,0.1185634150979273,0.0003565316600113999,-0.0017113519680548028
1997-12-08,0.1126640045636052,-0.6757803901232436,0.1181831146605818,0.0013904734740445013,0.0010339418140331014
1997-01-09,0.1207929264118653,-0.639017300510135,0.11811061988971282,0.008128921848260098,0.006738448374215597
1997-02-09,0.1223260125499144,-0.6320839108023992,0.11805119794637758,0.0015330861380491029,-0.0065958357102109955
1997-03-09,0.1198302909298345,-0.6433708242801083,0.11781351017303665,-0.0024957216200799104,-0.004028807758129013
1997-04-09,0.1212564175698802,-0.6369211594357029,0.11759127210496285,0.0014261266400457107,0.003921848260125621
1997-05-09,0.1223973188819167,-0.631761427560179,0.11755799581669514,0.0011409013120364936,-0.00028522532800921707
1997-08-09,0.1227538505419281,-0.6301490113490776,0.11752234265069399,0.0003565316600113999,-0.0007843696520250937
1997-09-09,0.1213277239018824,-0.636598676193483,0.11746292070735875,-0.0014261266400456968,-0.0017826583000570967
1997-10-09,0.1234669138619509,-0.6269241789268751,0.11746529758509215,0.0021391899600684966,0.0035653166001141934
1997-11-09,0.1235738733599543,-0.626440454063545,0.117272770488686,0.0001069594980034061,-0.0020322304620650905
1997-12-09,0.1251782658300057,-0.6191845811135889,0.11723592888381815,0.0016043924700514106,0.0014974329720480045
1997-01-10,0.1395108385624643,-0.5543654494273182,0.11774220384103436,0.014332572732458582,0.012728180262407171
1997-02-10,0.1380847119224186,-0.5608151142717235,0.11818786841604861,-0.001426126640045683,-0.015758699372504265
1997-03-10,0.1383699372504278,-0.5595251813028422,0.11867275147366413,0.00028522532800917544,0.0017113519680548583
1997-06-10,0.1428978893325727,-0.5390474954218561,0.11942741015402163,0.004527952082144904,0.004242726754135728
1997-07-10,0.1393682258984597,-0.5550104159117588,0.12006441338657535,-0.003529663434112984,-0.008057615516257888
1997-08-10,0.1418639475185396,-0.5437235024340499,0.12077391138999803,0.0024957216200798826,0.006025385054192867
1997-09-10,0.1414004563605248,-0.5458196435084812,0.12159393420802429,-0.00046349115801477825,-0.002959212778094661
1997-10-10,0.1380134055904164,-0.5611375975139434,0.12238899980984973,-0.003387050770108424,-0.002923559612093646
1997-03-11,0.1251782658300057,-0.6191845811135889,0.12302243772580333,-0.012835139760410674,-0.00944808899030225
1997-04-11,0.1273174557900741,-0.6095100838469816,0.12369390568549149,0.0021391899600683995,0.014974329720479074
1997-05-11,0.1275670279520821,-0.6083813924992106,0.12429406731317735,0.0002495721620079938,-0.0018896177980604056
1997-06-11,0.1275670279520821,-0.6083813924992106,0.12487759079672936,0.0,-0.0002495721620079938
1997-07-11,0.1311323445521962,-0.592257230388198,0.1254432876972808,0.0035653166001140824,0.0035653166001140824
1997-10-11,0.1282800912721049,-0.6051565600770081,0.12593054763262973,-0.0028522532800912825,-0.006417569880205365
1997-11-11,0.1307045065601825,-0.5941921298415195,0.12644157634531275,0.0024244152880776026,0.005276668568168885
1997-12-11,0.1309540787221905,-0.5930634384937485,0.1271605818596691,0.0002495721620079938,-0.002174843126069609
1997-01-12,0.1412934968625213,-0.546303368371812,0.12824206122837037,0.010339418140330792,0.010089845978322798
1997-02-12,0.1441457501426126,-0.5334040386830018,0.12934968625213913,0.0028522532800913103,-0.007487164860239481
1997-03-12,0.1441457501426126,-0.5334040386830018,0.1304454268872409,0.0,-0.0028522532800913103
1997-04-12,0.1434326868225898,-0.5366288711052042,0.13147104962920703,-0.0007130633200227998,-0.0007130633200227998
1997-05-12,0.1439674843126069,-0.5342102467885524,0.13224353489256507,0.000534797490017086,0.0012478608100398858
1997-08-12,0.1482458642327438,-0.5148612522553372,0.1331075299486594,0.00427837992013691,0.003743582430119824
1997-09-12,0.1465701654306902,-0.522439608447513,0.13399885909868792,-0.0016756988020535935,-0.005954078722190503
1997-10-12,0.1626853964632059,-0.4495583957057357,0.13537982506179877,0.016115231032515692,0.017790929834569286
1997-11-12,0.1703508271534512,-0.4148914471670584,0.13697827533751658,0.007665430690245306,-0.008449800342270386
1997-12-12,0.1609027381631488,-0.45762047676124235,0.13824990492489062,-0.009448088990302417,-0.017113519680547723
1998-02-01,0.1664289788933257,-0.4326280254891724,0.13975328009127205,0.005526240730176907,0.014974329720479324
1998-05-01,0.1642897889332572,-0.44230252275578014,0.14111404259364893,-0.0021391899600684827,-0.0076654306902453895
1998-06-01,0.1692812321734169,-0.4197286958003626,0.14263762122076437,0.004991443240159682,0.007130633200228165
1998-07-01,0.1719552196235025,-0.40763557421710295,0.1441968530138809,0.0026739874500855965,-0.0023174557900740855
1998-08-01,0.1708499714774672,-0.41263406447151657,0.14524149077771434,-0.001105248146035298,-0.0037792355961208945
1998-09-01,0.1592983456930975,-0.4648763497111978,0.14594861190340364,-0.01155162578436969,-0.010446377638334392
1998-12-01,0.1519181403308613,-0.4982533652809943,0.1464002186727514,-0.007380205362236214,0.004171420422133476
1998-02-02,0.1774814603536794,-0.382643122945033,0.147553004373455,0.02556332002281811,0.03294352538505432
1998-03-02,0.1822946377638334,-0.360875504095166,0.14898388476896743,0.004813177410153996,-0.020750142612664113
1998-04-02,0.2060039931545921,-0.2536498260569316,0.1511218862901692,0.02370935539075872,0.018896177980604723
1998-05-02,0.223687963491158,-0.17367398198630873,0.15386480319452364,0.01768397033656588,-0.006025385054192839
1998-06-02,0.2331003993154591,-0.13110619401323573,0.15703436965202505,0.009412435824301096,-0.008271534512264783
1998-09-02,0.2109954363947518,-0.23107599910151405,0.15989494200418322,-0.022104962920707294,-0.03151739874500839
1998-10-02,0.209034512264689,-0.23994428826257122,0.16261884388667042,-0.0019609241300627966,0.020144038790644497
1998-11-02,0.2074301197946377,-0.2472001612125267,0.16528094694808892,-0.0016043924700512857,0.00035653166001151093
1998-12-02,0.204221334854535,-0.26171190711243825,0.16783609051150403,-0.00320878494010271,-0.0016043924700514245
1998-02-03,0.1901383342840844,-0.3254023474509381,0.16980295683590033,-0.014083000570450616,-0.010874215630347905
1998-03-03,0.1863234455219623,-0.3426552009097217,0.17173773531089556,-0.003814888762122076,0.01026811180832854
1998-04-03,0.1824729035938391,-0.3600692959896153,0.17346334854535075,-0.0038505419281232023,-3.565316600112611e-05
1998-05-03,0.1799771819737592,-0.3713562094673244,0.17509745198706972,-0.0024957216200799104,0.001354820308043292
1998-06-03,0.1796206503137478,-0.37296862567842565,0.17637502376877728,-0.0003565316600113999,0.0021391899600685105
1998-09-03,0.1708499714774672,-0.41263406447151657,0.1772651644799391,-0.008770678836280604,-0.008414147176269204
1998-10-03,0.1727752424415288,-0.4039270169315697,0.17821948088990297,0.001925270964061615,0.01069594980034222
1998-11-03,0.1797276098117512,-0.37248490081509533,0.17942931165620835,0.006952367370222395,0.00502709640616078
1998-12-03,0.1748074729035938,-0.39473624452829265,0.18045731127590792,-0.004920136908157402,-0.011872504278379797
1998-01-04,0.1851468910439246,-0.3479761744063562,0.18168734550294727,0.010339418140330792,0.015259555048488194
1998-02-04,0.1847547062179121,-0.3497498322385673,0.182960163529188,-0.00039218482601249827,-0.01073160296634329
1998-03-04,0.194594980034227,-0.30524714481217224,0.1840238163148887,0.009840273816314915,0.010232458642327413
1998-06-04,0.1912079292641186,-0.32056509881763445,0.18471905305191097,-0.003387050770108424,-0.013227324586423339
1998-07-04,0.1822946377638334,-0.360875504095166,0.18543211637193377,-0.008913291500285192,-0.005526240730176768
1998-08-04,0.184968625213919,-0.34878238251190635,0.18605010458262022,0.0026739874500855965,0.011587278950370788
1998-09-04,0.1831859669138619,-0.35684446356741284,0.1866799771819737,-0.0017826583000570828,-0.004456645750142679
1998-01-05,0.1746292070735881,-0.3955424526338433,0.1868582430119794,-0.00855675984027382,-0.006774101540216737
1998-05-05,0.1769466628636622,-0.38506174726168524,0.18702462445331808,0.0023174557900741133,0.010874215630347933
1998-06-05,0.1713491158014831,-0.4103766817759751,0.18704126259745196,-0.0055975470621791035,-0.007915002852253217
1998-07-05,0.1642897889332572,-0.44230252275578014,0.1872076440387906,-0.007059326868225885,-0.0014617798060467813
1998-08-05,0.1688533941814033,-0.4216635952536837,0.18777215250047533,0.004563605248146085,0.01162293211637197
1998-11-05,0.1610810039931546,-0.4568142686556913,0.18722547062179115,-0.007772390188248712,-0.012335995436394798
1998-12-05,0.1610096976611523,-0.45713675189791153,0.18651597261836847,-7.130633200227998e-05,0.007701083856246432
1998-01-06,0.1380134055904164,-0.5611375975139434,0.1842496196995626,-0.02299629207073592,-0.02292498573873364
1998-02-06,0.1371220764403879,-0.5651686380416965,0.1813640901312036,-0.0008913291500284859,0.022104962920707433
1998-03-06,0.13968910439247,-0.5535592413217675,0.17825038030043727,0.002567027952082107,0.003458357102110593
1998-04-06,0.1391543069024529,-0.5559778656384194,0.17585567598402735,-0.0005347974900171137,-0.003101825442099221
1998-05-06,0.1411152310325157,-0.5471095764773622,0.1735916999429549,0.0019609241300627966,0.0024957216200799104
1998-08-06,0.1420065601825441,-0.5430785359496096,0.17141091462255176,0.0008913291500284026,-0.001069594980034394
1998-09-06,0.149315459212778,-0.5100240036220335,0.16958071876782654,0.007308899030233906,0.006417569880205504
1998-10-06,0.1455718767826583,-0.5269543738385964,0.16809517018444567,-0.003743582430119713,-0.01105248146035362
1998-11-06,0.1438961779806046,-0.5345327300307727,0.16668092793306707,-0.0016756988020536767,0.002067883628066036
1998-12-06,0.1387977752424415,-0.5575902818495206,0.16522509032135382,-0.005098402738163116,-0.003422703936109439
1998-01-07,0.1516329150028522,-0.4995432982498751,0.16428028142232357,0.012835139760410702,0.017933542498573818
1998-02-07,0.1487806617227609,-0.5124426279386854,0.16325228180262402,-0.0028522532800913103,-0.015687393040502012
1998-03-07,0.1451440387906445,-0.5288892732919185,0.16239541737972996,-0.00363662293211639,-0.0007843696520250798
1998-06-07,0.1443240159726183,-0.5325978305774512,0.1614470431640996,-0.0008200228180262059,0.002816600114090184
1998-07-07,0.1452153451226468,-0.5285667900496981,0.16029663434112945,0.0008913291500285137,0.0017113519680547196
1998-08-07,0.1446805476326297,-0.5309854143663499,0.15929240349876397,-0.0005347974900171137,-0.0014261266400456274
1998-09-07,0.1448588134626354,-0.5301792062607993,0.15794946757938766,0.00017826583000571383,0.0007130633200228276
1998-10-07,0.1434326868225898,-0.5366288711052042,0.1565720669328769,-0.0014261266400455996,-0.0016043924700513135
1998-03-08,0.1474614945807187,-0.51840856791976,0.15500095075109332,0.004028807758128888,0.005454934398174488
1998-04-08,0.1466414717626925,-0.5221171252052927,0.15351540216771242,-0.0008200228180262059,-0.004848830576155094
1998-05-08,0.1497789503707929,-0.5079278625476016,0.15243154592127778,0.0031374786081004025,0.003957501426126608
1998-06-08,0.1478893325727324,-0.5164736684664384,0.15119556949990487,-0.001889617798060489,-0.005027096406160891
1998-07-08,0.147532800912721,-0.5180860846775397,0.15000713063320018,-0.0003565316600113999,0.001533086138049089
1998-10-08,0.1430761551625784,-0.5382412873163054,0.1489553622361665,-0.004456645750142596,-0.004100114090131196
1998-11-08,0.1400456360524814,-0.5519468251106663,0.14772532800912716,-0.0030305191100969964,0.0014261266400455996
1998-12-08,0.1416500285225327,-0.5446909521607108,0.14673535843316216,0.0016043924700512857,0.004634911580148282
1998-01-09,0.1232886480319452,-0.6277303870324258,0.14536865373645175,-0.018361380490587498,-0.019965772960638783
1998-02-09,0.1274957216200798,-0.608703875741431,0.1439900646510743,0.004207073588134602,0.0225684540787221
1998-03-09,0.1261409013120364,-0.614831057343616,0.14282539456170368,-0.001354820308043403,-0.005561893896178005
1998-04-09,0.1322019395322304,-0.5874199817548943,0.1418651359574063,0.006061038220193993,0.007415858528237396
1998-07-09,0.1343411294922989,-0.5777454844882864,0.1417427267541357,0.0021391899600685105,-0.003921848260125482
1998-08-09,0.1332715345122646,-0.5825827331215906,0.1416143753565316,-0.0010695949800343107,-0.0032087849401028212
1998-09-09,0.1275670279520821,-0.6083813924992106,0.141210306141852,-0.005704506560182482,-0.004634911580148171
1998-10-09,0.1322019395322304,-0.5874199817548943,0.14097856056284458,0.004634911580148282,0.010339418140330764
1998-11-09,0.1348046206503137,-0.5756493434138549,0.14076820688343786,0.0026026811180833165,-0.0020322304620649656
1998-01-10,0.145750142612664,-0.5261481657330458,0.14089299296444185,0.010945521962350296,0.00834284084426698
1998-02-10,0.1437892184826012,-0.535016454894103,0.14070878494010264,-0.0019609241300627966,-0.012906446092413093
1998-05-10,0.1384412435824301,-0.5592026980606218,0.14047109716676168,-0.00534797490017111,-0.003387050770108313
1998-06-10,0.1360524814603536,-0.5700058866750006,0.14020964061608668,-0.0023887621220765043,0.0029592127780946054
1998-07-10,0.1375499144324015,-0.5632337385883753,0.14016804525575197,0.0014974329720479074,0.0038861950941244117
1998-08-10,0.1407586993725042,-0.5487219926884639,0.13980557140140706,0.00320878494010271,0.0017113519680548028
1998-09-10,0.1333784940102681,-0.5820990082582598,0.1392921658109906,-0.007380205362236103,-0.010588990302338813
1998-12-10,0.1273887621220764,-0.6091876006047613,0.13870032325537168,-0.005989731888191713,0.0013904734740443903
1998-02-11,0.1341628636622932,-0.578551692593837,0.13836161817836085,0.00677410154021682,0.012763833428408533
1998-03-11,0.1314888762122076,-0.5906448141770967,0.13790406921467954,-0.0026739874500856242,-0.009448088990302445
1998-04-11,0.1302410154021677,-0.5962882709159509,0.13742275147366415,-0.0012478608100398858,0.0014261266400457384
1998-05-11,0.1311323445521962,-0.592257230388198,0.13696520250998284,0.0008913291500284859,0.0021391899600683717
1998-06-11,0.1341628636622932,-0.578551692593837,0.13665620840463963,0.003030519110097024,0.0021391899600685382
1998-09-11,0.1327367370222475,-0.5850013574382423,0.13616538315269058,-0.0014261266400457107,-0.004456645750142735
1998-10-11,0.1329150028522532,-0.5841951493326918,0.13570783418900928,0.00017826583000568608,0.0016043924700513967
1998-11-11,0.1324871648602396,-0.5861300487860129,0.13513144133865748,-0.0004278379920135966,-0.0006061038220192827
1998-12-11,0.1323802053622361,-0.5866137736493436,0.13461447043164093,-0.00010695949800348936,0.00032087849401010726
1998-01-12,0.1284583571021106,-0.6043503519714576,0.13397865563795394,-0.00392184826012551,-0.0038148887621220207
1998-02-12,0.1284583571021106,-0.6043503519714576,0.13349139570260501,0.0,0.00392184826012551
1998-03-12,0.1218625213918996,-0.6341800518768307,0.1328852918805856,-0.0065958357102109955,-0.0065958357102109955
1998-04-12,0.1251782658300057,-0.6191845811135889,0.13233623312416806,0.0033157444381061163,0.009911580148317112
1998-07-12,0.1243582430119794,-0.6228931383991222,0.1323718862901692,-0.0008200228180263169,-0.004135767256132433
1998-08-12,0.1250713063320022,-0.6196683059769197,0.13229107244723326,0.0007130633200227998,0.0015330861380491168
1998-09-12,0.1264974329720479,-0.6132186411325143,0.13230295683590032,0.0014261266400457107,0.0007130633200229108
1998-10-12,0.127032230462065,-0.6108000168158625,0.13213063320022814,0.000534797490017086,-0.0008913291500286247
1998-11-12,0.127032230462065,-0.6108000168158625,0.13188700323255367,0.0,-0.000534797490017086
1999-04-01,0.1327367370222475,-0.5850013574382423,0.1318691766495531,0.00570450656018251,0.00570450656018251
1999-05-01,0.1297062179121506,-0.5987068952326029,0.1319404829815554,-0.003030519110096913,-0.008735025670279423
1999-06-01,0.1383699372504278,-0.5595251813028422,0.13214608290549532,0.008663719338277198,0.011694238448374111
1999-07-01,0.1432544209925841,-0.5374350792107548,0.13242774291690432,0.004884483742156304,-0.0037792355961208945
1999-08-01,0.1404021677124928,-0.5503344088995651,0.1322494770868986,-0.0028522532800912825,-0.007736737022247586
1999-11-01,0.1420065601825441,-0.5430785359496096,0.13219005514356338,0.0016043924700512857,0.004456645750142568
1999-12-01,0.1455718767826583,-0.5269543738385964,0.13242774291690432,0.0035653166001141934,0.0019609241300629077
1999-01-02,0.142719623502567,-0.5398537035274067,0.1326499809849781,-0.0028522532800912825,-0.006417569880205476
1999-02-02,0.1428978893325727,-0.5390474954218561,0.13282824681498379,0.00017826583000568608,0.0030305191100969686
1999-03-02,0.1521677124928693,-0.49712467393322324,0.1332085472523293,0.00926982316029662,0.009091557330290934
1999-04-02,0.1550199657729606,-0.48422534424441305,0.13392992964441905,0.0028522532800912825,-0.006417569880205337
1999-05-02,0.1575156873930405,-0.47293843076670394,0.13493416048678453,0.0024957216200799104,-0.00035653166001137215
1999-08-02,0.1534155733029092,-0.491481217194369,0.13557591747480507,-0.004100114090131307,-0.0065958357102112175
1999-09-02,0.1518111808328579,-0.49873709014432444,0.13625332762882672,-0.0016043924700512857,0.0024957216200800214
1999-10-02,0.1516329150028522,-0.4995432982498751,0.13696639094884955,-0.00017826583000571383,0.0014261266400455719
1999-11-02,0.150563320022818,-0.5043805468831788,0.1376140901312036,-0.0010695949800341997,-0.0008913291500284859
1999-12-02,0.1557330290929834,-0.4810005118222106,0.13833309564555993,0.005169709070165396,0.0062393040501995956
1999-01-03,0.1550199657729606,-0.48422534424441305,0.13907586993725038,-0.0007130633200227998,-0.005882772390188196
1999-02-03,0.1502067883628066,-0.50599296309428,0.13965226278760218,-0.004813177410153996,-0.004100114090131196
1999-03-03,0.1452153451226468,-0.5285667900496981,0.14007653546301574,-0.004991443240159793,-0.0001782658300057971
1999-04-03,0.1408656588705076,-0.5482382678251336,0.14035938391329145,-0.004349686252139218,0.0006417569880205753
1999-05-03,0.1434326868225898,-0.5366288711052042,0.14085852823730743,0.002567027952082218,0.006916714204221436
1999-08-03,0.1416500285225327,-0.5446909521607108,0.14129825061798817,-0.0017826583000571106,-0.004349686252139329
1999-09-03,0.1441457501426126,-0.5334040386830018,0.1420410249096786,0.0024957216200799104,0.004278379920137021
1999-10-03,0.1414717626925271,-0.545497160266261,0.14258414147176263,-0.002673987450085513,-0.005169709070165424
1999-11-03,0.1430761551625784,-0.5382412873163054,0.1432080718767826,0.0016043924700513135,0.004278379920136827
1999-12-03,0.1438961779806046,-0.5345327300307727,0.14383556759840269,0.0008200228180262059,-0.0007843696520251076
1999-01-04,0.1332715345122646,-0.5825827331215906,0.1440613709830766,-0.010624643468340023,-0.011444666286366229
1999-06-04,0.1309540787221905,-0.5930634384937485,0.1441920992584141,-0.0023174557900740855,0.008307187678265937
1999-07-04,0.1314175698802053,-0.590967297419317,0.14433827723901876,0.000463491158014806,0.0027809469480888915
1999-08-04,0.1321306332002281,-0.5877424649971146,0.14431807377828482,0.0007130633200227998,0.0002495721620079938
1999-09-04,0.1298844837421563,-0.5979006871270522,0.14432401597261832,-0.0022461494580718055,-0.0029592127780946054
1999-12-04,0.1322019395322304,-0.5874199817548943,0.1441184160486784,0.0023174557900740855,0.004563605248145891
1999-04-05,0.144502281802624,-0.5317916224719005,0.14416001140901308,0.012300342270393616,0.00998288648031953
1999-05-05,0.1434326868225898,-0.5366288711052042,0.14426102871268298,-0.0010695949800341997,-0.013369937250427816
1999-06-05,0.1482458642327438,-0.5148612522553372,0.14446900551435632,0.004813177410153996,0.005882772390188196
1999-07-05,0.1426483171705647,-0.540176186769627,0.14437155352728653,-0.0055975470621791035,-0.0104107244723331
1999-10-05,0.1462849401026811,-0.523729541416394,0.14449039741395697,0.00363662293211639,0.009234169994295494
1999-11-05,0.1465701654306902,-0.522439608447513,0.14461280661722756,0.00028522532800911993,-0.00335139760410727
1999-12-05,0.1471762692527096,-0.5196985008886409,0.1444464251758889,0.0006061038220193937,0.0003208784940102738
1999-01-06,0.1286366229321163,-0.6035441438659069,0.1435669804145274,-0.018539646320593295,-0.01914575014261269
1999-02-06,0.1322019395322304,-0.5874199817548943,0.1427231888191671,0.0035653166001140824,0.022104962920707377
1999-03-06,0.1314888762122076,-0.5906448141770967,0.1419922989161437,-0.0007130633200227998,-0.004278379920136882
1999-04-06,0.1294566457501426,-0.5998355865803738,0.14124714774671984,-0.0020322304620649934,-0.0013191671420421935
1999-07-06,0.1322019395322304,-0.5874199817548943,0.14059944856436576,0.002745293782087793,0.0047775242441527865
1999-08-06,0.1322019395322304,-0.5874199817548943,0.1399874025480129,0.0,-0.002745293782087793
1999-09-06,0.1303479749001711,-0.5958045460526207,0.13914123407491913,-0.0018539646320592795,-0.0018539646320592795
1999-10-06,0.133628066172276,-0.5809703169104894,0.1384281707548963,0.003280091272104879,0.005134055904164159
1999-11-06,0.1361237877923559,-0.5696834034327803,0.13795873740254797,0.0024957216200799104,-0.0007843696520249688
1999-01-07,0.1439674843126069,-0.5342102467885524,0.1379171420422133,0.007843696520250992,0.005347974900171082
1999-02-07,0.1414717626925271,-0.545497160266261,0.13793734550294726,-0.0024957216200797994,-0.010339418140330792
1999-05-07,0.1425413576725613,-0.5406599116329573,0.13790763453127966,0.0010695949800341997,0.003565316600113999
1999-06-07,0.1421135196805476,-0.5425948110862788,0.13792308423654684,-0.0004278379920136799,-0.0014974329720478796
1999-07-07,0.1391543069024529,-0.5559778656384194,0.13775670279520819,-0.0029592127780947164,-0.0025313747860810365
1999-08-07,0.1409369652025099,-0.5479157845829133,0.13773887621220757,0.0017826583000569995,0.004741871078151716
1999-09-07,0.1405804335424985,-0.5495282007940145,0.13765568549153825,-0.0003565316600113999,-0.0021391899600683995
1999-12-07,0.1410439247005133,-0.547432059719583,0.13756061038220188,0.000463491158014806,0.0008200228180262059
1999-02-08,0.145750142612664,-0.5261481657330458,0.13797656398554856,0.004706217912150701,0.004242726754135895
1999-03-08,0.147532800912721,-0.5180860846775397,0.1385291880585662,0.0017826583000569995,-0.0029235596120937013
1999-04-08,0.1514546491728465,-0.5003495063554256,0.13919709070165429,0.00392184826012551,0.0021391899600685105
1999-05-08,0.1491371933827723,-0.5108302117275842,0.13976397604107238,-0.0023174557900742243,-0.006239304050199734
1999-06-08,0.1466414717626925,-0.5221171252052927,0.14032254230842361,-0.0024957216200797994,-0.00017826583000557505
1999-09-08,0.1456788362806617,-0.5264706489752662,0.14077177220003798,-0.0009626354820307936,0.0015330861380490057
1999-10-08,0.1428978893325727,-0.5390474954218561,0.14071829245103626,-0.0027809469480890026,-0.001818311466058209
1999-11-08,0.1450370792926411,-0.5293729981552487,0.14077177220003798,0.0021391899600683995,0.004920136908157402
1999-12-08,0.1469980034227039,-0.5205047089941915,0.14073017683970332,0.0019609241300627966,-0.0001782658300056028
1999-01-09,0.1398673702224757,-0.5527530332162169,0.14063747860810033,-0.0071306332002281925,-0.009091557330290989
1999-02-09,0.1380134055904164,-0.5611375975139434,0.14036176079102483,-0.0018539646320593073,0.005276668568168885
1999-03-09,0.13968910439247,-0.5535592413217675,0.14013239208975084,0.0016756988020536212,0.0035296634341129285
1999-06-09,0.1377281802624072,-0.5624275304828247,0.1398174557900741,-0.0019609241300627966,-0.003636622932116418
1999-07-09,0.1386195094124358,-0.5583964899550712,0.1401502186727514,0.0008913291500285969,0.0028522532800913936
1999-08-09,0.1387977752424415,-0.5575902818495206,0.14037007986309177,0.00017826583000568608,-0.0007130633200229108
1999-09-09,0.1396177980604677,-0.5538817245639879,0.14064104392470045,0.0008200228180262059,0.0006417569880205198
1999-10-09,0.1400456360524814,-0.5519468251106663,0.14099401026811176,0.00042783799201370765,-0.00039218482601249827
1999-01-10,0.156909583571021,-0.4756795383255766,0.1418175984027381,0.01686394751853959,0.016436109526525883
1999-04-10,0.1544851682829435,-0.4866439685610648,0.14256037269442856,-0.0024244152880774916,-0.019288362806617082
1999-05-10,0.1582287507130633,-0.4697135983445015,0.14348973188819164,0.003743582430119796,0.006167997718197288
1999-06-10,0.1497789503707929,-0.5079278625476016,0.14402809469480884,-0.008449800342270414,-0.01219338277239021
1999-07-10,0.1535225328009127,-0.4909974923310383,0.14460805286176073,0.003743582430119796,0.01219338277239021
1999-08-10,0.1527025099828864,-0.49470604961657144,0.14489922038410338,-0.0008200228180262892,-0.004563605248146085
1999-11-10,0.1514546491728465,-0.5003495063554256,0.1452319832667807,-0.0012478608100398858,-0.0004278379920135966
1999-12-10,0.1530590416428978,-0.4930936334054702,0.14558257273245856,0.0016043924700512857,0.0028522532800911715
1999-01-11,0.1398673702224757,-0.5527530332162169,0.1455077010838562,-0.013191671420422102,-0.014796063890473388
1999-02-11,0.1404021677124928,-0.5503344088995651,0.14554929644419087,0.0005347974900171137,0.013726468910439216
1999-03-11,0.1407586993725042,-0.5487219926884639,0.14554335424985734,0.0003565316600113999,-0.00017826583000571383
1999-04-11,0.1407586993725042,-0.5487219926884639,0.14554929644419085,0.0,-0.0003565316600113999
1999-05-11,0.1404021677124928,-0.5503344088995651,0.1455279045445902,-0.0003565316600113999,-0.0003565316600113999
1999-08-11,0.134875926982316,-0.5753268601716345,0.14516543069024526,-0.005526240730176796,-0.005169709070165396
1999-09-11,0.1356959498003422,-0.5716183028861019,0.1447708689864993,0.0008200228180261782,0.006346263548202974
1999-10-11,0.1368368511123787,-0.5664585710105778,0.14428360905115037,0.0011409013120365075,0.0003208784940103293
1999-11-11,0.1373716486023958,-0.564039946693926,0.14389142422513782,0.0005347974900171137,-0.0006061038220193937
1999-12-11,0.1355889903023388,-0.5721020277494321,0.14352300817645933,-0.0017826583000569995,-0.0023174557900741133
1999-01-12,0.13968910439247,-0.5535592413217675,0.14332335044685296,0.004100114090131196,0.005882772390188196
1999-02-12,0.1386195094124358,-0.5583964899550712,0.1431807377828484,-0.0010695949800341997,-0.005169709070165396
1999-03-12,0.1359455219623502,-0.5704896115383309,0.14287768587183872,-0.0026739874500855965,-0.0016043924700513967
1999-06-12,0.1354107244723331,-0.5729082358549827,0.1424914432401597,-0.0005347974900171137,0.0021391899600684827
1999-07-12,0.1377281802624072,-0.5624275304828247,0.14242013690815739,0.0023174557900741133,0.002852253280091227
1999-08-12,0.1379064460924129,-0.5616213223772741,0.14241657159155727,0.00017826583000568608,-0.002139189960068427
1999-09-12,0.1361237877923559,-0.5696834034327803,0.1422977277048868,-0.0017826583000569995,-0.0019609241300626856
1999-10-12,0.1367655447803764,-0.5667810542527982,0.14226563985548576,0.0006417569880204921,0.0024244152880774916
2000-04-01,0.1437179121505989,-0.5353389381363234,0.14243558661342454,0.006952367370222506,0.006310610382202014
2000-05-01,0.1430761551625784,-0.5382412873163054,0.14257819927742912,-0.0006417569880204921,-0.0075941243582429985
2000-06-01,0.1379064460924129,-0.5616213223772741,0.1425211542118273,-0.005169709070165507,-0.004527952082145015
2000-07-01,0.1377281802624072,-0.5624275304828247,0.14244390568549148,-0.00017826583000568608,0.004991443240159821
2000-10-01,0.1380847119224186,-0.5608151142717235,0.14181640996387138,0.0003565316600113999,0.000534797490017086
2000-11-01,0.1384412435824301,-0.5592026980606218,0.14128161247385426,0.0003565316600114832,8.326672684688674e-17
2000-12-01,0.1380847119224186,-0.5608151142717235,0.14061014451416612,-0.0003565316600114832,-0.0007130633200229664
2000-01-02,0.1415787221905305,-0.5450134354029307,0.14033680357482406,0.0034940102681118856,0.003850541928123369
2000-02-02,0.1403308613804905,-0.5506568921417855,0.1398970811941433,-0.0012478608100399968,-0.0047418710781518825
2000-03-02,0.1400456360524814,-0.5519468251106663,0.13947518539646314,-0.00028522532800909217,0.0009626354820309047
2000-04-02,0.1411152310325157,-0.5471095764773622,0.1391305381251188,0.001069594980034283,0.0013548203080433752
2000-07-02,0.1488876212207644,-0.5119589030753546,0.13899149077771433,0.007772390188248712,0.006702795208214429
2000-08-02,0.1425413576725613,-0.5406599116329573,0.1390806236927172,-0.006346263548203113,-0.014118653736451825
2000-09-02,0.1458571021106674,-0.5256644408697155,0.139262454839323,0.0033157444381061163,0.009662007986309229
2000-10-02,0.145750142612664,-0.5261481657330458,0.13942883628066166,-0.0001069594980034061,-0.0034227039361095224
2000-11-02,0.145750142612664,-0.5261481657330458,0.13959521772200034,0.0,0.0001069594980034061
2000-01-03,0.1373716486023958,-0.564039946693926,0.1394942004183304,-0.00837849401026819,-0.00837849401026819
2000-02-03,0.1341628636622932,-0.578551692593837,0.13947043164099635,-0.003208784940102599,0.00516970907016559
2000-03-03,0.133628066172276,-0.5809703169104894,0.13940150218672748,-0.0005347974900172248,0.0026739874500853744
2000-06-03,0.1361237877923559,-0.5696834034327803,0.13937773340939336,0.0024957216200799104,0.003030519110097135
2000-07-03,0.1346976611523103,-0.5761330682771852,0.13928860049439049,-0.0014261266400455996,-0.00392184826012551
2000-08-03,0.1352324586423274,-0.5737144439605333,0.13927671610572348,0.0005347974900171137,0.0019609241300627134
2000-09-03,0.1346976611523103,-0.5761330682771852,0.1391103346643848,-0.0005347974900171137,-0.0010695949800342275
2000-10-03,0.1368368511123787,-0.5664585710105778,0.13905091272104955,0.0021391899600683995,0.002673987450085513
2000-03-04,0.1343411294922989,-0.5777454844882864,0.13899743297204786,-0.0024957216200797994,-0.004634911580148199
2000-04-04,0.1325584711922418,-0.5858075655437931,0.13890235786271146,-0.0017826583000571106,0.0007130633200226888
2000-05-04,0.1368368511123787,-0.5664585710105778,0.1388726468910439,0.00427837992013691,0.0060610382201940205
2000-06-04,0.1363020536223616,-0.5688771953272296,0.13881916714204218,-0.000534797490017086,-0.004813177410153996
2000-07-04,0.1359455219623502,-0.5704896115383309,0.13881322494770865,-0.0003565316600113999,0.00017826583000568608
2000-10-04,0.1357672561323445,-0.5712958196438815,0.1387799486594409,-0.00017826583000571383,0.00017826583000568608
2000-11-04,0.1371220764403879,-0.5651686380416965,0.13856008746910053,0.001354820308043403,0.0015330861380491168
2000-12-04,0.1363020536223616,-0.5688771953272296,0.13833428408442663,-0.0008200228180262892,-0.002174843126069692
2000-02-05,0.1330932686822589,-0.5833889412271411,0.1381738448374215,-0.00320878494010271,-0.002388762122076421
2000-03-05,0.1329150028522532,-0.5841951493326918,0.1380134055904164,-0.00017826583000571383,0.0030305191100969964
2000-04-05,0.1329150028522532,-0.5841951493326918,0.1378410819547442,0.0,0.00017826583000571383
2000-05-05,0.1355889903023388,-0.5721020277494321,0.13774600684540783,0.0026739874500856242,0.0026739874500856242
2000-08-05,0.1323802053622361,-0.5866137736493436,0.13755585662673508,-0.00320878494010271,-0.005882772390188334
2000-09-05,0.1325584711922418,-0.5858075655437931,0.13725518159345876,0.00017826583000568608,0.0033870507701083963
2000-10-05,0.1338063320022818,-0.5801641088049382,0.13703769728085186,0.0012478608100400246,0.0010695949800343385
2000-11-05,0.1329150028522532,-0.5841951493326918,0.1368000095075109,-0.0008913291500286247,-0.0021391899600686493
2000-12-05,0.131845407872219,-0.5890323979659955,0.13649101540216765,-0.0010695949800341997,-0.00017826583000557505
2000-01-06,0.1291714204221334,-0.6011255195492552,0.13583380870887998,-0.0026739874500855965,-0.0016043924700513967
2000-02-06,0.1297062179121506,-0.5987068952326029,0.13540597071686628,0.000534797490017197,0.0032087849401027935
2000-05-06,0.1339845978322875,-0.5793579006993876,0.13501022057425363,0.00427837992013691,0.003743582430119713
2000-06-06,0.1330932686822589,-0.5833889412271411,0.13458832477657345,-0.0008913291500285969,-0.005169709070165507
2000-07-06,0.1345193953223046,-0.5769392763827358,0.13421396653356146,0.0014261266400457107,0.0023174557900743076
2000-08-06,0.134875926982316,-0.5753268601716345,0.13413077581289212,0.0003565316600113999,-0.0010695949800343107
2000-09-06,0.1341628636622932,-0.578551692593837,0.13413077581289212,-0.0007130633200227998,-0.0010695949800341997
2000-12-06,0.1332715345122646,-0.5825827331215906,0.1341188914242251,-0.0008913291500286247,-0.00017826583000582485
2000-03-07,0.1327367370222475,-0.5850013574382423,0.13400598973188813,-0.000534797490017086,0.0003565316600115387
2000-04-07,0.1325584711922418,-0.5858075655437931,0.13393468339988587,-0.00017826583000571383,0.00035653166001137215
2000-05-07,0.1325584711922418,-0.5858075655437931,0.133845550484883,0.0,0.00017826583000571383
2000-06-07,0.131845407872219,-0.5890323979659955,0.1337504753755466,-0.0007130633200227998,-0.0007130633200227998
2000-07-07,0.1323802053622361,-0.5866137736493436,0.1336019205172085,0.0005347974900171137,0.0012478608100399136
2000-10-07,0.1320236737022247,-0.5882261898604448,0.13352467199087273,-0.0003565316600113999,-0.0008913291500285137
2000-11-07,0.1320236737022247,-0.5882261898604448,0.13350684540787217,0.0,0.0003565316600113999
2000-12-07,0.1313106103822019,-0.5914510222826473,0.13332263738353292,-0.0007130633200227998,-0.0007130633200227998
2000-01-08,0.1321306332002281,-0.5877424649971146,0.13318359003612848,0.0008200228180262059,0.0015330861380490057
2000-02-08,0.1314888762122076,-0.5906448141770967,0.1330350351777904,-0.0006417569880205198,-0.0014617798060467257
2000-03-08,0.1314175698802053,-0.590967297419317,0.13289004563605242,-7.130633200227998e-05,0.0005704506560182399
2000-04-08,0.1310610382201939,-0.5925797136304182,0.13268801102871264,-0.0003565316600113999,-0.00028522532800911993
2000-07-08,0.130062749572162,-0.5970944790215017,0.1324800342270393,-0.0009982886480319197,-0.0006417569880205198
2000-08-08,0.1302410154021677,-0.5962882709159509,0.13238495911770293,0.00017826583000571383,0.0011765544780376336
2000-09-08,0.1282800912721049,-0.6051565600770081,0.13223046206503133,-0.0019609241300627966,-0.0021391899600685105
2000-10-08,0.1284583571021106,-0.6043503519714576,0.13208190720669324,0.00017826583000568608,0.0021391899600684827
2000-11-08,0.1293496862521392,-0.6003193114437041,0.1318739304050199,0.0008913291500285969,0.0007130633200229108
2000-01-09,0.1307758128921848,-0.5938696465992992,0.13182045065601822,0.0014261266400455996,0.0005347974900170027
2000-04-09,0.1313106103822019,-0.5914510222826473,0.13177885529568353,0.0005347974900171137,-0.0008913291500284859
2000-05-09,0.1308827723901882,-0.5933859217359689,0.13168140330861375,-0.00042783799201370765,-0.0009626354820308214
2000-06-09,0.1311323445521962,-0.592257230388198,0.13162198136527853,0.0002495721620079938,0.0006774101540217015
2000-07-09,0.1297062179121506,-0.5987068952326029,0.13155067503327625,-0.0014261266400455996,-0.0016756988020535935
2000-08-09,0.1289931545921277,-0.6019317276548057,0.13154473283894272,-0.0007130633200228831,0.0007130633200227166
2000-11-09,0.1281018254420992,-0.6059627681825588,0.131491253089941,-0.0008913291500285137,-0.00017826583000563057
2000-12-09,0.1277452937820878,-0.6075751843936601,0.1312832762882677,-0.0003565316600113999,0.0005347974900171137
2000-02-10,0.1287435824301197,-0.6030604190025767,0.13113828674652972,0.0009982886480319197,0.0013548203080433197
2000-03-10,0.1286366229321163,-0.6035441438659069,0.13094219433352344,-0.0001069594980034061,-0.0011052481460353258
2000-04-10,0.128814888762122,-0.6027379357603564,0.13074015972618364,0.00017826583000568608,0.00028522532800909217
2000-05-10,0.1284583571021106,-0.6043503519714576,0.13055000950751086,-0.0003565316600113999,-0.000534797490017086
2000-06-10,0.1277452937820878,-0.6075751843936601,0.13036580148317164,-0.0007130633200227998,-0.0003565316600113999
2000-09-10,0.1279235596120935,-0.6067689762881093,0.13020536223616652,0.00017826583000571383,0.0008913291500285137
2000-10-10,0.1281018254420992,-0.6059627681825588,0.13005680737782843,0.00017826583000568608,-2.7755575615628914e-17
2000-11-10,0.128814888762122,-0.6027379357603564,0.12993202129682443,0.0007130633200227998,0.0005347974900171137
2000-12-10,0.1276739874500855,-0.6078976676358803,0.12979297394942,-0.0011409013120364797,-0.0018539646320592795
2000-01-11,0.124001711351968,-0.6245055546102234,0.1295136908157444,-0.003672276098117516,-0.0025313747860810365
2000-02-11,0.124001711351968,-0.6245055546102234,0.12924629207073585,0.0,0.003672276098117516
2000-03-11,0.1225755847119224,-0.6309552194546283,0.12893135577105908,-0.0014261266400455996,-0.0014261266400455996
2000-06-11,0.1232886480319452,-0.6277303870324258,0.12866395702605055,0.0007130633200227998,0.0021391899600683995
2000-07-11,0.1236451796919566,-0.6261179708213246,0.1283811085757748,0.0003565316600113999,-0.0003565316600113999
2000-08-11,0.1227538505419281,-0.6301490113490776,0.12808994105343216,-0.0008913291500284998,-0.0012478608100398997
2000-09-11,0.1230390758699372,-0.6288590783801967,0.12781065791975657,0.00028522532800910605,0.0011765544780376058
2000-10-11,0.1231103822019395,-0.6285365951379766,0.12754563605248143,7.130633200229386e-05,-0.0002139189960068122
2000-01-12,0.1216842555618938,-0.6349862599823818,0.1272663529188058,-0.0014261266400456968,-0.0014974329720479906
2000-04-12,0.120971192241871,-0.6382110924045843,0.1269573588134626,-0.0007130633200227998,0.000713063320022897
2000-05-12,0.121969480889903,-0.6336963270135004,0.12674700513405585,0.000998288648032003,0.0017113519680548028
2000-06-12,0.1225755847119224,-0.6309552194546283,0.1265509127210496,0.0006061038220193937,-0.0003921848260126093
2000-07-12,0.1238234455219623,-0.625311762715774,0.12636670469671035,0.0012478608100398997,0.000641756988020506
2000-08-12,0.1225755847119224,-0.6309552194546283,0.12609336375736827,-0.0012478608100398997,-0.0024957216200797994
2000-11-12,0.1207929264118653,-0.639017300510135,0.1257427742916904,-0.0017826583000570967,-0.000534797490017197
2000-12-12,0.1207929264118653,-0.639017300510135,0.12540644609241294,0.0,0.0017826583000570967
2001-02-01,0.1182972047917854,-0.6503042139878439,0.12497860810039925,-0.0024957216200798965,-0.0024957216200798965
2001-03-01,0.1159797490017113,-0.6607849193600018,0.12452105913671795,-0.0023174557900740994,0.0001782658300057971
2001-04-01,0.1149101540216771,-0.6656221679933056,0.12405162578436958,-0.0010695949800341997,0.0012478608100398997
2001-05-01,0.1158014831717056,-0.6615911274655525,0.12364161437535648,0.0008913291500284998,0.0019609241300626995
2001-08-01,0.1175841414717626,-0.6535290464100464,0.12330290929834563,0.0017826583000569995,0.0008913291500284998
2001-09-01,0.1168710781517398,-0.6567538788322488,0.12290715915573297,-0.0007130633200227998,-0.0024957216200797994
2001-10-01,0.116158014831717,-0.6599787112544513,0.12249120555238634,-0.0007130633200227998,0.0
2001-11-01,0.1166928123217341,-0.6575600869377993,0.12208713633770674,0.0005347974900170999,0.0012478608100398997
2001-12-01,0.1172276098117512,-0.6551414626211476,0.12171277809469476,0.0005347974900170999,0.0
2001-01-02,0.1257130633200228,-0.6167659567969371,0.12164503707929258,0.008485453508271595,0.007950656018254496
2001-02-02,0.1238234455219623,-0.625311762715774,0.12150836660962154,-0.0018896177980605028,-0.010375071306332098
2001-05-02,0.1229321163719338,-0.6293428032435271,0.12133604297394937,-0.0008913291500284998,0.000998288648032003
2001-06-02,0.1207929264118653,-0.639017300510135,0.12106864422894081,-0.0021391899600684966,-0.0012478608100399968
2001-07-02,0.1197233314318311,-0.6438545491434384,0.12080362236166567,-0.0010695949800341997,0.0010695949800342969
2001-08-02,0.117940673131774,-0.6519166301989451,0.12060158775432586,-0.0017826583000570967,-0.000713063320022897
2001-09-02,0.1175841414717626,-0.6535290464100464,0.12038766875831902,-0.0003565316600113999,0.0014261266400456968
2001-12-02,0.1170493439817455,-0.6559476707266982,0.12020346073397979,-0.0005347974900170999,-0.00017826583000569995
2001-01-03,0.1154449515116942,-0.6632035436766537,0.11994200418330475,-0.0016043924700512996,-0.0010695949800341997
2001-02-03,0.1122361665715915,-0.6777152895765652,0.11956170374595926,-0.00320878494010271,-0.0016043924700514106
2001-05-03,0.1115231032515687,-0.6809401219987677,0.11918734550294727,-0.0007130633200227998,0.0024957216200799104
2001-06-03,0.1122361665715915,-0.6777152895765652,0.11882724852633574,0.0007130633200227998,0.0014261266400455996
2001-07-03,0.1122361665715915,-0.6777152895765652,0.11846477467199082,0.0,-0.0007130633200227998
2001-08-03,0.1136622932116371,-0.6712656247321603,0.11819737592698226,0.0014261266400455996,0.0014261266400455996
2001-09-03,0.1152666856816885,-0.6640097517822042,0.1180072257083095,0.0016043924700514106,0.00017826583000581098
2001-12-03,0.1154449515116942,-0.6632035436766537,0.11778974139570254,0.00017826583000569995,-0.0014261266400457107
2001-02-04,0.1077795208214489,-0.697870492215331,0.1172965392660201,-0.007665430690245306,-0.007843696520251006
2001-03-04,0.1088491158014831,-0.6930332435820273,0.11679739494200411,0.0010695949800341997,0.008735025670279506
2001-04-04,0.1088491158014831,-0.6930332435820273,0.11633984597832282,0.0,-0.0010695949800341997
2001-05-04,0.1095621791215059,-0.6898084111598248,0.11596548773531085,0.0007130633200227998,0.0007130633200227998
2001-06-04,0.1097404449515116,-0.6890022030542743,0.11559707168663239,0.00017826583000569995,-0.0005347974900170999
2001-09-04,0.1097404449515116,-0.6890022030542743,0.11531184635862327,0.0,-0.00017826583000569995
2001-10-04,0.1088491158014831,-0.6930332435820273,0.1150741585852823,-0.0008913291500284998,-0.0008913291500284998
2001-11-04,0.1090273816314888,-0.6922270354764768,0.11487806617227604,0.00017826583000569995,0.0010695949800341997
2001-12-04,0.1102752424415288,-0.6865835787376219,0.1146938581479368,0.0012478608100399968,0.0010695949800342969
2001-01-05,0.1093126069594979,-0.6909371025075958,0.11441814033086133,-0.0009626354820308908,-0.0022104962920708876
2001-02-05,0.1109883057615516,-0.6833587463154195,0.11422204791785505,0.0016756988020536906,0.0026383342840845814
2001-03-05,0.1109883057615516,-0.6833587463154195,0.11404972428218287,0.0,-0.0016756988020536906
2001-04-05,0.1100969766115231,-0.6873897868431726,0.1138298630918425,-0.0008913291500284998,-0.0008913291500284998
2001-08-05,0.1088491158014831,-0.6930332435820273,0.11355057995816688,-0.0012478608100399968,-0.00035653166001149705
2001-09-05,0.1087778094694809,-0.6933557268242472,0.11298607149648215,-7.130633200219672e-05,0.0011765544780378001
2001-10-05,0.111344837421563,-0.6817463301043184,0.11257011789313552,0.0025670279520820932,0.00263833428408429
2001-11-05,0.1095621791215059,-0.6898084111598248,0.11212445331812125,-0.0017826583000570967,-0.00434968625213919
2001-01-06,0.111344837421563,-0.6817463301043184,0.11180951701844451,0.0017826583000570967,0.0035653166001141934
2001-04-06,0.1117013690815744,-0.680133913893217,0.11154211827343596,0.0003565316600113999,-0.0014261266400456968
2001-05-06,0.1096691386195093,-0.6893246862964946,0.11126640045636045,-0.0020322304620650905,-0.0023887621220764904
2001-06-06,0.1100969766115231,-0.6873897868431726,0.11101682829435247,0.0004278379920137909,0.0024600684540788814
2001-07-06,0.1092056474614945,-0.6914208273709261,0.11075537174367743,-0.0008913291500285969,-0.0013191671420423878
2001-08-06,0.1095621791215059,-0.6898084111598248,0.11055927933067117,0.0003565316600113999,0.0012478608100399968
2001-11-06,0.1100969766115231,-0.6873897868431726,0.1104879729986689,0.000534797490017197,0.0001782658300057971
2001-12-06,0.1091343411294923,-0.691743310613146,0.11040834759459968,-0.0009626354820307936,-0.0014974329720479906
2001-02-07,0.1081360524814603,-0.6962580760042297,0.11027167712492864,-0.000998288648032003,-3.565316600120938e-05
2001-03-07,0.1076012549914432,-0.6986767003208817,0.11011718007225703,-0.0005347974900170999,0.00046349115801490315
2001-04-07,0.1068881916714203,-0.7019015327430845,0.10989137668758313,-0.000713063320022897,-0.0001782658300057971
2001-05-07,0.1065316600114089,-0.7035139489541857,0.10960020916524048,-0.0003565316600113999,0.00035653166001149705
2001-06-07,0.105283799201369,-0.7091574056930401,0.10926150408822964,-0.0012478608100398997,-0.0008913291500284998
2001-09-07,0.1067099258414147,-0.7027077408486347,0.1092258509222285,0.0014261266400456968,0.0026739874500855965
2001-10-07,0.1067099258414147,-0.7027077408486347,0.10915454459022622,0.0,-0.0014261266400456968
2001-11-07,0.1063533941814033,-0.7043201570597359,0.1090713538695569,-0.0003565316600113999,-0.0003565316600113999
2001-12-07,0.1065316600114089,-0.7035139489541857,0.10897033656588699,0.0001782658300056028,0.0005347974900170027
2001-01-08,0.1058185966913861,-0.7067387813763882,0.10883960829054946,-0.0007130633200227998,-0.0008913291500284026
2001-02-08,0.1055690245293781,-0.7078674727241591,0.10870056094314502,-0.0002495721620080077,0.0004634911580147921
2001-03-08,0.1058185966913861,-0.7067387813763882,0.10859954363947513,0.0002495721620080077,0.0004991443240160154
2001-06-08,0.1051055333713633,-0.7099636137985906,0.10846881536413762,-0.0007130633200227998,-0.0009626354820308075
2001-07-08,0.102253280091272,-0.722862943487401,0.10820141661912905,-0.0028522532800912964,-0.0021391899600684966
2001-08-08,0.1027880775812892,-0.7204443191707486,0.10798393230652209,0.000534797490017197,0.0033870507701084934
2001-09-08,0.1027880775812892,-0.7204443191707486,0.10771059136718002,0.0,-0.000534797490017197
2001-10-08,0.1051055333713633,-0.7099636137985906,0.10751449895417374,0.0023174557900740994,0.0023174557900740994
2001-03-09,0.1042142042213348,-0.7139946543263437,0.10731840654116746,-0.0008913291500284998,-0.003208784940102599
2001-04-09,0.103501140901312,-0.7172194867485461,0.10714014071116178,-0.0007130633200227998,0.00017826583000569995
2001-05-09,0.1040359383913291,-0.7148008624318943,0.10698207834189002,0.0005347974900170999,0.0012478608100398997
2001-06-09,0.1036794067313177,-0.7164132786429955,0.10672656398554853,-0.0003565316600113999,-0.0008913291500284998
2001-07-09,0.1038576725613234,-0.715607070537445,0.10653641376687578,0.00017826583000569995,0.0005347974900170999
2001-10-09,0.1036794067313177,-0.7164132786429955,0.10628089941053426,-0.00017826583000569995,-0.0003565316600113999
2001-11-09,0.1036794067313177,-0.7164132786429955,0.1060135006655257,0.0,0.00017826583000569995
2001-12-09,0.1051055333713633,-0.7099636137985906,0.1058613804905875,0.0014261266400455996,0.0014261266400455996
2001-01-10,0.117940673131774,-0.6519166301989451,0.10612283704126255,0.012835139760410702,0.011409013120365102
2001-02-10,0.1184754706217912,-0.6494980058822928,0.10643183114660576,0.000534797490017197,-0.012300342270393505
2001-03-10,0.1182258984597832,-0.6506266972300637,0.10672062179121501,-0.0002495721620080077,-0.0007843696520252047
2001-04-10,0.1190102681118083,-0.6470793815656409,0.10701773150789116,0.0007843696520251076,0.0010339418140331152
2001-05-10,0.1202581289218482,-0.6414359248267867,0.10738852443430305,0.0012478608100398997,0.0004634911580147921
2001-08-10,0.1202581289218482,-0.6414359248267867,0.10779259364898265,0.0,-0.0012478608100398997
2001-09-10,0.1197233314318311,-0.6438545491434384,0.10819666286366222,-0.0005347974900170999,-0.0005347974900170999
2001-10-10,0.1146605818596691,-0.6667508593410765,0.10845574253660387,-0.005062749572162004,-0.004527952082144904
2001-11-10,0.1120579007415858,-0.6785214976821159,0.10863995056094308,-0.0026026811180833026,0.002460068454078701
2001-12-10,0.1122361665715915,-0.6777152895765652,0.10887169613995051,0.00017826583000569995,0.0027809469480890026
2001-01-11,0.1056403308613805,-0.7075449894819383,0.10883604297394937,-0.0065958357102109955,-0.006774101540216695
2001-02-11,0.1051055333713633,-0.7099636137985906,0.10878256322494767,-0.000534797490017197,0.0060610382201937985
2001-05-11,0.1017184826012549,-0.7252815678040527,0.10862806617227605,-0.0033870507701083963,-0.0028522532800911993
2001-06-11,0.1017184826012549,-0.7252815678040527,0.1084676269252709,0.0,0.0033870507701083963
2001-07-11,0.1024315459212777,-0.7220567353818503,0.10835472523293396,0.0007130633200227998,0.0007130633200227998
2001-08-11,0.1018967484312606,-0.7244753596985021,0.10823231602966339,-0.0005347974900170999,-0.0012478608100398997
2001-09-11,0.1010054192812321,-0.7285064002262552,0.10807187678265825,-0.0008913291500284998,-0.0003565316600113999
2001-12-11,0.1026098117512835,-0.7212505272762992,0.10798868606198891,0.0016043924700513967,0.0024957216200798965
2001-03-12,0.1036794067313177,-0.7164132786429955,0.10803622361665711,0.0010695949800341997,-0.000534797490017197
2001-04-12,0.1046776953793496,-0.7118985132519122,0.10809921087659245,0.000998288648031892,-7.130633200230774e-05
2001-05-12,0.1024315459212777,-0.7220567353818503,0.1080873264879254,-0.002246149458071889,-0.003244438106103781
2001-06-12,0.1051055333713633,-0.7099636137985906,0.1080873264879254,0.0026739874500855965,0.004920136908157485
2001-07-12,0.1068881916714203,-0.7019015327430845,0.10817645940292825,0.0017826583000569995,-0.0008913291500285969
2001-10-12,0.1056403308613805,-0.7075449894819383,0.10824776573493053,-0.0012478608100398025,-0.003030519110096802
2001-11-12,0.1059968625213919,-0.7059325732708371,0.1083131298725993,0.0003565316600113999,0.0016043924700512024
2001-12-12,0.1076012549914432,-0.6986767003208817,0.1084438581479368,0.0016043924700512996,0.0012478608100398997
2002-02-01,0.1182972047917854,-0.6503042139878439,0.10892517588895222,0.010695949800342205,0.009091557330290906
2002-03-01,0.1197233314318311,-0.6438545491434384,0.10945997337896934,0.0014261266400456968,-0.009269823160296509
2002-04-01,0.1215059897318881,-0.6357924680879324,0.11005419281232168,0.0017826583000569995,0.00035653166001130276
2002-07-01,0.1227538505419281,-0.6301490113490776,0.1106424700513405,0.0012478608100399968,-0.0005347974900170027
2002-08-01,0.1247147746719908,-0.6212807221880209,0.1108682734360144,0.0019609241300626995,0.0007130633200227027
2002-09-01,0.124001711351968,-0.6245055546102234,0.11105248146035361,-0.0007130633200227998,-0.0026739874500854993
2002-10-01,0.1273887621220764,-0.6091876006047613,0.11135791024909672,0.0033870507701083963,0.004100114090131196
2002-11-01,0.1243582430119794,-0.6228931383991222,0.11153617607910243,-0.0030305191100969964,-0.006417569880205393
2002-01-02,0.1061038220193953,-0.7054488484075069,0.11106436584902066,-0.01825442099258409,-0.015223901882487095
2002-04-02,0.1079577866514546,-0.6970642841097804,0.11065435444000755,0.0018539646320592934,0.020108385624643385
2002-05-02,0.1079577866514546,-0.6970642841097804,0.110262169613995,0.0,-0.0018539646320592934
2002-06-02,0.1141970907016542,-0.6688470004155086,0.11024671990872784,0.0062393040501995956,0.0062393040501995956
2002-07-02,0.1102752424415288,-0.6865835787376219,0.1101872979653926,-0.003921848260125399,-0.010161152310324995
2002-08-02,0.1108100399315459,-0.6841649544209701,0.1101397604107244,0.0005347974900170999,0.004456645750142499
2002-11-02,0.1115231032515687,-0.6809401219987677,0.11033585282373068,0.0007130633200227998,0.00017826583000569995
2002-12-02,0.111095265259555,-0.6828750214520893,0.11053551055333706,-0.00042783799201369377,-0.0011409013120364936
2002-01-03,0.1149101540216771,-0.6656221679933056,0.11097523293401781,0.003814888762122104,0.004242726754135798
2002-04-03,0.1185824301197946,-0.6490142810189626,0.11153736451796914,0.0036722760981174885,-0.00014261266400461547
2002-05-03,0.1175841414717626,-0.6535290464100464,0.11204245103631863,-0.0009982886480319891,-0.004670564746149478
2002-06-03,0.1159797490017113,-0.6607849193600018,0.112511884388667,-0.0016043924700512996,-0.0006061038220193105
2002-07-03,0.11437535653166,-0.6680407923099574,0.11295754896368125,-0.0016043924700512996,0.0
2002-08-03,0.1145536223616657,-0.6672345842044067,0.11335567598402733,0.00017826583000569995,0.0017826583000569995
2002-11-03,0.116158014831717,-0.6599787112544513,0.11377162958737398,0.0016043924700512996,0.0014261266400455996
2002-12-03,0.1148388476896748,-0.6659446512355259,0.1141103346643848,-0.0013191671420422074,-0.002923559612093507
2002-02-04,0.120971192241871,-0.6382110924045843,0.11472832287507126,0.006132344552196203,0.007451511694238411
2002-03-04,0.122219053051911,-0.6325676356657295,0.11529877353108951,0.0012478608100399968,-0.0048844837421562065
2002-04-04,0.1191172276098117,-0.6465956567023108,0.11570640806236923,-0.003101825442099304,-0.004349686252139301
2002-05-04,0.119188533941814,-0.6462731734600904,0.116158014831717,7.130633200230774e-05,0.003173131774101612
2002-08-04,0.1171563034797489,-0.655463945863368,0.11652999619699558,-0.0020322304620651044,-0.002103536794067412
2002-09-04,0.117405875641757,-0.6543352545155965,0.11685681688533937,0.00024957216200810484,0.0022818026240732092
2002-10-04,0.1170493439817455,-0.6559476707266982,0.1168152215250047,-0.00035653166001149705,-0.0006061038220196019
2002-11-04,0.119188533941814,-0.6462731734600904,0.11679739494200413,0.0021391899600684966,0.0024957216200799937
2002-12-04,0.117405875641757,-0.6543352545155965,0.1166607244723331,-0.0017826583000569995,-0.003921848260125496
2002-01-05,0.1165145464917284,-0.65836629504335,0.11645274767065979,-0.0008913291500285969,0.0008913291500284026
2002-02-05,0.1158014831717056,-0.6615911274655525,0.1161556379539836,-0.0007130633200227998,0.0001782658300057971
2002-03-05,0.117405875641757,-0.6543352545155965,0.11593577676364325,0.0016043924700513967,0.0023174557900741966
2002-07-05,0.1193667997718197,-0.6454669653545398,0.1156683780186347,0.0019609241300626995,0.00035653166001130276
2002-08-05,0.1193667997718197,-0.6454669653545398,0.11550199657729604,0.0,-0.0019609241300626995
2002-09-05,0.1172276098117512,-0.6551414626211476,0.1158727895037079,-0.0021391899600684966,-0.0021391899600684966
2002-10-05,0.1194737592698231,-0.6449832404912095,0.11625665525765351,0.002246149458071889,0.004385339418140385
2002-05-06,0.1346976611523103,-0.5761330682771852,0.11714798440768202,0.015223901882487206,0.012977752424415318
2002-06-06,0.1305975470621791,-0.5946758547048497,0.1176946662863662,-0.004100114090131196,-0.019324015972618402
2002-07-06,0.1332002281802624,-0.5829052163638104,0.1184588324776573,0.0026026811180832887,0.006702795208214485
2002-10-06,0.1307758128921848,-0.5938696465992992,0.11912435824301194,-0.0024244152880776026,-0.005027096406160891
2002-11-06,0.1289931545921277,-0.6019317276548057,0.11970669328769724,-0.0017826583000570828,0.0006417569880205198
2002-12-06,0.1286366229321163,-0.6035441438659069,0.12029140521011596,-0.0003565316600113999,0.001426126640045683
2002-01-07,0.125784369652025,-0.6164434735547173,0.12065387906446089,-0.0028522532800913103,-0.0024957216200799104
2002-02-07,0.1281018254420992,-0.6059627681825588,0.12097119224187104,0.0023174557900741966,0.005169709070165507
2002-03-07,0.1298844837421563,-0.5979006871270522,0.12138120365088416,0.0017826583000571106,-0.000534797490017086
2002-04-07,0.1297062179121506,-0.5987068952326029,0.12183875261456546,-0.00017826583000571383,-0.0019609241300628244
2002-05-07,0.1297062179121506,-0.5987068952326029,0.12234978132724848,0.0,0.00017826583000571383
2002-08-07,0.1307758128921848,-0.5938696465992992,0.12289052101159911,0.0010695949800341997,0.0010695949800341997
2002-09-07,0.1316671420422133,-0.589838606071546,0.12340749191861566,0.0008913291500285137,-0.00017826583000568608
2002-10-07,0.1344480889903023,-0.5772617596249561,0.12406113329530324,0.0027809469480890026,0.001889617798060489
2002-11-07,0.133628066172276,-0.5809703169104894,0.12448302909298342,-0.0008200228180263169,-0.0036009697661153195
2002-12-07,0.1350541928123217,-0.5745206520660839,0.12491086708499709,0.0014261266400457107,0.0022461494580720276
2002-01-08,0.1165145464917284,-0.65836629504335,0.12482411104772767,-0.018539646320593295,-0.019965772960639006
2002-02-08,0.1195450656018254,-0.6446607572489892,0.12483599543639472,0.0030305191100969964,0.02157016543069029
2002-05-08,0.1193667997718197,-0.6454669653545398,0.12490967864613041,-0.00017826583000569995,-0.0032087849401026963
2002-06-08,0.1188320022818026,-0.6478855896711916,0.1249572162007986,-0.0005347974900170999,-0.0003565316600113999
2002-07-08,0.1200798630918425,-0.6422421329323373,0.12505823350446849,0.0012478608100398997,0.0017826583000569995
2002-08-08,0.1215059897318881,-0.6357924680879324,0.1251354820308043,0.0014261266400455996,0.00017826583000569995
2002-09-08,0.1197233314318311,-0.6438545491434384,0.12521273055714008,-0.0017826583000569995,-0.003208784940102599
2002-12-08,0.1223973188819167,-0.631761427560179,0.12540882297014636,0.0026739874500855965,0.004456645750142596
2002-02-09,0.1140188248716485,-0.6696532085210591,0.12534940102681114,-0.008378494010268203,-0.0110524814603538
2002-03-09,0.1145536223616657,-0.6672345842044067,0.12525432591747473,0.0005347974900172109,0.008913291500285414
2002-04-09,0.1138405590416428,-0.6704594166266097,0.12507011789313552,-0.0007130633200229108,-0.0012478608100401217
2002-05-09,0.1152666856816885,-0.6640097517822042,0.12493344742346447,0.0014261266400457107,0.0021391899600686215
2002-06-09,0.116158014831717,-0.6599787112544513,0.12489779425746335,0.0008913291500284998,-0.0005347974900172109
2002-09-09,0.1163362806617227,-0.6591725031489007,0.12479321163719333,0.00017826583000569995,-0.0007130633200227998
2002-10-09,0.1165145464917284,-0.65836629504335,0.12418710781517393,0.00017826583000569995,0.0
2002-11-09,0.116158014831717,-0.6599787112544513,0.12370579007415854,-0.0003565316600113999,-0.0005347974900170999
2002-12-09,0.1167997718197375,-0.6570763620744692,0.12315910819547438,0.0006417569880204921,0.000998288648031892
2002-01-10,0.115908442669709,-0.6611074026022221,0.1226635291880585,-0.0008913291500284998,-0.0015330861380489919
2002-02-10,0.1145536223616657,-0.6672345842044067,0.12218221144704312,-0.001354820308043292,-0.0004634911580147921
2002-03-10,0.1146605818596691,-0.6667508593410765,0.12171634341129488,0.00010695949800339222,0.0014617798060466841
2002-04-10,0.1141970907016542,-0.6688470004155086,0.12133010077961584,-0.00046349115801490315,-0.0005704506560182954
2002-07-10,0.1145536223616657,-0.6672345842044067,0.12087849401026807,0.00035653166001151093,0.0008200228180264141
2002-08-10,0.1129492298916143,-0.6744904571543627,0.12031398554858333,-0.0016043924700514106,-0.0019609241300629215
2002-09-10,0.1099187107815174,-0.6881959949487233,0.11965440197756222,-0.0030305191100968992,-0.0014261266400454886
2002-10-10,0.1095621791215059,-0.6898084111598248,0.11898293401787406,-0.00035653166001149705,0.002673987450085402
2002-11-10,0.1077795208214489,-0.697870492215331,0.11821639094884955,-0.0017826583000569995,-0.0014261266400455025
2002-01-11,0.1166928123217341,-0.6575600869377993,0.11771724662483357,0.008913291500285206,0.010695949800342205
2002-04-11,0.1133057615516257,-0.6728780409432615,0.11701250237687767,-0.00338705077010841,-0.012300342270393616
2002-05-11,0.1150884198516828,-0.6648159598877549,0.11639451416619123,0.0017826583000571106,0.005169709070165521
2002-06-11,0.1140188248716485,-0.6696532085210591,0.11569333523483546,-0.0010695949800343107,-0.0028522532800914213
2002-07-11,0.1151953793496862,-0.6643322350244246,0.1156493629967674,0.001176554478037703,0.0022461494580720137
2002-08-11,0.1182258984597832,-0.6506266972300637,0.11560539075869931,0.0030305191100969964,0.0018539646320592934
2002-11-11,0.116158014831717,-0.6599787112544513,0.1154984312606959,-0.002067883628066189,-0.005098402738163185
2002-12-11,0.117405875641757,-0.6543352545155965,0.1154508937060277,0.0012478608100399968,0.0033157444381061857
2002-02-12,0.1125926982316029,-0.676102873365464,0.11520132154401971,-0.004813177410154107,-0.006061038220194104
2002-03-12,0.1130561893896177,-0.6740067322910325,0.1149196615326107,0.000463491158014806,0.005276668568168913
2002-04-12,0.1175841414717626,-0.6535290464100464,0.11484835520060842,0.004527952082144904,0.004064460924130098
2002-05-12,0.119188533941814,-0.6462731734600904,0.11474139570260501,0.0016043924700513967,-0.002923559612093507
2002-06-12,0.1205433542498573,-0.6401459918579059,0.11495888001521196,0.0013548203080433058,-0.00024957216200809096
2002-09-12,0.1195450656018254,-0.6446607572489892,0.11512526145655062,-0.0009982886480319059,-0.0023531089560752116
2002-10-12,0.117940673131774,-0.6519166301989451,0.11526193192622165,-0.0016043924700513967,-0.0006061038220194909
2002-11-12,0.1195450656018254,-0.6446607572489892,0.11540454459022623,0.0016043924700513967,0.0032087849401027935
2002-12-12,0.1204363947518539,-0.640629716721236,0.11554715725423079,0.0008913291500284998,-0.000713063320022897
2003-02-01,0.1236451796919566,-0.6261179708213246,0.11579078722190525,0.0032087849401026963,0.0023174557900741966
2003-03-01,0.1252495721620079,-0.618862097871369,0.1160819547442479,0.0016043924700513135,-0.0016043924700513829
2003-06-01,0.1297062179121506,-0.5987068952326029,0.11653356151359567,0.004456645750142679,0.002852253280091366
2003-07-01,0.1272104962920707,-0.6099938087103118,0.11688058566267347,-0.0024957216200798826,-0.006952367370222562
2003-08-01,0.1248930405019965,-0.6204745140824702,0.11718007225708305,-0.0023174557900742104,0.0001782658300056722
2003-09-01,0.1269609241300627,-0.6111225000580828,0.11759364898269628,0.0020678836280662166,0.004385339418140427
2003-10-01,0.1272104962920707,-0.6099938087103118,0.11801197946377634,0.0002495721620079938,-0.0018183114660582228
2003-03-02,0.1273887621220764,-0.6091876006047613,0.11845170184445708,0.00017826583000568608,-7.130633200230774e-05
2003-04-02,0.1275670279520821,-0.6083813924992106,0.11888548203080428,0.00017826583000571383,2.7755575615628914e-17
2003-05-02,0.1303479749001711,-0.5958045460526207,0.11946544019775618,0.0027809469480890026,0.0026026811180832887
2003-06-02,0.1248930405019965,-0.6204745140824702,0.11996458452177214,-0.005454934398174613,-0.008235881346263615
2003-07-02,0.1225755847119224,-0.6309552194546283,0.12039836470811936,-0.0023174557900740994,0.0031374786081005135
2003-10-02,0.1204363947518539,-0.640629716721236,0.12082026050579953,-0.0021391899600684966,0.0001782658300056028
2003-11-02,0.1176911009697661,-0.6530453215467157,0.12085353679406725,-0.002745293782087807,-0.0006061038220193105
2003-12-02,0.117405875641757,-0.6543352545155965,0.12099020726373831,-0.00028522532800909217,0.002460068454078715
2003-03-03,0.1190102681118083,-0.6470793815656409,0.12112093553907582,0.0016043924700512996,0.0018896177980603918
2003-04-03,0.1214346833998858,-0.6361149513301527,0.12136813082335039,0.0024244152880775055,0.0008200228180262059
2003-05-03,0.120721620079863,-0.6393397837523551,0.12155233884768962,-0.0007130633200227998,-0.0031374786081003053
2003-06-03,0.1197233314318311,-0.6438545491434384,0.12160225328009124,-0.0009982886480319059,-0.00028522532800910605
2003-07-03,0.1210781517398744,-0.6377273675412539,0.12176625784369646,0.0013548203080433058,0.0023531089560752116
2003-10-03,0.1213277239018824,-0.636598676193483,0.12189698611903399,0.0002495721620079938,-0.001105248146035312
2003-11-03,0.1206146605818596,-0.6398235086156855,0.12216438486404255,-0.0007130633200227998,-0.0009626354820307936
2003-12-03,0.120971192241871,-0.6382110924045843,0.12242821829245099,0.0003565316600113999,0.0010695949800341997
2003-01-04,0.112877923559612,-0.674812940396583,0.12227134436204597,-0.008093268682259,-0.0084498003422704
2003-02-04,0.111344837421563,-0.6817463301043184,0.12200988781137093,-0.0015330861380490057,0.006560182544209994
2003-03-04,0.1104535082715345,-0.6857773706320713,0.12167355961209349,-0.0008913291500284998,0.000641756988020506
2003-04-04,0.1111665715915573,-0.6825525382098689,0.1213942764784179,0.0007130633200227998,0.0016043924700512996
2003-07-04,0.1109883057615516,-0.6833587463154195,0.12116253089941048,-0.00017826583000569995,-0.0008913291500284998
2003-08-04,0.1122361665715915,-0.6777152895765652,0.12091890093173602,0.0012478608100398997,0.0014261266400455996
2003-09-04,0.1141970907016542,-0.6688470004155086,0.12071092413006271,0.0019609241300626995,0.0007130633200227998
2003-10-04,0.1140188248716485,-0.6696532085210591,0.12039004563605243,-0.00017826583000569995,-0.0021391899600683995
2003-11-04,0.1138405590416428,-0.6704594166266097,0.12000974519870693,-0.00017826583000569995,0.0
2003-01-05,0.1207929264118653,-0.639017300510135,0.11971263548203076,0.006952367370222506,0.007130633200228206
2003-02-05,0.124001711351968,-0.6245055546102234,0.11960567598402733,0.0032087849401026963,-0.00374358243011981
2003-06-05,0.1256061038220193,-0.6172496816602678,0.11962944476136142,0.0016043924700513135,-0.0016043924700513829
2003-07-05,0.1243582430119794,-0.6228931383991222,0.11954268872409197,-0.0012478608100399136,-0.002852253280091227
2003-08-05,0.1231103822019395,-0.6285365951379766,0.11940601825442093,-0.0012478608100398997,1.3877787807814457e-17
2003-09-05,0.1250713063320022,-0.6196683059769197,0.11932876972808512,0.0019609241300626995,0.003208784940102599
2003-12-05,0.1254278379920136,-0.6180558897658185,0.11925746339608284,0.0003565316600113999,-0.0016043924700512996
2003-02-06,0.1150884198516828,-0.6648159598877549,0.11874881156113323,-0.010339418140330792,-0.010695949800342192
2003-03-06,0.1156232173416999,-0.6623973355711031,0.11843981745579003,0.0005347974900170999,0.010874215630347892
2003-04-06,0.1158014831717056,-0.6615911274655525,0.11821401407111612,0.00017826583000569995,-0.0003565316600113999
2003-05-06,0.11437535653166,-0.6680407923099574,0.11801197946377633,-0.0014261266400455996,-0.0016043924700512996
2003-06-06,0.116158014831717,-0.6599787112544513,0.11796087659250802,0.0017826583000569995,0.003208784940102599
2003-09-06,0.1158014831717056,-0.6615911274655525,0.1179073968435063,-0.0003565316600113999,-0.0021391899600683995
2003-10-06,0.1154449515116942,-0.6632035436766537,0.11778855295683585,-0.0003565316600113999,0.0
2003-11-06,0.1144823160296634,-0.667557067446627,0.11755680737782842,-0.0009626354820308075,-0.0006061038220194076
2003-12-06,0.1149101540216771,-0.6656221679933056,0.11736309184255557,0.00042783799201370765,0.0013904734740445152
2003-01-07,0.1170493439817455,-0.6559476707266982,0.1172739589275527,0.0021391899600683995,0.0017113519680546918
2003-02-07,0.1177624073017684,-0.6527228383044953,0.11716343411294917,0.000713063320022897,-0.0014261266400455025
2003-03-07,0.1195450656018254,-0.6446607572489892,0.11710401216961394,0.0017826583000569995,0.0010695949800341026
2003-04-07,0.1206146605818596,-0.6398235086156855,0.11710401216961393,0.0010695949800341997,-0.0007130633200227998
2003-07-07,0.1206146605818596,-0.6398235086156855,0.1170921277809469,0.0,-0.0010695949800341997
2003-08-07,0.1218625213918996,-0.6341800518768307,0.11739161437535647,0.0012478608100399968,0.0012478608100399968
2003-09-07,0.1236451796919566,-0.6261179708213246,0.1178016257843696,0.0017826583000569995,0.0005347974900170027
2003-10-07,0.1266756988020536,-0.6124124330269637,0.11834236546872025,0.0030305191100969964,0.0012478608100399968
2003-11-07,0.1241799771819737,-0.6236993465046727,0.11877614565506746,-0.0024957216200798965,-0.005526240730176893
2003-01-08,0.1371933827723901,-0.5648461547994766,0.11964964822209541,0.013013405590416402,0.015509127210496298
2003-04-08,0.1341628636622932,-0.578551692593837,0.1203805381251188,-0.0030305191100968853,-0.016043924700513287
2003-05-08,0.1322019395322304,-0.5874199817548943,0.12098069975280466,-0.0019609241300628244,0.001069594980034061
2003-06-08,0.1304192812321734,-0.5954820628104004,0.12152738163148882,-0.0017826583000569995,0.00017826583000582485
2003-07-08,0.1305975470621791,-0.5946758547048497,0.12208594789884004,0.00017826583000571383,0.0019609241300627134
2003-08-08,0.1346976611523103,-0.5761330682771852,0.12254943905685486,0.004100114090131196,0.003921848260125482
2003-11-08,0.1322019395322304,-0.5874199817548943,0.12282277999619695,-0.0024957216200799104,-0.0065958357102111065
2003-12-08,0.1322019395322304,-0.5874199817548943,0.12304264118653732,0.0,0.0024957216200799104
2003-01-09,0.1384412435824301,-0.5592026980606218,0.12351207453888567,0.006239304050199707,0.006239304050199707
2003-02-09,0.1368368511123787,-0.5664585710105778,0.12396962350256698,-0.0016043924700513967,-0.007843696520251103
2003-03-09,0.1320236737022247,-0.5882261898604448,0.1242013690815744,-0.004813177410153996,-0.003208784940102599
2003-04-09,0.1334498003422703,-0.5817765250160399,0.12446876782658296,0.0014261266400455996,0.0062393040501995956
2003-05-09,0.1329150028522532,-0.5841951493326918,0.1250629872599353,-0.0005347974900171137,-0.0019609241300627134
2003-08-09,0.1363020536223616,-0.5688771953272296,0.12575228180262402,0.003387050770108424,0.003921848260125538
2003-09-09,0.1377281802624072,-0.5624275304828247,0.1264831717056474,0.0014261266400455996,-0.0019609241300628244
2003-10-09,0.1404021677124928,-0.5503344088995651,0.12735073207834186,0.0026739874500855965,0.0012478608100399968
2003-11-09,0.1409369652025099,-0.5479157845829133,0.1281766970907016,0.000534797490017086,-0.0021391899600685105
2003-12-09,0.1441457501426126,-0.5334040386830018,0.12912150598973185,0.00320878494010271,0.0026739874500856242
2003-01-10,0.1373716486023958,-0.564039946693926,0.1298523958927552,-0.0067741015402167926,-0.009982886480319503
2003-02-10,0.1355889903023388,-0.5721020277494321,0.1305559517018444,-0.0017826583000569995,0.004991443240159793
2003-03-10,0.1357672561323445,-0.5712958196438815,0.13125118843886666,0.00017826583000568608,0.0019609241300626856
2003-06-10,0.127032230462065,-0.6108000168158625,0.13158395132154396,-0.008735025670279506,-0.008913291500285192
2003-07-10,0.1272104962920707,-0.6099938087103118,0.1318988876212207,0.00017826583000571383,0.00891329150028522
2003-08-10,0.1289931545921277,-0.6019317276548057,0.13221382392089745,0.0017826583000569995,0.0016043924700512857
2003-09-10,0.1263191671420422,-0.614024849238065,0.13240397413957022,-0.002673987450085513,-0.004456645750142513
2003-10-10,0.1277452937820878,-0.6075751843936601,0.13264166191291116,0.0014261266400455996,0.004100114090131113
2003-03-11,0.1350541928123217,-0.5745206520660839,0.1330813842935919,0.007308899030233906,0.005882772390188307
2003-04-11,0.1305262407301768,-0.5949983379470701,0.1333107529948659,-0.004527952082144904,-0.01183685111237881
2003-05-11,0.1332002281802624,-0.5829052163638104,0.13352823730747285,0.0026739874500855965,0.0072019395322305
2003-06-11,0.1313106103822019,-0.5914510222826473,0.13376592508081378,-0.001889617798060489,-0.004563605248146085
2003-07-11,0.1316671420422133,-0.589838606071546,0.13358171705647456,0.0003565316600113999,0.002246149458071889
2003-10-11,0.1339845978322875,-0.5793579006993876,0.13357577486214103,0.0023174557900741966,0.0019609241300627966
2003-11-11,0.1350541928123217,-0.5745206520660839,0.13367084997147743,0.0010695949800341997,-0.0012478608100399968
2003-12-11,0.1355889903023388,-0.5721020277494321,0.1338431736071496,0.0005347974900171137,-0.000534797490017086
2003-01-12,0.145750142612664,-0.5261481657330458,0.13434826012549908,0.010161152310325189,0.009626354820308075
2003-02-12,0.149315459212778,-0.5100240036220335,0.134835520060848,0.003565316600113999,-0.00659583571021119
2003-03-12,0.1496719908727894,-0.5084115874109323,0.1354178551055333,0.0003565316600113999,-0.003208784940102599
2003-04-12,0.1486023958927552,-0.513248836044236,0.13596453698421748,-0.0010695949800341997,-0.0014261266400455996
2003-05-12,0.1477110667427267,-0.5172798765719892,0.1362735310895607,-0.0008913291500285137,0.00017826583000568608
2003-08-12,0.1509198516828294,-0.5027681306720776,0.13674296444190906,0.00320878494010271,0.004100114090131224
2003-09-12,0.1521677124928693,-0.49712467393322324,0.1374144324015972,0.0012478608100399136,-0.0019609241300627966
2003-10-12,0.1544851682829435,-0.4866439685610648,0.138115611332953,0.0023174557900741966,0.001069594980034283
2003-11-12,0.1521677124928693,-0.49712467393322324,0.1387573683209735,-0.0023174557900741966,-0.004634911580148393
2003-12-12,0.1550199657729606,-0.48422534424441305,0.13938129872599347,0.0028522532800912825,0.005169709070165479
2004-02-01,0.168033371363377,-0.4253721525392168,0.1403914717626925,0.013013405590416416,0.010161152310325133
2004-05-01,0.1676768397033656,-0.42698456875031804,0.14130062749572156,-0.0003565316600113999,-0.013369937250427816
2004-06-01,0.1785510553337136,-0.3778058743117293,0.14255443050009503,0.010874215630347989,0.011230747290359389
2004-07-01,0.1762335995436394,-0.3882865796838877,0.14362402548012926,-0.0023174557900741966,-0.013191671420422185
2004-08-01,0.1756988020536223,-0.3907052040005396,0.14490159726183682,-0.0005347974900171137,0.0017826583000570828
2004-09-01,0.1773031945236736,-0.38344933105058404,0.14629207073588132,0.0016043924700513135,0.002139189960068427
2004-12-01,0.1917427267541357,-0.31814647450098255,0.1481579197566077,0.014439532230462099,0.012835139760410785
2004-02-02,0.175877067883628,-0.38989899589498894,0.1497860810039931,-0.0158656588705077,-0.030305191100969797
2004-03-02,0.1748074729035938,-0.39473624452829265,0.15137264689104385,-0.0010695949800341997,0.014796063890473499
2004-04-02,0.1714204221334854,-0.4100541985337547,0.1527868891424225,-0.0033870507701083963,-0.0023174557900741966
2004-05-02,0.1735596120935539,-0.400379701267147,0.1543615706408062,0.0021391899600684827,0.005526240730176879
2004-06-02,0.1719552196235025,-0.40763557421710295,0.15583523483552,-0.0016043924700513967,-0.0037435824301198795
2004-09-02,0.1808685111237877,-0.3673251689395713,0.15736237877923553,0.00891329150028522,0.010517683970336617
2004-10-02,0.1840772960638904,-0.35281342303965985,0.15914741395702597,0.0032087849401026824,-0.005704506560182537
2004-11-02,0.1787293211637193,-0.37699966620617864,0.16066505038980788,-0.005347974900171082,-0.008556759840273764
2004-12-02,0.1878208784940102,-0.33588305282309655,0.16254872599353484,0.009091557330290878,0.01443953223046196
2004-01-03,0.194594980034227,-0.30524714481217224,0.16464632059326864,0.00677410154021682,-0.0023174557900740578
2004-02-03,0.1992298916143753,-0.2842857340678559,0.16682116371933822,0.004634911580148282,-0.0021391899600685382
2004-03-03,0.189781802624073,-0.32701476366203935,0.16864541737972993,-0.009448088990302306,-0.014083000570450588
2004-04-03,0.1978037649743297,-0.2907353989122608,0.17071924320212964,0.008021962350256706,0.017470051340559012
2004-05-03,0.1969124358243011,-0.2947664394400143,0.17242465297585088,-0.0008913291500285969,-0.008913291500285303
2004-08-03,0.2013690815744438,-0.27461123680124805,0.17415977372123975,0.004456645750142707,0.005347974900171304
2004-09-03,0.2013690815744438,-0.27461123680124805,0.17588301007796153,0.0,-0.004456645750142707
2004-10-03,0.210282373074729,-0.2343008315237165,0.17793900931736065,0.008913291500285192,0.008913291500285192
2004-11-03,0.2076083856246434,-0.24639395310697612,0.17993558661342457,-0.0026739874500855965,-0.011587278950370788
2004-12-03,0.2115302338847689,-0.22865737478486214,0.1819559326868225,0.00392184826012551,0.0065958357102111065
2004-01-04,0.2377353108956075,-0.11014478326891879,0.1848081859669138,0.0262050770108386,0.02228322875071309
2004-02-04,0.2502139189960068,-0.053710215880374466,0.1879991443240159,0.012478608100399302,-0.013726468910439299
2004-05-04,0.2468268682258984,-0.06902816988583668,0.1911544495151169,-0.003387050770108424,-0.015865658870507726
2004-06-04,0.2448659440958357,-0.07789645904689337,0.19414931545921274,-0.0019609241300626856,0.0014261266400457384
2004-07-04,0.2454007415858528,-0.0754778347302416,0.1967282277999619,0.000534797490017086,0.0024957216200797716
2004-08-04,0.2429050199657729,-0.08676474820795055,0.19923583380870882,-0.0024957216200798826,-0.0030305191100969686
2004-04-05,0.1721334854535082,-0.40682936611155224,0.19902191481270198,-0.0707715345122647,-0.06827581289218482
2004-05-05,0.1715986879634911,-0.40924799042820414,0.19886741776003036,-0.0005347974900171137,0.07023673702224759
2004-06-05,0.1696377638334284,-0.41811627958926084,0.19866538315269058,-0.0019609241300626856,-0.0014261266400455719
2004-07-05,0.161437535653166,-0.45520185244459005,0.19813652785700697,-0.00820022818026242,-0.006239304050199734
2004-10-05,0.150563320022818,-0.5043805468831788,0.19676388096596306,-0.010874215630347989,-0.0026739874500855687
2004-11-05,0.1568026240730176,-0.4761632631889069,0.19612806617227604,0.0062393040501995956,0.017113519680547584
2004-12-05,0.1555547632629777,-0.48180671992776114,0.1954863091842555,-0.0012478608100398858,-0.007487164860239481
2004-01-06,0.1746292070735881,-0.3955424526338433,0.19559326868225893,0.01907444381061038,0.020322304620650267
2004-02-06,0.1717769537934968,-0.4084417823226535,0.19553384673892368,-0.0028522532800912825,-0.021926697090701663
2004-03-06,0.1621505989731888,-0.4519770200223876,0.1952070260505799,-0.00962635482030802,-0.006774101540216737
2004-04-06,0.1600114090131203,-0.46165151728899534,0.19451178931355764,-0.0021391899600684827,0.007487164860239537
2004-07-06,0.1637549914432401,-0.44472114707243204,0.193834379159536,0.003743582430119796,0.005882772390188279
2004-08-06,0.1650028522532801,-0.4390776903335773,0.19337683019585467,0.0012478608100399968,-0.0024957216200797994
2004-09-06,0.1592983456930975,-0.4648763497111978,0.19242607910249093,-0.005704506560182593,-0.00695236737022259
2004-10-06,0.156374786081004,-0.478098162642228,0.19115207263738349,-0.002923559612093507,0.002780946948089086
2004-11-06,0.1575156873930405,-0.47293843076670394,0.18976159916333898,0.0011409013120365075,0.0040644609241300145
2004-01-07,0.1641115231032515,-0.4431087308613308,0.18890592317931162,0.0065958357102109955,0.005454934398174488
2004-02-07,0.1644680547632629,-0.4414963146502296,0.1877947328389427,0.0003565316600113999,-0.0062393040501995956
2004-05-07,0.1698160296634341,-0.4173100714837103,0.18689151930024714,0.005347974900171193,0.004991443240159793
2004-06-07,0.1694594980034227,-0.41892248769481155,0.18582786651454644,-0.0003565316600113999,-0.005704506560182593
2004-07-07,0.1698160296634341,-0.4173100714837103,0.18477609811751278,0.0003565316600113999,0.0007130633200227998
2004-08-07,0.1756988020536223,-0.3907052040005396,0.18362331241680924,0.005882772390188196,0.005526240730176796
2004-09-07,0.1863947518539646,-0.34233271766750145,0.18291619129111994,0.010695949800342303,0.004813177410154107
2004-12-07,0.1874643468339988,-0.33749546903419775,0.18211399505609427,0.0010695949800341997,-0.009626354820308103
2004-02-08,0.1913861950941243,-0.31975889071208374,0.18056902452937817,0.00392184826012551,0.0028522532800913103
2004-03-08,0.1863947518539646,-0.34233271766750145,0.17844171895797675,-0.00499144324015971,-0.00891329150028522
2004-04-08,0.1906731317741015,-0.3229837231342862,0.17656992774291685,0.00427837992013691,0.00926982316029662
2004-05-08,0.1913861950941243,-0.31975889071208374,0.17478726944285983,0.0007130633200227998,-0.00356531660011411
2004-06-08,0.1928123217341699,-0.31330922586767884,0.1730343221144704,0.0014261266400455996,0.0007130633200227998
2004-09-08,0.1935253850541928,-0.3100843934454759,0.1713883342840844,0.0007130633200229108,-0.0007130633200226888
2004-10-08,0.1928123217341699,-0.31330922586767884,0.1720776288267731,-0.0007130633200229108,-0.0014261266400458217
2004-11-08,0.1899600684540787,-0.32620855555648864,0.17268967484312603,-0.0028522532800911993,-0.0021391899600682884
2004-12-08,0.1892470051340559,-0.32943338797869115,0.17334331621981358,-0.0007130633200227998,0.0021391899600683995
2004-01-09,0.194594980034227,-0.30524714481217224,0.174448564365849,0.00534797490017111,0.0060610382201939095
2004-02-09,0.1956645750142612,-0.30040989617886854,0.1759519395322304,0.0010695949800341997,-0.00427837992013691
2004-03-09,0.1939888762122076,-0.3079882523710445,0.17719148127020343,-0.0016756988020536212,-0.002745293782087821
2004-06-09,0.1878208784940102,-0.33588305282309655,0.17826701844457118,-0.006167997718197399,-0.004492298916143778
2004-07-09,0.1869295493439817,-0.33991409335084954,0.17867702985358427,-0.0008913291500284859,0.005276668568168913
2004-08-09,0.1749857387335995,-0.39393003642274205,0.17878398935158774,-0.011943810610382216,-0.01105248146035373
2004-09-09,0.1732030804335425,-0.4019921174782482,0.17915240540026617,-0.0017826583000569995,0.010161152310325217
2004-10-09,0.1735596120935539,-0.400379701267147,0.17960401216961397,0.0003565316600113999,0.0021391899600683995
2004-01-10,0.1985168282943525,-0.28751056649005835,0.18076274006465104,0.024957216200798604,0.024600684540787204
2004-04-10,0.1981602966343411,-0.2891229827011596,0.18186798821068642,-0.0003565316600113999,-0.025313747860810004
2004-05-10,0.1947732458642327,-0.30444093670662165,0.18305048488305756,-0.0033870507701083963,-0.0030305191100969964
2004-06-10,0.2095693097547062,-0.23752566394591895,0.18482363567218096,0.014796063890473499,0.018183114660581895
2004-07-10,0.2088562464346833,-0.24075049636812176,0.18653498764023574,-0.0007130633200228831,-0.015509127210496382
2004-08-10,0.2095693097547062,-0.23752566394591895,0.18805024719528424,0.0007130633200228831,0.0014261266400457662
2004-11-10,0.2125998288648031,-0.22382012615155847,0.18965463966533555,0.003030519110096913,0.00231745579007403
2004-12-10,0.2051126640045636,-0.2576808665846847,0.1908311941433732,-0.007487164860239509,-0.010517683970336422
2004-01-11,0.2127780946948089,-0.2230139180460074,0.19227514736641943,0.007665430690245306,0.015152595550484815
2004-02-11,0.2111737022247575,-0.23026979099596337,0.19365373645179687,-0.0016043924700513967,-0.009269823160296703
2004-03-11,0.2058257273245864,-0.25445603416248225,0.19465796729416235,-0.00534797490017111,-0.003743582430119713
2004-04-11,0.2133128921848259,-0.22059529372935602,0.19555523863852436,0.007487164860239509,0.012835139760410619
2004-05-11,0.2170564746149458,-0.2036649235127923,0.1965416428978893,0.0037435824301198795,-0.0037435824301196297
2004-08-11,0.2200869937250427,-0.18995938571843182,0.19749833618558657,0.003030519110096913,-0.0007130633200229664
2004-09-11,0.2195521962350256,-0.19237801003508373,0.19860358433162195,-0.0005347974900171137,-0.003565316600114027
2004-10-11,0.2220479178551055,-0.18109109655737463,0.19964941053432206,0.0024957216200799104,0.003030519110097024
2004-11-11,0.2190173987450085,-0.1947966343517355,0.2005704506560182,-0.0030305191100969964,-0.005526240730176907
2004-12-11,0.2215131203650884,-0.18350972087402642,0.2015271439437155,0.0024957216200799104,0.005526240730176907
2004-01-12,0.2297133485453508,-0.14642414801869733,0.20273340939342077,0.008200228180262392,0.005704506560182482
2004-02-12,0.2413006274957215,-0.0940206211579065,0.20434968625213917,0.011587278950370705,0.003387050770108313
2004-03-12,0.233813462635482,-0.12788136159103278,0.20581146605818593,-0.007487164860239509,-0.019074443810610214
2004-06-12,0.2398745008556759,-0.10047028600231142,0.2074990492489066,0.0060610382201939095,0.013548203080433419
2004-07-12,0.2342769537934968,-0.12578522051660124,0.2088217817075489,-0.0055975470621791035,-0.011658585282373013
2004-08-12,0.2213348545350827,-0.18431592897957708,0.2096774576915763,-0.012942099258414108,-0.007344552196235005
2004-09-12,0.2006560182544209,-0.277836069223451,0.20989969575965006,-0.020678836280661805,-0.007736737022247697
2004-10-12,0.1938819167142042,-0.3084719772343747,0.21010173036698987,-0.0067741015402166815,0.013904734740445124
2005-04-01,0.1824729035938391,-0.3600692959896153,0.2099531755086518,-0.011409013120365102,-0.004634911580148421
2005-05-01,0.1847903593839132,-0.3495885906174574,0.21027999619699556,0.0023174557900740855,0.013726468910439188
2005-06-01,0.1835424985738733,-0.35523204735631164,0.21062464346833995,-0.0012478608100398858,-0.0035653166001139713
2005-07-01,0.184968625213919,-0.34878238251190635,0.21100494390568544,0.001426126640045683,0.0026739874500855687
2005-10-01,0.1853251568739304,-0.3471699663008051,0.2105652215250047,0.0003565316600113999,-0.001069594980034283
2005-11-01,0.1872147746719908,-0.3386241603819687,0.2102003707929264,0.0018896177980604056,0.0015330861380490057
2005-12-01,0.1892470051340559,-0.32943338797869115,0.21001616276858714,0.0020322304620651044,0.00014261266400469874
2005-01-02,0.1935253850541928,-0.3100843934454759,0.20948136527857,0.00427837992013691,0.0022461494580718055
2005-02-02,0.194594980034227,-0.30524714481217224,0.20900598973188816,0.0010695949800341997,-0.00320878494010271
2005-03-02,0.1937036508841985,-0.30927818533992535,0.20847713443620455,-0.0008913291500285137,-0.0019609241300627134
2005-04-02,0.1919209925841414,-0.317340266395432,0.20778783989351585,-0.0017826583000571106,-0.0008913291500285969
2005-07-02,0.189781802624073,-0.32701476366203935,0.20727681118083283,-0.0021391899600683995,-0.0003565316600112889
2005-08-02,0.1858599543639475,-0.3447513419841532,0.20637953983647078,-0.003921848260125482,-0.0017826583000570828
2005-09-02,0.1881774101540216,-0.3342706366119953,0.20561299676744624,0.0023174557900740855,0.006239304050199568
2005-10-02,0.1891756988020536,-0.3297558712209115,0.20505799581669512,0.000998288648032003,-0.0013191671420420825
2005-11-02,0.2035082715345122,-0.2649367395346407,0.20473117512835134,0.01433257273245861,0.013334284084426606
2005-01-03,0.2134911580148317,-0.21978908562380495,0.20461233124168088,0.009982886480319503,-0.004349686252139107
2005-02-03,0.2088562464346833,-0.24075049636812176,0.2042379729986689,-0.004634911580148393,-0.014617798060467896
2005-03-03,0.2145607529948659,-0.21495183699050127,0.20407159155733023,0.005704506560182593,0.010339418140330986
2005-04-03,0.210282373074729,-0.2343008315237165,0.20367940673131768,-0.00427837992013691,-0.009982886480319503
2005-07-03,0.2166999429549344,-0.20527733972389353,0.20360215820498193,0.006417569880205393,0.010695949800342303
2005-08-03,0.2184826012549914,-0.1972152586683874,0.20350114090131202,0.0017826583000569995,-0.004634911580148393
2005-09-03,0.2245436394751854,-0.16980418307966555,0.20332881726563984,0.0060610382201940205,0.004278379920137021
2005-10-03,0.2227609811751283,-0.17786626413517218,0.20271082905495336,-0.0017826583000571106,-0.007843696520251131
2005-11-03,0.2190173987450085,-0.1947966343517355,0.20221762692527093,-0.003743582430119796,-0.0019609241300626856
2005-01-04,0.2079649172846548,-0.2447815368958749,0.2011539741395702,-0.011052481460353702,-0.007308899030233906
2005-04-04,0.2027952082144894,-0.26816157195684315,0.20010458262026998,-0.005169709070165396,0.005882772390188307
2005-05-04,0.2020821448944666,-0.2713864043790456,0.19946282563224943,-0.0007130633200227998,0.004456645750142596
2005-06-04,0.2060039931545921,-0.2536498260569316,0.19964109146225514,0.00392184826012551,0.00463491158014831
2005-07-04,0.208499714774672,-0.24236291257922263,0.20012835139760407,0.0024957216200798826,-0.0014261266400456274
2005-08-04,0.2052909298345693,-0.25687465847913404,0.20088895227229508,-0.0032087849401026824,-0.005704506560182565
2005-11-04,0.2108171705647461,-0.2318822072070646,0.20175651264498953,0.005526240730176796,0.008735025670279478
2005-12-04,0.2125998288648031,-0.22382012615155847,0.20272509032135383,0.0017826583000569995,-0.003743582430119796
2005-03-05,0.1988733599543639,-0.28589815027895715,0.20318858147936866,-0.013726468910439216,-0.015509127210496215
2005-04-05,0.2004777524244152,-0.27864227732900154,0.20369366799771818,0.0016043924700513135,0.01533086138049053
2005-05-05,0.2060039931545921,-0.2536498260569316,0.20431997528047152,0.005526240730176907,0.003921848260125593
2005-06-05,0.205469195664575,-0.2560684503735835,0.20486071496482217,-0.0005347974900171137,-0.0060610382201940205
2005-09-05,0.2026169423844837,-0.2689677800623938,0.20516376687583188,-0.0028522532800913103,-0.0023174557900741966
2005-10-05,0.2063605248146034,-0.25203740984583084,0.2055559517018444,0.003743582430119713,0.006595835710211023
2005-11-05,0.2070735881346263,-0.24881257742362792,0.20600161627685867,0.0007130633200229108,-0.003030519110096802
2005-12-05,0.2043996006845407,-0.26090569900688765,0.20641756988020532,-0.0026739874500856242,-0.003387050770108535
2005-01-06,0.2177695379349686,-0.20044009109058986,0.2073504943905685,0.013369937250427899,0.016043924700513523
2005-02-06,0.2213348545350827,-0.18431592897957708,0.20853299106293968,0.00356531660011411,-0.009804620650313789
2005-03-06,0.2231175128351397,-0.17625384792407095,0.20969766115231028,0.0017826583000569995,-0.0017826583000571106
2005-06-06,0.2206217912150598,-0.18754076140178005,0.21074586423274383,-0.0024957216200799104,-0.00427837992013691
2005-07-06,0.222939247005134,-0.1770600560296215,0.21139356341509788,0.0023174557900742243,0.004813177410154135
2005-08-06,0.2184826012549914,-0.1972152586683874,0.21155994485643653,-0.004456645750142624,-0.006774101540216848
2005-09-06,0.2177695379349686,-0.20044009109058986,0.2118570545731127,-0.0007130633200227998,0.003743582430119824
2005-10-06,0.2127780946948089,-0.2230139180460074,0.2117976326297775,-0.004991443240159682,-0.004278379920136882
2005-01-07,0.2049343981745578,-0.2584870746902358,0.21161936679977178,-0.007843696520251103,-0.0028522532800914213
2005-04-07,0.2010125499144323,-0.27622365301234975,0.2110964536984217,-0.00392184826012551,0.003921848260125593
2005-05-07,0.2002994865944095,-0.2794484854345522,0.21049034987640228,-0.0007130633200227998,0.00320878494010271
2005-06-07,0.2001212207644038,-0.2802546935401028,0.20967626925270957,-0.00017826583000568608,0.0005347974900171137
2005-07-07,0.2052909298345693,-0.25687465847913404,0.2090939342080243,0.005169709070165507,0.005347974900171193
2005-08-07,0.20218910439247,-0.2709026795157153,0.20853299106293968,-0.003101825442099304,-0.008271534512264811
2005-11-07,0.2056474614945806,-0.25526224226803335,0.20845574253660387,0.003458357102110593,0.006560182544209897
2005-12-07,0.2078936109526525,-0.24510402013809526,0.20862568929454264,0.002246149458071889,-0.0012122076440387042
2005-01-08,0.2131346263548202,-0.22140150183490667,0.20899410534322108,0.0052410154021677036,0.0029948659440958147
2005-02-08,0.2127780946948089,-0.2230139180460074,0.209219908727895,-0.0003565316600112889,-0.0055975470621789924
2005-03-08,0.2133128921848259,-0.22059529372935602,0.2093803479749001,0.0005347974900170027,0.0008913291500282916
2005-04-08,0.2122432972047917,-0.2254325423626597,0.20961209355390753,-0.0010695949800341997,-0.0016043924700512024
2005-05-08,0.2114589275527666,-0.2289798580270825,0.2096334854535082,-0.0007843696520251076,0.00028522532800909217
2005-08-08,0.2088562464346833,-0.24075049636812176,0.20950869937250424,-0.0026026811180832887,-0.0018183114660581812
2005-09-08,0.2040430690245293,-0.2625181152179889,0.2096810230081764,-0.004813177410154024,-0.002210496292070735
2005-10-08,0.2067170564746149,-0.25042499363472914,0.20988899980984974,0.0026739874500856242,0.007487164860239648
2005-11-08,0.207251853964632,-0.24800636931807735,0.20993059517018436,0.000534797490017086,-0.0021391899600685382
2005-12-08,0.2104606389047347,-0.23349462341816582,0.21009697661152302,0.00320878494010271,0.0026739874500856242
2005-01-09,0.1990516257843696,-0.28509194217340644,0.20997813272485258,-0.011409013120365102,-0.014617798060467813
2005-02-09,0.2049343981745578,-0.2584870746902358,0.20993059517018436,0.005882772390188196,0.017291785510553298
2005-05-09,0.2061822589845978,-0.25284361795138105,0.20990088419851677,0.0012478608100399968,-0.004634911580148199
2005-06-09,0.2051126640045636,-0.2576808665846847,0.20992465297585083,-0.0010695949800341997,-0.0023174557900741966
2005-07-09,0.2049343981745578,-0.2584870746902358,0.20949681498383715,-0.0001782658300057971,0.0008913291500284026
2005-08-09,0.2056474614945806,-0.25526224226803335,0.20897390188248713,0.0007130633200227998,0.0008913291500285969
2005-09-09,0.2036865373645179,-0.26413053142909015,0.20832620270013305,-0.0019609241300627134,-0.002673987450085513
2005-12-09,0.2033300057045065,-0.26574294764019135,0.20774980984978125,-0.0003565316600113999,0.0016043924700513135
2005-03-10,0.2175912721049629,-0.2012462991961404,0.20757154401977557,0.014261266400456413,0.014617798060467813
2005-04-10,0.2195521962350256,-0.19237801003508373,0.20760719718577672,0.0019609241300626856,-0.012300342270393727
2005-05-10,0.2165216771249286,-0.20608354782944457,0.20756560182544204,-0.0030305191100969964,-0.004991443240159682
2005-06-10,0.2195521962350256,-0.19237801003508373,0.2077914052101159,0.0030305191100969964,0.006061038220193993
2005-07-10,0.2263262977752424,-0.16174210202415942,0.20850446853013874,0.00677410154021682,0.003743582430119824
2005-10-10,0.2318525385054192,-0.13674965075208995,0.2095324681498383,0.005526240730176796,-0.0012478608100400246
2005-11-10,0.2313177410154021,-0.13916827506874185,0.2105664099638714,-0.0005347974900171137,-0.0060610382201939095
2005-12-10,0.2343482601254991,-0.12546273727438087,0.2117073112759079,0.003030519110097024,0.003565316600114138
2005-01-11,0.2232957786651454,-0.17544763981852027,0.21230747290359375,-0.011052481460353702,-0.014083000570450727
2005-02-11,0.2191956645750142,-0.19399042624618495,0.2128743582430119,-0.004100114090131224,0.006952367370222479
2005-03-11,0.2247219053051911,-0.168997974974115,0.21351017303669895,0.005526240730176907,0.00962635482030813
2005-04-11,0.2240088419851682,-0.17222280739631782,0.21404734740444945,-0.0007130633200228831,-0.00623930405019979
2005-07-11,0.2215131203650884,-0.18350972087402642,0.21432663053812503,-0.0024957216200797994,-0.0017826583000569163
2005-08-11,0.2228679406731317,-0.1773825392718419,0.2146629587374025,0.001354820308043292,0.0038505419281230913
2005-09-11,0.2273958927552766,-0.15690485339085572,0.21513239208975085,0.004527952082144904,0.003173131774101612
2005-10-11,0.2306046776953793,-0.1423931074909443,0.21574443810610375,0.0032087849401026824,-0.0013191671420422213
2005-11-11,0.2291072447233314,-0.14916525557756946,0.21633271534512258,-0.0014974329720478796,-0.004706217912150562
2005-01-12,0.2511052481460353,-0.049679175352621466,0.21774101540216764,0.021998003422703888,0.023495436394751767
2005-02-12,0.2589489446662864,-0.014206018708393222,0.2195712112568929,0.007843696520251076,-0.014154306902452812
2005-05-12,0.2609098687963491,-0.0053377295473364126,0.22137763833428403,0.0019609241300627134,-0.005882772390188362
2005-06-12,0.2612664004563605,-0.0037253133362350603,0.22317812321734165,0.00035653166001142766,-0.0016043924700512857
2005-07-12,0.2691100969766115,0.03174784330799268,0.22513310515307086,0.007843696520250965,0.007487164860239537
2005-08-12,0.2680405019965772,0.026910594674688624,0.22743273436014444,-0.001069594980034283,-0.008913291500285248
2005-09-12,0.2744580718767826,0.05593408647451171,0.22975019015021864,0.00641756988020542,0.007487164860239703
2005-12-12,0.2835496292070735,0.0970506998575938,0.2323291024909678,0.009091557330290878,0.0026739874500854577
2006-03-01,0.2769537934968624,0.06722099995222017,0.23472380680737776,-0.0065958357102111065,-0.015687393040501985
2006-04-01,0.2805191100969766,0.08334516206323343,0.23724329720479173,0.003565316600114221,0.010161152310325328
2006-05-01,0.2751711351968054,0.05915891889671416,0.23956075299486587,-0.005347974900171193,-0.008913291500285414
2006-06-01,0.2694666286366229,0.03336025951909403,0.24175342270393604,-0.00570450656018251,-0.00035653166001131664
2006-09-01,0.2790929834569309,0.07689549721882803,0.24427885529568355,0.009626354820307992,0.015330861380490501
2006-10-01,0.2769537934968624,0.06722099995222017,0.24625760600874683,-0.0021391899600685105,-0.011765544780376502
2006-11-01,0.2719623502567028,0.04464717299680299,0.24800461114280276,-0.004991443240159599,-0.0028522532800910883
2006-12-01,0.2755276668568168,0.06077133510781526,0.24997147746719905,0.003565316600113999,0.008556759840273598
2006-01-02,0.3029806046776953,0.18492738336261286,0.25275242441528806,0.027452937820878487,0.023887621220764488
2006-02-02,0.3047632629777524,0.19298946441811962,0.2553669899220383,0.0017826583000571383,-0.02567027952082135
2006-03-02,0.304406731317741,0.19137704820701826,0.2577854630157824,-0.00035653166001142766,-0.002139189960068566
2006-06-02,0.3026240730176839,0.18331496715151174,0.2601623407491918,-0.0017826583000570828,-0.0014261266400456551
2006-07-02,0.3011979463776383,0.17686530230710684,0.2623906636242631,-0.0014261266400455996,0.0003565316600114832
2006-08-02,0.2853322875071306,0.1051127809131003,0.2644585472523293,-0.015865658870507726,-0.014439532230462127
2006-09-02,0.2933542498573873,0.14139214566287886,0.2669305000950751,0.008021962350256706,0.023887621220764432
2006-10-02,0.2951369081574443,0.1494542267183851,0.2692776668568168,0.0017826583000570273,-0.006239304050199679
2006-01-03,0.3040501996577296,0.18976463199591714,0.27194571211256885,0.008913291500285303,0.007130633200228276
2006-02-03,0.3036223616657159,0.18782973254259544,0.27468268682258984,-0.0004278379920137354,-0.009341129492299038
2006-03-03,0.3204506560182544,0.26393577770657534,0.2779354440007606,0.01682829435253852,0.017256132344552255
2006-06-03,0.3190245293782088,0.25748611286217044,0.28098973188819165,-0.0014261266400455996,-0.01825442099258412
2006-07-03,0.311002567027952,0.22120674811239138,0.2836696615326107,-0.008021962350256817,-0.0065958357102112175
2006-08-03,0.3093981745579007,0.21395087516243594,0.2863460258604297,-0.0016043924700512857,0.006417569880205531
2006-09-03,0.3067241871078151,0.20185775357917643,0.28819999049248896,-0.0026739874500855687,-0.001069594980034283
2006-10-03,0.3060111237877923,0.19863292115697398,0.2897687297965392,-0.0007130633200227998,0.001960924130062769
2006-03-04,0.3676911009697661,0.47758092567749333,0.29332810420231975,0.061679977181973766,0.062393040501996566
2006-04-04,0.3733956075299486,0.5033795850551135,0.297065744438106,0.00570450656018251,-0.05597547062179126
2006-05-04,0.3701868225898459,0.48886783915520204,0.30043496862521385,-0.0032087849401026824,-0.008913291500285192
2006-06-04,0.3835567598402737,0.5493334470714993,0.30428551055333714,0.013369937250427788,0.01657872219053047
2006-07-04,0.3883699372504278,0.5711010659213668,0.3080825727324586,0.004813177410154079,-0.008556759840273709
2006-10-04,0.3973901882487164,0.6118951960622288,0.3118772580338467,0.009020250998288626,0.004207073588134547
2006-11-04,0.4063747860810039,0.6525280845819806,0.31619129111998473,0.0089845978322875,-3.565316600112611e-05
2006-12-04,0.4092270393610952,0.6654274142707909,0.32048155542878864,0.0028522532800913103,-0.0061323445521961895
2006-02-05,0.4509412435824301,0.8540801109696393,0.3263405590416429,0.04171420422133487,0.03886195094124356
2006-03-05,0.4687678265830006,0.934700921524703,0.33298393230652207,0.017826583000570495,-0.023887621220764377
2006-04-05,0.442562749572162,0.8161883300087597,0.33843292451036316,-0.026205077010838573,-0.04403166001140907
2006-05-05,0.4562892184826012,0.8782663541361582,0.3444107720098878,0.01372646891043916,0.039931545921277734
2006-08-05,0.4448802053622361,0.8266690353809176,0.3501747005134055,-0.011409013120365075,-0.025135482030804235
2006-09-05,0.4500499144324015,0.8500490704418858,0.355992108765925,0.005169709070165396,0.01657872219053047
2006-10-05,0.4659155733029093,0.9218015918358926,0.36142327438676547,0.01586565887050778,0.010695949800342386
2006-11-05,0.4691243582430119,0.9363133377358038,0.3669019775622741,0.003208784940102627,-0.012656873930405155
2006-12-05,0.4873074729035938,1.0185465645019685,0.3729986689484692,0.018183114660581867,0.01497432972047924
2006-01-06,0.3842698231602966,0.5525582794937023,0.375720193953223,-0.10303764974329715,-0.12122076440387902
2006-02-06,0.3878351397604107,0.5686824416047148,0.3786081003993154,0.0035653166001140546,0.10660296634341121
2006-05-06,0.3956788362806617,0.6041555982489428,0.3822863186917665,0.00784369652025102,0.0042783799201369654
2006-06-06,0.3778522532800912,0.5235347876938792,0.3851029188058565,-0.017826583000570495,-0.025670279520821515
2006-07-06,0.3632344552196235,0.4574257230387276,0.3873728370412625,-0.014617798060467702,0.0032087849401027935
2006-08-06,0.3664432401597262,0.47193746893863897,0.38945260505799584,0.0032087849401026824,0.017826583000570384
2006-09-06,0.3614517969195664,0.44936364198322104,0.3913802528997908,-0.004991443240159765,-0.008200228180262448
2006-12-06,0.3475470621791214,0.38647940975027134,0.39228346643848633,-0.013904734740445013,-0.008913291500285248
2006-03-07,0.3568168853394181,0.4284022312389045,0.3935432116371933,0.009269823160296675,0.023174557900741688
2006-04-07,0.3550342270393611,0.4203401501833985,0.3950109336375736,-0.0017826583000569718,-0.011052481460353647
2006-05-07,0.362877923559612,0.45581330682762594,0.3967935919376307,0.007843696520250909,0.00962635482030788
2006-06-07,0.3578864803194523,0.4332394798722083,0.39849900171135194,-0.00499144324015971,-0.012835139760410619
2006-07-07,0.3650171135196805,0.4654878040942338,0.4004658680357482,0.00713063320022822,0.01212207644038793
2006-10-07,0.3482601254991442,0.3897042421724738,0.3998181688533941,-0.016756988020536323,-0.023887621220764543
2006-11-07,0.3571734169994295,0.43001464745000584,0.39927742916904346,0.008913291500285303,0.025670279520821626
2006-12-07,0.3735738733599543,0.504185793160664,0.3993903308613805,0.016400456360524784,0.007487164860239481
2006-01-08,0.3594908727895037,0.44049535282216423,0.39858813462635473,-0.014083000570450588,-0.030483456930975372
2006-02-08,0.3735738733599543,0.504185793160664,0.3980949324966723,0.014083000570450588,0.028166001140901176
2006-03-08,0.3848046206503137,0.5549769038103539,0.3976754135767256,0.011230747290359389,-0.0028522532800911993
2006-04-08,0.3896177980604677,0.5767445226602211,0.39711684730937435,0.004813177410154024,-0.006417569880205365
2006-07-08,0.3985310895607529,0.6170549279377526,0.396760315649363,0.008913291500285192,0.004100114090131168
2006-08-08,0.3871220764403879,0.5654576091825124,0.3946330100779615,-0.01140901312036502,-0.02032230462065021
2006-09-08,0.3919352538505419,0.5872252280323795,0.39207192432021293,0.004813177410154024,0.016222190530519043
2006-10-08,0.3978180262407301,0.6138300955155502,0.3905804335424985,0.005882772390188196,0.001069594980034172
2006-11-08,0.3922917855105533,0.5888376442434808,0.3884471857767636,-0.005526240730176768,-0.011409013120364964
2006-01-09,0.4092270393610952,0.6654274142707909,0.38725874691005896,0.016935253850541898,0.022461494580718666
2006-04-09,0.4179620650313747,0.7049316114427717,0.3861891519300247,0.00873502567027945,-0.008200228180262448
2006-05-09,0.4234883057615516,0.7299240627148418,0.3847749096786461,0.0055262407301769345,-0.003208784940102516
2006-06-09,0.4163576725613234,0.6976757384928163,0.3830160201559231,-0.00713063320022822,-0.012656873930405155
2006-07-09,0.4202795208214489,0.7154123168149303,0.3807817550865183,0.003921848260125538,0.011052481460353758
2006-08-09,0.3928265830005704,0.5912562685601325,0.38106698041452736,-0.027452937820878542,-0.03137478608100408
2006-11-09,0.3739304050199657,0.5057982093717653,0.38060348925651255,-0.018896177980604667,0.008556759840273875
2006-12-09,0.3589560752994866,0.4380767285055123,0.37937939722380676,-0.01497432972047913,0.003921848260125538
2006-02-10,0.3675128351397604,0.4767747175719428,0.37903474995246245,0.00855675984027382,0.02353108956075295
2006-03-10,0.3589560752994866,0.4380767285055123,0.37889213728845783,-0.00855675984027382,-0.01711351968054764
2006-04-10,0.340594694808899,0.3550372936337968,0.3780305191100969,-0.01836138049058761,-0.009804620650313789
2006-05-10,0.345407872219053,0.376804912483664,0.3774957216200798,0.004813177410154024,0.023174557900741632
2006-06-10,0.3471905305191101,0.3848669935391705,0.37748383723141277,0.0017826583000570828,-0.003030519110096941
2006-09-10,0.3587778094694809,0.4372705203999618,0.37754920136908154,0.011587278950370816,0.009804620650313733
2006-10-10,0.3543211637193383,0.41711531776119604,0.3775254325917475,-0.004456645750142596,-0.016043924700513412
2006-11-10,0.3518254420992584,0.40582840428348704,0.377157016543069,-0.0024957216200798826,0.0019609241300627134
2006-12-10,0.3575299486594409,0.4316270636611069,0.37714513215440193,0.005704506560182454,0.008200228180262337
2006-01-11,0.3953223046206502,0.6025431820378412,0.37815530519110097,0.037792355961209334,0.03208784940102688
2006-02-11,0.3971049629207073,0.6106052630933477,0.37978346643848643,0.0017826583000570828,-0.03600969766115225
2006-03-11,0.4045921277809469,0.6444660035264743,0.3813640901312036,0.007487164860239592,0.00570450656018251
2006-06-11,0.4006702795208214,0.6267294252043605,0.3822673036698992,-0.003921848260125482,-0.011409013120365075
2006-07-11,0.4045921277809469,0.6444660035264743,0.38377067883628063,0.003921848260125482,0.007843696520250965
2006-08-11,0.4040573302909298,0.6420473792098225,0.38478679406731314,-0.0005347974900171137,-0.004456645750142596
2006-09-11,0.4037007986309184,0.6404349629987214,0.38541666666666663,-0.00035653166001137215,0.0001782658300057416
2006-10-11,0.419031660011409,0.709768860076076,0.386397128731698,0.015330861380490612,0.015687393040501985
2006-01-12,0.4484455219623502,0.8427931974919304,0.3880609431450846,0.0294138619509412,0.014083000570450588
2006-04-12,0.4555761551625785,0.8750415217139562,0.3903427457691577,0.007130633200228276,-0.022283228750712925
2006-05-12,0.4553978893325727,0.8742353136084051,0.39245816695189195,-0.0001782658300057971,-0.007308899030234073
2006-06-12,0.4423844837421563,0.8153821219032089,0.39394371553527285,-0.013013405590416416,-0.012835139760410619
2006-07-12,0.4420279520821448,0.8137697056921073,0.39560158775432586,-0.0003565316600114832,0.012656873930404933
2006-08-12,0.4480889903023388,0.8411807812808291,0.396896986119034,0.006061038220193993,0.006417569880205476
2006-11-12,0.4438106103822019,0.8218317867476138,0.3977586042973949,-0.00427837992013691,-0.010339418140330903
2006-12-12,0.4484455219623502,0.8427931974919304,0.3985905115040882,0.004634911580148338,0.008913291500285248
2007-02-01,0.4184968625213918,0.7073502357594236,0.39866181783609045,-0.029948659440958425,-0.03458357102110676
2007-03-01,0.4149315459212778,0.6912260736484113,0.39848355200608476,-0.003565316600113999,0.026383342840844426
2007-04-01,0.4045921277809469,0.6444660035264743,0.3988757368320973,-0.010339418140330903,-0.006774101540216904
2007-05-01,0.4074443810610382,0.6573653332152847,0.3999928693667998,0.0028522532800913103,0.013191671420422213
2007-08-01,0.3899743297204792,0.5783569388713227,0.40102681118083283,-0.017470051340559012,-0.020322304620650322
2007-09-01,0.3953223046206502,0.6025431820378412,0.4019537934968625,0.005347974900171026,0.02281802624073004
2007-10-01,0.3985310895607529,0.6170549279377526,0.40327296063890467,0.0032087849401026824,-0.002139189960068344
2007-11-01,0.3971049629207073,0.6106052630933477,0.40515663624263165,-0.0014261266400455996,-0.004634911580148282
2007-12-01,0.3978180262407301,0.6138300955155502,0.4069036413766875,0.0007130633200227998,0.0021391899600683995
2007-01-02,0.4388191671420421,0.7992579597921959,0.4099579292641186,0.041001140901312016,0.04028807758128922
2007-02-02,0.4416714204221335,0.8121572894810064,0.412721049629207,0.002852253280091366,-0.03814888762122065
2007-05-02,0.4284797490017113,0.7524978896702594,0.4151930024719528,-0.013191671420422157,-0.016043924700513523
2007-06-02,0.4416714204221335,0.8121572894810064,0.4181878684160486,0.013191671420422157,0.026383342840844315
2007-07-02,0.441314888762122,0.8105448732699049,0.4209806997528046,-0.0003565316600114832,-0.01354820308043364
2007-08-02,0.4370365088419851,0.7911958787366896,0.42237117322684914,-0.00427837992013691,-0.003921848260125427
2007-09-02,0.4480889903023388,0.8411807812808291,0.42407064080623685,0.011052481460353702,0.015330861380490612
2007-12-02,0.4459498003422703,0.8315062840142212,0.4254492298916144,-0.0021391899600685105,-0.013191671420422213
2007-01-03,0.4641329150028522,0.9137395107803861,0.42756465107434866,0.018183114660581923,0.020322304620650433
2007-02-03,0.4370365088419851,0.7911958787366896,0.42864613044304994,-0.027096406160867115,-0.04527952082144904
2007-05-03,0.4040573302909298,0.6420473792098225,0.42864613044304994,-0.03297917855105531,-0.005882772390188196
2007-06-03,0.4158228750713063,0.6952571141761643,0.42905019965772956,0.011765544780376502,0.04474472333143181
2007-07-03,0.414218482601255,0.6880012412262089,0.4288897604107244,-0.0016043924700512857,-0.013369937250427788
2007-08-03,0.4213491158014831,0.7202495654482339,0.42798654687202886,0.007130633200228109,0.008735025670279395
2007-09-03,0.4206360524814603,0.7170247330260314,0.4268218767826582,-0.0007130633200227998,-0.007843696520250909
2007-12-03,0.4170707358813462,0.7009005709150187,0.4255443050009507,-0.00356531660011411,-0.0028522532800913103
2007-02-04,0.4300841414717627,0.7597537626202154,0.42513429359193755,0.013013405590416527,0.016578722190530637
2007-03-04,0.4281232173416999,0.7508854734591581,0.42467080243392274,-0.0019609241300628244,-0.014974329720479351
2007-04-04,0.4341842555618938,0.7782965490478793,0.42420731127590794,0.006061038220193882,0.008021962350256706
2007-05-04,0.4388191671420421,0.7992579597921959,0.42404092983456926,0.004634911580148338,-0.0014261266400455441
2007-10-04,0.4480889903023388,0.8411807812808291,0.4240290454459022,0.009269823160296675,0.004634911580148338
2007-11-04,0.4509412435824301,0.8540801109696393,0.4251105248146035,0.0028522532800913103,-0.006417569880205365
2007-12-04,0.4480889903023388,0.8411807812808291,0.42621577296063884,-0.0028522532800913103,-0.005704506560182621
2007-01-05,0.4341842555618938,0.7782965490478793,0.4272021772200037,-0.013904734740445013,-0.011052481460353702
2007-02-05,0.4245579007415858,0.7347613113481453,0.427772627876022,-0.009626354820307992,0.004278379920137021
2007-03-05,0.429905875641757,0.7589475545146646,0.4291036794067313,0.005347974900171193,0.014974329720479185
2007-04-05,0.4324015972618368,0.7702344679923733,0.43033965582810413,0.002495721620079827,-0.002852253280091366
2007-08-05,0.4352538505419281,0.7831337976811836,0.43156374786081003,0.0028522532800913103,0.0003565316600114832
2007-09-05,0.4341842555618938,0.7782965490478793,0.4327997242821829,-0.0010695949800343385,-0.003921848260125649
2007-10-05,0.4284797490017113,0.7524978896702594,0.43382178170754887,-0.005704506560182454,-0.0046349115801481156
2007-11-05,0.419566457501426,0.7121874843927274,0.4331800247195284,-0.008913291500285303,-0.003208784940102849
2007-01-06,0.4370365088419851,0.7911958787366896,0.43302552766685676,0.017470051340559067,0.02638334284084437
2007-04-06,0.4420279520821448,0.8137697056921073,0.4334771344362045,0.00499144324015971,-0.012478608100399358
2007-05-06,0.4434540787221905,0.8202193705365127,0.4335365563795398,0.0014261266400457107,-0.003565316600113999
2007-06-06,0.4427410154021676,0.8169945381143098,0.433584093934208,-0.0007130633200229108,-0.0021391899600686215
2007-07-06,0.441314888762122,0.8105448732699049,0.43372670659821255,-0.0014261266400455996,-0.0007130633200226888
2007-08-06,0.4291928123217342,0.7557227220924622,0.43309683399885907,-0.012122076440387819,-0.01069594980034222
2007-11-06,0.423844837421563,0.7315364789259429,0.4323600019015021,-0.005347974900171193,0.006774101540216626
2007-12-06,0.4234883057615516,0.7299240627148418,0.43100518159345874,-0.00035653166001137215,0.004991443240159821
2007-02-07,0.3992441528807758,0.6202797603599556,0.4297454363947518,-0.024244152880775804,-0.023887621220764432
2007-03-07,0.4038790644609241,0.6412411711042719,0.42973949420041824,0.004634911580148282,0.028879064460924087
2007-04-07,0.4040573302909298,0.6420473792098225,0.42934730937440574,0.00017826583000568608,-0.004456645750142596
2007-05-07,0.4038790644609241,0.6412411711042719,0.4290026621030613,-0.00017826583000568608,-0.00035653166001137215
2007-06-07,0.3967484312606959,0.6089928468822466,0.4281826392850351,-0.007130633200228165,-0.006952367370222479
2007-09-07,0.4088705077010838,0.6638149980596896,0.4277904544590226,0.012122076440387874,0.01925270964061604
2007-10-07,0.4095835710211066,0.6670398304818921,0.4275408822970146,0.0007130633200227998,-0.011409013120365075
2007-11-07,0.4163576725613234,0.6976757384928163,0.42708333333333326,0.0067741015402167926,0.006061038220193993
2007-12-07,0.4163576725613234,0.6976757384928163,0.42669114850732076,0.0,-0.0067741015402167926
2007-01-08,0.409940102681118,0.6686522466929934,0.4258830100779615,-0.006417569880205365,-0.006417569880205365
2007-02-08,0.4167142042213348,0.6992881547039176,0.4251461779806046,0.0067741015402167926,0.013191671420422157
2007-03-08,0.4167142042213348,0.6992881547039176,0.4241003517779045,0.0,-0.0067741015402167926
2007-06-08,0.4217056474614945,0.7218619816593352,0.42312583190720665,0.00499144324015971,0.00499144324015971
2007-07-08,0.417783799201369,0.7041254033372212,0.4221156588705076,-0.003921848260125538,-0.008913291500285248
2007-08-08,0.4192099258414146,0.7105750681816261,0.4216165145464917,0.0014261266400455996,0.005347974900171137
2007-09-08,0.4172490017113519,0.7017067790205692,0.4213728845788172,-0.0019609241300627134,-0.003387050770108313
2007-10-08,0.4070878494010267,0.655752917004183,0.4206122837041262,-0.010161152310325161,-0.008200228180262448
2007-03-09,0.3860524814603536,0.5606203605492083,0.4190673131774101,-0.021035367940673122,-0.010874215630347961
2007-04-09,0.3858742156303479,0.5598141524436577,0.4174213253470241,-0.00017826583000568608,0.020857102110667436
2007-05-09,0.3901525955504848,0.579163146976873,0.4159536033466438,0.00427837992013691,0.004456645750142596
2007-06-09,0.391222190530519,0.5840003956101766,0.41471168473093734,0.001069594980034172,-0.003208784940102738
2007-07-09,0.4028094694808899,0.6364039224709683,0.4141531184635862,0.011587278950370927,0.010517683970336755
2007-10-09,0.4024529378208785,0.634791506259867,0.41300033276288256,-0.00035653166001142766,-0.011943810610382355
2007-11-09,0.4028094694808899,0.6364039224709683,0.41169305000950746,0.00035653166001142766,0.0007130633200228553
2007-12-09,0.4060182544209925,0.6509156683708792,0.41044518919946754,0.0032087849401025714,0.0028522532800911438
2007-01-10,0.4457715345122647,0.8307000759086711,0.4105462065031374,0.039753280091272214,0.03654449515116964
2007-02-10,0.4281232173416999,0.7508854734591581,0.41010648412245665,-0.01764831717056481,-0.05740159726183702
2007-03-10,0.4306189389617798,0.7621723869368671,0.41015402167712484,0.0024957216200798826,0.02014403879064469
2007-04-10,0.4259840273816315,0.7412109761925507,0.41022532800912714,-0.004634911580148282,-0.007130633200228165
2007-05-10,0.4336494580718767,0.7758779247312276,0.41056403308613804,0.007665430690245223,0.012300342270393505
2007-08-10,0.4284797490017113,0.7524978896702594,0.41153855295683583,-0.005169709070165396,-0.012835139760410619
2007-09-10,0.42562749572162,0.7395985599814491,0.4122635006655257,-0.0028522532800913103,0.0023174557900740855
2007-10-10,0.4402452937820878,0.8057076246366013,0.41346976611523095,0.014617798060467813,0.017470051340559123
2007-11-10,0.4420279520821448,0.8137697056921073,0.414741395702605,0.0017826583000569718,-0.01283513976041084
2007-12-10,0.4463063320022817,0.8331187002253225,0.41639332572732457,0.00427837992013691,0.002495721620079938
2007-01-11,0.466628636622932,0.9250264242580948,0.4183185966913861,0.020322304620650322,0.016043924700513412
2007-02-11,0.4652025099828864,0.9185767594136899,0.4201725613234455,-0.0014261266400455996,-0.021748431260695922
2007-05-11,0.4712635482030804,0.9459878350024117,0.4220027571781707,0.006061038220193993,0.007487164860239592
2007-06-11,0.4880205362236167,1.0217713969241715,0.42439151930024716,0.016756988020536268,0.010695949800342275
2007-07-11,0.5186822589845979,1.1604391910788805,0.42801625784369646,0.03066172276098117,0.013904734740444902
2007-08-11,0.5022818026240731,1.0862680453682223,0.43086851112378777,-0.016400456360524784,-0.047062179121505954
2007-09-11,0.4947946377638334,1.0524073049350953,0.4334711922418711,-0.007487164860239648,0.008913291500285137
2007-12-11,0.494438106103822,1.050794888723994,0.4358956075299486,-0.00035653166001142766,0.00713063320022822
2007-03-12,0.4488020536223616,0.8444056137030315,0.43692954934398176,-0.04563605248146041,-0.04527952082144898
2007-04-12,0.4627067883628066,0.9072898459359812,0.4383794447613614,0.013904734740445013,0.05954078722190542
2007-05-12,0.4659155733029093,0.9218015918358926,0.44000166381441336,0.0032087849401026824,-0.01069594980034233
2007-06-12,0.4559326868225898,0.876653937925057,0.4416298250617988,-0.009982886480319475,-0.013191671420422157
2007-07-12,0.4694808899030233,0.9379257539469049,0.44441077200988777,0.013548203080433474,0.02353108956075295
2007-10-12,0.4673416999429549,0.9282512566802975,0.447126354820308,-0.0021391899600683995,-0.015687393040501874
2007-11-12,0.475720193953223,0.9661430376411774,0.44997860810039925,0.008378494010268134,0.010517683970336533
2007-12-12,0.4764332572732458,0.9693678700633799,0.4528189769918235,0.0007130633200227998,-0.007665430690245334
2008-02-01,0.4869509412435823,1.016934148290867,0.45562369271724656,0.010517683970336478,0.009804620650313678
2008-03-01,0.5029948659440959,1.089492877790425,0.45897509032135386,0.016043924700513634,0.0055262407301771566
2008-04-01,0.499251283513976,1.0725625075738612,0.46218981745579,-0.003743582430119907,-0.01978750713063354
2008-07-01,0.4980034227039361,1.0669190508350068,0.46525598973188814,-0.0012478608100399136,0.0024957216200799937
2008-08-01,0.5067384483742157,1.106423248006988,0.46728822019395316,0.008735025670279561,0.009982886480319475
2008-09-01,0.5250998288648032,1.1894626828787034,0.47052077391138997,0.018361380490587553,0.009626354820307992
2008-10-01,0.5115516257843696,1.128190866856855,0.4732185301388096,-0.013548203080433585,-0.03190958357102114
2008-11-01,0.5272390188248717,1.1991371801453108,0.47659369652025096,0.01568739304050204,0.029235596120935625
2008-01-02,0.567527096406161,1.3813402119997544,0.48105628446472715,0.04028807758128927,0.024600684540787232
2008-04-02,0.5500570450656018,1.3023318176557919,0.4851088610001902,-0.017470051340559123,-0.057758128921848395
2008-05-02,0.5432829435253851,1.271695909644868,0.48903070926031567,-0.006774101540216737,0.010695949800342386
2008-06-02,0.5422133485453509,1.2668586610115642,0.49242964441909104,-0.0010695949800342275,0.00570450656018251
2008-07-02,0.5500570450656018,1.3023318176557919,0.4960306141852063,0.007843696520250965,0.008913291500285192
2008-08-02,0.558970336565887,1.3426422229333235,0.49978608100399313,0.008913291500285192,0.0010695949800342275
2008-11-02,0.5739446662863663,1.4103637037995773,0.5033632819927742,0.014974329720479296,0.006061038220194104
2008-12-02,0.577153451226469,1.4248754496994886,0.507094980034227,0.0032087849401026824,-0.011765544780376613
2008-03-03,0.6734169994295494,1.8602278266968306,0.5138334284084427,0.09626354820308036,0.09305476326297768
2008-04-03,0.6791215059897319,1.8860264860744507,0.5202034607339798,0.00570450656018251,-0.09055904164289785
2008-05-03,0.6491728465487736,1.7505835243419448,0.524553146986119,-0.02994865944095826,-0.03565316600114077
2008-06-03,0.6962350256702796,1.9634224642073121,0.5310182544209926,0.04706217912150601,0.07701083856246427
2008-07-03,0.6755561893896178,1.8699023239634383,0.5370436394751853,-0.020678836280661805,-0.06774101540216781
2008-10-03,0.6523816314888763,1.765095270241856,0.5423084236546871,-0.02317455790074152,-0.002495721620079716
2008-11-03,0.676625784369652,1.874739572596742,0.5499025480129303,0.02424415288077575,0.04741871078151727
2008-12-03,0.6570165430690246,1.7860566809861724,0.5563795398364708,-0.019609241300627467,-0.043853394181403216
2008-01-04,0.5514831717056474,1.3087814825001969,0.559231793116562,-0.10553337136337715,-0.08592413006274968
2008-02-04,0.5568311466058187,1.3329677256667163,0.5625950751093364,0.0053479749001712484,0.1108813462635484
2008-03-04,0.5661009697661152,1.374890547155349,0.5658157444381062,0.009269823160296564,0.003921848260125316
2008-04-04,0.5767969195664575,1.4232630334883871,0.5694642517588895,0.010695949800342275,0.0014261266400457107
2008-07-04,0.5949800342270394,1.5054962602545516,0.5734395797680168,0.018183114660581867,0.007487164860239592
2008-08-04,0.596406160867085,1.5119459250989566,0.577438676554478,0.0014261266400455996,-0.016756988020536268
2008-09-04,0.5782230462065031,1.429712698332792,0.5804810800532422,-0.018183114660581867,-0.019609241300627467
2008-10-04,0.6078151739874501,1.5635432438541974,0.583975090321354,0.029592127780946997,0.047775242441528865
2008-11-04,0.5946235025670279,1.50388384404345,0.587154164289789,-0.013191671420422213,-0.04278379920136921
2008-01-05,0.5479178551055334,1.2926573203891842,0.5888179787031755,-0.046705647461494526,-0.03351397604107231
2008-02-05,0.5318739304050201,1.2200985908896278,0.5896558281042024,-0.0160439247005133,0.030661722760981225
2008-06-05,0.5500570450656018,1.3023318176557919,0.5904877353108957,0.018183114660581756,0.03422703936109506
2008-07-05,0.5497005134055905,1.3007194014446908,0.5917593648982696,-0.00035653166001137215,-0.01853964632059313
2008-08-05,0.5457786651454649,1.2829828231225766,0.5923773531089561,-0.003921848260125538,-0.0035653166001141656
2008-09-05,0.5596833998859099,1.345867055355526,0.5921158965582811,0.013904734740444957,0.017826583000570495
2008-12-05,0.5514831717056474,1.3087814825001969,0.5921634341129492,-0.008200228180262448,-0.022104962920707405
2008-02-06,0.5557615516257843,1.3281304770334121,0.5925793877162959,0.00427837992013691,0.012478608100399358
2008-03-06,0.5543354249857387,1.3216808121890071,0.5929834569309754,-0.0014261266400455996,-0.00570450656018251
2008-04-06,0.5489874500855677,1.2974945690224886,0.5929478037649745,-0.005347974900171026,-0.003921848260125427
2008-05-06,0.5482743867655447,1.2942697366002853,0.592591272104963,-0.0007130633200229664,0.00463491158014806
2008-06-06,0.567527096406161,1.3813402119997544,0.5923773531089561,0.019252709640616206,0.019965772960639172
2008-09-06,0.577153451226469,1.4248754496994886,0.5923773531089561,0.009626354820308047,-0.009626354820308158
2008-10-06,0.5586138049058758,1.3410298067222228,0.588550579958167,-0.01853964632059324,-0.028166001140901287
2008-11-06,0.5457786651454649,1.2829828231225766,0.5841058185966914,-0.01283513976041084,0.0057045065601823985
2008-12-06,0.5461351968054764,1.2845952393336784,0.5806712302719148,0.0003565316600114832,0.013191671420422324
2008-01-07,0.5807187678265829,1.4409996118105006,0.5768206883437916,0.03458357102110654,0.03422703936109506
2008-02-07,0.5935539075869938,1.4990465954101468,0.5740872789503708,0.01283513976041084,-0.0217484312606957
2008-03-07,0.6074586423274386,1.5619308276430959,0.572589845978323,0.013904734740444846,0.0010695949800340054
2008-04-07,0.5967626925270965,1.5135583413100582,0.5699277429169044,-0.010695949800342164,-0.02460068454078701
2008-07-07,0.591058185966914,1.4877596819324381,0.5677291310135006,-0.00570450656018251,0.004991443240159654
2008-08-07,0.5828579577866515,1.4506741090771087,0.5687749572162007,-0.008200228180262448,-0.002495721620079938
2008-09-07,0.5899885909868796,1.4829224332991338,0.5698802053622362,0.007130633200228109,0.015330861380490557
2008-10-07,0.6024671990872791,1.539357000687679,0.5710924130062749,0.012478608100399469,0.0053479749001713595
2008-11-07,0.6099543639475186,1.573217741120805,0.5721976611523104,0.007487164860239481,-0.004991443240159987
2008-01-08,0.5817883628066173,1.445836860443805,0.5717579387716295,-0.028166001140901287,-0.03565316600114077
2008-04-08,0.5739446662863663,1.4103637037995773,0.5710092222856056,-0.007843696520250965,0.020322304620650322
2008-05-08,0.5489874500855677,1.2974945690224886,0.5700347024149078,-0.024957216200798604,-0.01711351968054764
2008-06-08,0.5514831717056474,1.3087814825001969,0.5681569690055144,0.002495721620079716,0.02745293782087832
2008-07-08,0.5461351968054764,1.2845952393336784,0.566540692146796,-0.005347974900171026,-0.007843696520250742
2008-08-08,0.5165430690245294,1.1507646938122729,0.5654948659440959,-0.029592127780946997,-0.02424415288077597
2008-11-08,0.5013904734740445,1.082237004840469,0.5644787507130634,-0.01515259555048487,0.014439532230462127
2008-12-08,0.4698374215630347,0.9395381701580062,0.5618047632629778,-0.03155305191100982,-0.01640045636052495
2008-01-09,0.4388191671420421,0.7992579597921959,0.5581087183875262,-0.031018254420992597,0.0005347974900172248
2008-02-09,0.4245579007415858,0.7347613113481453,0.5540680262407301,-0.01426126640045633,0.016756988020536268
2008-03-09,0.4106531660011408,0.6718770791151959,0.5491003517779045,-0.013904734740444957,0.00035653166001137215
2008-04-09,0.4188533941814032,0.7089626519705249,0.5446793591937631,0.008200228180262392,0.02210496292070735
2008-05-09,0.408157444381061,0.6605901656374872,0.5397592222856056,-0.01069594980034222,-0.01889617798060461
2008-08-09,0.3960353679406731,0.6057680144600441,0.5344825537174368,-0.012122076440387874,-0.0014261266400456551
2008-09-09,0.3839132915002852,0.550945863282601,0.5289800817645941,-0.01212207644038793,-5.551115123125783e-17
2008-10-09,0.3564603536794067,0.4267898150278034,0.5225862806617229,-0.027452937820878487,-0.015330861380490557
2008-11-09,0.3347119224187108,0.3284324261506262,0.5148257748621411,-0.021748431260695922,0.005704506560182565
2008-12-09,0.3397033656588705,0.35100625310604383,0.5069107720098879,0.00499144324015971,0.02673987450085563
2008-01-10,0.392470051340559,0.5896438523490314,0.5013726468910439,0.05276668568168852,0.04777524244152881
2008-02-10,0.3914004563605248,0.5848066037157276,0.4962267065982126,-0.0010695949800342275,-0.053836280661722746
2008-03-10,0.3539646320593268,0.4155029015500944,0.4898210211066743,-0.03743582430119796,-0.036366229321163734
2008-06-10,0.3571734169994295,0.43001464745000584,0.48236950941243584,0.0032087849401026824,0.040644609241300644
2008-07-10,0.3696520250998288,0.48644921483855014,0.47490611332953037,0.012478608100399302,0.00926982316029662
2008-08-10,0.3700085567598402,0.4880616310496512,0.4669911104772771,0.00035653166001137215,-0.01212207644038793
2008-09-10,0.3696520250998288,0.48644921483855014,0.45942075489636813,-0.00035653166001137215,-0.0007130633200227443
2008-10-10,0.3732173416999429,0.5025733769495629,0.45215939342080247,0.00356531660011411,0.003921848260125482
2008-03-11,0.3129634911580148,0.2300750372734487,0.44316291119984785,-0.06025385054192811,-0.06381916714204222
2008-04-11,0.3093981745579007,0.21395087516243594,0.4338098973188819,-0.00356531660011411,0.056688533941814
2008-05-11,0.3211637193382772,0.2671606101287778,0.42443311466058187,0.011765544780376502,0.015330861380490612
2008-06-11,0.3257986309184255,0.28812202087309413,0.4149612568929454,0.004634911580148282,-0.00713063320022822
2008-07-11,0.3158157444381061,0.24297436696225902,0.4060955029473284,-0.009982886480319364,-0.014617798060467646
2008-10-11,0.3222333143183115,0.2719978587620818,0.3977051245483932,0.006417569880205365,0.01640045636052473
2008-11-11,0.3090416428978892,0.21233845895133432,0.3897069309754706,-0.013191671420422268,-0.019609241300627633
2008-12-11,0.2987022247575585,0.16557838882939813,0.3812808994105342,-0.010339418140330736,0.0028522532800915323
2008-01-12,0.3079720479178551,0.20750121031803104,0.3733421277809469,0.00926982316029662,0.019609241300627356
2008-02-12,0.2901454649172846,0.12688039976296744,0.36579554097737205,-0.017826583000570495,-0.027096406160867115
2008-03-12,0.2908585282373074,0.1301052321851699,0.35877780946948085,0.0007130633200227998,0.018539646320593295
2008-04-12,0.2962065031374786,0.15429147535168916,0.35299011218862897,0.005347974900171193,0.004634911580148393
2008-05-12,0.2919281232173417,0.13494248081847393,0.3480937440578057,-0.00427837992013691,-0.009626354820308103
2008-08-12,0.3015544780376497,0.17847771851820796,0.34399362996767446,0.009626354820307992,0.013904734740444902
2008-09-12,0.3051197946377638,0.1946018806292207,0.3404758509222285,0.00356531660011411,-0.006061038220193882
2008-10-12,0.3097547062179122,0.21556329137353752,0.3368392279901122,0.004634911580148393,0.001069594980034283
2008-11-12,0.3250855675984027,0.2848971884508917,0.3340701654306902,0.015330861380490501,0.010695949800342108
2008-12-12,0.3136765544780376,0.23329986969565114,0.33132487164860236,-0.011409013120365075,-0.026739874500855576
2009-02-01,0.3496862521391899,0.3961539070168792,0.3301839703365658,0.03600969766115231,0.04741871078151738
2009-05-01,0.3493297204791785,0.39454149080577783,0.3299462825632249,-0.00035653166001142766,-0.036366229321163734
2009-06-01,0.3414860239589275,0.3590683341615501,0.33017208594789876,-0.007843696520250965,-0.007487164860239537
2009-07-01,0.3614517969195664,0.44936364198322104,0.3308970336565887,0.019965772960638895,0.02780946948088986
2009-08-01,0.3425556189389618,0.36390558279485413,0.3292332192432021,-0.01889617798060461,-0.038861950941243506
2009-09-01,0.3546776953793497,0.4187277339722971,0.32800912721049624,0.012122076440387874,0.031018254420992486
2009-12-01,0.3500427837992013,0.3977663232279803,0.32787839893515874,-0.004634911580148393,-0.016756988020536268
2009-02-02,0.3978180262407301,0.6138300955155502,0.32923321924320204,0.04777524244152881,0.0524101540216772
2009-03-02,0.3956788362806617,0.6041555982489428,0.3301007796158965,-0.0021391899600683995,-0.04991443240159721
2009-04-02,0.3967484312606959,0.6089928468822466,0.33099210876592505,0.0010695949800342275,0.003208784940102627
2009-05-02,0.4110096976611523,0.6734894953262974,0.33237069785130247,0.014261266400456385,0.013191671420422157
2009-06-02,0.414218482601255,0.6880012412262089,0.3337374025480129,0.0032087849401026824,-0.011052481460353702
2009-09-02,0.4184968625213918,0.7073502357594236,0.33725518159345885,0.004278379920136799,0.0010695949800341165
2009-10-02,0.4167142042213348,0.6992881547039176,0.34083238258223986,-0.0017826583000569718,-0.006061038220193771
2009-11-02,0.4320450656018254,0.768622051781272,0.3445284274576916,0.015330861380490557,0.01711351968054753
2009-12-02,0.4302624073017683,0.7605599707257654,0.3480105533371363,-0.0017826583000570828,-0.01711351968054764
2009-02-03,0.4231317741015402,0.7283116465037404,0.35158775432591743,-0.007130633200228109,-0.005347974900171026
2009-03-03,0.4067313177410153,0.6541405007930817,0.35440435444000756,-0.016400456360524895,-0.009269823160296786
2009-04-03,0.4135054192812321,0.6847764088040059,0.3578864803194523,0.0067741015402167926,0.023174557900741688
2009-05-03,0.4234883057615516,0.7299240627148418,0.3620460163529188,0.00998288648031953,0.003208784940102738
2009-06-03,0.4345407872219053,0.7799089652589811,0.36626497432972044,0.011052481460353702,0.001069594980034172
2009-09-03,0.4309754706217911,0.7637848031479679,0.370959307853204,-0.003565316600114221,-0.014617798060467924
2009-10-03,0.4078009127210496,0.658977749426386,0.3748573873359954,-0.023174557900741466,-0.019609241300627245
2009-11-03,0.4045921277809469,0.6444660035264743,0.3784702414907777,-0.003208784940102738,0.019965772960638728
2009-12-03,0.4124358243011979,0.6799391601707023,0.38248716486023954,0.00784369652025102,0.011052481460353758
2009-01-04,0.4174272675413576,0.70251298712612,0.3863495911770298,0.00499144324015971,-0.0028522532800913103
2009-02-04,0.4138619509412435,0.6863888250151072,0.38997432972047913,-0.00356531660011411,-0.00855675984027382
2009-03-04,0.4131488876212207,0.6831639925929048,0.39342080243392274,-0.0007130633200227998,0.0028522532800913103
2009-06-04,0.3971049629207073,0.6106052630933477,0.39582144894466625,-0.016043924700513412,-0.015330861380490612
2009-07-04,0.3885482030804335,0.5719072740269173,0.3983171705647461,-0.00855675984027382,0.007487164860239592
2009-08-04,0.392470051340559,0.5896438523490314,0.39974329720479174,0.003921848260125538,0.012478608100399358
2009-09-04,0.3931831146605818,0.5928686847712339,0.4012050770108385,0.0007130633200227998,-0.003208784940102738
2009-01-05,0.3878351397604107,0.5686824416047148,0.4027500475375546,-0.005347974900171137,-0.006061038220193937
2009-05-05,0.4220621791215059,0.7234743978704363,0.4047703936109526,0.034227039361095224,0.03957501426126636
2009-06-05,0.4338277239018824,0.7766841328367782,0.40781279710971663,0.011765544780376502,-0.02246149458071872
2009-07-05,0.4541500285225328,0.8685918568695508,0.4111285415478227,0.020322304620650378,0.008556759840273875
2009-08-05,0.4502281802624073,0.8508552785474369,0.41446805476326287,-0.003921848260125482,-0.02424415288077586
2009-11-05,0.4502281802624073,0.8508552785474369,0.41621505989731883,0.0,0.003921848260125482
2009-12-05,0.4570022818026241,0.8814911865583611,0.41825917474805085,0.0067741015402167926,0.0067741015402167926
2009-01-06,0.5201083856246435,1.1668888559232853,0.42237117322684914,0.06310610382201937,0.05633200228180257
2009-02-06,0.5115516257843696,1.128190866856855,0.4257225708309564,-0.00855675984027382,-0.07166286366229319
2009-03-06,0.524030233884769,1.1846254342453995,0.42938296254040687,0.012478608100399358,0.021035367940673178
2009-04-06,0.5003208784940103,1.077399756207165,0.43211042973949415,-0.02370935539075869,-0.03618796349115805
2009-05-06,0.5126212207644039,1.1330281154901587,0.4353073302909298,0.01230034227039356,0.03600969766115225
2009-08-06,0.4837421563034796,1.0024224023909554,0.43703056664765155,-0.028879064460924253,-0.041179406731317814
2009-09-06,0.4869509412435823,1.016934148290867,0.43892018444571207,0.0032087849401026824,0.032087849401026936
2009-10-06,0.5033513976041073,1.091105294001526,0.44159417189579764,0.016400456360525006,0.013191671420422324
2009-11-06,0.4926554478037649,1.0427328076684874,0.444458309564556,-0.010695949800342386,-0.027096406160867392
2009-12-06,0.4919423844837421,1.039507975246285,0.4470728750713063,-0.0007130633200227998,0.009982886480319586
2009-01-07,0.441314888762122,0.8105448732699049,0.4476670945046586,-0.05062749572162012,-0.04991443240159732
2009-02-07,0.4327581289218482,0.7718468842034744,0.4476076725613234,-0.00855675984027382,0.0420707358813463
2009-03-07,0.4338277239018824,0.7766841328367782,0.4477027476706598,0.0010695949800342275,0.009626354820308047
2009-06-07,0.4192099258414146,0.7105750681816261,0.4480830481080053,-0.014617798060467813,-0.01568739304050204
2009-07-07,0.4295493439817455,0.757335138303563,0.44891495531469855,0.010339418140330903,0.024957216200798715
2009-08-07,0.4199229891614375,0.713799900603829,0.44916452747670654,-0.009626354820307992,-0.019965772960638895
2009-09-07,0.414218482601255,0.6880012412262089,0.4490575679787031,-0.00570450656018251,0.003921848260125482
2009-10-07,0.4049486594409583,0.6460784197375757,0.44876045826202693,-0.009269823160296675,-0.0035653166001141656
2009-03-08,0.4641329150028522,0.9137395107803861,0.45045992584141464,0.059184255561893884,0.06845407872219056
2009-04-08,0.4566457501426126,0.8798787703472595,0.4524446187488115,-0.007487164860239592,-0.06667142042213348
2009-05-08,0.4776811180832858,0.9750113268022345,0.4554157159155733,0.021035367940673178,0.02852253280091277
2009-06-08,0.4776811180832858,0.9750113268022345,0.4582560848069975,0.0,-0.021035367940673178
2009-07-08,0.4769680547632629,0.9717864943800317,0.46104891614375354,-0.0007130633200228553,-0.0007130633200228553
2009-10-08,0.4705504848830575,0.9427630025802087,0.4638060943145084,-0.00641756988020542,-0.005704506560182565
2009-11-08,0.4664503707929264,0.9242202161525446,0.46528570070355574,-0.004100114090131113,0.0023174557900743076
2009-12-08,0.4637763833428408,0.912127094569285,0.4662839893515877,-0.0026739874500855687,0.0014261266400455441
2009-01-09,0.4801768397033656,0.9862982402799432,0.4671515497242822,0.016400456360524784,0.019074443810610353
2009-02-09,0.4862378779235596,1.013709315868665,0.4683518729796539,0.006061038220193993,-0.010339418140330792
2009-03-09,0.5154734740444952,1.145927445178969,0.4705267161057235,0.02923559612093557,0.023174557900741577
2009-04-09,0.5233171705647461,1.1814006018231968,0.4727372123977942,0.007843696520250965,-0.021391899600684605
2009-07-09,0.5325869937250428,1.22332342331183,0.4731531660011409,0.009269823160296675,0.0014261266400457107
2009-08-09,0.5518397033656589,1.3103938987112984,0.4744961019205172,0.019252709640616095,0.00998288648031942
2009-09-09,0.5336565887050769,1.2281606719451332,0.4748169804145274,-0.018183114660581978,-0.03743582430119807
2009-10-09,0.5283086138049059,1.2039744287786147,0.47574990492489067,-0.005347974900171026,0.012835139760410952
2009-11-09,0.5568311466058187,1.3329677256667163,0.4772235691196044,0.02852253280091277,0.033870507701083796
2009-01-10,0.5447090701654307,1.278145574489273,0.47925579958166953,-0.012122076440387985,-0.040644609241300755
2009-02-10,0.5325869937250428,1.22332342331183,0.4807770013310515,-0.012122076440387874,1.1102230246251565e-16
2009-05-10,0.5333000570450657,1.2265482557340326,0.4817752899790834,0.0007130633200228553,0.01283513976041073
2009-06-10,0.558970336565887,1.3426422229333235,0.4839857862711542,0.02567027952082135,0.024957216200798493
2009-07-10,0.5750142612664004,1.4152009524328806,0.4867548488305761,0.016043924700513412,-0.009626354820307936
2009-08-10,0.5892755276668569,1.4796976008769316,0.49168687012740064,0.01426126640045644,-0.0017826583000569718
2009-09-10,0.5832144894466629,1.4522865252882098,0.4967020821448944,-0.006061038220193993,-0.020322304620650433
2009-12-10,0.5924843126069596,1.494209346776843,0.5019906351017303,0.009269823160296675,0.015330861380490668
2009-02-11,0.5457786651454649,1.2829828231225766,0.506209593078532,-0.04670564746149464,-0.05597547062179131
2009-03-11,0.5375784369652026,1.2458972502672478,0.5098105628446473,-0.008200228180262337,0.0385054192812323
2009-04-11,0.5778665145464917,1.4281002821216908,0.515075347024149,0.04028807758128916,0.0484883057615515
2009-05-11,0.5743011979463776,1.4119761200106777,0.5204114375356531,-0.0035653166001141656,-0.04385339418140333
2009-06-11,0.579470907016543,1.4353561550716463,0.5262288457881726,0.005169709070165451,0.008735025670279617
2009-09-11,0.58499714774672,1.4603486063437163,0.5302576535463016,0.0055262407301769345,0.0003565316600114832
2009-10-11,0.5700228180262408,1.3926271254774631,0.5340368891424225,-0.014974329720479185,-0.02050057045065612
2009-11-11,0.5832144894466629,1.4522865252882098,0.5375546681878683,0.013191671420422102,0.028166001140901287
2009-12-11,0.5789361095265261,1.4329375307549952,0.5409298345693098,-0.004278379920136799,-0.0174700513405589
2009-01-12,0.6220764403879064,1.628039892298248,0.5457667807567979,0.04314033086138036,0.04741871078151716
2009-02-12,0.6384768967484312,1.7022110380089062,0.5513643278189769,0.016400456360524784,-0.026739874500855576
2009-03-12,0.6359811751283514,1.6909241245311974,0.5570153546301578,-0.002495721620079827,-0.01889617798060461
2009-04-12,0.6259982886480319,1.6457764706203615,0.5624227514736642,-0.00998288648031953,-0.007487164860239703
2009-07-12,0.5978322875071306,1.5183955899433614,0.5663445997337898,-0.028166001140901287,-0.018183114660581756
2009-08-12,0.6003280091272105,1.5296825034210708,0.5701476041072447,0.002495721620079938,0.030661722760981225
2009-09-12,0.5882059326868226,1.4748603522436279,0.5725720193953223,-0.012122076440387874,-0.014617798060467813
2009-10-12,0.5746577296063891,1.4135885362217795,0.574283371363377,-0.013548203080433585,-0.0014261266400457107
2009-11-12,0.5789361095265261,1.4329375307549952,0.5758283418900932,0.004278379920137021,0.017826583000570606
2010-04-01,0.5668140330861381,1.3781153795775516,0.5763274862141092,-0.012122076440387985,-0.016400456360525006
2010-05-01,0.5810752994865944,1.4426120280216022,0.5779081099068264,0.01426126640045633,0.026383342840844315
2010-06-01,0.5924843126069596,1.494209346776843,0.5800472998668948,0.01140901312036513,-0.0028522532800911993
2010-07-01,0.5996149458071877,1.526457670998868,0.5814734265069404,0.007130633200228109,-0.004278379920137021
2010-08-01,0.600684540787222,1.5312949196321723,0.583339275527667,0.0010695949800343385,-0.006061038220193771
2010-11-01,0.6263548203080433,1.6473888868314632,0.5864648697471002,0.02567027952082135,0.02460068454078701
2010-12-01,0.6110239589275528,1.5780549897541087,0.5890556664765165,-0.015330861380490557,-0.041001140901311905
2010-01-02,0.5333000570450657,1.2265482557340326,0.588199990492489,-0.07772390188248712,-0.062393040501996566
2010-02-02,0.5529092983456931,1.3152311473446021,0.5874631583951323,0.019609241300627467,0.09733314318311459
2010-03-02,0.5532658300057045,1.3168435635557034,0.5862628351397604,0.00035653166001137215,-0.019252709640616095
2010-04-02,0.5297347404449515,1.2104240936230195,0.5844801768397033,-0.023531089560753005,-0.023887621220764377
2010-05-02,0.4955077010838561,1.0556321373572972,0.5812476231222665,-0.03422703936109539,-0.010695949800342386
2010-08-02,0.494438106103822,1.050794888723994,0.5795362711542118,-0.0010695949800341165,0.033157444381061274
2010-09-02,0.4965772960638904,1.0604693859906014,0.5781695664575014,0.0021391899600683995,0.003208784940102516
2010-10-02,0.5108385624643469,1.1249660344346526,0.5759353013880966,0.014261266400456496,0.012122076440388097
2010-11-02,0.5026383342840844,1.0878804615793234,0.5735465392660202,-0.008200228180262448,-0.022461494580718944
2010-12-02,0.5012122076440388,1.0814307967349184,0.5709379159536033,-0.0014261266400455996,0.006774101540216848
2010-01-03,0.5429264118653737,1.2700834934337668,0.5695355580908917,0.04171420422133487,0.04314033086138047
2010-02-03,0.5454221334854535,1.2813704069114755,0.5687155352728656,0.002495721620079827,-0.039218482601255045
2010-03-03,0.5668140330861381,1.3781153795775516,0.5681688533941814,0.02139189960068455,0.018896177980604723
2010-04-03,0.572875071306332,1.405526455166273,0.5679668187868416,0.006061038220193882,-0.015330861380490668
2010-05-03,0.5696662863662293,1.3910147092663614,0.5662198136527857,-0.0032087849401026824,-0.009269823160296564
2010-08-03,0.5725185396463206,1.4039140389551719,0.5640212017493821,0.0028522532800913103,0.006061038220193993
2010-09-03,0.5625356531660012,1.3587663850443366,0.5615730176839704,-0.00998288648031942,-0.01283513976041073
2010-10-03,0.5775099828864803,1.4264878659105893,0.5599567408252519,0.014974329720479074,0.024957216200798493
2010-11-03,0.5575442099258414,1.3361925580889185,0.5586138049058756,-0.01996577296063884,-0.03494010268111791
2010-12-03,0.5718054763262977,1.400689206532969,0.5576630538125119,0.01426126640045633,0.03422703936109517
2010-01-04,0.5853536794067313,1.4619610225548174,0.5575679787031755,0.013548203080433585,-0.0007130633200227443
2010-06-04,0.5935539075869938,1.4990465954101468,0.558197851302529,0.008200228180262448,-0.005347974900171137
2010-07-04,0.5953365658870508,1.5071086764656527,0.5587445331812132,0.0017826583000569718,-0.006417569880205476
2010-08-04,0.5956930975470622,1.5087210926767545,0.559707168663244,0.0003565316600114832,-0.0014261266400454886
2010-09-04,0.608528237307473,1.5667680762764,0.5606222665906065,0.01283513976041073,0.012478608100399247
2010-12-04,0.613876212207644,1.5909543194429185,0.5613353299106294,0.005347974900171026,-0.007487164860239703
2010-04-05,0.6217199087278951,1.6264274760871469,0.5620721620079864,0.007843696520251076,0.002495721620080049
2010-05-05,0.5832144894466629,1.4522865252882098,0.561489826963301,-0.03850541928123219,-0.046349115801483265
2010-06-05,0.5853536794067313,1.4619610225548174,0.5601231222665907,0.002139189960068455,0.040644609241300644
2010-07-05,0.5857102110667427,1.4635734387659185,0.5592793306712304,0.00035653166001137215,-0.0017826583000570828
2010-10-05,0.6128066172276099,1.5861170708096153,0.5619295493439818,0.02709640616086717,0.026739874500855798
2010-11-05,0.6113804905875643,1.5796674059652105,0.5638785890853775,-0.0014261266400455996,-0.02852253280091277
2010-12-05,0.653094694808899,1.7683201026640583,0.5672062179121506,0.04171420422133476,0.04314033086138036
2010-01-06,0.6071021106674274,1.5603184114319952,0.5697851302528998,-0.04599258414147167,-0.08770678836280643
2010-02-06,0.6117370222475756,1.5812798221763116,0.5736594409583572,0.004634911580148282,0.05062749572161995
2010-03-06,0.606032515687393,1.5554811627986909,0.5773792546111429,-0.005704506560182621,-0.010339418140330903
2010-04-06,0.5878494010268113,1.4732479360325268,0.580421658109907,-0.018183114660581756,-0.012478608100399136
2010-07-06,0.5735881346263548,1.4087512875884756,0.5825133105153071,-0.01426126640045644,0.003921848260125316
2010-08-06,0.608528237307473,1.5667680762764,0.5860429739494201,0.034940102681118135,0.049201369081574575
2010-09-06,0.606032515687393,1.5554811627986909,0.5895369842175319,-0.002495721620079938,-0.03743582430119807
2010-10-06,0.5956930975470622,1.5087210926767545,0.5912958737402548,-0.010339418140330792,-0.007843696520250854
2010-11-06,0.6074586423274386,1.5619308276430959,0.5933637573683209,0.011765544780376391,0.022104962920707183
2010-01-07,0.6195807187678265,1.6167529788205388,0.5951226468910439,0.012122076440387874,0.0003565316600114832
2010-02-07,0.5956930975470622,1.5087210926767545,0.595883247765735,-0.023887621220764266,-0.03600969766115214
2010-05-07,0.591058185966914,1.4877596819324381,0.5965963110857577,-0.004634911580148282,0.019252709640615984
2010-06-07,0.591058185966914,1.4877596819324381,0.5972142992964442,0.0,0.004634911580148282
2010-07-07,0.5839275527666856,1.4555113577104122,0.597927362616467,-0.007130633200228331,-0.007130633200228331
2010-08-07,0.596406160867085,1.5119459250989566,0.5985572352158205,0.012478608100399358,0.01960924130062769
2010-09-07,0.5917712492869367,1.4909845143546403,0.5996981365278571,-0.004634911580148282,-0.01711351968054764
2010-12-07,0.5985453508271534,1.5216204223655643,0.6005894656778855,0.006774101540216737,0.01140901312036502
2010-02-08,0.6003280091272105,1.5296825034210708,0.6010886100019016,0.0017826583000570828,-0.004991443240159654
2010-03-08,0.6113804905875643,1.5796674059652105,0.6016828294352539,0.011052481460353758,0.009269823160296675
2010-04-08,0.6142327438676555,1.5925667356540203,0.6023127020346073,0.0028522532800911993,-0.008200228180262559
2010-05-08,0.6088847689674843,1.568380492487501,0.6027524244152881,-0.005347974900171137,-0.008200228180262337
2010-06-08,0.6071021106674274,1.5603184114319952,0.6027048868606198,-0.0017826583000569718,0.0035653166001141656
2010-09-08,0.6135196805476326,1.5893419032318175,0.6026930024719529,0.006417569880205254,0.008200228180262226
2010-10-08,0.5996149458071877,1.526457670998868,0.6019561703745959,-0.013904734740444957,-0.02032230462065021
2010-11-08,0.600684540787222,1.5312949196321723,0.6025385054192812,0.0010695949800343385,0.014974329720479296
2010-12-08,0.5935539075869938,1.4990465954101468,0.6028118463586233,-0.00713063320022822,-0.008200228180262559
2010-01-09,0.6488163148887621,1.748971108130843,0.6049153831526906,0.055262407301768346,0.062393040501996566
2010-02-09,0.6481032515687393,1.7457462757086404,0.6060919376307282,-0.0007130633200228553,-0.0559754706217912
2010-03-09,0.655590416428979,1.7796070161417676,0.6075656018254422,0.007487164860239703,0.008200228180262559
2010-06-09,0.6627210496292071,1.8118553403637925,0.6078864803194524,0.007130633200228109,-0.0003565316600115942
2010-07-09,0.6552338847689675,1.7779945999306659,0.6094908727895038,-0.007487164860239592,-0.014617798060467702
2010-08-09,0.6684255561893896,1.8376539997414127,0.6113804905875642,0.013191671420422102,0.020678836280661694
2010-09-09,0.6666428978893325,1.8295919186859062,0.6134008366609621,-0.0017826583000570828,-0.014974329720479185
2010-10-09,0.6641471762692527,1.8183050052081975,0.6159440958357102,-0.002495721620079827,-0.0007130633200227443
2010-01-10,0.7372361665715915,2.1488503284839573,0.6213990302338849,0.07308899030233884,0.07558471192241867
2010-04-10,0.7400884198516828,2.1617496581727678,0.6257843696520251,0.0028522532800913103,-0.07023673702224753
2010-05-10,0.7475755847119224,2.1956103986058944,0.6305024719528428,0.007487164860239592,0.004634911580148282
2010-06-10,0.7718197375926983,2.3052547009607807,0.636373359954364,0.02424415288077586,0.016756988020536268
2010-07-10,0.7882201939532231,2.379425846671439,0.6423987450085568,0.016400456360524784,-0.007843696520251076
2010-08-10,0.7522104962920708,2.216571809350211,0.6468197375926983,-0.03600969766115225,-0.052410154021677036
2010-11-10,0.7857244723331431,2.3681389331937295,0.6531541167522342,0.03351397604107231,0.06952367370222456
2010-12-10,0.7757415858528238,2.322991279282895,0.6593102300817647,-0.009982886480319308,-0.04349686252139162
2010-01-11,0.8427695379349687,2.626125526969933,0.6677006084806998,0.06702795208214485,0.07701083856246416
2010-02-11,0.8363519680547633,2.59710203517011,0.676114755656969,-0.006417569880205365,-0.07344552196235021
2010-03-11,0.8459783228750714,2.6406372728698444,0.6844338277239019,0.009626354820308047,0.016043924700513412
2010-04-11,0.8595265259555048,2.7019090888916923,0.6933590036128543,0.013548203080433474,0.003921848260125427
2010-05-11,0.886622932116372,2.824452720935389,0.7029615896558281,0.02709640616086717,0.013548203080433696
2010-08-11,0.9073017683970336,2.917972861179262,0.7131940482981556,0.020678836280661583,-0.006417569880205587
2010-09-11,0.9725470621791216,3.2130450278107947,0.7252329340178741,0.06524529378208799,0.044566457501426404
2010-10-11,0.9361808328579578,3.0485785742784652,0.7359645369842176,-0.036366229321163734,-0.10161152310325172
2010-11-11,0.9440245293782088,3.0840517309226927,0.7471358623312417,0.007843696520250965,0.0442099258414147
2010-12-11,0.9097974900171136,2.9292597746569715,0.7572257083095646,-0.03422703936109517,-0.04207073588134613
2010-01-12,0.9793211637193384,3.243680935821719,0.7694190910819548,0.06952367370222479,0.10375071306331995
2010-02-12,0.9707644038790644,3.2049829467552877,0.7817907396843506,-0.008556759840274042,-0.07808043354249883
2010-03-12,0.9793211637193384,3.243680935821719,0.7944119604487546,0.008556759840274042,0.017113519680548084
2010-08-12,0.9893040501996576,3.288828589732553,0.8076036318691766,0.009982886480319197,0.0014261266400451555
2010-09-12,0.9675556189389616,3.1904712008553755,0.8182282753375166,-0.021748431260696033,-0.03173131774101523
2010-10-12,0.9811038220193954,3.251743016877225,0.8293282943525386,0.013548203080433807,0.03529663434112984
2011-05-01,0.9960781517398746,3.3194644977434784,0.8406778855295683,0.014974329720479185,0.0014261266400453776
2011-06-01,0.991443240159726,3.2985030869991605,0.8516352918805856,-0.004634911580148615,-0.0196092413006278
2011-07-01,0.966842555618939,3.1872463684331738,0.8620222475755847,-0.02460068454078701,-0.019965772960638395
2011-10-01,0.9811038220193954,3.251743016877225,0.8724448564365849,0.01426126640045644,0.03886195094124345
2011-01-02,0.9643468339988592,3.1759594549554655,0.8823683209735691,-0.016756988020536157,-0.031018254420992597
2011-02-02,0.962564175698802,3.1678973738999585,0.8923155542878873,-0.0017826583000571938,0.014974329720478963
2011-03-02,0.9636337706788364,3.172734622533263,0.8998621410914622,0.0010695949800343385,0.0028522532800915323
2011-04-02,0.9853822019395324,3.271092011410441,0.9080386004943907,0.021748431260696033,0.020678836280661694
2011-07-02,0.9960781517398746,3.3194644977434784,0.9163220193953223,0.010695949800342164,-0.011052481460353869
2011-05-10,0.9775385054192812,3.235618854766212,0.9231793116562084,-0.01853964632059335,-0.029235596120935514
2012-03-01,0.980747290359384,3.250130600666124,0.9295968815364138,0.0032087849401027935,0.021748431260696144
2012-04-01,0.9950085567598402,3.314627249110174,0.9376901502186727,0.014261266400456218,0.011052481460353425
2012-05-01,0.9857387335995436,3.272704427621541,0.944357292260886,-0.009269823160296675,-0.023531089560752894
2012-09-01,0.9832430119794638,3.2614175141438326,0.9512740064651074,-0.002495721620079716,0.006774101540216959
2012-09-05,0.9803907586993724,3.2485181844550217,0.9558613804905876,-0.0028522532800914213,-0.0003565316600117052
2012-10-05,0.99750427837992,3.3259141625878823,0.9612331241680928,0.01711351968054753,0.01996577296063895
2012-11-05,0.9736166571591556,3.2178822764440973,0.9654877353108956,-0.023887621220764377,-0.041001140901311905
2012-01-06,0.9308328579577866,3.0243923311119456,0.967864613044305,-0.04278379920136899,-0.01889617798060461
2012-07-06,0.9985738733599544,3.330751411221187,0.9715963110857577,0.06774101540216781,0.1105248146035368
2012-08-06,0.958998859098688,3.1517732117889463,0.9733195474424795,-0.03957501426126642,-0.10731602966343423
2012-11-06,0.9753993154592128,3.2259443574996043,0.973414622551816,0.016400456360524784,0.0559754706217912
2012-12-06,0.97219053051911,3.2114326115996925,0.9746149458071878,-0.0032087849401027935,-0.019609241300627578
2012-02-07,0.9301197946377638,3.0211674986897434,0.9741514546491727,-0.04207073588134613,-0.03886195094124334
2012-03-07,0.9500855675984028,3.1114628065114145,0.9754943905685491,0.01996577296063895,0.06203650884198508
2012-04-07,0.9568596691386194,3.142098714522338,0.9747456740825252,0.006774101540216626,-0.013191671420422324
2012-05-07,0.9647033656588704,3.177571871166566,0.9745436394751853,0.007843696520250965,0.0010695949800343385
2012-06-07,0.9286936679977182,3.0147178338453386,0.9728560562844647,-0.03600969766115214,-0.043853394181403105
2012-09-07,0.9258414147176268,3.0018185041565277,0.9707406351017304,-0.0028522532800914213,0.03315744438106072
2012-10-07,0.9376069594980034,3.05502823912287,0.9697423464536984,0.011765544780376613,0.014617798060468035
2012-11-07,0.9212065031374786,2.980857093412212,0.9677457691576344,-0.016400456360524784,-0.028166001140901398
2012-12-07,0.9055191100969768,2.9099107801237567,0.9647271344362046,-0.015687393040501818,0.0007130633200229664
2012-01-08,0.9483029092983456,3.1034007254559075,0.963289123407492,0.042783799201368766,0.058471192241870584
2012-02-08,0.9322589845978324,3.0308419959563517,0.9621363377067884,-0.01604392470051319,-0.058827723901881956
2012-03-08,0.9261979463776384,3.00343092036763,0.9603061418520632,-0.006061038220193993,0.009982886480319197
2012-06-08,0.9429549343981746,3.079214482289389,0.9595930785320402,0.016756988020536157,0.02281802624073015
2012-07-08,0.952937820878494,3.1243621362002245,0.9592722000380302,0.00998288648031942,-0.006774101540216737
2012-08-08,0.9472333143183116,3.098563476822605,0.9587255181593459,-0.0057045065601823985,-0.015687393040501818
2012-09-08,0.9536508841985168,3.127586968622427,0.9576678075679788,0.006417569880205254,0.012122076440387652
2012-10-08,0.9486594409583572,3.1050131416670097,0.9560871838752614,-0.004991443240159654,-0.011409013120364908
2013-04-01,1.0,3.337201076065592,0.9568359003612855,0.05134055904164281,0.05633200228180246
2013-01-03,0.9532943525385056,3.1259745524113267,0.9559208024339227,-0.046705647461494415,-0.09804620650313722
2013-04-03,0.9775385054192812,3.235618854766212,0.9553384673892376,0.024244152880775638,0.07094980034227005
2013-05-03,0.986095265259555,3.274316843832642,0.9553503517779045,0.00855675984027382,-0.015687393040501818
2013-06-03,0.9793211637193384,3.243680935821719,0.9552196235025671,-0.006774101540216626,-0.015330861380490446
2013-07-03,0.9889475185396464,3.2872161735214527,0.9555048488305763,0.009626354820307936,0.016400456360524562
2013-08-03,0.980747290359384,3.250130600666124,0.954946282563225,-0.008200228180262337,-0.017826583000570273
2013-11-03,0.9850256702795208,3.2694795951993387,0.9553265830005705,0.004278379920136799,0.012478608100399136
2013-12-03,0.99750427837992,3.3259141625878823,0.9575489636813083,0.012478608100399136,0.008200228180262337
2013-02-04,0.9515116942384484,3.1179124713558197,0.955980224377258,-0.04599258414147156,-0.058471192241870695
2013-03-04,0.92405875641757,2.993756423101022,0.9548155542878874,-0.02745293782087843,0.01853964632059313
2013-04-04,0.910154021677125,2.930872190868073,0.9526407111618178,-0.013904734740444957,0.013548203080433474
2013-05-04,0.9162150598973188,2.9582832664567933,0.9507748621410914,0.006061038220193771,0.019965772960638728
2013-08-04,0.9269110096976612,3.006655752789832,0.9506679026430881,0.010695949800342386,0.004634911580148615
2013-09-04,0.9261979463776384,3.00343092036763,0.9498716486023959,-0.0007130633200227443,-0.01140901312036513
2013-10-04,0.9436679977181972,3.082439314711591,0.9494319262217151,0.01747005134055879,0.018183114660581534
2013-11-04,0.9376069594980034,3.05502823912287,0.9485287126830196,-0.006061038220193771,-0.02353108956075256
2013-12-04,0.9315459212778094,3.0276171635341482,0.948623787792356,-0.006061038220193993,-2.220446049250313e-16
2013-01-05,0.8092555618938961,2.4745584031264136,0.9447375926982317,-0.1222903593839133,-0.11622932116371931
2013-02-05,0.7992726754135768,2.4294107492155788,0.9401264498954174,-0.009982886480319308,0.112307472903594
2013-03-05,0.8192384483742157,2.5197060570372494,0.9367275147366421,0.01996577296063884,0.029948659440958147
2013-07-05,0.8014118653736452,2.4390852464821857,0.9332572732458643,-0.017826583000570495,-0.037792355961209334
2013-08-05,0.8053337136337707,2.4568218248042997,0.9284916333903784,0.003921848260125538,0.021748431260696033
2013-09-05,0.8128208784940103,2.4906825652374263,0.9245103631869177,0.007487164860239592,0.0035653166001140546
2013-10-05,0.7878636622932117,2.3778134304603378,0.9198992203841034,-0.024957216200798604,-0.0324443810610382
2013-03-06,0.7543496862521392,2.2262463066168183,0.9136123787792357,-0.033513976041072535,-0.008556759840273931
2013-04-06,0.7572019395322306,2.2391456363056292,0.9070878494010268,0.0028522532800914213,0.036366229321163956
2013-05-06,0.7522104962920708,2.216571809350211,0.9005870888001521,-0.004991443240159765,-0.007843696520251187
2013-06-06,0.761123787792356,2.2568822146277427,0.8941695189199468,0.008913291500285192,0.013904734740444957
2013-07-06,0.7604107244723332,2.25365738220554,0.887894561703746,-0.0007130633200228553,-0.009626354820308047
2013-10-06,0.7322447233314318,2.1262765015285394,0.8789693858147937,-0.028166001140901398,-0.027452937820878542
2013-11-06,0.7240444951511694,2.0891909286732107,0.8713277239018826,-0.008200228180262337,0.01996577296063906
2013-12-06,0.7311751283513976,2.121439252895236,0.863115611332953,0.00713063320022822,0.015330861380490557
2013-01-07,0.647746719908728,1.7441338594975397,0.8518373264879255,-0.08342840844266963,-0.09055904164289785
2013-02-07,0.6541642897889333,1.7731573512973622,0.8409987640235786,0.006417569880205254,0.08984597832287489
2013-03-07,0.6516685681688534,1.7618704378196535,0.8297561323445523,-0.002495721620079827,-0.008913291500285081
2013-04-07,0.6523816314888763,1.765095270241856,0.818810610382202,0.0007130633200228553,0.0032087849401026824
2013-05-07,0.643468339988591,1.724784864964324,0.8074253660391709,-0.008913291500285303,-0.009626354820308158
2013-08-07,0.6377638334284085,1.698986205586704,0.7954340178741206,-0.00570450656018251,0.0032087849401027935
2013-09-07,0.63562464346834,1.6893117083200964,0.7849044495151171,-0.002139189960068455,0.0035653166001140546
2013-10-07,0.6452509982886481,1.7328469460198306,0.7756108575774863,0.009626354820308047,0.011765544780376502
2013-11-07,0.6623645179691957,1.8102429241526914,0.7673512074538886,0.01711351968054764,0.007487164860239592
2013-12-07,0.655590416428979,1.7796070161417676,0.7586637193382774,-0.006774101540216737,-0.023887621220764377
2013-01-08,0.6577296063890473,1.7892815134083746,0.7496910058946569,0.002139189960068344,0.008913291500285081
2013-02-08,0.6484597832287508,1.747358691919742,0.7404330671230273,-0.009269823160296564,-0.011409013120364908
2013-05-08,0.659155733029093,1.79573117825278,0.7309493249667238,0.010695949800342275,0.01996577296063884
2013-06-08,0.6598687963491159,1.7989560106749827,0.7216913861950941,0.0007130633200228553,-0.00998288648031942
2013-07-08,0.6416856816885339,1.7167227839088175,0.712029378208785,-0.018183114660581978,-0.018896177980604834
2013-08-08,0.6580861380490588,1.7908939296194764,0.7069903974139571,0.016400456360524895,0.034583571021106874
2013-09-08,0.6787649743297205,1.8844140698633496,0.7029734740444952,0.020678836280661694,0.004278379920136799
2013-12-08,0.6974828864803195,1.9690659209461665,0.6989149553146986,0.018717912150599036,-0.001960924130062658
2013-02-09,0.8092555618938961,2.4745584031264136,0.6991764118653736,0.1117726754135766,0.09305476326297757
2013-03-09,0.8178123217341701,2.513256392192844,0.6995923654687203,0.008556759840273931,-0.10321591557330267
2013-04-09,0.7999857387335996,2.432635581637781,0.6991645274767067,-0.017826583000570495,-0.026383342840844426
2013-05-09,0.7932116371933827,2.4019996736268565,0.6993427933067123,-0.006774101540216848,0.011052481460353647
2013-06-09,0.7764546491728466,2.3262161117050972,0.7000796254040693,-0.016756988020536157,-0.009982886480319308
2013-09-09,0.7974900171135197,2.421348668160072,0.7014225613234455,0.021035367940673178,0.037792355961209334
2013-10-09,0.7860810039931546,2.3697513494048312,0.702551578246815,-0.01140901312036513,-0.03244438106103831
2013-11-09,0.7714632059326868,2.303642284749679,0.7028962255181593,-0.014617798060467813,-0.0032087849401026824
2013-12-09,0.7629064460924131,2.2649442956832493,0.7029794162388288,-0.008556759840273709,0.006061038220194104
2013-01-10,0.7283228750713063,2.108539923206426,0.7028486879634912,-0.03458357102110676,-0.026026811180833054
2013-02-10,0.7083571021106675,2.0182446153847553,0.7023257748621411,-0.01996577296063884,0.014617798060467924
2013-03-10,0.723687963491158,2.0875785124621093,0.7020762027001332,0.015330861380490557,0.035296634341129396
2013-04-10,0.7265402167712492,2.1004778421509194,0.7047026525955505,0.0028522532800911993,-0.012478608100399358
2013-07-10,0.7308185966913862,2.1198268366841346,0.7072577961589656,0.00427837992013691,0.0014261266400457107
2013-08-10,0.7497147746719909,2.2052848958725018,0.7105260030424034,0.018896177980604723,0.014617798060467813
2013-09-10,0.7425841414717628,2.173036571650477,0.7135327533751663,-0.007130633200228109,-0.026026811180832832
2013-10-10,0.7365231032515688,2.145625496061755,0.7166345788172657,-0.006061038220193993,0.0010695949800341165
2013-11-10,0.721905305191101,2.079516431406603,0.7194392945426887,-0.014617798060467813,-0.00855675984027382
2013-01-11,0.7301055333713634,2.1166020042619325,0.7225886575394561,0.008200228180262448,0.02281802624073026
2013-04-11,0.7336708499714776,2.1327261663729455,0.7255359859288838,0.0035653166001141656,-0.004634911580148282
2013-05-11,0.7247575584711923,2.0924157610954133,0.7276157539456171,-0.008913291500285303,-0.012478608100399469
2013-06-11,0.7368796349115803,2.147237912272857,0.7303253945617038,0.012122076440387985,0.02103536794067329
2013-07-11,0.7301055333713634,2.1166020042619325,0.7327379254611143,-0.006774101540216848,-0.018896177980604834
2013-08-11,0.7283228750713063,2.108539923206426,0.7354000285225327,-0.0017826583000570828,0.004991443240159765
2013-11-11,0.7174486594409584,2.059361228767837,0.737343126069595,-0.010874215630347961,-0.009091557330290878
2013-12-11,0.7069309754706219,2.01179495054035,0.7389118653736452,-0.010517683970336478,0.0003565316600114832
2013-02-12,0.6587992013690815,1.7941187620416785,0.7394823160296634,-0.04813177410154035,-0.03761409013120387
2013-03-12,0.63812036508842,1.7005986217978055,0.7388167902643088,-0.020678836280661583,0.027452937820878764
2013-04-12,0.6338419851682829,1.6812496272645898,0.737319357292261,-0.004278379920137021,0.016400456360524562
2013-05-12,0.6484597832287508,1.747358691919742,0.735685253850542,0.014617798060467813,0.018896177980604834
2013-06-12,0.6495293782087849,1.7521959405530454,0.7303610477277049,0.0010695949800341165,-0.013548203080433696
2013-09-12,0.6498859098687964,1.753808356764147,0.7247635006655259,0.0003565316600114832,-0.0007130633200226333
2013-10-12,0.6694951511694239,1.842491248374717,0.7204138144133867,0.019609241300627578,0.019252709640616095
2013-11-12,0.6816172276098118,1.89731339955216,0.7166940007606009,0.012122076440387874,-0.007487164860239703
2013-12-12,0.6605818596691386,1.8021808430971848,0.7128315744438106,-0.021035367940673178,-0.03315744438106105
2014-02-01,0.6655733029092984,1.824754670052603,0.7084343506370032,0.004991443240159765,0.026026811180832943
2014-03-01,0.6741300627495722,1.8634526591190332,0.7047026525955505,0.00855675984027382,0.0035653166001140546
2014-06-01,0.6691386195094124,1.8408788321636154,0.701291833048108,-0.004991443240159765,-0.013548203080433585
2014-07-01,0.6684255561893896,1.8376539997414127,0.6981424700513406,-0.0007130633200228553,0.00427837992013691
2014-08-01,0.6505989731888192,1.7570331891863495,0.6955516733219244,-0.017826583000570384,-0.01711351968054753
2014-09-01,0.651312036508842,1.7602580216085517,0.6936501711351968,0.0007130633200227443,0.01853964632059313
2014-10-01,0.6605818596691386,1.8021808430971848,0.6915466343411296,0.009269823160296675,0.008556759840273931
2014-03-02,0.6416856816885339,1.7167227839088175,0.6887181498383723,-0.018896177980604723,-0.028166001140901398
2014-04-02,0.6441814033086138,1.7280096973865269,0.6858302433922799,0.002495721620079938,0.02139189960068466
2014-05-02,0.6545208214489446,1.7747697675084633,0.6826571116181784,0.010339418140330792,0.007843696520250854
2014-06-02,0.6727039361095266,1.8570029942746284,0.6803277714394372,0.018183114660581978,0.007843696520251187
2014-07-02,0.6630775812892186,1.8134677565748942,0.6778795873740255,-0.009626354820308047,-0.027809469480890026
2014-10-02,0.674843126069595,1.8666774915412356,0.6763108480699753,0.011765544780376391,0.02139189960068444
2014-11-02,0.6737735310895608,1.8618402429079322,0.674433114660582,-0.0010695949800341165,-0.012835139760410508
2014-12-02,0.674843126069595,1.8666774915412356,0.6724721905305191,0.0010695949800341165,0.002139189960068233
2014-03-03,0.7197661152310325,2.0698419341399954,0.6723058090891805,0.044922989161437554,0.04385339418140344
2014-04-03,0.7087136337706788,2.0198570315958557,0.6713669423844838,-0.011052481460353758,-0.05597547062179131
2014-05-03,0.7147746719908729,2.047268107184578,0.6708559136718008,0.006061038220194104,0.017113519680547862
2014-06-03,0.7072875071306332,2.013407366751451,0.670154734740445,-0.007487164860239703,-0.013548203080433807
2014-07-03,0.7169138619509412,2.056942604451185,0.6701369081574444,0.009626354820308047,0.01711351968054775
2014-10-03,0.7030091272104962,1.9940583722182357,0.6700061798821069,-0.013904734740444957,-0.023531089560753005
2014-11-03,0.7122789503707929,2.035981193706869,0.6717888381821638,0.009269823160296675,0.023174557900741632
2014-12-03,0.7022960638904735,1.9908335397960333,0.6739280281422324,-0.00998288648031942,-0.019252709640616095
2014-01-04,0.6605818596691386,1.8021808430971848,0.6748193572922608,-0.04171420422133487,-0.03173131774101545
2014-02-04,0.6612949229891615,1.8054056755193877,0.6752471952842747,0.0007130633200228553,0.04242726754135773
2014-03-04,0.6616514546491729,1.8070180917304888,0.6756512644989542,0.00035653166001137215,-0.0003565316600114832
2014-04-04,0.6652167712492869,1.8231422538415012,0.6761622932116372,0.0035653166001140546,0.0032087849401026824
2014-07-04,0.66093839132915,1.8037932593082862,0.675877067883628,-0.00427837992013691,-0.007843696520250965
2014-08-04,0.6730604677695379,1.858615410485729,0.675591842555619,0.012122076440387874,0.016400456360524784
2014-09-04,0.6637906446092413,1.8166925889970964,0.6756988020536223,-0.009269823160296564,-0.02139189960068444
2014-10-04,0.6762692527096406,1.8731271563856404,0.6760553337136338,0.012478608100399247,0.02174843126069581
2014-11-04,0.6709212778094695,1.848940913219122,0.6759483742156304,-0.005347974900171026,-0.017826583000570273
2014-01-05,0.6341985168282943,1.682862043475691,0.6747837041262598,-0.03672276098117522,-0.03137478608100419
2014-02-05,0.63812036508842,1.7005986217978055,0.6737735310895607,0.003921848260125649,0.040644609241300866
2014-06-05,0.6548773531089561,1.7763821837195648,0.6739161437535653,0.016756988020536157,0.012835139760410508
2014-07-05,0.6548773531089561,1.7763821837195648,0.6740349876402357,0.0,-0.016756988020536157
2014-08-05,0.6409726183685112,1.7134979514866153,0.6733813462635482,-0.013904734740444957,-0.013904734740444957
2014-09-05,0.6409726183685112,1.7134979514866153,0.6733575774862142,0.0,0.013904734740444957
2014-12-05,0.6484597832287508,1.747358691919742,0.6735001901502187,0.007487164860239592,0.007487164860239592
2014-02-06,0.6252852253280091,1.6425516381981593,0.6725256702795208,-0.023174557900741632,-0.030661722760981225
2014-03-06,0.6274244152880777,1.6522261354647676,0.6710163529188058,0.002139189960068566,0.0253137478608102
2014-04-06,0.6235025670279521,1.6344895571426534,0.6696971857767636,-0.003921848260125538,-0.006061038220194104
2014-05-06,0.6252852253280091,1.6425516381981593,0.6680452557520442,0.0017826583000569718,0.00570450656018251
2014-06-06,0.6331289218482602,1.6780247948423876,0.6666904354440006,0.007843696520251076,0.006061038220194104
2014-09-06,0.6359811751283514,1.6909241245311974,0.6653950370792927,0.0028522532800911993,-0.004991443240159876
2014-10-06,0.632059326868226,1.6731875462090837,0.6624714774671993,-0.003921848260125427,-0.006774101540216626
2014-11-06,0.6391899600684541,1.7054358704311088,0.6601540216771249,0.007130633200228109,0.011052481460353536
2014-12-06,0.6438248716486024,1.7263972811754251,0.6577890283323826,0.004634911580148282,-0.002495721620079827
2014-01-07,0.7062179121505989,2.008570118118147,0.6577533751663814,0.062393040501996566,0.057758128921848284
2014-02-07,0.7047917855105533,2.002120453273742,0.6573493059517018,-0.0014261266400455996,-0.06381916714204217
2014-03-07,0.7033656588705077,1.9956707884293372,0.6573611903403689,-0.0014261266400455996,0.0
2014-04-07,0.7076440387906446,2.0150197829625522,0.6572066932876973,0.00427837992013691,0.00570450656018251
2014-07-07,0.7015830005704506,1.9876087073738307,0.6571829245103632,-0.006061038220193993,-0.010339418140330903
2014-08-07,0.7062179121505989,2.008570118118147,0.6587041262597453,0.004634911580148282,0.010695949800342275
2014-09-07,0.708000570450656,2.0166321991736536,0.6602609811751283,0.0017826583000570828,-0.0028522532800911993
2014-10-07,0.7211922418710782,2.0762915989844006,0.6622456740825252,0.013191671420422213,0.01140901312036513
2014-11-07,0.7181617227609811,2.0625860611900393,0.6640105057995817,-0.0030305191100971074,-0.01622219053051932
2014-01-08,0.6798345693097547,1.8892513184966535,0.6646403783989352,-0.03832715345122639,-0.035296634341129285
2014-04-08,0.6801911009697662,1.890863734707755,0.6648780661722761,0.0003565316600114832,0.038683685111237875
2014-05-08,0.674843126069595,1.8666774915412356,0.6652464822209546,-0.0053479749001712484,-0.005704506560182732
2014-06-08,0.6598687963491159,1.7989560106749827,0.6646998003422705,-0.014974329720479074,-0.009626354820307825
2014-07-08,0.6702082144894467,1.8457160807969193,0.6646760315649363,0.010339418140330792,0.025313747860809865
2014-08-08,0.6723474044495151,1.855390578063527,0.6659476611523104,0.002139189960068455,-0.008200228180262337
2014-11-08,0.6623645179691957,1.8102429241526914,0.6667557995816696,-0.00998288648031942,-0.012122076440387874
2014-12-08,0.670564746149458,1.8473284970080204,0.6672787126830196,0.008200228180262337,0.018183114660581756
2014-01-09,0.6495293782087849,1.7521959405530454,0.667100446853014,-0.021035367940673178,-0.029235596120935514
2014-02-09,0.6391899600684541,1.7054358704311088,0.6670410249096786,-0.010339418140330792,0.010695949800342386
2014-03-09,0.63562464346834,1.6893117083200964,0.6668627590796729,-0.0035653166001140546,0.006774101540216737
2014-04-09,0.6395464917284656,1.7070482866422105,0.6665656493629968,0.003921848260125538,0.007487164860239592
2014-05-09,0.6366942384483743,1.6941489569534,0.6669459498003423,-0.0028522532800913103,-0.006774101540216848
2014-08-09,0.6388334284084427,1.7038234542200077,0.6673262502376878,0.002139189960068455,0.004991443240159765
2014-09-09,0.632059326868226,1.6731875462090837,0.6676114755656969,-0.006774101540216737,-0.008913291500285192
2014-10-09,0.6324158585282373,1.6747999624201848,0.6678491633390379,0.00035653166001137215,0.007130633200228109
2014-11-09,0.6213633770678836,1.6248150598760454,0.6674569785130253,-0.011052481460353758,-0.01140901312036513
2014-12-09,0.6192241871078152,1.6151405626094382,0.666898412245674,-0.002139189960068344,0.008913291500285414
2014-01-10,0.5621791215059897,1.3571539688332348,0.6645690720669328,-0.05704506560182554,-0.054905875641757196
2014-02-10,0.5639617798060468,1.3652160498887413,0.6620614660581859,0.0017826583000570828,0.05882772390188262
2014-03-10,0.5596833998859099,1.345867055355526,0.6592567503327629,-0.00427837992013691,-0.006061038220193993
2014-06-10,0.561466058185967,1.3539291364110326,0.6544316885339418,0.0017826583000570828,0.006061038220193993
2014-07-10,0.5735881346263548,1.4087512875884756,0.6500582335044686,0.012122076440387874,0.010339418140330792
2014-08-10,0.5732316029663435,1.4071388713773745,0.6457204316409964,-0.00035653166001137215,-0.012478608100399247
2014-09-10,0.5835710211066744,1.4538989414993115,0.6415846643848641,0.010339418140330903,0.010695949800342275
2014-10-10,0.5700228180262408,1.3926271254774631,0.6371993249667238,-0.013548203080433585,-0.023887621220764488
2014-03-11,0.5304478037649744,1.2136489260452223,0.6313403213538696,-0.03957501426126642,-0.026026811180832832
2014-04-11,0.5293782087849401,1.2088116774119184,0.625386242631679,-0.0010695949800342275,0.03850541928123219
2014-05-11,0.5008556759840275,1.0798183805238173,0.618041690435444,-0.02852253280091266,-0.02745293782087843
2014-06-11,0.4994295493439817,1.0733687156794116,0.6107506179882107,-0.0014261266400457662,0.027096406160866893
2014-07-11,0.5044209925841415,1.09594254263483,0.6049034987640236,0.004991443240159821,0.006417569880205587
2014-10-11,0.5133342840844267,1.1362529479123613,0.5993416048678457,0.008913291500285192,0.003921848260125371
2014-11-11,0.5097689674843127,1.120128785801349,0.5938391329150029,-0.0035653166001140546,-0.012478608100399247
2014-12-11,0.5115516257843696,1.128190866856855,0.5888952272295113,0.0017826583000569718,0.005347974900171026
2014-01-12,0.5154734740444952,1.145927445178969,0.583737402548013,0.003921848260125538,0.002139189960068566
2014-02-12,0.5308043354249857,1.2152613422563234,0.5790193002471953,0.015330861380490557,0.01140901312036502
2014-03-12,0.5357957786651455,1.2378351692117413,0.5748003422703936,0.004991443240159765,-0.010339418140330792
2014-04-12,0.5400741585852824,1.2571841637449566,0.5704506560182544,0.00427837992013691,-0.0007130633200228553
2014-05-12,0.5368653736451796,1.2426724178450446,0.5666951891994676,-0.0032087849401027935,-0.007487164860239703
2014-08-12,0.5343696520250999,1.2313855043673365,0.5632011789313559,-0.002495721620079716,0.0007130633200230774
2014-09-12,0.5382915002852254,1.2491220826894505,0.559956740825252,0.003921848260125538,0.006417569880205254
2014-10-12,0.5628921848260126,1.3603788012554376,0.5574015972618369,0.02460068454078712,0.020678836280661583
2014-11-12,0.5600399315459214,1.3474794715666278,0.5548464536984218,-0.0028522532800911993,-0.02745293782087832
2014-12-12,0.563248716486024,1.3619912174665392,0.5523269633010078,0.0032087849401026824,0.006061038220193882
2015-02-01,0.5147604107244724,1.1427026127567668,0.5484169994295495,-0.04848830576155161,-0.05169709070165429
2015-05-01,0.5208214489446663,1.1701136883454881,0.5446971857767636,0.006061038220193882,0.05454934398174549
2015-06-01,0.535439247005134,1.2362227530006398,0.5418330481080054,0.014617798060467702,0.00855675984027382
2015-07-01,0.5368653736451796,1.2426724178450446,0.5390877543259175,0.0014261266400455996,-0.013191671420422102
2015-08-01,0.5382915002852254,1.2491220826894505,0.5382915002852254,0.0014261266400458217,2.220446049250313e-16
2015-09-01,0.5336565887050769,1.2281606719451332,0.5372813272485264,-0.004634911580148504,-0.006061038220194326
2015-12-01,0.5436394751853965,1.273308325855969,0.5367465297585093,0.00998288648031953,0.014617798060468035
2015-02-02,0.5685966913861951,1.3861774606330577,0.5369842175318502,0.024957216200798604,0.014974329720479074
2015-03-02,0.5817883628066173,1.445836860443805,0.5372575584711924,0.013191671420422213,-0.011765544780376391
2015-04-02,0.5746577296063891,1.4135885362217795,0.5373050960258604,-0.00713063320022822,-0.020322304620650433
2015-05-02,0.5607529948659441,1.35070430398883,0.5365444951511694,-0.013904734740444957,-0.006774101540216737
2015-06-02,0.5685966913861951,1.3861774606330577,0.5364969575965012,0.007843696520250965,0.021748431260695922
2015-09-02,0.5596833998859099,1.345867055355526,0.537471477467199,-0.008913291500285192,-0.016756988020536157
2015-10-02,0.553622361665716,1.318455979766805,0.5382796158965583,-0.006061038220193882,0.0028522532800913103
2015-11-02,0.558970336565887,1.3426422229333235,0.540216771249287,0.005347974900171026,0.011409013120364908
2015-12-02,0.5568311466058187,1.3329677256667163,0.5421301578246815,-0.002139189960068344,-0.00748716486023937
2015-02-03,0.547561323445522,1.2910449041780832,0.5435681688533942,-0.009269823160296675,-0.007130633200228331
2015-03-03,0.5400741585852824,1.2571841637449566,0.5444594980034227,-0.007487164860239592,0.0017826583000570828
2015-04-03,0.5365088419851683,1.2410600016339441,0.5453508271534512,-0.0035653166001140546,0.003921848260125538
2015-05-03,0.5318739304050201,1.2200985908896278,0.5460282373074729,-0.004634911580148282,-0.0010695949800342275
2015-06-03,0.5247432972047918,1.187850266667602,0.5463372314128161,-0.00713063320022822,-0.002495721620079938
2015-09-03,0.5222475755847119,1.176563353189893,0.546052006084807,-0.002495721620079938,0.004634911580148282
2015-10-03,0.5172561323445521,1.153989526234475,0.5454340178741206,-0.004991443240159765,-0.002495721620079827
2015-11-03,0.5122646891043925,1.1314156992790576,0.544507035558091,-0.004991443240159654,1.1102230246251565e-16
2015-12-03,0.5136908157444381,1.1378653641234626,0.5437345502947328,0.0014261266400455996,0.006417569880205254
2015-01-04,0.5450656018254421,1.279757990700374,0.5440910819547443,0.03137478608100397,0.02994865944095837
2015-02-04,0.5550484883057616,1.3249056446112097,0.5446496482220955,0.00998288648031953,-0.02139189960068444
2015-07-04,0.5557615516257843,1.3281304770334121,0.5444119604487546,0.0007130633200227443,-0.009269823160296786
2015-08-04,0.5550484883057616,1.3249056446112097,0.5442455790074159,-0.0007130633200227443,-0.0014261266400454886
2015-09-04,0.5357957786651455,1.2378351692117413,0.5433304810800533,-0.019252709640616095,-0.01853964632059335
2015-10-04,0.5447090701654307,1.278145574489273,0.5443287697280852,0.008913291500285192,0.028166001140901287
2015-01-05,0.5311608670849972,1.216873758467425,0.5446734169994296,-0.013548203080433474,-0.022461494580718666
2015-05-05,0.5400741585852824,1.2571841637449566,0.5448279140521012,0.008913291500285192,0.022461494580718666
2015-06-05,0.539717626925271,1.2555717475338555,0.5449229891614374,-0.00035653166001137215,-0.009269823160296564
2015-07-05,0.5375784369652026,1.2458972502672478,0.5448992203841034,-0.002139189960068455,-0.0017826583000570828
2015-08-05,0.5361523103251569,1.2394475854228424,0.5449824111047727,-0.0014261266400457107,0.0007130633200227443
2015-11-05,0.5390045636052482,1.2523469151116526,0.5448279140521012,0.0028522532800913103,0.004278379920137021
2015-12-05,0.5415002852253281,1.263633828589362,0.5439247005134056,0.002495721620079938,-0.00035653166001137215
2015-01-06,0.5468482601254991,1.2878200717558805,0.542760030424035,0.005347974900171026,0.0028522532800910883
2015-02-06,0.5500570450656018,1.3023318176557919,0.5419400076060088,0.0032087849401026824,-0.002139189960068344
2015-03-06,0.5464917284654878,1.2862076555447794,0.5414646320593269,-0.0035653166001140546,-0.006774101540216737
2015-04-06,0.5418568168853394,1.2652462448004627,0.5405733029092983,-0.004634911580148393,-0.0010695949800343385
2015-05-06,0.5304478037649744,1.2136489260452223,0.5395987830386005,-0.01140901312036502,-0.006774101540216626
2015-08-06,0.5272390188248717,1.1991371801453108,0.5387193382772391,-0.0032087849401026824,0.008200228180262337
2015-09-06,0.5297347404449515,1.2104240936230195,0.5377448184065412,0.002495721620079827,0.00570450656018251
2015-10-06,0.5297347404449515,1.2104240936230195,0.5368416048678456,0.0,-0.002495721620079827
2015-11-06,0.5204649172846548,1.1685012721343864,0.5359383913291501,-0.009269823160296675,-0.009269823160296675
2015-12-06,0.5226041072447234,1.1781757694009947,0.5353560562844648,0.002139189960068566,0.011409013120365241
2015-01-07,0.5119081574443811,1.1298032830679565,0.5345360334664384,-0.010695949800342275,-0.01283513976041084
2015-02-07,0.5111950941243583,1.126578450645754,0.5338467389237498,-0.0007130633200228553,0.00998288648031942
2015-03-07,0.5122646891043925,1.1314156992790576,0.5334307853204031,0.0010695949800342275,0.0017826583000570828
2015-06-07,0.5104820308043354,1.123353618223551,0.5330386004943906,-0.0017826583000570828,-0.0028522532800913103
2015-07-07,0.5111950941243583,1.126578450645754,0.5328365658870509,0.0007130633200228553,0.002495721620079938
2015-08-07,0.4890901312036509,1.0266086455574752,0.5320640806236928,-0.02210496292070735,-0.022818026240730205
2015-09-07,0.5029948659440959,1.089492877790425,0.5317075489636813,0.013904734740445013,0.03600969766115236
2015-10-07,0.5054905875641758,1.1007797912681336,0.5303883818216392,0.002495721620079827,-0.011409013120365186
2015-03-08,0.4798203080433542,0.9846858240688419,0.5278807758128923,-0.02567027952082157,-0.028166001140901398
2015-04-08,0.4730462065031374,0.9540499160579177,0.5251235976421372,-0.0067741015402167926,0.018896177980604778
2015-05-08,0.4723331431831146,0.9508250836357152,0.5223664194713824,-0.0007130633200227998,0.006061038220193993
2015-06-08,0.4748288648031945,0.9621119971134242,0.5203341890093174,0.0024957216200798826,0.0032087849401026824
2015-07-08,0.4805333713633771,0.9879106564910448,0.5181949990492489,0.005704506560182621,0.003208784940102738
2015-10-08,0.4851682829435254,1.008872067235361,0.5166619129111999,0.004634911580148282,-0.0010695949800343385
2015-11-08,0.500499144324016,1.0782059643127158,0.5153427457691576,0.015330861380490612,0.01069594980034233
2015-12-08,0.5022818026240731,1.0862680453682223,0.5140948849591177,0.0017826583000570828,-0.01354820308043353
2015-01-09,0.4780376497432971,0.9766237430133353,0.5121101920517208,-0.02424415288077597,-0.026026811180833054
2015-02-09,0.4737592698231602,0.9572747484801201,0.5100304240349877,-0.00427837992013691,0.01996577296063906
2015-03-09,0.4791072447233314,0.9814609916466394,0.5080338467389238,0.005347974900171193,0.009626354820308103
2015-04-09,0.4783941814033085,0.9782361592244367,0.5059303099448564,-0.0007130633200228553,-0.006061038220194048
2015-07-09,0.4730462065031374,0.9540499160579177,0.5034702414907777,-0.005347974900171137,-0.004634911580148282
2015-08-09,0.4762549914432402,0.9685616619578296,0.501010173036699,0.0032087849401027935,0.008556759840273931
2015-09-09,0.4812464346833998,0.9911354889132468,0.49883532991062934,0.004991443240159599,0.0017826583000568053
2015-10-09,0.4794637763833428,0.9830734078577408,0.49675556189389614,-0.0017826583000569718,-0.0067741015402165705
2015-11-09,0.4744723331431831,0.960499580902323,0.49488971287316985,-0.00499144324015971,-0.003208784940102738
2015-01-10,0.4734027381631489,0.9556623322690193,0.4930951701844457,-0.0010695949800342275,0.003921848260125482
2015-02-10,0.4691243582430119,0.9363133377358038,0.4910748241110477,-0.0042783799201369654,-0.003208784940102738
2015-05-10,0.4983599543639475,1.068531467046108,0.4900289979083476,0.02923559612093557,0.033513976041072535
2015-06-10,0.5133342840844267,1.1362529479123613,0.48979131013500665,0.01497432972047924,-0.01426126640045633
2015-07-10,0.5186822589845979,1.1604391910788805,0.48966058185966915,0.005347974900171137,-0.009626354820308103
2015-08-10,0.5111950941243583,1.126578450645754,0.489636813082335,-0.007487164860239592,-0.01283513976041073
2015-09-10,0.5247432972047918,1.187850266667602,0.4900884198516828,0.013548203080433585,0.021035367940673178
2015-12-10,0.5236737022247576,1.1830130180342984,0.4904687202890283,-0.0010695949800342275,-0.014617798060467813
2015-02-11,0.5037079292641187,1.092717710212627,0.49024291690435445,-0.01996577296063895,-0.018896177980604723
2015-03-11,0.5029948659440959,1.089492877790425,0.48996957596501234,-0.0007130633200227443,0.019252709640616206
2015-04-11,0.4987164860239588,1.0701438832572088,0.4902904544590226,-0.004278379920137132,-0.0035653166001143877
2015-05-11,0.490159726183685,1.0314458941907783,0.48986261646700885,-0.00855675984027382,-0.004278379920136688
2015-06-11,0.4922989161437535,1.041120391457386,0.48942289408632816,0.0021391899600685105,0.01069594980034233
2015-09-11,0.4816029663434112,0.9927479051243481,0.4894823160296634,-0.010695949800342275,-0.012835139760410785
2015-10-11,0.4734027381631489,0.9556623322690193,0.48949420041833047,-0.008200228180262337,0.002495721620079938
2015-11-11,0.4694808899030233,0.9379257539469049,0.4893991253089941,-0.003921848260125593,0.004278379920136743
2015-12-11,0.4676982316029663,0.9298636728913989,0.48916143753565317,-0.0017826583000569718,0.0021391899600686215
2015-01-12,0.461280661722761,0.9008401810915763,0.4885196805476326,-0.006417569880205309,-0.004634911580148338
2015-02-12,0.458784940102681,0.8895532676138669,0.48764023578627114,-0.0024957216200799937,0.003921848260125316
2015-03-12,0.4512977752424414,0.8556925271807402,0.48600019015021867,-0.007487164860239592,-0.004991443240159599
2015-04-12,0.4584284084426697,0.887940851402766,0.48453841034417183,0.007130633200228276,0.014617798060467868
2015-07-12,0.4712635482030804,0.9459878350024117,0.48431260695949796,0.01283513976041073,0.005704506560182454
2015-08-12,0.4623502567027952,0.9056774297248801,0.4839323065221525,-0.008913291500285192,-0.021748431260695922
2015-09-12,0.4634198516828293,0.9105146783581831,0.4834093934208024,0.001069594980034061,0.009982886480319253
2015-10-12,0.4598545350827153,0.8943905162471709,0.48279140521011593,-0.003565316600113999,-0.00463491158014806
2015-11-12,0.4509412435824301,0.8540801109696393,0.48205457311275907,-0.008913291500285192,-0.005347974900171193
2016-04-01,0.4537934968625213,0.8669794406584491,0.4813058566267351,0.0028522532800911993,0.011765544780376391
2016-05-01,0.4541500285225328,0.8685918568695508,0.48040264308803954,0.0003565316600114832,-0.002495721620079716
2016-06-01,0.4539717626925271,0.8677856487640002,0.4795529092983457,-0.00017826583000568608,-0.0005347974900171693
2016-07-01,0.4548630918425555,0.8718166892917529,0.47889926792165805,0.0008913291500284304,0.0010695949800341165
2016-08-01,0.455219623502567,0.8734291055028546,0.4782931640996387,0.0003565316600114832,-0.0005347974900169472
2016-11-01,0.4527239018824872,0.8621421920251459,0.47774648222095456,-0.002495721620079827,-0.0028522532800913103
2016-12-01,0.4495151169423845,0.8476304461252344,0.4761183209735691,-0.0032087849401026824,-0.0007130633200228553
2016-01-02,0.4655590416428979,0.9201891756247915,0.4745258128921848,0.016043924700513412,0.019252709640616095
2016-02-02,0.4630633200228179,0.908902262147082,0.4726718482601255,-0.0024957216200799937,-0.018539646320593406
2016-03-02,0.4684112949229891,0.9330885053136013,0.4712457216200798,0.005347974900171193,0.007843696520251187
2016-04-02,0.4801768397033656,0.9862982402799432,0.469760173036699,0.011765544780376502,0.006417569880205309
2016-05-02,0.4862378779235596,1.013709315868665,0.468512312226659,0.006061038220193993,-0.00570450656018251
2016-08-02,0.4873074729035938,1.0185465645019685,0.46796563034797484,0.001069594980034172,-0.004991443240159821
2016-09-02,0.5015687393040502,1.0830432129460195,0.46791809279330665,0.01426126640045644,0.013191671420422268
2016-10-02,0.4937250427837992,1.0475700563017916,0.467751711351968,-0.00784369652025102,-0.02210496292070746
2016-11-02,0.5126212207644039,1.1330281154901587,0.468500427837992,0.018896177980604667,0.026739874500855687
2016-12-02,0.5122646891043925,1.1314156992790576,0.4691659536033466,-0.00035653166001137215,-0.01925270964061604
2016-01-03,0.4890901312036509,1.0266086455574752,0.46941552576535456,-0.023174557900741577,-0.022818026240730205
2016-02-03,0.4830290929834569,0.9991975699687535,0.46973640425936486,-0.006061038220193993,0.017113519680547584
2016-03-03,0.488377067883628,1.0233838131352724,0.47036627685871835,0.005347974900171082,0.011409013120365075
2016-04-03,0.5047775242441529,1.097554958845931,0.4716022532800912,0.016400456360524895,0.011052481460353814
2016-07-03,0.5129777524244153,1.1346405317012602,0.47332548963681303,0.008200228180262448,-0.008200228180262448
2016-08-03,0.5129777524244153,1.1346405317012602,0.4751319167142042,0.0,-0.008200228180262448
2016-09-03,0.4990730176839703,1.0717562994683103,0.4767244247955885,-0.013904734740445068,-0.013904734740445068
2016-10-03,0.4990730176839703,1.0717562994683103,0.47807924510363187,0.0,0.013904734740445068
2016-11-03,0.5072732458642327,1.1088418723236397,0.4792795683590036,0.008200228180262448,0.008200228180262448
2016-01-04,0.5029948659440959,1.089492877790425,0.48063438866704694,-0.004278379920136799,-0.012478608100399247
2016-04-04,0.4880205362236167,1.0217713969241715,0.4814544114850732,-0.01497432972047924,-0.010695949800342441
2016-05-04,0.496220764403879,1.0588569697795003,0.48266661912911196,0.008200228180262337,0.023174557900741577
2016-06-04,0.4919423844837421,1.039507975246285,0.48403332382582237,-0.00427837992013691,-0.012478608100399247
2016-07-04,0.4972903593839132,1.0636942184128038,0.4854832192432021,0.005347974900171082,0.009626354820307992
2016-08-04,0.4951511694238448,1.0540197211461966,0.4868499239399125,-0.0021391899600683995,-0.007487164860239481
2016-11-04,0.5094124358243013,1.1185163695902478,0.48869794637763836,0.014261266400456496,0.016400456360524895
2016-12-04,0.5236737022247576,1.1830130180342984,0.49099163339037843,0.01426126640045633,-1.6653345369377348e-16
2016-03-05,0.5782230462065031,1.429712698332792,0.4950917474805096,0.05454934398174549,0.04028807758128916
2016-04-05,0.5671705647461495,1.3797277957886527,0.49890663624263165,-0.011052481460353647,-0.06560182544209914
2016-05-05,0.5743011979463776,1.4119761200106777,0.5030661722760982,0.007130633200228109,0.018183114660581756
2016-06-05,0.5718054763262977,1.400689206532969,0.506607720098878,-0.002495721620079827,-0.009626354820307936
2016-09-05,0.5725185396463206,1.4039140389551719,0.5102562274196615,0.0007130633200228553,0.0032087849401026824
2016-10-05,0.5621791215059897,1.3571539688332348,0.5133818216390948,-0.010339418140330903,-0.011052481460353758
2016-11-05,0.5789361095265261,1.4329375307549952,0.5166737972998668,0.01675698802053638,0.02709640616086728
2016-12-05,0.5689532230462065,1.3877898768441592,0.5194309754706218,-0.00998288648031953,-0.02673987450085591
2016-01-06,0.5233171705647461,1.1814006018231968,0.5206312987259936,-0.04563605248146041,-0.03565316600114088
2016-02-06,0.5243867655447804,1.1862378504565005,0.5213918996006845,0.0010695949800342275,0.04670564746149464
2016-03-06,0.5286651454649174,1.2055868449897162,0.5225565696900552,0.004278379920137021,0.0032087849401027935
2016-06-06,0.5393610952652595,1.253959331322754,0.5234478988400837,0.010695949800342164,0.006417569880205143
2016-07-06,0.5361523103251569,1.2394475854228424,0.5242441528807757,-0.0032087849401026824,-0.013904734740444846
2016-08-06,0.5518397033656589,1.3103938987112984,0.5263358052861761,0.01568739304050204,0.018896177980604723
2016-09-06,0.5625356531660012,1.3587663850443366,0.5289860239589276,0.010695949800342275,-0.004991443240159765
2016-10-06,0.5721620079863092,1.4023016227440708,0.5317788552956836,0.009626354820308047,-0.0010695949800342275
2016-01-07,0.6406160867084997,1.7118855352755138,0.5363068073778285,0.06845407872219045,0.0588277239018824
2016-04-07,0.6805476326297776,1.8924761509188561,0.5418924700513406,0.0399315459212779,-0.028522532800912548
2016-05-07,0.6580861380490588,1.7908939296194764,0.5467294162388288,-0.022461494580718777,-0.06239304050199668
2016-06-07,0.6830433542498574,1.9037630643965648,0.5528617607910249,0.024957216200798604,0.04741871078151738
2016-07-07,0.6659298345693098,1.826367086263704,0.558423654687203,-0.01711351968054764,-0.042070735881346244
2016-08-07,0.6577296063890473,1.7892815134083746,0.5634388667046968,-0.008200228180262448,0.008913291500285192
2016-11-07,0.684469480889903,1.9102127292409699,0.5694880205362236,0.026739874500855687,0.034940102681118135
2016-12-07,0.6801911009697662,1.890863734707755,0.5758937060277619,-0.004278379920136799,-0.031018254420992486
2016-01-08,0.6858956075299487,1.916662394085375,0.582216200798631,0.00570450656018251,0.009982886480319308
2016-02-08,0.6930262407301769,1.9489107183074008,0.5889189960068454,0.00713063320022822,0.0014261266400457107
2016-03-08,0.6887478608100399,1.9295617237741851,0.5953009127210496,-0.004278379920137021,-0.011409013120365241
2016-04-08,0.6734169994295494,1.8602278266968306,0.6012431070545731,-0.015330861380490557,-0.011052481460353536
2016-05-08,0.6755561893896178,1.8699023239634383,0.606781232173417,0.002139189960068455,0.017470051340559012
2016-08-08,0.655590416428979,1.7796070161417676,0.6111784559802245,-0.01996577296063884,-0.022104962920707294
2016-09-08,0.6570165430690246,1.7860566809861724,0.6138049058756417,0.0014261266400455996,0.02139189960068444
2016-10-08,0.679656303479749,1.8884451103911029,0.6175544305000951,0.022639760410724463,0.021213633770678864
2016-11-08,0.6751996577296064,1.8682899077523372,0.6209177124928694,-0.004456645750142596,-0.02709640616086706
2016-12-08,0.6630775812892186,1.8134677565748942,0.6239601159916334,-0.012122076440387874,-0.0076654306902452785
2016-01-09,0.6195807187678265,1.6167529788205388,0.6255288552956836,-0.043496862521392066,-0.03137478608100419
2016-02-09,0.6231460353679407,1.6328771409315517,0.6275610857577487,0.0035653166001141656,0.04706217912150623
2016-05-09,0.6484597832287508,1.747358691919742,0.6298785415478229,0.025313747860810087,0.021748431260695922
2016-06-09,0.6534512264689105,1.76993251887516,0.632695141661913,0.004991443240159765,-0.020322304620650322
2016-07-09,0.6648602395892756,1.8215298376304008,0.6374132439627306,0.01140901312036513,0.006417569880205365
2016-08-09,0.6652167712492869,1.8231422538415012,0.6421075774862142,0.00035653166001126113,-0.011052481460353869
2016-09-09,0.6466771249286937,1.7392966108642356,0.6460413101350067,-0.01853964632059324,-0.0188961779806045
2016-12-09,0.6220764403879064,1.628039892298248,0.6487984883057616,-0.024600684540787232,-0.006061038220193993
2016-03-10,0.6384768967484312,1.7022110380089062,0.652209307853204,0.016400456360524784,0.041001140901312016
2016-04-10,0.6227895037079292,1.6312647247204501,0.6545743011979465,-0.01568739304050204,-0.032087849401026824
2016-05-10,0.5892755276668569,1.4796976008769316,0.6554656303479749,-0.03351397604107231,-0.017826583000570273
2016-06-10,0.5878494010268113,1.4732479360325268,0.655988543449325,-0.0014261266400455996,0.03208784940102671
2016-07-10,0.5725185396463206,1.4039140389551719,0.6537186252139191,-0.015330861380490668,-0.013904734740445068
2016-10-10,0.588562464346834,1.476472768454729,0.6506524529378209,0.016043924700513412,0.03137478608100408
2016-11-10,0.5778665145464917,1.4281002821216908,0.6479784654877354,-0.010695949800342275,-0.026739874500855687
2016-12-10,0.5764403879064461,1.421650617277286,0.6444250332762883,-0.0014261266400455996,0.009269823160296675
2016-01-11,0.6049629207073588,1.5506439141653872,0.6423928028142232,0.02852253280091266,0.02994865944095826
2016-02-11,0.6156588705077011,1.599016400498425,0.6409904449515117,0.010695949800342275,-0.017826583000570384
2016-03-11,0.5989018824871649,1.5232328385766658,0.6381381916714204,-0.016756988020536157,-0.02745293782087843
2016-04-11,0.6071021106674274,1.5603184114319952,0.6357018919946759,0.008200228180262448,0.024957216200798604
2016-07-11,0.6042498573873359,1.5474190817431843,0.6329803669899221,-0.0028522532800914213,-0.011052481460353869
2016-08-11,0.6056759840273818,1.5538687465875902,0.6300686917664956,0.0014261266400458217,0.004278379920137243
2016-09-11,0.6252852253280091,1.6425516381981593,0.6279532705837612,0.019609241300627356,0.018183114660581534
2016-10-11,0.6231460353679407,1.6328771409315517,0.6262775717817076,-0.002139189960068455,-0.02174843126069581
2016-11-11,0.6174415288077582,1.6070784815539316,0.624340416428979,-0.00570450656018251,-0.0035653166001140546
2016-01-12,0.5357957786651455,1.2378351692117413,0.6203472618368511,-0.08164575014261266,-0.07594124358243015
2016-02-12,0.5375784369652026,1.2458972502672478,0.6163659916333905,0.0017826583000570828,0.08342840844266974
2016-05-12,0.5472047917855106,1.289432487966982,0.6119509412435825,0.009626354820308047,0.007843696520250965
2016-06-12,0.5532658300057045,1.3168435635557034,0.6078864803194524,0.006061038220193882,-0.0035653166001141656
2016-07-12,0.5525527666856817,1.3136187311335006,0.6042023198326678,-0.0007130633200228553,-0.006774101540216737
2016-08-12,0.5653879064460924,1.3716657147331464,0.6023958927552767,0.01283513976041073,0.013548203080433585
2016-09-12,0.558970336565887,1.3426422229333235,0.6002567027952083,-0.006417569880205365,-0.019252709640616095
2016-12-12,0.5557615516257843,1.3281304770334121,0.5971667617417761,-0.0032087849401026824,0.0032087849401026824
2017-03-01,0.5233171705647461,1.1814006018231968,0.5928289598783039,-0.0324443810610382,-0.029235596120935514
2017-04-01,0.5400741585852824,1.2571841637449566,0.5886694238448374,0.016756988020536268,0.049201369081574464
2017-05-01,0.5461351968054764,1.2845952393336784,0.5847000380300437,0.006061038220193993,-0.010695949800342275
2017-06-01,0.5411437535653166,1.2620214123782603,0.5811822589845979,-0.004991443240159765,-0.011052481460353758
2017-09-01,0.5436394751853965,1.273308325855969,0.5785676934778474,0.002495721620079827,0.007487164860239592
2017-10-01,0.5488091842555619,1.2966883609169375,0.5755787697280853,0.005169709070165451,0.0026739874500856242
2017-11-01,0.5532658300057045,1.3168435635557034,0.5732613139380109,0.004456645750142596,-0.0007130633200228553
2017-12-01,0.5575442099258414,1.3361925580889185,0.5722036033466439,0.00427837992013691,-0.00017826583000568608
2017-01-02,0.5821448944666288,1.4474492766549065,0.572013453127971,0.024600684540787343,0.020322304620650433
2017-02-02,0.5860667427267542,1.4651858549770203,0.5724650598973188,0.003921848260125427,-0.020678836280661916
2017-03-02,0.5707358813462636,1.3958519578996658,0.5718708404639666,-0.015330861380490557,-0.019252709640615984
2017-06-02,0.5821448944666288,1.4474492766549065,0.572013453127971,0.01140901312036513,0.026739874500855687
2017-07-02,0.5821448944666288,1.4474492766549065,0.5722036033466439,0.0,-0.01140901312036513
2017-08-02,0.5871363377067883,1.4700231036103235,0.5716093839132915,0.004991443240159543,0.004991443240159543
2017-09-02,0.5862450085567599,1.4659920630825707,0.5706289218482602,-0.0008913291500284304,-0.005882772390187974
2017-10-02,0.5828579577866515,1.4506741090771087,0.5700941243582431,-0.0033870507701083685,-0.002495721620079938
2017-01-03,0.6081717056474615,1.5651556600652985,0.5701297775242442,0.025313747860809976,0.028700798630918345
2017-02-03,0.6081717056474615,1.5651556600652985,0.5702605057995817,0.0,-0.025313747860809976
2017-03-03,0.5842840844266971,1.4571237739215137,0.5695474424795588,-0.023887621220764377,-0.023887621220764377
2017-06-03,0.5896320593268682,1.4813100170880327,0.5683590036128543,0.005347974900171137,0.029235596120935514
2017-07-03,0.5857102110667427,1.4635734387659185,0.5671111428028143,-0.003921848260125538,-0.009269823160296675
2017-08-03,0.5750142612664004,1.4152009524328806,0.5656969005514356,-0.010695949800342275,-0.006774101540216737
2017-09-03,0.5657444381061039,1.3732781309442479,0.5666951891994677,-0.009269823160296564,0.0014261266400457107
2017-10-03,0.5568311466058187,1.3329677256667163,0.5673369461874881,-0.008913291500285192,0.00035653166001137215
2017-03-04,0.6021106674272676,1.5377445844765774,0.5691671420422133,0.045279520821448926,0.05419281232173412
2017-04-04,0.608528237307473,1.5667680762764,0.5710092222856056,0.006417569880205365,-0.03886195094124356
2017-05-04,0.6056759840273818,1.5538687465875902,0.5727799961969956,-0.0028522532800911993,-0.009269823160296564
2017-06-04,0.6042498573873359,1.5474190817431843,0.5740753945617038,-0.0014261266400458217,0.0014261266400453776
2017-07-04,0.6106674272675413,1.5764425735430072,0.5757986309184255,0.006417569880205365,0.007843696520251187
2017-10-04,0.5942669709070166,1.5022714278323495,0.5770821448944667,-0.016400456360524673,-0.02281802624073004
2017-11-04,0.5942669709070166,1.5022714278323495,0.579447138239209,0.0,0.016400456360524673
2017-12-04,0.6074586423274386,1.5619308276430959,0.5816932876972809,0.013191671420421991,0.013191671420421991
2017-02-05,0.558970336565887,1.3426422229333235,0.5821211256892946,-0.04848830576155161,-0.0616799771819736
2017-03-05,0.5554050199657731,1.3265180608223115,0.5825965012359764,-0.0035653166001139436,0.044922989161437665
2017-04-05,0.5429264118653737,1.2700834934337668,0.5825727324586424,-0.012478608100399358,-0.008913291500285414
2017-05-05,0.5347261836851113,1.2329979205784376,0.582103299106294,-0.008200228180262448,0.00427837992013691
2017-08-05,0.5386480319452367,1.250734498900551,0.5816160391709452,0.003921848260125427,0.012122076440387874
2017-09-05,0.5329435253850542,1.224935839522931,0.5807960163529188,-0.00570450656018251,-0.009626354820307936
2017-10-05,0.535439247005134,1.2362227530006398,0.5792391614375357,0.002495721620079827,0.008200228180262337
2017-11-05,0.5382915002852254,1.2491220826894505,0.5776466533561514,0.0028522532800914213,0.0003565316600115942
2017-12-05,0.5357957786651455,1.2378351692117413,0.5764819832667808,-0.002495721620079938,-0.0053479749001713595
2017-01-06,0.5653879064460924,1.3716657147331464,0.5759234169994296,0.029592127780946886,0.032087849401026824
2017-02-06,0.567527096406161,1.3813402119997544,0.5754361570640807,0.002139189960068566,-0.02745293782087832
2017-05-06,0.5792926411865373,1.4345499469660958,0.5751747005134057,0.011765544780376391,0.009626354820307825
2017-06-06,0.5807187678265829,1.4409996118105006,0.5749904924890664,0.0014261266400455996,-0.010339418140330792
2017-07-06,0.5821448944666288,1.4474492766549065,0.5749667237117322,0.0014261266400458217,2.220446049250313e-16
2017-08-06,0.5821448944666288,1.4474492766549065,0.5740991633390379,0.0,-0.0014261266400458217
2017-09-06,0.5732316029663435,1.4071388713773745,0.5729344932496673,-0.008913291500285303,-0.008913291500285303
2017-12-06,0.5653879064460924,1.3716657147331464,0.5723046206503138,-0.007843696520251076,0.0010695949800342275
2017-03-07,0.5422133485453509,1.2668586610115642,0.5707239969575966,-0.02317455790074152,-0.015330861380490446
2017-04-07,0.5304478037649744,1.2136489260452223,0.5688819167142042,-0.011765544780376502,0.01140901312036502
2017-05-07,0.5233171705647461,1.1814006018231968,0.5671586803574825,-0.00713063320022822,0.004634911580148282
2017-06-07,0.5254563605248147,1.191075099089805,0.5658157444381061,0.002139189960068566,0.009269823160296786
2017-07-07,0.5193953223046207,1.1636640235010831,0.5645678836280663,-0.006061038220193993,-0.008200228180262559
2017-10-07,0.4972903593839132,1.0636942184128038,0.5610738733599543,-0.022104962920707516,-0.016043924700513523
2017-11-07,0.5076297775242442,1.1104542885347413,0.55771059136718,0.010339418140331014,0.03244438106103853
2017-12-07,0.5190387906446092,1.1620516072899816,0.5548226849210878,0.01140901312036502,0.0010695949800340054
2017-01-08,0.5514831717056474,1.3087814825001969,0.5530637953983647,0.0324443810610382,0.021035367940673178
2017-02-08,0.5489874500855677,1.2974945690224886,0.5510077961589656,-0.002495721620079716,-0.03494010268111791
2017-03-08,0.5418568168853394,1.2652462448004627,0.5492607910249097,-0.007130633200228331,-0.004634911580148615
2017-04-08,0.5500570450656018,1.3023318176557919,0.5477871268301958,0.008200228180262448,0.015330861380490779
2017-07-08,0.5297347404449515,1.2104240936230195,0.5451963301007796,-0.020322304620650322,-0.02852253280091277
2017-08-08,0.5390045636052482,1.2523469151116526,0.544530804335425,0.009269823160296675,0.029592127780946997
2017-09-08,0.5461351968054764,1.2845952393336784,0.5442218102300819,0.00713063320022822,-0.002139189960068455
2017-10-08,0.5636052481460353,1.3636036336776398,0.5449111047727705,0.0174700513405589,0.01033941814033068
2017-11-08,0.5639617798060468,1.3652160498887413,0.5458856246434683,0.0003565316600114832,-0.017113519680547418
2017-01-09,0.5785795778665146,1.4313251145438934,0.5472166761741776,0.014617798060467813,0.01426126640045633
2017-04-09,0.5892755276668569,1.4796976008769316,0.549094409583571,0.010695949800342275,-0.003921848260125538
2017-05-09,0.5921277809469481,1.4925969305657414,0.5509840273816314,0.0028522532800911993,-0.007843696520251076
2017-06-09,0.5882059326868226,1.4748603522436279,0.5526478417950181,-0.003921848260125427,-0.006774101540216626
2017-07-09,0.5889189960068454,1.47808518466583,0.554418615706408,0.0007130633200227443,0.004634911580148171
2017-08-09,0.6038933257273247,1.5458066655320837,0.5557021296824493,0.014974329720479296,0.014261266400456551
2017-11-09,0.591058185966914,1.4877596819324381,0.5564864993344741,-0.01283513976041073,-0.027809469480890026
2017-12-09,0.5874928693667998,1.471635519821425,0.5567598402738163,-0.0035653166001141656,0.009269823160296564
2017-02-10,0.5457786651454649,1.2829828231225766,0.5555951701844457,-0.04171420422133487,-0.038148887621220706
2017-03-10,0.5468482601254991,1.2878200717558805,0.554418615706408,0.0010695949800342275,0.0427837992013691
2017-04-10,0.5545136908157444,1.3224870202945578,0.553497575584712,0.0076654306902452785,0.006595835710211051
2017-05-10,0.5486309184255562,1.295882152811387,0.5526775527666856,-0.005882772390188196,-0.013548203080433474
2017-06-10,0.5473830576155163,1.2902386960725327,0.5520773911389998,-0.0012478608100399136,0.004634911580148282
2017-09-10,0.5579007415858529,1.3378049743000202,0.55260030424035,0.010517683970336589,0.011765544780376502
2017-10-10,0.565031374786081,1.3700532985220453,0.5537530899410535,0.007130633200228109,-0.0033870507701084795
2017-11-10,0.5661009697661152,1.374890547155349,0.555179216581099,0.0010695949800342275,-0.006061038220193882
2017-12-10,0.5677053622361666,1.3821464201053049,0.5565875166381441,0.0016043924700513967,0.0005347974900171693
2017-01-11,0.5586138049058758,1.3410298067222228,0.5578947993915193,-0.009091557330290878,-0.010695949800342275
2017-02-11,0.5636052481460353,1.3636036336776398,0.56010529568359,0.004991443240159543,0.014083000570450421
2017-03-11,0.5637835139760411,1.364409841783191,0.56197708689865,0.0001782658300057971,-0.004813177410153746
2017-06-11,0.5577224757558471,1.3369987661944691,0.5632665430690246,-0.006061038220193993,-0.00623930405019979
2017-07-11,0.5609312606959498,1.3515105120943804,0.5635814793687012,0.0032087849401026824,0.009269823160296675
2017-08-11,0.5605747290359384,1.3498980958832794,0.5639677220003804,-0.00035653166001137215,-0.0035653166001140546
2017-09-11,0.5643183114660583,1.3668284660998429,0.5647164384864044,0.0037435824301198517,0.004100114090131224
2017-10-11,0.5607529948659441,1.35070430398883,0.5650729701464157,-0.0035653166001141656,-0.007308899030234017
2017-01-12,0.5400741585852824,1.2571841637449566,0.5654176174177601,-0.020678836280661694,-0.01711351968054753
2017-04-12,0.5368653736451796,1.2426724178450446,0.5653463110857577,-0.0032087849401027935,0.0174700513405589
2017-05-12,0.5352609811751284,1.2354165448950898,0.5649838372314128,-0.0016043924700511747,0.0016043924700516188
2017-06-12,0.5291999429549343,1.2080054693063675,0.5638369937250428,-0.006061038220194104,-0.004456645750142929
2017-07-12,0.5218910439247005,1.1749509369787918,0.5624346358623312,-0.007308899030233795,-0.0012478608100396915
2017-08-12,0.5188605248146035,1.161245399184431,0.5604440007606009,-0.0030305191100969964,0.004278379920136799
2017-11-12,0.519217056474615,1.1628578153955327,0.5581087183875262,0.0003565316600114832,0.0033870507701084795
2017-12-12,0.5172561323445521,1.153989526234475,0.5556129967674462,-0.00196092413006288,-0.002317455790074363
2018-02-01,0.5628921848260126,1.3603788012554376,0.5547692051720859,0.04563605248146041,0.04759697661152329
2018-03-01,0.5652096406160867,1.3708595066275957,0.5539788933257274,0.002317455790074141,-0.04331859669138627
2018-04-01,0.5653879064460924,1.3716657147331464,0.5526953793496862,0.00017826583000568608,-0.002139189960068455
2018-05-01,0.566279235596121,1.3756967552609,0.5518694143373265,0.0008913291500286524,0.0007130633200229664
2018-08-01,0.5668140330861381,1.3781153795775516,0.5511801197946377,0.0005347974900170582,-0.0003565316600115942
2018-09-01,0.5627139189960069,1.359572593149887,0.5517446282563225,-0.004100114090131224,-0.004634911580148282
2018-10-01,0.5655661722760982,1.3724719228386972,0.5523685586613425,0.0028522532800913103,0.006952367370222534
2018-11-01,0.5611095265259556,1.3523167201999315,0.5525884198516828,-0.004456645750142596,-0.007308899030233906
2018-12-01,0.565031374786081,1.3700532985220453,0.5531351017303671,0.003921848260125427,0.008378494010268023
2018-01-02,0.567527096406161,1.3813402119997544,0.5538065696900552,0.002495721620079938,-0.0014261266400454886
2018-02-02,0.5655661722760982,1.3724719228386972,0.5540620840463967,-0.001960924130062769,-0.004456645750142707
2018-05-02,0.5562963491158015,1.330549101350064,0.553770916524054,-0.009269823160296675,-0.007308899030233906
2018-06-02,0.5538006274957217,1.3192621878723554,0.5533609051150409,-0.002495721620079827,0.006774101540216848
2018-07-02,0.5497005134055905,1.3007194014446908,0.5527607434873549,-0.004100114090131224,-0.0016043924700513967
2018-08-02,0.5374001711351968,1.2450910421616967,0.5520536223616658,-0.012300342270393672,-0.008200228180262448
2018-09-02,0.5377567027952083,1.2467034583727983,0.5511920041833048,0.0003565316600114832,0.012656873930405155
2018-12-02,0.5402524244152881,1.257990371850507,0.5504076345312797,0.002495721620079827,0.002139189960068344
2018-01-03,0.5363305761551627,1.2402537935283935,0.5496945712112569,-0.003921848260125427,-0.006417569880205254
2018-02-03,0.540965487735311,1.2612152042727098,0.5490290454459023,0.004634911580148282,0.008556759840273709
2018-05-03,0.5432829435253851,1.271695909644868,0.5484526525955504,0.002317455790074141,-0.002317455790074141
2018-06-03,0.5472047917855106,1.289432487966982,0.5478822019395323,0.003921848260125538,0.0016043924700513967
2018-07-03,0.548096120935539,1.293463528494735,0.5474603061418521,0.0008913291500284304,-0.0030305191100971074
2018-08-03,0.5422133485453509,1.2668586610115642,0.5475316124738544,-0.005882772390188196,-0.006774101540216626
2018-09-03,0.5423916143753565,1.2676648691171146,0.5477158204981937,0.00017826583000568608,0.006061038220193882
2018-12-03,0.5413220193953223,1.262827620483811,0.5479178551055334,-0.0010695949800342275,-0.0012478608100399136
2018-03-04,0.5436394751853965,1.273308325855969,0.5483991728465488,0.002317455790074141,0.0033870507701083685
2018-04-04,0.5415002852253281,1.263633828589362,0.5490528142232364,-0.002139189960068344,-0.004456645750142485
2018-05-04,0.5359740444951512,1.238641377317292,0.5496232648792547,-0.0055262407301769345,-0.0033870507701085906
2018-06-04,0.534904449515117,1.233804128683988,0.5501461779806046,-0.0010695949800342275,0.004456645750142707
2018-09-04,0.5372219053051911,1.2442848340561463,0.5508117037459593,0.002317455790074141,0.0033870507701083685
2018-10-04,0.5425698802053622,1.2684710772226653,0.5501342935919377,0.005347974900171137,0.0030305191100969964
2018-11-04,0.5452438676554479,1.280564198805925,0.549468767826583,0.0026739874500856242,-0.002673987450085513
2018-12-04,0.5484526525955505,1.2950759447058364,0.5489042593648983,0.0032087849401026824,0.0005347974900170582
2018-01-05,0.5340131203650884,1.2297730881562348,0.5478287221905306,-0.014439532230462127,-0.01764831717056481
2018-02-05,0.5375784369652026,1.2458972502672478,0.5468542023198327,0.0035653166001141656,0.018004848830576292
2018-03-05,0.5416785510553337,1.264440036694912,0.5461530233884769,0.004100114090131113,0.0005347974900169472
2018-04-05,0.5398958927552766,1.2563779556394055,0.5452973474044496,-0.0017826583000570828,-0.005882772390188196
2018-08-05,0.540965487735311,1.2612152042727098,0.5446258794447615,0.0010695949800343385,0.0028522532800914213
2018-09-05,0.5407872219053053,1.2604089961671592,0.5438177410154023,-0.00017826583000568608,-0.0012478608100400246
2018-10-05,0.5464917284654878,1.2862076555447794,0.5431165620840465,0.00570450656018251,0.005882772390188196
2018-11-05,0.5521962350256704,1.3120063149224,0.5426708975090322,0.005704506560182621,1.1102230246251565e-16
2018-01-06,0.5400741585852824,1.2571841637449566,0.5421301578246815,-0.012122076440387985,-0.017826583000570606
2018-04-06,0.5407872219053053,1.2604089961671592,0.5416963776383343,0.0007130633200228553,0.01283513976041084
2018-05-06,0.5388262977752425,1.2515407070061022,0.5413339037839894,-0.001960924130062769,-0.0026739874500856242
2018-06-06,0.5445308043354251,1.277339366383723,0.5415715915573304,0.005704506560182621,0.0076654306902453895
2018-07-06,0.5516614375356532,1.3095876906057478,0.5420350827153452,0.007130633200228109,0.0014261266400454886
2018-08-06,0.5507701083856247,1.3055566500779947,0.5423856721810231,-0.0008913291500285414,-0.00802196235025665
2018-11-06,0.5521962350256704,1.3120063149224,0.5429145274767067,0.0014261266400457107,0.002317455790074252
2018-12-06,0.5555832857957788,1.327324268927862,0.5434017874120556,0.0033870507701083685,0.001960924130062658
2018-02-07,0.5243867655447804,1.1862378504565005,0.542771914812702,-0.031196520250998394,-0.03458357102110676
2018-03-07,0.5226041072447234,1.1781757694009947,0.5419518919946759,-0.0017826583000569718,0.029413861950941422
2018-04-07,0.5267042213348546,1.1967185558286593,0.541238828674653,0.004100114090131224,0.005882772390188196
2018-05-07,0.5233171705647461,1.1814006018231968,0.5406089560752996,-0.0033870507701084795,-0.007487164860239703
2018-06-07,0.5249215630347975,1.1886564747731527,0.5400266210306143,0.0016043924700513967,0.004991443240159876
2018-09-07,0.532408727895037,1.2225172152062789,0.5397295113139381,0.007487164860239481,0.005882772390188085
2018-10-07,0.5226041072447234,1.1781757694009947,0.5390283323825823,-0.009804620650313622,-0.017291785510553104
2018-11-07,0.5220693097547062,1.1757571450843425,0.5383806332002282,-0.0005347974900171693,0.009269823160296453
2018-12-07,0.5193953223046207,1.1636640235010831,0.5378280091272105,-0.002673987450085513,-0.002139189960068344
2018-01-08,0.5063819167142042,1.1048108317958865,0.5368772580338468,-0.013013405590416527,-0.010339418140331014
2018-02-08,0.5054905875641758,1.1007797912681336,0.5358195474424795,-0.0008913291500284304,0.012122076440388097
2018-03-08,0.5022818026240731,1.0862680453682223,0.5344766115231033,-0.0032087849401026824,-0.002317455790074252
2018-06-08,0.5017470051340559,1.0838494210515701,0.5330267161057235,-0.0005347974900171693,0.002673987450085513
2018-07-08,0.5060253850541928,1.1031984155847854,0.531612473854345,0.00427837992013691,0.004813177410154079
2018-08-08,0.5017470051340559,1.0838494210515701,0.5305369366799773,-0.00427837992013691,-0.00855675984027382
2018-09-08,0.50656018254421,1.1056170399014376,0.5295029948659441,0.004813177410154079,0.009091557330290989
2018-10-08,0.5028166001140901,1.0886866696848738,0.528207596501236,-0.0037435824301198517,-0.008556759840273931
2018-03-09,0.4725114090131203,0.9516312917412657,0.5259614470431642,-0.030305191100969853,-0.02656160867085
2018-04-09,0.4627067883628066,0.9072898459359812,0.5233528237307473,-0.009804620650313678,0.020500570450656175
2018-05-09,0.4598545350827153,0.8943905162471709,0.5206550675033277,-0.0028522532800913103,0.006952367370222368
2018-06-09,0.4632415858528237,0.9097084702526331,0.5178800627495722,0.003387050770108424,0.006239304050199734
2018-07-09,0.4603893325727324,0.8968091405638228,0.5148198326678076,-0.0028522532800913103,-0.006239304050199734
2018-10-09,0.4614589275527667,0.9016463891971268,0.5121993249667238,0.001069594980034283,0.003921848260125593
2018-11-09,0.458250142612664,0.8871346432972155,0.5094480889903024,-0.0032087849401026824,-0.0042783799201369654
2018-12-09,0.4593197375926982,0.891971891930519,0.5067978703175509,0.001069594980034172,0.004278379920136854
2018-01-10,0.4734027381631489,0.9556623322690193,0.504426934778475,0.014083000570450699,0.013013405590416527
2018-02-10,0.4717983456930976,0.9484064593190638,0.5017648317170564,-0.0016043924700512857,-0.015687393040501985
2018-03-10,0.4799985738733599,0.9854920321743926,0.4994057805666477,0.008200228180262337,0.009804620650313622
2018-04-10,0.4762549914432402,0.9685616619578296,0.49687440578056663,-0.0037435824301197407,-0.011943810610382077
2018-05-10,0.4764332572732458,0.9693678700633799,0.49423607149648224,0.00017826583000563057,0.003921848260125371
2018-08-10,0.4703722190530519,0.9419567944746584,0.4924355866134246,-0.006061038220193937,-0.006239304050199568
2018-09-10,0.4653807758128921,0.9193829675192404,0.4905281422323636,-0.004991443240159765,0.001069594980034172
2018-10-10,0.4671634341129492,0.927445048574747,0.4885434493249667,0.0017826583000570828,0.006774101540216848
2018-11-10,0.4680547632629777,0.9314760891025,0.48670136908157446,0.0008913291500284859,-0.0008913291500285969
2018-12-10,0.4751853964632058,0.963724413324525,0.48504349686252135,0.007130633200228109,0.006239304050199623
2018-01-11,0.4698374215630347,0.9395381701580062,0.48295778665145467,-0.005347974900171082,-0.012478608100399191
2018-02-11,0.4830290929834569,0.9991975699687535,0.4816386195094124,0.013191671420422213,0.018539646320593295
2018-05-11,0.4799985738733599,0.9854920321743926,0.4802362616467009,-0.0030305191100969964,-0.01622219053051921
2018-06-11,0.47875071306332,0.9798485754355383,0.4788814413386575,-0.0012478608100399136,0.0017826583000570828
2018-07-11,0.4776811180832858,0.9750113268022345,0.47792474805096025,-0.0010695949800342275,0.00017826583000568608
2018-08-11,0.4712635482030804,0.9459878350024117,0.4767838467389237,-0.006417569880205365,-0.005347974900171137
2018-09-11,0.4659155733029093,0.9218015918358926,0.4755716390948849,-0.005347974900171137,0.0010695949800342275
2018-12-11,0.4594980034227039,0.8927781000360698,0.4741633390378398,-0.006417569880205365,-0.0010695949800342275
2018-03-12,0.4675199657729605,0.9290574647858478,0.4728798250617988,0.008021962350256595,0.01443953223046196
2018-04-12,0.4732244723331432,0.9548561241634688,0.47192907396843503,0.005704506560182676,-0.002317455790073919
2018-05-12,0.470907016543069,0.9443754187913103,0.47074063510173036,-0.0023174557900741966,-0.008021962350256873
2018-06-12,0.4673416999429549,0.9282512566802975,0.4695581384293591,-0.00356531660011411,-0.0012478608100399136
2018-07-12,0.4710852823730747,0.9451816268968608,0.469510600874691,0.003743582430119796,0.007308899030233906
2018-10-12,0.472689674843126,0.9524374998468166,0.4698433637573683,0.0016043924700513412,-0.002139189960068455
2018-11-12,0.4766115231032515,0.9701740781689304,0.4704019300247195,0.003921848260125482,0.002317455790074141
2018-12-12,0.4771463205932686,0.9725927024855824,0.4708654211827344,0.0005347974900171137,-0.0033870507701083685
2019-02-01,0.5051340559041643,1.099167375057032,0.4723569119604487,0.027987735310895656,0.027452937820878542
2019-03-01,0.5085211066742727,1.1144853290624945,0.47392565126449887,0.0033870507701084795,-0.024600684540787177
2019-04-01,0.5145821448944666,1.1418964046512157,0.4758033846738924,0.006061038220193882,0.002673987450085402
2019-07-01,0.516186537364518,1.1491522776011718,0.4776989446662864,0.0016043924700513967,-0.004456645750142485
2019-08-01,0.5122646891043925,1.1314156992790576,0.4789943430309945,-0.003921848260125538,-0.0055262407301769345
2019-09-01,0.5115516257843696,1.128190866856855,0.48031945236737017,-0.0007130633200228553,0.0032087849401026824
2019-10-01,0.5145821448944666,1.1418964046512157,0.48147223806807377,0.0030305191100969964,0.0037435824301198517
2019-11-01,0.5136908157444381,1.1378653641234626,0.4827200988781137,-0.0008913291500285414,-0.003921848260125538
2019-01-02,0.5254563605248147,1.191075099089805,0.4843542023198326,0.011765544780376613,0.012656873930405155
2019-04-02,0.5160082715345122,1.1483460694956207,0.48587540406921464,-0.009448088990302472,-0.021213633770679086
2019-05-02,0.5202866514546493,1.1676950640288364,0.4877055999239399,0.004278379920137021,0.013726468910439493
2019-06-02,0.5154734740444952,1.145927445178969,0.48931593458832473,-0.004813177410154079,-0.0090915573302911
2019-07-02,0.5147604107244724,1.1427026127567668,0.49087278950370794,-0.0007130633200227443,0.004100114090131335
2019-08-02,0.5172561323445521,1.153989526234475,0.4922751473664195,0.002495721620079716,0.0032087849401024604
2019-11-02,0.5145821448944666,1.1418964046512157,0.49376663814413385,-0.002673987450085513,-0.005169709070165229
2019-12-02,0.5183257273245865,1.1588267748677794,0.49494319262217157,0.0037435824301198517,0.006417569880205365
2019-01-03,0.5094124358243013,1.1185163695902478,0.49592365468720284,-0.008913291500285192,-0.012656873930405044
2019-04-03,0.4951511694238448,1.0540197211461966,0.49647033656588707,-0.014261266400456496,-0.005347974900171304
2019-05-03,0.4933685111237877,1.04595764009069,0.4969932496672371,-0.0017826583000570828,0.012478608100399413
2019-06-03,0.4928337136337706,1.043539015774038,0.4977122551815934,-0.0005347974900171137,0.001247860810039969
2019-07-03,0.4921206503137478,1.0403141833518357,0.4985857577486214,-0.0007130633200227998,-0.00017826583000568608
2019-08-03,0.4935467769537935,1.046763848196241,0.4997207168663244,0.0014261266400457107,0.0021391899600685105
2019-11-03,0.4999643468339989,1.0757873399960638,0.5008021962350256,0.006417569880205365,0.004991443240159654
2019-12-03,0.5053123217341701,1.0999735831625832,0.5018717912150599,0.005347974900171193,-0.001069594980034172
2019-01-04,0.4919423844837421,1.039507975246285,0.5025729701464157,-0.013369937250427955,-0.018717912150599147
2019-02-04,0.4903379920136908,1.0322521022963296,0.5033395132154401,-0.0016043924700512857,0.011765544780376669
2019-03-04,0.4953294352538505,1.054825929251747,0.5041476516447994,0.004991443240159654,0.00659583571021094
2019-04-04,0.4924771819737593,1.0419265995629372,0.5048072352158205,-0.0028522532800911993,-0.007843696520250854
2019-05-04,0.4963990302338847,1.059663177885051,0.5054668187868416,0.003921848260125427,0.006774101540216626
2019-08-04,0.494438106103822,1.050794888723994,0.5060432116371933,-0.0019609241300627134,-0.00588277239018814
2019-09-04,0.4985382201939533,1.069337675151659,0.505823350446853,0.004100114090131279,0.006061038220193993
2019-10-04,0.4981816885339418,1.0677252589405573,0.5054787031755087,-0.0003565316600114832,-0.0044566457501427625
2019-11-04,0.4951511694238448,1.0540197211461966,0.5048310039931546,-0.0030305191100969964,-0.002673987450085513
2019-12-04,0.4917641186537364,1.0387017671407346,0.5040169233694619,-0.0033870507701083685,-0.00035653166001137215
2019-01-05,0.4851682829435254,1.008872067235361,0.5031137098307663,-0.006595835710211051,-0.0032087849401026824
2019-02-05,0.4778593839132914,0.9758175349077848,0.5019906351017304,-0.007308899030233962,-0.0007130633200229108
2019-03-05,0.4771463205932686,0.9725927024855824,0.5007427742916905,-0.0007130633200227998,0.006595835710211162
2019-07-05,0.4833856246434683,1.0008099861798545,0.4997326012549914,0.006239304050199679,0.006952367370222479
2019-08-05,0.4869509412435823,1.016934148290867,0.4984490872789504,0.003565316600113999,-0.0026739874500856797
2019-09-05,0.4830290929834569,0.9991975699687535,0.49734978132724844,-0.003921848260125371,-0.00748716486023937
2019-10-05,0.4821377638334284,0.9951665294410003,0.49607815173987446,-0.0008913291500285414,0.00303051911009683
2019-03-06,0.4789289788933257,0.9806547835410888,0.4948600019015022,-0.0032087849401026824,-0.002317455790074141
2019-04-06,0.4794637763833428,0.9830734078577408,0.49368344742346454,0.0005347974900171137,0.003743582430119796
2019-05-06,0.4837421563034796,1.0024224023909554,0.4925663148887621,0.004278379920136799,0.003743582430119685
2019-06-06,0.4878422703936109,1.0209651888186204,0.4916749857387336,0.004100114090131279,-0.00017826583000551954
2019-07-06,0.4862378779235596,1.013709315868665,0.49060539075869936,-0.0016043924700512857,-0.005704506560182565
2019-10-06,0.4803551055333713,0.9871044483854937,0.489636813082335,-0.005882772390188307,-0.004278379920137021
2019-11-06,0.4785724472333143,0.9790423673299877,0.4890841890093173,-0.0017826583000569718,0.004100114090131335
2019-12-06,0.4819594980034227,0.9943603213354497,0.48870388857197183,0.0033870507701083685,0.00516970907016534
2019-01-07,0.4987164860239588,1.0701438832572088,0.48889998098497817,0.0167569880205361,0.013369937250427733
2019-02-07,0.4955077010838561,1.0556321373572972,0.4890128826773151,-0.0032087849401026824,-0.019965772960638783
2019-03-07,0.500499144324016,1.0782059643127158,0.4892446282563225,0.004991443240159876,0.008200228180262559
2019-04-07,0.4994295493439817,1.0733687156794116,0.4892268016733219,-0.001069594980034283,-0.006061038220194159
2019-05-07,0.4969338277239019,1.062081802201703,0.48894751853964624,-0.002495721620079827,-0.0014261266400455441
2019-08-07,0.4919423844837421,1.039507975246285,0.4889475185396463,-0.004991443240159765,-0.002495721620079938
2019-09-07,0.4903379920136908,1.0322521022963296,0.4889475185396463,-0.0016043924700512857,0.0033870507701084795
2019-10-07,0.4928337136337706,1.043539015774038,0.48886432781897693,0.0024957216200797716,0.004100114090131057
2019-11-07,0.4988947518539646,1.0709500913627599,0.4890782468149838,0.006061038220193993,0.003565316600114221
2019-12-07,0.494438106103822,1.050794888723994,0.489012882677315,-0.004456645750142596,-0.010517683970336589
2019-01-08,0.5252780946948089,1.1902688909842538,0.4900408822970146,0.03083998859098691,0.03529663434112951
2019-02-08,0.5320521962350258,1.2209047989951782,0.491158014831717,0.006774101540216848,-0.024065887050770063
2019-05-08,0.5423916143753565,1.2676648691171146,0.49263167902643085,0.010339418140330792,0.0035653166001139436
2019-06-08,0.5388262977752425,1.2515407070061022,0.4940875166381441,-0.0035653166001140546,-0.013904734740444846
2019-07-08,0.5543354249857387,1.3216808121890071,0.4961732268492109,0.015509127210496243,0.019074443810610298
2019-08-08,0.561466058185967,1.3539291364110326,0.49871648602395885,0.00713063320022822,-0.008378494010268023
2019-09-08,0.5607529948659441,1.35070430398883,0.5014796063890473,-0.0007130633200228553,-0.007843696520251076
2019-12-08,0.5591486023958927,1.343448431038874,0.5042130157824681,-0.0016043924700513967,-0.0008913291500285414
2019-02-09,0.6088847689674843,1.568380492487501,0.5083963205932687,0.04973616657159163,0.05134055904164303
2019-03-09,0.613341414717627,1.5885356951262675,0.5126093363757368,0.004456645750142707,-0.045279520821448926
2019-04-09,0.6429335424985739,1.7223662406476725,0.5179394846929074,0.029592127780946886,0.02513548203080418
2019-05-09,0.6399030233884768,1.708660702853311,0.5231983266780756,-0.0030305191100971074,-0.032622646891043994
2019-06-09,0.6015758699372504,1.5353259601599252,0.5272865563795398,-0.03832715345122639,-0.035296634341129285
2019-09-09,0.6024671990872791,1.539357000687679,0.531386670469671,0.0008913291500286524,0.039218482601255045
2019-10-09,0.5960496292070736,1.5103335088878556,0.5351302528997908,-0.006417569880205476,-0.007308899030234128
2019-11-09,0.6022889332572733,1.5385507925821278,0.5389451416619129,0.006239304050199679,0.012656873930405155
2019-12-09,0.6031802624073018,1.542581833109881,0.5428432211447043,0.0008913291500285414,-0.005347974900171137
2019-01-10,0.5646748431260696,1.3684408823109442,0.5456538790644611,-0.03850541928123219,-0.03939674843126073
2019-02-10,0.5700228180262408,1.3926271254774631,0.5487022247575585,0.005347974900171137,0.04385339418140333
2019-03-10,0.5821448944666288,1.4474492766549065,0.5520417379729987,0.012122076440387985,0.006774101540216848
2019-04-10,0.5823231602966343,1.4482554847604565,0.5548286271154212,0.00017826583000557505,-0.01194381061038241
2019-07-10,0.5759055904164291,1.4192319929606343,0.5575085567598402,-0.006417569880205254,-0.006595835710210829
2019-08-10,0.5805405019965774,1.4401934037049506,0.5601766020155924,0.004634911580148282,0.011052481460353536
2019-09-10,0.588562464346834,1.476472768454729,0.5631476991823541,0.00802196235025665,0.0033870507701083685
2019-10-10,0.5874928693667998,1.471635519821425,0.5661663339037839,-0.0010695949800342275,-0.009091557330290878
2019-11-10,0.5821448944666288,1.4474492766549065,0.5691730842365469,-0.005347974900171026,-0.004278379920136799
2019-01-11,0.600684540787222,1.5312949196321723,0.572851302528998,0.01853964632059324,0.023887621220764266
2019-04-11,0.603001996577296,1.54177562500433,0.5765235786271155,0.00231745579007403,-0.01622219053051921
2019-05-11,0.5980105533371364,1.5192017980489125,0.5798274386765545,-0.004991443240159654,-0.007308899030233684
2019-06-11,0.5800057045065602,1.4377747793882985,0.5826796919566458,-0.01800484883057618,-0.013013405590416527
2019-07-11,0.5796491728465488,1.4361623631771974,0.5844920612283705,-0.00035653166001137215,0.01764831717056481
2019-08-11,0.5539788933257273,1.3200683959779056,0.5852229511313939,-0.02567027952082157,-0.0253137478608102
2019-11-11,0.5564746149458072,1.3313553094556148,0.5856923844837422,0.002495721620079938,0.02816600114090151
2019-12-11,0.5513049058756417,1.3079752743946462,0.5861083380870888,-0.005169709070165451,-0.0076654306902453895
2019-02-12,0.5562963491158015,1.330549101350064,0.5861737022247575,0.004991443240159765,0.010161152310325217
2019-03-12,0.5611095265259556,1.3523167201999315,0.5861618178360906,0.004813177410154079,-0.00017826583000568608
2019-04-12,0.5653879064460924,1.3716657147331464,0.5863163148887621,0.004278379920136799,-0.0005347974900172803
2019-05-12,0.5561180832857958,1.3297428932445137,0.5862152975850922,-0.009269823160296564,-0.013548203080433363
2019-06-12,0.5586138049058758,1.3410298067222228,0.5845395987830387,0.002495721620079938,0.011765544780376502
2019-09-12,0.5472047917855106,1.289432487966982,0.5823350446853015,-0.01140901312036513,-0.013904734740445068
2019-10-12,0.5491657159155734,1.298300777128039,0.579209450465868,0.001960924130062769,0.013369937250427899
2019-11-12,0.5486309184255562,1.295882152811387,0.5761670469671041,-0.0005347974900171693,-0.002495721620079938
2019-12-12,0.55593981745579,1.3289366851389626,0.574645845217722,0.007308899030233795,0.007843696520250965
2020-02-01,0.5937321734169995,1.4998528035156973,0.5743546776953793,0.037792355961209445,0.03048345693097565
2020-03-01,0.6038933257273247,1.5458066655320837,0.5746161342460545,0.010161152310325217,-0.02763120365088423
2020-06-01,0.612093553907587,1.5828922383874127,0.5749429549343982,0.008200228180262337,-0.00196092413006288
2020-07-01,0.6015758699372504,1.5353259601599252,0.5748894751853965,-0.010517683970336589,-0.018717912150598925
2020-08-01,0.6113804905875643,1.5796674059652105,0.5764463301007796,0.009804620650313844,0.020322304620650433
2020-09-01,0.5931973759269823,1.4974341791990453,0.5772188153641377,-0.018183114660581978,-0.027987735310895823
2020-10-01,0.593375641756988,1.4982403873045957,0.5775931736071497,0.00017826583000568608,0.018361380490587664
2020-03-02,0.5882059326868226,1.4748603522436279,0.5777892660201559,-0.00516970907016534,-0.005347974900171026
2020-04-02,0.586779806046777,1.4684106873992229,0.578151739874501,-0.0014261266400455996,0.0037435824301197407
2020-05-02,0.5828579577866515,1.4506741090771087,0.5782289884008366,-0.003921848260125538,-0.002495721620079938
2020-06-02,0.588027666856817,1.4740541441380772,0.5782111618178362,0.005169709070165451,0.009091557330290989
2020-07-02,0.5882059326868226,1.4748603522436279,0.5782349305951702,0.00017826583000568608,-0.004991443240159765
2020-10-02,0.5887407301768397,1.4772789765602794,0.5784547917855106,0.0005347974900170582,0.00035653166001137215
2020-11-02,0.5858884768967484,1.4643796468714692,0.5779615896558281,-0.0028522532800913103,-0.0033870507701083685
2020-12-02,0.5807187678265829,1.4409996118105006,0.5772188153641377,-0.005169709070165451,-0.002317455790074141
2020-02-03,0.5577224757558471,1.3369987661944691,0.5758758794447615,-0.022996292070735835,-0.017826583000570384
2020-03-03,0.5539788933257273,1.3200683959779056,0.575008319072067,-0.0037435824301198517,0.019252709640615984
2020-04-03,0.5696662863662293,1.3910147092663614,0.5746755561893896,0.01568739304050204,0.019430975470621892
2020-05-03,0.5678836280661723,1.3829526282108555,0.5751390473474045,-0.0017826583000569718,-0.017470051340559012
2020-06-03,0.5778665145464917,1.4281002821216908,0.5758521106674273,0.00998288648031942,0.011765544780376391
2020-09-03,0.556652880775813,1.3321615175611659,0.576030376497433,-0.021213633770678753,-0.031196520250998172
2020-10-03,0.563248716486024,1.3619912174665392,0.5762621220764405,0.006595835710211051,0.027809469480889804
2020-11-03,0.561466058185967,1.3539291364110326,0.5762740064651074,-0.0017826583000570828,-0.008378494010268134
2020-12-03,0.5438177410154021,1.2741145339615196,0.5755550009507512,-0.01764831717056481,-0.015865658870507726
2020-01-04,0.4543282943525385,0.8693980649751015,0.5721620079863092,-0.08948944666286363,-0.07184112949229882
2020-02-04,0.4600328009127211,0.8951967243527219,0.5688759745198707,0.005704506560182565,0.09519395322304619
2020-03-04,0.4676982316029663,0.9298636728913989,0.5662257558471192,0.007665430690245223,0.001960924130062658
2020-06-04,0.4735810039931545,0.9564685403745695,0.5637062654497053,0.005882772390188196,-0.0017826583000570273
2020-07-04,0.4921206503137478,1.0403141833518357,0.5618225898459782,0.018539646320593295,0.0126568739304051
2020-08-04,0.4917641186537364,1.0387017671407346,0.55968339988591,-0.00035653166001137215,-0.018896177980604667
2020-09-04,0.4956859669138619,1.0564383454628483,0.556415193002472,0.003921848260125482,0.004278379920136854
2020-01-05,0.4839204221334854,1.0032286104965065,0.5524160962160106,-0.011765544780376502,-0.015687393040501985
2020-04-05,0.4869509412435823,1.016934148290867,0.5482446757938771,0.0030305191100968853,0.014796063890473388
2020-05-05,0.4805333713633771,0.9879106564910448,0.5442099258414147,-0.006417569880205198,-0.009448088990302084
2020-06-05,0.4921206503137478,1.0403141833518357,0.5402345978322874,0.011587278950370705,0.018004848830575904
2020-07-05,0.4887335995436394,1.0249962293463735,0.5367524719528427,-0.003387050770108424,-0.01497432972047913
2020-11-05,0.5053123217341701,1.0999735831625832,0.5338170279520822,0.016578722190530693,0.019965772960639117
2020-12-05,0.5067384483742157,1.106423248006988,0.5311014451416619,0.0014261266400455996,-0.015152595550485093
2020-01-06,0.6021106674272676,1.5377445844765774,0.531612473854345,0.09537221905305193,0.09394609241300633
2020-02-06,0.606032515687393,1.5554811627986909,0.532384959117703,0.003921848260125427,-0.0914503707929265
2020-03-06,0.5914147176269253,1.4893720981435392,0.5324978608100399,-0.014617798060467702,-0.01853964632059313
2020-04-06,0.5874928693667998,1.471635519821425,0.5324740920327058,-0.003921848260125538,0.010695949800342164
2020-05-06,0.5814318311466058,1.4442244442327035,0.5322304620650313,-0.006061038220193993,-0.002139189960068455
2020-08-06,0.5832144894466629,1.4522865252882098,0.5321413291500285,0.0017826583000570828,0.007843696520251076
2020-09-06,0.5832144894466629,1.4522865252882098,0.5322245198706979,0.0,-0.0017826583000570828
2020-10-06,0.5862450085567599,1.4659920630825707,0.5331752709640616,0.0030305191100969964,0.0030305191100969964
2020-11-06,0.5919495151169424,1.491790722460191,0.5344409583571021,0.00570450656018251,0.002673987450085513
2020-12-06,0.5830362236166572,1.4514803171826594,0.5348866229321164,-0.008913291500285192,-0.014617798060467702
2020-01-07,0.6042498573873359,1.5474190817431843,0.5360988305761551,0.021213633770678753,0.030126925270963945
2020-02-07,0.5937321734169995,1.4998528035156973,0.5366276858718387,-0.010517683970336478,-0.03173131774101523
2020-03-07,0.5971192241871078,1.5151707575211593,0.5379765639855486,0.0033870507701083685,0.013904734740444846
2020-06-07,0.605497718197376,1.5530625384820391,0.5393848640425937,0.008378494010268134,0.004991443240159765
2020-07-07,0.5971192241871078,1.5151707575211593,0.5405733029092983,-0.008378494010268134,-0.016756988020536268
2020-08-07,0.6136979463776383,1.590148111337368,0.5429026430880396,0.01657872219053047,0.024957216200798604
2020-09-07,0.6261765544780377,1.6465826787259126,0.5486309184255561,0.012478608100399358,-0.004100114090131113
2020-10-07,0.6238590986879635,1.6361019733537545,0.5540917950180642,-0.002317455790074141,-0.014796063890473499
2020-03-08,0.8185253850541928,2.5164812246150468,0.5657860334664384,0.1946662863662293,0.19698374215630343
2020-04-08,0.8220907016543069,2.532605386726059,0.5774030233884769,0.0035653166001140546,-0.19110096976611524
2020-05-08,0.9153237307472905,2.954252225929041,0.5915097927362616,0.09323302909298359,0.08966771249286953
2020-06-08,0.9488377067883628,3.1058193497725597,0.6067455790074159,0.03351397604107231,-0.059719053051911275
2020-07-08,0.9647033656588704,3.177571871166566,0.6223794922989162,0.015865658870507615,-0.017648317170564698
2020-10-08,0.962564175698802,3.1678973738999585,0.6383342840844267,-0.002139189960068344,-0.01800484883057596
2020-11-08,0.9629207073588134,3.16950979011106,0.6541999429549344,0.00035653166001137215,0.002495721620079716
2020-12-08,0.8748573873359954,2.771242985969047,0.6673440768206883,-0.08806332002281803,-0.0884198516828294
2020-01-09,0.9844908727895038,3.267060970882687,0.6837564175698801,0.10963348545350837,0.1976968054763264
2020-02-09,0.9424201369081574,3.076795857972737,0.6988793021486974,-0.042070735881346355,-0.15170422133485473
2020-03-09,0.913719338277239,2.9469963529790846,0.7124928693667998,-0.028700798630918456,0.013369937250427899
2020-04-09,0.910688819167142,2.9332908151847237,0.7259578817265641,-0.0030305191100969964,0.02567027952082146
2020-07-09,0.9112236166571592,2.9357094395013763,0.7362616467008938,0.0005347974900172803,0.0035653166001142766
2020-08-09,0.9056973759269824,2.910716988229307,0.7462504753755467,-0.0055262407301768235,-0.006061038220194104
2020-09-09,0.9007059326868226,2.888143161273889,0.7565601825442099,-0.004991443240159765,0.0005347974900170582
2020-10-09,0.921028237307473,2.980050885306661,0.7676780281422324,0.020322304620650322,0.025313747860810087
2020-11-09,0.9128280091272104,2.9429653124513315,0.7787245674082526,-0.008200228180262559,-0.02852253280091288
2020-01-10,0.7967769537934969,2.418123835737869,0.7858433162198136,-0.11605105533371352,-0.10785082715345096
2020-02-10,0.8055119794637764,2.4576280329098505,0.7932532325537174,0.008735025670279506,0.12478608100399302
2020-05-10,0.8072946377638334,2.465690113965356,0.8006215535272865,0.0017826583000569718,-0.006952367370222534
2020-06-10,0.8210211066742727,2.527768138092756,0.8082572732458643,0.013726468910439382,0.01194381061038241
2020-07-10,0.7935681688533942,2.403612089837958,0.8152750047537555,-0.027452937820878542,-0.041179406731317925
2020-08-10,0.8088990302338848,2.4729459869153123,0.8220966438486405,0.015330861380490557,0.0427837992013691
2020-09-10,0.8215559041642898,2.530186762409407,0.8296907682068835,0.012656873930405044,-0.002673987450085513
2020-12-10,0.8481175128351397,2.6503117701364514,0.8380573778284844,0.02656160867084989,0.013904734740444846
2020-02-11,0.8094338277239019,2.4753646112319645,0.8448552481460354,-0.038683685111237764,-0.06524529378208765
2020-03-11,0.8163861950941245,2.5068067273484393,0.8521641471762693,0.006952367370222534,0.0456360524814603
2020-04-11,0.8094338277239019,2.4753646112319645,0.858688676554478,-0.006952367370222534,-0.013904734740445068
2020-05-11,0.8306474614945808,2.57130337579249,0.8655043734550295,0.021213633770678864,0.028166001140901398
2020-06-11,0.8737877923559613,2.7664057373357434,0.8738353299106295,0.04314033086138047,0.021926697090701608
2020-09-11,0.8497219053051911,2.6575676430864075,0.874875213918996,-0.024065887050770174,-0.06720621791215065
2020-10-11,0.8172775242441529,2.5108377678761924,0.8747147746719909,-0.0324443810610382,-0.008378494010268023
2020-11-11,0.8178123217341701,2.513256392192844,0.8714643943715535,0.0005347974900171693,0.032979178551055366
2020-12-11,0.8179905875641758,2.514062600298395,0.8671028237307473,0.00017826583000568608,-0.0003565316600114832
2020-01-12,0.7937464346833999,2.4044182979435087,0.8614042593648983,-0.02424415288077586,-0.024422418710781546
2020-02-12,0.8096120935539076,2.476170819337515,0.8563058566267351,0.015865658870507726,0.040109811751283586
2020-03-12,0.8163861950941245,2.5068067273484393,0.8514213728845789,0.006774101540216848,-0.009091557330290878
2020-04-12,0.8183471192241871,2.515675016509496,0.8495376972808519,0.001960924130062658,-0.00481317741015419
2020-07-12,0.8014118653736452,2.4390852464821857,0.8434350637003233,-0.016935253850541954,-0.01889617798060461
2020-08-12,0.8272604107244724,2.555985421787028,0.8395964061608671,0.025848545350827257,0.04278379920136921
2020-09-12,0.8133556759840275,2.4931011895540784,0.8362509507510933,-0.013904734740444957,-0.039753280091272214
2020-10-12,0.8062250427837993,2.460852865332053,0.8327688248716486,-0.00713063320022822,0.006774101540216737
2020-11-12,0.8037293211637194,2.4495659518543444,0.8291856816885339,-0.002495721620079827,0.004634911580148393
2021-04-01,0.9269110096976612,3.006655752789832,0.8298928028142233,0.12318168853394174,0.12567741015402156
2021-05-01,0.935467769537935,3.0453537418562626,0.8310515307092604,0.00855675984027382,-0.11462492869366792
2021-06-01,0.936002567027952,3.047772366172914,0.8315506750332763,0.0005347974900170582,-0.008021962350256762
2021-07-01,0.9219195664575014,2.9840819258344142,0.831853726944286,-0.014083000570450643,-0.014617798060467702
2021-08-01,0.904627780946948,2.9058797395960023,0.8354487545160676,-0.017291785510553437,-0.0032087849401027935
2021-11-01,0.8466913861950941,2.6438621052920466,0.8368214014071117,-0.05793639475185386,-0.04064460924130042
2021-12-01,0.8646962350256703,2.7252891239526607,0.8387347879825062,0.01800484883057618,0.07594124358243004
2021-02-02,0.928871933827724,3.0155240419508895,0.842329815554288,0.06417569880205376,0.04617084997147758
2021-03-02,0.910154021677125,2.930872190868073,0.8462160106484122,-0.018717912150599036,-0.0828936109526528
2021-04-02,0.8958927552766686,2.866375542424022,0.8491158014831718,-0.01426126640045644,0.004456645750142596
2021-05-02,0.900527666856817,2.8873369531683384,0.8517481935729226,0.004634911580148393,0.018896177980604834
2021-08-02,0.9237022247575584,2.99214400688992,0.8542676839703366,0.02317455790074141,0.018539646320593017
2021-09-02,0.9399244152880776,3.0655089444950283,0.8586173702224758,0.01622219053051921,-0.006952367370222201
2021-10-02,0.9254848830576156,3.0002060879454273,0.8622539931545922,-0.014439532230462016,-0.030661722760981225
2021-11-02,0.9217413006274956,2.983275717728863,0.8659975755847119,-0.0037435824301199627,0.010695949800342053
2021-12-02,0.9197803764974328,2.974407428567806,0.8689686727514736,-0.001960924130062769,0.0017826583000571938
2021-01-03,0.9133628066172276,2.9453839367679837,0.8702878398935159,-0.006417569880205254,-0.004456645750142485
2021-02-03,0.8909013120365089,2.8438017154686044,0.8716604867845598,-0.022461494580718666,-0.016043924700513412
2021-03-03,0.9024885909868796,2.896205242329395,0.8745008556759841,0.011587278950370705,0.03404877353108937
2021-04-03,0.8800270964061608,2.794623021030015,0.8765746814983838,-0.022461494580718777,-0.03404877353108948
2021-05-03,0.8586351968054764,2.6978780483639393,0.877929501806427,-0.02139189960068444,0.0010695949800343385
2021-08-03,0.8515045636052482,2.665629724141914,0.8798547727704887,-0.00713063320022822,0.014261266400456218
2021-09-03,0.8728964632059326,2.7623746968079894,0.8819642517588896,0.02139189960068444,0.02852253280091266
2021-10-03,0.8689746149458072,2.744638118485876,0.883717199087279,-0.003921848260125427,-0.025313747860809865
2021-11-03,0.8905447803764974,2.8421892992575026,0.8861237877923559,0.021570165430690236,0.025492013690815662
2021-12-03,0.8629135767256133,2.7172270428971546,0.8881738448374216,-0.027631203650884117,-0.04920136908157435
2021-01-04,0.8215559041642898,2.530186762409407,0.8879836946187488,-0.0413576725613235,-0.013726468910439382
2021-06-04,0.847404449515117,2.647086937714249,0.8891186537364518,0.025848545350827146,0.06720621791215065
2021-07-04,0.8454435253850542,2.638218648553192,0.8904259364898269,-0.001960924130062769,-0.027809469480889915
