date,price
1968-01-04,0.001868098875804785
1968-02-04,0.0016012276078326698
1968-03-04,0.0018013810588117588
1968-04-04,0.0013677152483570765
1968-05-04,0.0014010741568535878
1968-08-04,0.0014344330653500992
1968-09-04,0.001734663241818729
1968-10-04,0.001868098875804785
1968-11-04,0.0020682523267838704
1968-01-05,0.0028688661307002053
1968-02-05,0.003035660673182776
1968-03-05,0.002802148313707179
1968-06-05,0.003235814124161858
1968-07-05,0.0029355839476932315
1968-08-05,0.003235814124161858
1968-09-05,0.0032024552156653466
1968-10-05,0.003135737398672317
1968-04-06,0.004169863562064249
1968-05-06,0.004203222470560767
1968-06-06,0.004203222470560767
1968-07-06,0.004236581379057278
1968-10-06,0.00426994028755379
1968-11-06,0.00443673483003636
1968-12-06,0.004670247189511961
1968-01-07,0.003936351202588652
1968-02-07,0.004003069019581678
1968-03-07,0.004103145745071219
1968-04-07,0.004169863562064249
1968-05-07,0.004069786836574708
1968-08-07,0.003969710111085167
1968-09-07,0.0032691730326583693
1968-10-07,0.003469326483637458
1968-11-07,0.002802148313707179
1968-12-07,0.0029355839476932315
1968-01-08,0.00266871267972112
1968-02-08,0.0026353537712246085
1968-05-08,0.002702071588217638
1968-06-08,0.0025352770457350675
1968-07-08,0.0025352770457350675
1968-08-08,0.002368482503252497
1968-09-08,0.0024352003202455196
1968-12-08,0.002468559228742038
1968-03-09,0.0033692497581479172
1968-04-09,0.003335890849651399
1968-05-09,0.003469326483637458
1968-06-09,0.003335890849651399
1968-09-09,0.00343596757514094
1968-10-09,0.0034192881208926842
1968-11-09,0.003469326483637458
1968-12-09,0.003469326483637458
1968-01-10,0.003035660673182776
1968-02-10,0.00266871267972112
1968-03-10,0.002852186676451946
1968-04-10,0.002768789405210661
1968-07-10,0.0032524935784101136
1968-08-10,0.003135737398672317
1968-09-10,0.00266871267972112
1968-10-10,0.002768789405210661
1968-11-10,0.002918904493444976
1968-01-11,0.002852186676451946
1968-04-11,0.0028688661307002053
1968-05-11,0.003018981218934517
1968-06-11,0.003085699035927543
1968-07-11,0.0029355839476932315
1968-08-11,0.003002301764686261
1968-11-11,0.003102378490175802
1968-12-11,0.003185775761417084
1968-02-12,0.0035026853921339696
1968-03-12,0.003586082663375255
1968-04-12,0.00373619775160957
1968-05-12,0.003636121026120029
1968-06-12,0.00373619775160957
1968-09-12,0.003802915568602596
1968-10-12,0.003819595022850855
1968-11-12,0.004036427928078196
1968-12-12,0.004053107382326452
1969-02-01,0.004603529372518931
1969-03-01,0.004770323915001502
1969-06-01,0.004770323915001502
1969-07-01,0.004803682823498016
1969-08-01,0.005037195182973617
1969-09-01,0.005070554091470128
1969-10-01,0.004937118457484072
1969-03-02,0.005020515728725354
1969-04-02,0.005070554091470128
1969-05-02,0.005220669179704443
1969-06-02,0.005153951362711413
1969-07-02,0.005087233545718384
1969-10-02,0.005037195182973617
1969-11-02,0.005103912999966639
1969-12-02,0.005070554091470128
1969-03-03,0.005203989725456187
1969-04-03,0.005304066450945728
1969-05-03,0.005404143176435269
1969-06-03,0.00557093771891784
1969-07-03,0.005737732261400407
1969-10-03,0.005954565166627752
1969-11-03,0.005370784267938758
1969-12-03,0.005304066450945728
1969-01-04,0.00550421990192481
1969-02-04,0.00557093771891784
1969-03-04,0.005654334990159122
1969-08-04,0.005654334990159122
1969-09-04,0.005671014444407381
1969-10-04,0.005664342662708079
1969-11-04,0.005671014444407381
1969-01-05,0.005804450078393437
1969-02-05,0.005804450078393437
1969-05-05,0.005737732261400407
1969-06-05,0.005654334990159122
1969-07-05,0.005804450078393437
1969-08-05,0.0058211295326416924
1969-09-05,0.005754411715648663
1969-12-05,0.005737732261400407
1969-02-06,0.005187310271207925
1969-03-06,0.00493044667578477
1969-04-06,0.004787003369249761
1969-05-06,0.004470093738532879
1969-06-06,0.003819595022850855
1969-09-06,0.004236581379057278
1969-10-06,0.004937118457484072
1969-11-06,0.004336658104546819
1969-12-06,0.004403375921539849
1969-01-07,0.004169863562064249
1969-02-07,0.004219901924809023
1969-03-07,0.00443673483003636
1969-04-07,0.004470093738532879
1969-07-07,0.004636888281015446
1969-08-07,0.004803682823498016
1969-09-07,0.00462020882676719
1969-10-07,0.004670247189511961
1969-11-07,0.004663575407812658
1969-01-08,0.00435667344964473
1969-04-08,0.00426994028755379
1969-05-08,0.004136504653567737
1969-06-08,0.004069786836574708
1969-07-08,0.004103145745071219
1969-08-08,0.004169863562064249
1969-11-08,0.004203222470560767
1969-12-08,0.004136504653567737
1969-02-09,0.0038863128398438813
1969-03-09,0.003953030656836911
1969-04-09,0.004019748473829937
1969-05-09,0.004003069019581678
1969-08-09,0.00400974080128098
1969-09-09,0.004103145745071219
1969-10-09,0.004036427928078196
1969-11-09,0.004019748473829937
1969-12-09,0.004103145745071219
1969-01-10,0.003902992294092137
1969-02-10,0.003986389565333422
1969-03-10,0.004036427928078196
1969-06-10,0.003902992294092137
1969-07-10,0.003919671748340396
1969-08-10,0.0038863128398438813
1969-09-10,0.00392967942088935
1969-10-10,0.0038896487306935325
1969-03-11,0.003102378490175802
1969-04-11,0.003102378490175802
1969-05-11,0.003002301764686261
1969-06-11,0.0027354304967141495
1969-07-11,0.002418520865997264
1969-10-11,0.0021516495980251522
1969-11-11,0.002301764686259467
1969-12-11,0.0019014577843012997
1969-01-12,0.0004336658104546823
1969-02-12,0.00026687126797211164
1969-03-12,0.00031690963071688213
1969-04-12,0.00023351235947560028
1969-05-12,0.00020015345097908546
1969-08-12,0.000100076725489541
1969-09-12,6.671781699302964e-05
1969-10-12,0.000100076725489541
1969-11-12,0.00020015345097908546
1969-12-12,0.00026687126797211164
1970-02-01,0.00011675617973780014
1970-05-01,0.00018347399673082632
1970-06-01,0.000100076725489541
1970-07-01,6.671781699302964e-05
1970-08-01,3.335890849651829e-05
1970-09-01,0.0
1970-12-01,5.003836274477397e-05
1970-02-02,5.671014444407277e-05
1970-03-02,6.671781699302964e-05
1970-04-02,6.671781699302964e-05
1970-05-02,6.671781699302964e-05
1970-06-02,6.671781699302964e-05
1970-09-02,7.338959869233191e-05
1970-10-02,8.339727124128532e-05
1970-11-02,6.671781699302964e-05
1970-12-02,6.671781699302964e-05
1970-02-03,6.671781699302964e-05
1970-03-03,7.338959869233191e-05
1970-04-03,5.3374253594421633e-05
1970-05-03,6.004603529372737e-05
1970-06-03,3.335890849651829e-05
1970-09-03,3.335890849651829e-05
1970-10-03,4.003069019581709e-05
1970-11-03,6.004603529372737e-05
1970-12-03,6.004603529372737e-05
1970-01-04,0.00031690963071688213
1970-02-04,0.00031690963071688213
1970-03-04,0.00029355839476932766
1970-06-04,0.0002535277045735071
1970-07-04,0.00026687126797211164
1970-08-04,0.00031690963071688213
1970-09-04,0.000326917303265839
1970-10-04,0.00031690963071688213
1970-01-05,0.0006504987156820234
1970-04-05,0.0006938652967274916
1970-05-05,0.0008806751843079691
1970-06-05,0.0008840110751576237
1970-07-05,0.0008840110751576237
1970-08-05,0.000867331620909368
1970-11-05,0.0008006138039163384
1970-12-05,0.0007172165326750531
1970-01-06,0.0003335890849651413
1970-02-06,0.00023351235947560028
1970-03-06,0.00015011508823431496
1970-04-06,0.00019348166927977972
1970-05-06,0.00020682523267838773
1970-08-06,0.00041698635620642313
1970-09-06,0.0004069786836574697
1970-10-06,0.0004336658104546823
1970-11-06,0.0005003836274477085
1970-12-06,0.0004837041731994528
1970-01-07,0.00039363512025886865
1970-02-07,0.00036027621176235036
1970-03-07,0.00030023017646862646
1970-06-07,0.00030023017646862646
1970-07-07,0.00026687126797211164
1970-08-07,0.00026687126797211164
1970-09-07,0.00026687126797211164
1970-10-07,0.00030023017646862646
1970-03-08,0.0002835507222203708
1970-04-08,0.0002735430496714174
1970-05-08,0.00028021483137071965
1970-06-08,0.0002835507222203708
1970-07-08,0.00026687126797211164
1970-10-08,0.0002535277045735071
1970-11-08,0.00021683290522734114
1970-12-08,0.00023351235947560028
1970-01-09,0.0006838576241785348
1970-02-09,0.0008006138039163384
1970-03-09,0.000917369983654135
1970-04-09,0.0009006905294058794
1970-07-09,0.0008172932581645941
1970-08-09,0.0007839343496680827
1970-09-09,0.0009006905294058794
1970-10-09,0.0008506521666611054
1970-11-09,0.0009507288921506533
1970-01-10,0.0009840878006471647
1970-02-10,0.0009507288921506533
1970-05-10,0.0012176001601227615
1970-06-10,0.0012843179771157912
1970-07-10,0.0011842412516262467
1970-08-10,0.0012176001601227615
1970-09-10,0.0013510357941088173
1970-12-10,0.0015278380091403414
1970-02-11,0.00183473996730827
1970-03-11,0.0016846248790739551
1970-04-11,0.0015345097908396471
1970-05-11,0.0012342796143710172
1970-06-11,0.0014677919738466175
1970-09-11,0.0016179070620809324
1970-10-11,0.0016179070620809324
1970-11-11,0.0015345097908396471
1970-12-11,0.0016345865163291881
1970-01-12,0.0017013043333222178
1970-02-12,0.0017680221503152405
1970-03-12,0.0017680221503152405
1970-04-12,0.0017613503686159382
1970-07-12,0.0016679454248256995
1970-08-12,0.0016512659705774438
1970-09-12,0.0014677919738466175
1970-10-12,0.0015011508823431288
1970-11-12,0.0015178303365913845
1971-04-01,0.001694632551622912
1971-05-01,0.0017413350235180314
1971-06-01,0.0016812889882243075
1971-07-01,0.0016612736431263972
1971-08-01,0.001734663241818729
1971-11-01,0.0019014577843012997
1971-12-01,0.0020348934182873556
1971-01-02,0.002185008506521667
1971-02-02,0.002401841411749008
1971-03-02,0.0026853921339693755
1971-04-02,0.002375154284951799
1971-05-02,0.002341795376455281
1971-08-02,0.0025352770457350675
1971-09-02,0.0026353537712246085
1971-10-02,0.0026353537712246085
1971-11-02,0.002702071588217638
1971-12-02,0.0026353537712246085
1971-01-03,0.0025286052640357617
1971-02-03,0.0025419488274343663
1971-03-03,0.002608666644427396
1971-04-03,0.002568635954231579
1971-05-03,0.002568635954231579
1971-08-03,0.002595323081028788
1971-09-03,0.002608666644427396
1971-10-03,0.002632017880374954
1971-11-03,0.0027354304967141495
1971-12-03,0.0027621176235113586
1971-01-04,0.00266871267972112
1971-02-04,0.002652033225472864
1971-05-04,0.0026620408980218176
1971-06-04,0.0026353537712246085
1971-07-04,0.00266871267972112
1971-08-04,0.0027220869333155415
1971-03-05,0.003022317109784168
1971-04-05,0.0031690963071688283
1971-05-05,0.003469326483637458
1971-06-05,0.0036027621176235106
1971-07-05,0.0032524935784101136
1971-10-05,0.0032958601594555853
1971-11-05,0.003536044300630488
1971-12-05,0.003702838843113055
1971-01-06,0.003963038329385864
1971-02-06,0.003802915568602596
1971-03-06,0.003802915568602596
1971-04-06,0.003802915568602596
1971-07-06,0.003702838843113055
1971-08-06,0.0035193648463822252
1971-09-06,0.0033525703038996546
1971-10-06,0.003235814124161858
1971-11-06,0.003135737398672317
1971-01-07,0.003562731427427697
1971-02-07,0.0036528004803682845
1971-05-07,0.0036027621176235106
1971-06-07,0.0036027621176235106
1971-07-07,0.003569403209126999
1971-08-07,0.003586082663375255
1971-09-07,0.003562731427427697
1971-12-07,0.0036528004803682845
1971-02-08,0.004970477365980587
1971-03-08,0.004903759548987557
1971-04-08,0.005070554091470128
1971-05-08,0.005237348633952699
1971-06-08,0.005110584781665945
1971-09-08,0.006031290656169731
1971-10-08,0.00557093771891784
1971-11-08,0.005304066450945728
1971-12-08,0.00557093771891784
1971-01-09,0.004136504653567737
1971-02-09,0.004319978650298564
1971-03-09,0.004536811555525905
1971-06-09,0.004553491009774164
1971-07-09,0.00450345264702939
1971-08-09,0.004336658104546819
1971-09-09,0.00457017046402242
1971-10-09,0.00450345264702939
1971-01-10,0.005003836274477098
1971-04-10,0.005087233545718384
1971-05-10,0.005020515728725354
1971-06-10,0.005037195182973617
1971-07-10,0.005100577109116992
1971-08-10,0.005037195182973617
1971-11-10,0.00507722587316943
1971-12-10,0.00507722587316943
1971-01-11,0.004837041731994531
1971-02-11,0.004953797911732331
1971-03-11,0.004870400640491046
1971-04-11,0.004870400640491046
1971-05-11,0.004953797911732331
1971-08-11,0.005003836274477098
1971-09-11,0.005083897654868736
1971-10-11,0.005153951362711413
1971-11-11,0.00514394369016246
1971-12-11,0.005203989725456187
1971-01-12,0.00576441938819762
1971-02-12,0.005904526803882978
1971-03-12,0.005937885712379489
1971-06-12,0.006054641892117293
1971-07-12,0.005937885712379489
1971-08-12,0.005704373352903896
1971-09-12,0.005837808986889948
1971-10-12,0.005864496113687161
1972-03-01,0.006071321346365548
1972-04-01,0.0063248490509390555
1972-05-01,0.006421589885578945
1972-06-01,0.006905294058778398
1972-07-01,0.007305600960736566
1972-10-01,0.007238883143743539
1972-11-01,0.006905294058778398
1972-12-01,0.006931981185575611
1972-01-02,0.008806751843079698
1972-02-02,0.009574006738499521
1972-03-02,0.008740034026086668
1972-04-02,0.008072855856156386
1972-07-02,0.008456483303866301
1972-08-02,0.008806751843079698
1972-09-02,0.008806751843079698
1972-10-02,0.009040264202555298
1972-11-02,0.008906828568569239
1972-01-03,0.008756713480334924
1972-02-03,0.008890149114320983
1972-03-03,0.008790072388831442
1972-06-03,0.008906828568569239
1972-07-03,0.008926843913667146
1972-08-03,0.008823431297327954
1972-09-03,0.009040264202555298
1972-10-03,0.00900690529405878
1972-04-04,0.009013577075758082
1972-05-04,0.00900690529405878
1972-06-04,0.008933515695366448
1972-07-04,0.008973546385562269
1972-10-04,0.008990225839810524
1972-11-04,0.009090302565300065
1972-12-04,0.009357173833272177
1972-01-05,0.010307902725422827
1972-02-05,0.010324582179671082
1972-03-05,0.010374620542415856
1972-04-05,0.010341261633919338
1972-05-05,0.01077492744437402
1972-08-05,0.011458785068552559
1972-09-05,0.012542949594689268
1972-10-05,0.012142642692731097
1972-11-05,0.012075924875738067
1972-12-05,0.012009207058745038
1972-01-06,0.016229108983554064
1972-02-06,0.01634586516329186
1972-05-06,0.01641258298028489
1972-06-06,0.017746939320145448
1972-07-06,0.019981986189411882
1972-08-06,0.01974847382993629
1972-09-06,0.01841411749007573
1972-12-06,0.017546785869166366
1972-03-07,0.020415651999866564
1972-04-07,0.02008206291490143
1972-05-07,0.020749241084831706
1972-06-07,0.020749241084831706
1972-07-07,0.020282216365880512
1972-10-07,0.020482369816859594
1972-11-07,0.020215498548887482
1972-12-07,0.020148780731894453
1972-01-08,0.02295092904560163
1972-02-08,0.02341795376455283
1972-03-08,0.022750775594622547
1972-04-08,0.022417186509657405
1972-07-08,0.02175000833972713
1972-08-08,0.02081595890182473
1972-09-08,0.02018213964039097
1972-10-08,0.021249624712279418
1972-11-08,0.020549087633852624
1972-01-09,0.02131634252927244
1972-04-09,0.02131634252927244
1972-05-09,0.021383060346265477
1972-06-09,0.02141641925476199
1972-07-09,0.02148313707175501
1972-08-09,0.02148313707175501
1972-11-09,0.02158321379724456
1972-12-09,0.02131634252927244
1972-02-10,0.019514961470460696
1972-03-10,0.01948160256196417
1972-04-10,0.020215498548887482
1972-05-10,0.020482369816859594
1972-06-10,0.020415651999866564
1972-09-10,0.020415651999866564
1972-10-10,0.020248857457384
1972-11-10,0.02008206291490143
1972-12-10,0.019865230009674086
1972-01-11,0.019414884744971148
1972-02-11,0.019414884744971148
1972-03-11,0.019514961470460696
1972-06-11,0.01944824365346766
1972-07-11,0.019331487473729862
1972-08-11,0.019181372385495547
1972-09-11,0.018814424392033895
1972-10-11,0.018614270941054813
1972-01-12,0.019548320378957207
1972-04-12,0.019014577843012977
1972-05-12,0.018814424392033895
1972-06-12,0.018814424392033895
1972-07-12,0.018814424392033895
1972-08-12,0.018814424392033895
1972-11-12,0.018680988758047835
1972-12-12,0.018680988758047835
1973-02-01,0.020148780731894453
1973-03-01,0.020282216365880512
1973-04-01,0.0200153450979084
1973-05-01,0.020248857457384
1973-08-01,0.020148780731894453
1973-09-01,0.02018213964039097
1973-10-01,0.02008206291490143
1973-11-01,0.020098742369149686
1973-12-01,0.02018213964039097
1973-01-02,0.02114954798678987
1973-02-02,0.021349701437768966
1973-05-02,0.021816726156720152
1973-06-02,0.022617339960636487
1973-07-02,0.022517263235146953
1973-08-02,0.022750775594622547
1973-09-02,0.022150315241685294
1973-12-02,0.022450545418153917
1973-01-03,0.033892651032458226
1973-02-03,0.03429295793441639
1973-05-03,0.03275844814357674
1973-06-03,0.03209126997364647
1973-07-03,0.031757680888681326
1973-08-03,0.03259165360109418
1973-09-03,0.03200787270240518
1973-12-03,0.031757680888681326
1973-02-04,0.03626113353571072
1973-03-04,0.036761517163158425
1973-04-04,0.036928311705640995
1973-05-04,0.037361977516095685
1973-06-04,0.03726190079060614
1973-09-04,0.03742869533308871
1973-10-04,0.03742869533308871
1973-11-04,0.03759548987557128
1973-12-04,0.037361977516095685
1973-01-05,0.037228541882109625
1973-02-05,0.03716182406511659
1973-03-05,0.03696167061413751
1973-04-05,0.03696167061413751
1973-07-05,0.03696167061413751
1973-08-05,0.03769556660106082
1973-09-05,0.038596257130466695
1973-10-05,0.039963972378823764
1973-11-05,0.04123161090169131
1973-01-06,0.055275711378723696
1973-04-06,0.05911198585582281
1973-05-06,0.0607799312806485
1973-06-06,0.05777762951596224
1973-07-06,0.05577609500617141
1973-08-06,0.054942122293758555
1973-11-06,0.05377456049638056
1973-12-06,0.054942122293758555
1973-02-07,0.0574440404309971
1973-03-07,0.05811121860092738
1973-04-07,0.05911198585582281
1973-05-07,0.058778396770857666
1973-06-07,0.06144710945057878
1973-09-07,0.0607799312806485
1973-10-07,0.058778396770857666
1973-11-07,0.05610968409113655
1973-12-07,0.0574440404309971
1973-01-08,0.055108916836241126
1973-02-08,0.054174867398338725
1973-03-08,0.0541081495813457
1973-06-08,0.05377456049638056
1973-07-08,0.0533742535944224
1973-08-08,0.05260699869900258
1973-09-08,0.05010508056176402
1973-10-08,0.047936751509490616
1973-03-09,0.04643560062714748
1973-04-09,0.046835907529105644
1973-05-09,0.04750308569903593
1973-06-09,0.04710277879707776
1973-07-09,0.04693598425459519
1973-10-09,0.04660239516963005
1973-11-09,0.0452680388297695
1973-12-09,0.04493444974480436
1973-01-10,0.04126496981018782
1973-02-10,0.0419321479801181
1973-03-10,0.04286619741802049
1973-04-10,0.04276612069253094
1973-05-10,0.04243253160756581
1973-08-10,0.043933682489908935
1973-09-10,0.043166427594489104
1973-10-10,0.04576842245721721
1973-11-10,0.04593521699969978
1973-12-10,0.04471761683957701
1973-01-11,0.04143176435267039
1973-02-11,0.04243253160756581
1973-05-11,0.04209894252260067
1973-06-11,0.04209894252260067
1973-07-11,0.04169863562064251
1973-08-11,0.04209894252260067
1973-09-11,0.04243253160756581
1973-12-11,0.04143176435267039
1973-03-12,0.04360009340494379
1973-04-12,0.04710277879707776
1973-05-12,0.04676918971211262
1973-06-12,0.04726957333956033
1973-07-12,0.04827034059445576
1973-10-12,0.04710277879707776
1973-11-12,0.04620208826767189
1973-12-12,0.04610201154218234
1974-02-01,0.05444173866631084
1974-03-01,0.05761083497347967
1974-04-01,0.05577609500617141
1974-07-01,0.05777762951596224
1974-08-01,0.06111352036561364
1974-09-01,0.05944557494078795
1974-10-01,0.05677686226106683
1974-11-01,0.05811121860092738
1974-01-02,0.06378223304533477
1974-04-02,0.0657837675551256
1974-05-02,0.07012042565967243
1974-06-02,0.06878606931981186
1974-07-02,0.06945324748974215
1974-08-02,0.07212196016946326
1974-11-02,0.07345631650932383
1974-12-02,0.07445708376421925
1974-01-03,0.08846782533275513
1974-04-03,0.0874670580778597
1974-05-03,0.08279681088834774
1974-06-03,0.08346398905827802
1974-07-03,0.0874670580778597
1974-08-03,0.08679987990792942
1974-11-03,0.08713346899289456
1974-12-03,0.08546552356806886
1974-01-04,0.09287120125429496
1974-02-04,0.09480601794709279
1974-03-04,0.09647396337191848
1974-04-04,0.09430563431964507
1974-05-04,0.09230409980985424
1974-08-04,0.08813423624778999
1974-09-04,0.09013577075758082
1974-10-04,0.09230409980985424
1974-11-04,0.0924708943523368
1974-01-05,0.08980218167261568
1974-02-05,0.08990225839810523
1974-03-05,0.08946859258765054
1974-06-05,0.0874670580778597
1974-07-05,0.08546552356806886
1974-08-05,0.08196283817593489
1974-09-05,0.08763385262034228
1974-10-05,0.08860126096674117
1974-03-06,0.08046168729359177
1974-04-06,0.07979450912366148
1974-05-06,0.08463155085565602
1974-06-06,0.08279681088834774
1974-07-06,0.08046168729359177
1974-10-06,0.0817293258164593
1974-11-06,0.08162924909096976
1974-12-06,0.08112886546352205
1974-01-07,0.07212196016946326
1974-02-07,0.06811889114988158
1974-03-07,0.06778530206491644
1974-04-07,0.06278146579043935
1974-05-07,0.06611735664009075
1974-08-07,0.07078760382960271
1974-09-07,0.07378990559428897
1974-10-07,0.06928645294725957
1974-11-07,0.06811889114988158
1974-12-07,0.06811889114988158
1974-01-08,0.08306368215631986
1974-02-08,0.08112886546352205
1974-05-08,0.07919404877072422
1974-06-08,0.08012809820862662
1974-07-08,0.07979450912366148
1974-08-08,0.07812656369883579
1974-09-08,0.07962771458117891
1974-12-08,0.07829335824131835
1974-02-09,0.0824632218033826
1974-03-09,0.08196283817593489
1974-04-09,0.08139573673149415
1974-05-09,0.08179604363345232
1974-06-09,0.08146245454848719
1974-09-09,0.08046168729359177
1974-10-09,0.07979450912366148
1974-11-09,0.07872702405177304
1974-12-09,0.07972779130666846
1974-01-10,0.08062848183607434
1974-02-10,0.07946092003869634
1974-03-10,0.08056176401908131
1974-04-10,0.08279681088834774
1974-07-10,0.08179604363345232
1974-08-10,0.08019481602561965
1974-09-10,0.08059512292757781
1974-10-10,0.08229642726090003
1974-11-10,0.08146245454848719
1974-01-11,0.0886346198752377
1974-04-11,0.08963538713013311
1974-05-11,0.09263768889481937
1974-06-11,0.09547319611702307
1974-07-11,0.09497281248957536
1974-08-11,0.09880908696667447
1974-11-11,0.09814190879674418
1974-12-11,0.09680755245688362
1974-02-12,0.10064382693398273
1974-03-12,0.09880908696667447
1974-04-12,0.09297127797978451
1974-05-12,0.09580678520198821
1974-06-12,0.09740801280982088
1974-09-12,0.09714114154184876
1974-10-12,0.09547319611702307
1974-11-12,0.09330486706474965
1974-12-12,0.09397204523467993
1975-02-01,0.09347166160723222
1975-03-01,0.09280448343730194
1975-06-01,0.0924708943523368
1975-07-01,0.08980218167261568
1975-08-01,0.09680755245688362
1975-09-01,0.09614037428695334
1975-10-01,0.09497281248957536
1975-03-02,0.09430563431964507
1975-04-02,0.09297127797978451
1975-05-02,0.09347166160723222
1975-06-02,0.09240417653534377
1975-07-02,0.09313807252226708
1975-10-02,0.09280448343730194
1975-11-02,0.09313807252226708
1975-12-02,0.0934049437902392
1975-03-03,0.09804183207125464
1975-04-03,0.09664075791440105
1975-05-03,0.09580678520198821
1975-06-03,0.09714114154184876
1975-07-03,0.09547319611702307
1975-10-03,0.09430563431964507
1975-11-03,0.09607365646996031
1975-12-03,0.09513960703205793
1975-01-04,0.09497281248957536
1975-02-04,0.09497281248957536
1975-03-04,0.09387196850919038
1975-04-04,0.09257097107782634
1975-07-04,0.09187043399939955
1975-08-04,0.09280448343730194
1975-09-04,0.09220402308436469
1975-10-04,0.09180371618240653
1975-11-04,0.09140340928044836
1975-01-05,0.0874670580778597
1975-02-05,0.08713346899289456
1975-05-05,0.085799112653034
1975-06-05,0.08613270173799914
1975-07-05,0.086966674450412
1975-08-05,0.08763385262034228
1975-09-05,0.08730026353537713
1975-12-05,0.08706675117590154
1975-02-06,0.08463155085565602
1975-03-06,0.086966674450412
1975-04-06,0.08730026353537713
1975-05-06,0.08646629082296428
1975-06-06,0.086966674450412
1975-09-06,0.08703339226740502
1975-10-06,0.08740034026086668
1975-11-06,0.08663308536544685
1975-12-06,0.08713346899289456
1975-01-07,0.08780064716282485
1975-02-07,0.08679987990792942
1975-03-07,0.08613270173799914
1975-04-07,0.08629949628048171
1975-07-07,0.08513193448310373
1975-08-07,0.08613270173799914
1975-09-07,0.08736698135237016
1975-10-07,0.08563231811055143
1975-11-07,0.08700003335890852
1975-01-08,0.08796744170530742
1975-04-08,0.08780064716282485
1975-05-08,0.08750041698635623
1975-06-08,0.08669980318243987
1975-07-08,0.08700003335890852
1975-08-08,0.08636621409747473
1975-11-08,0.08473162758114557
1975-12-08,0.085799112653034
1975-01-09,0.08012809820862662
1975-02-09,0.07629182373152751
1975-03-09,0.07702571971845082
1975-04-09,0.07896053641124863
1975-05-09,0.07896053641124863
1975-08-09,0.07829335824131835
1975-09-09,0.0757914401040798
1975-10-09,0.0767254895419822
1975-11-09,0.07522433865963907
1975-12-09,0.07545785101911466
1975-01-10,0.0724555492544284
1975-02-10,0.07322280414984823
1975-03-10,0.06938652967274912
1975-06-10,0.07062080928712014
1975-07-10,0.07178837108449812
1975-08-10,0.06965340094072124
1975-09-10,0.07012042565967243
1975-10-10,0.07162157654201555
1975-03-11,0.07228875471194583
1975-04-11,0.07278913833939354
1975-05-11,0.07405677686226109
1975-06-11,0.07405677686226109
1975-07-11,0.07318944524135171
1975-10-11,0.07292257397337959
1975-11-11,0.07295593288187611
1975-12-11,0.072689061613904
1975-01-12,0.06871935150281884
1975-02-12,0.06965340094072124
1975-03-12,0.06975347766621076
1975-04-12,0.0693531707642526
1975-05-12,0.06878606931981186
1975-08-12,0.06828568569236415
1975-09-12,0.06828568569236415
1975-10-12,0.06972011875771426
1975-11-12,0.07025386129365847
1975-12-12,0.06925309403876305
1976-02-01,0.07035393801914802
1976-05-01,0.06918637622177003
1976-06-01,0.06945324748974215
1976-07-01,0.06901958167928746
1976-08-01,0.06731827734596525
1976-09-01,0.06781866097341296
1976-12-01,0.06788537879040599
1976-02-02,0.06371551522834173
1976-03-02,0.0645828468492511
1976-04-02,0.06328184941788706
1976-05-02,0.06261467124795678
1976-06-02,0.0638489508623278
1976-09-02,0.06351536177736265
1976-10-02,0.06311505487540449
1976-11-02,0.06401574540481036
1976-12-02,0.064315975581279
1976-01-03,0.06498315375120928
1976-02-03,0.06438269339827202
1976-03-03,0.06494979484271275
1976-04-03,0.06494979484271275
1976-05-03,0.06591720318911165
1976-08-03,0.0652833839276779
1976-09-03,0.06538346065316744
1976-10-03,0.06605063882309772
1976-11-03,0.06588384428061515
1976-12-03,0.06568369082963606
1976-01-04,0.06291490142442539
1976-02-04,0.06284818360743237
1976-05-04,0.06161390399306135
1976-06-04,0.06231444107148816
1976-07-04,0.06191413416952998
1976-08-04,0.06224772325449511
1976-09-04,0.06191413416952998
1976-12-04,0.06158054508456484
1976-03-05,0.06234779997998466
1976-04-05,0.061947493078026494
1976-05-05,0.06161390399306135
1976-06-05,0.06138039163358576
1976-07-05,0.062281082162991636
1976-10-05,0.06241451779697768
1976-11-05,0.06201421089501952
1976-12-05,0.06204756980351604
1976-01-06,0.06121359709110319
1976-02-06,0.06138039163358576
1976-03-06,0.06158054508456484
1976-04-06,0.061180238182606664
1976-07-06,0.061513827267571805
1976-08-06,0.0617139807185509
1976-09-06,0.06144710945057878
1976-10-06,0.06121359709110319
1976-11-06,0.06044634219568336
1976-01-07,0.05871167895386464
1976-02-07,0.05894519131334024
1976-05-07,0.058878473496347214
1976-06-07,0.05897855022183675
1976-07-07,0.05897855022183675
1976-08-07,0.05884511458785069
1976-09-07,0.058444807685892525
1976-12-07,0.058011141875437836
1976-02-08,0.05137271908463156
1976-03-08,0.05117256563365247
1976-04-08,0.05237348633952699
1976-05-08,0.05183974380358275
1976-06-08,0.05197317943756881
1976-09-08,0.051906461620575786
1976-10-08,0.05237348633952699
1976-11-08,0.05247356306501652
1976-12-08,0.05224005070554093
1976-01-09,0.04723621443106382
1976-02-09,0.04750308569903593
1976-03-09,0.048370417319945305
1976-06-09,0.05254028088200956
1976-07-09,0.05060546418921173
1976-08-09,0.05117256563365247
1976-09-09,0.051439436901624586
1976-10-09,0.05390799613036662
1976-01-10,0.0541081495813457
1976-04-10,0.053007305600960744
1976-05-10,0.05307402341795377
1976-06-10,0.05360776595389799
1976-07-10,0.05377456049638056
1976-08-10,0.05277379324148515
1976-11-10,0.05310738232645029
1976-12-10,0.05324081796043634
1976-01-11,0.05851152550288555
1976-02-11,0.058444807685892525
1976-03-11,0.060679854555158966
1976-04-11,0.05944557494078795
1976-05-11,0.06144710945057878
1976-08-11,0.06444941121526504
1976-09-11,0.06381559195383128
1976-10-11,0.06761850752243387
1976-11-11,0.06558361410414651
1976-12-11,0.06718484171197919
1976-01-12,0.06378223304533477
1976-02-12,0.06401574540481036
1976-03-12,0.06414918103879642
1976-06-12,0.06611735664009075
1976-07-12,0.06668445808453148
1976-08-12,0.0672182006204757
1976-09-12,0.06778530206491644
1976-10-12,0.06855255696033627
1977-04-01,0.06725155952897222
1977-05-01,0.06548353737865699
1977-06-01,0.06518330720218835
1977-07-01,0.06531674283617442
1977-10-01,0.0641158221302999
1977-11-01,0.06328184941788706
1977-12-01,0.06378223304533477
1977-01-02,0.06518330720218835
1977-02-02,0.0648497181172232
1977-03-02,0.06545017847016046
1977-04-02,0.0650832304766988
1977-07-02,0.06628415118257332
1977-08-02,0.06658438135904193
1977-09-02,0.06751843079694433
1977-10-02,0.06735163625446176
1977-11-02,0.06678453481002103
1977-01-03,0.07105447509757482
1977-02-03,0.07348967541782035
1977-03-03,0.07325616305834473
1977-04-03,0.07372318777729595
1977-07-03,0.07565800447009376
1977-08-03,0.07562464556159723
1977-09-03,0.07405677686226109
1977-10-03,0.0748240317576809
1977-11-03,0.07432364813023319
1977-01-04,0.07565800447009376
1977-04-04,0.07699236080995432
1977-05-04,0.07589151682956935
1977-06-04,0.07585815792107282
1977-07-04,0.07592487573806585
1977-12-04,0.07659205390799613
1977-02-05,0.07569136337859025
1977-03-05,0.07562464556159723
1977-04-05,0.07552456883610768
1977-05-05,0.07475731394068787
1977-06-05,0.07562464556159723
1977-09-05,0.07499082630016347
1977-10-05,0.07512426193414952
1977-11-05,0.07525769756813558
1977-12-05,0.07492410848317044
1977-01-06,0.072689061613904
1977-02-06,0.07142142309103647
1977-03-06,0.07108783400607133
1977-08-06,0.07165493545051208
1977-09-06,0.07052073256163059
1977-10-06,0.07012042565967243
1977-01-07,0.07182172999299465
1977-04-07,0.07045401474463757
1977-05-07,0.07095439837208528
1977-06-07,0.07048737365313408
1977-07-07,0.07108783400607133
1977-08-07,0.0714881409080295
1977-11-07,0.07072088601260967
1977-12-07,0.07132134636554693
1977-01-08,0.07292257397337959
1977-02-08,0.07399005904526805
1977-03-08,0.07412349467925411
1977-04-08,0.07462387830670181
1977-05-08,0.07375654668579244
1977-08-08,0.07399005904526805
1977-09-08,0.07445708376421925
1977-10-08,0.07402341795376456
1977-11-08,0.07368982886879942
1977-12-08,0.0733895986923308
1977-01-09,0.0737398672315442
1977-02-09,0.07439036594722621
1977-05-09,0.07535777429362511
1977-06-09,0.07499082630016347
1977-07-09,0.07522433865963907
1977-08-09,0.07512426193414952
1977-09-09,0.07509090302565301
1977-12-09,0.07565800447009376
1977-03-10,0.08042832838509524
1977-04-10,0.08002802148313708
1977-05-10,0.08016145711712315
1977-06-10,0.07946092003869634
1977-07-10,0.07942756113019982
1977-10-10,0.08156253127397672
1977-11-10,0.08136237782299764
1977-12-10,0.08196283817593489
1977-01-11,0.08513193448310373
1977-02-11,0.08446475631317345
1977-03-11,0.08629949628048171
1977-04-11,0.08740034026086668
1977-07-11,0.08773392934583182
1977-08-11,0.08666644427394338
1977-09-11,0.08846782533275513
1977-10-11,0.08806751843079696
1977-11-11,0.08876805550922374
1977-01-12,0.08366414250925712
1977-02-12,0.08263001634586517
1977-05-12,0.08313039997331288
1977-06-12,0.08336391233278848
1977-07-12,0.08366414250925712
1977-08-12,0.08406444941121528
1977-09-12,0.08249658071187913
1977-12-12,0.0826633752543617
1978-03-01,0.0896020282216366
1978-04-01,0.09137005037195184
1978-05-01,0.08726690462688061
1978-06-01,0.0900690529405878
1978-09-01,0.09030256530006339
1978-10-01,0.09220402308436469
1978-11-01,0.09157020382293093
1978-12-01,0.09250425326083332
1978-01-02,0.09440571104513462
1978-02-02,0.09337158488174267
1978-03-02,0.09363845614971479
1978-06-02,0.09387196850919038
1978-07-02,0.09360509724121827
1978-08-02,0.09327150815625312
1978-09-02,0.09203722854188212
1978-10-02,0.0932047903392601
1978-01-03,0.09847549788170933
1978-02-03,0.0996430596790873
1978-03-03,0.09910931714314308
1978-06-03,0.09974313640457685
1978-07-03,0.10097741601894787
1978-08-03,0.10347933415618642
1978-09-03,0.10234513126730495
1978-10-03,0.10074390365947228
1978-03-04,0.09907595823464657
1978-04-04,0.09714114154184876
1978-05-04,0.09574006738499517
1978-06-04,0.0974747306268139
1978-07-04,0.09620709210394637
1978-10-04,0.09594022083597425
1978-11-04,0.0965406811889115
1978-12-04,0.09680755245688362
1978-02-05,0.08940187477065752
1978-03-05,0.09043600093404944
1978-04-05,0.09233745871835075
1978-05-05,0.09200386963338561
1978-08-05,0.09160356273142743
1978-09-05,0.09193715181639257
1978-10-05,0.09277112452880543
1978-11-05,0.09370517396670781
1978-12-05,0.09327150815625312
1978-01-06,0.09880908696667447
1978-02-06,0.09997664876405245
1978-05-06,0.09884244587517098
1978-06-06,0.09750808953531043
1978-07-06,0.09877572805817794
1978-08-06,0.09854221569870235
1978-09-06,0.097674884077793
1978-12-06,0.09717450045034529
1978-03-07,0.09897588150915704
1978-04-07,0.09974313640457685
1978-05-07,0.0996097007705908
1978-06-07,0.0986422924241919
1978-07-07,0.09944290622810822
1978-10-07,0.10084398038496183
1978-11-07,0.10047703239150016
1978-12-07,0.1010107749274444
1978-01-08,0.11355372452213365
1978-02-08,0.11231944490776262
1978-03-08,0.11161890782933583
1978-04-08,0.11118524201888115
1978-07-08,0.11285318744370686
1978-08-08,0.11478800413650465
1978-09-08,0.11545518230643494
1978-10-08,0.11448777396003605
1978-11-08,0.11759015245021186
1978-01-09,0.11548854121493145
1978-04-09,0.11782366480968744
1978-05-09,0.11645594956133036
1978-06-09,0.11815725389465258
1978-07-09,0.11715648663975715
1978-08-09,0.11408746705807789
1978-11-09,0.1139206725155953
1978-12-09,0.11548854121493145
1978-02-10,0.12155986256129701
1978-03-10,0.12442872869199721
1978-04-10,0.1258298028488508
1978-05-10,0.12529606031290658
1978-06-10,0.12556293158087867
1978-09-10,0.125129265770424
1978-10-10,0.12703072355472533
1978-11-10,0.12769790172465562
1978-12-10,0.12719751809720786
1978-01-11,0.12849851552857194
1978-02-11,0.12449544650899023
1978-03-11,0.12029222403842947
1978-06-11,0.11682289755479201
1978-07-11,0.12105947893384929
1978-08-11,0.12269406545017848
1978-09-11,0.11929145678353405
1978-10-11,0.11432097941755347
1978-01-12,0.10658171264636222
1978-04-12,0.10965073222804152
1978-05-12,0.10774927444374023
1978-06-12,0.10764919771825067
1978-07-12,0.10901691296660775
1978-08-12,0.11148547219534978
1978-11-12,0.11482136304500119
1978-12-12,0.11141875437835676
1979-02-01,0.12803149080962073
1979-03-01,0.12256062981619244
1979-04-01,0.1255962904893752
1979-05-01,0.12716415918871138
1979-08-01,0.12556293158087867
1979-09-01,0.12616339193381593
1979-10-01,0.123961703973046
1979-11-01,0.12392834506454951
1979-12-01,0.12189345164626215
1979-01-02,0.12973279514294295
1979-02-02,0.1303666144043767
1979-05-02,0.13890649497948426
1979-06-02,0.1398405444173867
1979-07-02,0.14457750942389164
1979-08-02,0.1438436134369684
1979-09-02,0.14134169529972979
1979-12-02,0.1396737498749041
1979-01-03,0.1427094105480869
1979-02-03,0.14217566801214265
1979-05-03,0.1356039630383294
1979-06-03,0.13667144811021786
1979-07-03,0.13833939353504354
1979-08-03,0.1363045001167562
1979-09-03,0.13750542082263068
1979-12-03,0.13683824265270045
1979-02-04,0.13663808920172132
1979-03-04,0.13683824265270045
1979-04-04,0.13667144811021786
1979-05-04,0.13727190846315512
1979-06-04,0.13667144811021786
1979-09-04,0.1369716782866865
1979-10-04,0.13667144811021786
1979-11-04,0.13573739867231543
1979-12-04,0.1328018147246222
1979-01-05,0.1417086432931915
1979-02-05,0.1410414651232612
1979-03-05,0.14117490075724726
1979-04-05,0.14247589818861128
1979-08-05,0.1428094872735764
1979-09-05,0.14214230910364611
1979-10-05,0.14501117523434637
1979-11-05,0.14451079160689861
1979-01-06,0.16025619641725325
1979-04-06,0.15878840444340664
1979-05-06,0.16002268405777764
1979-06-06,0.16352536944991164
1979-07-06,0.160890015678687
1979-08-06,0.16352536944991164
1979-11-06,0.1650932381492478
1979-12-06,0.1620242185675685
1979-02-07,0.16519331487473732
1979-03-07,0.16442605997931753
1979-04-07,0.1658604930446676
1979-05-07,0.16902958935183643
1979-06-07,0.170363945691697
1979-09-07,0.16876271808386434
1979-10-07,0.17053074023417958
1979-11-07,0.17039730460019353
1979-12-07,0.1706975347766621
1979-01-08,0.1702638689662075
1979-02-08,0.17119791840410986
1979-03-08,0.16786202755445845
1979-06-08,0.16532675050872336
1979-07-08,0.16692797811655607
1979-08-08,0.16952997297928413
1979-09-08,0.1749341161557194
1979-10-08,0.17937085098575578
1979-03-09,0.1921473129399206
1979-04-09,0.19354838709677424
1979-05-09,0.19621709977649532
1979-06-09,0.20055375788104218
1979-07-09,0.19631717650198488
1979-10-09,0.20108750041698636
1979-11-09,0.20322247056076326
1979-12-09,0.2016212429529306
1979-01-10,0.25342762784801687
1979-02-10,0.2609333822597325
1979-03-10,0.24492110618140578
1979-04-10,0.23291189912266075
1979-05-10,0.23357907729259103
1979-08-10,0.22490576108349736
1979-09-10,0.23411281982853527
1979-10-10,0.2522600660506389
1979-11-10,0.24458751709644067
1979-12-10,0.2402508589918938
1979-01-11,0.22924241918804422
1979-02-11,0.2254395036194416
1979-05-11,0.2309103646128699
1979-06-11,0.23311205257363982
1979-07-11,0.2402508589918938
1979-08-11,0.23658137905727727
1979-09-11,0.23658137905727727
1979-12-11,0.23908329719451582
1979-03-12,0.26276812222704077
1979-04-12,0.26440270874336996
1979-05-12,0.2612002535277046
1979-06-12,0.2661040130766922
1979-07-12,0.2638689662074257
1979-10-12,0.2643693498348734
1979-11-12,0.273943356573373
1979-12-12,0.2744437402008207
1980-02-01,0.35000166794542487
1980-03-01,0.3997064416052307
1980-04-01,0.36901624578843784
1980-07-01,0.3993728525202656
1980-08-01,0.383694165526904
1980-09-01,0.38182606665109925
1980-10-01,0.3789238416119025
1980-11-01,0.39236748173599767
1980-01-02,0.42806151382726765
1980-04-02,0.42355806118023825
1980-05-02,0.4317309937618842
1980-06-02,0.44974480435000175
1980-07-02,0.4432398171931815
1980-08-02,0.438402775461187
1980-11-02,0.45074557160489714
1980-12-02,0.4400707208860127
1980-03-03,0.3995396470627482
1980-04-03,0.39787170163792246
1980-05-03,0.4060446342195684
1980-06-03,0.3943690162457885
1980-07-03,0.3830269873569737
1980-10-03,0.36701471127864704
1980-11-03,0.3571738332721754
1980-12-03,0.36748173599759826
1980-01-04,0.3166427594489109
1980-02-04,0.31063815591953836
1980-03-04,0.3007972779130667
1980-08-04,0.32898555559262105
1980-09-04,0.34633218801080834
1980-10-04,0.3276511992527605
1980-11-04,0.3306535010174468
1980-01-05,0.3036327851352704
1980-02-05,0.3186442939587017
1980-06-05,0.3186442939587017
1980-07-05,0.316976348533876
1980-08-05,0.32081262301097513
1980-09-05,0.31580878673649804
1980-12-05,0.31914467758614945
1980-02-06,0.35133602428528543
1980-03-06,0.34533142075591294
1980-04-06,0.35800780598458826
1980-05-06,0.3648463822263736
1980-06-06,0.3750208493178104
1980-09-06,0.39286786536344537
1980-10-06,0.37969109650732236
1980-11-06,0.3743536711478801
1980-12-06,0.3703506021282984
1980-01-07,0.417053074023418
1980-02-07,0.4180538412783134
1980-03-07,0.419388197618174
1980-04-07,0.4213897321279648
1980-07-07,0.4220569102978951
1980-08-07,0.4354004736965007
1980-09-07,0.4243920338926511
1980-10-07,0.41471795042866205
1980-11-07,0.42172332121293
1980-01-08,0.3917003035660674
1980-04-08,0.39753811255295735
1980-05-08,0.39737131801047476
1980-06-08,0.3955365780431665
1980-07-08,0.3967041398405445
1980-08-08,0.3970377289255096
1980-11-08,0.388364412716416
1980-12-08,0.38035827467725264
1980-01-09,0.3962037562130968
1980-02-09,0.4037095106248124
1980-03-09,0.401541181572539
1980-04-09,0.4085465523568069
1980-05-09,0.41104847049404547
1980-08-09,0.42505921206258135
1980-09-09,0.42405844480768595
1980-10-09,0.4347332955265704
1980-11-09,0.4263935684024419
1980-12-09,0.43406611735664014
1980-01-10,0.4317309937618842
1980-02-10,0.4208893485005171
1980-03-10,0.4173866631083832
1980-06-10,0.42739433565733737
1980-07-10,0.4291623578076526
1980-08-10,0.42839510291223276
1980-09-10,0.43706841912132643
1980-10-10,0.4338993228141576
1980-03-11,0.40404309970977753
1980-04-11,0.4077125796443941
1980-05-11,0.41171564866397575
1980-06-11,0.39837208526537016
1980-07-11,0.3743536711478801
1980-10-11,0.38536211095172973
1980-11-11,0.3760216165727058
1980-12-11,0.39003235814124165
1980-01-12,0.400373619775161
1980-02-12,0.3950361944157188
1980-03-12,0.39520298895820133
1980-04-12,0.39803849618040504
1980-05-12,0.388364412716416
1980-08-12,0.38853120725889856
1980-09-12,0.37969109650732236
1980-10-12,0.36301164225906535
1980-11-12,0.34900090069052947
1980-12-12,0.3521699969976983
1981-05-01,0.3753544384027755
1981-06-01,0.37652200020015353
1981-07-01,0.36701471127864704
1981-08-01,0.36017613503686163
1981-09-01,0.3621776695466525
1981-12-01,0.3516696133702506
1981-02-02,0.3059679087300264
1981-03-02,0.3011308669980319
1981-04-02,0.3136404576842246
1981-05-02,0.3093037995796778
1981-06-02,0.31063815591953836
1981-09-02,0.3186442939587017
1981-10-02,0.3233145411482137
1981-11-02,0.31097174500450353
1981-12-02,0.303799579677753
1981-02-03,0.2872869199719786
1981-03-03,0.2909563999065951
1981-04-03,0.2872869199719786
1981-05-03,0.28461820729225745
1981-06-03,0.288287687226874
1981-09-03,0.29312472895886854
1981-10-03,0.30179804516796216
1981-11-03,0.29445908529872905
1981-12-03,0.2956266470961071
1981-01-04,0.31981185575607973
1981-02-04,0.3233145411482137
1981-03-04,0.32564966474296964
1981-06-04,0.33282183006972016
1981-07-04,0.31981185575607973
1981-08-04,0.3159755812789806
1981-09-04,0.31230610134436404
1981-10-04,0.3059679087300264
1981-01-05,0.30196483971044474
1981-05-05,0.29445908529872905
1981-06-05,0.29829535977582816
1981-07-05,0.2954598525536245
1981-08-05,0.3007972779130667
1981-11-05,0.30563431964506127
1981-12-05,0.2996297161156887
1981-01-06,0.29912933248824103
1981-02-06,0.29295793441638596
1981-03-06,0.29395870167128135
1981-04-06,0.28528538546218773
1981-05-06,0.283617440037362
1981-08-06,0.2926243453314208
1981-09-06,0.28395102912232717
1981-10-06,0.287120125429496
1981-11-06,0.2864529472595657
1981-12-06,0.2916235780765254
1981-01-07,0.2582646695800114
1981-02-07,0.2532608333055343
1981-03-07,0.25292724422056917
1981-06-07,0.24608866797878376
1981-07-07,0.24692264069119663
1981-08-07,0.24208559895920212
1981-09-07,0.2477566134036095
1981-10-07,0.25459518964539485
1981-03-08,0.23858291356706812
1981-04-08,0.23774894085465526
1981-05-08,0.2385161957500751
1981-06-08,0.23908329719451582
1981-07-08,0.24175200987423695
1981-10-08,0.239416886279481
1981-11-08,0.2442539280114755
1981-12-08,0.25526236781532513
1981-01-09,0.25793108049504626
1981-02-09,0.26360209493945364
1981-03-09,0.26793875304400044
1981-04-09,0.2699402875537913
1981-07-09,0.26793875304400044
1981-08-09,0.2696066984688261
1981-09-09,0.26810554758648303
1981-10-09,0.2779464255929546
1981-11-09,0.27577809654068125
1981-01-10,0.26810554758648303
1981-02-10,0.26693798578910505
1981-05-10,0.27110784935116927
1981-06-10,0.27227541114854725
1981-07-10,0.273943356573373
1981-08-10,0.27244220569102984
1981-09-10,0.2792807819328152
1981-12-10,0.27661206925309406
1981-02-11,0.26360209493945364
1981-03-11,0.26243453314207565
1981-04-11,0.2644360676518665
1981-05-11,0.2626013276845582
1981-06-11,0.26243453314207565
1981-09-11,0.26343530039697105
1981-10-11,0.2559295459852554
1981-11-11,0.2515928878807086
1981-12-11,0.25125929879574344
1981-01-12,0.24525469526637095
1981-02-12,0.2480902024885746
1981-03-12,0.25459518964539485
1981-04-12,0.2609333822597325
1981-07-12,0.25476198418787743
1981-08-12,0.253761216932982
1981-09-12,0.2504253260833306
1981-10-12,0.24725622977616174
1981-11-12,0.25009173699836545
1982-04-01,0.2402508589918938
1982-05-01,0.24592187343630123
1982-06-01,0.24458751709644067
1982-07-01,0.24125162624678925
1982-08-01,0.2437535443840278
1982-11-01,0.23574740634486446
1982-12-01,0.23624778997231216
1982-01-02,0.2299095973579745
1982-02-02,0.2296760849984989
1982-03-02,0.22890883010307905
1982-04-02,0.23274510458017816
1982-05-02,0.23307869366514333
1982-08-02,0.23007639190045703
1982-09-02,0.22924241918804422
1982-10-02,0.2316776195082897
1982-11-02,0.23024318644293962
1982-12-02,0.22857524101811394
1982-01-03,0.2177335957567469
1982-02-03,0.2177335957567469
1982-03-03,0.21272975948226974
1982-04-03,0.20789271775027524
1982-05-03,0.20515728725356108
1982-08-03,0.19721786703139077
1982-09-03,0.1963838943189779
1982-10-03,0.19888581245621645
1982-11-03,0.19805183974380358
1982-12-03,0.1923808252993962
1982-01-04,0.19488274343663475
1982-02-04,0.1953831270640825
1982-05-04,0.2018881142209027
1982-06-04,0.20722553958034495
1982-07-04,0.21289655402475233
1982-08-04,0.21122860859992665
1982-04-05,0.2047236214431064
1982-05-05,0.20248857457383995
1982-06-05,0.1998865797111119
1982-07-05,0.20005337425359443
1982-10-05,0.19621709977649532
1982-11-05,0.19838542882876875
1982-12-05,0.19788504520132105
1982-01-06,0.18937852353470996
1982-02-06,0.18921172899222738
1982-03-06,0.19044600860659844
1982-04-06,0.18937852353470996
1982-07-06,0.19371518163925677
1982-08-06,0.1960503052340128
1982-09-06,0.19421556526670447
1982-10-06,0.19471594889415222
1982-11-06,0.19371518163925677
1982-01-07,0.1837075090903026
1982-02-07,0.18537545451512827
1982-05-07,0.187043399939954
1982-06-07,0.1842078927177503
1982-07-07,0.18137238549554663
1982-08-07,0.18587583814257602
1982-09-07,0.1958835106915302
1982-12-07,0.20555759415551927
1982-02-08,0.2111285318744371
1982-03-08,0.2097274577175835
1982-04-08,0.20772592320779265
1982-05-08,0.20789271775027524
1982-06-08,0.20672515595289725
1982-09-08,0.2008873469660073
1982-10-08,0.20238849784835045
1982-11-08,0.19921940154118162
1982-12-08,0.20005337425359443
1982-01-09,0.2470894352336792
1982-02-09,0.25009173699836545
1982-03-09,0.28028154918771064
1982-06-09,0.29295793441638596
1982-07-09,0.2976281816058979
1982-08-09,0.2822830836975015
1982-09-09,0.2876205090569437
1982-10-09,0.2789471928478501
1982-01-10,0.24492110618140578
1982-04-10,0.2352470227174167
1982-05-10,0.23708176268472497
1982-06-10,0.24625546252126634
1982-07-10,0.2559295459852554
1982-08-10,0.2656036294492445
1982-11-10,0.26360209493945364
1982-12-10,0.27110784935116927
1982-01-11,0.26176735497214537
1982-02-11,0.2642692731093839
1982-03-11,0.2619341495146279
1982-04-11,0.26009940954731964
1982-05-11,0.25526236781532513
1982-08-11,0.24842379157353978
1982-09-11,0.24975814791340034
1982-10-11,0.2509257097107783
1982-11-11,0.24442072255395808
1982-12-11,0.24225239350168465
1982-01-12,0.270440671181239
1982-02-12,0.2744437402008207
1982-03-12,0.27110784935116927
1982-06-12,0.2737765620308904
1982-07-12,0.2799479601027455
1982-08-12,0.2736097674884078
1982-09-12,0.2686059312139307
1982-10-12,0.26743836941655275
1983-04-01,0.27661206925309406
1983-05-01,0.27961437101778036
1983-06-01,0.2799479601027455
1983-07-01,0.2869533308870134
1983-10-01,0.29295793441638596
1983-11-01,0.2999633052006539
1983-12-01,0.29729459252093277
1983-01-02,0.3159755812789806
1983-02-02,0.3091370050371952
1983-03-02,0.3126396904293292
1983-04-02,0.3093037995796778
1983-07-02,0.303799579677753
1983-08-02,0.30846982686726493
1983-09-02,0.30513393601761357
1983-10-02,0.3076358541548521
1983-11-02,0.3133068685992595
1983-01-03,0.25292724422056917
1983-02-03,0.26360209493945364
1983-03-03,0.26326850585448847
1983-04-03,0.2519264769656737
1983-07-03,0.25743069686759856
1983-08-03,0.25526236781532513
1983-09-03,0.2609333822597325
1983-10-03,0.26677119124662246
1983-11-03,0.257263902325116
1983-05-04,0.2614337658871802
1983-06-04,0.2626013276845582
1983-07-04,0.2607665877172499
1983-08-04,0.2577642859525637
1983-11-04,0.2614337658871802
1983-12-04,0.2654368349067619
1983-03-05,0.2659372185342096
1983-04-05,0.2654368349067619
1983-05-05,0.2661040130766922
1983-06-05,0.2644360676518665
1983-09-05,0.26627080761917477
1983-10-05,0.27277579477599495
1983-11-05,0.27227541114854725
1983-12-05,0.2701070820962739
1983-01-06,0.25025853154084804
1983-02-06,0.2519264769656737
1983-03-06,0.25125929879574344
1983-06-06,0.2487573806585049
1983-07-06,0.2437535443840278
1983-08-06,0.24558828435133606
1983-09-06,0.2487573806585049
1983-10-06,0.25109250425326085
1983-01-07,0.25442839510291226
1983-04-07,0.2542616005604297
1983-05-07,0.25075891516829574
1983-06-07,0.251359375521233
1983-07-07,0.25175968242319113
1983-08-07,0.2609333822597325
1983-11-07,0.26393568402441875
1983-12-07,0.26293491676952335
1983-01-08,0.25109250425326085
1983-02-08,0.2530940387630517
1983-03-08,0.2509257097107783
1983-04-08,0.25292724422056917
1983-05-08,0.25009173699836545
1983-08-08,0.2492577642859526
1983-09-08,0.2522600660506389
1983-10-08,0.24909096974347006
1983-11-08,0.251426093338226
1983-12-08,0.2518931180571772
1983-01-09,0.25466190746238787
1983-02-09,0.25526236781532513
1983-05-09,0.2563298528872136
1983-06-09,0.25576275144277283
1983-07-09,0.2524268605931214
1983-08-09,0.25292724422056917
1983-09-09,0.25342762784801687
1983-12-09,0.25409480601794715
1983-03-10,0.23624778997231216
1983-04-10,0.2392500917369984
1983-05-10,0.23658137905727727
1983-06-10,0.23958368082196357
1983-07-10,0.24185208659972646
1983-10-10,0.2442539280114755
1983-11-10,0.24291957167161493
1983-12-10,0.24008406444941127
1983-01-11,0.22874203556059652
1983-02-11,0.23224472095273047
1983-03-11,0.22874203556059652
1983-04-11,0.2309103646128699
1983-07-11,0.22957600827300934
1983-08-11,0.23174433732528277
1983-09-11,0.23224472095273047
1983-10-11,0.23144410714881414
1983-11-11,0.23157754278280018
1983-01-12,0.24308636621409752
1983-02-12,0.2440871334689929
1983-05-12,0.24175200987423695
1983-06-12,0.24158521533175437
1983-07-12,0.24341995529906268
1983-08-12,0.2442539280114755
1983-09-12,0.23608099542982958
1983-12-12,0.23774894085465526
1984-03-01,0.23224472095273047
1984-04-01,0.22624011742335792
1984-05-01,0.2270740901357708
1984-06-01,0.2270740901357708
1984-09-01,0.22040230843646796
1984-10-01,0.22440537745604966
1984-11-01,0.2220702538612937
1984-12-01,0.2225706374887414
1984-01-02,0.22900890682856861
1984-02-02,0.23241151549521305
1984-03-02,0.2323114387697235
1984-06-02,0.23077692897888386
1984-07-02,0.23007639190045703
1984-08-02,0.2344130500050039
1984-09-02,0.23224472095273047
1984-10-02,0.22867531774360345
1984-01-03,0.2387497081095507
1984-02-03,0.24291957167161493
1984-05-03,0.2474897421356374
1984-06-03,0.24525469526637095
1984-07-03,0.2427527771291324
1984-08-03,0.24175200987423695
1984-09-03,0.2435200320245522
1984-12-03,0.24075124261934155
1984-02-04,0.23504686926643764
1984-03-04,0.2305100577109117
1984-04-04,0.23107715915535249
1984-05-04,0.23104380024685595
1984-06-04,0.2304099809854222
1984-09-04,0.23184441405077227
1984-10-04,0.2311438769723455
1984-11-04,0.23324548820762586
1984-12-04,0.23151082496580716
1984-01-05,0.22790806284818366
1984-02-05,0.22847516429262438
1984-03-05,0.22924241918804422
1984-04-05,0.2280414984821697
1984-08-05,0.22457217199853224
1984-09-05,0.22530606798545555
1984-10-05,0.22473896654101483
1984-11-05,0.22523935016846253
1984-01-06,0.239416886279481
1984-04-06,0.23758214631217273
1984-05-06,0.239416886279481
1984-06-06,0.2380158121226274
1984-07-06,0.23838276011608905
1984-08-06,0.2342462554625213
1984-11-06,0.23191113186776535
1984-12-06,0.2269072955932882
1984-02-07,0.2235714047436368
1984-03-07,0.2224705607632519
1984-04-07,0.2229042265737065
1984-05-07,0.2201020782599994
1984-06-07,0.21239617039730463
1984-09-07,0.20255529239083297
1984-10-07,0.20639156686793209
1984-11-07,0.20305567601828073
1984-12-07,0.20432331454114822
1984-01-08,0.20288888147579814
1984-02-08,0.20622477232544956
1984-03-08,0.2097274577175835
1984-06-08,0.2097274577175835
1984-07-08,0.204890415985589
1984-08-08,0.20655836141041467
1984-09-08,0.20639156686793209
1984-10-08,0.20805951229275782
1984-03-09,0.20655836141041467
1984-04-09,0.20435667344964475
1984-05-09,0.20238849784835045
1984-06-09,0.20388964873069354
1984-07-09,0.20338926510324584
1984-10-09,0.2025219334823365
1984-11-09,0.2037562130967075
1984-12-09,0.20255529239083297
1984-01-10,0.20715882176335193
1984-02-10,0.20705874503786237
1984-03-10,0.2092270740901358
1984-04-10,0.20772592320779265
1984-05-10,0.2060913366914635
1984-08-10,0.2046235447176169
1984-09-10,0.2042232378156587
1984-10-10,0.20205490876338528
1984-11-10,0.20228842112286088
1984-12-10,0.20282216365880507
1984-01-11,0.19941955499216069
1984-02-11,0.2056243119725123
1984-05-11,0.20519064616205762
1984-06-11,0.20762584648230314
1984-07-11,0.20862661373719854
1984-08-11,0.20829302465223343
1984-09-11,0.2080928712012543
1984-12-11,0.20739233412282754
1984-03-12,0.1965506888614605
1984-04-12,0.19821863428628617
1984-05-12,0.19681756012943258
1984-06-12,0.1973846615738733
1984-07-12,0.19488274343663475
1984-10-12,0.19438235980918706
1984-11-12,0.19471594889415222
1984-12-12,0.19321479801180907
1985-02-01,0.18053841278313376
1985-03-01,0.17840344263935687
1985-04-01,0.1789705440837976
1985-07-01,0.17570137105113925
1985-08-01,0.1782032891883778
1985-09-01,0.17720252193348235
1985-10-01,0.17940420989425226
1985-11-01,0.1797044400707209
1985-01-02,0.17927077426026622
1985-04-02,0.17770290556093005
1985-05-02,0.17823664809687428
1985-06-02,0.17877039063281852
1985-07-02,0.17796977682890214
1985-08-02,0.1767354972145312
1985-11-02,0.17696900957400674
1985-12-02,0.1785368782733429
1985-01-03,0.16836241118190615
1985-04-03,0.16929646061980852
1985-05-03,0.16879607699236082
1985-06-03,0.16846248790739565
1985-07-03,0.16993027988124232
1985-08-03,0.1708643293191447
1985-11-03,0.1708643293191447
1985-12-03,0.16916302498582247
1985-01-04,0.19094639223404614
1985-02-04,0.18937852353470996
1985-03-04,0.19104646895953564
1985-04-04,0.1880441671948494
1985-09-04,0.1922807485739067
1985-10-04,0.19504953797911734
1985-11-04,0.19838542882876875
1985-12-04,0.19681756012943258
1985-01-05,0.18520865997264574
1985-02-05,0.18570904360009344
1985-03-05,0.18537545451512827
1985-07-05,0.18587583814257602
1985-08-05,0.18544217233212135
1985-09-05,0.18694332321446444
1985-10-05,0.1865430163125063
1985-03-06,0.1889448577242553
1985-04-06,0.1873102712079261
1985-05-06,0.18634286286152718
1985-06-06,0.18674316976348537
1985-07-06,0.1864095806785202
1985-10-06,0.18487507088768057
1985-11-06,0.18687660539747142
1985-12-06,0.1865430163125063
1985-01-07,0.1861427094105481
1985-02-07,0.18237315275044202
1985-03-07,0.1837742269072956
1985-04-07,0.18390766254128166
1985-05-07,0.18460819961970848
1985-08-07,0.1830403309203723
1985-09-07,0.1867765286719819
1985-10-07,0.1867765286719819
1985-11-07,0.1859091970510725
1985-12-07,0.1873102712079261
1985-01-08,0.19161357040397642
1985-02-08,0.19054608533208794
1985-05-08,0.19271441438436138
1985-06-08,0.19007906061313679
1985-07-08,0.19097975114254262
1985-08-08,0.1918804416719485
1985-09-08,0.1913133402275078
1985-12-08,0.19464923107715915
1985-02-09,0.1999866564366014
1985-03-09,0.19568335724055108
1985-04-09,0.19421556526670447
1985-05-09,0.19404877072422194
1985-06-09,0.18847783300530407
1985-09-09,0.18977883043666816
1985-10-09,0.1913133402275078
1985-11-09,0.19071287987457053
1985-12-09,0.18971211261967513
1985-01-10,0.19171364712946593
1985-02-10,0.1935150281882777
1985-03-10,0.19348166927978117
1985-04-10,0.19554992160656504
1985-07-10,0.19404877072422194
1985-08-10,0.19444907762618013
1985-09-10,0.19458251326016618
1985-10-10,0.19388197618173936
1985-11-10,0.19394869399873238
1985-01-11,0.1925476198418788
1985-04-11,0.19378189945624985
1985-05-11,0.1932815158288021
1985-06-11,0.19314808019481605
1985-07-11,0.19221403075691368
1985-08-11,0.19151349367848686
1985-11-11,0.1922807485739067
1985-12-11,0.1922807485739067
1985-02-12,0.19121326350201823
1985-03-12,0.1919471594889416
1985-04-12,0.19301464456083
1985-05-12,0.19208059512292763
1985-06-12,0.19174700603796246
1985-09-12,0.18847783300530407
1985-10-12,0.18821096173733198
1985-11-12,0.18721019448243653
1985-12-12,0.1885445508222971
1986-02-01,0.1944157187176836
1986-03-01,0.19471594889415222
1986-06-01,0.19554992160656504
1986-07-01,0.1968842779464256
1986-08-01,0.19861894118824436
1986-09-01,0.19921940154118162
1986-10-01,0.20385628982219706
1986-03-02,0.20842646028621947
1986-04-02,0.20262201020782605
1986-05-02,0.20175467858691665
1986-06-02,0.2016212429529306
1986-07-02,0.20168796076992362
1986-10-02,0.20365613637121793
1986-11-02,0.20075391133202125
1986-12-02,0.20172131967842016
1986-03-03,0.2006204756980352
1986-04-03,0.20165460186142709
1986-05-03,0.20455682690062382
1986-06-03,0.20655836141041467
1986-07-03,0.20579110651499488
1986-10-03,0.203722854188211
1986-11-03,0.2054908763385262
1986-12-03,0.20612469559996
1986-01-04,0.19895253027320953
1986-02-04,0.20055375788104218
1986-03-04,0.20005337425359443
1986-04-04,0.1998865797111119
1986-07-04,0.20198819094639225
1986-08-04,0.20315575274377023
1986-09-04,0.20212162658037836
1986-10-04,0.20202154985488874
1986-11-04,0.20485705707709245
1986-01-05,0.20695866831237286
1986-02-05,0.2046235447176169
1986-06-05,0.20382293091370052
1986-07-05,0.20519064616205762
1986-08-05,0.20705874503786237
1986-09-05,0.20712546285485545
1986-12-05,0.20702538612936588
1986-02-06,0.20479033926009943
1986-03-06,0.20502385161957504
1986-04-06,0.20405644327317612
1986-05-06,0.2047236214431064
1986-06-06,0.20465690362611338
1986-09-06,0.20475698035160295
1986-10-06,0.20869333155419156
1986-11-06,0.2084931781032125
1986-12-06,0.2091269973646463
1986-01-07,0.20695866831237286
1986-02-07,0.20509056943656806
1986-03-07,0.20612469559996
1986-04-07,0.2060913366914635
1986-07-07,0.20679187376989028
1986-08-07,0.20879340827968113
1986-09-07,0.2089602028221637
1986-10-07,0.2080928712012543
1986-11-07,0.2089602028221637
1986-01-08,0.2175668012142643
1986-04-08,0.21676618741034798
1986-05-08,0.21589885578943857
1986-06-08,0.21850085065216668
1986-07-08,0.21810054375020854
1986-08-08,0.22277079093972046
1986-11-08,0.23558061180238188
1986-12-08,0.23291189912266075
1986-01-09,0.23808252993962042
1986-02-09,0.23908329719451582
1986-03-09,0.24692264069119663
1986-04-09,0.24725622977616174
1986-05-09,0.25746405577609505
1986-08-09,0.25599626380224844
1986-09-09,0.24975814791340034
1986-10-09,0.2559295459852554
1986-11-09,0.24492110618140578
1986-12-09,0.2565967241551857
1986-01-10,0.2602662040898022
1986-02-10,0.264469426560363
1986-03-10,0.26760516395903533
1986-06-10,0.26820562431197253
1986-07-10,0.26760516395903533
1986-08-10,0.2690062381158889
1986-09-10,0.26743836941655275
1986-10-10,0.26410247856690133
1986-03-11,0.24772325449511295
1986-04-11,0.24892417520098747
1986-05-11,0.2470894352336792
1986-06-11,0.24929112319444913
1986-07-11,0.24905761083497352
1986-10-11,0.25075891516829574
1986-11-11,0.2475898188611269
1986-12-11,0.2482569970310572
1986-01-12,0.2406178069853555
1986-02-12,0.23658137905727727
1986-03-12,0.23674817359975986
1986-04-12,0.23641458451479475
1986-05-12,0.235914200887347
1986-08-12,0.23664809687427035
1986-09-12,0.23477999799846555
1986-10-12,0.23791573539713784
1986-11-12,0.23584748307035397
1986-12-12,0.23791573539713784
1987-02-01,0.24592187343630123
1987-05-01,0.24288621276311845
1987-06-01,0.2447209527304267
1987-07-01,0.2438536211095173
1987-08-01,0.24535477199186045
1987-09-01,0.24492110618140578
1987-12-01,0.25099242752777134
1987-02-02,0.2480902024885746
1987-03-02,0.24625546252126634
1987-04-02,0.24545484871735002
1987-05-02,0.2428528538546219
1987-06-02,0.24532141308336397
1987-09-02,0.2475231010441339
1987-10-02,0.24548820762584656
1987-11-02,0.24558828435133606
1987-12-02,0.2451212596323849
1987-02-03,0.24642225706374893
1987-03-03,0.2461220268872803
1987-04-03,0.24795676685458856
1987-05-03,0.25075891516829574
1987-06-03,0.24778997231210598
1987-09-03,0.24692264069119663
1987-10-03,0.24732294759315482
1987-11-03,0.24839043266504324
1987-12-03,0.25019181372385496
1987-01-04,0.256096340527738
1987-02-04,0.25606298161924146
1987-03-04,0.25606298161924146
1987-06-04,0.2578977215865497
1987-07-04,0.2559295459852554
1987-08-04,0.257263902325116
1987-09-04,0.2575974914100811
1987-10-04,0.2646695800113421
1987-01-05,0.2814491109850886
1987-05-05,0.2831170564099143
1987-06-05,0.28111552190012346
1987-07-05,0.28111552190012346
1987-08-05,0.2789471928478501
1987-11-05,0.2789471928478501
1987-12-05,0.2840844647563132
1987-01-06,0.27220869333155423
1987-02-06,0.28028154918771064
1987-03-06,0.2789471928478501
1987-04-06,0.2787803983053675
1987-05-06,0.2792807819328152
1987-08-06,0.2813156753511026
1987-09-06,0.27871368048837447
1987-10-06,0.2807152149981653
1987-11-06,0.2816159055275712
1987-12-06,0.2805817793641792
1987-01-07,0.2741101511158555
1987-02-07,0.2744437402008207
1987-03-07,0.2730093071354706
1987-06-07,0.27250892350802286
1987-07-07,0.2732761784034427
1987-08-07,0.2745438169263102
1987-09-07,0.2730093071354706
1987-10-07,0.27344297294592523
1987-03-08,0.2921239617039731
1987-04-08,0.29255762751442776
1987-05-08,0.2901557861026788
1987-06-08,0.2894218901157555
1987-07-08,0.2863528705340762
1987-10-08,0.28435133602428536
1987-11-08,0.28441805384127833
1987-12-08,0.28588584581512494
1987-01-09,0.2794475764752978
1987-02-09,0.2856856923641459
1987-03-09,0.28608599926610406
1987-04-09,0.28678653634453083
1987-07-09,0.285952563632118
1987-08-09,0.28158254661907467
1987-09-09,0.28248323714848056
1987-10-09,0.28375087567134805
1987-11-09,0.2835173633118725
1987-01-10,0.28021483137071757
1987-02-10,0.27984788337725597
1987-05-10,0.28128231644260604
1987-06-10,0.2822830836975015
1987-07-10,0.282316442605998
1987-08-10,0.282383160422991
1987-09-10,0.2849851552857191
1987-12-10,0.28478500183474004
1987-02-11,0.2898221970177136
1987-03-11,0.2864529472595657
1987-04-11,0.28772058578243326
1987-05-11,0.28198285352103286
1987-06-11,0.283617440037362
1987-09-11,0.285952563632118
1987-10-11,0.282449878239984
1987-11-11,0.28485171965173306
1987-12-11,0.2852520265536912
1987-01-12,0.3021649931614238
1987-02-12,0.3042332454882077
1987-03-12,0.3043666811221937
1987-04-12,0.3011308669980319
1987-07-12,0.29772825833138744
1987-08-12,0.29982986956666785
1987-09-12,0.29976315174967477
1987-10-12,0.30229842879540986
1987-11-12,0.3059679087300264
1988-04-01,0.29729459252093277
1988-05-01,0.29395870167128135
1988-06-01,0.29789505287387
1988-07-01,0.2992961270307236
1988-08-01,0.2995629982986957
1988-11-01,0.2995629982986957
1988-12-01,0.29722787470393974
1988-01-02,0.27874703939687095
1988-02-02,0.28088200954064785
1988-03-02,0.2738766387563799
1988-04-02,0.27244220569102984
1988-05-02,0.2714080795276379
1988-08-02,0.27167495079561005
1988-09-02,0.26933982720085403
1988-10-02,0.27100777262567977
1988-11-02,0.2706741835407146
1988-12-02,0.27267571805050544
1988-01-03,0.2631350702205024
1988-02-03,0.26286819895253033
1988-03-03,0.2630016345865164
1988-04-03,0.26480301564532815
1988-07-03,0.26753844614204225
1988-08-03,0.26783867631851094
1988-09-03,0.26793875304400044
1988-10-03,0.27187510424658906
1988-11-03,0.2714747973446309
1988-05-04,0.27934749974980827
1988-06-04,0.2768455816125697
1988-07-04,0.27507755946225443
1988-08-04,0.27654535143610104
1988-11-04,0.2761450445341429
1988-12-04,0.27747940087400347
1988-03-05,0.2742102278413451
1988-04-05,0.27244220569102984
1988-05-05,0.2735096907629183
1988-06-05,0.2721419755145612
1988-09-05,0.2732094605864496
1988-10-05,0.2747106114687928
1988-11-05,0.27634519798512197
1988-12-05,0.2776128365079895
1988-01-06,0.2814491109850886
1988-02-06,0.27941421756680124
1988-03-06,0.28675317743603435
1988-06-06,0.2866531007105448
1988-07-06,0.2865530239850552
1988-08-06,0.28218300697201193
1988-09-06,0.2805817793641792
1988-10-06,0.28201621242952934
1988-01-07,0.26817226540347605
1988-04-07,0.26863929012242727
1988-05-07,0.2686059312139307
1988-06-07,0.2681389064949795
1988-07-07,0.27087433699169366
1988-08-07,0.26987356973679827
1988-11-07,0.2681389064949795
1988-12-07,0.2661373719851887
1988-01-08,0.26667111452113296
1988-02-08,0.2654368349067619
1988-03-08,0.2663375254361678
1988-04-08,0.2656703472662375
1988-05-08,0.2655035527237549
1988-08-08,0.2649364512793142
1988-09-08,0.26079994662574646
1988-10-08,0.26173399606364883
1988-11-08,0.26223437969109653
1988-12-08,0.265770423991727
1988-01-09,0.2638689662074257
1988-02-09,0.26276812222704077
1988-05-09,0.2618674316976349
1988-06-09,0.2625679687760617
1988-07-09,0.26176735497214537
1988-08-09,0.26243453314207565
1988-09-09,0.26320178803749544
1988-12-09,0.2565300063381926
1988-03-10,0.24091803716182408
1988-04-10,0.24258598258664982
1988-05-10,0.24055108916836243
1988-06-10,0.24608866797878376
1988-07-10,0.24618874470427332
1988-10-10,0.2480902024885746
1988-11-10,0.24842379157353978
1988-12-10,0.247856690129099
1988-01-11,0.25085899189378524
1988-02-11,0.25342762784801687
1988-03-11,0.25919871901791375
1988-04-11,0.2575974914100811
1988-07-11,0.257330620142109
1988-08-11,0.2558294692597659
1988-09-11,0.25746405577609505
1988-10-11,0.2563298528872136
1988-11-11,0.25713046669112993
1988-01-12,0.26009940954731964
1988-02-12,0.2597658204623545
1988-05-12,0.26293491676952335
1988-06-12,0.2621009440571105
1988-07-12,0.25866497648196957
1988-08-12,0.2590652833839277
1988-09-12,0.2567635186976683
1988-12-12,0.2569303132401508
1989-03-01,0.2513260166127365
1989-04-01,0.24982486573039336
1989-05-01,0.24842379157353978
1989-06-01,0.24782333122060252
1989-09-01,0.2452213363578744
1989-10-01,0.2465890516062315
1989-11-01,0.2461220268872803
1989-12-01,0.24635553924675585
1989-01-02,0.23878306701804725
1989-02-02,0.23764886412916575
1989-03-02,0.23691496814224244
1989-06-02,0.2355138939853888
1989-07-02,0.23758214631217273
1989-08-02,0.2372819161357041
1989-09-02,0.23945024518797747
1989-10-02,0.23664809687427035
1989-01-03,0.2329452580311573
1989-02-03,0.23284518130566773
1989-03-03,0.2345131267304934
1989-06-03,0.23508022817493418
1989-07-03,0.23741535176969014
1989-08-03,0.2399839877239217
1989-09-03,0.23791573539713784
1989-10-03,0.2392500917369984
1989-03-04,0.23387930746905966
1989-04-04,0.234679921272976
1989-05-04,0.23224472095273047
1989-06-04,0.23314541148213636
1989-07-04,0.23174433732528277
1989-10-04,0.23124395369783507
1989-11-04,0.23357907729259103
1989-12-04,0.23508022817493418
1989-02-05,0.2285418821096174
1989-03-05,0.22930913700503724
1989-04-05,0.22907562464556164
1989-05-05,0.22737432031223942
1989-08-05,0.22907562464556164
1989-09-05,0.22764119158021157
1989-10-05,0.22837508756713482
1989-11-05,0.22914234246255466
1989-12-05,0.2284418053841279
1989-01-06,0.2178336724822364
1989-02-06,0.21790039029922942
1989-05-06,0.22036894952797148
1989-06-06,0.22016879607699236
1989-07-06,0.22637355305734397
1989-08-06,0.2265737065083231
1989-09-06,0.2224038429462588
1989-12-06,0.216832905227341
1989-03-07,0.2265737065083231
1989-04-07,0.22774126830570107
1989-05-07,0.23264502785468866
1989-06-07,0.23391266637755614
1989-07-07,0.23261166894619212
1989-10-07,0.23241151549521305
1989-11-07,0.22940921373052675
1989-12-07,0.23007639190045703
1989-01-08,0.2229042265737065
1989-02-08,0.22340461020115426
1989-03-08,0.2230710211161891
1989-04-08,0.22390499382860196
1989-07-08,0.22096940988090874
1989-08-08,0.22083597424692264
1989-09-08,0.21996864262601334
1989-10-08,0.22080261533842616
1989-11-08,0.2181672615672015
1989-01-09,0.21649931614237583
1989-04-09,0.21613236814891423
1989-05-09,0.2159322146979351
1989-06-09,0.21703305867832007
1989-07-09,0.21636588050838979
1989-08-09,0.21663275177636193
1989-11-09,0.21579877906394906
1989-12-09,0.21596557360643165
1989-02-10,0.22123628114888083
1989-03-10,0.22056910297895055
1989-04-10,0.22090269206391572
1989-05-10,0.22103612769790176
1989-06-10,0.21890115755412487
1989-09-10,0.2188344397371318
1989-10-10,0.2181672615672015
1989-11-10,0.21760016012276084
1989-12-10,0.21900123427961438
1989-01-11,0.22560629816192418
1989-02-11,0.2264069119658405
1989-03-11,0.2305767755279048
1989-06-11,0.23007639190045703
1989-07-11,0.23297861693965377
1989-08-11,0.2323781565867165
1989-09-11,0.23498015144944462
1989-10-11,0.23381258965206664
1989-01-12,0.2528271674950796
1989-04-12,0.24932448210294567
1989-05-12,0.24608866797878376
1989-06-12,0.24548820762584656
1989-07-12,0.2475898188611269
1989-08-12,0.24982486573039336
1989-11-12,0.25392801147546457
1989-12-12,0.25392801147546457
1990-02-01,0.24291957167161493
1990-03-01,0.2402508589918938
1990-04-01,0.24125162624678925
1990-05-01,0.24692264069119663
1990-08-01,0.24665576942322454
1990-09-01,0.2458885145278047
1990-10-01,0.24965807118791078
1990-11-01,0.2516596056977016
1990-12-01,0.25442839510291226
1990-01-02,0.25412816492644363
1990-02-02,0.25556259799179376
1990-05-02,0.25893184774994166
1990-06-02,0.25763085031857763
1990-07-02,0.25943223137738936
1990-08-02,0.25559595690029024
1990-09-02,0.25392801147546457
1990-12-02,0.256163058344731
1990-01-03,0.24778997231210598
1990-02-03,0.24695599959969317
1990-05-03,0.2457217199853221
1990-06-03,0.24715615305067223
1990-07-03,0.24392033892651038
1990-08-03,0.24405377456049643
1990-09-03,0.24311972512259405
1990-12-03,0.24442072255395808
1990-02-04,0.22250391967174837
1990-03-04,0.2269072955932882
1990-04-04,0.2264069119658405
1990-05-04,0.22917570137105114
1990-06-04,0.22870867665209998
1990-09-04,0.2280414984821697
1990-10-04,0.22704073122727425
1990-11-04,0.2265737065083231
1990-12-04,0.22724088467825337
1990-01-05,0.22323781565867168
1990-02-05,0.2233045334756647
1990-03-05,0.22350468692664377
1990-04-05,0.2244387363645462
1990-08-05,0.22400507055409147
1990-09-05,0.22377155819461592
1990-10-05,0.22473896654101483
1990-11-05,0.22260399639723794
1990-01-06,0.2192013877305935
1990-04-06,0.2149314474430397
1990-05-06,0.21563198452146648
1990-06-06,0.21656603395936885
1990-07-06,0.212095940220836
1990-08-06,0.2125629649397872
1990-11-06,0.21336357874370354
1990-12-06,0.2140641158221303
1990-02-07,0.21516495980251527
1990-03-07,0.2182339793841946
1990-04-07,0.2185675684691597
1990-05-07,0.2166994695933549
1990-06-07,0.2176668779397538
1990-09-07,0.2170664175868166
1990-10-07,0.21289655402475233
1990-11-07,0.21309670747573145
1990-12-07,0.2111952496914301
1990-01-08,0.22400507055409147
1990-02-08,0.23071021116189083
1990-03-08,0.22957600827300934
1990-06-08,0.23174433732528277
1990-07-08,0.23241151549521305
1990-08-08,0.23341228275010845
1990-09-08,0.23264502785468866
1990-10-08,0.23648130233178777
1990-03-09,0.234746639089969
1990-04-09,0.231177235880842
1990-05-09,0.23244487440370953
1990-06-09,0.2352470227174167
1990-07-09,0.23331220602461894
1990-10-09,0.23324548820762586
1990-11-09,0.22924241918804422
1990-12-09,0.23161090169129672
1990-01-10,0.2411181906128032
1990-02-10,0.23548053507689232
1990-03-10,0.23651466124028425
1990-04-10,0.24075124261934155
1990-05-10,0.240651165893852
1990-08-10,0.23744871067818668
1990-09-10,0.24158521533175437
1990-10-10,0.23811588884811696
1990-11-10,0.23558061180238188
1990-12-10,0.23574740634486446
1990-01-11,0.2305100577109117
1990-02-11,0.22857524101811394
1990-05-11,0.22817493411615575
1990-06-11,0.22974280281549192
1990-07-11,0.23357907729259103
1990-08-11,0.23341228275010845
1990-09-11,0.2340461020115422
1990-12-11,0.23071021116189083
1990-03-12,0.2306768522533943
1990-04-12,0.22864195883510696
1990-05-12,0.2275744737632185
1990-06-12,0.2235714047436368
1990-07-12,0.22410514727958103
1990-10-12,0.22627347633185446
1990-11-12,0.22497247890049044
1990-12-12,0.22417186509657405
1991-02-01,0.23744871067818668
1991-03-01,0.23444640891350038
1991-04-01,0.2351803049004237
1991-07-01,0.23764886412916575
1991-08-01,0.23671481469126332
1991-09-01,0.23498015144944462
1991-10-01,0.2372819161357041
1991-11-01,0.23731527504420064
1991-01-02,0.21990192480902027
1991-04-02,0.2216699469593355
1991-05-02,0.22130299896587385
1991-06-02,0.21740000667178172
1991-07-02,0.21950161790706207
1991-08-02,0.2235714047436368
1991-11-02,0.22146979350835644
1991-12-02,0.21983520699202724
1991-01-03,0.22150315241685292
1991-04-03,0.220535744070454
1991-05-03,0.21990192480902027
1991-06-03,0.22103612769790176
1991-07-03,0.22123628114888083
1991-08-03,0.2225706374887414
1991-11-03,0.22080261533842616
1991-12-03,0.21973513026653768
1991-02-04,0.2152316776195083
1991-03-04,0.21636588050838979
1991-04-04,0.21583213797244555
1991-05-04,0.21589885578943857
1991-08-04,0.2175668012142643
1991-09-04,0.21956833572405515
1991-10-04,0.21913466991360048
1991-11-04,0.218067184841712
1991-12-04,0.21820062047569805
1991-01-05,0.21456449944957806
1991-02-05,0.2129966307502419
1991-03-05,0.21389732127964778
1991-07-05,0.2143309870901024
1991-08-05,0.21483137071755015
1991-09-05,0.21479801180905367
1991-10-05,0.2146979350835641
1991-03-06,0.21890115755412487
1991-04-06,0.21850085065216668
1991-05-06,0.21850085065216668
1991-06-06,0.22013543716849587
1991-07-06,0.221569870233846
1991-10-06,0.2250391967174834
1991-11-06,0.22440537745604966
1991-12-06,0.22490576108349736
1991-01-07,0.2228375087567135
1991-02-07,0.22163658805083902
1991-03-07,0.2230710211161891
1991-04-07,0.2230710211161891
1991-05-07,0.22350468692664377
1991-08-07,0.22373819928611938
1991-09-07,0.2230376622076926
1991-10-07,0.22417186509657405
1991-11-07,0.22243720185475535
1991-12-07,0.22213697167828672
1991-01-08,0.21916802882209696
1991-02-08,0.2154318310704874
1991-05-08,0.21456449944957806
1991-06-08,0.21489808853454317
1991-07-08,0.21476465290055713
1991-08-08,0.21529839543650137
1991-09-08,0.2156987023384595
1991-12-08,0.2156987023384595
1991-02-09,0.20886012609667415
1991-03-09,0.208459819194716
1991-04-09,0.20936050972412185
1991-05-09,0.2084931781032125
1991-06-09,0.20892684391366717
1991-09-09,0.2105947893384929
1991-10-09,0.2113620442339127
1991-11-09,0.20705874503786237
1991-12-09,0.20762584648230314
1991-01-10,0.2128631951162558
1991-02-10,0.2142309103646129
1991-03-10,0.21476465290055713
1991-04-10,0.21443106381559196
1991-07-10,0.2166994695933549
1991-08-10,0.21529839543650137
1991-09-10,0.21533175434499785
1991-10-10,0.21656603395936885
1991-11-10,0.21539847216199087
1991-01-11,0.21539847216199087
1991-04-11,0.2144644227240885
1991-05-11,0.21459785835807454
1991-06-11,0.2132301431097175
1991-07-11,0.2132301431097175
1991-08-11,0.21216265803782902
1991-11-11,0.2134970143776896
1991-12-11,0.21339693765220002
1991-02-12,0.2224705607632519
1991-03-12,0.2188344397371318
1991-04-12,0.22040230843646796
1991-05-12,0.22006871935150285
1991-06-12,0.2220702538612937
1991-09-12,0.224038429462588
1991-10-12,0.22227040731227277
1991-11-12,0.22123628114888083
1991-12-12,0.21656603395936885
1992-02-01,0.21082830169796846
1992-03-01,0.21222937585482204
1992-06-01,0.209827534443073
1992-07-01,0.21002768789405213
1992-08-01,0.2106281482469894
1992-09-01,0.21126196750842313
1992-10-01,0.21549854888748043
1992-03-02,0.21449778163258498
1992-04-02,0.2142309103646129
1992-05-02,0.21309670747573145
1992-06-02,0.21419755145611635
1992-07-02,0.21436434599859894
1992-10-02,0.213330219835207
1992-11-02,0.2142309103646129
1992-12-02,0.21503152416852922
1992-02-03,0.21052807152149983
1992-03-03,0.2111285318744371
1992-04-03,0.21032791807052076
1992-05-03,0.21016112352803817
1992-06-03,0.209827534443073
1992-09-03,0.20942722754111487
1992-10-03,0.2091269973646463
1992-11-03,0.20956066317510091
1992-12-03,0.20862661373719854
1992-01-04,0.20622477232544956
1992-02-04,0.20388964873069354
1992-03-04,0.20395636654768662
1992-06-04,0.20305567601828073
1992-07-04,0.20272208693331556
1992-08-04,0.2018881142209027
1992-09-04,0.2025219334823365
1992-10-04,0.2048236981685959
1992-01-05,0.2018881142209027
1992-05-05,0.201387730593455
1992-06-05,0.2013543716849585
1992-07-05,0.20092070587450384
1992-08-05,0.20148780731894456
1992-11-05,0.2009874236914968
1992-12-05,0.2003869633385596
1992-01-06,0.20145444841044807
1992-02-06,0.20288888147579814
1992-03-06,0.20348934182873535
1992-04-06,0.20248857457383995
1992-05-06,0.2027554458418121
1992-08-06,0.20268872802481902
1992-09-06,0.20208826767188182
1992-10-06,0.20198819094639225
1992-11-06,0.20238849784835045
1992-12-06,0.20328918837775634
1992-01-07,0.20592454214898093
1992-02-07,0.20829302465223343
1992-03-07,0.207358975214331
1992-06-07,0.20795943556726826
1992-07-07,0.20729225739733798
1992-08-07,0.20855989592020552
1992-09-07,0.20839310137772293
1992-10-07,0.20936050972412185
1992-03-08,0.21292991293324887
1992-04-08,0.21202922240384298
1992-05-08,0.21072822497247895
1992-06-08,0.20929379190712882
1992-07-08,0.21016112352803817
1992-10-08,0.2104613537045068
1992-11-08,0.2089935617306602
1992-12-08,0.2080928712012543
1992-01-09,0.20469026253460987
1992-02-09,0.20385628982219706
1992-03-09,0.20278880475030858
1992-04-09,0.20492377489408548
1992-07-09,0.20555759415551927
1992-08-09,0.2049904927110785
1992-09-09,0.20575774760649834
1992-10-09,0.20505721052807152
1992-11-09,0.20355605964572843
1992-01-10,0.20926043299863234
1992-02-10,0.20889348500517063
1992-05-10,0.20989425226006608
1992-06-10,0.21042799479601032
1992-07-10,0.21032791807052076
1992-08-10,0.21056143042999637
1992-09-10,0.21029455916202427
1992-12-10,0.20789271775027524
1992-02-11,0.20322247056076326
1992-03-11,0.20262201020782605
1992-04-11,0.20208826767188182
1992-05-11,0.2022550622143644
1992-06-11,0.2016212429529306
1992-09-11,0.1998865797111119
1992-10-11,0.1971177903059012
1992-11-11,0.19765153284184545
1992-12-11,0.19895253027320953
1992-01-12,0.1999866564366014
1992-02-12,0.2006538346065317
1992-03-12,0.2003869633385596
1992-04-12,0.2006204756980352
1992-07-12,0.19995329752810492
1992-08-12,0.2003869633385596
1992-09-12,0.19921940154118162
1992-10-12,0.19935283717516766
1992-11-12,0.20028688661307004
1993-04-01,0.19571671614904762
1993-05-01,0.19595022850852323
1993-06-01,0.1966174066784535
1993-07-01,0.19631717650198488
1993-08-01,0.1962838175934884
1993-11-01,0.19581679287453713
1993-12-01,0.19635053541048136
1993-01-02,0.19671748340394307
1993-02-02,0.19665076558695
1993-03-02,0.19568335724055108
1993-04-02,0.19554992160656504
1993-05-02,0.1953831270640825
1993-08-02,0.19551656269806855
1993-09-02,0.19558328051506157
1993-10-02,0.1967842012209361
1993-11-02,0.19821863428628617
1993-12-02,0.19635053541048136
1993-01-03,0.1958835106915302
1993-02-03,0.19631717650198488
1993-03-03,0.19658404776995697
1993-04-03,0.19558328051506157
1993-05-03,0.19671748340394307
1993-08-03,0.19521633252159992
1993-09-03,0.19484938452813827
1993-10-03,0.19428228308369755
1993-11-03,0.19481602561964173
1993-12-03,0.19488274343663475
1993-01-04,0.2011208593254829
1993-02-04,0.20362277746272145
1993-05-04,0.20305567601828073
1993-06-04,0.20248857457383995
1993-07-04,0.201387730593455
1993-08-04,0.2018881142209027
1993-04-05,0.2143309870901024
1993-05-05,0.2130633485672349
1993-06-05,0.21389732127964778
1993-07-05,0.2152316776195083
1993-10-05,0.21476465290055713
1993-11-05,0.21379724455415822
1993-12-05,0.21436434599859894
1993-01-06,0.22847516429262438
1993-02-06,0.2229042265737065
1993-03-06,0.22670714214230914
1993-04-06,0.22864195883510696
1993-07-06,0.2254395036194416
1993-08-06,0.2270740901357708
1993-09-06,0.2245388130900357
1993-10-06,0.22410514727958103
1993-11-06,0.22380491710311246
1993-01-07,0.22957600827300934
1993-02-07,0.2356473296193749
1993-05-07,0.2353137405344098
1993-06-07,0.2380158121226274
1993-07-07,0.24078460152783804
1993-08-07,0.2403842946258799
1993-09-07,0.23898322046902631
1993-12-07,0.23918337392000538
1993-02-08,0.24732294759315482
1993-03-08,0.24608866797878376
1993-04-08,0.24535477199186045
1993-05-08,0.2354138172598993
1993-06-08,0.22984287954098143
1993-09-08,0.23137738933182112
1993-10-08,0.23047669880241523
1993-11-08,0.2275744737632185
1993-12-08,0.2277746272141976
1993-01-09,0.22293758548220305
1993-02-09,0.2230710211161891
1993-03-09,0.21876772192013882
1993-06-09,0.21973513026653768
1993-07-09,0.21343029656069656
1993-08-09,0.21139540314240923
1993-09-09,0.21242952930580117
1993-10-09,0.21122860859992665
1993-01-10,0.21289655402475233
1993-04-10,0.21139540314240923
1993-05-10,0.21276311839076628
1993-06-10,0.21439770490709548
1993-07-10,0.21509824198552224
1993-08-10,0.21589885578943857
1993-11-10,0.2178336724822364
1993-12-10,0.21729992994629221
1993-01-11,0.2190679520966074
1993-02-11,0.21890115755412487
1993-03-11,0.21926810554758652
1993-04-11,0.22490576108349736
1993-05-11,0.22874203556059652
1993-08-11,0.22734096140374288
1993-09-11,0.2275744737632185
1993-10-11,0.22684057777629518
1993-11-11,0.22807485739066624
1993-12-11,0.22807485739066624
1993-01-12,0.22563965707042072
1993-02-12,0.2266737832338126
1993-03-12,0.22807485739066624
1993-06-12,0.22824165193314877
1993-07-12,0.22817493411615575
1993-08-12,0.2317776962337793
1993-09-12,0.23191113186776535
1993-10-12,0.2317776962337793
1994-04-01,0.2396503986389566
1994-05-01,0.24041765353437639
1994-06-01,0.2340127431030457
1994-07-01,0.23724855722720756
1994-10-01,0.23271174567168168
1994-11-01,0.23387930746905966
1994-12-01,0.23431297327951434
1994-01-02,0.23134403042332458
1994-02-02,0.23337892384161196
1994-03-02,0.2340127431030457
1994-04-02,0.235914200887347
1994-07-02,0.23257831003769563
1994-08-02,0.23061013443640127
1994-09-02,0.23074357007038732
1994-10-02,0.23191113186776535
1994-11-02,0.23147746605731068
1994-01-03,0.23111051806384902
1994-02-03,0.2282082930246523
1994-03-03,0.22870867665209998
1994-04-03,0.227541114854722
1994-07-03,0.22857524101811394
1994-08-03,0.22764119158021157
1994-09-03,0.22710744904426733
1994-10-03,0.2305767755279048
1994-11-03,0.234679921272976
1994-05-04,0.23341228275010845
1994-06-04,0.23284518130566773
1994-07-04,0.23311205257363982
1994-08-04,0.23387930746905966
1994-11-04,0.2314107482403176
1994-12-04,0.22890883010307905
1994-03-05,0.22697401341028128
1994-04-05,0.22700737231877777
1994-05-05,0.2265737065083231
1994-06-05,0.22583981052139973
1994-09-05,0.2309103646128699
1994-10-05,0.23034326316842918
1994-11-05,0.2305767755279048
1994-12-05,0.22974280281549192
1994-01-06,0.23444640891350038
1994-02-06,0.23241151549521305
1994-03-06,0.23221136204423393
1994-06-06,0.22917570137105114
1994-07-06,0.2305767755279048
1994-08-06,0.23121059478933853
1994-09-06,0.23194449077626184
1994-10-06,0.232278079861227
1994-01-07,0.23331220602461894
1994-04-07,0.2346465623644795
1994-05-07,0.23511358708343066
1994-06-07,0.23391266637755614
1994-07-07,0.23224472095273047
1994-08-07,0.23234479767821997
1994-11-07,0.23407946092003873
1994-12-07,0.23444640891350038
1994-01-08,0.23281182239717124
1994-02-08,0.23024318644293962
1994-03-08,0.22920906027954768
1994-04-08,0.22857524101811394
1994-05-08,0.22910898355405818
1994-08-08,0.22864195883510696
1994-09-08,0.22934249591353373
1994-10-08,0.22910898355405818
1994-11-08,0.22864195883510696
1994-12-08,0.2290422657370651
1994-01-09,0.2342462554625213
1994-02-09,0.23471328018147247
1994-05-09,0.23484671581545852
1994-06-09,0.2353137405344098
1994-07-09,0.23671481469126332
1994-08-09,0.23791573539713784
1994-09-09,0.23741535176969014
1994-12-09,0.23764886412916575
1994-03-10,0.2390165793775228
1994-04-10,0.23854955465857158
1994-05-10,0.23938352737098445
1994-06-10,0.238249324482103
1994-07-10,0.238249324482103
1994-10-10,0.23771558194615877
1994-11-10,0.23534709944290627
1994-12-10,0.2355138939853888
1994-01-11,0.23324548820762586
1994-02-11,0.23281182239717124
1994-03-11,0.2327784634886747
1994-04-11,0.2327784634886747
1994-07-11,0.2320445675017514
1994-08-11,0.23334556493311542
1994-09-11,0.23264502785468866
1994-10-11,0.2330453347566468
1994-11-11,0.2337792307435701
1994-01-12,0.2303099042599327
1994-02-12,0.22957600827300934
1994-05-12,0.22797478066517668
1994-06-12,0.22740767922073596
1994-07-12,0.22824165193314877
1994-08-12,0.22770790939720453
1994-09-12,0.22790806284818366
1994-12-12,0.22834172865863833
1995-03-01,0.23084364679587688
1995-04-01,0.2273076024952464
1995-05-01,0.22710744904426733
1995-06-01,0.22704073122727425
1995-09-01,0.22517263235146945
1995-10-01,0.226306835240351
1995-11-01,0.2273076024952464
1995-12-01,0.2305767755279048
1995-01-02,0.22774126830570107
1995-02-02,0.22750775594622547
1995-03-02,0.22734096140374288
1995-06-02,0.2265737065083231
1995-07-02,0.2265737065083231
1995-08-02,0.22664042432531611
1995-09-02,0.22797478066517668
1995-10-02,0.22784134503119058
1995-01-03,0.22737432031223942
1995-02-03,0.22674050105080568
1995-03-03,0.22840844647563135
1995-06-03,0.22947593154751983
1995-07-03,0.23157754278280018
1995-08-03,0.23024318644293962
1995-09-03,0.23084364679587688
1995-10-03,0.231177235880842
1995-03-04,0.23844947793308208
1995-04-04,0.23804917103112389
1995-05-04,0.2382826833905995
1995-06-04,0.23918337392000538
1995-07-04,0.23898322046902631
1995-10-04,0.23644794342329123
1995-11-04,0.23691496814224244
1995-12-04,0.23694832705073893
1995-01-05,0.23504686926643764
1995-02-05,0.23594755979584353
1995-03-05,0.23604763652133304
1995-04-05,0.23698168595923547
1995-05-05,0.23758214631217273
1995-09-05,0.2356473296193749
1995-10-05,0.2323781565867165
1995-11-05,0.23267838676318514
1995-12-05,0.23331220602461894
1995-01-06,0.23257831003769563
1995-02-06,0.23301197584815025
1995-05-06,0.23241151549521305
1995-06-06,0.2330453347566468
1995-07-06,0.2341795376455283
1995-08-06,0.23361243620108757
1995-09-06,0.2345131267304934
1995-12-06,0.2352470227174167
1995-03-07,0.23324548820762586
1995-04-07,0.23341228275010845
1995-05-07,0.23307869366514333
1995-06-07,0.23301197584815025
1995-07-07,0.23407946092003873
1995-10-07,0.23411281982853527
1995-11-07,0.23341228275010845
1995-12-07,0.23471328018147247
1995-01-08,0.23214464422724096
1995-02-08,0.23201120859325486
1995-03-08,0.23291189912266075
1995-04-08,0.23291189912266075
1995-07-08,0.23297861693965377
1995-08-08,0.23324548820762586
1995-09-08,0.23317877039063284
1995-10-08,0.2329452580311573
1995-11-08,0.23261166894619212
1995-01-09,0.23124395369783507
1995-04-09,0.23004303299196055
1995-05-09,0.22984287954098143
1995-06-09,0.23027654535143616
1995-07-09,0.23121059478933853
1995-08-09,0.23184441405077227
1995-11-09,0.2316442605997932
1995-12-09,0.2323114387697235
1995-02-10,0.23241151549521305
1995-03-10,0.23171097841678623
1995-04-10,0.23191113186776535
1995-05-10,0.23241151549521305
1995-06-10,0.232278079861227
1995-09-10,0.23324548820762586
1995-10-10,0.23364579510958405
1995-11-10,0.23324548820762586
1995-12-10,0.23321212929912938
1995-01-11,0.23154418387430364
1995-02-11,0.23161090169129672
1995-03-11,0.23194449077626184
1995-06-11,0.23171097841678623
1995-07-11,0.23344564165860499
1995-08-11,0.23344564165860499
1995-09-11,0.23357907729259103
1995-10-11,0.23651466124028425
1995-01-12,0.23437969109650736
1995-04-12,0.2341795376455283
1995-05-12,0.23461320345598297
1995-06-12,0.23584748307035397
1995-07-12,0.23544717616839583
1995-08-12,0.23611435433832612
1995-11-12,0.23664809687427035
1995-12-12,0.23611435433832612
1996-02-01,0.23634786669780167
1996-03-01,0.23918337392000538
1996-04-01,0.2397504753644461
1996-05-01,0.24085131934483106
1996-08-01,0.24131834406378228
1996-09-01,0.23995062881542523
1996-10-01,0.2435867498415452
1996-11-01,0.24291957167161493
1996-12-01,0.24331987857357312
1996-01-02,0.24965807118791078
1996-02-02,0.2532608333055343
1996-05-02,0.25346098675651335
1996-06-02,0.2517930413316877
1996-07-02,0.2530606798545552
1996-08-02,0.24885745738399445
1996-09-02,0.24892417520098747
1996-12-02,0.2465890516062315
1996-01-03,0.24248590586116026
1996-04-03,0.23938352737098445
1996-05-03,0.23931680955399143
1996-06-03,0.23931680955399143
1996-07-03,0.2395169630049705
1996-08-03,0.24145177969776832
1996-11-03,0.24075124261934155
1996-12-03,0.24108483170430667
1996-01-04,0.23971711645594962
1996-02-04,0.23981719318143918
1996-03-04,0.2400173466324182
1996-04-04,0.239416886279481
1996-09-04,0.2411181906128032
1996-10-04,0.23995062881542523
1996-11-04,0.23978383427294264
1996-12-04,0.24008406444941127
1996-01-05,0.23844947793308208
1996-02-05,0.2385161957500751
1996-03-05,0.23958368082196357
1996-07-05,0.23938352737098445
1996-08-05,0.24011742335790776
1996-09-05,0.23871634920105417
1996-10-05,0.23904993828601934
1996-03-06,0.2373819928611936
1996-04-06,0.23671481469126332
1996-05-06,0.23534709944290627
1996-06-06,0.23347900056710152
1996-07-06,0.2346465623644795
1996-10-06,0.2340127431030457
1996-11-06,0.233512359475598
1996-12-06,0.23344564165860499
1996-01-07,0.23127731260633155
1996-02-07,0.23154418387430364
1996-03-07,0.23154418387430364
1996-04-07,0.2309103646128699
1996-05-07,0.23124395369783507
1996-08-07,0.23151082496580716
1996-09-07,0.23217800313573744
1996-10-07,0.23224472095273047
1996-11-07,0.2320445675017514
1996-12-07,0.23264502785468866
1996-01-08,0.2344130500050039
1996-02-08,0.23447976782199692
1996-05-08,0.23674817359975986
1996-06-08,0.235914200887347
1996-07-08,0.23558061180238188
1996-08-08,0.2353137405344098
1996-09-08,0.2352470227174167
1996-12-08,0.2350135103579411
1996-02-09,0.23461320345598297
1996-03-09,0.2346465623644795
1996-04-09,0.23397938419454922
1996-05-09,0.2342462554625213
1996-06-09,0.23384594856056312
1996-09-09,0.23331220602461894
1996-10-09,0.2323114387697235
1996-11-09,0.23257831003769563
1996-12-09,0.2316442605997932
1996-01-10,0.22934249591353373
1996-02-10,0.23044333989391874
1996-03-10,0.22947593154751983
1996-04-10,0.23071021116189083
1996-07-10,0.2303099042599327
1996-08-10,0.2308102878873804
1996-09-10,0.2311438769723455
1996-10-10,0.2314107482403176
1996-11-10,0.23074357007038732
1996-01-11,0.22864195883510696
1996-04-11,0.22937585482203027
1996-05-11,0.22977616172398846
1996-06-11,0.22890883010307905
1996-07-11,0.22930913700503724
1996-08-11,0.22900890682856861
1996-11-11,0.2305767755279048
1996-12-11,0.23151082496580716
1996-02-12,0.22407178837108455
1996-03-12,0.2218367415018181
1996-04-12,0.22417186509657405
1996-05-12,0.2229042265737065
1996-06-12,0.22373819928611938
1996-09-12,0.2229042265737065
1996-10-12,0.2224038429462588
1996-11-12,0.2224038429462588
1996-12-12,0.22263735530573442
1997-02-01,0.22126964005737737
1997-03-01,0.21956833572405515
1997-06-01,0.21589885578943857
1997-07-01,0.21623244487440374
1997-08-01,0.21463121726657108
1997-09-01,0.21456449944957806
1997-10-01,0.21573206124695604
1997-03-02,0.20642492577642862
1997-04-02,0.207358975214331
1997-05-02,0.20582446542349137
1997-06-02,0.20542415852153323
1997-07-02,0.20338926510324584
1997-10-02,0.20382293091370052
1997-11-02,0.20315575274377023
1997-12-02,0.20202154985488874
1997-03-03,0.2183340561096841
1997-04-03,0.21649931614237583
1997-05-03,0.2132301431097175
1997-06-03,0.21229609367181512
1997-07-03,0.21042799479601032
1997-10-03,0.21039463588751378
1997-11-03,0.21152883877639528
1997-12-03,0.21116189078293357
1997-01-04,0.2102278413450312
1997-02-04,0.21092837842345802
1997-03-04,0.20939386863261839
1997-04-04,0.2084931781032125
1997-07-04,0.20956066317510091
1997-08-04,0.209627380992094
1997-09-04,0.2087600493711846
1997-10-04,0.20862661373719854
1997-11-04,0.20886012609667415
1997-01-05,0.20305567601828073
1997-02-05,0.20332254728625282
1997-06-05,0.20519064616205762
1997-07-05,0.20428995563265173
1997-08-05,0.20605797778296697
1997-09-05,0.20745905193982056
1997-12-05,0.20902692063915668
1997-02-06,0.20615805450845648
1997-03-06,0.20592454214898093
1997-04-06,0.2047236214431064
1997-05-06,0.20408980218167266
1997-06-06,0.20622477232544956
1997-09-06,0.20639156686793209
1997-10-06,0.20605797778296697
1997-11-06,0.2060913366914635
1997-12-06,0.20502385161957504
1997-01-07,0.19935283717516766
1997-02-07,0.19831871101177573
1997-03-07,0.19858558227974782
1997-04-07,0.19318143910331254
1997-07-07,0.18887813990726227
1997-08-07,0.19074623878306707
1997-09-07,0.18841111518831105
1997-10-07,0.19007906061313679
1997-11-07,0.18987890716215766
1997-01-08,0.19294792674383698
1997-04-08,0.19258097875037533
1997-05-08,0.19094639223404614
1997-06-08,0.18977883043666816
1997-07-08,0.1908796744170531
1997-08-08,0.19268105547586484
1997-11-08,0.19534976815558597
1997-12-08,0.19431564199219403
1997-01-09,0.19321479801180907
1997-02-09,0.1918137238549555
1997-03-09,0.19134669913600427
1997-04-09,0.19134669913600427
1997-05-09,0.19104646895953564
1997-08-09,0.19121326350201823
1997-09-09,0.19134669913600427
1997-10-09,0.19074623878306707
1997-11-09,0.1913133402275078
1997-12-09,0.19244754311638929
1997-01-10,0.20165460186142709
1997-02-10,0.19911932481569206
1997-03-10,0.1980184808353071
1997-06-10,0.19855222337125134
1997-07-10,0.19818527537778968
1997-08-10,0.19861894118824436
1997-09-10,0.19915268372418854
1997-10-10,0.1961503819595023
1997-03-11,0.1860759915935551
1997-04-11,0.18711011775694703
1997-05-11,0.18587583814257602
1997-06-11,0.1849084297961771
1997-07-11,0.18267338292691065
1997-10-11,0.1840410981752677
1997-11-11,0.18530873669813525
1997-12-11,0.182306434933449
1997-01-12,0.17309937618841115
1997-02-12,0.17359975981585885
1997-03-12,0.17219868565900526
1997-04-12,0.16976348533875973
1997-05-12,0.16846248790739565
1997-08-12,0.16852920572438873
1997-09-12,0.16569369850218502
1997-10-12,0.1677285919204724
1997-11-12,0.16672782466557695
1997-12-12,0.16552690395970243
1998-02-01,0.16886279480935384
1998-05-01,0.16646095339760486
1998-06-01,0.1653934683257164
1998-07-01,0.16459285452180006
1998-08-01,0.16462621343029654
1998-09-01,0.16265803782900223
1998-12-01,0.16279147346298828
1998-02-02,0.17786970010341263
1998-03-02,0.17576808886813228
1998-04-02,0.17563465323414618
1998-05-02,0.17586816559362178
1998-06-02,0.17626847249557998
1998-09-02,0.17726923975047543
1998-10-02,0.17653534376355207
1998-11-02,0.1758348066851253
1998-12-02,0.17650198485505558
1998-02-03,0.17576808886813228
1998-03-03,0.1748673983387264
1998-04-03,0.1747006037962438
1998-05-03,0.17266571037795647
1998-06-03,0.1734663241818728
1998-09-03,0.17276578710344603
1998-10-03,0.17313273509690763
1998-11-03,0.17293258164592856
1998-12-03,0.17276578710344603
1998-01-04,0.17753611101844752
1998-02-04,0.1770690862994963
1998-03-04,0.18087200186809888
1998-06-04,0.1839410214497782
1998-07-04,0.18300697201187577
1998-08-04,0.18274010074390368
1998-09-04,0.18197284584848383
1998-01-05,0.18147246222103613
1998-05-05,0.17940420989425226
1998-06-05,0.17753611101844752
1998-07-05,0.1756012943256497
1998-08-05,0.17713580411648933
1998-11-05,0.17613503686159387
1998-12-05,0.17643526703806256
1998-01-06,0.16936317843680154
1998-02-06,0.17116455949561332
1998-03-06,0.17179837875704707
1998-04-06,0.1720652500250192
1998-05-06,0.17066417586816562
1998-08-06,0.1713313540380959
1998-09-06,0.17526770524068458
1998-10-06,0.17219868565900526
1998-11-06,0.17039730460019353
1998-12-06,0.1689628715348434
1998-01-07,0.17473396270474034
1998-02-07,0.17289922273743208
1998-03-07,0.17326617073089373
1998-06-07,0.17236548020148784
1998-07-07,0.17269906928645296
1998-08-07,0.17153150748907497
1998-09-07,0.17139807185508893
1998-10-07,0.1705974580511726
1998-03-08,0.16762851519498284
1998-04-08,0.16759515628648636
1998-05-08,0.16879607699236082
1998-06-08,0.1687293591753678
1998-07-08,0.1673282850185142
1998-10-08,0.1672615672015212
1998-11-08,0.16672782466557695
1998-12-08,0.16689461920805954
1998-01-09,0.16285819127998136
1998-02-09,0.16362544617540115
1998-03-09,0.16295826800547086
1998-04-09,0.166861260299563
1998-07-09,0.16902958935183643
1998-08-09,0.1671281315675351
1998-09-09,0.16582713413617106
1998-10-09,0.17053074023417958
1998-11-09,0.17243219801848086
1998-01-10,0.17526770524068458
1998-02-10,0.17740267538446147
1998-05-10,0.17603496013610437
1998-06-10,0.17329952963939022
1998-07-10,0.17553457650865667
1998-08-10,0.17703572739099976
1998-09-10,0.17600160122760783
1998-12-10,0.17450045034526473
1998-02-11,0.1719985322080262
1998-03-11,0.16926310171131204
1998-04-11,0.16979684424725622
1998-05-11,0.1705974580511726
1998-06-11,0.17239883910998433
1998-09-11,0.1715648663975715
1998-10-11,0.17169830203155756
1998-11-11,0.17253227474397037
1998-12-11,0.17316609400540417
1998-01-12,0.17239883910998433
1998-02-12,0.17296594055442505
1998-03-12,0.17209860893351575
1998-04-12,0.17173166094005404
1998-07-12,0.17389998999232748
1998-08-12,0.17313273509690763
1998-09-12,0.17299929946292159
1998-10-12,0.172832504920439
1998-11-12,0.17073089368515865
1999-04-01,0.16829569336491312
1999-05-01,0.16829569336491312
1999-06-01,0.16862928244987824
1999-07-01,0.17016379224071787
1999-08-01,0.17079761150215167
1999-11-01,0.1709644060446342
1999-12-01,0.17006371551522836
1999-01-02,0.16812889882243054
1999-02-02,0.1692297428028155
1999-03-02,0.16809553991393406
1999-04-02,0.16836241118190615
1999-05-02,0.16979684424725622
1999-08-02,0.16942989625379462
1999-09-02,0.16819561663942356
1999-10-02,0.1689962304433399
1999-11-02,0.16839577009040269
1999-12-02,0.1696300497047737
1999-01-03,0.1679954631884445
1999-02-03,0.16902958935183643
1999-03-03,0.1674950795609968
1999-04-03,0.16866264135837478
1999-05-03,0.16879607699236082
1999-08-03,0.1698635620642493
1999-09-03,0.17216532675050872
1999-10-03,0.17139807185508893
1999-11-03,0.17286586382893554
1999-12-03,0.17186509657404014
1999-01-04,0.1638923174433733
1999-06-04,0.1625246021950162
1999-07-04,0.16362544617540115
1999-08-04,0.16419254761984192
1999-09-04,0.16392567635186978
1999-12-04,0.16566033959368853
1999-04-05,0.16706141375054212
1999-05-05,0.16752843846949328
1999-06-05,0.16882943590085736
1999-07-05,0.1651265970577443
1999-10-05,0.16219101311005107
1999-11-05,0.16315842145644993
1999-12-05,0.16189078293358244
1999-01-06,0.15475197651532846
1999-02-06,0.15495212996630753
1999-03-06,0.15335090235847487
1999-04-06,0.15371785035193652
1999-07-06,0.1539180038029156
1999-08-06,0.15174967475064222
1999-09-06,0.1510491376722154
1999-10-06,0.14924775661340367
1999-11-06,0.14998165260032692
1999-01-07,0.15191646929312475
1999-02-07,0.15225005837808991
1999-05-07,0.1513827267571805
1999-06-07,0.1485805784434734
1999-07-07,0.14824698935850822
1999-08-07,0.14831370717550124
1999-09-07,0.14838042499249426
1999-12-07,0.1475130933715849
1999-02-08,0.14707942756113024
1999-03-08,0.1475130933715849
1999-04-08,0.14741301664609535
1999-05-08,0.1475130933715849
1999-06-08,0.14734629882910233
1999-09-08,0.14784668245655003
1999-10-08,0.14784668245655003
1999-11-08,0.1486806551689629
1999-12-08,0.1503819595022851
1999-01-09,0.1466457617506755
1999-02-09,0.1463121726657104
1999-03-09,0.14644560829969644
1999-06-09,0.14657904393368248
1999-07-09,0.14724622210361277
1999-08-09,0.14761317009707442
1999-09-09,0.14811355372452212
1999-10-09,0.1475130933715849
1999-01-10,0.18187276912299433
1999-04-10,0.18537545451512827
1999-05-10,0.19388197618173936
1999-06-10,0.18904493444974485
1999-07-10,0.1925476198418788
1999-08-10,0.1923808252993962
1999-11-10,0.18871134536477968
1999-12-10,0.19037929078960536
1999-01-11,0.1710978416786203
1999-02-11,0.1706975347766621
1999-03-11,0.1708643293191447
1999-04-11,0.1705974580511726
1999-05-11,0.16999699769823534
1999-08-11,0.16902958935183643
1999-09-11,0.1706975347766621
1999-10-11,0.17403342562631352
1999-11-11,0.1742002201687961
1999-12-11,0.17103112386162728
1999-01-12,0.1696300497047737
1999-02-12,0.16752843846949328
1999-03-12,0.1653601094172199
1999-06-12,0.16092337458718353
1999-07-12,0.16302498582246389
1999-08-12,0.16415918871134538
1999-09-12,0.16285819127998136
1999-10-12,0.16395903526036626
2000-04-01,0.16452613670480704
2000-05-01,0.16382559962638021
2000-06-01,0.16312506254795345
2000-07-01,0.16492644360676523
2000-10-01,0.16459285452180006
2000-11-01,0.16502652033225473
2000-12-01,0.16502652033225473
2000-01-02,0.16552690395970243
2000-02-02,0.1672615672015212
2000-03-02,0.16689461920805954
2000-04-02,0.17263235146945993
2000-07-02,0.18534209560663178
2000-08-02,0.1743670147112787
2000-09-02,0.18260666510991763
2000-10-02,0.18287353637788972
2000-11-02,0.18454148180271546
2000-01-03,0.17213196784201223
2000-02-03,0.1701304333322214
2000-03-03,0.169196383894319
2000-06-03,0.16939653734529808
2000-07-03,0.17003035660673183
2000-08-03,0.17099776495313074
2000-09-03,0.17053074023417958
2000-10-03,0.170363945691697
2000-03-04,0.1618574240250859
2000-04-04,0.16142375821463123
2000-05-04,0.164392701070821
2000-06-04,0.16309170363945696
2000-07-04,0.16362544617540115
2000-10-04,0.16502652033225473
2000-11-04,0.16519331487473732
2000-12-04,0.16379224071788373
2000-02-05,0.16048970877672886
2000-03-05,0.16058978550221842
2000-04-05,0.16352536944991164
2000-05-05,0.16402575307735934
2000-08-05,0.162124295293058
2000-09-05,0.16105681022116958
2000-10-05,0.16192414184207898
2000-11-05,0.1613570403976382
2000-12-05,0.16129032258064518
2000-01-06,0.1585215331754345
2000-02-06,0.16459285452180006
2000-05-06,0.16569369850218502
2000-06-06,0.16912966607732594
2000-07-06,0.1662607999466258
2000-08-06,0.16736164392701075
2000-09-06,0.16646095339760486
2000-12-06,0.1665943890315909
2000-03-07,0.16862928244987824
2000-04-07,0.16786202755445845
2000-05-07,0.16809553991393406
2000-06-07,0.16679454248256997
2000-07-07,0.16542682723421293
2000-10-07,0.1662607999466258
2000-11-07,0.16542682723421293
2000-12-07,0.1634920105414151
2000-01-08,0.16192414184207898
2000-02-08,0.16192414184207898
2000-03-08,0.16052306768522534
2000-04-08,0.1594889415218334
2000-07-08,0.1589885578943857
2000-08-08,0.15892184007739268
2000-09-08,0.15818794409046938
2000-10-08,0.15832137972445542
2000-11-08,0.1586549688094206
2000-01-09,0.1615238349401208
2000-04-09,0.16129032258064518
2000-05-09,0.16018947860026023
2000-06-09,0.15962237715581945
2000-07-09,0.1586549688094206
2000-08-09,0.15868832771791708
2000-11-09,0.15855489208393103
2000-12-09,0.15995596624078462
2000-02-10,0.15892184007739268
2000-03-10,0.1582546619074624
2000-04-10,0.1577542782800147
2000-05-10,0.1571204590185809
2000-06-10,0.1568535877506088
2000-09-10,0.1568535877506088
2000-10-10,0.15718717683557398
2000-11-10,0.15868832771791708
2000-12-10,0.15952230043032994
2000-01-11,0.15385128598592257
2000-02-11,0.1534176201754679
2000-03-11,0.1532841845414818
2000-06-11,0.15398472161990862
2000-07-11,0.15385128598592257
2000-08-11,0.1529172365480202
2000-09-11,0.1532841845414818
2000-10-11,0.1534176201754679
2000-01-12,0.15631984521466458
2000-04-12,0.15732061246956003
2000-05-12,0.15738733028655305
2000-06-12,0.1579210728224973
2000-07-12,0.15945558261333692
2000-08-12,0.15882176335190312
2000-11-12,0.15732061246956003
2000-12-12,0.1573539713780565
2001-02-01,0.15758748373753212
2001-03-01,0.15495212996630753
2001-04-01,0.15491877105781104
2001-05-01,0.15511892450879006
2001-08-01,0.15571938486172737
2001-09-01,0.15485205324081797
2001-10-01,0.1543850285218668
2001-11-01,0.15295059545651668
2001-12-01,0.15265036528004805
2001-01-02,0.15528571905127264
2001-02-02,0.1546518997898389
2001-05-02,0.15381792707742603
2001-06-02,0.15198318711011777
2001-07-02,0.1522834172865864
2001-08-02,0.15214998165260035
2001-09-02,0.15011508823431297
2001-12-02,0.15091570203822935
2001-01-03,0.1544183874303633
2001-02-03,0.15225005837808991
2001-05-03,0.15184975147613172
2001-06-03,0.15141608566567705
2001-07-03,0.15061547186176066
2001-08-03,0.1526170063715515
2001-09-03,0.15672015211662277
2001-12-03,0.1585215331754345
2001-02-04,0.14747973446308837
2001-03-04,0.14824698935850822
2001-04-04,0.14981485805784434
2001-05-04,0.1489141675284385
2001-06-04,0.14938119224738972
2001-09-04,0.14951462788137576
2001-10-04,0.1479467591820396
2001-11-04,0.14864729626046636
2001-12-04,0.1496814224238583
2001-01-05,0.15285051873102712
2001-02-05,0.15281715982253063
2001-03-05,0.15445174633885977
2001-04-05,0.15458518197284588
2001-08-05,0.15365113253494345
2001-09-05,0.15541915468525874
2001-10-05,0.15581946158721688
2001-11-05,0.15621976848917507
2001-01-06,0.1537845681689295
2001-04-06,0.15451846415585285
2001-05-06,0.15398472161990862
2001-06-06,0.15385128598592257
2001-07-06,0.15425159288788076
2001-08-06,0.15485205324081797
2001-11-06,0.15585282049571342
2001-12-06,0.1567868699336158
2001-02-07,0.15575274377022386
2001-03-07,0.15585282049571342
2001-04-07,0.15525236014277616
2001-05-07,0.1543850285218668
2001-06-07,0.15358441471795048
2001-09-07,0.15425159288788076
2001-10-07,0.1551522834172866
2001-11-07,0.15521900123427962
2001-12-07,0.1543850285218668
2001-01-08,0.15508556560029357
2001-02-08,0.15485205324081797
2001-03-08,0.15541915468525874
2001-06-08,0.154985488874804
2001-07-08,0.1544851052473563
2001-08-08,0.15445174633885977
2001-09-08,0.1568535877506088
2001-10-08,0.16072322113620446
2001-03-09,0.15908863461987527
2001-04-09,0.15838809754144845
2001-05-09,0.15772091937151816
2001-06-09,0.15822130299896592
2001-07-09,0.15925542916235785
2001-10-09,0.15785435500550427
2001-11-09,0.16819561663942356
2001-12-09,0.16285819127998136
2001-01-10,0.1705974580511726
2001-02-10,0.17129799512959937
2001-03-10,0.1702638689662075
2001-04-10,0.17043066350869002
2001-05-10,0.17099776495313074
2001-08-10,0.17143143076358547
2001-09-10,0.1701971511492144
2001-10-10,0.16829569336491312
2001-11-10,0.16475964906428264
2001-12-10,0.1647262901557861
2001-01-11,0.16392567635186978
2001-02-11,0.16345865163291856
2001-05-11,0.1623578076525336
2001-06-11,0.16282483237148482
2001-07-11,0.1637255229008907
2001-08-11,0.1634920105414151
2001-09-11,0.1616239116656103
2001-12-11,0.16352536944991164
2001-03-12,0.16109016912966612
2001-04-12,0.1612569636721487
2001-05-12,0.16018947860026023
2001-06-12,0.1598892484237916
2001-07-12,0.15958901824732297
2001-10-12,0.15862160990092405
2001-11-12,0.15832137972445542
2001-12-12,0.15918871134536478
2002-02-01,0.16242452546952668
2002-03-01,0.1627247556459953
2002-04-01,0.1620242185675685
2002-07-01,0.16259132001200927
2002-08-01,0.16259132001200927
2002-09-01,0.16425926543683494
2002-10-01,0.16809553991393406
2002-11-01,0.16736164392701075
2002-01-02,0.1661273643126397
2002-04-02,0.16846248790739565
2002-05-02,0.17149814858057844
2002-06-02,0.17653534376355207
2002-07-02,0.17653534376355207
2002-08-02,0.17973779897921743
2002-11-02,0.17536778196617409
2002-12-02,0.17613503686159387
2002-01-03,0.1737999132668379
2002-04-03,0.17513426960669848
2002-05-03,0.17540114087467062
2002-06-03,0.1719985322080262
2002-07-03,0.1708643293191447
2002-08-03,0.1696300497047737
2002-11-03,0.17099776495313074
2002-12-03,0.17259899256096345
2002-02-04,0.17953764552823837
2002-03-04,0.17937085098575578
2002-04-04,0.17800313573739868
2002-05-04,0.17753611101844752
2002-08-04,0.1771691630249858
2002-09-04,0.17600160122760783
2002-10-04,0.17553457650865667
2002-11-04,0.17773626446942659
2002-12-04,0.17710244520799284
2002-01-05,0.18243987056743505
2002-02-05,0.18193948693998735
2002-03-05,0.18384094472428864
2002-07-05,0.18487507088768057
2002-08-05,0.18387430363278517
2002-09-05,0.18277345965240022
2002-10-05,0.18430796944323985
2002-05-06,0.1915468525869834
2002-06-06,0.19294792674383698
2002-07-06,0.19448243653467662
2002-10-06,0.1918804416719485
2002-11-06,0.18807752610334594
2002-12-06,0.19004570170464025
2002-01-07,0.1849417887046736
2002-02-07,0.18650965740400977
2002-03-07,0.18410781599226078
2002-04-07,0.1839410214497782
2002-05-07,0.1844080461687294
2002-08-07,0.1846749174367015
2002-09-07,0.1860759915935551
2002-10-07,0.18674316976348537
2002-11-07,0.18630950395303064
2002-12-07,0.18801080828635286
2002-01-08,0.17837008373086033
2002-02-08,0.18023818260666513
2002-05-08,0.1832071254628549
2002-06-08,0.18070520732561635
2002-07-08,0.18500850652166662
2002-08-08,0.18497514761317008
2002-09-08,0.1855088901491143
2002-12-08,0.18801080828635286
2002-02-09,0.18487507088768057
2002-03-09,0.18587583814257602
2002-04-09,0.18554224905761085
2002-05-09,0.18857790973079364
2002-06-09,0.18971211261967513
2002-09-09,0.1918804416719485
2002-10-09,0.18961203589418557
2002-11-09,0.18721019448243653
2002-12-09,0.189445241351703
2002-01-10,0.1913800580445008
2002-02-10,0.19168028822096944
2002-03-10,0.19161357040397642
2002-04-10,0.1904126496981019
2002-07-10,0.1913800580445008
2002-08-10,0.18954531807719255
2002-09-10,0.18977883043666816
2002-10-10,0.189511959168696
2002-11-10,0.18811088501184248
2002-01-11,0.19011241952163327
2002-04-11,0.18857790973079364
2002-05-11,0.18921172899222738
2002-06-11,0.18841111518831105
2002-07-11,0.18971211261967513
2002-08-11,0.19134669913600427
2002-11-11,0.190679520966074
2002-12-11,0.1913800580445008
2002-02-12,0.18784401374387033
2002-03-12,0.1900123427961437
2002-04-12,0.19161357040397642
2002-05-12,0.19184708276345197
2002-06-12,0.19404877072422194
2002-09-12,0.19361510491376727
2002-10-12,0.1922807485739067
2002-11-12,0.1930480034693265
2002-12-12,0.19448243653467662
2003-02-01,0.2060913366914635
2003-03-01,0.20655836141041467
2003-06-01,0.21139540314240923
2003-07-01,0.20956066317510091
2003-08-01,0.21006104680254867
2003-09-01,0.21182906895286385
2003-10-01,0.21222937585482204
2003-03-02,0.22323781565867168
2003-04-02,0.2279414217566802
2003-05-02,0.2316442605997932
2003-06-02,0.22744103812923244
2003-07-02,0.22573973379591022
2003-10-02,0.22390499382860196
2003-11-02,0.21956833572405515
2003-12-02,0.21443106381559196
2003-03-03,0.20722553958034495
2003-04-03,0.21249624712279414
2003-05-03,0.2128631951162558
2003-06-03,0.21336357874370354
2003-07-03,0.21072822497247895
2003-10-03,0.21319678420122096
2003-11-03,0.20936050972412185
2003-12-03,0.20762584648230314
2003-01-04,0.19978650298562234
2003-02-04,0.19641725322747444
2003-03-04,0.19268105547586484
2003-04-04,0.19274777329285792
2003-07-04,0.19014577843012975
2003-08-04,0.19248090202488577
2003-09-04,0.19111318677652872
2003-10-04,0.1932815158288021
2003-11-04,0.19341495146278814
2003-01-05,0.20435667344964475
2003-02-05,0.20388964873069354
2003-06-05,0.2054575174300297
2003-07-05,0.20479033926009943
2003-08-05,0.2078593588417787
2003-09-05,0.2088267671881776
2003-12-05,0.21096173733195456
2003-02-06,0.22006871935150285
2003-03-06,0.22023551389398544
2003-04-06,0.2197017713580412
2003-05-06,0.22140307569136342
2003-06-06,0.21890115755412487
2003-09-06,0.21873436301164229
2003-10-06,0.2130633485672349
2003-11-06,0.2130633485672349
2003-12-06,0.21172899222737435
2003-01-07,0.21036127697901724
2003-02-07,0.21122860859992665
2003-03-07,0.209827534443073
2003-04-07,0.2110951729659406
2003-07-07,0.2089935617306602
2003-08-07,0.20835974246922645
2003-09-07,0.20632484905093906
2003-10-07,0.20582446542349137
2003-11-07,0.20602461887447043
2003-01-08,0.21179571004436737
2003-04-08,0.20855989592020552
2003-05-08,0.20916035627314278
2003-06-08,0.21156219768489176
2003-07-08,0.21129532641691967
2003-08-08,0.2128631951162558
2003-11-08,0.21633252159989325
2003-12-08,0.21696634086132704
2003-01-09,0.22774126830570107
2003-02-09,0.22603996397237885
2003-03-09,0.2235714047436368
2003-04-09,0.22407178837108455
2003-05-09,0.22744103812923244
2003-08-09,0.2266737832338126
2003-09-09,0.23174433732528277
2003-10-09,0.23024318644293962
2003-11-09,0.2277746272141976
2003-12-09,0.22907562464556164
2003-01-10,0.23257831003769563
2003-02-10,0.23171097841678623
2003-03-10,0.23307869366514333
2003-06-10,0.2244387363645462
2003-07-10,0.22764119158021157
2003-08-10,0.2270740901357708
2003-09-10,0.22397171164559498
2003-10-10,0.22510591453447648
2003-03-11,0.23241151549521305
2003-04-11,0.22884211228608603
2003-05-11,0.22940921373052675
2003-06-11,0.2304099809854222
2003-07-11,0.22954264936451285
2003-10-11,0.23257831003769563
2003-11-11,0.23544717616839583
2003-12-11,0.23671481469126332
2003-01-12,0.2437535443840278
2003-02-12,0.2444874403709511
2003-03-12,0.24478767054741973
2003-04-12,0.24508790072388836
2003-05-12,0.24518797744937787
2003-08-12,0.24768989558661642
2003-09-12,0.2487573806585049
2003-10-12,0.25025853154084804
2003-11-12,0.24632218033825937
2003-12-12,0.24832371484805021
2004-02-01,0.253761216932982
2004-05-01,0.257330620142109
2004-06-01,0.25986589718784403
2004-07-01,0.2580978750375288
2004-08-01,0.2575974914100811
2004-09-01,0.25916536010941726
2004-12-01,0.2604329986322848
2004-02-02,0.24248590586116026
2004-03-02,0.24455415818794413
2004-04-02,0.24308636621409752
2004-05-02,0.24328651966507658
2004-06-02,0.24642225706374893
2004-09-02,0.24755645995263037
2004-10-02,0.24929112319444913
2004-11-02,0.24742302431864432
2004-12-02,0.2513260166127365
2004-01-03,0.2435867498415452
2004-02-03,0.24075124261934155
2004-03-03,0.23724855722720756
2004-04-03,0.238249324482103
2004-05-03,0.24308636621409752
2004-08-03,0.2434866731160557
2004-09-03,0.24458751709644067
2004-10-03,0.2437535443840278
2004-11-03,0.24255262367815328
2004-12-03,0.24225239350168465
2004-01-04,0.26176735497214537
2004-02-04,0.2562631350702205
2004-05-04,0.2553958034493112
2004-06-04,0.2559295459852554
2004-07-04,0.2562631350702205
2004-08-04,0.2565967241551857
2004-04-05,0.23774894085465526
2004-05-05,0.23861627247556466
2004-06-05,0.2352470227174167
2004-07-05,0.23077692897888386
2004-10-05,0.2269072955932882
2004-11-05,0.2270740901357708
2004-12-05,0.23171097841678623
2004-01-06,0.2417186509657404
2004-02-06,0.2401507822664043
2004-03-06,0.23714848050171805
2004-04-06,0.23578076525336095
2004-07-06,0.23931680955399143
2004-08-06,0.23848283684157862
2004-09-06,0.23481335690696203
2004-10-06,0.2335457183840945
2004-11-06,0.23347900056710152
2004-01-07,0.24011742335790776
2004-02-07,0.24208559895920212
2004-05-07,0.24241918804416723
2004-06-07,0.2399172699069287
2004-07-07,0.2433532374820696
2004-08-07,0.24715615305067223
2004-09-07,0.24792340794609202
2004-12-07,0.24782333122060252
2004-02-08,0.23791573539713784
2004-03-08,0.2375487874036762
2004-04-08,0.23791573539713784
2004-05-08,0.23748206958668316
2004-06-08,0.24291957167161493
2004-09-08,0.24291957167161493
2004-10-08,0.2432531607565801
2004-11-08,0.239483604096474
2004-12-08,0.23968375754745308
2004-01-09,0.24869066284151187
2004-02-09,0.24765653667811993
2004-03-09,0.24435400473696506
2004-06-09,0.2446542349134337
2004-07-09,0.24231911131867773
2004-08-09,0.2411181906128032
2004-09-09,0.24271941822063586
2004-10-09,0.2444874403709511
2004-01-10,0.2556626747172833
2004-04-10,0.25195983587417026
2004-05-10,0.25386129365847154
2004-06-10,0.2558961870767589
2004-07-10,0.2556626747172833
2004-08-10,0.2580978750375288
2004-11-10,0.2580645161290323
2004-12-10,0.25339426893952033
2004-01-11,0.26283484004403385
2004-02-11,0.259732461553858
2004-03-11,0.2592654368349068
2004-04-11,0.26393568402441875
2004-05-11,0.2642692731093839
2004-08-11,0.2648697334623211
2004-09-11,0.26603729525969916
2004-10-11,0.2658705007172166
2004-11-11,0.2661373719851887
2004-12-11,0.2676385228675318
2004-01-12,0.2788471161223605
2004-02-12,0.2797478066517664
2004-03-12,0.27604496780865334
2004-06-12,0.27898055175634656
2004-07-12,0.27814657904393375
2004-08-12,0.26820562431197253
2004-09-12,0.26833905994595864
2004-10-12,0.26627080761917477
2005-04-01,0.2621009440571105
2005-05-01,0.2609333822597325
2005-06-01,0.25983253827934755
2005-07-01,0.2583981052139974
2005-10-01,0.2569303132401508
2005-11-01,0.2578310037695567
2005-12-01,0.2613336891616907
2005-01-02,0.25753077359308807
2005-02-02,0.2579977983120393
2005-03-02,0.25459518964539485
2005-04-02,0.25419488274343666
2005-07-02,0.25319411548854126
2005-08-02,0.25099242752777134
2005-09-02,0.25102578643626783
2005-10-02,0.25392801147546457
2005-11-02,0.256163058344731
2005-01-03,0.26590385962571306
2005-02-03,0.2647696567368316
2005-03-03,0.2637355305734397
2005-04-03,0.26590385962571306
2005-07-03,0.2656036294492445
2005-08-03,0.26843913667144814
2005-09-03,0.2699402875537913
2005-10-03,0.27087433699169366
2005-11-03,0.27274243586749847
2005-01-04,0.2617006371551523
2005-04-04,0.2595323081028789
2005-05-04,0.25999933282183013
2005-06-04,0.2607665877172499
2005-07-04,0.26226773859959307
2005-08-04,0.26039963972378827
2005-11-04,0.26293491676952335
2005-12-04,0.26180071388064186
2005-03-05,0.26220102078260005
2005-04-05,0.2628014811355373
2005-05-05,0.26303499349501286
2005-06-05,0.26036628081529173
2005-09-05,0.2605997931747674
2005-10-05,0.2618674316976349
2005-11-05,0.2610001000767255
2005-12-05,0.2597658204623545
2005-01-06,0.25382793474997506
2005-02-06,0.2571971845081229
2005-03-06,0.2592987957434033
2005-06-06,0.260833305534243
2005-07-06,0.25966574373686496
2005-08-06,0.2599659739133336
2005-09-06,0.25859825866497654
2005-10-06,0.258631617573473
2005-01-07,0.2653367581812724
2005-04-07,0.2618674316976349
2005-05-07,0.25943223137738936
2005-06-07,0.2592654368349068
2005-07-07,0.26039963972378827
2005-08-07,0.25986589718784403
2005-11-07,0.259732461553858
2005-12-07,0.2611001768022151
2005-01-08,0.2647029389198386
2005-02-08,0.2642692731093839
2005-03-08,0.26667111452113296
2005-04-08,0.26933982720085403
2005-05-08,0.2691063148413784
2005-08-08,0.2677385995930214
2005-09-08,0.26580378290022355
2005-10-08,0.267972111952497
2005-11-08,0.27077426026620416
2005-12-08,0.27511091837075097
2005-01-09,0.2700070053707843
2005-02-09,0.27267571805050544
2005-05-09,0.27431030456683464
2005-06-09,0.2730426660439671
2005-07-09,0.27364312639690436
2005-08-09,0.2759782499916603
2005-09-09,0.27577809654068125
2005-12-09,0.2758448143576743
2005-03-10,0.2876872268739368
2005-04-10,0.2885879174033426
2005-05-10,0.285952563632118
2005-06-10,0.29149014244253935
2005-07-10,0.29209060279547655
2005-10-10,0.2924241918804417
2005-11-10,0.29395870167128135
2005-12-10,0.29369183040330926
2005-01-11,0.2832838509523969
2005-02-11,0.28415118257330624
2005-03-11,0.28485171965173306
2005-04-11,0.28395102912232717
2005-07-11,0.28128231644260604
2005-08-11,0.2846849251092505
2005-09-11,0.2853187443706843
2005-10-11,0.288287687226874
2005-11-11,0.2881208926843914
2005-01-12,0.31013777229209066
2005-02-12,0.3119725122593989
2005-05-12,0.3140741234946793
2005-06-12,0.3131400740567769
2005-07-12,0.3205791106514995
2005-08-12,0.32077926410247865
2005-09-12,0.32731761016779537
2005-12-12,0.3346565700370284
2006-03-01,0.3303199119324816
2006-04-01,0.3299863228475165
2006-05-01,0.32681722654034767
2006-06-01,0.3338225973246156
2006-09-01,0.33799246088667984
2006-10-01,0.3393268172265404
2006-11-01,0.33992727757947766
2006-12-01,0.3386596390566101
2006-01-02,0.3558394769323148
2006-02-02,0.35844147179504293
2006-03-02,0.3563398605597625
2006-06-02,0.3568402441872103
2006-07-02,0.3494679254094807
2006-08-02,0.3428295026186744
2006-09-02,0.35050205157287256
2006-10-02,0.3483337225205992
2006-01-03,0.3531707642525937
2006-02-03,0.3528371751676286
2006-03-03,0.35367114788004145
2006-06-03,0.353837942422524
2006-07-03,0.34566500984087806
2006-08-03,0.34016078993895327
2006-09-03,0.3437301931480803
2006-10-03,0.333655802782133
2006-03-04,0.36834906761850755
2006-04-04,0.36901624578843784
2006-05-04,0.36801547853354244
2006-06-04,0.37201854755312413
2006-07-04,0.37018380758581587
2006-10-04,0.37518764386029296
2006-11-04,0.3755212329452581
2006-12-04,0.37518764386029296
2006-02-05,0.4177202521933483
2006-03-05,0.4261266971344698
2006-04-05,0.4260599793174768
2006-05-05,0.42906228108216304
2006-08-05,0.42739433565733737
2006-09-05,0.43790239183373925
2006-10-05,0.4436734830036362
2006-11-05,0.45408146245454856
2006-12-05,0.4604196550688862
2006-01-06,0.39370183807585823
2006-02-06,0.39853887980785274
2006-05-06,0.4049104313306869
2006-06-06,0.3950361944157188
2006-07-06,0.3888647963438637
2006-08-06,0.3863628782066251
2006-09-06,0.3876972345464857
2006-12-06,0.3831604229909598
2006-03-07,0.3923341228275012
2006-04-07,0.3917003035660674
2006-05-07,0.39236748173599767
2006-06-07,0.3943690162457885
2006-07-07,0.39803849618040504
2006-10-07,0.3943690162457885
2006-11-07,0.39753811255295735
2006-12-07,0.41038129232411524
2006-01-08,0.40187477065750415
2006-02-08,0.4133168762718084
2006-03-08,0.40664509457250564
2006-04-08,0.41188244320645834
2006-07-08,0.41021449778163266
2006-08-08,0.4077125796443941
2006-09-08,0.40971411415418496
2006-10-08,0.40687860693198125
2006-11-08,0.40671181238949866
2006-01-09,0.3910664843046336
2006-04-09,0.3948693998732362
2006-05-09,0.40220835974246927
2006-06-09,0.4006404910431331
2006-07-09,0.3913667144811022
2006-08-09,0.383694165526904
2006-11-09,0.36901624578843784
2006-12-09,0.37081762684724967
2006-02-10,0.3774226907295594
2006-03-10,0.3651799713113387
2006-04-10,0.35940888014144184
2006-05-10,0.3592087266904627
2006-06-10,0.35083564065783773
2006-09-10,0.3605097241218268
2006-10-10,0.3579410881675952
2006-11-10,0.35974246922640696
2006-12-10,0.35900857323948365
2006-01-11,0.3864295960236182
2006-02-11,0.3908663308536545
2006-03-11,0.3922006871935151
2006-06-11,0.39443573406278154
2006-07-11,0.39420222170330593
2006-08-11,0.39250091736998377
2006-09-11,0.39386863261834076
2006-10-11,0.3965707042065584
2006-01-12,0.4095473196117024
2006-04-12,0.4077125796443941
2006-05-12,0.40764586182740103
2006-06-12,0.4010407979450913
2006-07-12,0.3955365780431665
2006-08-12,0.40197484738299366
2006-11-12,0.3948693998732362
2006-12-12,0.3957033725856491
2007-02-01,0.40354271608232983
2007-03-01,0.4054441738666312
2007-04-01,0.3961703973046003
2007-05-01,0.3833605764419389
2007-08-01,0.3833605764419389
2007-09-01,0.3834272942589319
2007-10-01,0.3826266804550156
2007-11-01,0.38502852186676456
2007-12-01,0.39019915268372424
2007-01-02,0.4171865096574041
2007-02-02,0.40751242619341504
2007-05-02,0.40998098542215705
2007-06-02,0.4125496213763886
2007-07-02,0.4128832104613538
2007-08-02,0.4143843613436969
2007-09-02,0.42005537578810426
2007-12-02,0.42008873469660074
2007-01-03,0.42399172699069293
2007-02-03,0.41164893084698273
2007-05-03,0.401541181572539
2007-06-03,0.40621142876205096
2007-07-03,0.4079794509123662
2007-08-03,0.4132167995463189
2007-09-03,0.41188244320645834
2007-12-03,0.4088801414417721
2007-02-04,0.41588551222604003
2007-03-04,0.41988858124562173
2007-04-04,0.42522600660506393
2007-05-04,0.4260599793174768
2007-10-04,0.42866197418020485
2007-11-04,0.42919571671614914
2007-12-04,0.42856189745471535
2007-01-05,0.4261266971344698
2007-02-05,0.42339126663775567
2007-03-05,0.426527004036428
2007-04-05,0.43626780531741005
2007-08-05,0.4332321446442273
2007-09-05,0.43239817193181446
2007-10-05,0.4260599793174768
2007-11-05,0.42305767755279056
2007-01-06,0.4213897321279648
2007-04-06,0.42445875170964414
2007-05-06,0.42472562297761624
2007-06-06,0.42352470227174177
2007-07-06,0.42289088301030797
2007-08-06,0.4138839777162492
2007-11-06,0.41058144577509426
2007-12-06,0.4085465523568069
2007-02-07,0.41355038863128407
2007-03-07,0.4132167995463189
2007-04-07,0.4131500817293259
2007-05-07,0.41104847049404547
2007-06-07,0.4095473196117024
2007-09-07,0.4178870467358309
2007-10-07,0.4181872769122995
2007-11-07,0.41905460853320886
2007-12-07,0.4218901157554125
2007-01-08,0.4208893485005171
2007-02-08,0.4212229375854823
2007-03-08,0.42405844480768595
2007-06-08,0.42472562297761624
2007-07-08,0.4223904993828603
2007-08-08,0.42739433565733737
2007-09-08,0.41878773726523677
2007-10-08,0.4227240884678254
2007-03-09,0.42505921206258135
2007-04-09,0.42956266470961074
2007-05-09,0.4305634319645062
2007-06-09,0.4358341395069554
2007-07-09,0.4444073789905595
2007-10-09,0.4460753244153852
2007-11-09,0.44650899022583984
2007-12-09,0.4477432698402109
2007-01-10,0.47209527304266613
2007-02-10,0.4644227240884679
2007-03-10,0.4639223404610202
2007-04-10,0.4607532441538513
2007-05-10,0.46842579310804955
2007-08-10,0.46625746405577617
2007-09-10,0.4677586149381193
2007-10-10,0.47126130033025326
2007-11-10,0.47643193114721294
2007-12-10,0.4767655202321781
2007-01-11,0.5039530306568369
2007-02-11,0.5081228942189012
2007-05-11,0.5136271141208261
2007-06-11,0.5254695266370885
2007-07-11,0.5334756646762518
2007-08-11,0.5378790405977917
2007-09-11,0.5314741301664611
2007-12-11,0.5127931414084131
2007-03-12,0.49994996163725525
2007-04-12,0.5087900723888316
2007-05-12,0.5057877706241453
2007-06-12,0.5114587850685526
2007-07-12,0.5054541815391801
2007-10-12,0.5167962104279948
2007-11-12,0.5162958268005472
2007-12-12,0.5197985121926811
2008-02-01,0.5416485972578978
2008-03-01,0.5497214531140542
2008-04-01,0.5471528171598226
2008-07-01,0.5499883243820263
2008-08-01,0.5594956133035328
2008-09-01,0.5618307368982888
2008-10-01,0.5666677786302833
2008-11-01,0.5711712312773127
2008-01-02,0.5870167128131568
2008-04-02,0.5730059712446209
2008-05-02,0.5688361076825567
2008-06-02,0.579177369316476
2008-07-02,0.5770090402642026
2008-08-02,0.5880174800680522
2008-11-02,0.5891850418654302
2008-12-02,0.5885178636955
2008-03-03,0.636221102845515
2008-04-03,0.6337191847082765
2008-05-03,0.6268806084664911
2008-06-03,0.6282149648063516
2008-07-03,0.6255462521266305
2008-10-03,0.6233779230743571
2008-11-03,0.6238783067018048
2008-12-03,0.6275477866364213
2008-01-04,0.5690029022250392
2008-02-04,0.5705040531073824
2008-03-04,0.5748407112119293
2008-04-04,0.5808453147413017
2008-07-04,0.5948560563098376
2008-08-04,0.5871835073556394
2008-09-04,0.5885178636955
2008-10-04,0.595856823564733
2008-11-04,0.5956900290222504
2008-01-05,0.5458184608199621
2008-02-05,0.5461520499049272
2008-06-05,0.5638322714080796
2008-07-05,0.5559929279113989
2008-08-05,0.5618307368982888
2008-09-05,0.5611635587283584
2008-12-05,0.5661673950028356
2008-02-06,0.5693364913100044
2008-03-06,0.5633318877806319
2008-04-06,0.5661673950028356
2008-05-06,0.5629982986956668
2008-06-06,0.5708376421923476
2008-09-06,0.5746739166694467
2008-10-06,0.562497915068219
2008-11-06,0.561330353270841
2008-12-06,0.5519898588918172
2008-01-07,0.6021950161790707
2008-02-07,0.6006938652967275
2008-03-07,0.5998598925843147
2008-04-07,0.5980251526170065
2008-07-07,0.5883510691530174
2008-08-07,0.5911865763752211
2008-09-07,0.5953564399372854
2008-10-07,0.6035293725189312
2008-11-07,0.6190412649698103
2008-01-08,0.5855155619308137
2008-04-08,0.5810121092837843
2008-05-08,0.5651666277479401
2008-06-08,0.5634986823231145
2008-07-08,0.5581612569636722
2008-08-08,0.5454848717349969
2008-11-08,0.5454848717349969
2008-12-08,0.5223004303299197
2008-01-09,0.525302732094606
2008-02-09,0.5094572505587618
2008-03-09,0.5127931414084131
2008-04-09,0.5142942922907563
2008-05-09,0.5161290322580646
2008-08-09,0.5157954431730994
2008-09-09,0.4982820162124296
2008-10-09,0.49427894719284793
2008-11-09,0.47092771124528815
2008-12-09,0.47726590385962575
2008-01-10,0.5638322714080796
2008-02-10,0.5451512826500318
2008-03-10,0.5291390065717051
2008-06-10,0.5608299696433934
2008-07-10,0.5616639423558062
2008-08-10,0.5795109584014412
2008-09-10,0.5661673950028356
2008-10-10,0.5775094238916504
2008-03-11,0.46342195683357246
2008-04-11,0.47126130033025326
2008-05-11,0.4796010274543817
2008-06-11,0.48010141108182947
2008-07-11,0.46725823131067157
2008-10-11,0.47910064382693407
2008-11-11,0.46625746405577617
2008-12-11,0.46025286052640363
2008-01-12,0.4957800980751911
2008-02-12,0.49711445441505164
2008-03-12,0.48794075457851027
2008-04-12,0.4926110017680222
2008-05-12,0.47643193114721294
2008-08-12,0.4886079327484405
2008-09-12,0.48894152183340567
2008-10-12,0.5119591686960003
2008-11-12,0.5289722120292225
2008-12-12,0.5281382393168096
2009-02-01,0.560162791473463
2009-05-01,0.5461520499049272
2009-06-01,0.5426493645127932
2009-07-01,0.5428161590552758
2009-08-01,0.5476532007872703
2009-09-01,0.541982186342863
2009-12-01,0.5284718284017748
2009-02-02,0.5893518364079128
2009-03-02,0.5801781365713715
2009-04-02,0.5805117256563366
2009-05-02,0.5905193982052908
2009-06-02,0.5858491510157788
2009-09-02,0.5738399439570339
2009-10-02,0.5836808219635055
2009-11-02,0.6025286052640358
2009-12-02,0.6060312906561698
2009-02-03,0.6020282216365881
2009-03-03,0.5863495346432266
2009-04-03,0.5828468492510925
2009-05-03,0.5858491510157788
2009-06-03,0.6011942489241753
2009-09-03,0.5930213163425293
2009-10-03,0.5781766020615806
2009-11-03,0.57684224572172
2009-12-03,0.5940220835974248
2009-01-04,0.5935216999699771
2009-02-04,0.5756746839243421
2009-03-04,0.5805117256563366
2009-06-04,0.5573272842512593
2009-07-04,0.5636654768655971
2009-08-04,0.5638322714080796
2009-09-04,0.5641658604930447
2009-01-05,0.5668345731727659
2009-05-05,0.583847616505988
2009-06-05,0.583847616505988
2009-07-05,0.5853487673883311
2009-08-05,0.5818460819961971
2009-11-05,0.5858491510157788
2009-12-05,0.5885178636955
2009-01-06,0.6317176501984856
2009-02-06,0.6305500884011076
2009-03-06,0.6283817593488342
2009-04-06,0.6243786903292525
2009-05-06,0.6185408813423625
2009-08-06,0.606364879741135
2009-09-06,0.6145378123227809
2009-10-06,0.6130366614404378
2009-11-06,0.6088667978783735
2009-12-06,0.6020282216365881
2009-01-07,0.6026953998065184
2009-02-07,0.5968575908196284
2009-03-07,0.5988591253294193
2009-06-07,0.5935216999699771
2009-07-07,0.5931881108850119
2009-08-07,0.5891850418654302
2009-09-07,0.585015178303366
2009-10-07,0.5858491510157788
2009-03-08,0.6170397304600195
2009-04-08,0.6175401140874671
2009-05-08,0.6175401140874671
2009-06-08,0.6198752376822231
2009-07-08,0.6145378123227809
2009-10-08,0.6071988524535478
2009-11-08,0.6056977015712047
2009-12-08,0.6087000033358909
2009-01-09,0.6138706341528506
2009-02-09,0.6203756213096708
2009-03-09,0.6325516229108984
2009-04-09,0.6365546919304801
2009-07-09,0.6392234046102012
2009-08-09,0.6443940354271609
2009-09-09,0.6435600627147481
2009-10-09,0.6377222537278581
2009-11-09,0.649397871701638
2009-01-10,0.647062748106882
2009-02-10,0.6462287753944692
2009-05-10,0.6475631317343298
2009-06-10,0.6697468058845115
2009-07-10,0.6707475731394069
2009-08-10,0.6739166694465758
2009-09-10,0.6782533275511227
2009-12-10,0.6830903692831172
2009-02-11,0.6852586983353905
2009-03-11,0.6845915201654603
2009-04-11,0.7039396870934383
2009-05-11,0.7032725089235081
2009-06-11,0.7084431397404678
2009-09-11,0.7151149214397706
2009-10-11,0.7116122360476366
2009-11-11,0.7207859358841779
2009-12-11,0.7204523467992128
2009-01-12,0.7723254495112921
2009-02-12,0.7856690129098977
2009-03-12,0.7831670947726591
2009-04-12,0.770824298628949
2009-07-12,0.7389665410147781
2009-08-12,0.7418020482369818
2009-09-12,0.7379657737598827
2009-10-12,0.7296260466357541
2009-11-12,0.726623744871068
2010-04-01,0.7249557994462422
2010-05-01,0.7261233612436202
2010-06-01,0.7306268138906497
2010-07-01,0.7307936084331321
2010-08-01,0.7284584848383762
2010-11-01,0.745971911799046
2010-12-01,0.744804350001668
2010-01-02,0.7016045634986824
2010-02-02,0.7179504286619742
2010-03-02,0.7207859358841779
2010-04-02,0.699436234446409
2010-05-02,0.6825899856556694
2010-08-02,0.6865930546752511
2010-09-02,0.6914300964072456
2010-10-02,0.6902625346098676
2010-11-02,0.6947659872568971
2010-12-02,0.6986022617339962
2010-01-03,0.7199519631717651
2010-02-03,0.7282916902958936
2010-03-03,0.7349634719951964
2010-04-03,0.7336291156553358
2010-05-03,0.733962704740301
2010-08-03,0.7277913066684459
2010-09-03,0.7211195249691431
2010-10-03,0.7242886212763119
2010-11-03,0.7132801814724623
2010-12-03,0.7147813323548055
2010-01-04,0.7262901557861028
2010-06-04,0.7324615538579579
2010-07-04,0.7386329519298129
2010-08-04,0.7426360209493946
2010-09-04,0.7456383227140809
2010-12-04,0.7498081862761451
2010-04-05,0.767321613236815
2010-05-05,0.7539780498382094
2010-06-05,0.7674884077792976
2010-07-05,0.7788304366681124
2010-10-05,0.7749941621910132
2010-11-05,0.7923407946092005
2010-12-05,0.8023484671581547
2010-01-06,0.7958434800013344
2010-02-06,0.7873369583347234
2010-03-06,0.7873369583347234
2010-04-06,0.7796644093805252
2010-07-06,0.7873369583347234
2010-08-06,0.8080194816025621
2010-09-06,0.7996797544784335
2010-10-06,0.7890049037595491
2010-11-06,0.7906728491843747
2010-01-07,0.8000133435633987
2010-02-07,0.7783300530406646
2010-05-07,0.7826667111452115
2010-06-07,0.7739933949361177
2010-07-07,0.7728258331387398
2010-08-07,0.7729926276812223
2010-09-07,0.7831670947726591
2010-12-07,0.7809987657203857
2010-02-08,0.769656736831571
2010-03-08,0.7689895586616406
2010-04-08,0.776995696700804
2010-05-08,0.7723254495112921
2010-06-08,0.7824999166027289
2010-09-08,0.77933082029556
2010-10-08,0.7723254495112921
2010-11-08,0.7809987657203857
2010-12-08,0.7860026019948628
2010-01-09,0.8083530706875273
2010-02-09,0.8096874270273877
2010-03-09,0.8043500016679456
2010-06-09,0.8100210161123529
2010-07-09,0.8151916469293126
2010-08-09,0.8140240851319346
2010-09-09,0.8140240851319346
2010-10-09,0.8083530706875273
2010-01-10,0.8548887480401642
2010-04-10,0.8530540080728559
2010-05-10,0.8643960369616708
2010-06-10,0.8750708876805552
2010-07-10,0.8740701204256598
2010-08-10,0.8717349968309038
2010-11-10,0.8784067785302067
2010-12-10,0.8764052440204158
2010-01-11,0.8804083130399974
2010-02-11,0.8780731894452415
2010-03-11,0.874403709510625
2010-04-11,0.8980885345431499
2010-05-11,0.907762618007139
2010-08-11,0.9030923708176269
2010-09-11,0.924775661340361
2010-10-11,0.9044267271574875
2010-11-11,0.9097641525169298
2010-12-11,0.9030923708176269
2010-01-12,0.9010908363078362
2010-02-12,0.9034259599025921
2010-03-12,0.9131000433665811
2010-06-12,0.9209393868632619
2010-07-12,0.9241084831704308
2010-08-12,0.9010908363078362
2010-09-12,0.9049271107849353
2010-10-12,0.8942522600660507
2011-04-01,0.9030923708176269
2011-05-01,0.8894152183340562
2011-06-01,0.8897488074190214
2011-07-01,0.8887480401641259
2011-10-01,0.8895820128765388
2011-11-01,0.8934182873536379
2011-12-01,0.8965873836608067
2011-01-02,0.865063215131601
2011-02-02,0.8687326950662175
2011-03-02,0.862728091536845
2011-04-02,0.8807419021249626
2011-07-02,0.8757380658504855
2011-08-02,0.8864129165693699
2011-09-02,0.8874136838242654
2011-10-02,0.8795743403275846
2011-11-02,0.8867465056543351
2011-01-03,0.9246088667978785
2011-02-03,0.9344497448043502
2011-03-03,0.9251092504253262
2011-04-03,0.9287787303599427
2011-07-03,0.9357841011442107
2011-08-03,0.928278346732495
2011-09-03,0.9314474430396639
2011-10-03,0.9196050305234014
2011-11-03,0.9184374687260234
2011-01-04,0.9227741268305703
2011-04-04,0.9344497448043502
2011-05-04,0.9331153884644896
2011-06-04,0.9517963772225374
2011-07-04,0.9504620208826768
2011-08-04,0.9571338025819797
2011-11-04,0.9561330353270843
2011-12-04,0.9444574173533044
2011-05-05,0.9848216966340864
2011-06-05,0.9684758314707944
2011-09-05,0.9788170931047138
2011-10-05,0.986489642058912
2011-11-05,0.9828201621242953
2011-12-05,0.9704773659805852
2011-01-06,1.0000000000000002
2011-10-06,0.9969976982353139
2011-01-07,0.9661407078760385
2011-04-07,0.9741468459152017
2011-05-07,0.984154518464156
2011-06-07,0.9956633418954532
2011-07-07,0.9958301364379358
2013-01-05,0.9472929245755081
2013-02-05,0.9569670080394971
2013-03-05,0.9569670080394971
2013-07-05,0.9402875537912401
2013-08-05,0.9561330353270843
2013-09-05,0.9544650899022585
2013-10-05,0.9284451412749776
2013-03-06,0.9124328651966509
2013-04-06,0.91043133068686
2013-05-06,0.9134336324515463
2013-06-06,0.9107649197718252
2013-07-06,0.9014244253928013
2013-10-06,0.899589685425493
2013-11-06,0.8935850818961205
2013-12-06,0.8992560963405278
2013-01-07,0.8058511525502886
2013-02-07,0.8123561397071088
2013-03-07,0.8106881942822832
2013-04-07,0.8118557560796612
2013-05-07,0.7858358074523802
2013-08-07,0.8008473162758115
2013-09-07,0.8143576742168998
2013-10-07,0.8146912633018649
2013-11-07,0.834039430229843
2013-12-07,0.830536744837709
2013-01-08,0.8540547753277514
2013-02-08,0.8502185008506523
2013-05-08,0.847216199085966
2013-06-08,0.8310371284651568
2013-07-08,0.8323714848050173
2013-08-08,0.8428795409814192
2013-09-08,0.8500517063081697
2013-12-08,0.8714014077459387
2013-02-09,0.9055942889548655
2013-03-09,0.91043133068686
2013-04-09,0.9040931380725223
2013-05-09,0.900757247222871
2013-06-09,0.9020916035627315
2013-09-09,0.9040931380725223
2013-10-09,0.882910231177236
2013-11-09,0.8865797111118525
2013-12-09,0.862728091536845
2013-01-10,0.8378757047069421
2013-02-10,0.8482169663408614
2013-03-10,0.8547219534976817
2013-04-10,0.8505520899356174
2013-07-10,0.8597257897721587
2013-08-10,0.8637288587917404
2013-09-10,0.8467158154585183
2013-10-10,0.8430463355239017
2013-11-10,0.8210294559162026
2013-01-11,0.8485505554258266
2013-04-11,0.857724255262368
2013-05-11,0.8488841445107917
2013-06-11,0.8567234880074726
2013-07-11,0.8488841445107917
2013-08-11,0.8343730193148081
2013-11-11,0.8323714848050173
2013-12-11,0.8315375120926044
2013-02-12,0.7970110417987124
2013-03-12,0.7888381092170665
2013-04-12,0.7956766854588518
2013-05-12,0.7923407946092005
2013-06-12,0.7993461653934685
2013-09-12,0.8020148780731896
2013-10-12,0.8215298395436502
2013-11-12,0.8178603596090337
2013-12-12,0.7941755345765088
2014-02-01,0.7940087400340262
2014-03-01,0.8003469326483639
2014-06-01,0.8081862761450447
2014-07-01,0.7956766854588518
2014-08-01,0.7913400273543051
2014-09-01,0.7946759182039564
2014-10-01,0.8068519198051841
2014-03-02,0.8186943323214465
2014-04-02,0.8108549888247658
2014-05-02,0.8136904960469694
2014-06-02,0.81502485238683
2014-07-02,0.8168595923541383
2014-10-02,0.8287020048704008
2014-11-02,0.8320378957200522
2014-12-02,0.8370417319945292
2014-03-03,0.8770724221903461
2014-04-03,0.8672315441838744
2014-05-03,0.8687326950662175
2014-06-03,0.8742369149681424
2014-07-03,0.8675651332688396
2014-10-03,0.8734029422557295
2014-11-03,0.8749040931380726
2014-12-03,0.8880808619941957
2014-01-04,0.8332054575174301
2014-02-04,0.838709677419355
2014-03-04,0.8333722520599127
2014-04-04,0.8422123628114889
2014-07-04,0.8433799246088669
2014-08-04,0.8503852953931349
2014-09-04,0.8452146645761752
2014-10-04,0.857724255262368
2014-11-04,0.8560563098375422
2014-01-05,0.8297027721252962
2014-02-05,0.8315375120926044
2014-06-05,0.8482169663408614
2014-07-05,0.8413783900990761
2014-08-05,0.8353737865697035
2014-09-05,0.8382092937919072
2014-12-05,0.8432131300663843
2014-02-06,0.8088534543149749
2014-03-06,0.8058511525502886
2014-04-06,0.8075190979751143
2014-05-06,0.8123561397071088
2014-06-06,0.8090202488574575
2014-09-06,0.8130233178770392
2014-10-06,0.8170263868966209
2014-11-06,0.8186943323214465
2014-12-06,0.821196250458685
2014-01-07,0.8623945024518799
2014-02-07,0.8617273242819496
2014-03-07,0.855722720752577
2014-04-07,0.856890282549955
2014-07-07,0.8527204189878909
2014-08-07,0.8593922006871936
2014-09-07,0.8592254061447111
2014-10-07,0.8709010241184909
2014-11-07,0.867398338726357
2014-01-08,0.8382092937919072
2014-04-08,0.8377089101644596
2014-05-08,0.8338726356873605
2014-06-08,0.848383760883344
2014-07-08,0.8475497881709312
2014-08-08,0.8505520899356174
2014-11-08,0.8488841445107917
2014-12-08,0.8545551589551991
2014-01-09,0.8350401974847385
2014-02-09,0.822030223171098
2014-03-09,0.8210294559162026
2014-04-09,0.8250325249357842
2014-05-09,0.8213630450011676
2014-08-09,0.8166927978116557
2014-09-09,0.8145244687593823
2014-10-09,0.8113553724522135
2014-11-09,0.8048503852953932
2014-12-09,0.798345398138573
2014-01-10,0.7883377255896188
2014-02-10,0.78516862928245
2014-03-10,0.7739933949361177
2014-06-10,0.7744937785635655
2014-07-10,0.7843346565700371
2014-08-10,0.788671314674584
2014-09-10,0.7951763018314042
2014-10-10,0.7900056710144445
2014-03-11,0.7558127898055177
2014-04-11,0.7549788170931048
2014-05-11,0.7386329519298129
2014-06-11,0.7406344864396038
2014-07-11,0.7469726790539415
2014-10-11,0.7519765153284186
2014-11-11,0.7483070353938021
2014-12-11,0.7536444607532442
2014-01-12,0.7733262167661875
2014-02-12,0.7739933949361177
2014-03-12,0.780498382092938
2014-04-12,0.7833338893151417
2014-05-12,0.7733262167661875
2014-08-12,0.7726590385962573
2014-09-12,0.7953430963738868
2014-10-12,0.7966774527137473
2014-11-12,0.7881709310471362
2014-12-12,0.788671314674584
2015-02-01,0.7586482970277214
2015-05-01,0.7773292857857692
2015-06-01,0.7841678620275546
2015-07-01,0.7843346565700371
2015-08-01,0.7876705474196886
2015-09-01,0.7891716983020317
2015-12-01,0.7950095072889216
2015-02-02,0.8256997031057145
2015-03-02,0.8201954832037897
2015-04-02,0.8230309904259934
2015-05-02,0.8168595923541383
2015-06-02,0.8046835907529106
2015-09-02,0.803015645328085
2015-10-02,0.8003469326483639
2015-11-02,0.7931747673216133
2015-12-02,0.7923407946092005
2015-02-03,0.7856690129098977
2015-03-03,0.7858358074523802
2015-04-03,0.776995696700804
2015-05-03,0.7786636421256298
2015-06-03,0.76115021516496
2015-09-03,0.7563131734329653
2015-10-03,0.7519765153284186
2015-11-03,0.7439703772892552
2015-12-03,0.7454715281715983
2015-01-04,0.7753277512759783
2015-02-04,0.7763285185308738
2015-07-04,0.7846682456550023
2015-08-04,0.7821663275177637
2015-09-04,0.7738599593021317
2015-10-04,0.7822330453347567
2015-01-05,0.761283650798946
2015-05-05,0.7753277512759783
2015-06-05,0.7734930113086701
2015-07-05,0.7686559695766756
2015-08-05,0.7679887914067453
2015-11-05,0.7701571204590187
2015-12-05,0.7716582713413618
2015-01-06,0.7772625679687762
2015-02-06,0.7725256029622711
2015-03-06,0.7706575040864664
2015-04-06,0.7613170097074424
2015-05-06,0.7537111785702372
2015-08-06,0.7591820395636656
2015-09-06,0.762251059145345
2015-10-06,0.769656736831571
2015-11-06,0.7629849551322682
2015-12-06,0.7658538212629683
2015-01-07,0.7559795843480003
2015-02-07,0.754144844380692
2015-03-07,0.7559462254395037
2015-06-07,0.7546452280081397
2015-07-07,0.7481402408513195
2015-08-07,0.7496413917336626
2015-09-07,0.7534776662107617
2015-10-07,0.7501751342696068
2015-03-08,0.705207325616306
2015-04-08,0.7043733529038931
2015-05-08,0.70067051406078
2015-06-08,0.7037728925509559
2015-07-08,0.7062748106881944
2015-10-08,0.7086099342829504
2015-11-08,0.716115688694666
2015-12-08,0.7232878540214165
2015-01-09,0.738833105380792
2015-02-09,0.7357974447076092
2015-03-09,0.7292924575507891
2015-04-09,0.7227874703939688
2015-07-09,0.7236214431063817
2015-08-09,0.7247222870867667
2015-09-09,0.7171831737665544
2015-10-09,0.7169496614070788
2015-11-09,0.7107782633352238
2015-01-10,0.7232878540214165
2015-02-10,0.7377989792174001
2015-05-10,0.7371318010474698
2015-06-10,0.7423024318644295
2015-07-10,0.7403676151716316
2015-08-10,0.7372985955899524
2015-09-10,0.7450045034526471
2015-12-10,0.7539113320212164
2015-02-11,0.7332955265703707
2015-03-11,0.7260232845181306
2015-04-11,0.7204189878907163
2015-05-11,0.7148146912633019
2015-06-11,0.7032057911065152
2015-09-11,0.7036728158254663
2015-10-11,0.7020048704006405
2015-11-11,0.7012042565967244
2015-12-11,0.7022050238516198
2015-01-12,0.6875271041131535
2015-02-12,0.6808553224138508
2015-03-12,0.6808886813223473
2015-04-12,0.6967675217666879
2015-07-12,0.6944657570804283
2015-08-12,0.6919971978516863
2015-09-12,0.6979350835640659
2015-10-12,0.691263301864763
2015-11-12,0.6922640691196585
2016-04-01,0.6987690562764788
2016-05-01,0.6952663708843447
2016-06-01,0.7048737365313409
2016-07-01,0.7148480501717984
2016-08-01,0.7118457484071121
2016-11-01,0.7111118524201889
2016-12-01,0.7008706675117592
2016-01-02,0.7282916902958936
2016-02-02,0.7296260466357541
2016-03-02,0.7319611702305101
2016-04-02,0.7482069586683124
2016-05-02,0.7442038896487307
2016-08-02,0.7728258331387398
2016-09-02,0.7713246822563967
2016-10-02,0.7706575040864664
2016-11-02,0.8046835907529106
2016-12-02,0.8038496180404978
2016-01-03,0.8016812889882244
2016-02-03,0.8034826700470362
2016-03-03,0.8108549888247658
2016-04-03,0.8290355939553659
2016-07-03,0.8226306835240352
2016-08-03,0.822030223171098
2016-09-03,0.8082863528705343
2016-10-03,0.8216966340861328
2016-11-03,0.8205290722887548
2016-01-04,0.786402908896821
2016-04-04,0.7905060546418923
2016-05-04,0.7981786035960905
2016-06-04,0.7916068986222773
2016-07-04,0.8054174867398339
2016-08-04,0.8036828234980152
2016-11-04,0.813857290589452
2016-12-04,0.8137572138639624
2016-03-05,0.8400440337592155
2016-04-05,0.8327050738899824
2016-05-05,0.8308703339226742
2016-06-05,0.8367081429095641
2016-09-05,0.82086266137372
2016-10-05,0.8192280748573908
2016-11-05,0.8286019281449112
2016-12-05,0.8302031557527438
2016-01-06,0.7870033692497582
2016-02-06,0.7856022950929047
2016-03-06,0.8043500016679456
2016-06-06,0.8066851252627015
2016-07-06,0.8046835907529106
2016-08-06,0.8193615104913768
2016-09-06,0.8199619708443141
2016-10-06,0.8277012376155053
2016-01-07,0.8707342295760084
2016-04-07,0.8779063949027589
2016-05-07,0.8779063949027589
2016-06-07,0.8882476565366783
2016-07-07,0.8818761050138441
2016-08-07,0.8802415184975149
2016-11-07,0.8821429762818161
2016-12-07,0.8723354571838411
2016-01-08,0.8771724989158356
2016-02-08,0.8865797111118525
2016-03-08,0.8833438969876908
2016-04-08,0.8859125329419223
2016-05-08,0.8710011008439805
2016-08-08,0.8685992594322315
2016-09-08,0.8714014077459387
2016-10-08,0.8758715014844716
2016-11-08,0.8807419021249626
2016-12-08,0.8788738032491579
2016-01-09,0.8503852953931349
2016-02-09,0.8605264035760751
2016-05-09,0.86162724755646
2016-06-09,0.8688994896087001
2016-07-09,0.8763051672949261
2016-08-09,0.8730026353537714
2016-09-09,0.8646295493211462
2016-12-09,0.860459685759082
2016-03-10,0.8529205724388699
2016-04-10,0.8329052273409615
2016-05-10,0.8236314507789306
2016-06-10,0.8136904960469694
2016-07-10,0.8165260032691731
2016-10-10,0.8170263868966209
2016-11-10,0.8129899589685426
2016-12-10,0.81502485238683
2016-01-11,0.8363411949161025
2016-02-11,0.8465490209160358
2016-03-11,0.8447142809487275
2016-04-11,0.845915201654602
2016-07-11,0.8327384327984789
2016-08-11,0.8322714080795277
2016-09-11,0.831637588818094
2016-10-11,0.8223638122560631
2016-11-11,0.8016479300797279
2016-01-12,0.751876438602929
2016-02-12,0.7596490642826168
2016-05-12,0.7521099509624046
2016-06-12,0.7589818861126865
2016-07-12,0.7624178536878276
2016-08-12,0.7580144777662876
2016-09-12,0.753044000400307
2016-12-12,0.7480401641258299
2017-03-01,0.7446375554591855
2017-04-01,0.7534776662107617
2017-05-01,0.7617840344263938
2017-06-01,0.7612169329819529
2017-09-01,0.7629849551322682
2017-10-01,0.7703239150015012
2017-11-01,0.7630183140407647
2017-12-01,0.7806985355439171
2017-01-02,0.7797644861060148
2017-02-02,0.7919738466157389
2017-03-02,0.7874703939687094
2017-06-02,0.7951763018314042
2017-07-02,0.7980118090536079
2017-08-02,0.8054174867398339
2017-09-02,0.8018814424392035
2017-10-02,0.7962104279947961
2017-01-03,0.8042832838509526
2017-02-03,0.8027487740601128
2017-03-03,0.7950095072889216
2017-06-03,0.7979784501451114
2017-07-03,0.7884378023151084
2017-08-03,0.7834673249491279
2017-09-03,0.7816993027988125
2017-10-03,0.7790973079360844
2017-03-04,0.8088534543149749
2017-04-04,0.8157921072822499
2017-05-04,0.8078860459685759
2017-06-04,0.8123561397071088
2017-07-04,0.8216632751776364
2017-10-04,0.8107215531907797
2017-11-04,0.812623010975081
2017-12-04,0.826900623811589
2017-02-05,0.8143243153084032
2017-03-05,0.8108883477332622
2017-04-05,0.7963105047202856
2017-05-05,0.7960436334523135
2017-08-05,0.7972111952496915
2017-09-05,0.790939720452347
2017-10-05,0.7926410247856691
2017-11-05,0.7927744604196553
2017-12-05,0.7981786035960905
2017-01-06,0.8205957901057478
2017-02-06,0.8273342896220437
2017-05-06,0.830670180471695
2017-06-06,0.8397104446742504
2017-07-06,0.8380424992494246
2017-08-06,0.8261000100076726
2017-09-06,0.8217299929946293
2017-12-06,0.8216299162691398
2017-03-07,0.7968442472562299
2017-04-07,0.7931747673216133
2017-05-07,0.7908730026353539
2017-06-07,0.7939420222170332
2017-07-07,0.7877706241451782
2017-10-07,0.7852687060079396
2017-11-07,0.7847016045634988
2017-12-07,0.7898722353804585
2017-01-08,0.8246655769423226
2017-02-08,0.8237648864129166
2017-03-08,0.8227641191580212
2017-04-08,0.8158254661907464
2017-07-08,0.8160256196417255
2017-08-08,0.8185608966874605
2017-09-08,0.8247322947593155
2017-10-08,0.8336391233278849
2017-11-08,0.8347733262167663
2017-01-09,0.857657537445375
2017-04-09,0.8661307002034894
2017-05-09,0.8677652867198186
2017-06-09,0.8692997965106583
2017-07-09,0.8730693531707644
2017-08-09,0.8749040931380726
2017-11-09,0.8668645961904128
2017-12-09,0.8617273242819496
2017-02-10,0.8265003169096309
2017-03-10,0.8248657303933017
2017-04-10,0.8268672649030925
2017-05-10,0.8270340594455751
2017-06-10,0.8185608966874605
2017-09-10,0.8298695666677788
2017-10-10,0.8383093705173968
2017-11-10,0.8368749374520467
2017-12-10,0.837542115621977
2017-01-11,0.8287353637788972
2017-02-11,0.8301697968442474
2017-03-11,0.822163658805084
2017-06-11,0.8246322180338261
2017-07-11,0.8277679554324983
2017-08-11,0.8333722520599127
2017-09-11,0.8339059945958569
2017-10-11,0.8335724055108917
2017-01-12,0.8277012376155053
2017-04-12,0.8263335223671483
2017-05-12,0.8215631984521468
2017-06-12,0.8198285352103281
2017-07-12,0.8140240851319346
2017-08-12,0.8111218600927379
2017-11-12,0.8087867364979819
2017-12-12,0.8046168729359177
2018-02-01,0.8520865997264571
2018-03-01,0.8539880575107585
2018-04-01,0.8537211862427863
2018-05-01,0.8554892083931016
2018-08-01,0.8573573072689064
2018-09-01,0.8513860626480303
2018-10-01,0.8572238716349202
2018-11-01,0.8594255595956901
2018-12-01,0.8619274777329287
2018-01-02,0.8716349201054142
2018-02-02,0.8648297027721255
2018-05-02,0.8664642892884545
2018-06-02,0.864996497314608
2018-07-02,0.8604930446675787
2018-08-02,0.85435500550422
2018-09-02,0.853454314974814
2018-12-02,0.8589251759682424
2018-01-03,0.8492177335957568
2018-02-03,0.8589251759682424
2018-05-03,0.857657537445375
2018-06-03,0.864996497314608
2018-07-03,0.8636621409747475
2018-08-03,0.8580578443473331
2018-09-03,0.8577909730793609
2018-12-03,0.8568235647329621
2018-03-04,0.866364212562965
2018-04-04,0.8689328485171967
2018-05-04,0.862527938085866
2018-06-04,0.864863061680622
2018-09-04,0.8653634453080696
2018-10-04,0.8700336924975817
2018-11-04,0.8779063949027589
2018-12-04,0.8716349201054142
2018-01-05,0.8487840677853021
2018-02-05,0.8468492510925044
2018-03-05,0.8540881342362479
2018-04-05,0.8503185775761419
2018-08-05,0.848450478700337
2018-09-05,0.8532875204323315
2018-10-05,0.8565900523734864
2018-11-05,0.8602928912165995
2018-01-06,0.8404443406611736
2018-04-06,0.8410114421056144
2018-05-06,0.8387430363278514
2018-06-06,0.8441138205957902
2018-07-06,0.8422123628114889
2018-08-06,0.8428795409814192
2018-11-06,0.843780231510825
2018-12-06,0.8431464122493914
2018-02-07,0.8092204023084365
2018-03-07,0.8118557560796612
2018-04-07,0.8144577509423894
2018-05-07,0.8143576742168998
2018-06-07,0.8142575974914101
2018-09-07,0.818727691229943
2018-10-07,0.8133569069620044
2018-11-07,0.8116222437201857
2018-12-07,0.8079527637855691
2018-01-08,0.7900056710144445
2018-02-08,0.787637188511192
2018-03-08,0.7882042899556327
2018-06-08,0.7837675551255965
2018-07-08,0.785568936184408
2018-08-08,0.7837008373086033
2018-09-08,0.7869032925242686
2018-10-08,0.7869366514327653
2018-03-09,0.7773626446942656
2018-04-09,0.7712246055309071
2018-05-09,0.7751275978249993
2018-06-09,0.7807652533609102
2018-07-09,0.7765953897988459
2018-10-09,0.7750608800080062
2018-11-09,0.7705574273609768
2018-12-09,0.7743937018380759
2018-01-10,0.7702238382760117
2018-02-10,0.7804650231844416
2018-03-10,0.7781298995896856
2018-04-10,0.7796310504720287
2018-05-10,0.7798645628315042
2018-08-10,0.768622610668179
2018-09-10,0.7676885612302766
2018-10-10,0.769723454648564
2018-11-10,0.7810321246288822
2018-12-10,0.7905060546418923
2018-01-11,0.7981118857790975
2018-02-11,0.7987457050405311
2018-05-11,0.7988457817660207
2018-06-11,0.7984121159555659
2018-07-11,0.7973112719751811
2018-08-11,0.7934416385895855
2018-09-11,0.7849351169229745
2018-12-11,0.7810321246288822
2018-03-12,0.7975447843346567
2018-04-12,0.8042165660339594
2018-05-12,0.8012809820862663
2018-06-12,0.8057177169163026
2018-07-12,0.8062181005437503
2018-10-12,0.8075858157921073
2018-11-12,0.8075524568836109
2018-12-12,0.8078526870600795
2019-02-01,0.8326383560729894
2019-03-01,0.837675551255963
2019-04-01,0.8306368215631986
2019-07-01,0.838843113053341
2019-08-01,0.8350068385762419
2019-09-01,0.836441271641592
2019-10-01,0.838642959602362
2019-11-01,0.8366747840010677
2019-01-02,0.8565233345564934
2019-04-02,0.8521533175434501
2019-05-02,0.8535210327918072
2019-06-02,0.8523201120859327
2019-07-02,0.8507188844781
2019-08-02,0.8539546986022618
2019-11-02,0.848317043066351
2019-12-02,0.8507188844781
2019-01-03,0.8520198819094641
2019-04-03,0.8343063014978152
2019-05-03,0.8332388164259267
2019-06-03,0.8346065316742837
2019-07-03,0.8342395836808221
2019-08-03,0.8418787737265238
2019-11-03,0.8392100610468026
2019-12-03,0.8420789271775029
2019-01-04,0.8397104446742504
2019-02-04,0.8375754745304734
2019-03-04,0.837675551255963
2019-04-04,0.832805150615472
2019-05-04,0.8363411949161025
2019-08-04,0.8440471027787972
2019-09-04,0.846048637288588
2019-10-04,0.8476832238049172
2019-11-04,0.8432464889748809
2019-12-04,0.8402441872101946
2019-01-05,0.8332388164259267
2019-02-05,0.8246655769423226
2019-03-05,0.8297361310337926
2019-07-05,0.831504153184108
2019-08-05,0.8341728658638291
2019-09-05,0.8347733262167663
2019-10-05,0.8354405043866965
2019-03-06,0.855455849484605
2019-04-06,0.8602261733996065
2019-05-06,0.8674316976348535
2019-06-06,0.8677319278113221
2019-07-06,0.8711678953864631
2019-10-06,0.8631283984388032
2019-11-06,0.8602595323081029
2019-12-06,0.8656303165760417
2019-01-07,0.9041598558895153
2019-02-07,0.9047936751509491
2019-03-07,0.919771825065884
2019-04-07,0.9207058745037864
2019-05-07,0.9031924475431166
2019-08-07,0.9108316375888181
2019-09-07,0.9051272642359143
2019-10-07,0.9163024985822464
2019-11-07,0.9199386196083665
2019-12-07,0.9158354738632952
2019-01-08,0.915301731327351
2019-02-08,0.9386196083664143
2019-05-08,0.954298295359776
2019-06-08,0.954298295359776
2019-07-08,0.9815191646929313
2019-08-08,0.9746472295426495
2019-09-08,0.9759482269740136
2019-12-08,0.9806184741635255
2019-02-09,0.9947960102745439
2019-05-09,0.9968976215098242
2019-06-09,0.9932948593922009
2019-09-09,0.9836207759282118
2019-10-09,0.9763151749674752
2019-11-09,0.9712446208760052
2019-12-09,0.9876238449477934
2019-01-10,0.9597691563532043
2019-02-10,0.9725456183073691
2019-03-10,0.9888914834706608
2019-04-10,0.9769156353204125
2019-07-10,0.978316709477266
2019-08-10,0.9813857290589452
2019-09-10,0.9823197784968478
2019-10-10,0.9740134102812157
2019-11-10,0.9635720719218069
2019-01-11,0.9833539046602395
2019-04-11,0.9837875704706944
2019-05-11,0.9701104179871236
2019-06-11,0.9681756012943258
2019-07-11,0.9669746805884513
2019-08-11,0.9535643993728528
2019-11-11,0.9499282783467327
2019-12-11,0.9454915435166962
2019-02-12,0.9515628648630619
2019-03-12,0.9623377923074358
2019-04-12,0.9608700003335892
2019-05-12,0.96143710177803
2019-06-12,0.9505620976081665
2019-09-12,0.9519298128565234
2019-10-12,0.9540981419087969
2019-11-12,0.9553324215231679
2019-12-12,0.9559995996930981
2020-02-01,0.9955632651699637
