date,price
1968-02-01,0.032123502567027944
1968-03-01,0.03397746719908728
1968-04-01,0.032052196235025664
1968-05-01,0.03155305191100969
1968-08-01,0.03176697090701653
1968-09-01,0.02984169994295493
1968-10-01,0.02898602395892754
1968-11-01,0.029306902452937815
1968-12-01,0.030483456930975462
1968-01-02,0.025777239018824873
1968-02-02,0.026668568168853386
1968-05-02,0.025955504848830573
1968-06-02,0.024101540216771238
1968-07-02,0.024707644038790645
1968-08-02,0.02520678836280662
1968-09-02,0.023745008556759838
1968-12-02,0.023424130062749564
1968-01-03,0.033086138049058765
1968-04-03,0.03272960638904734
1968-05-03,0.03265830005704507
1968-06-03,0.030733029092983456
1968-07-03,0.03269395322304621
1968-08-03,0.0340844266970907
1968-11-03,0.03297917855105533
1968-12-03,0.033870507701083845
1968-01-04,0.035189674843126066
1968-02-04,0.03315744438106103
1968-03-04,0.03290787221905304
1968-04-04,0.030412150598973182
1968-05-04,0.02966343411294923
1968-08-04,0.030733029092983456
1968-09-04,0.033264403879064465
1968-10-04,0.03319309754706217
1968-11-04,0.031695664575014264
1968-01-05,0.03868368511123788
1968-02-05,0.03654449515116943
1968-03-05,0.03718625213918995
1968-06-05,0.037899315459212775
1968-07-05,0.03469053051911009
1968-08-05,0.0374001711351968
1968-09-05,0.03732886480319452
1968-10-05,0.03882629777524244
1968-04-06,0.0411437535653166
1968-05-06,0.04096548773531088
1968-06-06,0.042142042213348545
1968-07-06,0.04299771819737593
1968-10-06,0.041856816885339425
1968-11-06,0.043996006845407866
1968-12-06,0.046491728465487735
1968-01-07,0.04420992584141472
1968-02-07,0.04246292070735882
1968-03-07,0.04338990302338847
1968-04-07,0.04331859669138619
1968-05-07,0.04278379920136908
1968-08-07,0.041500285225328
1968-09-07,0.03732886480319452
1968-10-07,0.04085852823730748
1968-11-07,0.039111523103251576
1968-12-07,0.03843411294922989
1968-01-08,0.03397746719908728
1968-02-08,0.03469053051911009
1968-05-08,0.03290787221905304
1968-06-08,0.03255134055904164
1968-07-08,0.033264403879064465
1968-08-08,0.031838277239018824
1968-09-08,0.03144609241300627
1968-12-08,0.030412150598973182
1968-03-09,0.03451226468910439
1968-04-09,0.03504706217912149
1968-05-09,0.03572447233314318
1968-06-09,0.035367940673131766
1968-09-09,0.03461922418710781
1968-10-09,0.031945236737022244
1968-11-09,0.034797490017113526
1968-12-09,0.03301483171705647
1968-01-10,0.030946948088990296
1968-02-10,0.029199942954934395
1968-03-10,0.02955647461494581
1968-04-10,0.02898602395892754
1968-07-10,0.02955647461494581
1968-08-10,0.02902167712492868
1968-09-10,0.027773816314888768
1968-10-10,0.026347689674843126
1968-11-10,0.027738163148887614
1968-01-11,0.02249714774671991
1968-04-11,0.024636337706788365
1968-05-11,0.0252780946948089
1968-06-11,0.02567027952082144
1968-07-11,0.02442241871078151
1968-08-11,0.024778950370792925
1968-11-11,0.026026811180832853
1968-12-11,0.026347689674843126
1968-02-12,0.023923274386765538
1968-03-12,0.02406588705077011
1968-04-12,0.02549201369081574
1968-05-12,0.025991158014831713
1968-06-12,0.027203365658870514
1968-09-12,0.02723901882487164
1968-10-12,0.025099828864803185
1968-11-12,0.02663291500285226
1968-12-12,0.02538505419281232
1969-02-01,0.02445807187678265
1969-03-01,0.024778950370792925
1969-06-01,0.024957216200798625
1969-07-01,0.02513548203080434
1969-08-01,0.026561608670849966
1969-09-01,0.026205077010838566
1969-10-01,0.02745293782087848
1969-03-02,0.02549201369081574
1969-04-02,0.025634626354820313
1969-05-02,0.02534940102681118
1969-06-02,0.023174557900741584
1969-07-02,0.021855390758699363
1969-10-02,0.021784084426697083
1969-11-02,0.021784084426697083
1969-12-02,0.021427552766685683
1969-03-03,0.019359669138619508
1969-04-03,0.018717912150598974
1969-05-03,0.02103536794067313
1969-06-03,0.021891043924700503
1969-07-03,0.023281517398745004
1969-10-03,0.02242584141471763
1969-11-03,0.021641471762692523
1969-12-03,0.02000142612664004
1969-01-04,0.019324015972618368
1969-02-04,0.018789218482601254
1969-03-04,0.02007273245864232
1969-08-04,0.01975185396463206
1969-09-04,0.018896177980604674
1969-10-04,0.019324015972618368
1969-11-04,0.018860524814603534
1969-01-05,0.0180405019965773
1969-02-05,0.018004848830576146
1969-05-05,0.017719623502567027
1969-06-05,0.017327438676554473
1969-07-05,0.019074443810610374
1969-08-05,0.020464917284654875
1969-09-05,0.019430975470621788
1969-12-05,0.01864660581859668
1969-02-06,0.017862236166571586
1969-03-06,0.017862236166571586
1969-04-06,0.017327438676554473
1969-05-06,0.017612664004563607
1969-06-06,0.017006560182544213
1969-09-06,0.0160439247005134
1969-10-06,0.014796063890473471
1969-11-06,0.014689104392470044
1969-12-06,0.014724757558471191
1969-01-07,0.011515972618368508
1969-02-07,0.010624643468339988
1969-03-07,0.010731602966343408
1969-04-07,0.011266400456360522
1969-07-07,0.011480319452367369
1969-08-07,0.012157729606389042
1969-09-07,0.012335995436394749
1969-10-07,0.01394038790644609
1969-11-07,0.012799486594409583
1969-01-08,0.01219338277239019
1969-04-08,0.012300342270393609
1969-05-08,0.011658585282373068
1969-06-08,0.01219338277239019
1969-07-08,0.01219338277239019
1969-08-08,0.012549914432401596
1969-11-08,0.014903023388476891
1969-12-08,0.013619509412435817
1969-02-09,0.014831717056474611
1969-03-09,0.015437820878494012
1969-04-09,0.015437820878494012
1969-05-09,0.015330861380490585
1969-08-09,0.016257843696520245
1969-09-09,0.017327438676554473
1969-10-09,0.017184826012549913
1969-11-09,0.017719623502567027
1969-12-09,0.018967484312606954
1969-01-10,0.02107102110667427
1969-02-10,0.022176269252709636
1969-03-10,0.021320593268682263
1969-06-10,0.019716200798630908
1969-07-10,0.02110667427267541
1969-08-10,0.019644894466628628
1969-09-10,0.020393610952652595
1969-10-10,0.020250998288648035
1969-03-11,0.025812892184826013
1969-04-11,0.024814603536794065
1969-05-11,0.025705932686822593
1969-06-11,0.025563320022818033
1969-07-11,0.024671990872789505
1969-10-11,0.023923274386765538
1969-11-11,0.02442241871078151
1969-12-11,0.024565031374786085
1969-01-12,0.02263976041072447
1969-02-12,0.023174557900741584
1969-03-12,0.02267541357672561
1969-04-12,0.021570165430690243
1969-05-12,0.02067883628066173
1969-08-12,0.02103536794067313
1969-09-12,0.019252709640616088
1969-10-12,0.017327438676554473
1969-11-12,0.017648317170564733
1969-12-12,0.016970907016543066
1970-02-01,0.018824871648602394
1970-05-01,0.01993011979463776
1970-06-01,0.020607529948659435
1970-07-01,0.019716200798630908
1970-08-01,0.020179691956645755
1970-09-01,0.0201440387906446
1970-12-01,0.019324015972618368
1970-02-02,0.022176269252709636
1970-03-02,0.022390188248716476
1970-04-02,0.023210211066742724
1970-05-02,0.022461494580718756
1970-06-02,0.022318881916714196
1970-09-02,0.02263976041072447
1970-10-02,0.02267541357672561
1970-11-02,0.022140616086708496
1970-12-02,0.022033656588705076
1970-02-03,0.022069309754706216
1970-03-03,0.02242584141471763
1970-04-03,0.022283228750713056
1970-05-03,0.023388476896748424
1970-06-03,0.022461494580718756
1970-09-03,0.021962350256702783
1970-10-03,0.021855390758699363
1970-11-03,0.022033656588705076
1970-12-03,0.021677124928693663
1970-01-04,0.021534512264689103
1970-02-04,0.022033656588705076
1970-03-04,0.021605818596691383
1970-06-04,0.021391899600684543
1970-07-04,0.02092840844266971
1970-08-04,0.02089275527666857
1970-09-04,0.02085710211066743
1970-10-04,0.020393610952652595
1970-01-05,0.016471762692527092
1970-04-05,0.016471762692527092
1970-05-05,0.013583856246434683
1970-06-05,0.016293496862521392
1970-07-05,0.015223901882487165
1970-08-05,0.016293496862521392
1970-11-05,0.017006560182544213
1970-12-05,0.017184826012549913
1970-01-06,0.013548203080433537
1970-02-06,0.012015116942384482
1970-03-06,0.012478608100399316
1970-04-06,0.01326297775242441
1970-05-06,0.01326297775242441
1970-08-06,0.013298630918425557
1970-09-06,0.01418996006845407
1970-10-06,0.014724757558471191
1970-11-06,0.01333428408442669
1970-12-06,0.012728180262407296
1970-01-07,0.012549914432401596
1970-02-07,0.01308471192241871
1970-03-07,0.012514261266400456
1970-06-07,0.012549914432401596
1970-07-07,0.011551625784369655
1970-08-07,0.012478608100399316
1970-09-07,0.012478608100399316
1970-10-07,0.012549914432401596
1970-03-08,0.018218767826583
1970-04-08,0.017434398174557893
1970-05-08,0.017969195664575006
1970-06-08,0.016970907016543066
1970-07-08,0.016543069024529372
1970-10-08,0.017327438676554473
1970-11-08,0.016222190530519112
1970-12-08,0.016792641186537366
1970-01-09,0.020500570450656015
1970-02-09,0.02021534512264688
1970-03-09,0.020322304620650315
1970-04-09,0.020571876782658295
1970-07-09,0.020464917284654875
1970-08-09,0.020464917284654875
1970-09-09,0.021249286936679983
1970-10-09,0.02067883628066173
1970-11-09,0.020357957786651455
1970-01-10,0.01597261836851112
1970-02-10,0.016329150028522532
1970-05-10,0.016329150028522532
1970-06-10,0.015473474044495145
1970-07-10,0.016970907016543066
1970-08-10,0.017577010838562453
1970-09-10,0.016863947518539646
1970-12-10,0.016863947518539646
1970-02-11,0.01864660581859668
1970-03-11,0.018147461494580706
1970-04-11,0.01853964632059326
1970-05-11,0.019324015972618368
1970-06-11,0.01843268682258984
1970-09-11,0.01832572732458642
1970-10-11,0.01968054763262978
1970-11-11,0.01846833998859098
1970-12-11,0.019074443810610374
1970-01-12,0.011943810610382195
1970-02-12,0.013512549914432397
1970-03-12,0.01315601825442099
1970-04-12,0.013512549914432397
1970-07-12,0.013120365088419843
1970-08-12,0.012692527096406156
1970-09-12,0.011551625784369655
1970-10-12,0.010945521962350255
1970-11-12,0.011836851112378782
1971-04-01,0.013583856246434683
1971-05-01,0.013548203080433537
1971-06-01,0.013369937250427837
1971-07-01,0.014903023388476891
1971-08-01,0.014938676554478038
1971-11-01,0.015580433542498572
1971-12-01,0.015152595550484885
1971-01-02,0.011480319452367369
1971-02-02,0.012015116942384482
1971-03-02,0.012407301768397036
1971-04-02,0.012300342270393609
1971-05-02,0.011872504278379915
1971-08-02,0.012157729606389042
1971-09-02,0.011016828294352535
1971-10-02,0.010909868796349115
1971-11-02,0.011480319452367369
1971-12-02,0.011337706788362809
1971-01-03,0.011658585282373068
1971-02-03,0.012692527096406156
1971-03-03,0.01219338277239019
1971-04-03,0.012229035938391329
1971-05-03,0.01301340559041643
1971-08-03,0.013726468910439243
1971-09-03,0.013904734740444943
1971-10-03,0.014083000570450657
1971-11-03,0.01386908157444381
1971-12-03,0.013726468910439243
1971-01-04,0.01572304620650314
1971-02-04,0.01565173987450086
1971-05-04,0.0166500285225328
1971-06-04,0.016222190530519112
1971-07-04,0.01650741585852824
1971-08-04,0.017184826012549913
1971-03-05,0.014510838562464344
1971-04-05,0.013690815744438103
1971-05-05,0.015045636052481458
1971-06-05,0.014903023388476891
1971-07-05,0.014760410724472331
1971-10-05,0.014225613234455217
1971-11-05,0.014439532230462064
1971-12-05,0.014154306902452937
1971-01-06,0.012157729606389042
1971-02-06,0.011337706788362809
1971-03-06,0.011230747290359382
1971-04-06,0.011230747290359382
1971-07-06,0.011159440958357095
1971-08-06,0.011052481460353682
1971-09-06,0.012799486594409583
1971-10-06,0.012015116942384482
1971-11-06,0.01219338277239019
1971-01-07,0.011729891614375355
1971-02-07,0.011765544780376495
1971-05-07,0.011052481460353682
1971-06-07,0.011302053622361662
1971-07-07,0.010945521962350255
1971-08-07,0.011302053622361662
1971-09-07,0.011409013120365089
1971-12-07,0.011230747290359382
1971-02-08,0.011052481460353682
1971-03-08,0.011979463776383342
1971-04-08,0.012621220764403869
1971-05-08,0.012442954934398169
1971-06-08,0.011658585282373068
1971-09-08,0.012015116942384482
1971-10-08,0.012015116942384482
1971-11-08,0.010802909298345688
1971-12-08,0.011409013120365089
1971-01-09,0.007558471192241865
1971-02-09,0.008200228180262406
1971-03-09,0.007808043354249859
1971-06-09,0.007130633200228179
1971-07-09,0.006061038220193951
1971-08-09,0.0035653166001140893
1971-09-09,0.0052410154021677105
1971-10-09,0.004028807758128916
1971-01-10,0.0038505419281232092
1971-04-10,0.0037792355961209292
1971-05-10,0.002210496292070735
1971-06-10,0.002531374786081002
1971-07-10,0.0027452937820878487
1971-08-10,0.002460068454078722
1971-11-10,0.0008556759840273806
1971-12-10,0.0015330861380490543
1971-01-11,0.0007487164860239537
1971-02-11,0.0
1971-03-11,0.0
1971-04-11,0.0007843696520251006
1971-05-11,0.00042783799201368683
1971-08-11,0.0009626354820308006
1971-09-11,0.0015687393040502012
1971-10-11,0.0012122076440387874
1971-11-11,0.0013191671420422074
1971-12-11,0.002032230462065028
1971-01-12,0.001853964632059328
1971-02-12,0.0028522532800912756
1971-03-12,0.0027452937820878487
1971-06-12,0.00456360524814603
1971-07-12,0.0035296634341129493
1971-08-12,0.0038505419281232092
1971-09-12,0.00438533941814033
1971-10-12,0.0050984027381631505
1972-03-01,0.003636622932116376
1972-04-01,0.00431403308613805
1972-05-01,0.005205362236166564
1972-06-01,0.004777524244152877
1972-07-01,0.005954078722190531
1972-10-01,0.005918425556189384
1972-11-01,0.0073802053622361655
1972-12-01,0.006560182544209925
1972-01-02,0.009305476326297767
1972-02-02,0.009840273816314887
1972-03-02,0.008663719338277233
1972-04-02,0.00894894466628636
1972-07-02,0.00948374215630348
1972-08-02,0.009269823160296634
1972-09-02,0.008663719338277233
1972-10-02,0.009305476326297767
1972-11-02,0.009162863662293207
1972-01-03,0.0072375926982316055
1972-02-03,0.00816457501426126
1972-03-03,0.008093268682258986
1972-06-03,0.00887763833428408
1972-07-03,0.00948374215630348
1972-08-03,0.00902025099828864
1972-09-03,0.009519395322304613
1972-10-03,0.009412435824301194
1972-04-04,0.011622932116371935
1972-05-04,0.011266400456360522
1972-06-04,0.010731602966343408
1972-07-04,0.011088134626354815
1972-10-04,0.011373359954363942
1972-11-04,0.010874215630347968
1972-12-04,0.011016828294352535
1972-01-05,0.011729891614375355
1972-02-05,0.011337706788362809
1972-03-05,0.010874215630347968
1972-04-05,0.010981175128351395
1972-05-05,0.011230747290359382
1972-08-05,0.011373359954363942
1972-09-05,0.011836851112378782
1972-10-05,0.011444666286366229
1972-11-05,0.011052481460353682
1972-12-05,0.010909868796349115
1972-01-06,0.009448088990302334
1972-02-06,0.010125499144324014
1972-05-06,0.009947233314318307
1972-06-06,0.010375071306331994
1972-07-06,0.010838562464346835
1972-08-06,0.010624643468339988
1972-09-06,0.010695949800342268
1972-12-06,0.010482030804335421
1972-03-07,0.010410724472333141
1972-04-07,0.010089845978322867
1972-05-07,0.010161152310325154
1972-06-07,0.011908157444381062
1972-07-07,0.014546491728465484
1972-10-07,0.015081289218482598
1972-11-07,0.014617798060467764
1972-12-07,0.015116942384483738
1972-01-08,0.018610952652595554
1972-02-08,0.02003707929264118
1972-03-08,0.019181403308613808
1972-04-08,0.019217056474614934
1972-07-08,0.019573588134626348
1972-08-08,0.019324015972618368
1972-09-08,0.01843268682258984
1972-10-08,0.019537934968625208
1972-11-08,0.019430975470621788
1972-01-09,0.022283228750713056
1972-04-09,0.022211922418710776
1972-05-09,0.02281802624073017
1972-06-09,0.022318881916714196
1972-07-09,0.02092840844266971
1972-08-09,0.02114232743867655
1972-11-09,0.0199657729606389
1972-12-09,0.0185752994865944
1972-02-10,0.016721334854535086
1972-03-10,0.017541357672561327
1972-04-10,0.01825442099258414
1972-05-10,0.017826583000570446
1972-06-10,0.017256132344552193
1972-09-10,0.018682258984597834
1972-10-10,0.018860524814603534
1972-11-10,0.01864660581859668
1972-12-10,0.017969195664575006
1972-01-11,0.01975185396463206
1972-02-11,0.020322304620650315
1972-03-11,0.01985881346263548
1972-06-11,0.02082144894466629
1972-07-11,0.02007273245864232
1972-08-11,0.02085710211066743
1972-09-11,0.019644894466628628
1972-10-11,0.019003137478608094
1972-01-12,0.021249286936679983
1972-04-12,0.022104962920707356
1972-05-12,0.021320593268682263
1972-06-12,0.023531089560752984
1972-07-12,0.02274671990872789
1972-08-12,0.023210211066742724
1972-11-12,0.02427980604677695
1972-12-12,0.024957216200798625
1973-02-01,0.02727467199087278
1973-03-01,0.026240730176839706
1973-04-01,0.027595550484883054
1973-05-01,0.026882487164860226
1973-08-01,0.02538505419281232
1973-09-01,0.026383342840844266
1973-10-01,0.02538505419281232
1973-11-01,0.026347689674843126
1973-12-01,0.026312036508841972
1973-01-02,0.02709640616086708
1973-02-02,0.027025099828864786
1973-05-02,0.027203365658870514
1973-06-02,0.02987735310895607
1973-07-02,0.029199942954934395
1973-08-02,0.030447803764974322
1973-09-02,0.030804335424985736
1973-01-03,0.04349686252139189
1973-12-03,0.03743582430119794
1973-02-04,0.032052196235025664
1973-03-04,0.03404877353108956
1973-04-04,0.03301483171705647
1973-05-04,0.03444095835710211
1973-06-04,0.03333571021106673
1973-09-04,0.033371363377067885
1973-10-04,0.03472618368511123
1973-11-04,0.03476183685111237
1973-12-04,0.03412007986309184
1973-01-05,0.031196520250998276
1973-02-05,0.030055618938961783
1973-03-05,0.030198231602966343
1973-04-05,0.03262264689104392
1973-07-05,0.03280091272104963
1973-08-05,0.033870507701083845
1973-09-05,0.03579577866514546
1973-10-05,0.038041928123217335
1973-11-05,0.03886195094124358
1973-01-06,0.0475969766115231
1973-04-06,0.04895179691956645
1973-05-06,0.05212492869366799
1973-06-06,0.04563605248146035
1973-07-06,0.04535082715345123
1973-08-06,0.043782087849401026
1973-11-06,0.043924700513405586
1973-12-06,0.04242726754135768
1973-02-07,0.050770108385624645
1973-03-07,0.05034227039361095
1973-04-07,0.05194666286366229
1973-05-07,0.05087706788362805
1973-06-07,0.05433542498573873
1973-09-07,0.05454934398174558
1973-10-07,0.05280233884768968
1973-11-07,0.0497718197375927
1973-12-07,0.05390758699372503
1973-01-08,0.05861380490587564
1973-02-08,0.05811466058185966
1973-03-08,0.05672418710781516
1973-06-08,0.05590416428978893
1973-07-08,0.05405019965772959
1973-08-08,0.05173274386765544
1973-09-08,0.048416999429549336
1973-10-08,0.0497718197375927
1973-03-09,0.04763262977752424
1973-04-09,0.047917855105533376
1973-05-09,0.04613519680547632
1973-06-09,0.04724044495151169
1973-07-09,0.04691956645750143
1973-10-09,0.04727609811751283
1973-11-09,0.04520821448944665
1973-12-09,0.04549343981745579
1973-01-10,0.05123359954363948
1973-02-10,0.05159013120365088
1973-03-10,0.05330148317170564
1973-04-10,0.052659726183685106
1973-05-10,0.050948374215630345
1973-08-10,0.05487022247575584
1973-09-10,0.05415715915573303
1973-10-10,0.05711637193382773
1973-11-10,0.05604677695379349
1973-12-10,0.056938106103822016
1973-01-11,0.05572589845978323
1973-02-11,0.056866799771819736
1973-05-11,0.056973759269823156
1973-06-11,0.057045065601825436
1973-07-11,0.056688533941814036
1973-08-11,0.05586851112378779
1973-09-11,0.0565815744438106
1973-12-11,0.055119794637763835
1973-03-12,0.05864945807187678
1973-04-12,0.0632130633200228
1973-05-12,0.06249999999999999
1973-06-12,0.06078864803194523
1973-07-12,0.06406873930405019
1973-10-12,0.06296349115801483
1973-11-12,0.06474614945807186
1973-12-12,0.06335567598402739
1974-02-01,0.07162721049629206
1974-03-01,0.07326725613234455
1974-04-01,0.07130633200228179
1974-07-01,0.07127067883628066
1974-08-01,0.07373074729035936
1974-09-01,0.07340986879634911
1974-10-01,0.07241158014831717
1974-11-01,0.07380205362236167
1974-01-02,0.09875926982316027
1974-04-02,0.10482030804335424
1974-05-02,0.10977609811751282
1974-06-02,0.1111309184255562
1974-07-02,0.11761979463776381
1974-08-02,0.12389475185396462
1974-11-02,0.1382629777524244
1974-12-02,0.15216771249286934
1974-01-03,0.1590844266970907
1974-04-03,0.15541215059897318
1974-05-03,0.1402595550484883
1974-06-03,0.1333784940102681
1974-07-03,0.14339703365658868
1974-08-03,0.14781802624073018
1974-11-03,0.1335567598402738
1974-12-03,0.14086565887050767
1974-01-04,0.14428836280661722
1974-02-04,0.1382629777524244
1974-03-04,0.1386908157444381
1974-04-04,0.1391186537364518
1974-05-04,0.13377067883628066
1974-08-04,0.11177267541357672
1974-09-04,0.12364517969195665
1974-10-04,0.12307472903593838
1974-11-04,0.1094908727895037
1974-01-05,0.14714061608670848
1974-02-05,0.14817455790074158
1974-03-05,0.15077723901882487
1974-06-05,0.1490658870507701
1974-07-05,0.1402595550484883
1974-08-05,0.14154306902452937
1974-09-05,0.14878066172276097
1974-10-05,0.14931545921277808
1974-03-06,0.12357387335995437
1974-04-06,0.12204078722190531
1974-05-06,0.1337350256702795
1974-06-06,0.13098973188819166
1974-07-06,0.13344980034227036
1974-10-06,0.14015259555048487
1974-11-06,0.13648031945236735
1974-12-06,0.1255704506560182
1974-01-07,0.12179121505989729
1974-02-07,0.10867084997147747
1974-03-07,0.10407159155733028
1974-04-07,0.10154021677124928
1974-05-07,0.10089845978322876
1974-08-07,0.10906303479749002
1974-09-07,0.1100969766115231
1974-10-07,0.10506988020536223
1974-11-07,0.0945878494010268
1974-12-07,0.08966771249286934
1974-01-08,0.13113234455219622
1974-02-08,0.12068596691386194
1974-05-08,0.1147318881916714
1974-06-08,0.11922418710781515
1974-07-08,0.11826155162578436
1974-08-08,0.1173345693097547
1974-09-08,0.11409013120365089
1974-12-08,0.10920564746149455
1974-02-09,0.10539075869937248
1974-03-09,0.10535510553337135
1974-04-09,0.09733314318311465
1974-05-09,0.0993653736451797
1974-06-09,0.10225328009127208
1974-09-09,0.09968625213918994
1974-10-09,0.10100541928123216
1974-11-09,0.09508699372504278
1974-12-09,0.10139760410724469
1974-01-10,0.11259269823160295
1974-02-10,0.11245008556759839
1974-03-10,0.12154164289788932
1974-04-10,0.12671135196805475
1974-07-10,0.1272104962920707
1974-08-10,0.12032943525385054
1974-09-10,0.11968767826582999
1974-10-10,0.1319880205362236
1974-11-10,0.1239660581859669
1974-01-11,0.12902880775812892
1974-04-11,0.12253993154592124
1974-05-11,0.12952795208214488
1974-06-11,0.13109669138619506
1974-07-11,0.13255847119224187
1974-08-11,0.12902880775812892
1974-11-11,0.13508984597832285
1974-12-11,0.1292070735881346
1974-02-12,0.1190815744438106
1974-03-12,0.10902738163148887
1974-04-12,0.10389332572732457
1974-05-12,0.10770821448944665
1974-06-12,0.10674557900741585
1974-09-12,0.10613947518539643
1974-10-12,0.10325156873930405
1974-11-12,0.10367940673131773
1974-12-12,0.10325156873930405
1975-02-01,0.11280661722760979
1975-03-01,0.10970479178551054
1975-06-01,0.10524814603536795
1975-07-01,0.10688819167142039
1975-08-01,0.10571163719338275
1975-09-01,0.10503422703936108
1975-10-01,0.10389332572732457
1975-03-02,0.10200370792926411
1975-04-02,0.10114803194523672
1975-05-02,0.10193240159726183
1975-06-02,0.10136195094124359
1975-07-02,0.10606816885339415
1975-10-02,0.10795778665145464
1975-11-02,0.1049629207073588
1975-12-02,0.1104535082715345
1975-03-03,0.11494580718767827
1975-04-03,0.11444666286366229
1975-05-03,0.1094908727895037
1975-06-03,0.11016828294352538
1975-07-03,0.10884911580148315
1975-10-03,0.10795778665145464
1975-11-03,0.1129848830576155
1975-12-03,0.1132344552196235
1975-01-04,0.1071377638334284
1975-02-04,0.1091699942954934
1975-03-04,0.1056403308613805
1975-04-04,0.10225328009127208
1975-07-04,0.10104107244723329
1975-08-04,0.10257415858528235
1975-09-04,0.10100541928123216
1975-10-04,0.10171848260125499
1975-11-04,0.10375071306332001
1975-01-05,0.10795778665145464
1975-02-05,0.11041785510553334
1975-05-05,0.1081003993154592
1975-06-05,0.11023958927552766
1975-07-05,0.11294922989161438
1975-08-05,0.11558756417569879
1975-09-05,0.11526668568168852
1975-12-05,0.11758414147176269
1975-02-06,0.11259269823160295
1975-03-06,0.11376925270964061
1975-04-06,0.11384055904164289
1975-05-06,0.11248573873359952
1975-06-06,0.11202224757558468
1975-09-06,0.11355533371363374
1975-10-06,0.11783371363377065
1975-11-06,0.11644324015972618
1975-12-06,0.11701369081574442
1975-01-07,0.11804763262977752
1975-02-07,0.11644324015972618
1975-03-07,0.1154449515116942
1975-04-07,0.1170849971477467
1975-07-07,0.11587278950370791
1975-08-07,0.11562321734169992
1975-09-07,0.12004420992584142
1975-10-07,0.1202224757558471
1975-11-07,0.11765544780376497
1975-01-08,0.13291500285225327
1975-04-08,0.13804905875641757
1975-05-08,0.13719338277239018
1975-06-08,0.1346976611523103
1975-07-08,0.1386908157444381
1975-08-08,0.14043782087849402
1975-11-08,0.13202367370222473
1975-12-08,0.13170279520821448
1975-01-09,0.11626497432972047
1975-02-09,0.11212920707358812
1975-03-09,0.11494580718767827
1975-04-09,0.11701369081574442
1975-05-09,0.1142683970336566
1975-08-09,0.1153379920136908
1975-09-09,0.11130918425556188
1975-10-09,0.11758414147176269
1975-11-09,0.11615801483171706
1975-12-09,0.1154092983456931
1975-01-10,0.11523103251568736
1975-02-10,0.11669281232173415
1975-03-10,0.11373359954363946
1975-06-10,0.11380490587564177
1975-07-10,0.11277096406160864
1975-08-10,0.1123074729035938
1975-09-10,0.10781517398745008
1975-10-10,0.1091699942954934
1975-03-11,0.10442812321734168
1975-04-11,0.10638904734740445
1975-05-11,0.10813605248146033
1975-06-11,0.11287792355961207
1975-07-11,0.11105961209355389
1975-10-11,0.11237877923559611
1975-11-11,0.11344837421563034
1975-12-11,0.11127353108956073
1975-01-12,0.10164717626925271
1975-02-12,0.10154021677124928
1975-03-12,0.10246719908727894
1975-04-12,0.10082715345122645
1975-05-12,0.09840273816314887
1975-08-12,0.09833143183114659
1975-09-12,0.09469480889903023
1975-10-12,0.09761836851112377
1975-11-12,0.09733314318311465
1975-12-12,0.09786794067313179
1976-02-01,0.10310895607529946
1976-05-01,0.10439247005134056
1976-06-01,0.10606816885339415
1976-07-01,0.10692384483742154
1976-08-01,0.10699515116942382
1976-09-01,0.10546206503137479
1976-12-01,0.10539075869937248
1976-02-02,0.09704791785510553
1976-03-02,0.09843839132915003
1976-04-02,0.09547917855105534
1976-05-02,0.09522960638904734
1976-06-02,0.09686965202509981
1976-09-02,0.09715487735310893
1976-10-02,0.0956217912150599
1976-11-02,0.10004278379920137
1976-12-02,0.10039931545921277
1976-01-03,0.10414289788933254
1976-02-03,0.10243154592127779
1976-03-03,0.10303764974329718
1976-04-03,0.10289503707929265
1976-05-03,0.10542641186537363
1976-08-03,0.10663861950941242
1976-09-03,0.10539075869937248
1976-10-03,0.10792213348545351
1976-11-03,0.10728037649743294
1976-12-03,0.1064603536794067
1976-01-04,0.10157586993725043
1976-02-04,0.10275242441528806
1976-05-04,0.10032800912721049
1976-06-04,0.10214632059326864
1976-07-04,0.1033228750713063
1976-08-04,0.10674557900741585
1976-09-04,0.10724472333143181
1976-12-04,0.10681688533941813
1976-03-05,0.11202224757558468
1976-04-05,0.11095265259555048
1976-05-05,0.11006132344552194
1976-06-05,0.11077438676554474
1976-07-05,0.11401882487164858
1976-10-05,0.1173345693097547
1976-11-05,0.11416143753565317
1976-12-05,0.11619366799771816
1976-01-06,0.12139903023388474
1976-02-06,0.12040074158585282
1976-03-06,0.11997290359383911
1976-04-06,0.12068596691386194
1976-07-06,0.11972333143183111
1976-08-06,0.12603394181403307
1976-09-06,0.12450085567598401
1976-10-06,0.12763833428408441
1976-11-06,0.13020536223616658
1976-01-07,0.1264261266400456
1976-02-07,0.1315601825442099
1976-05-07,0.13241585852823728
1976-06-07,0.13444808899030233
1976-07-07,0.1359098687963491
1976-08-07,0.13298630918425555
1976-09-07,0.1338063320022818
1976-12-07,0.1319880205362236
1976-02-08,0.11405447803764973
1976-03-08,0.10617512835139759
1976-04-08,0.11105961209355389
1976-05-08,0.10945521962350255
1976-06-08,0.10546206503137479
1976-09-08,0.10303764974329718
1976-10-08,0.10439247005134056
1976-11-08,0.10760125499144324
1976-12-08,0.10703080433542497
1976-01-09,0.10039931545921277
1976-02-09,0.1076369081574444
1976-03-09,0.10742298916143753
1976-06-09,0.10977609811751282
1976-07-09,0.1100969766115231
1976-08-09,0.11312749572162006
1976-09-09,0.10703080433542497
1976-10-09,0.10760125499144324
1976-01-10,0.1100969766115231
1976-04-10,0.10827866514546491
1976-05-10,0.1094908727895037
1976-06-10,0.10820735881346263
1976-07-10,0.10777952082144893
1976-08-10,0.10596120935539075
1976-11-10,0.10193240159726183
1976-12-10,0.1035724472333143
1976-01-11,0.10792213348545351
1976-02-11,0.10777952082144893
1976-03-11,0.10991871078151741
1976-04-11,0.10774386765544777
1976-05-11,0.11016828294352538
1976-08-11,0.11105961209355389
1976-09-11,0.10884911580148315
1976-10-11,0.11309184255561891
1976-11-11,0.11373359954363946
1976-12-11,0.11319880205362234
1976-01-12,0.10588990302338847
1976-02-12,0.10906303479749002
1976-03-12,0.10817170564746148
1976-06-12,0.11048916143753565
1976-07-12,0.11023958927552766
1976-08-12,0.10952652595550486
1976-09-12,0.1111309184255562
1976-10-12,0.11027524244152881
1977-04-01,0.11245008556759839
1977-05-01,0.11120222475755845
1977-06-01,0.11102395892755276
1977-07-01,0.11145179691956644
1977-10-01,0.11088134626354818
1977-11-01,0.10842127780946945
1977-12-01,0.10906303479749002
1977-01-02,0.11398317170564745
1977-02-02,0.11316314888762119
1977-03-02,0.1150884198516828
1977-04-02,0.11423274386765545
1977-07-02,0.11622932116371931
1977-08-02,0.11526668568168852
1977-09-02,0.11665715915573299
1977-10-02,0.1154092983456931
1977-11-02,0.11412578436965201
1977-01-03,0.12286081003993152
1977-02-03,0.12578436965202508
1977-03-03,0.12574871648602395
1977-04-03,0.124750427837992
1977-07-03,0.12881488876212205
1977-08-03,0.12828009127210496
1977-09-03,0.1260695949800342
1977-10-03,0.12699657729606387
1977-11-03,0.1260695949800342
1977-01-04,0.12706788362806617
1977-04-04,0.12892184826012548
1977-05-04,0.12646177980604675
1977-06-04,0.12232601254991443
1977-07-04,0.12400171135196805
1977-12-04,0.12482173416999426
1977-02-05,0.12485738733599541
1977-03-05,0.1251782658300057
1977-04-05,0.12503565316600113
1977-05-05,0.12289646320593267
1977-06-05,0.12364517969195665
1977-09-05,0.12378779235596118
1977-10-05,0.1236095265259555
1977-11-05,0.12460781517398745
1977-12-05,0.12350256702795206
1977-01-06,0.1181189389617798
1977-02-06,0.11783371363377065
1977-03-06,0.11683542498573873
1977-08-06,0.11651454649172846
1977-09-06,0.11269965772960636
1977-10-06,0.11102395892755276
1977-01-07,0.11590844266970904
1977-04-07,0.11259269823160295
1977-05-07,0.11344837421563034
1977-06-07,0.11280661722760979
1977-07-07,0.11369794637763833
1977-08-07,0.11327010838562462
1977-11-07,0.11391186537364514
1977-12-07,0.11451796919566457
1977-01-08,0.11558756417569879
1977-02-08,0.11605105533371363
1977-03-08,0.11701369081574442
1977-04-08,0.11801197946377637
1977-05-08,0.11687107815173986
1977-08-08,0.117405875641757
1977-09-08,0.11761979463776381
1977-10-08,0.11704934398174555
1977-11-08,0.1170849971477467
1977-12-08,0.11555191100969764
1977-01-09,0.11401882487164858
1977-02-09,0.11391186537364514
1977-05-09,0.11573017683970335
1977-06-09,0.11551625784369648
1977-07-09,0.1143040501996577
1977-08-09,0.1154449515116942
1977-09-09,0.11319880205362234
1977-12-09,0.11491015402167712
1977-03-10,0.12065031374786078
1977-04-10,0.12015116942384482
1977-05-10,0.12100684540787221
1977-06-10,0.11990159726183683
1977-07-10,0.12004420992584142
1977-10-10,0.1209355390758699
1977-11-10,0.12275385054192811
1977-12-10,0.12410867084997146
1977-01-11,0.12845835710211065
1977-02-11,0.12706788362806617
1977-03-11,0.12706788362806617
1977-04-11,0.1288505419281232
1977-07-11,0.13038362806617226
1977-08-11,0.1284227039361095
1977-09-11,0.13166714204221333
1977-10-11,0.13081146605818594
1977-11-11,0.13177410154021676
1977-01-12,0.12503565316600113
1977-02-12,0.122219053051911
1977-05-12,0.12271819737592699
1977-06-12,0.12507130633200228
1977-07-12,0.12364517969195665
1977-08-12,0.12457216200798629
1977-09-12,0.12435824301197945
1977-12-12,0.12364517969195665
1978-03-01,0.12828009127210496
1978-04-01,0.13184540787221902
1978-05-01,0.1264261266400456
1978-06-01,0.12795921277809466
1978-09-01,0.12813747860810037
1978-10-01,0.1316314888762122
1978-11-01,0.1308471192241871
1978-12-01,0.13209498003422704
1978-01-02,0.13291500285225327
1978-02-02,0.1306688533941814
1978-03-02,0.12938533941814032
1978-06-02,0.1299914432401597
1978-07-02,0.12952795208214488
1978-08-02,0.12874358243011977
1978-09-02,0.12760268111808326
1978-10-02,0.1292070735881346
1978-01-03,0.13316457501426124
1978-02-03,0.13238020536223616
1978-03-03,0.1330576155162578
1978-06-03,0.13295065601825443
1978-07-03,0.13562464346833997
1978-08-03,0.14435966913861947
1978-09-03,0.1433257273245864
1978-10-03,0.14129349686252138
1978-03-04,0.14778237307472902
1978-04-04,0.14553622361665713
1978-05-04,0.1426126640045636
1978-06-04,0.1448231602966343
1978-07-04,0.14172133485453506
1978-10-04,0.14189960068454077
1978-11-04,0.14271962350256703
1978-12-04,0.14407444381061035
1978-02-05,0.13209498003422704
1978-03-05,0.13455504848830577
1978-04-05,0.13580290929834568
1978-05-05,0.13601682829435252
1978-08-05,0.13473331431831145
1978-09-05,0.13455504848830577
1978-10-05,0.13508984597832285
1978-11-05,0.13726468910439246
1978-12-05,0.13605248146035367
1978-01-06,0.14721192241871076
1978-02-06,0.14895892755276668
1978-05-06,0.14510838562464343
1978-06-06,0.14364660581859667
1978-07-06,0.145500570450656
1978-08-06,0.1437535653166001
1978-09-06,0.14222047917855105
1978-12-06,0.14165002852253278
1978-03-07,0.1426126640045636
1978-04-07,0.1437535653166001
1978-05-07,0.14357529948659442
1978-06-07,0.14243439817455789
1978-07-07,0.1413291500285225
1978-10-07,0.142969195664575
1978-11-07,0.1431474614945807
1978-12-07,0.1433257273245864
1978-01-08,0.15844266970907014
1978-02-08,0.15427124928693667
1978-03-08,0.15259555048488302
1978-04-08,0.1514546491728465
1978-07-08,0.1534512264689104
1978-08-08,0.15362949229891615
1978-09-08,0.15362949229891615
1978-10-08,0.15042070735881344
1978-11-08,0.15534084426697087
1978-01-09,0.15141899600684539
1978-04-09,0.15380775812892183
1978-05-09,0.15295208214489447
1978-06-09,0.15291642897889332
1978-07-09,0.15152595550484882
1978-08-09,0.15059897318881918
1978-11-09,0.14970764403879064
1978-12-09,0.15070593268682256
1978-02-10,0.15690958357102108
1978-03-10,0.16026098117512835
1978-04-10,0.16332715345122645
1978-05-10,0.1630062749572162
1978-06-10,0.16275670279520818
1978-09-10,0.16129492298916143
1978-10-10,0.1681759840273816
1978-11-10,0.16767683970336564
1978-12-10,0.16903166001140899
1978-01-11,0.17334569309754705
1978-02-11,0.1633628066172276
1978-03-11,0.16165145464917283
1978-06-11,0.16054620650313747
1978-07-11,0.16343411294922988
1978-08-11,0.16453936109526524
1978-09-11,0.1619723331431831
1978-10-11,0.1588348545350827
1978-01-12,0.16674985738733597
1978-04-12,0.166500285225328
1978-05-12,0.16375499144324016
1978-06-12,0.16289931545921277
1978-07-12,0.16346976611523104
1978-08-12,0.16350541928123213
1978-11-12,0.16496719908727894
1978-12-12,0.1630062749572162
1979-02-01,0.17152738163148887
1979-03-01,0.1681759840273816
1979-04-01,0.16792641186537363
1979-05-01,0.1679977181973759
1979-08-01,0.16888904734740445
1979-09-01,0.16924557900741585
1979-10-01,0.16785510553337135
1979-11-01,0.16831859669138619
1979-12-01,0.16625071306331998
1979-01-02,0.19152880775812892
1979-02-02,0.19049486594409581
1979-05-02,0.2070022818026241
1979-06-02,0.2064318311466058
1979-07-02,0.21516685681688535
1979-08-02,0.22258271534512264
1979-09-02,0.20436394751853962
1979-12-02,0.2172347404449515
1979-01-03,0.226468910439247
1979-02-03,0.2286794067313177
1979-05-03,0.21734169994295494
1979-06-03,0.2181973759269823
1979-07-03,0.21766257843696518
1979-08-03,0.21227895037079292
1979-09-03,0.21302766685681684
1979-12-03,0.21363377067883627
1979-02-04,0.22065744438106105
1979-03-04,0.21955219623502564
1979-04-04,0.21602253280091271
1979-05-04,0.21816172276098117
1979-06-04,0.21823302909298342
1979-09-04,0.22172703936109522
1979-10-04,0.22482886480319453
1979-11-04,0.22276098117512833
1979-12-04,0.21798345693097548
1979-01-05,0.24058756417569876
1979-02-05,0.23581003993154592
1979-03-05,0.23723616657159152
1979-04-05,0.24019537934968627
1979-08-05,0.25
1979-09-05,0.24408157444381062
1979-10-05,0.2532444381061038
1979-11-05,0.2524244152880776
1979-01-06,0.2624786081003993
1979-04-06,0.2552053622361665
1979-05-06,0.25748716486023954
1979-06-06,0.26262122076440386
1979-07-06,0.2557758128921848
1979-08-06,0.25738020536223616
1979-11-06,0.26212207644038793
1979-12-06,0.2558471192241871
1979-02-07,0.26472475755847114
1979-03-07,0.2613377067883628
1979-04-07,0.2664361095265259
1979-05-07,0.269751853964632
1979-06-07,0.2730675984027381
1979-09-07,0.2716771249286936
1979-10-07,0.27702509982886475
1979-11-07,0.27980604677695375
1979-12-07,0.28212350256702795
1979-01-08,0.27891471762692527
1979-02-08,0.2799843126069595
1979-03-08,0.27559897318881915
1979-06-08,0.27053622361665713
1979-07-08,0.26775527666856813
1979-08-08,0.268218767826583
1979-09-08,0.2757415858528237
1979-10-08,0.2801982316029663
1979-03-09,0.34344694808899023
1979-04-09,0.3449800342270394
1979-05-09,0.3639475185396463
1979-06-09,0.4020250998288648
1979-07-09,0.37257558471192237
1979-10-09,0.3896177980604677
1979-11-09,0.3899743297204792
1979-12-09,0.39264831717056475
1979-01-10,0.5639617798060468
1979-02-10,0.5999714774671991
1979-03-10,0.5607529948659441
1979-04-10,0.48588134626354823
1979-05-10,0.5001426126640046
1979-08-10,0.5001426126640046
1979-09-10,0.5322304620650313
1979-10-10,0.5571876782658299
1979-11-10,0.5516614375356532
1979-12-10,0.5598616657159157
1979-01-11,0.5365088419851683
1979-02-11,0.5256346263548204
1979-05-11,0.5322304620650313
1979-06-11,0.5439960068454079
1979-07-11,0.5514831717056474
1979-08-11,0.5393610952652595
1979-09-11,0.5395393610952653
1979-12-11,0.5411437535653166
1979-03-12,0.6634341129492298
1979-04-12,0.6504207073588135
1979-05-12,0.63562464346834
1979-06-12,0.6527381631488876
1979-07-12,0.6358029092983457
1979-10-12,0.6323802053622362
1979-11-12,0.6623645179691957
1979-12-12,0.6727039361095266
1980-11-03,0.9582857957786651
1980-01-04,0.5603964632059326
1980-02-04,0.4890901312036509
1980-03-04,0.4805333713633771
1980-08-04,0.5472047917855106
1980-09-04,0.5821448944666288
1980-10-04,0.5086993725042783
1980-11-04,0.5115516257843696
1980-01-05,0.38248716486023954
1980-02-05,0.4217056474614945
1980-06-05,0.43240159726183686
1980-07-05,0.4074443810610382
1980-08-05,0.42634055904164286
1980-09-05,0.41849686252139184
1980-12-05,0.40887050770108385
1980-02-06,0.4769680547632629
1980-03-06,0.45974757558471185
1980-04-06,0.4947946377638334
1980-05-06,0.5250998288648032
1980-06-06,0.5616443240159726
1980-09-06,0.591058185966914
1980-10-06,0.5108385624643469
1980-11-06,0.5058471192241871
1980-12-06,0.5001426126640046
1980-01-07,0.5643539646320593
1980-02-07,0.5712350256702795
1980-03-07,0.5524458071876782
1980-04-07,0.5571876782658299
1980-07-07,0.553622361665716
1980-08-07,0.577153451226469
1980-09-07,0.5608956075299487
1980-10-07,0.5425698802053622
1980-11-07,0.5322304620650313
1980-01-08,0.5111950941243583
1980-04-08,0.5135125499144324
1980-05-08,0.527595550484883
1980-06-08,0.5215345122646892
1980-07-08,0.5304478037649744
1980-08-08,0.530875641756988
1980-11-08,0.5129777524244153
1980-12-08,0.5126212207644039
1980-01-09,0.5247432972047918
1980-02-09,0.5317313177410155
1980-03-09,0.532408727895037
1980-04-09,0.535154021677125
1980-05-09,0.5617869366799773
1980-08-09,0.5999714774671991
1980-09-09,0.6231460353679407
1980-10-09,0.6576583000570451
1980-11-09,0.6470336565887052
1980-12-09,0.7265402167712492
1980-01-10,0.7301768397033657
1980-02-10,0.7104962920707358
1980-03-10,0.6645037079292642
1980-06-10,0.6855390758699372
1980-07-10,0.6980176839703366
1980-08-10,0.6926697090701655
1980-09-10,0.7166286366229321
1980-10-10,0.7201226468910439
1980-03-11,0.6259982886480319
1980-04-11,0.658906160867085
1980-05-11,0.671277809469481
1980-06-11,0.6267113519680548
1980-07-11,0.5785795778665146
1980-10-11,0.6160510553337136
1980-11-11,0.5821448944666288
1980-12-11,0.6010410724472333
1980-01-12,0.6285653166001142
1980-02-12,0.6185111237877924
1980-03-12,0.6131631488876212
1980-04-12,0.6185824301197946
1980-05-12,0.5981888191671421
1980-08-12,0.5760482030804335
1980-09-12,0.5678836280661723
1980-10-12,0.5291999429549343
1980-11-12,0.4851326297775242
1980-12-12,0.4644894466628637
1981-05-01,0.5179691956645751
1981-06-01,0.5359027381631489
1981-07-01,0.5179691956645751
1981-08-01,0.5037079292641187
1981-09-01,0.5119081574443811
1981-12-01,0.48299343981745574
1981-02-02,0.4129706217912151
1981-03-02,0.3992441528807758
1981-04-02,0.429905875641757
1981-05-02,0.42534227039361094
1981-06-02,0.4306189389617798
1981-09-02,0.4502281802624073
1981-10-02,0.4489803194523673
1981-11-02,0.4305476326297775
1981-12-02,0.41849686252139184
1981-02-03,0.3682258984597832
1981-03-03,0.367156303479749
1981-04-03,0.38141756988020536
1981-05-03,0.3561038220193953
1981-06-03,0.3664432401597262
1981-09-03,0.37546349115801486
1981-10-03,0.38730034227039356
1981-11-03,0.37357387335995434
1981-12-03,0.3732173416999429
1981-01-04,0.38355675984027376
1981-02-04,0.3896177980604677
1981-03-04,0.3889047347404449
1981-06-04,0.39425270964061604
1981-07-04,0.38106103822019394
1981-08-04,0.38106103822019394
1981-09-04,0.3687606959498003
1981-10-04,0.36109526525955504
1981-01-05,0.351468910439247
1981-05-05,0.3425556189389618
1981-06-05,0.34644181403308616
1981-07-05,0.343625213918996
1981-08-05,0.35057758128921845
1981-11-05,0.36180832857957784
1981-12-05,0.35039931545921277
1981-01-06,0.3351754135767256
1981-02-06,0.3282943525385054
1981-03-06,0.3289717626925271
1981-04-06,0.31225042783799195
1981-05-06,0.3109669138619509
1981-08-06,0.314781802624073
1981-09-06,0.32009412435824297
1981-10-06,0.3182758128921848
1981-11-06,0.3165288077581289
1981-12-06,0.327937820878494
1981-01-07,0.2559184255561893
1981-02-07,0.2509626354820308
1981-03-07,0.25559754706217913
1981-06-07,0.246969480889903
1981-07-07,0.2567384483742156
1981-08-07,0.25153308613804903
1981-09-07,0.26518824871648605
1981-10-07,0.2726754135767256
1981-03-08,0.24843126069594978
1981-04-08,0.24914432401597258
1981-05-08,0.24985738733599538
1981-06-08,0.2548844837421563
1981-07-08,0.25812892184826014
1981-10-08,0.2521748431260696
1981-11-08,0.25955504848830574
1981-12-08,0.27481460353679404
1981-01-09,0.28087564175698804
1981-02-09,0.2896819737592698
1981-03-09,0.2966343411294923
1981-04-09,0.3093981745579007
1981-07-09,0.30583285795778664
1981-08-09,0.31217912150598975
1981-09-09,0.3179549343981745
1981-10-09,0.34408870507701084
1981-11-09,0.33909726183685107
1981-01-10,0.286936679977182
1981-02-10,0.28736451796919565
1981-05-10,0.29139332572732457
1981-06-10,0.2769181403308614
1981-07-10,0.2855105533371363
1981-08-10,0.2837278950370793
1981-09-10,0.2930690245293782
1981-12-10,0.2927481460353679
1981-02-11,0.28151739874500853
1981-03-11,0.27584854535082715
1981-04-11,0.28080433542498573
1981-05-11,0.2779877353108956
1981-06-11,0.2771677124928693
1981-09-11,0.2794851682829435
1981-10-11,0.27160581859669136
1981-11-11,0.262157729606389
1981-12-11,0.2604820308043354
1981-01-12,0.24229891614375354
1981-02-12,0.24308328579577865
1981-03-12,0.2572375926982316
1981-04-12,0.26661437535653165
1981-07-12,0.2641899600684541
1981-08-12,0.2676839703365658
1981-09-12,0.26251426126640043
1981-10-12,0.2569880205362236
1981-11-12,0.25780804335424984
1982-04-01,0.24208499714774667
1982-05-01,0.2454007415858528
1982-06-01,0.2492156303479749
1982-07-01,0.24361808328579576
1982-08-01,0.24771819737592699
1982-11-01,0.2400527666856817
1982-12-01,0.24290501996577296
1982-01-02,0.24415288077581282
1982-02-02,0.24165715915573305
1982-03-02,0.24550770108385622
1982-04-02,0.2544922989161437
1982-05-02,0.25827153451226464
1982-08-02,0.2569880205362236
1982-09-02,0.25342270393610955
1982-10-02,0.26340559041642897
1982-11-02,0.25984027381631486
1982-12-02,0.25834284084426695
1982-01-03,0.23064033086138047
1982-02-03,0.23727181973759265
1982-03-03,0.232030804335425
1982-04-03,0.22304620650313745
1982-08-03,0.21634341129492296
1982-09-03,0.20439960068454077
1982-10-03,0.21153023388476894
1982-11-03,0.21117370222475756
1982-12-03,0.20564746149458069
1982-01-04,0.20814318311466057
1982-02-04,0.20814318311466057
1982-05-04,0.2142042213348545
1982-06-04,0.21762692527096406
1982-07-04,0.22115658870507698
1982-08-04,0.21883913291500284
1982-04-05,0.2005847119224187
1982-05-05,0.19780376497432972
1982-06-05,0.19709070165430687
1982-07-05,0.19922989161437535
1982-10-05,0.19341842555618938
1982-11-05,0.19266970907016542
1982-12-05,0.1931688533941814
1982-01-06,0.1719908727895037
1982-02-06,0.16749857387335992
1982-03-06,0.17088562464346835
1982-04-06,0.16585852823730746
1982-07-06,0.1657159155733029
1982-08-06,0.17159868796349115
1982-09-06,0.16564460924130062
1982-10-06,0.16436109526525952
1982-11-06,0.1666785510553337
1982-01-07,0.15830005704506558
1982-02-07,0.16411152310325156
1982-05-07,0.16732030804335424
1982-06-07,0.16357672561323444
1982-07-07,0.15184683399885907
1982-08-07,0.15912007986309185
1982-09-07,0.17701796919566457
1982-12-07,0.1794780376497433
1982-02-08,0.20022818026240727
1982-03-08,0.20725185396463203
1982-04-08,0.1974472333143183
1982-05-08,0.2019038790644609
1982-06-08,0.19780376497432972
1982-09-08,0.1890687393040502
1982-10-08,0.18596691386195094
1982-11-08,0.177124928693668
1982-12-08,0.17737450085567597
1982-01-09,0.22882201939532232
1982-02-09,0.23060467769537935
1982-03-09,0.26839703365658873
1982-06-09,0.28087564175698804
1982-07-09,0.2916785510553337
1982-08-09,0.27124928693668
1982-09-09,0.2872575584711922
1982-10-09,0.26668568168853396
1982-01-10,0.2481460353679406
1982-04-10,0.244438106103822
1982-05-10,0.23898317170564742
1982-06-10,0.24786081003993155
1982-07-10,0.2565601825442099
1982-08-10,0.2721406160867085
1982-11-10,0.27909298345693095
1982-12-10,0.29121505989731883
1982-01-11,0.31759840273816314
1982-02-11,0.3236594409583571
1982-03-11,0.32722475755847114
1982-04-11,0.3318596691386195
1982-05-11,0.3319309754706218
1982-08-11,0.31920279520821443
1982-09-11,0.31624358243011974
1982-10-11,0.31742013690815746
1982-11-11,0.30262407301768396
1982-12-11,0.28871933827723895
1982-01-12,0.3161722760981175
1982-02-12,0.31585139760410724
1982-03-12,0.32633342840844265
1982-06-12,0.3241942384483742
1982-07-12,0.3489731888191671
1982-08-12,0.33906160867084995
1982-09-12,0.32729606389047344
1982-10-12,0.3266899600684541
1983-04-01,0.3491514546491728
1983-05-01,0.35036366229321164
1983-06-01,0.3572090701654307
1983-07-01,0.3550342270393611
1983-10-01,0.3832002281802624
1983-11-01,0.3904021677124928
1983-12-01,0.38587421563034796
1983-01-02,0.46456075299486593
1983-02-02,0.4436323445521962
1983-03-02,0.466628636622932
1983-04-02,0.4592127780946948
1983-05-02,0.22347404449515113
1983-07-02,0.44274101540216765
1983-08-02,0.45735881346263546
1983-09-02,0.4477324586423274
1983-10-02,0.4502281802624073
1983-11-02,0.46313462635482033
1983-01-03,0.3354249857387336
1983-02-03,0.3467270393610952
1983-03-03,0.3447661152310325
1983-04-03,0.33243011979463777
1983-07-03,0.3282230462065031
1983-08-03,0.3325014261266401
1983-09-03,0.3325727324586423
1983-10-03,0.34612093553907586
1983-11-03,0.3421990872789503
1983-05-04,0.3459426697090701
1983-06-04,0.353251568739304
1983-07-04,0.3518967484312607
1983-08-04,0.34754706217912146
1983-11-04,0.3507915002852253
1983-12-04,0.35931260695949796
1983-03-05,0.38665858528237307
1983-04-05,0.39489446662863664
1983-05-05,0.39824586423274383
1983-06-05,0.3968197375926982
1983-09-05,0.4042355961209355
1983-10-05,0.41396891043924694
1983-11-05,0.42402310325156867
1983-12-05,0.41457501426126636
1983-01-06,0.4090487735310895
1983-02-06,0.3914004563605248
1983-03-06,0.38943953223046207
1983-06-06,0.3726825442099258
1983-07-06,0.35004278379920134
1983-08-06,0.35039931545921277
1983-09-06,0.3557472903593839
1983-10-06,0.372967769537935
1983-01-07,0.36697803764974324
1983-04-07,0.36983029092983455
1983-05-07,0.3639475185396463
1983-06-07,0.36180832857957784
1983-07-07,0.3685824301197946
1983-08-07,0.3836637193382772
1983-11-07,0.38533941814033085
1983-12-07,0.3961066742726754
1983-01-08,0.37553479749001706
1983-02-08,0.3778522532800912
1983-03-08,0.37696092413006277
1983-04-08,0.3799914432401597
1983-05-08,0.36769110096976615
1983-08-08,0.36733456930975467
1983-09-08,0.36904592127780944
1983-10-08,0.3639475185396463
1983-11-08,0.36929549343981743
1983-12-08,0.3726468910439247
1983-01-09,0.3881916714204221
1983-02-09,0.38926126640045633
1983-05-09,0.39460924130062747
1983-06-09,0.3960353679406731
1983-07-09,0.3877638334284084
1983-08-09,0.38872646891043927
1983-09-09,0.39122219053051904
1983-12-09,0.3921135196805476
1983-03-10,0.32544209925841416
1983-04-10,0.32622646891043927
1983-05-10,0.30191100969766116
1983-06-10,0.3236594409583571
1983-07-10,0.3226968054763263
1983-10-10,0.3266543069024529
1983-11-10,0.3312179121505989
1983-12-10,0.31838277239018825
1983-01-11,0.25306617227609807
1983-02-11,0.266970907016543
1983-03-11,0.2646534512264689
1983-04-11,0.2721406160867085
1983-07-11,0.26911009697661153
1983-08-11,0.2767042213348545
1983-09-11,0.27356674272675413
1983-10-11,0.27588419851682827
1983-11-11,0.27249714774671985
1983-01-12,0.2962065031374786
1983-02-12,0.301625784369652
1983-05-12,0.29934398174557897
1983-06-12,0.29342555618938965
1983-07-12,0.29570735881346266
1983-08-12,0.3044423844837421
1983-09-12,0.2844409583571021
1983-12-12,0.2922846548773531
1984-03-01,0.27410154021677124
1984-04-01,0.2569880205362236
1984-05-01,0.2554192812321734
1984-06-01,0.25459925841414716
1984-09-01,0.2363091842555619
1984-10-01,0.24379634911580145
1984-11-01,0.24058756417569876
1984-12-01,0.23880490587564174
1984-01-02,0.2649030233884769
1984-02-02,0.2694666286366229
1984-03-02,0.2708927552766685
1984-06-02,0.2659726183685111
1984-07-02,0.26251426126640043
1984-08-02,0.2767042213348545
1984-09-02,0.2773103251568739
1984-10-02,0.2659726183685111
1984-01-03,0.29781089560752994
1984-02-03,0.29930832857957784
1984-05-03,0.31510268111808326
1984-06-03,0.3124286936679977
1984-07-03,0.30879207073588133
1984-08-03,0.29905875641756985
1984-09-03,0.30661722760981175
1984-12-03,0.3001996577296064
1984-02-04,0.30198231602966347
1984-03-04,0.2881845407872219
1984-04-04,0.2883628066172276
1984-05-04,0.28871933827723895
1984-06-04,0.2792712492869367
1984-09-04,0.28230176839703364
1984-10-04,0.2813034797490017
1984-11-04,0.28593839132915
1984-12-04,0.28408442669709066
1984-01-05,0.27296063890473476
1984-02-05,0.27410154021677124
1984-03-05,0.2773816314888762
1984-04-05,0.2772390188248716
1984-08-05,0.2607316029663434
1984-09-05,0.26304905875641754
1984-10-05,0.2614446662863662
1984-11-05,0.26661437535653165
1984-01-06,0.288469766115231
1984-04-06,0.2888976041072447
1984-05-06,0.28789931545921277
1984-06-06,0.2862949229891614
1984-07-06,0.28354962920707355
1984-08-06,0.27984169994295494
1984-11-06,0.27581289218482596
1984-12-06,0.2638690815744438
1984-02-07,0.25039218482601255
1984-03-07,0.24736166571591556
1984-04-07,0.24543639475185397
1984-05-07,0.23302909298345692
1984-06-07,0.22561323445521958
1984-09-07,0.2129207073588134
1984-10-07,0.22347404449515113
1984-11-07,0.21131631488876212
1984-12-07,0.21356246434683396
1984-01-08,0.20475613234455214
1984-02-08,0.21652167712492865
1984-03-08,0.22347404449515113
1984-06-08,0.2291785510553337
1984-07-08,0.21687820878494007
1984-08-08,0.22340273816314887
1984-09-08,0.22133485453508273
1984-10-08,0.23577438676554474
1984-03-09,0.21545208214489447
1984-04-09,0.2116728465487735
1984-05-09,0.20814318311466057
1984-06-09,0.21056759840273814
1984-07-09,0.2099258414147176
1984-10-09,0.20985453508271534
1984-11-09,0.21099543639475182
1984-12-09,0.21088847689674844
1984-01-10,0.22037221905305188
1984-02-10,0.22229749001711346
1984-03-10,0.225969766115231
1984-04-10,0.22490017113519678
1984-05-10,0.22465059897318884
1984-08-10,0.2142042213348545
1984-09-10,0.2127780946948089
1984-10-10,0.20796491728465488
1984-11-10,0.20832144894466625
1984-12-10,0.2087136337706788
1984-01-11,0.2104962920707359
1984-02-11,0.21901739874500853
1984-05-11,0.22219053051911009
1984-06-11,0.22465059897318884
1984-07-11,0.23452652595550483
1984-08-11,0.22882201939532232
1984-09-11,0.22614803194523675
1984-12-11,0.22810895607529946
1984-03-12,0.20415002852253278
1984-04-12,0.2066457501426126
1984-05-12,0.20764403879064458
1984-06-12,0.20693097547062178
1984-07-12,0.20375784369652022
1984-10-12,0.19887335995436392
1984-11-12,0.19826725613234455
1984-12-12,0.1966985168282943
1985-02-01,0.1774814603536794
1985-03-01,0.16917427267541357
1985-04-01,0.17166999429549343
1985-07-01,0.16250713063320021
1985-08-01,0.17124215630347975
1985-09-01,0.164218482601255
1985-10-01,0.17177695379349683
1985-11-01,0.1724900171135197
1985-01-02,0.17908585282373074
1985-04-02,0.17352395892755276
1985-05-02,0.17373787792355957
1985-06-02,0.17569880205362234
1985-07-02,0.17395179691956644
1985-08-02,0.17338134626354818
1985-11-02,0.17142042213348543
1985-12-02,0.17630490587564174
1985-01-03,0.15448516828294354
1985-04-03,0.15573302909298342
1985-05-03,0.15648174557900738
1985-06-03,0.1550912721049629
1985-07-03,0.15715915573302908
1985-08-03,0.15698088990302336
1985-11-03,0.15583998859098686
1985-12-03,0.15131203650884198
1985-01-04,0.18710781517398742
1985-02-04,0.18354249857387334
1985-03-04,0.18628779235596118
1985-04-04,0.1824729035938391
1985-09-04,0.19095835710211065
1985-10-04,0.19120792926411864
1985-11-04,0.1927410154021677
1985-12-04,0.19227752424415287
1985-01-05,0.17391614375356532
1985-02-05,0.17391614375356532
1985-03-05,0.17427267541357672
1985-07-05,0.17373787792355957
1985-08-05,0.17751711351968055
1985-09-05,0.18104677695379348
1985-10-05,0.1789788933257273
1985-03-06,0.1760196805476326
1985-04-06,0.17241871078151738
1985-05-06,0.1707073588134626
1985-06-06,0.17281089560752994
1985-07-06,0.17224044495151167
1985-10-06,0.17156303479749
1985-11-06,0.1734883057615516
1985-12-06,0.1736665715915573
1985-01-07,0.17195521962350255
1985-02-07,0.16639332572732457
1985-03-07,0.1645750142612664
1985-04-07,0.1657159155733029
1985-05-07,0.16525242441528806
1985-08-07,0.16610810039931545
1985-09-07,0.17020821448944665
1985-10-07,0.1701725613234455
1985-11-07,0.16803337136337707
1985-12-07,0.1699942954934398
1985-01-08,0.1774814603536794
1985-02-08,0.1732030804335425
1985-05-08,0.17505704506560182
1985-06-08,0.1734883057615516
1985-07-08,0.1724900171135197
1985-08-08,0.17377353108956073
1985-09-08,0.17302481460353678
1985-12-08,0.1781945236737022
1985-02-09,0.17651882487164858
1985-03-09,0.17544922989161435
1985-04-09,0.17206217912150598
1985-05-09,0.17142042213348543
1985-06-09,0.16863947518539643
1985-09-09,0.1707073588134626
1985-10-09,0.16960211066742725
1985-11-09,0.1701725613234455
1985-12-09,0.16767683970336564
1985-01-10,0.16856816885339415
1985-02-10,0.16988733599543637
1985-03-10,0.17166999429549343
1985-04-10,0.1814033086138049
1985-07-10,0.1774814603536794
1985-08-10,0.1778379920136908
1985-09-10,0.17865801483171706
1985-10-10,0.1767683970336566
1985-11-10,0.17648317170564745
1985-01-11,0.17099258414147173
1985-04-11,0.17138476896748428
1985-05-11,0.17109954363947516
1985-06-11,0.17124215630347975
1985-07-11,0.1707073588134626
1985-08-11,0.1699942954934398
1985-11-11,0.17134911580148315
1985-12-11,0.17152738163148887
1985-02-12,0.17220479178551054
1985-03-12,0.17124215630347975
1985-04-12,0.17142042213348543
1985-05-12,0.17063605248146033
1985-06-12,0.17056474614945805
1985-09-12,0.16803337136337707
1985-10-12,0.1617940673131774
1985-11-12,0.16125926982316027
1985-12-12,0.16054620650313747
1986-02-01,0.1617940673131774
1986-03-01,0.15947661152310325
1986-06-01,0.1610810039931546
1986-07-01,0.16304192812321733
1986-08-01,0.16482458642327436
1986-09-01,0.16525242441528806
1986-10-01,0.1724900171135197
1986-03-02,0.1698160296634341
1986-04-02,0.16339845978322876
1986-05-02,0.16428978893325724
1986-06-02,0.1650028522532801
1986-07-02,0.164218482601255
1986-10-02,0.16621505989731888
1986-11-02,0.1633628066172276
1986-12-02,0.16503850541928122
1986-03-03,0.15608956075299485
1986-04-03,0.15313034797490016
1986-05-03,0.15780091272104962
1986-06-03,0.15377210496292068
1986-07-03,0.1545564746149458
1986-10-03,0.15248859098687964
1986-11-03,0.15466343411294922
1986-12-03,0.15680262407301768
1986-01-04,0.13951083856246432
1986-02-04,0.13655162578436963
1986-03-04,0.13915430690245292
1986-04-04,0.13676554478037647
1986-07-04,0.14161437535653162
1986-08-04,0.14468054763262977
1986-09-04,0.1445379349686252
1986-10-04,0.14435966913861947
1986-11-04,0.14753280091272103
1986-01-05,0.13683685111237878
1986-02-05,0.13726468910439246
1986-06-05,0.13808471192241867
1986-07-05,0.13865516257843694
1986-08-05,0.1411152310325157
1986-09-05,0.14047347404449512
1986-12-05,0.14079435253850542
1986-02-06,0.14022390188248715
1986-03-06,0.13733599543639471
1986-04-06,0.13655162578436963
1986-05-06,0.13815601825442098
1986-06-06,0.13808471192241867
1986-09-06,0.13812036508841982
1986-10-06,0.14318311466058187
1986-11-06,0.1446092413006275
1986-12-06,0.14806759840273814
1986-01-07,0.13630205362236164
1986-02-07,0.13665858528237307
1986-03-07,0.13526811180832857
1986-04-07,0.13480462065031373
1986-07-07,0.13498288648031942
1986-08-07,0.13658727895037076
1986-09-07,0.13683685111237878
1986-10-07,0.13508984597832285
1986-11-07,0.13516115231032513
1986-01-08,0.1346976611523103
1986-04-08,0.13779948659440955
1986-05-08,0.13794209925841414
1986-06-08,0.13943953223046204
1986-07-08,0.1389760410724472
1986-08-08,0.1400099828864803
1986-11-08,0.15042070735881344
1986-12-08,0.14806759840273814
1986-01-09,0.14022390188248715
1986-02-09,0.14022390188248715
1986-03-09,0.14753280091272103
1986-04-09,0.143468339988591
1986-05-09,0.14949372504278377
1986-08-09,0.15202509982886478
1986-09-09,0.15680262407301768
1986-10-09,0.1607244723331432
1986-11-09,0.15608956075299485
1986-12-09,0.1605818596691386
1986-01-10,0.15327296063890472
1986-02-10,0.15288077581289217
1986-03-10,0.16018967484312605
1986-06-10,0.15929834569309753
1986-07-10,0.15894181403308613
1986-08-10,0.15726611523103248
1986-09-10,0.1585852823730747
1986-10-10,0.15444951511694238
1986-03-11,0.15519823160296634
1986-04-11,0.1590131203650884
1986-05-11,0.15912007986309185
1986-06-11,0.15477039361095266
1986-07-11,0.15812179121505987
1986-10-11,0.16093839132915
1986-11-11,0.15922703936109525
1986-12-11,0.15947661152310325
1986-01-12,0.15056332002281803
1986-02-12,0.14835282373074726
1986-03-12,0.14407444381061035
1986-04-12,0.1464632059326868
1986-05-12,0.14539361095265257
1986-08-12,0.14621363377067884
1986-09-12,0.14542926411865373
1986-10-12,0.14432401597261837
1986-11-12,0.145500570450656
1986-12-12,0.14621363377067884
1987-02-01,0.14585710211066744
1987-05-01,0.14603536794067312
1987-06-01,0.14717626925270963
1987-07-01,0.145750142612664
1987-08-01,0.1477467199087279
1987-09-01,0.14674843126069592
1987-12-01,0.15102681118083283
1987-02-02,0.15177552766685679
1987-03-02,0.15020678836280663
1987-04-02,0.15084854535082715
1987-05-02,0.15056332002281803
1987-06-02,0.15302338847689673
1987-09-02,0.15181118083285794
1987-10-02,0.15216771249286934
1987-11-02,0.15227467199087277
1987-12-02,0.15113377067883627
1987-02-03,0.14821021106674273
1987-03-03,0.14870935539075866
1987-04-03,0.14985025670279517
1987-05-03,0.15102681118083283
1987-06-03,0.15191814033086137
1987-09-03,0.15252424415288077
1987-10-03,0.15163291500285225
1987-11-03,0.1523816314888762
1987-12-03,0.15305904164289788
1987-01-04,0.17769537934968624
1987-02-04,0.1792284654877353
1987-03-04,0.1811537364517969
1987-06-04,0.18635909868796346
1987-07-04,0.19512977752424415
1987-08-04,0.19313320022818026
1987-09-04,0.19184968625213916
1987-10-04,0.20065601825442098
1987-01-05,0.23755704506560177
1987-05-05,0.2737450085567598
1987-06-05,0.24675556189389614
1987-07-05,0.2432615516257844
1987-08-05,0.2466486023958927
1987-11-05,0.25039218482601255
1987-12-05,0.26447518539646314
1987-01-06,0.21630775812892183
1987-02-06,0.2247219053051911
1987-03-06,0.22814460924130064
1987-04-06,0.2266828294352538
1987-05-06,0.23559612093553906
1987-08-06,0.23488305761551626
1987-09-06,0.2297133485453508
1987-10-06,0.23737877923559608
1987-11-06,0.23238733599543637
1987-12-06,0.23659440958357103
1987-01-07,0.2149172846548773
1987-02-07,0.21776953793496862
1987-03-07,0.21281374786081003
1987-06-07,0.21145892755276668
1987-07-07,0.2209783228750713
1987-08-07,0.21705647461494582
1987-09-07,0.22675413576725612
1987-10-07,0.22757415858528235
1987-03-08,0.2612664004563605
1987-04-08,0.26590131203650885
1987-05-08,0.2552053622361665
1987-06-08,0.25032087849401025
1987-07-08,0.23933970336565885
1987-10-08,0.23039075869937248
1987-11-08,0.23327866514546491
1987-12-08,0.23131774101540215
1987-01-09,0.2202652595550485
1987-02-09,0.22561323445521958
1987-03-09,0.2277524244152881
1987-04-09,0.2284654877353109
1987-07-09,0.22875071306332
1987-08-09,0.22711066742726754
1987-09-09,0.22265402167712495
1987-10-09,0.2254349686252139
1987-11-09,0.23349258414147173
1987-01-10,0.22383057615516255
1987-02-10,0.2232601254991443
1987-05-10,0.2244723331431831
1987-06-10,0.22632629777524244
1987-07-10,0.22750285225328004
1987-08-10,0.22753850541928122
1987-09-10,0.2334569309754706
1987-12-10,0.23388476896748428
1987-02-11,0.20422133485453506
1987-03-11,0.20261694238448372
1987-04-11,0.19495151169423844
1987-05-11,0.17872932116371934
1987-06-11,0.18186679977181971
1987-09-11,0.19213491158014828
1987-10-11,0.18322162007986306
1987-11-11,0.18603822019395322
1987-12-11,0.19142184826012548
1987-01-12,0.20386480319452366
1987-02-12,0.2018325727324586
1987-03-12,0.20261694238448372
1987-04-12,0.1984098687963491
1987-07-12,0.19102966343411293
1987-08-12,0.1937036508841985
1987-09-12,0.19566457501426124
1987-10-12,0.1944167142042213
1987-11-12,0.20457786651454646
1988-04-01,0.19120792926411864
1988-05-01,0.18639475185396462
1988-06-01,0.19530804335424984
1988-07-01,0.20415002852253278
1988-08-01,0.19887335995436392
1988-11-01,0.20386480319452366
1988-12-01,0.19912293211637191
1988-01-02,0.18764261266400456
1988-02-02,0.19049486594409581
1988-03-02,0.18304335424985735
1988-04-02,0.18083285795778664
1988-05-02,0.18240159726183683
1988-08-02,0.18015544780376497
1988-09-02,0.17901454649172846
1988-10-02,0.1800841414717627
1988-11-02,0.1781945236737022
1988-12-02,0.17865801483171706
1988-01-03,0.1759840273816315
1988-02-03,0.1771605818596691
1988-03-03,0.17569880205362234
1988-04-03,0.1780875641756988
1988-07-03,0.1814033086138049
1988-08-03,0.18208071876782655
1988-09-03,0.17901454649172846
1988-10-03,0.18240159726183683
1988-11-03,0.18033371363377065
1988-05-04,0.19459498003422704
1988-06-04,0.1900670279520821
1988-07-04,0.184968625213919
1988-08-04,0.18336423274386765
1988-11-04,0.18300770108385625
1988-12-04,0.18425556189389616
1988-03-05,0.1813320022818026
1988-04-05,0.17990587564175695
1988-05-05,0.1811537364517969
1988-06-05,0.1815815744438106
1988-09-05,0.181938106103822
1988-10-05,0.18461209355390756
1988-11-05,0.18792783799201368
1988-12-05,0.18746434683399885
1988-01-06,0.19384626354820306
1988-02-06,0.19566457501426124
1988-03-06,0.21206503137478605
1988-06-06,0.21252852253280086
1988-07-06,0.2142042213348545
1988-08-06,0.21103108956075295
1988-09-06,0.20361523103251566
1988-10-06,0.20885624643468337
1988-01-07,0.19302624073017682
1988-04-07,0.19398887621220762
1988-05-07,0.1944167142042213
1988-06-07,0.19619937250427838
1988-07-07,0.20226041072447232
1988-08-07,0.20229606389047344
1988-11-07,0.20760838562464345
1988-12-07,0.20029948659440955
1988-01-08,0.19933685111237878
1988-02-08,0.19791072447233313
1988-03-08,0.19566457501426124
1988-04-08,0.19894466628636623
1988-05-08,0.1983385624643468
1988-08-08,0.1970193953223046
1988-09-08,0.19348973188819166
1988-10-08,0.190031374786081
1988-11-08,0.19345407872219053
1988-12-08,0.19413148887621218
1988-01-09,0.1881061038220194
1988-02-09,0.18885482030804335
1988-05-09,0.18603822019395322
1988-06-09,0.18774957216200797
1988-07-09,0.1867156303479749
1988-08-09,0.1888904734740445
1988-09-09,0.19113662293211636
1988-12-09,0.18361380490587562
1988-03-10,0.17298916143753562
1988-04-10,0.17594837421563034
1988-05-10,0.17651882487164858
1988-06-10,0.1800841414717627
1988-07-10,0.17962065031374783
1988-10-10,0.18101112378779236
1988-11-10,0.18051197946377637
1988-12-10,0.17765972618368508
1988-01-11,0.1783727895037079
1988-02-11,0.1809754706217912
1988-03-11,0.18650171135196805
1988-04-11,0.18286508841985166
1988-07-11,0.18372076440387905
1988-08-11,0.18564603536794066
1988-09-11,0.18311466058185966
1988-10-11,0.18703650884198514
1988-11-11,0.184219908727895
1988-01-12,0.17437963491158015
1988-02-12,0.17241871078151738
1988-05-12,0.1753066172276098
1988-06-12,0.17405875641756985
1988-07-12,0.1723474044495151
1988-08-12,0.17473616657159155
1988-09-12,0.17291785510553334
1988-12-12,0.17359526525955504
1989-03-01,0.17106389047347403
1989-04-01,0.1695664575014261
1989-05-01,0.16707073588134624
1989-06-01,0.16760553337136336
1989-09-01,0.1660724472333143
1989-10-01,0.16714204221334852
1989-11-01,0.16532373074729034
1989-12-01,0.166999429549344
1989-01-02,0.16218625213918994
1989-02-02,0.16229321163719337
1989-03-02,0.16190102681118082
1989-06-02,0.16211494580718766
1989-07-02,0.16507415858528235
1989-08-02,0.164218482601255
1989-09-02,0.16621505989731888
1989-10-02,0.1650028522532801
1989-01-03,0.16279235596120933
1989-02-03,0.15994010268111808
1989-03-03,0.1617227609811751
1989-06-03,0.16243582430119793
1989-07-03,0.16140188248716486
1989-08-03,0.16482458642327436
1989-09-03,0.1638976041072447
1989-10-03,0.16992298916143753
1989-03-04,0.16111665715915574
1989-04-04,0.16240017113519678
1989-05-04,0.1615444951511694
1989-06-04,0.1617940673131774
1989-07-04,0.16190102681118082
1989-10-04,0.15994010268111808
1989-11-04,0.16229321163719337
1989-12-04,0.16215059897318881
1989-02-05,0.15608956075299485
1989-03-05,0.15566172276098117
1989-04-05,0.15548345693097546
1989-05-05,0.15494865944095834
1989-08-05,0.15434255561893895
1989-09-05,0.15409298345693098
1989-10-05,0.15680262407301768
1989-11-05,0.15573302909298342
1989-12-05,0.15641043924700512
1989-01-06,0.13858385624643466
1989-02-06,0.14075869937250426
1989-05-06,0.14400313747860807
1989-06-06,0.14143610952652594
1989-07-06,0.14728322875071304
1989-08-06,0.14799629207073586
1989-09-06,0.14692669709070164
1989-12-06,0.13976041072447232
1989-03-07,0.13979606389047344
1989-04-07,0.14115088419851682
1989-05-07,0.1421848260125499
1989-06-07,0.145750142612664
1989-07-07,0.14514403879064458
1989-10-07,0.1421848260125499
1989-11-07,0.14093696520250995
1989-12-07,0.1418282943525385
1989-01-08,0.1417569880205362
1989-02-08,0.14154306902452937
1989-03-08,0.14068739304050198
1989-04-08,0.14329007415858527
1989-07-08,0.13872646891043924
1989-08-08,0.13872646891043924
1989-09-08,0.13858385624643466
1989-10-08,0.1389760410724472
1989-11-08,0.13758556759840274
1989-01-09,0.1346976611523103
1989-04-09,0.13533941814033082
1989-05-09,0.13508984597832285
1989-06-09,0.13623074729035936
1989-07-09,0.13648031945236735
1989-08-09,0.13715772960638903
1989-11-09,0.13541072447233313
1989-12-09,0.1358385624643468
1989-02-10,0.14104392470051338
1989-03-10,0.14093696520250995
1989-04-10,0.14104392470051338
1989-05-10,0.14193525385054193
1989-06-10,0.1382629777524244
1989-09-10,0.13754991443240158
1989-10-10,0.13544637763833425
1989-11-10,0.1345193953223046
1989-12-10,0.1361950941243582
1989-01-11,0.13890473474044493
1989-02-11,0.13854820308043353
1989-03-11,0.14154306902452937
1989-06-11,0.14118653736451797
1989-07-11,0.14336138049058755
1989-08-11,0.1423630918425556
1989-09-11,0.14289788933257272
1989-10-11,0.14289788933257272
1989-01-12,0.1582287507130633
1989-04-12,0.15612521391899598
1989-05-12,0.15177552766685679
1989-06-12,0.1520964061608671
1989-07-12,0.15380775812892183
1989-08-12,0.15466343411294922
1989-11-12,0.15641043924700512
1989-12-12,0.1576939532230462
1990-02-01,0.14040216771249286
1990-03-01,0.1386195094124358
1990-04-01,0.13990302338847688
1990-05-01,0.14289788933257272
1990-08-01,0.14289788933257272
1990-09-01,0.1417569880205362
1990-10-01,0.1423630918425556
1990-11-01,0.14407444381061035
1990-12-01,0.14478750713063318
1990-01-02,0.14050912721049627
1990-02-02,0.14414575014261266
1990-05-02,0.1445379349686252
1990-06-02,0.14425270964061607
1990-07-02,0.14371791215059895
1990-08-02,0.14450228180262406
1990-09-02,0.1441814033086138
1990-12-02,0.14361095265259552
1990-01-03,0.13790644609241298
1990-02-03,0.13790644609241298
1990-05-03,0.13726468910439246
1990-06-03,0.13765687393040502
1990-07-03,0.13801340559041642
1990-08-03,0.13790644609241298
1990-09-03,0.13680119794637763
1990-12-03,0.13737164860239587
1990-02-04,0.1307045065601825
1990-03-04,0.13295065601825443
1990-04-04,0.13327153451226467
1990-05-04,0.1381916714204221
1990-06-04,0.13929691956645748
1990-09-04,0.13804905875641757
1990-10-04,0.13701511694238447
1990-11-04,0.13594552196235024
1990-12-04,0.1374786081003993
1990-01-05,0.13123930405019965
1990-02-05,0.1327723901882487
1990-03-05,0.13327153451226467
1990-04-05,0.1350541928123217
1990-08-05,0.13409155733029093
1990-09-05,0.132843696520251
1990-10-05,0.13409155733029093
1990-11-05,0.13466200798630917
1990-01-06,0.1355533371363377
1990-04-06,0.1346976611523103
1990-05-06,0.1346976611523103
1990-06-06,0.13615944095835708
1990-07-06,0.13241585852823728
1990-08-06,0.1333784940102681
1990-11-06,0.13273673702224756
1990-12-06,0.13327153451226467
1990-02-07,0.1296349115801483
1990-03-07,0.13141756988020536
1990-04-07,0.1305975470621791
1990-05-07,0.12931403308613804
1990-06-07,0.12863662293211636
1990-09-07,0.12863662293211636
1990-10-07,0.12578436965202508
1990-11-07,0.1262478608100399
1990-12-07,0.12671135196805475
1990-01-08,0.1262478608100399
1990-02-08,0.13052624073017682
1990-03-08,0.12671135196805475
1990-06-08,0.12845835710211065
1990-07-08,0.13045493439817454
1990-08-08,0.12835139760410721
1990-09-08,0.12874358243011977
1990-10-08,0.13077581289218482
1990-03-09,0.1275670279520821
1990-04-09,0.12639047347404447
1990-05-09,0.12428693667997717
1990-06-09,0.12578436965202508
1990-07-09,0.1251782658300057
1990-10-09,0.12471477467199085
1990-11-09,0.12400171135196805
1990-12-09,0.12560610382201937
1990-01-10,0.1252852253280091
1990-02-10,0.1218625213918996
1990-03-10,0.12193382772390188
1990-04-10,0.1225755847119224
1990-05-10,0.12275385054192811
1990-08-10,0.12107815173987449
1990-09-10,0.121969480889903
1990-10-10,0.11965202509982886
1990-11-10,0.11098830576155161
1990-12-10,0.1061038220193953
1990-01-11,0.10371505989731886
1990-02-11,0.10546206503137479
1990-05-11,0.10350114090131202
1990-06-11,0.10521249286936679
1990-07-11,0.10535510553337135
1990-08-11,0.10663861950941242
1990-09-11,0.10596120935539075
1990-12-11,0.10482030804335424
1990-03-12,0.10186109526525952
1990-04-12,0.10310895607529946
1990-05-12,0.10268111808328578
1990-06-12,0.10157586993725043
1990-07-12,0.1025385054192812
1990-10-12,0.10075584711922417
1990-11-12,0.10022104962920705
1990-12-12,0.09954363947518538
1991-02-01,0.10310895607529946
1991-03-01,0.10072019395322304
1991-04-01,0.10474900171135196
1991-07-01,0.10449942954934399
1991-08-01,0.10617512835139759
1991-09-01,0.10029235596120933
1991-10-01,0.10221762692527095
1991-11-01,0.10264546491728463
1991-01-02,0.09294780376497433
1991-04-02,0.09237735310895606
1991-05-02,0.09091557330290928
1991-06-02,0.0904877353108956
1991-07-02,0.09013120365088417
1991-08-02,0.09130775812892183
1991-11-02,0.09070165430690244
1991-12-02,0.08513976041072446
1991-01-03,0.08852681118083283
1991-04-03,0.08852681118083283
1991-05-03,0.090844266970907
1991-06-03,0.09123645179691955
1991-07-03,0.0939817455790074
1991-08-03,0.09729749001711352
1991-11-03,0.1033228750713063
1991-12-03,0.09651312036508841
1991-02-04,0.0949443810610382
1991-03-04,0.09957929264118653
1991-04-04,0.09932972047917854
1991-05-04,0.09861665715915574
1991-08-04,0.09583571021106674
1991-09-04,0.09726183685111237
1991-10-04,0.09811751283513975
1991-11-04,0.09679834569309753
1991-12-04,0.09790359383913289
1991-01-05,0.09629920136908154
1991-02-05,0.09490872789503707
1991-03-05,0.09790359383913289
1991-07-05,0.0981531660011409
1991-08-05,0.0981531660011409
1991-09-05,0.09950798630918423
1991-10-05,0.09843839132915003
1991-03-06,0.10282373074729034
1991-04-06,0.10271677124928691
1991-05-06,0.10318026240730177
1991-06-06,0.10588990302338847
1991-07-06,0.11480319452367369
1991-10-06,0.11761979463776381
1991-11-06,0.11441100969766113
1991-12-06,0.11558756417569879
1991-01-07,0.11341272104962921
1991-02-07,0.11237877923559611
1991-03-07,0.11252139189960067
1991-04-07,0.11491015402167712
1991-05-07,0.11630062749572159
1991-08-07,0.11526668568168852
1991-09-07,0.11373359954363946
1991-10-07,0.1142683970336566
1991-11-07,0.11223616657159155
1991-12-07,0.1108100399315459
1991-01-08,0.09918710781517398
1991-02-08,0.09626354820308042
1991-05-08,0.0949443810610382
1991-06-08,0.09580005704506558
1991-07-08,0.09601397604107242
1991-08-08,0.09629920136908154
1991-09-08,0.09608528237307473
1991-12-08,0.09697661152310325
1991-02-09,0.09123645179691955
1991-03-09,0.09276953793496862
1991-04-09,0.09469480889903023
1991-05-09,0.09237735310895606
1991-06-09,0.09266257843696518
1991-09-09,0.0973687963491158
1991-10-09,0.09954363947518538
1991-11-09,0.09619224187107814
1991-12-09,0.09626354820308042
1991-01-10,0.1025028522532801
1991-02-10,0.1049629207073588
1991-03-10,0.10346548773531089
1991-04-10,0.10342983456930974
1991-07-10,0.10189674843126068
1991-08-10,0.09979321163719335
1991-09-10,0.10022104962920705
1991-10-10,0.101468910439247
1991-11-10,0.09904449515116939
1991-01-11,0.10089845978322876
1991-04-11,0.1000784369652025
1991-05-11,0.10100541928123216
1991-06-11,0.09986451796919565
1991-07-11,0.09975755847119225
1991-08-11,0.0981531660011409
1991-11-11,0.09861665715915574
1991-12-11,0.0985096976611523
1991-02-12,0.10057758128921848
1991-03-12,0.09957929264118653
1991-04-12,0.09915145464917283
1991-05-12,0.09897318881916714
1991-06-12,0.09957929264118653
1991-09-12,0.0997219053051911
1991-10-12,0.09883057615516255
1991-11-12,0.09744010268111808
1991-12-12,0.09540787221905303
1992-02-01,0.09255561893896178
1992-03-01,0.09672703936109525
1992-06-01,0.09508699372504278
1992-07-01,0.09544352538505418
1992-08-01,0.0953009127210496
1992-09-01,0.09654877353108954
1992-10-01,0.1021819737592698
1992-03-02,0.10360810039931545
1992-04-02,0.10318026240730177
1992-05-02,0.10325156873930405
1992-06-02,0.10506988020536223
1992-07-02,0.10421420422133484
1992-10-02,0.10392897889332572
1992-11-02,0.1036437535653166
1992-12-02,0.10421420422133484
1992-02-03,0.10064888762122073
1992-03-03,0.10157586993725043
1992-04-03,0.10104107244723329
1992-05-03,0.10118368511123788
1992-06-03,0.10275242441528806
1992-09-03,0.10289503707929265
1992-10-03,0.10325156873930405
1992-11-03,0.10271677124928691
1992-12-03,0.10236023958927551
1992-01-04,0.10268111808328578
1992-02-04,0.10047062179121505
1992-03-04,0.10039931545921277
1992-06-04,0.10061323445521961
1992-07-04,0.10064888762122073
1992-08-04,0.10054192812321733
1992-09-04,0.10068454078722189
1992-10-04,0.10196805476326296
1992-01-05,0.09776098117512835
1992-05-05,0.0977253280091272
1992-06-05,0.09957929264118653
1992-07-05,0.0988662293211637
1992-08-05,0.09854535082715343
1992-11-05,0.10118368511123788
1992-12-05,0.10022104962920705
1992-01-06,0.09826012549914429
1992-02-06,0.0998288648031945
1992-03-06,0.10047062179121505
1992-04-06,0.09943667997718195
1992-05-06,0.10022104962920705
1992-08-06,0.09918710781517398
1992-09-06,0.0992227609811751
1992-10-06,0.09925841414717626
1992-11-06,0.09929406731317741
1992-12-06,0.10107672561323444
1992-01-07,0.0990088419851683
1992-02-07,0.09957929264118653
1992-03-07,0.09868796349115799
1992-06-07,0.09915145464917283
1992-07-07,0.09433827723901883
1992-08-07,0.09391043924700512
1992-09-07,0.09401739874500853
1992-10-07,0.09601397604107242
1992-03-08,0.09519395322304619
1992-04-08,0.0928408442669709
1992-05-08,0.09298345693097546
1992-06-08,0.09376782658300056
1992-07-08,0.09469480889903023
1992-10-08,0.09640616086708498
1992-11-08,0.09522960638904734
1992-12-08,0.09348260125499144
1992-01-09,0.08841985168282943
1992-02-09,0.08727895037079292
1992-03-09,0.08717199087278948
1992-04-09,0.08806332002281803
1992-07-09,0.08756417569880204
1992-08-09,0.08745721620079863
1992-09-09,0.08827723901882487
1992-10-09,0.08763548203080432
1992-11-09,0.08613804905875641
1992-01-10,0.08845550484883058
1992-02-10,0.08774244152880775
1992-05-10,0.08824158585282371
1992-06-10,0.08866942384483739
1992-07-10,0.08841985168282943
1992-08-10,0.08777809469480888
1992-09-10,0.08820593268682259
1992-12-10,0.0881346263548203
1992-02-11,0.08859811751283514
1992-03-11,0.0898816314888762
1992-04-11,0.08995293782087849
1992-05-11,0.09273388476896749
1992-06-11,0.0939817455790074
1992-09-11,0.0922347404449515
1992-10-11,0.08702937820878492
1992-11-11,0.08613804905875641
1992-12-11,0.08613804905875641
1992-01-12,0.08870507701083855
1992-02-12,0.08863377067883627
1992-03-12,0.08866942384483739
1992-04-12,0.08881203650884198
1992-07-12,0.08866942384483739
1992-08-12,0.08866942384483739
1992-09-12,0.08706503137478608
1992-10-12,0.0867441528807758
1992-11-12,0.08742156303479748
1993-04-01,0.08513976041072446
1993-05-01,0.08492584141471762
1993-06-01,0.08656588705077009
1993-07-01,0.08653023388476894
1993-08-01,0.08513976041072446
1993-11-01,0.0853536794067313
1993-12-01,0.08578151739874498
1993-01-02,0.08513976041072446
1993-02-02,0.08546063890473474
1993-03-02,0.08563890473474042
1993-04-02,0.08549629207073586
1993-05-02,0.08549629207073586
1993-08-02,0.08506845407872218
1993-09-02,0.0859597832287507
1993-10-02,0.08702937820878492
1993-11-02,0.08899030233884767
1993-12-02,0.08806332002281803
1993-01-03,0.08239446662863661
1993-02-03,0.0824657729606389
1993-03-03,0.08243011979463774
1993-04-03,0.08203793496862519
1993-05-03,0.08253707929264117
1993-08-03,0.0821092413006275
1993-09-03,0.08157444381061038
1993-10-03,0.08193097547062178
1993-11-03,0.08300057045065601
1993-12-03,0.08442669709070164
1993-01-04,0.09219908727895035
1993-02-04,0.09626354820308042
1993-05-04,0.09219908727895035
1993-06-04,0.09280519110096974
1993-07-04,0.08984597832287505
1993-08-04,0.09291215059897318
1993-04-05,0.10703080433542497
1993-05-05,0.10624643468339987
1993-06-05,0.10806474614945805
1993-07-05,0.11020393610952653
1993-10-05,0.10717341699942953
1993-11-05,0.10596120935539075
1993-12-05,0.10556902452937819
1993-01-06,0.11918853394181403
1993-02-06,0.11027524244152881
1993-03-06,0.11098830576155161
1993-04-06,0.1150884198516828
1993-07-06,0.10991871078151741
1993-08-06,0.11127353108956073
1993-09-06,0.11038220193953222
1993-10-06,0.10813605248146033
1993-11-06,0.10831431831146604
1993-01-07,0.11679977181973758
1993-02-07,0.12703223046206502
1993-05-07,0.12881488876212205
1993-06-07,0.13541072447233313
1993-07-07,0.13890473474044493
1993-08-07,0.13701511694238447
1993-09-07,0.13255847119224187
1993-12-07,0.13523245864232744
1993-02-08,0.14788933257273243
1993-03-08,0.14635624643468337
1993-04-08,0.14325442099258412
1993-05-08,0.1389760410724472
1993-06-08,0.1264974329720479
1993-09-08,0.12132772390188246
1993-10-08,0.12564175698802052
1993-11-08,0.12524957216200797
1993-12-08,0.12171990872789501
1993-01-09,0.12696092413006274
1993-02-09,0.1229321163719338
1993-03-09,0.11704934398174555
1993-06-09,0.11597974900171135
1993-07-09,0.11519537934968624
1993-08-09,0.1063533941814033
1993-09-09,0.10592555618938962
1993-10-09,0.10717341699942953
1993-01-10,0.09932972047917854
1993-04-10,0.10039931545921277
1993-05-10,0.09904449515116939
1993-06-10,0.10271677124928691
1993-07-10,0.10902738163148887
1993-08-10,0.11027524244152881
1993-11-10,0.11073873359954364
1993-12-10,0.1074942954934398
1993-01-11,0.10742298916143753
1993-02-11,0.10482030804335424
1993-03-11,0.10485596120935539
1993-04-11,0.11088134626354818
1993-05-11,0.1143040501996577
1993-08-11,0.11573017683970335
1993-09-11,0.11662150598973187
1993-10-11,0.11626497432972047
1993-11-11,0.11751283513976038
1993-12-11,0.11794067313177409
1993-01-12,0.11255704506560182
1993-02-12,0.12079292641186537
1993-03-12,0.11893896177980601
1993-06-12,0.1272104962920707
1993-07-12,0.12703223046206502
1993-08-12,0.13148887621220762
1993-09-12,0.13213063320022816
1993-10-12,0.13245151169423844
1994-04-01,0.14279092983456929
1994-05-01,0.14122219053051907
1994-06-01,0.13362806617227607
1994-07-01,0.13683685111237878
1994-10-01,0.12977752424415287
1994-11-01,0.13444808899030233
1994-12-01,0.13665858528237307
1994-01-02,0.13719338277239018
1994-02-02,0.14289788933257272
1994-03-02,0.14300484883057615
1994-04-02,0.14913719338277237
1994-07-02,0.14389617798060467
1994-08-02,0.14093696520250995
1994-09-02,0.14165002852253278
1994-10-02,0.14343268682258983
1994-11-02,0.14050912721049627
1994-01-03,0.1446092413006275
1994-02-03,0.14129349686252138
1994-03-03,0.14229178551055333
1994-04-03,0.13954649172846548
1994-07-03,0.14122219053051907
1994-08-03,0.1393325727324586
1994-09-03,0.14058043354249855
1994-10-03,0.14353964632059327
1994-11-03,0.14878066172276097
1994-05-04,0.15591129492298914
1994-06-04,0.15163291500285225
1994-07-04,0.15067027952082143
1994-08-04,0.14945807187678264
1994-11-04,0.14913719338277237
1994-12-04,0.142969195664575
1994-03-05,0.14318311466058187
1994-04-05,0.14050912721049627
1994-05-05,0.1371220764403879
1994-06-05,0.13533941814033082
1994-09-05,0.14699800342270392
1994-10-05,0.1468910439247005
1994-11-05,0.1423630918425556
1994-12-05,0.14728322875071304
1994-01-06,0.15227467199087277
1994-02-06,0.1453223046206503
1994-03-06,0.1449657729606389
1994-06-06,0.14264831717056473
1994-07-06,0.14289788933257272
1994-08-06,0.14464489446662862
1994-09-06,0.1455718767826583
1994-10-06,0.14671277809469477
1994-01-07,0.1455718767826583
1994-04-07,0.14667712492869367
1994-05-07,0.14746149458071878
1994-06-07,0.14425270964061607
1994-07-07,0.1414717626925271
1994-08-07,0.1414004563605248
1994-11-07,0.1417569880205362
1994-12-07,0.14414575014261266
1994-01-08,0.14468054763262977
1994-02-08,0.14307615516257843
1994-03-08,0.14050912721049627
1994-04-08,0.13844124358243012
1994-05-08,0.13915430690245292
1994-08-08,0.13694381061038222
1994-09-08,0.13694381061038222
1994-10-08,0.13858385624643466
1994-11-08,0.13701511694238447
1994-12-08,0.13979606389047344
1994-01-09,0.1472475755847119
1994-02-09,0.14853108956075298
1994-05-09,0.14746149458071878
1994-06-09,0.14853108956075298
1994-07-09,0.1510981175128351
1994-08-09,0.1510981175128351
1994-09-09,0.14895892755276668
1994-12-09,0.1510981175128351
1994-03-10,0.15163291500285225
1994-04-10,0.15448516828294354
1994-05-10,0.1541999429549344
1994-06-10,0.15416428978893323
1994-07-10,0.15626782658300056
1994-10-10,0.15480604677695378
1994-11-10,0.1528094694808899
1994-12-10,0.15102681118083283
1994-01-11,0.14086565887050767
1994-02-11,0.1428265830005704
1994-03-11,0.14432401597261837
1994-04-11,0.1423630918425556
1994-07-11,0.14104392470051338
1994-08-11,0.14029520821448943
1994-09-11,0.14004563605248146
1994-10-11,0.13772818026240727
1994-11-11,0.13926126640045633
1994-01-12,0.1299914432401597
1994-02-12,0.1304905875641757
1994-05-12,0.12364517969195665
1994-06-12,0.12036508841985166
1994-07-12,0.12179121505989729
1994-08-12,0.12007986309184254
1994-09-12,0.12114945807187677
1994-12-12,0.12321734169994294
1995-03-01,0.127281802624073
1995-04-01,0.12275385054192811
1995-05-01,0.11947375926982315
1995-06-01,0.12232601254991443
1995-09-01,0.12025812892184823
1995-10-01,0.1216129492298916
1995-11-01,0.12143468339988589
1995-12-01,0.12357387335995437
1995-01-02,0.12143468339988589
1995-02-02,0.12132772390188246
1995-03-02,0.12346691386195094
1995-06-02,0.12204078722190531
1995-07-02,0.122219053051911
1995-08-02,0.12104249857387334
1995-09-02,0.12328864803194522
1995-10-02,0.1243938961779806
1995-01-03,0.11412578436965201
1995-02-03,0.11209355390758699
1995-03-03,0.11273531089560751
1995-06-03,0.1122005134055904
1995-07-03,0.11630062749572159
1995-08-03,0.12136337706788361
1995-09-03,0.11975898459783227
1995-10-03,0.11893896177980601
1995-03-04,0.1436822589845978
1995-04-04,0.14040216771249286
1995-05-04,0.14585710211066744
1995-06-04,0.1459284084426697
1995-07-04,0.14742584141471762
1995-10-04,0.14468054763262977
1995-11-04,0.14040216771249286
1995-12-04,0.14493011979463774
1995-01-05,0.15780091272104962
1995-02-05,0.1638619509412436
1995-03-05,0.16439674843126068
1995-04-05,0.16767683970336564
1995-05-05,0.16992298916143753
1995-09-05,0.1657159155733029
1995-10-05,0.14985025670279517
1995-11-05,0.14806759840273814
1995-12-05,0.1468197375926982
1995-01-06,0.14229178551055333
1995-02-06,0.145500570450656
1995-05-06,0.1411152310325157
1995-06-06,0.14514403879064458
1995-07-06,0.14485881346263546
1995-08-06,0.14621363377067884
1995-09-06,0.14521534512264686
1995-12-06,0.14831717056474614
1995-03-07,0.1359098687963491
1995-04-07,0.13541072447233313
1995-05-07,0.13544637763833425
1995-06-07,0.13551768397033656
1995-07-07,0.1371220764403879
1995-10-07,0.13890473474044493
1995-11-07,0.13730034227039362
1995-12-07,0.13854820308043353
1995-01-08,0.1339845978322875
1995-02-08,0.1382629777524244
1995-03-08,0.13790644609241298
1995-04-08,0.14015259555048487
1995-07-08,0.13879777524244152
1995-08-08,0.14093696520250995
1995-09-08,0.14329007415858527
1995-10-08,0.14200656018254418
1995-11-08,0.14407444381061035
1995-01-09,0.14521534512264686
1995-04-09,0.14389617798060467
1995-05-09,0.14307615516257843
1995-06-09,0.14050912721049627
1995-07-09,0.14657016543069024
1995-08-09,0.15063462635482028
1995-11-09,0.14710496292070732
1995-12-09,0.15156160867084995
1995-02-10,0.14806759840273814
1995-03-10,0.14503707929264117
1995-04-10,0.14485881346263546
1995-05-10,0.14539361095265257
1995-06-10,0.14443097547062178
1995-09-10,0.14870935539075866
1995-10-10,0.14842413006274954
1995-11-10,0.14781802624073018
1995-12-10,0.14799629207073586
1995-01-11,0.14478750713063318
1995-02-11,0.14396748431260692
1995-03-11,0.1456788362806617
1995-06-11,0.14318311466058187
1995-07-11,0.14300484883057615
1995-08-11,0.1464632059326868
1995-09-11,0.1456788362806617
1995-10-11,0.14821021106674273
1995-01-12,0.14068739304050198
1995-04-12,0.13951083856246432
1995-05-12,0.14075869937250426
1995-06-12,0.14204221334854533
1995-07-12,0.14165002852253278
1995-08-12,0.1417569880205362
1995-11-12,0.14193525385054193
1995-12-12,0.14104392470051338
1996-02-01,0.13879777524244152
1996-03-01,0.14539361095265257
1996-04-01,0.1453223046206503
1996-05-01,0.1507415858528237
1996-08-01,0.15181118083285794
1996-09-01,0.15106246434683399
1996-10-01,0.1520964061608671
1996-11-01,0.15277381631488876
1996-12-01,0.14942241871078152
1996-01-02,0.15412863662293208
1996-02-02,0.16243582430119793
1996-05-02,0.1613662293211637
1996-06-02,0.15976183685111237
1996-07-02,0.16225755847119225
1996-08-02,0.15626782658300056
1996-09-02,0.15876354820308042
1996-12-02,0.15566172276098117
1996-01-03,0.15163291500285225
1996-04-03,0.15049201369081575
1996-05-03,0.14539361095265257
1996-06-03,0.145750142612664
1996-07-03,0.14621363377067884
1996-08-03,0.14824586423274383
1996-11-03,0.15031374786081003
1996-12-03,0.15067027952082143
1996-01-04,0.15138334284084423
1996-02-04,0.15173987450085566
1996-03-04,0.1510981175128351
1996-04-04,0.15163291500285225
1996-09-04,0.15234597832287505
1996-10-04,0.14942241871078152
1996-11-04,0.15188248716486022
1996-12-04,0.15206075299486593
1996-01-05,0.14450228180262406
1996-02-05,0.14664147176269252
1996-03-05,0.14753280091272103
1996-07-05,0.1492441528807758
1996-08-05,0.15013548203080432
1996-09-05,0.14835282373074726
1996-10-05,0.14788933257273243
1996-03-06,0.1466058185966914
1996-04-06,0.14582144894466628
1996-05-06,0.14022390188248715
1996-06-06,0.13844124358243012
1996-07-06,0.14004563605248146
1996-10-06,0.14004563605248146
1996-11-06,0.1389760410724472
1996-12-06,0.13730034227039362
1996-01-07,0.13462635482030802
1996-02-07,0.13533941814033082
1996-03-07,0.1378351397604107
1996-04-07,0.13558899030233884
1996-05-07,0.1355533371363377
1996-08-07,0.13719338277239018
1996-09-07,0.13558899030233884
1996-10-07,0.13719338277239018
1996-11-07,0.13640901312036507
1996-12-07,0.13769252709640617
1996-01-08,0.1382629777524244
1996-02-08,0.13737164860239587
1996-05-08,0.13658727895037076
1996-06-08,0.13541072447233313
1996-07-08,0.1346976611523103
1996-08-08,0.1343411294922989
1996-09-08,0.13719338277239018
1996-12-08,0.1345193953223046
1996-02-09,0.13943953223046204
1996-03-09,0.13997432972047918
1996-04-09,0.13836993725042782
1996-05-09,0.13997432972047918
1996-06-09,0.13790644609241298
1996-09-09,0.1371220764403879
1996-10-09,0.13594552196235024
1996-11-09,0.13612378779235595
1996-12-09,0.13587421563034796
1996-01-10,0.12749572162007985
1996-02-10,0.12981317741015402
1996-03-10,0.12981317741015402
1996-04-10,0.12931403308613804
1996-07-10,0.12792355961209356
1996-08-10,0.12910011409013117
1996-09-10,0.12863662293211636
1996-10-10,0.13202367370222473
1996-11-10,0.13409155733029093
1996-01-11,0.12582002281802623
1996-04-11,0.12628351397604107
1996-05-11,0.1269252709640616
1996-06-11,0.12542783799201368
1996-07-11,0.12375213918996006
1996-08-11,0.12678265830005703
1996-11-11,0.12703223046206502
1996-12-11,0.12952795208214488
1996-02-12,0.12339560752994863
1996-03-12,0.1225755847119224
1996-04-12,0.12667569880205362
1996-05-12,0.12414432401597258
1996-06-12,0.12892184826012548
1996-09-12,0.12453650884198514
1996-10-12,0.12628351397604107
1996-11-12,0.12810182544209925
1996-12-12,0.1268539646320593
1997-02-01,0.12471477467199085
1997-03-01,0.12232601254991443
1997-06-01,0.12097119224187106
1997-07-01,0.1216129492298916
1997-08-01,0.12061466058185966
1997-09-01,0.1208998859098688
1997-10-01,0.12400171135196805
1997-03-02,0.1286009697661152
1997-04-02,0.12952795208214488
1997-05-02,0.12774529378208785
1997-06-02,0.12845835710211065
1997-07-02,0.12578436965202508
1997-10-02,0.1299914432401597
1997-11-02,0.1305975470621791
1997-12-02,0.1264974329720479
1997-03-03,0.14389617798060467
1997-04-03,0.14300484883057615
1997-05-03,0.14054478037649742
1997-06-03,0.13951083856246432
1997-07-03,0.13915430690245292
1997-10-03,0.1378351397604107
1997-11-03,0.1418282943525385
1997-12-03,0.14104392470051338
1997-01-04,0.1341628636622932
1997-02-04,0.13205932686822588
1997-03-04,0.12799486594409581
1997-04-04,0.12375213918996006
1997-07-04,0.12446520250998286
1997-08-04,0.12696092413006274
1997-09-04,0.12471477467199085
1997-10-04,0.12482173416999426
1997-11-04,0.1255347974900171
1997-01-05,0.12132772390188246
1997-02-05,0.12346691386195094
1997-06-05,0.1240730176839703
1997-07-05,0.12296776953793495
1997-08-05,0.12410867084997146
1997-09-05,0.12696092413006274
1997-12-05,0.12792355961209356
1997-02-06,0.12339560752994863
1997-03-06,0.12382344552196234
1997-04-06,0.12311038220193951
1997-05-06,0.12339560752994863
1997-06-06,0.1293496862521392
1997-09-06,0.12628351397604107
1997-10-06,0.12432258984597833
1997-11-06,0.12471477467199085
1997-12-06,0.12382344552196234
1997-01-07,0.12025812892184823
1997-02-07,0.12025812892184823
1997-03-07,0.1205790074158585
1997-04-07,0.11679977181973758
1997-07-07,0.11416143753565317
1997-08-07,0.10617512835139759
1997-09-07,0.10717341699942953
1997-10-07,0.10956217912150595
1997-11-07,0.11006132344552194
1997-01-08,0.11416143753565317
1997-04-08,0.11366229321163718
1997-05-08,0.11537364517969195
1997-06-08,0.10938391329150027
1997-07-08,0.10884911580148315
1997-08-08,0.11091699942954933
1997-11-08,0.11127353108956073
1997-12-08,0.11266400456360526
1997-01-09,0.12079292641186537
1997-02-09,0.12232601254991443
1997-03-09,0.11983029092983455
1997-04-09,0.1212564175698802
1997-05-09,0.12239731888191671
1997-08-09,0.12275385054192811
1997-09-09,0.12132772390188246
1997-10-09,0.12346691386195094
1997-11-09,0.12357387335995437
1997-12-09,0.1251782658300057
1997-01-10,0.13951083856246432
1997-02-10,0.13808471192241867
1997-03-10,0.13836993725042782
1997-06-10,0.14289788933257272
1997-07-10,0.13936822589845976
1997-08-10,0.14186394751853965
1997-09-10,0.1414004563605248
1997-10-10,0.13801340559041642
1997-03-11,0.1251782658300057
1997-04-11,0.12731745579007414
1997-05-11,0.1275670279520821
1997-06-11,0.1275670279520821
1997-07-11,0.13113234455219622
1997-10-11,0.12828009127210496
1997-11-11,0.1307045065601825
1997-12-11,0.13095407872219053
1997-01-12,0.14129349686252138
1997-02-12,0.14414575014261266
1997-03-12,0.14414575014261266
1997-04-12,0.14343268682258983
1997-05-12,0.14396748431260692
1997-08-12,0.14824586423274383
1997-09-12,0.14657016543069024
1997-10-12,0.16268539646320593
1997-11-12,0.1703508271534512
1997-12-12,0.16090273816314887
1998-02-01,0.16642897889332572
1998-05-01,0.16428978893325724
1998-06-01,0.16928123217341698
1998-07-01,0.17195521962350255
1998-08-01,0.1708499714774672
1998-09-01,0.15929834569309753
1998-12-01,0.15191814033086137
1998-02-02,0.1774814603536794
1998-03-02,0.1822946377638334
1998-04-02,0.2060039931545921
1998-05-02,0.223687963491158
1998-06-02,0.23310039931545917
1998-09-02,0.21099543639475182
1998-10-02,0.20903451226468905
1998-11-02,0.20743011979463777
1998-12-02,0.20422133485453506
1998-02-03,0.19013833428408441
1998-03-03,0.18632344552196234
1998-04-03,0.1824729035938391
1998-05-03,0.17997718197375925
1998-06-03,0.17962065031374783
1998-09-03,0.1708499714774672
1998-10-03,0.1727752424415288
1998-11-03,0.17972760981175126
1998-12-03,0.17480747290359383
1998-01-04,0.18514689104392468
1998-02-04,0.18475470621791212
1998-03-04,0.19459498003422704
1998-06-04,0.19120792926411864
1998-07-04,0.1822946377638334
1998-08-04,0.184968625213919
1998-09-04,0.18318596691386194
1998-01-05,0.17462920707358812
1998-05-05,0.17694666286366229
1998-06-05,0.17134911580148315
1998-07-05,0.16428978893325724
1998-08-05,0.1688533941814033
1998-11-05,0.1610810039931546
1998-12-05,0.1610096976611523
1998-01-06,0.13801340559041642
1998-02-06,0.1371220764403879
1998-03-06,0.13968910439247004
1998-04-06,0.13915430690245292
1998-05-06,0.1411152310325157
1998-08-06,0.14200656018254418
1998-09-06,0.14931545921277808
1998-10-06,0.1455718767826583
1998-11-06,0.14389617798060467
1998-12-06,0.13879777524244152
1998-01-07,0.15163291500285225
1998-02-07,0.14878066172276097
1998-03-07,0.14514403879064458
1998-06-07,0.14432401597261837
1998-07-07,0.14521534512264686
1998-08-07,0.14468054763262977
1998-09-07,0.14485881346263546
1998-10-07,0.14343268682258983
1998-03-08,0.14746149458071878
1998-04-08,0.14664147176269252
1998-05-08,0.14977895037079292
1998-06-08,0.14788933257273243
1998-07-08,0.14753280091272103
1998-10-08,0.14307615516257843
1998-11-08,0.14004563605248146
1998-12-08,0.14165002852253278
1998-01-09,0.12328864803194522
1998-02-09,0.12749572162007985
1998-03-09,0.12614090131203648
1998-04-09,0.13220193953223047
1998-07-09,0.1343411294922989
1998-08-09,0.13327153451226467
1998-09-09,0.1275670279520821
1998-10-09,0.13220193953223047
1998-11-09,0.13480462065031373
1998-01-10,0.145750142612664
1998-02-10,0.14378921848260123
1998-05-10,0.13844124358243012
1998-06-10,0.13605248146035367
1998-07-10,0.13754991443240158
1998-08-10,0.14075869937250426
1998-09-10,0.1333784940102681
1998-12-10,0.12738876212207642
1998-02-11,0.1341628636622932
1998-03-11,0.13148887621220762
1998-04-11,0.1302410154021677
1998-05-11,0.13113234455219622
1998-06-11,0.1341628636622932
1998-09-11,0.13273673702224756
1998-10-11,0.13291500285225327
1998-11-11,0.1324871648602396
1998-12-11,0.13238020536223616
1998-01-12,0.12845835710211065
1998-02-12,0.12845835710211065
1998-03-12,0.1218625213918996
1998-04-12,0.1251782658300057
1998-07-12,0.12435824301197945
1998-08-12,0.12507130633200228
1998-09-12,0.1264974329720479
1998-10-12,0.12703223046206502
1998-11-12,0.12703223046206502
1999-04-01,0.13273673702224756
1999-05-01,0.1297062179121506
1999-06-01,0.13836993725042782
1999-07-01,0.14325442099258412
1999-08-01,0.14040216771249286
1999-11-01,0.14200656018254418
1999-12-01,0.1455718767826583
1999-01-02,0.14271962350256703
1999-02-02,0.14289788933257272
1999-03-02,0.15216771249286934
1999-04-02,0.15501996577296062
1999-05-02,0.1575156873930405
1999-08-02,0.15341557330290928
1999-09-02,0.15181118083285794
1999-10-02,0.15163291500285225
1999-11-02,0.15056332002281803
1999-12-02,0.15573302909298342
1999-01-03,0.15501996577296062
1999-02-03,0.15020678836280663
1999-03-03,0.14521534512264686
1999-04-03,0.14086565887050767
1999-05-03,0.14343268682258983
1999-08-03,0.14165002852253278
1999-09-03,0.14414575014261266
1999-10-03,0.1414717626925271
1999-11-03,0.14307615516257843
1999-12-03,0.14389617798060467
1999-01-04,0.13327153451226467
1999-06-04,0.13095407872219053
1999-07-04,0.13141756988020536
1999-08-04,0.13213063320022816
1999-09-04,0.1298844837421563
1999-12-04,0.13220193953223047
1999-04-05,0.14450228180262406
1999-05-05,0.14343268682258983
1999-06-05,0.14824586423274383
1999-07-05,0.14264831717056473
1999-10-05,0.14628494010268112
1999-11-05,0.14657016543069024
1999-12-05,0.14717626925270963
1999-01-06,0.12863662293211636
1999-02-06,0.13220193953223047
1999-03-06,0.13148887621220762
1999-04-06,0.1294566457501426
1999-07-06,0.13220193953223047
1999-08-06,0.13220193953223047
1999-09-06,0.1303479749001711
1999-10-06,0.13362806617227607
1999-11-06,0.13612378779235595
1999-01-07,0.14396748431260692
1999-02-07,0.1414717626925271
1999-05-07,0.1425413576725613
1999-06-07,0.1421135196805476
1999-07-07,0.13915430690245292
1999-08-07,0.14093696520250995
1999-09-07,0.14058043354249855
1999-12-07,0.14104392470051338
1999-02-08,0.145750142612664
1999-03-08,0.14753280091272103
1999-04-08,0.1514546491728465
1999-05-08,0.14913719338277237
1999-06-08,0.14664147176269252
1999-09-08,0.1456788362806617
1999-10-08,0.14289788933257272
1999-11-08,0.14503707929264117
1999-12-08,0.14699800342270392
1999-01-09,0.13986737022247575
1999-02-09,0.13801340559041642
1999-03-09,0.13968910439247004
1999-06-09,0.13772818026240727
1999-07-09,0.1386195094124358
1999-08-09,0.13879777524244152
1999-09-09,0.13961779806046776
1999-10-09,0.14004563605248146
1999-01-10,0.15690958357102108
1999-04-10,0.15448516828294354
1999-05-10,0.1582287507130633
1999-06-10,0.14977895037079292
1999-07-10,0.15352253280091271
1999-08-10,0.15270250998288645
1999-11-10,0.1514546491728465
1999-12-10,0.15305904164289788
1999-01-11,0.13986737022247575
1999-02-11,0.14040216771249286
1999-03-11,0.14075869937250426
1999-04-11,0.14075869937250426
1999-05-11,0.14040216771249286
1999-08-11,0.134875926982316
1999-09-11,0.13569594980034227
1999-10-11,0.13683685111237878
1999-11-11,0.13737164860239587
1999-12-11,0.13558899030233884
1999-01-12,0.13968910439247004
1999-02-12,0.1386195094124358
1999-03-12,0.13594552196235024
1999-06-12,0.13541072447233313
1999-07-12,0.13772818026240727
1999-08-12,0.13790644609241298
1999-09-12,0.13612378779235595
1999-10-12,0.13676554478037647
2000-04-01,0.14371791215059895
2000-05-01,0.14307615516257843
2000-06-01,0.13790644609241298
2000-07-01,0.13772818026240727
2000-10-01,0.13808471192241867
2000-11-01,0.13844124358243012
2000-12-01,0.13808471192241867
2000-01-02,0.14157872219053053
2000-02-02,0.14033086138049058
2000-03-02,0.14004563605248146
2000-04-02,0.1411152310325157
2000-07-02,0.1488876212207644
2000-08-02,0.1425413576725613
2000-09-02,0.14585710211066744
2000-10-02,0.145750142612664
2000-11-02,0.145750142612664
2000-01-03,0.13737164860239587
2000-02-03,0.1341628636622932
2000-03-03,0.13362806617227607
2000-06-03,0.13612378779235595
2000-07-03,0.1346976611523103
2000-08-03,0.13523245864232744
2000-09-03,0.1346976611523103
2000-10-03,0.13683685111237878
2000-03-04,0.1343411294922989
2000-04-04,0.13255847119224187
2000-05-04,0.13683685111237878
2000-06-04,0.13630205362236164
2000-07-04,0.13594552196235024
2000-10-04,0.13576725613234453
2000-11-04,0.1371220764403879
2000-12-04,0.13630205362236164
2000-02-05,0.13309326868225896
2000-03-05,0.13291500285225327
2000-04-05,0.13291500285225327
2000-05-05,0.13558899030233884
2000-08-05,0.13238020536223616
2000-09-05,0.13255847119224187
2000-10-05,0.1338063320022818
2000-11-05,0.13291500285225327
2000-12-05,0.13184540787221902
2000-01-06,0.12917142042213345
2000-02-06,0.1297062179121506
2000-05-06,0.1339845978322875
2000-06-06,0.13309326868225896
2000-07-06,0.1345193953223046
2000-08-06,0.134875926982316
2000-09-06,0.1341628636622932
2000-12-06,0.13327153451226467
2000-03-07,0.13273673702224756
2000-04-07,0.13255847119224187
2000-05-07,0.13255847119224187
2000-06-07,0.13184540787221902
2000-07-07,0.13238020536223616
2000-10-07,0.13202367370222473
2000-11-07,0.13202367370222473
2000-12-07,0.13131061038220193
2000-01-08,0.13213063320022816
2000-02-08,0.13148887621220762
2000-03-08,0.13141756988020536
2000-04-08,0.13106103822019396
2000-07-08,0.130062749572162
2000-08-08,0.1302410154021677
2000-09-08,0.12828009127210496
2000-10-08,0.12845835710211065
2000-11-08,0.1293496862521392
2000-01-09,0.13077581289218482
2000-04-09,0.13131061038220193
2000-05-09,0.13088277239018822
2000-06-09,0.13113234455219622
2000-07-09,0.1297062179121506
2000-08-09,0.12899315459212776
2000-11-09,0.12810182544209925
2000-12-09,0.12774529378208785
2000-02-10,0.12874358243011977
2000-03-10,0.12863662293211636
2000-04-10,0.12881488876212205
2000-05-10,0.12845835710211065
2000-06-10,0.12774529378208785
2000-09-10,0.12792355961209356
2000-10-10,0.12810182544209925
2000-11-10,0.12881488876212205
2000-12-10,0.12767398745008554
2000-01-11,0.12400171135196805
2000-02-11,0.12400171135196805
2000-03-11,0.1225755847119224
2000-06-11,0.12328864803194522
2000-07-11,0.12364517969195665
2000-08-11,0.12275385054192811
2000-09-11,0.12303907586993723
2000-10-11,0.12311038220193951
2000-01-12,0.12168425556189386
2000-04-12,0.12097119224187106
2000-05-12,0.121969480889903
2000-06-12,0.1225755847119224
2000-07-12,0.12382344552196234
2000-08-12,0.1225755847119224
2000-11-12,0.12079292641186537
2000-12-12,0.12079292641186537
2001-02-01,0.11829720479178549
2001-03-01,0.11597974900171135
2001-04-01,0.11491015402167712
2001-05-01,0.1158014831717056
2001-08-01,0.11758414147176269
2001-09-01,0.11687107815173986
2001-10-01,0.11615801483171706
2001-11-01,0.11669281232173415
2001-12-01,0.11722760981175126
2001-01-02,0.1257130633200228
2001-02-02,0.12382344552196234
2001-05-02,0.1229321163719338
2001-06-02,0.12079292641186537
2001-07-02,0.11972333143183111
2001-08-02,0.11794067313177409
2001-09-02,0.11758414147176269
2001-12-02,0.11704934398174555
2001-01-03,0.1154449515116942
2001-02-03,0.11223616657159155
2001-05-03,0.11152310325156875
2001-06-03,0.11223616657159155
2001-07-03,0.11223616657159155
2001-08-03,0.11366229321163718
2001-09-03,0.11526668568168852
2001-12-03,0.1154449515116942
2001-02-04,0.10777952082144893
2001-03-04,0.10884911580148315
2001-04-04,0.10884911580148315
2001-05-04,0.10956217912150595
2001-06-04,0.10974044495151167
2001-09-04,0.10974044495151167
2001-10-04,0.10884911580148315
2001-11-04,0.10902738163148887
2001-12-04,0.11027524244152881
2001-01-05,0.10931260695949799
2001-02-05,0.11098830576155161
2001-03-05,0.11098830576155161
2001-04-05,0.1100969766115231
2001-08-05,0.10884911580148315
2001-09-05,0.1087778094694809
2001-10-05,0.11134483742156301
2001-11-05,0.10956217912150595
2001-01-06,0.11134483742156301
2001-04-06,0.11170136908157444
2001-05-06,0.10966913861950939
2001-06-06,0.1100969766115231
2001-07-06,0.10920564746149455
2001-08-06,0.10956217912150595
2001-11-06,0.1100969766115231
2001-12-06,0.1091343411294923
2001-02-07,0.10813605248146033
2001-03-07,0.10760125499144324
2001-04-07,0.10688819167142039
2001-05-07,0.10653166001140899
2001-06-07,0.10528379920136904
2001-09-07,0.1067099258414147
2001-10-07,0.1067099258414147
2001-11-07,0.1063533941814033
2001-12-07,0.10653166001140899
2001-01-08,0.10581859669138619
2001-02-08,0.10556902452937819
2001-03-08,0.10581859669138619
2001-06-08,0.10510553337136336
2001-07-08,0.10225328009127208
2001-08-08,0.10278807758128922
2001-09-08,0.10278807758128922
2001-10-08,0.10510553337136336
2001-03-09,0.10421420422133484
2001-04-09,0.10350114090131202
2001-05-09,0.10403593839132916
2001-06-09,0.10367940673131773
2001-07-09,0.10385767256132342
2001-10-09,0.10367940673131773
2001-11-09,0.10367940673131773
2001-12-09,0.10510553337136336
2001-01-10,0.11794067313177409
2001-02-10,0.1184754706217912
2001-03-10,0.11822589845978321
2001-04-10,0.11901026811180831
2001-05-10,0.12025812892184823
2001-08-10,0.12025812892184823
2001-09-10,0.11972333143183111
2001-10-10,0.11466058185966915
2001-11-10,0.11205790074158584
2001-12-10,0.11223616657159155
2001-01-11,0.1056403308613805
2001-02-11,0.10510553337136336
2001-05-11,0.10171848260125499
2001-06-11,0.10171848260125499
2001-07-11,0.10243154592127779
2001-08-11,0.10189674843126068
2001-09-11,0.10100541928123216
2001-12-11,0.1026098117512835
2001-03-12,0.10367940673131773
2001-04-12,0.10467769537934968
2001-05-12,0.10243154592127779
2001-06-12,0.10510553337136336
2001-07-12,0.10688819167142039
2001-10-12,0.1056403308613805
2001-11-12,0.1059968625213919
2001-12-12,0.10760125499144324
2002-02-01,0.11829720479178549
2002-03-01,0.11972333143183111
2002-04-01,0.12150598973188817
2002-07-01,0.12275385054192811
2002-08-01,0.12471477467199085
2002-09-01,0.12400171135196805
2002-10-01,0.12738876212207642
2002-11-01,0.12435824301197945
2002-01-02,0.1061038220193953
2002-04-02,0.10795778665145464
2002-05-02,0.10795778665145464
2002-06-02,0.11419709070165429
2002-07-02,0.11027524244152881
2002-08-02,0.1108100399315459
2002-11-02,0.11152310325156875
2002-12-02,0.11109526525955504
2002-01-03,0.11491015402167712
2002-04-03,0.11858243011979461
2002-05-03,0.11758414147176269
2002-06-03,0.11597974900171135
2002-07-03,0.11437535653166
2002-08-03,0.11455362236166572
2002-11-03,0.11615801483171706
2002-12-03,0.11483884768967484
2002-02-04,0.12097119224187106
2002-03-04,0.122219053051911
2002-04-04,0.11911722760981175
2002-05-04,0.11918853394181403
2002-08-04,0.11715630347974898
2002-09-04,0.117405875641757
2002-10-04,0.11704934398174555
2002-11-04,0.11918853394181403
2002-12-04,0.117405875641757
2002-01-05,0.11651454649172846
2002-02-05,0.1158014831717056
2002-03-05,0.117405875641757
2002-07-05,0.11936679977181971
2002-08-05,0.11936679977181971
2002-09-05,0.11722760981175126
2002-10-05,0.11947375926982315
2002-05-06,0.1346976611523103
2002-06-06,0.1305975470621791
2002-07-06,0.1332002281802624
2002-10-06,0.13077581289218482
2002-11-06,0.12899315459212776
2002-12-06,0.12863662293211636
2002-01-07,0.12578436965202508
2002-02-07,0.12810182544209925
2002-03-07,0.1298844837421563
2002-04-07,0.1297062179121506
2002-05-07,0.1297062179121506
2002-08-07,0.13077581289218482
2002-09-07,0.13166714204221333
2002-10-07,0.13444808899030233
2002-11-07,0.13362806617227607
2002-12-07,0.1350541928123217
2002-01-08,0.11651454649172846
2002-02-08,0.11954506560182543
2002-05-08,0.11936679977181971
2002-06-08,0.11883200228180263
2002-07-08,0.12007986309184254
2002-08-08,0.12150598973188817
2002-09-08,0.11972333143183111
2002-12-08,0.12239731888191671
2002-02-09,0.11401882487164858
2002-03-09,0.11455362236166572
2002-04-09,0.11384055904164289
2002-05-09,0.11526668568168852
2002-06-09,0.11615801483171706
2002-09-09,0.11633628066172275
2002-10-09,0.11651454649172846
2002-11-09,0.11615801483171706
2002-12-09,0.11679977181973758
2002-01-10,0.11590844266970904
2002-02-10,0.11455362236166572
2002-03-10,0.11466058185966915
2002-04-10,0.11419709070165429
2002-07-10,0.11455362236166572
2002-08-10,0.11294922989161438
2002-09-10,0.10991871078151741
2002-10-10,0.10956217912150595
2002-11-10,0.10777952082144893
2002-01-11,0.11669281232173415
2002-04-11,0.11330576155162578
2002-05-11,0.1150884198516828
2002-06-11,0.11401882487164858
2002-07-11,0.11519537934968624
2002-08-11,0.11822589845978321
2002-11-11,0.11615801483171706
2002-12-11,0.117405875641757
2002-02-12,0.11259269823160295
2002-03-12,0.11305618938961778
2002-04-12,0.11758414147176269
2002-05-12,0.11918853394181403
2002-06-12,0.12054335424985735
2002-09-12,0.11954506560182543
2002-10-12,0.11794067313177409
2002-11-12,0.11954506560182543
2002-12-12,0.12043639475185397
2003-02-01,0.12364517969195665
2003-03-01,0.12524957216200797
2003-06-01,0.1297062179121506
2003-07-01,0.1272104962920707
2003-08-01,0.12489304050199657
2003-09-01,0.12696092413006274
2003-10-01,0.1272104962920707
2003-03-02,0.12738876212207642
2003-04-02,0.1275670279520821
2003-05-02,0.1303479749001711
2003-06-02,0.12489304050199657
2003-07-02,0.1225755847119224
2003-10-02,0.12043639475185397
2003-11-02,0.11769110096976612
2003-12-02,0.117405875641757
2003-03-03,0.11901026811180831
2003-04-03,0.12143468339988589
2003-05-03,0.12072162007986309
2003-06-03,0.11972333143183111
2003-07-03,0.12107815173987449
2003-10-03,0.12132772390188246
2003-11-03,0.12061466058185966
2003-12-03,0.12097119224187106
2003-01-04,0.11287792355961207
2003-02-04,0.11134483742156301
2003-03-04,0.1104535082715345
2003-04-04,0.1111665715915573
2003-07-04,0.11098830576155161
2003-08-04,0.11223616657159155
2003-09-04,0.11419709070165429
2003-10-04,0.11401882487164858
2003-11-04,0.11384055904164289
2003-01-05,0.12079292641186537
2003-02-05,0.12400171135196805
2003-06-05,0.12560610382201937
2003-07-05,0.12435824301197945
2003-08-05,0.12311038220193951
2003-09-05,0.12507130633200228
2003-12-05,0.12542783799201368
2003-02-06,0.1150884198516828
2003-03-06,0.11562321734169992
2003-04-06,0.1158014831717056
2003-05-06,0.11437535653166
2003-06-06,0.11615801483171706
2003-09-06,0.1158014831717056
2003-10-06,0.1154449515116942
2003-11-06,0.11448231602966341
2003-12-06,0.11491015402167712
2003-01-07,0.11704934398174555
2003-02-07,0.1177624073017684
2003-03-07,0.11954506560182543
2003-04-07,0.12061466058185966
2003-07-07,0.12061466058185966
2003-08-07,0.1218625213918996
2003-09-07,0.12364517969195665
2003-10-07,0.12667569880205362
2003-11-07,0.12417997718197374
2003-01-08,0.13719338277239018
2003-04-08,0.1341628636622932
2003-05-08,0.13220193953223047
2003-06-08,0.1304192812321734
2003-07-08,0.1305975470621791
2003-08-08,0.1346976611523103
2003-11-08,0.13220193953223047
2003-12-08,0.13220193953223047
2003-01-09,0.13844124358243012
2003-02-09,0.13683685111237878
2003-03-09,0.13202367370222473
2003-04-09,0.13344980034227036
2003-05-09,0.13291500285225327
2003-08-09,0.13630205362236164
2003-09-09,0.13772818026240727
2003-10-09,0.14040216771249286
2003-11-09,0.14093696520250995
2003-12-09,0.14414575014261266
2003-01-10,0.13737164860239587
2003-02-10,0.13558899030233884
2003-03-10,0.13576725613234453
2003-06-10,0.12703223046206502
2003-07-10,0.1272104962920707
2003-08-10,0.12899315459212776
2003-09-10,0.12631916714204222
2003-10-10,0.12774529378208785
2003-03-11,0.1350541928123217
2003-04-11,0.13052624073017682
2003-05-11,0.1332002281802624
2003-06-11,0.13131061038220193
2003-07-11,0.13166714204221333
2003-10-11,0.1339845978322875
2003-11-11,0.1350541928123217
2003-12-11,0.13558899030233884
2003-01-12,0.145750142612664
2003-02-12,0.14931545921277808
2003-03-12,0.14967199087278948
2003-04-12,0.14860239589275528
2003-05-12,0.14771106674272674
2003-08-12,0.15091985168282943
2003-09-12,0.15216771249286934
2003-10-12,0.15448516828294354
2003-11-12,0.15216771249286934
2003-12-12,0.15501996577296062
2004-02-01,0.16803337136337707
2004-05-01,0.16767683970336564
2004-06-01,0.17855105533371363
2004-07-01,0.17623359954363946
2004-08-01,0.17569880205362234
2004-09-01,0.17730319452367369
2004-12-01,0.19174272675413576
2004-02-02,0.17587706788362806
2004-03-02,0.17480747290359383
2004-04-02,0.17142042213348543
2004-05-02,0.1735596120935539
2004-06-02,0.17195521962350255
2004-09-02,0.18086851112378777
2004-10-02,0.18407729606389045
2004-11-02,0.17872932116371934
2004-12-02,0.18782087849401025
2004-01-03,0.19459498003422704
2004-02-03,0.19922989161437535
2004-03-03,0.189781802624073
2004-04-03,0.19780376497432972
2004-05-03,0.19691243582430118
2004-08-03,0.2013690815744438
2004-09-03,0.2013690815744438
2004-10-03,0.21028237307472902
2004-11-03,0.20760838562464345
2004-12-03,0.21153023388476894
2004-01-04,0.2377353108956075
2004-02-04,0.2502139189960068
2004-05-04,0.24682686822589844
2004-06-04,0.24486594409583573
2004-07-04,0.2454007415858528
2004-08-04,0.24290501996577296
2004-04-05,0.17213348545350823
2004-05-05,0.17159868796349115
2004-06-05,0.1696377638334284
2004-07-05,0.161437535653166
2004-10-05,0.15056332002281803
2004-11-05,0.15680262407301768
2004-12-05,0.15555476326297774
2004-01-06,0.17462920707358812
2004-02-06,0.17177695379349683
2004-03-06,0.16215059897318881
2004-04-06,0.16001140901312033
2004-07-06,0.16375499144324016
2004-08-06,0.1650028522532801
2004-09-06,0.15929834569309753
2004-10-06,0.156374786081004
2004-11-06,0.1575156873930405
2004-01-07,0.16411152310325156
2004-02-07,0.16446805476326296
2004-05-07,0.1698160296634341
2004-06-07,0.1694594980034227
2004-07-07,0.1698160296634341
2004-08-07,0.17569880205362234
2004-09-07,0.18639475185396462
2004-12-07,0.18746434683399885
2004-02-08,0.19138619509412433
2004-03-08,0.18639475185396462
2004-04-08,0.19067313177410153
2004-05-08,0.19138619509412433
2004-06-08,0.19281232173416996
2004-09-08,0.1935253850541928
2004-10-08,0.19281232173416996
2004-11-08,0.1899600684540787
2004-12-08,0.1892470051340559
2004-01-09,0.19459498003422704
2004-02-09,0.19566457501426124
2004-03-09,0.19398887621220762
2004-06-09,0.18782087849401025
2004-07-09,0.1869295493439817
2004-08-09,0.17498573873359952
2004-09-09,0.1732030804335425
2004-10-09,0.1735596120935539
2004-01-10,0.19851682829435252
2004-04-10,0.19816029663434112
2004-05-10,0.19477324586423272
2004-06-10,0.20956930975470622
2004-07-10,0.20885624643468337
2004-08-10,0.20956930975470622
2004-11-10,0.21259982886480316
2004-12-10,0.20511266400456363
2004-01-11,0.2127780946948089
2004-02-11,0.21117370222475756
2004-03-11,0.20582572732458643
2004-04-11,0.21331289218482596
2004-05-11,0.21705647461494582
2004-08-11,0.22008699372504276
2004-09-11,0.21955219623502564
2004-10-11,0.22204791785510553
2004-11-11,0.21901739874500853
2004-12-11,0.2215131203650884
2004-01-12,0.2297133485453508
2004-02-12,0.24130062749572156
2004-03-12,0.23381346263548203
2004-06-12,0.23987450085567597
2004-07-12,0.23427695379349683
2004-08-12,0.22133485453508273
2004-09-12,0.20065601825442098
2004-10-12,0.1938819167142042
2005-04-01,0.1824729035938391
2005-05-01,0.18479035938391328
2005-06-01,0.18354249857387334
2005-07-01,0.184968625213919
2005-10-01,0.1853251568739304
2005-11-01,0.18721477467199085
2005-12-01,0.1892470051340559
2005-01-02,0.1935253850541928
2005-02-02,0.19459498003422704
2005-03-02,0.1937036508841985
2005-04-02,0.19192099258414147
2005-07-02,0.189781802624073
2005-08-02,0.1858599543639475
2005-09-02,0.18817741015402165
2005-10-02,0.18917569880205362
2005-11-02,0.20350827153451226
2005-01-03,0.2134911580148317
2005-02-03,0.20885624643468337
2005-03-03,0.21456075299486593
2005-04-03,0.21028237307472902
2005-07-03,0.2166999429549344
2005-08-03,0.21848260125499142
2005-09-03,0.2245436394751854
2005-10-03,0.22276098117512833
2005-11-03,0.21901739874500853
2005-01-04,0.20796491728465488
2005-04-04,0.20279520821448943
2005-05-04,0.20208214489446663
2005-06-04,0.2060039931545921
2005-07-04,0.208499714774672
2005-08-04,0.2052909298345693
2005-11-04,0.21081717056474614
2005-12-04,0.21259982886480316
2005-03-05,0.19887335995436392
2005-04-05,0.20047775242441526
2005-05-05,0.2060039931545921
2005-06-05,0.205469195664575
2005-09-05,0.20261694238448372
2005-10-05,0.20636052481460349
2005-11-05,0.20707358813462634
2005-12-05,0.20439960068454077
2005-01-06,0.21776953793496862
2005-02-06,0.22133485453508273
2005-03-06,0.22311751283513975
2005-06-06,0.22062179121505987
2005-07-06,0.22293924700513407
2005-08-06,0.21848260125499142
2005-09-06,0.21776953793496862
2005-10-06,0.2127780946948089
2005-01-07,0.20493439817455789
2005-04-07,0.20101254991443238
2005-05-07,0.20029948659440955
2005-06-07,0.20012122076440386
2005-07-07,0.2052909298345693
2005-08-07,0.20218910439247
2005-11-07,0.20564746149458069
2005-12-07,0.20789361095265257
2005-01-08,0.21313462635482028
2005-02-08,0.2127780946948089
2005-03-08,0.21331289218482596
2005-04-08,0.21224329720479174
2005-05-08,0.21145892755276668
2005-08-08,0.20885624643468337
2005-09-08,0.20404306902452937
2005-10-08,0.2067170564746149
2005-11-08,0.20725185396463203
2005-12-08,0.2104606389047347
2005-01-09,0.19905162578436966
2005-02-09,0.20493439817455789
2005-05-09,0.2061822589845978
2005-06-09,0.20511266400456363
2005-07-09,0.20493439817455789
2005-08-09,0.20564746149458069
2005-09-09,0.20368653736451797
2005-12-09,0.20333000570450652
2005-03-10,0.21759127210496293
2005-04-10,0.21955219623502564
2005-05-10,0.21652167712492865
2005-06-10,0.21955219623502564
2005-07-10,0.22632629777524244
2005-10-10,0.23185253850541926
2005-11-10,0.23131774101540215
2005-12-10,0.23434826012549914
2005-01-11,0.22329577866514544
2005-02-11,0.21919566457501422
2005-03-11,0.2247219053051911
2005-04-11,0.22400884198516824
2005-07-11,0.2215131203650884
2005-08-11,0.22286794067313176
2005-09-11,0.22739589275527666
2005-10-11,0.23060467769537935
2005-11-11,0.22910724472333144
2005-01-12,0.25110524814603535
2005-02-12,0.2589489446662864
2005-05-12,0.2609098687963491
2005-06-12,0.2612664004563605
2005-07-12,0.26911009697661153
2005-08-12,0.26804050199657725
2005-09-12,0.27445807187678267
2005-12-12,0.28354962920707355
2006-03-01,0.27695379349686244
2006-04-01,0.2805191100969766
2006-05-01,0.27517113519680547
2006-06-01,0.2694666286366229
2006-09-01,0.27909298345693095
2006-10-01,0.27695379349686244
2006-11-01,0.2719623502567028
2006-12-01,0.27552766685681684
2006-01-02,0.30298060467769533
2006-02-02,0.3047632629777524
2006-03-02,0.304406731317741
2006-06-02,0.30262407301768396
2006-07-02,0.30119794637763836
2006-08-02,0.28533228750713063
2006-09-02,0.29335424985738734
2006-10-02,0.29513690815744437
2006-01-03,0.3040501996577296
2006-02-03,0.3036223616657159
2006-03-03,0.3204506560182544
2006-06-03,0.3190245293782088
2006-07-03,0.31100256702795204
2006-08-03,0.3093981745579007
2006-09-03,0.3067241871078151
2006-10-03,0.3060111237877923
2006-03-04,0.36769110096976615
2006-04-04,0.3733956075299486
2006-05-04,0.3701868225898459
2006-06-04,0.38355675984027376
2006-07-04,0.3883699372504278
2006-10-04,0.3973901882487164
2006-11-04,0.40637478608100397
2006-12-04,0.4092270393610952
2006-02-05,0.4509412435824301
2006-03-05,0.4687678265830006
2006-04-05,0.442562749572162
2006-05-05,0.45628921848260123
2006-08-05,0.44488020536223616
2006-09-05,0.45004991443240155
2006-10-05,0.4659155733029093
2006-11-05,0.46912435824301196
2006-12-05,0.48730747290359383
2006-01-06,0.3842698231602966
2006-02-06,0.38783513976041073
2006-05-06,0.3956788362806617
2006-06-06,0.3778522532800912
2006-07-06,0.3632344552196235
2006-08-06,0.3664432401597262
2006-09-06,0.3614517969195664
2006-12-06,0.34754706217912146
2006-03-07,0.3568168853394181
2006-04-07,0.3550342270393611
2006-05-07,0.36287792355961207
2006-06-07,0.35788648031945236
2006-07-07,0.3650171135196805
2006-10-07,0.34826012549914426
2006-11-07,0.3571734169994295
2006-12-07,0.37357387335995434
2006-01-08,0.3594908727895037
2006-02-08,0.37357387335995434
2006-03-08,0.3848046206503137
2006-04-08,0.3896177980604677
2006-07-08,0.39853108956075295
2006-08-08,0.38712207644038793
2006-09-08,0.3919352538505419
2006-10-08,0.39781802624073015
2006-11-08,0.3922917855105533
2006-01-09,0.4092270393610952
2006-04-09,0.41796206503137473
2006-05-09,0.4234883057615516
2006-06-09,0.4163576725613234
2006-07-09,0.4202795208214489
2006-08-09,0.3928265830005704
2006-11-09,0.3739304050199657
2006-12-09,0.3589560752994866
2006-02-10,0.3675128351397604
2006-03-10,0.3589560752994866
2006-04-10,0.340594694808899
2006-05-10,0.34540787221905306
2006-06-10,0.3471905305191101
2006-09-10,0.3587778094694809
2006-10-10,0.3543211637193383
2006-11-10,0.3518254420992584
2006-12-10,0.35752994865944093
2006-01-11,0.39532230462065027
2006-02-11,0.39710496292070735
2006-03-11,0.4045921277809469
2006-06-11,0.4006702795208214
2006-07-11,0.4045921277809469
2006-08-11,0.40405733029092983
2006-09-11,0.4037007986309184
2006-10-11,0.419031660011409
2006-01-12,0.4484455219623502
2006-04-12,0.4555761551625785
2006-05-12,0.4553978893325727
2006-06-12,0.4423844837421563
2006-07-12,0.44202795208214485
2006-08-12,0.44808899030233884
2006-11-12,0.44381061038220193
2006-12-12,0.4484455219623502
2007-02-01,0.41849686252139184
2007-03-01,0.4149315459212778
2007-04-01,0.4045921277809469
2007-05-01,0.4074443810610382
2007-08-01,0.3899743297204792
2007-09-01,0.39532230462065027
2007-10-01,0.39853108956075295
2007-11-01,0.39710496292070735
2007-12-01,0.39781802624073015
2007-01-02,0.43881916714204217
2007-02-02,0.4416714204221335
2007-05-02,0.4284797490017113
2007-06-02,0.4416714204221335
2007-07-02,0.44131488876212205
2007-08-02,0.43703650884198514
2007-09-02,0.44808899030233884
2007-12-02,0.44594980034227033
2007-01-03,0.4641329150028522
2007-02-03,0.43703650884198514
2007-05-03,0.40405733029092983
2007-06-03,0.41582287507130633
2007-07-03,0.414218482601255
2007-08-03,0.42134911580148315
2007-09-03,0.42063605248146035
2007-12-03,0.41707073588134624
2007-02-04,0.4300841414717627
2007-03-04,0.4281232173416999
2007-04-04,0.43418425556189383
2007-05-04,0.43881916714204217
2007-10-04,0.44808899030233884
2007-11-04,0.4509412435824301
2007-12-04,0.44808899030233884
2007-01-05,0.43418425556189383
2007-02-05,0.42455790074158584
2007-03-05,0.429905875641757
2007-04-05,0.43240159726183686
2007-08-05,0.4352538505419281
2007-09-05,0.43418425556189383
2007-10-05,0.4284797490017113
2007-11-05,0.41956645750142607
2007-01-06,0.43703650884198514
2007-04-06,0.44202795208214485
2007-05-06,0.44345407872219056
2007-06-06,0.44274101540216765
2007-07-06,0.44131488876212205
2007-08-06,0.4291928123217342
2007-11-06,0.42384483742156304
2007-12-06,0.4234883057615516
2007-02-07,0.3992441528807758
2007-03-07,0.4038790644609241
2007-04-07,0.40405733029092983
2007-05-07,0.4038790644609241
2007-06-07,0.3967484312606959
2007-09-07,0.40887050770108385
2007-10-07,0.40958357102110665
2007-11-07,0.4163576725613234
2007-12-07,0.4163576725613234
2007-01-08,0.409940102681118
2007-02-08,0.41671420422133487
2007-03-08,0.41671420422133487
2007-06-08,0.4217056474614945
2007-07-08,0.41778379920136904
2007-08-08,0.41920992584141464
2007-09-08,0.41724900171135193
2007-10-08,0.40708784940102677
2007-03-09,0.38605248146035365
2007-04-09,0.38587421563034796
2007-05-09,0.39015259555048487
2007-06-09,0.39122219053051904
2007-07-09,0.4028094694808899
2007-10-09,0.4024529378208785
2007-11-09,0.4028094694808899
2007-12-09,0.40601825442099254
2007-01-10,0.4457715345122647
2007-02-10,0.4281232173416999
2007-03-10,0.4306189389617798
2007-04-10,0.4259840273816315
2007-05-10,0.43364945807187677
2007-08-10,0.4284797490017113
2007-09-10,0.42562749572162006
2007-10-10,0.4402452937820878
2007-11-10,0.44202795208214485
2007-12-10,0.44630633200228176
2007-01-11,0.466628636622932
2007-02-11,0.4652025099828864
2007-05-11,0.4712635482030804
2007-06-11,0.4880205362236167
2007-07-11,0.5186822589845979
2007-08-11,0.5022818026240731
2007-09-11,0.4947946377638334
2007-12-11,0.49443810610382205
2007-03-12,0.44880205362236164
2007-04-12,0.4627067883628066
2007-05-12,0.4659155733029093
2007-06-12,0.45593268682258986
2007-07-12,0.46948088990302334
2007-10-12,0.4673416999429549
2007-11-12,0.475720193953223
2007-12-12,0.47643325727324587
2008-02-01,0.48695094124358235
2008-03-01,0.5029948659440959
2008-04-01,0.499251283513976
2008-07-01,0.4980034227039361
2008-08-01,0.5067384483742157
2008-09-01,0.5250998288648032
2008-10-01,0.5115516257843696
2008-11-01,0.5272390188248717
2008-01-02,0.567527096406161
2008-04-02,0.5500570450656018
2008-05-02,0.5432829435253851
2008-06-02,0.5422133485453509
2008-07-02,0.5500570450656018
2008-08-02,0.558970336565887
2008-11-02,0.5739446662863663
2008-12-02,0.577153451226469
2008-03-03,0.6734169994295494
2008-04-03,0.6791215059897319
2008-05-03,0.6491728465487736
2008-06-03,0.6962350256702796
2008-07-03,0.6755561893896178
2008-10-03,0.6523816314888763
2008-11-03,0.676625784369652
2008-12-03,0.6570165430690246
2008-01-04,0.5514831717056474
2008-02-04,0.5568311466058187
2008-03-04,0.5661009697661152
2008-04-04,0.5767969195664575
2008-07-04,0.5949800342270394
2008-08-04,0.596406160867085
2008-09-04,0.5782230462065031
2008-10-04,0.6078151739874501
2008-11-04,0.5946235025670279
2008-01-05,0.5479178551055334
2008-02-05,0.5318739304050201
2008-06-05,0.5500570450656018
2008-07-05,0.5497005134055905
2008-08-05,0.5457786651454649
2008-09-05,0.5596833998859099
2008-12-05,0.5514831717056474
2008-02-06,0.5557615516257843
2008-03-06,0.5543354249857387
2008-04-06,0.5489874500855677
2008-05-06,0.5482743867655447
2008-06-06,0.567527096406161
2008-09-06,0.577153451226469
2008-10-06,0.5586138049058758
2008-11-06,0.5457786651454649
2008-12-06,0.5461351968054764
2008-01-07,0.5807187678265829
2008-02-07,0.5935539075869938
2008-03-07,0.6074586423274386
2008-04-07,0.5967626925270965
2008-07-07,0.591058185966914
2008-08-07,0.5828579577866515
2008-09-07,0.5899885909868796
2008-10-07,0.6024671990872791
2008-11-07,0.6099543639475186
2008-01-08,0.5817883628066173
2008-04-08,0.5739446662863663
2008-05-08,0.5489874500855677
2008-06-08,0.5514831717056474
2008-07-08,0.5461351968054764
2008-08-08,0.5165430690245294
2008-11-08,0.5013904734740445
2008-12-08,0.4698374215630347
2008-01-09,0.43881916714204217
2008-02-09,0.42455790074158584
2008-03-09,0.4106531660011408
2008-04-09,0.41885339418140327
2008-05-09,0.40815744438106105
2008-08-09,0.3960353679406731
2008-09-09,0.3839132915002852
2008-10-09,0.3564603536794067
2008-11-09,0.3347119224187108
2008-12-09,0.3397033656588705
2008-01-10,0.392470051340559
2008-02-10,0.3914004563605248
2008-03-10,0.3539646320593268
2008-06-10,0.3571734169994295
2008-07-10,0.36965202509982886
2008-08-10,0.37000855675984023
2008-09-10,0.36965202509982886
2008-10-10,0.3732173416999429
2008-03-11,0.31296349115801486
2008-04-11,0.3093981745579007
2008-05-11,0.3211637193382772
2008-06-11,0.32579863091842554
2008-07-11,0.3158157444381061
2008-10-11,0.3222333143183115
2008-11-11,0.30904164289788927
2008-12-11,0.2987022247575585
2008-01-12,0.3079720479178551
2008-02-12,0.29014546491728466
2008-03-12,0.29085852823730746
2008-04-12,0.2962065031374786
2008-05-12,0.2919281232173417
2008-08-12,0.30155447803764973
2008-09-12,0.30511979463776384
2008-10-12,0.3097547062179122
2008-11-12,0.32508556759840274
2008-12-12,0.31367655447803766
2009-02-01,0.3496862521391899
2009-05-01,0.34932972047917854
2009-06-01,0.3414860239589275
2009-07-01,0.3614517969195664
2009-08-01,0.3425556189389618
2009-09-01,0.3546776953793497
2009-12-01,0.35004278379920134
2009-02-02,0.39781802624073015
2009-03-02,0.3956788362806617
2009-04-02,0.3967484312606959
2009-05-02,0.4110096976611523
2009-06-02,0.414218482601255
2009-09-02,0.41849686252139184
2009-10-02,0.41671420422133487
2009-11-02,0.43204506560182543
2009-12-02,0.43026240730176835
2009-02-03,0.42313177410154024
2009-03-03,0.40673131774101534
2009-04-03,0.41350541928123213
2009-05-03,0.4234883057615516
2009-06-03,0.4345407872219053
2009-09-03,0.43097547062179115
2009-10-03,0.4078009127210496
2009-11-03,0.4045921277809469
2009-12-03,0.4124358243011979
2009-01-04,0.41742726754135767
2009-02-04,0.41386195094124356
2009-03-04,0.4131488876212207
2009-06-04,0.39710496292070735
2009-07-04,0.38854820308043353
2009-08-04,0.392470051340559
2009-09-04,0.39318311466058187
2009-01-05,0.38783513976041073
2009-05-05,0.42206217912150595
2009-06-05,0.43382772390188246
2009-07-05,0.4541500285225328
2009-08-05,0.4502281802624073
2009-11-05,0.4502281802624073
2009-12-05,0.4570022818026241
2009-01-06,0.5201083856246435
2009-02-06,0.5115516257843696
2009-03-06,0.524030233884769
2009-04-06,0.5003208784940103
2009-05-06,0.5126212207644039
2009-08-06,0.48374215630347966
2009-09-06,0.48695094124358235
2009-10-06,0.5033513976041073
2009-11-06,0.49265544780376497
2009-12-06,0.4919423844837421
2009-01-07,0.44131488876212205
2009-02-07,0.43275812892184823
2009-03-07,0.43382772390188246
2009-06-07,0.41920992584141464
2009-07-07,0.42954934398174555
2009-08-07,0.41992298916143755
2009-09-07,0.414218482601255
2009-10-07,0.40494865944095837
2009-03-08,0.4641329150028522
2009-04-08,0.4566457501426126
2009-05-08,0.4776811180832858
2009-06-08,0.4776811180832858
2009-07-08,0.4769680547632629
2009-10-08,0.47055048488305756
2009-11-08,0.46645037079292645
2009-12-08,0.4637763833428408
2009-01-09,0.4801768397033656
2009-02-09,0.4862378779235596
2009-03-09,0.5154734740444952
2009-04-09,0.5233171705647461
2009-07-09,0.5325869937250428
2009-08-09,0.5518397033656589
2009-09-09,0.5336565887050769
2009-10-09,0.5283086138049059
2009-11-09,0.5568311466058187
2009-01-10,0.5447090701654307
2009-02-10,0.5325869937250428
2009-05-10,0.5333000570450657
2009-06-10,0.558970336565887
2009-07-10,0.5750142612664004
2009-08-10,0.5892755276668569
2009-09-10,0.5832144894466629
2009-12-10,0.5924843126069596
2009-02-11,0.5457786651454649
2009-03-11,0.5375784369652026
2009-04-11,0.5778665145464917
2009-05-11,0.5743011979463776
2009-06-11,0.579470907016543
2009-09-11,0.58499714774672
2009-10-11,0.5700228180262408
2009-11-11,0.5832144894466629
2009-12-11,0.5789361095265261
2009-01-12,0.6220764403879064
2009-02-12,0.6384768967484312
2009-03-12,0.6359811751283514
2009-04-12,0.6259982886480319
2009-07-12,0.5978322875071306
2009-08-12,0.6003280091272105
2009-09-12,0.5882059326868226
2009-10-12,0.5746577296063891
2009-11-12,0.5789361095265261
2010-04-01,0.5668140330861381
2010-05-01,0.5810752994865944
2010-06-01,0.5924843126069596
2010-07-01,0.5996149458071877
2010-08-01,0.600684540787222
2010-11-01,0.6263548203080433
2010-12-01,0.6110239589275528
2010-01-02,0.5333000570450657
2010-02-02,0.5529092983456931
2010-03-02,0.5532658300057045
2010-04-02,0.5297347404449515
2010-05-02,0.49550770108385617
2010-08-02,0.49443810610382205
2010-09-02,0.4965772960638904
2010-10-02,0.5108385624643469
2010-11-02,0.5026383342840844
2010-12-02,0.5012122076440388
2010-01-03,0.5429264118653737
2010-02-03,0.5454221334854535
2010-03-03,0.5668140330861381
2010-04-03,0.572875071306332
2010-05-03,0.5696662863662293
2010-08-03,0.5725185396463206
2010-09-03,0.5625356531660012
2010-10-03,0.5775099828864803
2010-11-03,0.5575442099258414
2010-12-03,0.5718054763262977
2010-01-04,0.5853536794067313
2010-06-04,0.5935539075869938
2010-07-04,0.5953365658870508
2010-08-04,0.5956930975470622
2010-09-04,0.608528237307473
2010-12-04,0.613876212207644
2010-04-05,0.6217199087278951
2010-05-05,0.5832144894466629
2010-06-05,0.5853536794067313
2010-07-05,0.5857102110667427
2010-10-05,0.6128066172276099
2010-11-05,0.6113804905875643
2010-12-05,0.653094694808899
2010-01-06,0.6071021106674274
2010-02-06,0.6117370222475756
2010-03-06,0.606032515687393
2010-04-06,0.5878494010268113
2010-07-06,0.5735881346263548
2010-08-06,0.608528237307473
2010-09-06,0.606032515687393
2010-10-06,0.5956930975470622
2010-11-06,0.6074586423274386
2010-01-07,0.6195807187678265
2010-02-07,0.5956930975470622
2010-05-07,0.591058185966914
2010-06-07,0.591058185966914
2010-07-07,0.5839275527666856
2010-08-07,0.596406160867085
2010-09-07,0.5917712492869367
2010-12-07,0.5985453508271534
2010-02-08,0.6003280091272105
2010-03-08,0.6113804905875643
2010-04-08,0.6142327438676555
2010-05-08,0.6088847689674843
2010-06-08,0.6071021106674274
2010-09-08,0.6135196805476326
2010-10-08,0.5996149458071877
2010-11-08,0.600684540787222
2010-12-08,0.5935539075869938
2010-01-09,0.6488163148887621
2010-02-09,0.6481032515687393
2010-03-09,0.655590416428979
2010-06-09,0.6627210496292071
2010-07-09,0.6552338847689675
2010-08-09,0.6684255561893896
2010-09-09,0.6666428978893325
2010-10-09,0.6641471762692527
2010-01-10,0.7372361665715915
2010-04-10,0.7400884198516828
2010-05-10,0.7475755847119224
2010-06-10,0.7718197375926983
2010-07-10,0.7882201939532231
2010-08-10,0.7522104962920708
2010-11-10,0.7857244723331431
2010-12-10,0.7757415858528238
2010-01-11,0.8427695379349687
2010-02-11,0.8363519680547633
2010-03-11,0.8459783228750714
2010-04-11,0.8595265259555048
2010-05-11,0.886622932116372
2010-08-11,0.9073017683970336
2010-09-11,0.9725470621791216
2010-10-11,0.9361808328579578
2010-11-11,0.9440245293782088
2010-12-11,0.9097974900171135
2010-01-12,0.9793211637193383
2010-02-12,0.9707644038790645
2010-03-12,0.9793211637193383
2010-08-12,0.9893040501996576
2010-09-12,0.9675556189389617
2010-10-12,0.9811038220193954
2011-05-01,0.9960781517398746
2011-06-01,0.9914432401597261
2011-07-01,0.966842555618939
2011-10-01,0.9811038220193954
2011-01-02,0.9643468339988591
2011-02-02,0.962564175698802
2011-03-02,0.9636337706788364
2011-04-02,0.9853822019395323
2011-07-02,0.9960781517398746
2011-05-10,0.9775385054192812
2012-03-01,0.980747290359384
2012-04-01,0.9950085567598402
2012-05-01,0.9857387335995437
2012-09-01,0.9832430119794638
2012-09-05,0.9803907586993724
2012-10-05,0.9975042783799201
2012-11-05,0.9736166571591557
2012-01-06,0.9308328579577866
2012-07-06,0.9985738733599544
2012-08-06,0.9589988590986881
2012-11-06,0.9753993154592128
2012-12-06,0.97219053051911
2012-02-07,0.9301197946377638
2012-03-07,0.9500855675984028
2012-04-07,0.9568596691386194
2012-05-07,0.9647033656588705
2012-06-07,0.9286936679977182
2012-09-07,0.9258414147176269
2012-10-07,0.9376069594980034
2012-11-07,0.9212065031374786
2012-12-07,0.9055191100969767
2012-01-08,0.9483029092983457
2012-02-08,0.9322589845978324
2012-03-08,0.9261979463776383
2012-06-08,0.9429549343981746
2012-07-08,0.952937820878494
2012-08-08,0.9472333143183115
2012-09-08,0.9536508841985168
2012-10-08,0.9486594409583571
2013-04-01,1.0
2013-01-03,0.9532943525385055
2013-04-03,0.9775385054192812
2013-05-03,0.986095265259555
2013-06-03,0.9793211637193383
2013-07-03,0.9889475185396465
2013-08-03,0.980747290359384
2013-11-03,0.9850256702795207
2013-12-03,0.9975042783799201
2013-02-04,0.9515116942384484
2013-03-04,0.92405875641757
2013-04-04,0.910154021677125
2013-05-04,0.9162150598973189
2013-08-04,0.9269110096976612
2013-09-04,0.9261979463776383
2013-10-04,0.9436679977181973
2013-11-04,0.9376069594980034
2013-12-04,0.9315459212778094
2013-01-05,0.8092555618938961
2013-02-05,0.7992726754135768
2013-03-05,0.8192384483742157
2013-07-05,0.8014118653736452
2013-08-05,0.8053337136337707
2013-09-05,0.8128208784940103
2013-10-05,0.7878636622932117
2013-03-06,0.7543496862521392
2013-04-06,0.7572019395322306
2013-05-06,0.7522104962920708
2013-06-06,0.761123787792356
2013-07-06,0.7604107244723332
2013-10-06,0.7322447233314318
2013-11-06,0.7240444951511694
2013-12-06,0.7311751283513976
2013-01-07,0.647746719908728
2013-02-07,0.6541642897889333
2013-03-07,0.6516685681688534
2013-04-07,0.6523816314888763
2013-05-07,0.643468339988591
2013-08-07,0.6377638334284085
2013-09-07,0.63562464346834
2013-10-07,0.6452509982886481
2013-11-07,0.6623645179691957
2013-12-07,0.655590416428979
2013-01-08,0.6577296063890473
2013-02-08,0.6484597832287508
2013-05-08,0.659155733029093
2013-06-08,0.6598687963491159
2013-07-08,0.6416856816885339
2013-08-08,0.6580861380490588
2013-09-08,0.6787649743297205
2013-12-08,0.6974828864803195
2013-02-09,0.8092555618938961
2013-03-09,0.8178123217341701
2013-04-09,0.7999857387335996
2013-05-09,0.7932116371933827
2013-06-09,0.7764546491728466
2013-09-09,0.7974900171135197
2013-10-09,0.7860810039931546
2013-11-09,0.7714632059326868
2013-12-09,0.7629064460924131
2013-01-10,0.7283228750713063
2013-02-10,0.7083571021106675
2013-03-10,0.723687963491158
2013-04-10,0.7265402167712492
2013-07-10,0.7308185966913862
2013-08-10,0.7497147746719909
2013-09-10,0.7425841414717628
2013-10-10,0.7365231032515688
2013-11-10,0.721905305191101
2013-01-11,0.7301055333713634
2013-04-11,0.7336708499714776
2013-05-11,0.7247575584711923
2013-06-11,0.7368796349115803
2013-07-11,0.7301055333713634
2013-08-11,0.7283228750713063
2013-11-11,0.7174486594409584
2013-12-11,0.7069309754706219
2013-02-12,0.6587992013690815
2013-03-12,0.63812036508842
2013-04-12,0.6338419851682829
2013-05-12,0.6484597832287508
2013-06-12,0.6495293782087849
2013-09-12,0.6498859098687964
2013-10-12,0.6694951511694239
2013-11-12,0.6816172276098118
2013-12-12,0.6605818596691386
2014-02-01,0.6655733029092984
2014-03-01,0.6741300627495722
2014-06-01,0.6691386195094124
2014-07-01,0.6684255561893896
2014-08-01,0.6505989731888192
2014-09-01,0.651312036508842
2014-10-01,0.6605818596691386
2014-03-02,0.6416856816885339
2014-04-02,0.6441814033086138
2014-05-02,0.6545208214489446
2014-06-02,0.6727039361095266
2014-07-02,0.6630775812892186
2014-10-02,0.674843126069595
2014-11-02,0.6737735310895608
2014-12-02,0.674843126069595
2014-03-03,0.7197661152310325
2014-04-03,0.7087136337706788
2014-05-03,0.7147746719908729
2014-06-03,0.7072875071306332
2014-07-03,0.7169138619509412
2014-10-03,0.7030091272104962
2014-11-03,0.7122789503707929
2014-12-03,0.7022960638904735
2014-01-04,0.6605818596691386
2014-02-04,0.6612949229891615
2014-03-04,0.6616514546491729
2014-04-04,0.6652167712492869
2014-07-04,0.66093839132915
2014-08-04,0.6730604677695379
2014-09-04,0.6637906446092413
2014-10-04,0.6762692527096406
2014-11-04,0.6709212778094695
2014-01-05,0.6341985168282943
2014-02-05,0.63812036508842
2014-06-05,0.6548773531089561
2014-07-05,0.6548773531089561
2014-08-05,0.6409726183685112
2014-09-05,0.6409726183685112
2014-12-05,0.6484597832287508
2014-02-06,0.6252852253280091
2014-03-06,0.6274244152880777
2014-04-06,0.6235025670279521
2014-05-06,0.6252852253280091
2014-06-06,0.6331289218482602
2014-09-06,0.6359811751283514
2014-10-06,0.632059326868226
2014-11-06,0.6391899600684541
2014-12-06,0.6438248716486024
2014-01-07,0.7062179121505989
2014-02-07,0.7047917855105533
2014-03-07,0.7033656588705077
2014-04-07,0.7076440387906446
2014-07-07,0.7015830005704506
2014-08-07,0.7062179121505989
2014-09-07,0.708000570450656
2014-10-07,0.7211922418710782
2014-11-07,0.7181617227609811
2014-01-08,0.6798345693097547
2014-04-08,0.6801911009697662
2014-05-08,0.674843126069595
2014-06-08,0.6598687963491159
2014-07-08,0.6702082144894467
2014-08-08,0.6723474044495151
2014-11-08,0.6623645179691957
2014-12-08,0.670564746149458
2014-01-09,0.6495293782087849
2014-02-09,0.6391899600684541
2014-03-09,0.63562464346834
2014-04-09,0.6395464917284656
2014-05-09,0.6366942384483743
2014-08-09,0.6388334284084427
2014-09-09,0.632059326868226
2014-10-09,0.6324158585282373
2014-11-09,0.6213633770678836
2014-12-09,0.6192241871078152
2014-01-10,0.5621791215059897
2014-02-10,0.5639617798060468
2014-03-10,0.5596833998859099
2014-06-10,0.561466058185967
2014-07-10,0.5735881346263548
2014-08-10,0.5732316029663435
2014-09-10,0.5835710211066744
2014-10-10,0.5700228180262408
2014-03-11,0.5304478037649744
2014-04-11,0.5293782087849401
2014-05-11,0.5008556759840275
2014-06-11,0.4994295493439817
2014-07-11,0.5044209925841415
2014-10-11,0.5133342840844267
2014-11-11,0.5097689674843127
2014-12-11,0.5115516257843696
2014-01-12,0.5154734740444952
2014-02-12,0.5308043354249857
2014-03-12,0.5357957786651455
2014-04-12,0.5400741585852824
2014-05-12,0.5368653736451796
2014-08-12,0.5343696520250999
2014-09-12,0.5382915002852254
2014-10-12,0.5628921848260126
2014-11-12,0.5600399315459214
2014-12-12,0.563248716486024
2015-02-01,0.5147604107244724
2015-05-01,0.5208214489446663
2015-06-01,0.535439247005134
2015-07-01,0.5368653736451796
2015-08-01,0.5382915002852254
2015-09-01,0.5336565887050769
2015-12-01,0.5436394751853965
2015-02-02,0.5685966913861951
2015-03-02,0.5817883628066173
2015-04-02,0.5746577296063891
2015-05-02,0.5607529948659441
2015-06-02,0.5685966913861951
2015-09-02,0.5596833998859099
2015-10-02,0.553622361665716
2015-11-02,0.558970336565887
2015-12-02,0.5568311466058187
2015-02-03,0.547561323445522
2015-03-03,0.5400741585852824
2015-04-03,0.5365088419851683
2015-05-03,0.5318739304050201
2015-06-03,0.5247432972047918
2015-09-03,0.5222475755847119
2015-10-03,0.5172561323445521
2015-11-03,0.5122646891043925
2015-12-03,0.5136908157444381
2015-01-04,0.5450656018254421
2015-02-04,0.5550484883057616
2015-07-04,0.5557615516257843
2015-08-04,0.5550484883057616
2015-09-04,0.5357957786651455
2015-10-04,0.5447090701654307
2015-01-05,0.5311608670849972
2015-05-05,0.5400741585852824
2015-06-05,0.539717626925271
2015-07-05,0.5375784369652026
2015-08-05,0.5361523103251569
2015-11-05,0.5390045636052482
2015-12-05,0.5415002852253281
2015-01-06,0.5468482601254991
2015-02-06,0.5500570450656018
2015-03-06,0.5464917284654878
2015-04-06,0.5418568168853394
2015-05-06,0.5304478037649744
2015-08-06,0.5272390188248717
2015-09-06,0.5297347404449515
2015-10-06,0.5297347404449515
2015-11-06,0.5204649172846548
2015-12-06,0.5226041072447234
2015-01-07,0.5119081574443811
2015-02-07,0.5111950941243583
2015-03-07,0.5122646891043925
2015-06-07,0.5104820308043354
2015-07-07,0.5111950941243583
2015-08-07,0.4890901312036509
2015-09-07,0.5029948659440959
2015-10-07,0.5054905875641758
2015-03-08,0.47982030804335424
2015-04-08,0.4730462065031374
2015-05-08,0.47233314318311465
2015-06-08,0.4748288648031945
2015-07-08,0.4805333713633771
2015-10-08,0.4851682829435254
2015-11-08,0.500499144324016
2015-12-08,0.5022818026240731
2015-01-09,0.47803764974329715
2015-02-09,0.47375926982316025
2015-03-09,0.4791072447233314
2015-04-09,0.4783941814033085
2015-07-09,0.4730462065031374
2015-08-09,0.4762549914432402
2015-09-09,0.48124643468339984
2015-10-09,0.47946377638334287
2015-11-09,0.4744723331431831
2015-01-10,0.4734027381631489
2015-02-10,0.46912435824301196
2015-05-10,0.4983599543639475
2015-06-10,0.5133342840844267
2015-07-10,0.5186822589845979
2015-08-10,0.5111950941243583
2015-09-10,0.5247432972047918
2015-12-10,0.5236737022247576
2015-02-11,0.5037079292641187
2015-03-11,0.5029948659440959
2015-04-11,0.49871648602395885
2015-05-11,0.49015972618368503
2015-06-11,0.4922989161437535
2015-09-11,0.4816029663434112
2015-10-11,0.4734027381631489
2015-11-11,0.46948088990302334
2015-12-11,0.46769823160296636
2015-01-12,0.461280661722761
2015-02-12,0.45878494010268106
2015-03-12,0.45129777524244147
2015-04-12,0.4584284084426697
2015-07-12,0.4712635482030804
2015-08-12,0.4623502567027952
2015-09-12,0.46341985168282934
2015-10-12,0.4598545350827153
2015-11-12,0.4509412435824301
2016-04-01,0.45379349686252135
2016-05-01,0.4541500285225328
2016-06-01,0.4539717626925271
2016-07-01,0.4548630918425555
2016-08-01,0.455219623502567
2016-11-01,0.4527239018824872
2016-12-01,0.4495151169423845
2016-01-02,0.4655590416428979
2016-02-02,0.46306332002281797
2016-03-02,0.4684112949229891
2016-04-02,0.4801768397033656
2016-05-02,0.4862378779235596
2016-08-02,0.48730747290359383
2016-09-02,0.5015687393040502
2016-10-02,0.4937250427837992
2016-11-02,0.5126212207644039
2016-12-02,0.5122646891043925
2016-01-03,0.4890901312036509
2016-02-03,0.4830290929834569
2016-03-03,0.48837706788362806
2016-04-03,0.5047775242441529
2016-07-03,0.5129777524244153
2016-08-03,0.5129777524244153
2016-09-03,0.49907301768397033
2016-10-03,0.49907301768397033
2016-11-03,0.5072732458642327
2016-01-04,0.5029948659440959
2016-04-04,0.4880205362236167
2016-05-04,0.496220764403879
2016-06-04,0.4919423844837421
2016-07-04,0.49729035938391325
2016-08-04,0.4951511694238448
2016-11-04,0.5094124358243013
2016-12-04,0.5236737022247576
2016-03-05,0.5782230462065031
2016-04-05,0.5671705647461495
2016-05-05,0.5743011979463776
2016-06-05,0.5718054763262977
2016-09-05,0.5725185396463206
2016-10-05,0.5621791215059897
2016-11-05,0.5789361095265261
2016-12-05,0.5689532230462065
2016-01-06,0.5233171705647461
2016-02-06,0.5243867655447804
2016-03-06,0.5286651454649174
2016-06-06,0.5393610952652595
2016-07-06,0.5361523103251569
2016-08-06,0.5518397033656589
2016-09-06,0.5625356531660012
2016-10-06,0.5721620079863092
2016-01-07,0.6406160867084997
2016-04-07,0.6805476326297776
2016-05-07,0.6580861380490588
2016-06-07,0.6830433542498574
2016-07-07,0.6659298345693098
2016-08-07,0.6577296063890473
2016-11-07,0.684469480889903
2016-12-07,0.6801911009697662
2016-01-08,0.6858956075299487
2016-02-08,0.6930262407301769
2016-03-08,0.6887478608100399
2016-04-08,0.6734169994295494
2016-05-08,0.6755561893896178
2016-08-08,0.655590416428979
2016-09-08,0.6570165430690246
2016-10-08,0.679656303479749
2016-11-08,0.6751996577296064
2016-12-08,0.6630775812892186
2016-01-09,0.6195807187678265
2016-02-09,0.6231460353679407
2016-05-09,0.6484597832287508
2016-06-09,0.6534512264689105
2016-07-09,0.6648602395892756
2016-08-09,0.6652167712492869
2016-09-09,0.6466771249286937
2016-12-09,0.6220764403879064
2016-03-10,0.6384768967484312
2016-04-10,0.6227895037079292
2016-05-10,0.5892755276668569
2016-06-10,0.5878494010268113
2016-07-10,0.5725185396463206
2016-10-10,0.588562464346834
2016-11-10,0.5778665145464917
2016-12-10,0.5764403879064461
2016-01-11,0.6049629207073588
2016-02-11,0.6156588705077011
2016-03-11,0.5989018824871649
2016-04-11,0.6071021106674274
2016-07-11,0.6042498573873359
2016-08-11,0.6056759840273818
2016-09-11,0.6252852253280091
2016-10-11,0.6231460353679407
2016-11-11,0.6174415288077582
2016-01-12,0.5357957786651455
2016-02-12,0.5375784369652026
2016-05-12,0.5472047917855106
2016-06-12,0.5532658300057045
2016-07-12,0.5525527666856817
2016-08-12,0.5653879064460924
2016-09-12,0.558970336565887
2016-12-12,0.5557615516257843
2017-03-01,0.5233171705647461
2017-04-01,0.5400741585852824
2017-05-01,0.5461351968054764
2017-06-01,0.5411437535653166
2017-09-01,0.5436394751853965
2017-10-01,0.5488091842555619
2017-11-01,0.5532658300057045
2017-12-01,0.5575442099258414
2017-01-02,0.5821448944666288
2017-02-02,0.5860667427267542
2017-03-02,0.5707358813462636
2017-06-02,0.5821448944666288
2017-07-02,0.5821448944666288
2017-08-02,0.5871363377067883
2017-09-02,0.5862450085567599
2017-10-02,0.5828579577866515
2017-01-03,0.6081717056474615
2017-02-03,0.6081717056474615
2017-03-03,0.5842840844266971
2017-06-03,0.5896320593268682
2017-07-03,0.5857102110667427
2017-08-03,0.5750142612664004
2017-09-03,0.5657444381061039
2017-10-03,0.5568311466058187
2017-03-04,0.6021106674272676
2017-04-04,0.608528237307473
2017-05-04,0.6056759840273818
2017-06-04,0.6042498573873359
2017-07-04,0.6106674272675413
2017-10-04,0.5942669709070166
2017-11-04,0.5942669709070166
2017-12-04,0.6074586423274386
2017-02-05,0.558970336565887
2017-03-05,0.5554050199657731
2017-04-05,0.5429264118653737
2017-05-05,0.5347261836851113
2017-08-05,0.5386480319452367
2017-09-05,0.5329435253850542
2017-10-05,0.535439247005134
2017-11-05,0.5382915002852254
2017-12-05,0.5357957786651455
2017-01-06,0.5653879064460924
2017-02-06,0.567527096406161
2017-05-06,0.5792926411865373
2017-06-06,0.5807187678265829
2017-07-06,0.5821448944666288
2017-08-06,0.5821448944666288
2017-09-06,0.5732316029663435
2017-12-06,0.5653879064460924
2017-03-07,0.5422133485453509
2017-04-07,0.5304478037649744
2017-05-07,0.5233171705647461
2017-06-07,0.5254563605248147
2017-07-07,0.5193953223046207
2017-10-07,0.49729035938391325
2017-11-07,0.5076297775242442
2017-12-07,0.5190387906446092
2017-01-08,0.5514831717056474
2017-02-08,0.5489874500855677
2017-03-08,0.5418568168853394
2017-04-08,0.5500570450656018
2017-07-08,0.5297347404449515
2017-08-08,0.5390045636052482
2017-09-08,0.5461351968054764
2017-10-08,0.5636052481460353
2017-11-08,0.5639617798060468
2017-01-09,0.5785795778665146
2017-04-09,0.5892755276668569
2017-05-09,0.5921277809469481
2017-06-09,0.5882059326868226
2017-07-09,0.5889189960068454
2017-08-09,0.6038933257273247
2017-11-09,0.591058185966914
2017-12-09,0.5874928693667998
2017-02-10,0.5457786651454649
2017-03-10,0.5468482601254991
2017-04-10,0.5545136908157444
2017-05-10,0.5486309184255562
2017-06-10,0.5473830576155163
2017-09-10,0.5579007415858529
2017-10-10,0.565031374786081
2017-11-10,0.5661009697661152
2017-12-10,0.5677053622361666
2017-01-11,0.5586138049058758
2017-02-11,0.5636052481460353
2017-03-11,0.5637835139760411
2017-06-11,0.5577224757558471
2017-07-11,0.5609312606959498
2017-08-11,0.5605747290359384
2017-09-11,0.5643183114660583
2017-10-11,0.5607529948659441
2017-01-12,0.5400741585852824
2017-04-12,0.5368653736451796
2017-05-12,0.5352609811751284
2017-06-12,0.5291999429549343
2017-07-12,0.5218910439247005
2017-08-12,0.5188605248146035
2017-11-12,0.519217056474615
2017-12-12,0.5172561323445521
2018-02-01,0.5628921848260126
2018-03-01,0.5652096406160867
2018-04-01,0.5653879064460924
2018-05-01,0.566279235596121
2018-08-01,0.5668140330861381
2018-09-01,0.5627139189960069
2018-10-01,0.5655661722760982
2018-11-01,0.5611095265259556
2018-12-01,0.565031374786081
2018-01-02,0.567527096406161
2018-02-02,0.5655661722760982
2018-05-02,0.5562963491158015
2018-06-02,0.5538006274957217
2018-07-02,0.5497005134055905
2018-08-02,0.5374001711351968
2018-09-02,0.5377567027952083
2018-12-02,0.5402524244152881
2018-01-03,0.5363305761551627
2018-02-03,0.540965487735311
2018-05-03,0.5432829435253851
2018-06-03,0.5472047917855106
2018-07-03,0.548096120935539
2018-08-03,0.5422133485453509
2018-09-03,0.5423916143753565
2018-12-03,0.5413220193953223
2018-03-04,0.5436394751853965
2018-04-04,0.5415002852253281
2018-05-04,0.5359740444951512
2018-06-04,0.534904449515117
2018-09-04,0.5372219053051911
2018-10-04,0.5425698802053622
2018-11-04,0.5452438676554479
2018-12-04,0.5484526525955505
2018-01-05,0.5340131203650884
2018-02-05,0.5375784369652026
2018-03-05,0.5416785510553337
2018-04-05,0.5398958927552766
2018-08-05,0.540965487735311
2018-09-05,0.5407872219053053
2018-10-05,0.5464917284654878
2018-11-05,0.5521962350256704
2018-01-06,0.5400741585852824
2018-04-06,0.5407872219053053
2018-05-06,0.5388262977752425
2018-06-06,0.5445308043354251
2018-07-06,0.5516614375356532
2018-08-06,0.5507701083856247
2018-11-06,0.5521962350256704
2018-12-06,0.5555832857957788
2018-02-07,0.5243867655447804
2018-03-07,0.5226041072447234
2018-04-07,0.5267042213348546
2018-05-07,0.5233171705647461
2018-06-07,0.5249215630347975
2018-09-07,0.532408727895037
2018-10-07,0.5226041072447234
2018-11-07,0.5220693097547062
2018-12-07,0.5193953223046207
2018-01-08,0.5063819167142042
2018-02-08,0.5054905875641758
2018-03-08,0.5022818026240731
2018-06-08,0.5017470051340559
2018-07-08,0.5060253850541928
2018-08-08,0.5017470051340559
2018-09-08,0.50656018254421
2018-10-08,0.5028166001140901
2018-03-09,0.47251140901312033
2018-04-09,0.4627067883628066
2018-05-09,0.4598545350827153
2018-06-09,0.46324158585282377
2018-07-09,0.46038933257273246
2018-10-09,0.4614589275527667
2018-11-09,0.458250142612664
2018-12-09,0.45931973759269823
2018-01-10,0.4734027381631489
2018-02-10,0.4717983456930976
2018-03-10,0.4799985738733599
2018-04-10,0.4762549914432402
2018-05-10,0.47643325727324587
2018-08-10,0.4703722190530519
2018-09-10,0.4653807758128921
2018-10-10,0.4671634341129492
2018-11-10,0.46805476326297774
2018-12-10,0.47518539646320584
2018-01-11,0.4698374215630347
2018-02-11,0.4830290929834569
2018-05-11,0.4799985738733599
2018-06-11,0.47875071306332
2018-07-11,0.4776811180832858
2018-08-11,0.4712635482030804
2018-09-11,0.4659155733029093
2018-12-11,0.4594980034227039
2018-03-12,0.46751996577296057
2018-04-12,0.4732244723331432
2018-05-12,0.47090701654306905
2018-06-12,0.4673416999429549
2018-07-12,0.47108528237307473
2018-10-12,0.472689674843126
2018-11-12,0.47661152310325156
2018-12-12,0.4771463205932686
2019-02-01,0.5051340559041643
2019-03-01,0.5085211066742727
2019-04-01,0.5145821448944666
2019-07-01,0.516186537364518
2019-08-01,0.5122646891043925
2019-09-01,0.5115516257843696
2019-10-01,0.5145821448944666
2019-11-01,0.5136908157444381
2019-01-02,0.5254563605248147
2019-04-02,0.5160082715345122
2019-05-02,0.5202866514546493
2019-06-02,0.5154734740444952
2019-07-02,0.5147604107244724
2019-08-02,0.5172561323445521
2019-11-02,0.5145821448944666
2019-12-02,0.5183257273245865
2019-01-03,0.5094124358243013
2019-04-03,0.4951511694238448
2019-05-03,0.4933685111237877
2019-06-03,0.49283371363377065
2019-07-03,0.4921206503137478
2019-08-03,0.4935467769537935
2019-11-03,0.4999643468339989
2019-12-03,0.5053123217341701
2019-01-04,0.4919423844837421
2019-02-04,0.4903379920136908
2019-03-04,0.4953294352538505
2019-04-04,0.4924771819737593
2019-05-04,0.4963990302338847
2019-08-04,0.49443810610382205
2019-09-04,0.4985382201939533
2019-10-04,0.4981816885339418
2019-11-04,0.4951511694238448
2019-12-04,0.4917641186537364
2019-01-05,0.4851682829435254
2019-02-05,0.47785938391329147
2019-03-05,0.4771463205932686
2019-07-05,0.4833856246434683
2019-08-05,0.48695094124358235
2019-09-05,0.4830290929834569
2019-10-05,0.4821377638334284
2019-03-06,0.4789289788933257
2019-04-06,0.47946377638334287
2019-05-06,0.48374215630347966
2019-06-06,0.4878422703936109
2019-07-06,0.4862378779235596
2019-10-06,0.4803551055333713
2019-11-06,0.4785724472333143
2019-12-06,0.4819594980034227
2019-01-07,0.49871648602395885
2019-02-07,0.49550770108385617
2019-03-07,0.500499144324016
2019-04-07,0.4994295493439817
2019-05-07,0.4969338277239019
2019-08-07,0.4919423844837421
2019-09-07,0.4903379920136908
2019-10-07,0.49283371363377065
2019-11-07,0.49889475185396465
2019-12-07,0.49443810610382205
2019-01-08,0.5252780946948089
2019-02-08,0.5320521962350258
2019-05-08,0.5423916143753565
2019-06-08,0.5388262977752425
2019-07-08,0.5543354249857387
2019-08-08,0.561466058185967
2019-09-08,0.5607529948659441
2019-12-08,0.5591486023958927
2019-02-09,0.6088847689674843
2019-03-09,0.613341414717627
2019-04-09,0.6429335424985739
2019-05-09,0.6399030233884768
2019-06-09,0.6015758699372504
2019-09-09,0.6024671990872791
2019-10-09,0.5960496292070736
2019-11-09,0.6022889332572733
2019-12-09,0.6031802624073018
2019-01-10,0.5646748431260696
2019-02-10,0.5700228180262408
2019-03-10,0.5821448944666288
2019-04-10,0.5823231602966343
2019-07-10,0.5759055904164291
2019-08-10,0.5805405019965774
2019-09-10,0.588562464346834
2019-10-10,0.5874928693667998
2019-11-10,0.5821448944666288
2019-01-11,0.600684540787222
2019-04-11,0.603001996577296
2019-05-11,0.5980105533371364
2019-06-11,0.5800057045065602
2019-07-11,0.5796491728465488
2019-08-11,0.5539788933257273
2019-11-11,0.5564746149458072
2019-12-11,0.5513049058756417
2019-02-12,0.5562963491158015
2019-03-12,0.5611095265259556
2019-04-12,0.5653879064460924
2019-05-12,0.5561180832857958
2019-06-12,0.5586138049058758
2019-09-12,0.5472047917855106
2019-10-12,0.5491657159155734
2019-11-12,0.5486309184255562
2019-12-12,0.55593981745579
2020-02-01,0.5937321734169995
2020-03-01,0.6038933257273247
2020-06-01,0.612093553907587
2020-07-01,0.6015758699372504
2020-08-01,0.6113804905875643
2020-09-01,0.5931973759269823
2020-10-01,0.593375641756988
2020-03-02,0.5882059326868226
2020-04-02,0.586779806046777
2020-05-02,0.5828579577866515
2020-06-02,0.588027666856817
2020-07-02,0.5882059326868226
2020-10-02,0.5887407301768397
2020-11-02,0.5858884768967484
2020-12-02,0.5807187678265829
2020-02-03,0.5577224757558471
2020-03-03,0.5539788933257273
2020-04-03,0.5696662863662293
2020-05-03,0.5678836280661723
2020-06-03,0.5778665145464917
2020-09-03,0.556652880775813
2020-10-03,0.563248716486024
2020-11-03,0.561466058185967
2020-12-03,0.5438177410154021
2020-01-04,0.4543282943525385
2020-02-04,0.4600328009127211
2020-03-04,0.46769823160296636
2020-06-04,0.47358100399315456
2020-07-04,0.4921206503137478
2020-08-04,0.4917641186537364
2020-09-04,0.49568596691386196
2020-01-05,0.48392042213348546
2020-04-05,0.48695094124358235
2020-05-05,0.4805333713633771
2020-06-05,0.4921206503137478
2020-07-05,0.48873359954363943
2020-11-05,0.5053123217341701
2020-12-05,0.5067384483742157
2020-01-06,0.6021106674272676
2020-02-06,0.606032515687393
2020-03-06,0.5914147176269253
2020-04-06,0.5874928693667998
2020-05-06,0.5814318311466058
2020-08-06,0.5832144894466629
2020-09-06,0.5832144894466629
2020-10-06,0.5862450085567599
2020-11-06,0.5919495151169424
2020-12-06,0.5830362236166572
2020-01-07,0.6042498573873359
2020-02-07,0.5937321734169995
2020-03-07,0.5971192241871078
2020-06-07,0.605497718197376
2020-07-07,0.5971192241871078
2020-08-07,0.6136979463776383
2020-09-07,0.6261765544780377
2020-10-07,0.6238590986879635
2020-03-08,0.8185253850541928
2020-04-08,0.8220907016543069
2020-05-08,0.9153237307472903
2020-06-08,0.9488377067883629
2020-07-08,0.9647033656588705
2020-10-08,0.962564175698802
2020-11-08,0.9629207073588134
2020-12-08,0.8748573873359954
2020-01-09,0.9844908727895038
2020-02-09,0.9424201369081574
2020-03-09,0.913719338277239
2020-04-09,0.9106888191671421
2020-07-09,0.9112236166571591
2020-08-09,0.9056973759269824
2020-09-09,0.9007059326868226
2020-10-09,0.921028237307473
2020-11-09,0.9128280091272105
2020-01-10,0.7967769537934969
2020-02-10,0.8055119794637764
2020-05-10,0.8072946377638334
2020-06-10,0.8210211066742727
2020-07-10,0.7935681688533942
2020-08-10,0.8088990302338848
2020-09-10,0.8215559041642898
2020-12-10,0.8481175128351397
2020-02-11,0.8094338277239019
2020-03-11,0.8163861950941245
2020-04-11,0.8094338277239019
2020-05-11,0.8306474614945808
2020-06-11,0.8737877923559613
2020-09-11,0.8497219053051911
2020-10-11,0.8172775242441529
2020-11-11,0.8178123217341701
2020-12-11,0.8179905875641758
2020-01-12,0.7937464346833999
2020-02-12,0.8096120935539076
2020-03-12,0.8163861950941245
2020-04-12,0.8183471192241871
2020-07-12,0.8014118653736452
2020-08-12,0.8272604107244724
2020-09-12,0.8133556759840275
2020-10-12,0.8062250427837993
2020-11-12,0.8037293211637194
2021-04-01,0.9269110096976612
2021-05-01,0.935467769537935
2021-06-01,0.936002567027952
2021-07-01,0.9219195664575014
2021-08-01,0.9046277809469481
2021-11-01,0.8466913861950941
2021-12-01,0.8646962350256703
2021-02-02,0.9288719338277239
2021-03-02,0.910154021677125
2021-04-02,0.8958927552766686
2021-05-02,0.900527666856817
2021-08-02,0.9237022247575585
2021-09-02,0.9399244152880777
2021-10-02,0.9254848830576156
2021-11-02,0.9217413006274957
2021-12-02,0.9197803764974329
2021-01-03,0.9133628066172277
2021-02-03,0.8909013120365089
2021-03-03,0.9024885909868797
2021-04-03,0.8800270964061608
2021-05-03,0.8586351968054764
2021-08-03,0.8515045636052482
2021-09-03,0.8728964632059326
2021-10-03,0.8689746149458072
2021-11-03,0.8905447803764974
2021-12-03,0.8629135767256133
2021-01-04,0.8215559041642898
2021-06-04,0.847404449515117
2021-07-04,0.8454435253850542
