date,price,silver_price_lag_1,silver_price_lag_2,silver_price_lag_3,silver_price_lag_4,silver_price_lag_5,silver_MA7,silver_MA30,silver_volatility
1968-04-10,0.0289860239589275,0.0350470621791214,0.0433185966913861,0.0411437535653166,0.0304121505989731,0.0327296063890473,0.034812769945399655,0.0334141471762692,0.005443070397534731
1968-04-11,0.0246363377067883,0.0289860239589275,0.0350470621791214,0.0433185966913861,0.0411437535653166,0.0304121505989731,0.0337533615842229,0.03337611713253465,0.006656383846624669
1968-04-12,0.0254920136908157,0.0246363377067883,0.0289860239589275,0.0350470621791214,0.0433185966913861,0.0411437535653166,0.032719419770189814,0.03312297965392654,0.007366175172980968
1968-05-01,0.0315530519110096,0.0254920136908157,0.0246363377067883,0.0289860239589275,0.0350470621791214,0.0433185966913861,0.032882405671909316,0.03300175888952266,0.0073190868305594604
1968-05-02,0.0259555048488305,0.0315530519110096,0.0254920136908157,0.0246363377067883,0.0289860239589275,0.0350470621791214,0.03071265585526844,0.03257748621410909,0.00668570088981934
1968-05-03,0.032658300057045,0.0259555048488305,0.0315530519110096,0.0254920136908157,0.0246363377067883,0.0289860239589275,0.02918975633607686,0.03219243202129676,0.004017312632140147
1968-05-04,0.0296634341129492,0.032658300057045,0.0259555048488305,0.0315530519110096,0.0254920136908157,0.0246363377067883,0.028420666612337973,0.0320486309184255,0.003125397323576914
1968-05-06,0.0409654877353108,0.0296634341129492,0.032658300057045,0.0259555048488305,0.0315530519110096,0.0254920136908157,0.030132018580392727,0.032382582239969517,0.005703222477240663
1968-05-07,0.042783799201369,0.0409654877353108,0.0296634341129492,0.032658300057045,0.0259555048488305,0.0315530519110096,0.032724513079618545,0.033058803955124484,0.006806593987531691
1968-05-08,0.032907872219053,0.042783799201369,0.0409654877353108,0.0296634341129492,0.032658300057045,0.0259555048488305,0.0337839214407953,0.03308494961019199,0.0060255909931651455
1968-05-09,0.0357244723331431,0.032907872219053,0.042783799201369,0.0409654877353108,0.0296634341129492,0.032658300057045,0.03437983864395723,0.03338681308233498,0.005974244981825079
1968-05-11,0.0252780946948089,0.0357244723331431,0.032907872219053,0.042783799201369,0.0409654877353108,0.0296634341129492,0.034283065764811285,0.03312416809279325,0.006136725602338071
1968-05-12,0.0259911580148317,0.0252780946948089,0.0357244723331431,0.032907872219053,0.042783799201369,0.0409654877353108,0.03333061690163796,0.03277239018824866,0.0069007507487792745
1968-06-02,0.0241015402167712,0.0259911580148317,0.0252780946948089,0.0357244723331431,0.032907872219053,0.042783799201369,0.032536060630755384,0.03216034417189574,0.0076706209500597205
1968-06-03,0.0307330290929834,0.0241015402167712,0.0259911580148317,0.0252780946948089,0.0357244723331431,0.032907872219053,0.031074280824708613,0.032028427457691515,0.006711540242529954
1968-06-05,0.0378993154592127,0.0307330290929834,0.0241015402167712,0.0259911580148317,0.0252780946948089,0.0357244723331431,0.030376497432972,0.032318406541167466,0.005421079229559104
1968-06-06,0.0421420422133485,0.0378993154592127,0.0307330290929834,0.0241015402167712,0.0259911580148317,0.0252780946948089,0.031695664575014215,0.032925698802053566,0.007025754670138937
1968-06-08,0.0325513405590416,0.0421420422133485,0.0378993154592127,0.0307330290929834,0.0241015402167712,0.0259911580148317,0.03124236003585686,0.03287816124738538,0.006821899375186399
1968-06-09,0.0353679406731317,0.0325513405590416,0.0421420422133485,0.0378993154592127,0.0307330290929834,0.0241015402167712,0.03268376660418869,0.032960163529188,0.006404871203240963
1968-06-11,0.0256702795208214,0.0353679406731317,0.0325513405590416,0.0421420422133485,0.0378993154592127,0.0307330290929834,0.032637926819330074,0.03257629777524238,0.006461650113267323
1968-06-12,0.0272033656588705,0.0256702795208214,0.0353679406731317,0.0325513405590416,0.0421420422133485,0.0378993154592127,0.03308104473962997,0.03203674652975845,0.005856728572862704
1968-07-02,0.0247076440387906,0.0272033656588705,0.0256702795208214,0.0353679406731317,0.0325513405590416,0.0421420422133485,0.03222027544617386,0.03170992584141467,0.006648581463253895
1968-07-03,0.0326939532230462,0.0247076440387906,0.0272033656588705,0.0256702795208214,0.0353679406731317,0.0325513405590416,0.031476652269578645,0.031814508461684675,0.00618228463712188
1968-07-05,0.03469053051911,0.0326939532230462,0.0247076440387906,0.0272033656588705,0.0256702795208214,0.0353679406731317,0.030412150598973144,0.03216866324396268,0.004434151254927471
1968-07-06,0.0429977181973759,0.03469053051911,0.0326939532230462,0.0247076440387906,0.0272033656588705,0.0256702795208214,0.031904490261592325,0.03253351397604102,0.006534536690000457
1968-07-08,0.0332644038790644,0.0429977181973759,0.03469053051911,0.0326939532230462,0.0247076440387906,0.0272033656588705,0.031603985005297,0.03255134055904159,0.006395607489365111
1968-07-10,0.0295564746149458,0.0332644038790644,0.0429977181973759,0.03469053051911,0.0326939532230462,0.0247076440387906,0.032159155733029056,0.03252281802624068,0.005947670513342811
1968-07-11,0.0244224187107815,0.0295564746149458,0.0332644038790644,0.0429977181973759,0.03469053051911,0.0326939532230462,0.03176187759758777,0.03196544019775618,0.006408862903377306
1968-08-01,0.0317669709070165,0.0244224187107815,0.0295564746149458,0.0332644038790644,0.0429977181973759,0.03469053051911,0.03277035286447718,0.03158038600494385,0.005620791767742956
1968-08-02,0.0252067883628066,0.0317669709070165,0.0244224187107815,0.0295564746149458,0.0332644038790644,0.0429977181973759,0.03170075788444296,0.031252376877733364,0.006308106394347956
1968-08-03,0.0340844266970907,0.0252067883628066,0.0317669709070165,0.0244224187107815,0.0295564746149458,0.0332644038790644,0.03161417162415449,0.031422323635672135,0.006264235708003701
1968-08-04,0.0307330290929834,0.0340844266970907,0.0252067883628066,0.0317669709070165,0.0244224187107815,0.0295564746149458,0.029862073180669847,0.03162554668187864,0.003767099479229787
1968-08-05,0.0374001711351968,0.0307330290929834,0.0340844266970907,0.0252067883628066,0.0317669709070165,0.0244224187107815,0.030452897074403046,0.03202248526335801,0.004617896119003458
1968-08-07,0.041500285225328,0.0374001711351968,0.0307330290929834,0.0340844266970907,0.0252067883628066,0.0317669709070165,0.03215915573302907,0.03235405970716862,0.006175378110635103
1968-08-08,0.0318382772390188,0.041500285225328,0.0374001711351968,0.0307330290929834,0.0340844266970907,0.0252067883628066,0.03321856409420583,0.0325501521201749,0.005183325984704073
1968-08-10,0.0290216771249286,0.0318382772390188,0.041500285225328,0.0374001711351968,0.0307330290929834,0.0340844266970907,0.03282637926819327,0.03242893135577102,0.005410349410616712
1968-08-11,0.0247789503707929,0.0290216771249286,0.0318382772390188,0.041500285225328,0.0374001711351968,0.0307330290929834,0.03276525955504846,0.032266115231032476,0.005512230060324686
1968-09-01,0.0298416999429549,0.0247789503707929,0.0290216771249286,0.0318382772390188,0.041500285225328,0.0374001711351968,0.032159155733029056,0.03189532230462061,0.005575893760690411
1968-09-02,0.0237450085567598,0.0298416999429549,0.0247789503707929,0.0290216771249286,0.0318382772390188,0.041500285225328,0.03116086708499712,0.031260695949800306,0.006433396217136316
1968-09-04,0.0332644038790644,0.0237450085567598,0.0298416999429549,0.0247789503707929,0.0290216771249286,0.0318382772390188,0.030570043191263916,0.03127258033846735,0.005935542143439767
1968-09-05,0.0373288648031945,0.0332644038790644,0.0237450085567598,0.0298416999429549,0.0247789503707929,0.0290216771249286,0.029974125988101983,0.03132606008746906,0.0047453419386244
1968-09-07,0.0373288648031945,0.0373288648031945,0.0332644038790644,0.0237450085567598,0.0298416999429549,0.0247789503707929,0.030758495640127084,0.03172775242441525,0.005498789163407
1968-09-08,0.0314460924130062,0.0373288648031945,0.0373288648031945,0.0332644038790644,0.0237450085567598,0.0298416999429549,0.03110484068128103,0.03190958357102107,0.005447272408221501
1968-09-09,0.0346192241871078,0.0314460924130062,0.0373288648031945,0.0373288648031945,0.0332644038790644,0.0237450085567598,0.032510594083611725,0.03226017303669895,0.004770354021537208
1968-09-10,0.0277738163148887,0.0346192241871078,0.0314460924130062,0.0373288648031945,0.0373288648031945,0.0332644038790644,0.03221518213674513,0.03216153261076246,0.005020638324498738
1968-09-12,0.0272390188248716,0.0277738163148887,0.0346192241871078,0.0314460924130062,0.0373288648031945,0.0373288648031945,0.0327143264607611,0.03180618938961776,0.004133505383862592
1968-10-01,0.0289860239589275,0.0272390188248716,0.0277738163148887,0.0346192241871078,0.0314460924130062,0.0373288648031945,0.03210312932931297,0.031367655447803726,0.004349289623895388
1968-10-04,0.0331930975470621,0.0289860239589275,0.0272390188248716,0.0277738163148887,0.0346192241871078,0.0314460924130062,0.03151230543557977,0.031389047347404414,0.003762404611282995
1968-10-05,0.0388262977752424,0.0331930975470621,0.0289860239589275,0.0272390188248716,0.0277738163148887,0.0346192241871078,0.03172622443158661,0.03150432591747477,0.004168851209940022
1968-10-06,0.0418568168853394,0.0388262977752424,0.0331930975470621,0.0289860239589275,0.0272390188248716,0.0277738163148887,0.033213470784777065,0.0320438771629587,0.005647168021441685
1968-10-07,0.0408585282373074,0.0418568168853394,0.0388262977752424,0.0331930975470621,0.0289860239589275,0.0272390188248716,0.034104799934805585,0.0324990492489066,0.006354165657567392
1968-10-09,0.0319452367370222,0.0408585282373074,0.0418568168853394,0.0388262977752424,0.0331930975470621,0.0289860239589275,0.03470071713796751,0.03274030233884765,0.005835938451258253
1968-10-10,0.0263476896748431,0.0319452367370222,0.0408585282373074,0.0418568168853394,0.0388262977752424,0.0331930975470621,0.034573384402249156,0.032528760220574215,0.0060322977427925565
1968-10-12,0.0250998288648031,0.0263476896748431,0.0319452367370222,0.0408585282373074,0.0418568168853394,0.0388262977752424,0.0340182136745171,0.032209070165430655,0.006766385696775475
1968-11-01,0.0293069024529378,0.0250998288648031,0.0263476896748431,0.0319452367370222,0.0408585282373074,0.0418568168853394,0.03346304294678506,0.03175270964061604,0.007000737906695327
1968-11-03,0.0329791785510553,0.0293069024529378,0.0250998288648031,0.0263476896748431,0.0319452367370222,0.0408585282373074,0.03262774020047261,0.03174320212968241,0.006590997586126462
1968-11-04,0.0316956645750142,0.0329791785510553,0.0293069024529378,0.0250998288648031,0.0263476896748431,0.0319452367370222,0.031176147013283303,0.03181450846168469,0.00518958161657742
1968-11-06,0.0439960068454078,0.0316956645750142,0.0329791785510553,0.0293069024529378,0.0250998288648031,0.0263476896748431,0.03162435824301193,0.03246696139950556,0.006201943122031872
1968-11-07,0.0391115231032515,0.0439960068454078,0.0316956645750142,0.0329791785510553,0.0293069024529378,0.0250998288648031,0.03264811343818754,0.03271177980604673,0.0068240108278594174
1968-11-09,0.0347974900171135,0.0391115231032515,0.0439960068454078,0.0316956645750142,0.0329791785510553,0.0293069024529378,0.0338552277727976,0.033031469861190293,0.006246697095732915
1968-11-10,0.0277381631488876,0.0347974900171135,0.0391115231032515,0.0439960068454078,0.0316956645750142,0.0329791785510553,0.034232132670523954,0.03281992774291686,0.0056846931329741
1968-11-11,0.0260268111808328,0.0277381631488876,0.0347974900171135,0.0391115231032515,0.0439960068454078,0.0316956645750142,0.03376354820308038,0.03266305381251184,0.0062640086250413595
1968-11-12,0.0266329150028522,0.0260268111808328,0.0277381631488876,0.0347974900171135,0.0391115231032515,0.0439960068454078,0.03285693912476566,0.03230414527476702,0.006830128576956596
1968-12-01,0.0304834569309754,0.0266329150028522,0.0260268111808328,0.0277381631488876,0.0347974900171135,0.0391115231032515,0.03268376660418869,0.03193691766495527,0.006879666614472352
1968-12-02,0.0234241300627495,0.0304834569309754,0.0266329150028522,0.0260268111808328,0.0277381631488876,0.0347974900171135,0.029744927063808928,0.03165644609241296,0.005496900961049393
1968-12-03,0.0338705077010838,0.0234241300627495,0.0304834569309754,0.0266329150028522,0.0260268111808328,0.0277381631488876,0.02899621057778497,0.03181807377828479,0.004216214349527347
1968-12-06,0.0464917284654877,0.0338705077010838,0.0234241300627495,0.0304834569309754,0.0266329150028522,0.0260268111808328,0.030666816070409858,0.03254183304810796,0.007741238323515533
1968-12-07,0.0384341129492298,0.0464917284654877,0.0338705077010838,0.0234241300627495,0.0304834569309754,0.0266329150028522,0.03219480889903017,0.03282824681498379,0.008113478322803085
1968-12-08,0.0304121505989731,0.0384341129492298,0.0464917284654877,0.0338705077010838,0.0234241300627495,0.0304834569309754,0.0328212859587645,0.03305048488305757,0.007717486024023996
1968-12-09,0.0330148317170564,0.0304121505989731,0.0384341129492298,0.0464917284654877,0.0338705077010838,0.0234241300627495,0.03373298834650796,0.03304216581099063,0.007225887019966112
1968-12-11,0.0263476896748431,0.0330148317170564,0.0304121505989731,0.0384341129492298,0.0464917284654877,0.0338705077010838,0.03314216445277477,0.032676126640045586,0.007690040434302104
1968-12-12,0.0253850541928123,0.0263476896748431,0.0330148317170564,0.0304121505989731,0.0384341129492298,0.0464917284654877,0.033422296471355174,0.03227799961969951,0.007303008293754379
1969-01-04,0.0193240159726183,0.0253850541928123,0.0263476896748431,0.0330148317170564,0.0304121505989731,0.0384341129492298,0.03134422622443153,0.031873930405019915,0.009021599718531401
1969-01-05,0.0180405019965773,0.0193240159726183,0.0253850541928123,0.0263476896748431,0.0330148317170564,0.0304121505989731,0.02727976530030147,0.03132130633200223,0.0073056932690649615
1969-01-07,0.0115159726183685,0.0180405019965773,0.0193240159726183,0.0253850541928123,0.0263476896748431,0.0330148317170564,0.023434316681607,0.030779378208784892,0.0075366248805708936
1969-01-08,0.0121933827723901,0.0115159726183685,0.0180405019965773,0.0193240159726183,0.0253850541928123,0.0263476896748431,0.020831635563523715,0.030277857007035506,0.007864001033175238
1969-01-10,0.0210710211066742,0.0121933827723901,0.0115159726183685,0.0180405019965773,0.0193240159726183,0.0253850541928123,0.019125376904897684,0.03001402357862706,0.005806646768295629
1969-01-12,0.0226397604107244,0.0210710211066742,0.0121933827723901,0.0115159726183685,0.0180405019965773,0.0193240159726183,0.018595672724309297,0.029662245674082474,0.005172489152512048
1969-02-01,0.0244580718767826,0.0226397604107244,0.0210710211066742,0.0121933827723901,0.0115159726183685,0.0180405019965773,0.018463246679162198,0.029183304810800482,0.0049779033520342564
1969-02-04,0.0187892184826012,0.0244580718767826,0.0226397604107244,0.0210710211066742,0.0121933827723901,0.0115159726183685,0.018386847037731188,0.02841438486404254,0.00496658175872783
1969-02-05,0.0180048488305761,0.0187892184826012,0.0244580718767826,0.0226397604107244,0.0210710211066742,0.0121933827723901,0.018381753728302443,0.02765259555048483,0.00496701440080624
1969-02-06,0.0178622361665715,0.0180048488305761,0.0187892184826012,0.0244580718767826,0.0226397604107244,0.0210710211066742,0.01928836280661716,0.027183162198136473,0.00398757989362266
1969-02-07,0.0106246434683399,0.0178622361665715,0.0180048488305761,0.0187892184826012,0.0244580718767826,0.0226397604107244,0.019064257191752844,0.026659060657919696,0.00446793181550862
1969-02-09,0.0148317170564746,0.0106246434683399,0.0178622361665715,0.0180048488305761,0.0187892184826012,0.0244580718767826,0.018172928041724327,0.02631679026430875,0.00462061520541153
1969-02-10,0.0221762692527096,0.0148317170564746,0.0106246434683399,0.0178622361665715,0.0180048488305761,0.0187892184826012,0.018106715019150788,0.026079102490967808,0.004548698889924446
1969-02-12,0.0231745579007415,0.0221762692527096,0.0148317170564746,0.0106246434683399,0.0178622361665715,0.0180048488305761,0.017923355879716347,0.025752281802624018,0.0042671599272545695
1969-03-01,0.0247789503707929,0.0231745579007415,0.0221762692527096,0.0148317170564746,0.0106246434683399,0.0178622361665715,0.018779031863743727,0.025521724662483307,0.005006264594154669
1969-03-02,0.0254920136908157,0.0247789503707929,0.0231745579007415,0.0221762692527096,0.0148317170564746,0.0106246434683399,0.019848626843777955,0.024904924890663573,0.005580212702228489
1969-03-03,0.0193596691386195,0.0254920136908157,0.0247789503707929,0.0231745579007415,0.0221762692527096,0.0148317170564746,0.020062545839784816,0.02424652975850917,0.005519747052925012
1969-03-04,0.0200727324586423,0.0193596691386195,0.0254920136908157,0.0247789503707929,0.0231745579007415,0.0221762692527096,0.021412272838399443,0.02375570450656013,0.0036737675250438314
1969-03-06,0.0178622361665715,0.0200727324586423,0.0193596691386195,0.0254920136908157,0.0247789503707929,0.0231745579007415,0.021845204139841857,0.023426506940482927,0.0028567594216267317
1969-03-07,0.0107316029663434,0.0178622361665715,0.0200727324586423,0.0193596691386195,0.0254920136908157,0.0247789503707929,0.020210251813218113,0.022916666666666616,0.005060591031368757
1969-03-09,0.015437820878494,0.0107316029663434,0.0178622361665715,0.0200727324586423,0.0193596691386195,0.0254920136908157,0.01910500366718276,0.02254349686252134,0.005149360182207111
1969-03-10,0.0213205932686822,0.015437820878494,0.0107316029663434,0.0178622361665715,0.0200727324586423,0.0193596691386195,0.018610952652595516,0.02223806807377823,0.004656572827168808
1969-03-11,0.025812892184826,0.0213205932686822,0.015437820878494,0.0107316029663434,0.0178622361665715,0.0200727324586423,0.01865679243745413,0.022317693477847452,0.004736493885801723
1969-03-12,0.0226754135767256,0.025812892184826,0.0213205932686822,0.015437820878494,0.0107316029663434,0.0178622361665715,0.019130470214326428,0.021944523673702178,0.004978134385009147
1969-04-02,0.0256346263548203,0.0226754135767256,0.025812892184826,0.0213205932686822,0.015437820878494,0.0107316029663434,0.019925026485209,0.02124928693667993,0.005563090912747036
1969-04-03,0.0187179121505989,0.0256346263548203,0.0226754135767256,0.025812892184826,0.0213205932686822,0.015437820878494,0.020047265911498628,0.020592080243392232,0.005519439989674544
1969-04-06,0.0173274386765544,0.0187179121505989,0.0256346263548203,0.0226754135767256,0.025812892184826,0.0213205932686822,0.020989528155814483,0.020155923179311606,0.004024636296579596
1969-04-07,0.0112664004563605,0.0173274386765544,0.0187179121505989,0.0256346263548203,0.0226754135767256,0.025812892184826,0.020393610952652557,0.019430975470621746,0.005138386927401457
1969-04-08,0.0123003422703936,0.0112664004563605,0.0173274386765544,0.0187179121505989,0.0256346263548203,0.0226754135767256,0.01910500366718276,0.018962730557140095,0.005936276356577719
1969-04-09,0.015437820878494,0.0123003422703936,0.0112664004563605,0.0173274386765544,0.0187179121505989,0.0256346263548203,0.017622850623421043,0.018631156113329484,0.005236272204768413
1969-04-11,0.024814603536794,0.015437820878494,0.0123003422703936,0.0112664004563605,0.0173274386765544,0.0187179121505989,0.017928449189145098,0.018814175698802012,0.005628061593492561
1969-04-12,0.0215701654306902,0.024814603536794,0.015437820878494,0.0123003422703936,0.0112664004563605,0.0173274386765544,0.01734781191426937,0.018931831146605772,0.00485742416240696
1969-05-02,0.0253494010268111,0.0215701654306902,0.024814603536794,0.015437820878494,0.0123003422703936,0.0112664004563605,0.01829516746801397,0.019392945426887194,0.005736335834152479
1969-05-03,0.0210353679406731,0.0253494010268111,0.0215701654306902,0.024814603536794,0.015437820878494,0.0123003422703936,0.01882487164860236,0.01968767826582996,0.005802892767076074
1969-05-05,0.017719623502567,0.0210353679406731,0.0253494010268111,0.0215701654306902,0.024814603536794,0.015437820878494,0.019746760655203286,0.019575965012359718,0.004833620418727323
1969-05-06,0.0176126640045636,0.017719623502567,0.0210353679406731,0.0253494010268111,0.0215701654306902,0.024814603536794,0.020505663760084718,0.01940839513215436,0.00376954909789123
1969-05-08,0.011658585282373,0.0176126640045636,0.017719623502567,0.0210353679406731,0.0253494010268111,0.0215701654306902,0.01996577296063886,0.018981745579007375,0.004757527263882144
1969-05-09,0.0153308613804905,0.011658585282373,0.0176126640045636,0.017719623502567,0.0210353679406731,0.0253494010268111,0.0186109526525955,0.018866467008937016,0.004489374027066962
1969-05-11,0.0257059326868225,0.0153308613804905,0.011658585282373,0.0176126640045636,0.017719623502567,0.0210353679406731,0.019201776546328684,0.019123169804145232,0.005165029303492531
1969-05-12,0.0206788362806617,0.0257059326868225,0.0153308613804905,0.011658585282373,0.0176126640045636,0.017719623502567,0.018534553011164488,0.019217056474614903,0.004496985549977549
1969-06-01,0.0249572162007986,0.0206788362806617,0.0257059326868225,0.0153308613804905,0.011658585282373,0.0176126640045636,0.019094817048325274,0.019694808899030195,0.0050684733207137
1969-06-02,0.0231745579007415,0.0249572162007986,0.0206788362806617,0.0257059326868225,0.0153308613804905,0.011658585282373,0.01987409339092163,0.01997290359383909,0.005238300577228996
1969-06-03,0.0218910439247005,0.0231745579007415,0.0249572162007986,0.0206788362806617,0.0257059326868225,0.0153308613804905,0.020485290522369755,0.01996339608290545,0.0051797337556445285
1969-06-05,0.0173274386765544,0.0218910439247005,0.0231745579007415,0.0249572162007986,0.0206788362806617,0.0257059326868225,0.021295126721538524,0.01976849210876588,0.003839451151664885
1969-06-06,0.0170065601825442,0.0173274386765544,0.0218910439247005,0.0231745579007415,0.0249572162007986,0.0206788362806617,0.021534512264689054,0.01950941243582426,0.0034367260270300294
1969-06-08,0.0121933827723901,0.0170065601825442,0.0173274386765544,0.0218910439247005,0.0231745579007415,0.0249572162007986,0.019604147991198716,0.019066124738543407,0.004371085352715104
1969-06-10,0.0197162007986309,0.0121933827723901,0.0170065601825442,0.0173274386765544,0.0218910439247005,0.0231745579007415,0.019466628636622886,0.019078009127210454,0.004346714139559655
1969-06-11,0.025563320022818,0.0197162007986309,0.0121933827723901,0.0170065601825442,0.0173274386765544,0.0218910439247005,0.01955321489691137,0.019261028712682978,0.004478358268041547
1969-07-01,0.0251354820308043,0.025563320022818,0.0197162007986309,0.0121933827723901,0.0170065601825442,0.0173274386765544,0.01983334691549177,0.019503470241490736,0.004792918738958042
1969-07-02,0.0218553907586993,0.0251354820308043,0.025563320022818,0.0197162007986309,0.0121933827723901,0.0170065601825442,0.019828253606063027,0.019874263167902598,0.004790385909281757
1969-07-03,0.023281517398745,0.0218553907586993,0.0251354820308043,0.025563320022818,0.0197162007986309,0.0121933827723901,0.020678836280661687,0.020135719718577635,0.004800925297359782
1969-07-05,0.0190744438106103,0.023281517398745,0.0218553907586993,0.0251354820308043,0.025563320022818,0.0197162007986309,0.02097424822752827,0.020060848069975237,0.0045965727847616135
1969-07-07,0.0114803194523673,0.0190744438106103,0.023281517398745,0.0218553907586993,0.0251354820308043,0.025563320022818,0.020872382038953585,0.019583095645559944,0.004825787269065264
1969-07-08,0.0121933827723901,0.0114803194523673,0.0190744438106103,0.023281517398745,0.0218553907586993,0.0251354820308043,0.019797693749490614,0.019233694618748763,0.00585424241283771
1969-07-10,0.0211066742726754,0.0121933827723901,0.0114803194523673,0.0190744438106103,0.023281517398745,0.0218553907586993,0.019161030070898814,0.01908276288267727,0.00534269789180421
1969-07-11,0.0246719908727895,0.0211066742726754,0.0121933827723901,0.0114803194523673,0.0190744438106103,0.023281517398745,0.019094817048325274,0.019281232173416953,0.0052585240034123595
1969-08-01,0.0265616086708499,0.0246719908727895,0.0211066742726754,0.0121933827723901,0.0114803194523673,0.0190744438106103,0.019767133892918214,0.01958903783989347,0.005928470692541147
1969-08-04,0.019751853964632,0.0265616086708499,0.0246719908727895,0.0211066742726754,0.0121933827723901,0.0114803194523673,0.0192628962594735,0.019871886290169186,0.005726402905652949
1969-08-05,0.0204649172846548,0.019751853964632,0.0265616086708499,0.0246719908727895,0.0211066742726754,0.0121933827723901,0.019461535327194142,0.020144038790644563,0.005742869191326814
1969-08-07,0.012157729606389,0.0204649172846548,0.019751853964632,0.0265616086708499,0.0246719908727895,0.0211066742726754,0.0195583082063401,0.020034702414907728,0.0055896257407190625
1969-08-08,0.0125499144324015,0.012157729606389,0.0204649172846548,0.019751853964632,0.0265616086708499,0.0246719908727895,0.019609241300627443,0.019625879444761306,0.005512422227873707
1969-08-09,0.0162578436965202,0.0125499144324015,0.012157729606389,0.0204649172846548,0.019751853964632,0.0265616086708499,0.018916551218319557,0.019448802053622313,0.005596898195344186
1969-08-10,0.0196448944666286,0.0162578436965202,0.0125499144324015,0.012157729606389,0.0204649172846548,0.019751853964632,0.018198394588868,0.01925865183494956,0.005029028602596752
1969-08-12,0.0210353679406731,0.0196448944666286,0.0162578436965202,0.0125499144324015,0.012157729606389,0.0204649172846548,0.01740893162741417,0.019258651834949563,0.003774676095588797
1969-09-01,0.0262050770108385,0.0210353679406731,0.0196448944666286,0.0162578436965202,0.0125499144324015,0.012157729606389,0.0183308206340151,0.019541500285225277,0.00502365754711841
1969-09-04,0.0188961779806046,0.0262050770108385,0.0210353679406731,0.0196448944666286,0.0162578436965202,0.0125499144324015,0.018106715019150788,0.019584284084426643,0.004946994172105819
1969-09-05,0.0194309754706217,0.0188961779806046,0.0262050770108385,0.0210353679406731,0.0196448944666286,0.0162578436965202,0.019145750142612602,0.019843363757368268,0.0041960812754414135
1969-09-06,0.0160439247005134,0.0194309754706217,0.0188961779806046,0.0262050770108385,0.0210353679406731,0.0196448944666286,0.019644894466628586,0.01986713253470236,0.003416012426412721
1969-09-07,0.0123359954363947,0.0160439247005134,0.0194309754706217,0.0188961779806046,0.0262050770108385,0.0210353679406731,0.019084630429467803,0.0194214679596881,0.00427717716412645
1969-09-09,0.0173274386765544,0.0123359954363947,0.0160439247005134,0.0194309754706217,0.0188961779806046,0.0262050770108385,0.01875356531660006,0.01930975470621786,0.004316095173155414
1969-09-10,0.0203936109526525,0.0173274386765544,0.0123359954363947,0.0160439247005134,0.0194309754706217,0.0188961779806046,0.01866188574688283,0.019157634531279655,0.004266074615127199
1969-09-12,0.019252709640616,0.0203936109526525,0.0173274386765544,0.0123359954363947,0.0160439247005134,0.0194309754706217,0.017668690408279616,0.019026906255942142,0.002761057626327954
1969-10-01,0.0274529378208784,0.019252709640616,0.0203936109526525,0.0173274386765544,0.0123359954363947,0.0160439247005134,0.01889108467117587,0.01921230271914807,0.004645888376626241
1969-10-02,0.021784084426697,0.0274529378208784,0.019252709640616,0.0203936109526525,0.0173274386765544,0.0123359954363947,0.019227243093472342,0.019360857577486158,0.004774805772042428
1969-10-03,0.0224258414147176,0.021784084426697,0.0274529378208784,0.019252709640616,0.0203936109526525,0.0173274386765544,0.0201389454812158,0.01954150028522527,0.004673894298608332
1969-10-04,0.0193240159726183,0.0224258414147176,0.021784084426697,0.0274529378208784,0.019252709640616,0.0203936109526525,0.021137234129247746,0.01977918805856621,0.003262763312895591
1969-10-06,0.0147960638904734,0.0193240159726183,0.0224258414147176,0.021784084426697,0.0274529378208784,0.019252709640616,0.0207756091598076,0.01961518349496096,0.0038439180725738857
1969-10-07,0.013940387906446,0.0147960638904734,0.0193240159726183,0.0224258414147176,0.021784084426697,0.0274529378208784,0.019853720153206668,0.019227752424415226,0.004641828096426653
1969-10-09,0.0171848260125499,0.013940387906446,0.0147960638904734,0.0193240159726183,0.0224258414147176,0.021784084426697,0.019558308206340084,0.01896273055714008,0.004750970308438445
1969-10-10,0.020250998288648,0.0171848260125499,0.013940387906446,0.0147960638904734,0.0193240159726183,0.0224258414147176,0.018529459701735744,0.01890925080813837,0.0033210252260252905
1969-10-11,0.0239232743867655,0.020250998288648,0.0171848260125499,0.013940387906446,0.0147960638904734,0.0193240159726183,0.018835058267459816,0.018930642707739052,0.003742151179109937
1969-10-12,0.0173274386765544,0.0239232743867655,0.020250998288648,0.0171848260125499,0.013940387906446,0.0147960638904734,0.018106715019150788,0.018872409203270525,0.0034080292128206326
1969-11-02,0.021784084426697,0.0173274386765544,0.0239232743867655,0.020250998288648,0.0171848260125499,0.013940387906446,0.01845815336973346,0.019215868035748183,0.003671163313380266
1969-11-03,0.0216414717626925,0.021784084426697,0.0173274386765544,0.0239232743867655,0.020250998288648,0.0171848260125499,0.01943606878005047,0.019530804335424926,0.0034373688394310916
1969-11-04,0.0188605248146035,0.0216414717626925,0.021784084426697,0.0173274386765544,0.0239232743867655,0.020250998288648,0.02013894548121583,0.01945593268682253,0.0025021164448696944
1969-11-06,0.01468910439247,0.0188605248146035,0.0216414717626925,0.021784084426697,0.0173274386765544,0.0239232743867655,0.019782413821204416,0.01912316980414521,0.003099668329230881
1969-11-07,0.0127994865944095,0.01468910439247,0.0188605248146035,0.0216414717626925,0.021784084426697,0.0173274386765544,0.018717912150598915,0.0186644324015972,0.004046752136218879
1969-11-08,0.0149030233884768,0.0127994865944095,0.01468910439247,0.0188605248146035,0.0216414717626925,0.021784084426697,0.0174293048651291,0.01850280471572536,0.0035140488570035333
1969-11-09,0.017719623502567,0.0149030233884768,0.0127994865944095,0.01468910439247,0.0188605248146035,0.0216414717626925,0.017485331268845185,0.0184112949229891,0.0035152802567723915
1969-11-11,0.0244224187107815,0.017719623502567,0.0149030233884768,0.0127994865944095,0.01468910439247,0.0188605248146035,0.01786223616657154,0.018820117893135518,0.004139095594719164
1969-11-12,0.0176483171705647,0.0244224187107815,0.017719623502567,0.0149030233884768,0.0127994865944095,0.01468910439247,0.017291785510553288,0.01899006465107429,0.0037920512488305628
1969-12-02,0.0214275527666856,0.0176483171705647,0.0244224187107815,0.017719623502567,0.0149030233884768,0.0127994865944095,0.017658503789422155,0.01916238828674647,0.0040820780607221194
1969-12-03,0.02000142612664,0.0214275527666856,0.0176483171705647,0.0244224187107815,0.017719623502567,0.0149030233884768,0.018417406894303583,0.019174272675413516,0.0039289647195412105
1969-12-05,0.0186466058185966,0.02000142612664,0.0214275527666856,0.0176483171705647,0.0244224187107815,0.017719623502567,0.01925270964061603,0.019094647271344297,0.003061262580193366
1969-12-06,0.0147247575584711,0.0186466058185966,0.02000142612664,0.0214275527666856,0.0176483171705647,0.0244224187107815,0.019227243093472356,0.018711969956265388,0.003103922552200159
1969-12-08,0.0136195094124358,0.0147247575584711,0.0186466058185966,0.02000142612664,0.0214275527666856,0.0176483171705647,0.0186415125091679,0.018536081003993097,0.003754513045326539
1969-12-09,0.0189674843126069,0.0136195094124358,0.0147247575584711,0.0186466058185966,0.02000142612664,0.0214275527666856,0.01786223616657153,0.018520631298725932,0.0027992465957537194
1969-12-11,0.024565031374786,0.0189674843126069,0.0136195094124358,0.0147247575584711,0.0186466058185966,0.02000142612664,0.018850338195746,0.018804668187868356,0.0037652350955602676
1969-12-12,0.016970907016543,0.024565031374786,0.0189674843126069,0.0136195094124358,0.0147247575584711,0.0186466058185966,0.018213674517154197,0.018959165240539963,0.0036312260116078076
1970-01-04,0.0215345122646891,0.016970907016543,0.024565031374786,0.0189674843126069,0.0136195094124358,0.0147247575584711,0.018432686822589785,0.01909940102681112,0.003799363036154242
1970-01-05,0.016471762692527,0.0215345122646891,0.016970907016543,0.024565031374786,0.0189674843126069,0.0136195094124358,0.018121994947436985,0.018968672751473604,0.003867271064135087
1970-01-06,0.0135482030804335,0.016471762692527,0.0215345122646891,0.016970907016543,0.024565031374786,0.0189674843126069,0.017953915736288757,0.018778522532800854,0.0040602813678799225
1970-01-07,0.0125499144324015,0.0135482030804335,0.016471762692527,0.0215345122646891,0.016970907016543,0.024565031374786,0.017801116453426715,0.018281755086518293,0.0042655212124736025
1970-01-09,0.020500570450656,0.0125499144324015,0.0135482030804335,0.016471762692527,0.0215345122646891,0.016970907016543,0.0180201287588623,0.018238971287316927,0.004373383519562339
1970-01-10,0.0159726183685111,0.020500570450656,0.0125499144324015,0.0135482030804335,0.016471762692527,0.0215345122646891,0.016792641186537314,0.018023863852443374,0.003305761859245705
1970-01-12,0.0119438106103821,0.0159726183685111,0.020500570450656,0.0125499144324015,0.0135482030804335,0.016471762692527,0.016074484557085756,0.017777857007035498,0.003773537364759028
1970-02-01,0.0188248716486023,0.0119438106103821,0.0159726183685111,0.020500570450656,0.0125499144324015,0.0135482030804335,0.01568739304050193,0.01791215059897313,0.003218212577122623
1970-02-02,0.0221762692527096,0.0188248716486023,0.0119438106103821,0.0159726183685111,0.020500570450656,0.0125499144324015,0.016502322549099443,0.018186679977181916,0.004061667579696739
1970-02-03,0.0220693097547062,0.0221762692527096,0.0188248716486023,0.0119438106103821,0.0159726183685111,0.020500570450656,0.01771962350256697,0.018349496101920458,0.004298733042048654
1970-02-04,0.022033656588705,0.0220693097547062,0.0221762692527096,0.0188248716486023,0.0119438106103821,0.0159726183685111,0.01907444381061033,0.018408918045255695,0.0038710648347567377
1970-02-06,0.0120151169423844,0.022033656588705,0.0220693097547062,0.0221762692527096,0.0188248716486023,0.0119438106103821,0.01786223616657153,0.01801197946377632,0.004608415938304013
1970-02-07,0.0130847119224187,0.0120151169423844,0.022033656588705,0.0220693097547062,0.0221762692527096,0.0188248716486023,0.017449678102844042,0.017870555238638466,0.0049242197038647986
1970-02-09,0.0202153451226468,0.0130847119224187,0.0120151169423844,0.022033656588705,0.0220693097547062,0.0221762692527096,0.01863132589031043,0.01781826392850346,0.004340659222516175
1970-02-10,0.0163291500285225,0.0202153451226468,0.0130847119224187,0.0120151169423844,0.022033656588705,0.0220693097547062,0.01827479423029903,0.01764118653736446,0.004423812173567067
1970-02-11,0.0186466058185966,0.0163291500285225,0.0202153451226468,0.0130847119224187,0.0120151169423844,0.022033656588705,0.017770556596854316,0.01763405590416423,0.004093849701113167
1970-02-12,0.0135125499144323,0.0186466058185966,0.0163291500285225,0.0202153451226468,0.0130847119224187,0.0120151169423844,0.016548162333958043,0.017594837421562974,0.0038675840932357835
1970-03-02,0.0223901882487164,0.0135125499144323,0.0186466058185966,0.0163291500285225,0.0202153451226468,0.0130847119224187,0.01659909542824539,0.017914527476706535,0.003953262378902884
1970-03-03,0.0224258414147176,0.0223901882487164,0.0135125499144323,0.0186466058185966,0.0163291500285225,0.0202153451226468,0.018086341781435842,0.01816528807758123,0.0038992413502539043
1970-03-04,0.0216058185966913,0.0224258414147176,0.0223901882487164,0.0135125499144323,0.0186466058185966,0.0163291500285225,0.01930364273490336,0.01829482791405204,0.0033719965196823227
1970-03-06,0.0124786081003993,0.0216058185966913,0.0224258414147176,0.0223901882487164,0.0135125499144323,0.0186466058185966,0.018198394588868,0.01789670089370597,0.004191679167125001
1970-03-07,0.0125142612664004,0.0124786081003993,0.0216058185966913,0.0224258414147176,0.0223901882487164,0.0135125499144323,0.017653410479993414,0.01772556569690049,0.004693209422299819
1970-03-08,0.018218767826583,0.0125142612664004,0.0124786081003993,0.0216058185966913,0.0224258414147176,0.0223901882487164,0.017592290766848616,0.01761860619889707,0.0046808889950300065
1970-03-09,0.0203223046206503,0.018218767826583,0.0125142612664004,0.0124786081003993,0.0216058185966913,0.0224258414147176,0.0185651128677369,0.01762930214869741,0.004390298794729051
1970-03-11,0.0181474614945807,0.0203223046206503,0.018218767826583,0.0125142612664004,0.0124786081003993,0.0216058185966913,0.01795900904571751,0.017612664004563554,0.00405421671719405
1970-03-12,0.0131560182544209,0.0181474614945807,0.0203223046206503,0.018218767826583,0.0125142612664004,0.0124786081003993,0.016634748594246556,0.017560372694428544,0.003861357880009668
1970-04-02,0.0232102110667427,0.0131560182544209,0.0181474614945807,0.0203223046206503,0.018218767826583,0.0125142612664004,0.016863947518539615,0.017880062749572104,0.004235129923130971
1970-04-03,0.022283228750713,0.0232102110667427,0.0131560182544209,0.0181474614945807,0.0203223046206503,0.018218767826583,0.018264607611441573,0.017990587564175643,0.004163780717588103
1970-04-05,0.016471762692527,0.022283228750713,0.0232102110667427,0.0131560182544209,0.0181474614945807,0.0203223046206503,0.018829964958031083,0.017720811941433674,0.0034624852946715753
1970-04-06,0.0132629777524244,0.016471762692527,0.022283228750713,0.0232102110667427,0.0131560182544209,0.0181474614945807,0.018121994947437,0.017597214299296393,0.004062881989374359
1970-04-08,0.0174343981745578,0.0132629777524244,0.016471762692527,0.022283228750713,0.0232102110667427,0.0131560182544209,0.0177094368837095,0.017460543829625346,0.003947194318540429
1970-04-09,0.0205718767826582,0.0174343981745578,0.0132629777524244,0.016471762692527,0.022283228750713,0.0232102110667427,0.01805578192486343,0.01759721429929639,0.004095608834116288
1970-04-11,0.0185396463205932,0.0205718767826582,0.0174343981745578,0.0132629777524244,0.016471762692527,0.022283228750713,0.018824871648602328,0.01776359574063504,0.003481618829359159
1970-04-12,0.0135125499144323,0.0185396463205932,0.0205718767826582,0.0174343981745578,0.0132629777524244,0.016471762692527,0.017439491483986557,0.017795683590036068,0.00337353995651336
1970-05-01,0.0199301197946377,0.0135125499144323,0.0185396463205932,0.0205718767826582,0.0174343981745578,0.0132629777524244,0.017103333061690085,0.017776668568168792,0.0028935287657037194
1970-05-02,0.0224614945807187,0.0199301197946377,0.0135125499144323,0.0185396463205932,0.0205718767826582,0.0174343981745578,0.017959009045717473,0.017992964441909048,0.0034981136896198575
1970-05-03,0.0233884768967484,0.0224614945807187,0.0199301197946377,0.0135125499144323,0.0185396463205932,0.0205718767826582,0.019405508923478042,0.018374453318121257,0.003321663094402577
1970-05-05,0.0135838562464346,0.0233884768967484,0.0224614945807187,0.0199301197946377,0.0135125499144323,0.0185396463205932,0.01885543150517473,0.018199752804715665,0.003959986119946717
1970-05-06,0.0132629777524244,0.0135838562464346,0.0233884768967484,0.0224614945807187,0.0199301197946377,0.0135125499144323,0.017811303072284186,0.017902643088039495,0.004373916355633822
1970-05-08,0.017969195664575,0.0132629777524244,0.0135838562464346,0.0233884768967484,0.0224614945807187,0.0199301197946377,0.017729810121424442,0.01776597261836845,0.004363385997757371
1970-05-10,0.0163291500285225,0.017969195664575,0.0132629777524244,0.0135838562464346,0.0233884768967484,0.0224614945807187,0.018132181566294474,0.0175758223996957,0.00402653841774362
1970-05-11,0.0193240159726183,0.0163291500285225,0.017969195664575,0.0132629777524244,0.0135838562464346,0.0233884768967484,0.018045595306005986,0.017819452367370165,0.003987762047674856
1970-06-01,0.0206075299486594,0.0193240159726183,0.0163291500285225,0.017969195664575,0.0132629777524244,0.0135838562464346,0.0177807432157118,0.018070212968244855,0.003696525242123624
1970-06-02,0.0223188819167141,0.0206075299486594,0.0193240159726183,0.0163291500285225,0.017969195664575,0.0132629777524244,0.017627943932849756,0.018140330861380432,0.003439243756025034
1970-06-03,0.0224614945807187,0.0223188819167141,0.0206075299486594,0.0193240159726183,0.0163291500285225,0.017969195664575,0.01889617798060463,0.018344742346453637,0.0033346671280916514
1970-06-04,0.0213918996006845,0.0224614945807187,0.0223188819167141,0.0206075299486594,0.0193240159726183,0.0163291500285225,0.02005745253035607,0.018436252139189903,0.002301296760014227
1970-06-05,0.0162934968625213,0.0213918996006845,0.0224614945807187,0.0223188819167141,0.0206075299486594,0.0193240159726183,0.019818066987205542,0.01852895037079287,0.002619834858980276
1970-06-07,0.0125499144324015,0.0162934968625213,0.0213918996006845,0.0224614945807187,0.0223188819167141,0.0206075299486594,0.019278176187759684,0.01820094124358237,0.0036467870246287446
1970-06-08,0.016970907016543,0.0125499144324015,0.0162934968625213,0.0213918996006845,0.0224614945807187,0.0223188819167141,0.018942017765463216,0.018019110096976553,0.003748882188208649
1970-06-10,0.0154734740444951,0.016970907016543,0.0125499144324015,0.0162934968625213,0.0213918996006845,0.0224614945807187,0.018208581207725456,0.017814698611903344,0.0038690237008991712
1970-06-11,0.0184326868225898,0.0154734740444951,0.016970907016543,0.0125499144324015,0.0162934968625213,0.0213918996006845,0.017653410479993414,0.01801316790264303,0.0034354576608875186
1970-07-01,0.0197162007986309,0.0184326868225898,0.0154734740444951,0.016970907016543,0.0125499144324015,0.0162934968625213,0.01726122565398087,0.01825323255371738,0.0029119004290794974
1970-07-04,0.0209284084426697,0.0197162007986309,0.0184326868225898,0.0154734740444951,0.016970907016543,0.0125499144324015,0.01719501263140733,0.018343553907586938,0.0028056507817382672
1970-07-05,0.0152239018824871,0.0209284084426697,0.0197162007986309,0.0184326868225898,0.0154734740444951,0.016970907016543,0.0170422133485453,0.018173607149648163,0.002890766086797405
1970-07-07,0.0115516257843696,0.0152239018824871,0.0209284084426697,0.0197162007986309,0.0184326868225898,0.0154734740444951,0.01689960068454074,0.01795374595930779,0.0031612920632715096
1970-07-08,0.0165430690245293,0.0115516257843696,0.0152239018824871,0.0209284084426697,0.0197162007986309,0.0184326868225898,0.01683848097139593,0.01806664765164474,0.0031638185249284654
1970-07-09,0.0204649172846548,0.0165430690245293,0.0115516257843696,0.0152239018824871,0.0209284084426697,0.0197162007986309,0.017551544291418742,0.017975137858908478,0.003361226643334866
1970-07-10,0.016970907016543,0.0204649172846548,0.0165430690245293,0.0115516257843696,0.0152239018824871,0.0209284084426697,0.017342718604840626,0.01779806046776948,0.0033427168989784792
1970-07-12,0.0131203650884198,0.016970907016543,0.0204649172846548,0.0165430690245293,0.0115516257843696,0.0152239018824871,0.016400456360524757,0.017686347214299236,0.0034886096116324783
1970-08-01,0.0201796919566457,0.0131203650884198,0.016970907016543,0.0204649172846548,0.0165430690245293,0.0115516257843696,0.01629349686252133,0.017916904354439944,0.003334730659477162
1970-08-04,0.0208927552766685,0.0201796919566457,0.0131203650884198,0.016970907016543,0.0204649172846548,0.0165430690245293,0.0171033330616901,0.018032182924510306,0.003700019668414896
1970-08-05,0.0162934968625213,0.0208927552766685,0.0201796919566457,0.0131203650884198,0.016970907016543,0.0204649172846548,0.017780743215711773,0.01788957026050574,0.0028508204269114016
1970-08-06,0.0132986309184255,0.0162934968625213,0.0208927552766685,0.0201796919566457,0.0131203650884198,0.016970907016543,0.017317252057696943,0.01771486974710015,0.0033120182041073737
1970-08-07,0.0124786081003993,0.0132986309184255,0.0162934968625213,0.0208927552766685,0.0201796919566457,0.0131203650884198,0.016176350745660442,0.017680405019965716,0.0034207668692823458
1970-08-09,0.0204649172846548,0.0124786081003993,0.0132986309184255,0.0162934968625213,0.0208927552766685,0.0201796919566457,0.016675495069676412,0.017698231602966286,0.003790917737221432
1970-08-10,0.0175770108385624,0.0204649172846548,0.0124786081003993,0.0132986309184255,0.0162934968625213,0.0208927552766685,0.017312158748268212,0.017535415478227744,0.0034535667737074075
1970-08-12,0.0126925270964061,0.0175770108385624,0.0204649172846548,0.0124786081003993,0.0132986309184255,0.0162934968625213,0.016242563768233985,0.01717888381821633,0.003574743736998779
1970-09-01,0.0201440387906446,0.0126925270964061,0.0175770108385624,0.0204649172846548,0.0124786081003993,0.0132986309184255,0.016135604270230572,0.017397556569689998,0.0034202802189576362
1970-09-02,0.0226397604107244,0.0201440387906446,0.0126925270964061,0.0175770108385624,0.0204649172846548,0.0124786081003993,0.0170422133485453,0.017710115991633336,0.004217334022424637
1970-09-03,0.0219623502567027,0.0226397604107244,0.0201440387906446,0.0126925270964061,0.0175770108385624,0.0204649172846548,0.018279887539727757,0.01784322114470426,0.004206857764402461
1970-09-04,0.0208571021106674,0.0219623502567027,0.0226397604107244,0.0201440387906446,0.0126925270964061,0.0175770108385624,0.019476815255480343,0.017994152880775754,0.0033947177991160435
1970-09-06,0.014189960068454,0.0208571021106674,0.0219623502567027,0.0226397604107244,0.0201440387906446,0.0126925270964061,0.018580392796023085,0.017823017683970276,0.003883600845898993
1970-09-07,0.0124786081003993,0.014189960068454,0.0208571021106674,0.0219623502567027,0.0226397604107244,0.0201440387906446,0.01785204954771407,0.017552053622361608,0.004527798344473351
1970-09-09,0.0212492869366799,0.0124786081003993,0.014189960068454,0.0208571021106674,0.0219623502567027,0.0226397604107244,0.01907444381061033,0.017516400456360468,0.004030437587967314
1970-09-10,0.0168639475185396,0.0212492869366799,0.0124786081003993,0.014189960068454,0.0208571021106674,0.0219623502567027,0.018605859343166758,0.01732981555428783,0.004075778525162132
1970-09-11,0.0183257273245864,0.0168639475185396,0.0212492869366799,0.0124786081003993,0.014189960068454,0.0208571021106674,0.0179895689022899,0.017227609811751223,0.0036701326563085453
1970-09-12,0.0115516257843696,0.0183257273245864,0.0168639475185396,0.0212492869366799,0.0124786081003993,0.014189960068454,0.016502322549099457,0.017069547442479505,0.00389444155567636
1970-10-02,0.0226754135767256,0.0115516257843696,0.0183257273245864,0.0168639475185396,0.0212492869366799,0.0124786081003993,0.01676208132996491,0.01740706408062364,0.004275329921369131
1970-10-03,0.0218553907586993,0.0226754135767256,0.0115516257843696,0.0183257273245864,0.0168639475185396,0.0212492869366799,0.017857142857142815,0.017569880205362185,0.004483349762066067
1970-10-04,0.0203936109526525,0.0218553907586993,0.0226754135767256,0.0115516257843696,0.0183257273245864,0.0168639475185396,0.018987857550321844,0.01773388476896743,0.003854823272701172
1970-10-06,0.0147247575584711,0.0203936109526525,0.0218553907586993,0.0226754135767256,0.0115516257843696,0.0183257273245864,0.01805578192486344,0.017610287126830142,0.004002844377284931
1970-10-07,0.0125499144324015,0.0147247575584711,0.0203936109526525,0.0218553907586993,0.0226754135767256,0.0115516257843696,0.01743949148398657,0.017371410914622496,0.004516119073061289
1970-10-08,0.0173274386765544,0.0125499144324015,0.0147247575584711,0.0203936109526525,0.0218553907586993,0.0226754135767256,0.017296878819982,0.017251378589085316,0.0044991992279248254
1970-10-09,0.0206788362806617,0.0173274386765544,0.0125499144324015,0.0147247575584711,0.0203936109526525,0.0218553907586993,0.018600766033738014,0.017433209735691138,0.0038293953594663623
1970-10-11,0.0196805476326297,0.0206788362806617,0.0173274386765544,0.0125499144324015,0.0147247575584711,0.0203936109526525,0.018172928041724316,0.01770417379729981,0.00344643465977216
1970-10-12,0.0109455219623502,0.0196805476326297,0.0206788362806617,0.0173274386765544,0.0125499144324015,0.0147247575584711,0.016614375356531586,0.017517588895227167,0.003935706900737688
1970-11-02,0.0221406160867084,0.0109455219623502,0.0196805476326297,0.0206788362806617,0.0173274386765544,0.0125499144324015,0.016863947518539573,0.01757344552196229,0.00425753144282024
1970-11-03,0.022033656588705,0.0221406160867084,0.0109455219623502,0.0196805476326297,0.0206788362806617,0.0173274386765544,0.017908075951430128,0.017742203841034355,0.004532802165215937
1970-11-05,0.0170065601825442,0.022033656588705,0.0221406160867084,0.0109455219623502,0.0196805476326297,0.0206788362806617,0.018544739630021945,0.01787174367750517,0.003927323604228929
1970-11-06,0.0133342840844266,0.0170065601825442,0.022033656588705,0.0221406160867084,0.0109455219623502,0.0196805476326297,0.017974288974003685,0.017643563415097867,0.004395686368070648
1970-11-08,0.0162221905305191,0.0133342840844266,0.0170065601825442,0.022033656588705,0.0221406160867084,0.0109455219623502,0.01733762529541189,0.01748787792355955,0.004259308242404634
1970-11-09,0.0203579577866514,0.0162221905305191,0.0133342840844266,0.0170065601825442,0.022033656588705,0.0221406160867084,0.01743439817455784,0.017623359954363888,0.004328544955126989
1970-11-11,0.0184683399885909,0.0203579577866514,0.0162221905305191,0.0133342840844266,0.0170065601825442,0.022033656588705,0.0185090864640208,0.01779568359003607,0.003247990284063416
1970-11-12,0.0118368511123787,0.0184683399885909,0.0203579577866514,0.0162221905305191,0.0133342840844266,0.0170065601825442,0.017037120039116557,0.017774291690435384,0.003639152062572387
1970-12-01,0.0193240159726183,0.0118368511123787,0.0184683399885909,0.0203579577866514,0.0162221905305191,0.0133342840844266,0.016650028522532744,0.017736261646700835,0.003127197974517672
1970-12-02,0.022033656588705,0.0193240159726183,0.0118368511123787,0.0184683399885909,0.0203579577866514,0.0162221905305191,0.017368185151984288,0.017884816505038918,0.0037399263974548
1970-12-03,0.0216771249286936,0.022033656588705,0.0193240159726183,0.0118368511123787,0.0184683399885909,0.0203579577866514,0.01856001955830814,0.018184303099448507,0.003565426953443747
1970-12-05,0.0171848260125499,0.0216771249286936,0.022033656588705,0.0193240159726183,0.0118368511123787,0.0184683399885909,0.018697538912883973,0.018085662673512016,0.0034777135179358
1970-12-06,0.0127281802624072,0.0171848260125499,0.0216771249286936,0.022033656588705,0.0193240159726183,0.0118368511123787,0.0176075706951348,0.017755276668568108,0.004023410342995434
1970-12-08,0.0167926411865373,0.0127281802624072,0.0171848260125499,0.0216771249286936,0.022033656588705,0.0193240159726183,0.017368185151984288,0.017582953032895924,0.004013498743579296
1970-12-10,0.0168639475185396,0.0167926411865373,0.0127281802624072,0.0171848260125499,0.0216771249286936,0.022033656588705,0.018086341781435842,0.017449847879825002,0.003232578684543286
1970-12-11,0.0190744438106103,0.0168639475185396,0.0167926411865373,0.0127281802624072,0.0171848260125499,0.0216771249286936,0.018050688615434702,0.017612664004563548,0.0032179962681094946
1971-01-02,0.0114803194523673,0.0190744438106103,0.0168639475185396,0.0167926411865373,0.0127281802624072,0.0171848260125499,0.016543069024529313,0.01757938771629581,0.0035006737241117247
1971-01-03,0.011658585282373,0.0114803194523673,0.0190744438106103,0.0168639475185396,0.0167926411865373,0.0127281802624072,0.015111849075054943,0.01725969766115225,0.0030737928993890815
1971-01-04,0.0157230462065031,0.011658585282373,0.0114803194523673,0.0190744438106103,0.0168639475185396,0.0167926411865373,0.01490302338847683,0.017221667617417693,0.002956920924105826
1971-01-06,0.012157729606389,0.0157230462065031,0.011658585282373,0.0114803194523673,0.0190744438106103,0.0168639475185396,0.014821530437617086,0.017016067693477785,0.003033713228816244
1971-01-07,0.0117298916143753,0.012157729606389,0.0157230462065031,0.011658585282373,0.0114803194523673,0.0190744438106103,0.014098280498736801,0.017022009887811308,0.0030884682135972254
1971-01-09,0.0075584711922418,0.0117298916143753,0.012157729606389,0.0157230462065031,0.011658585282373,0.0114803194523673,0.012768926737837114,0.016518111808328514,0.0036510669031569643
1971-01-10,0.0038505419281232,0.0075584711922418,0.0117298916143753,0.012157729606389,0.0157230462065031,0.011658585282373,0.01059408361176753,0.015917950180642643,0.0038002232584850755
1971-01-11,0.0007487164860239,0.0038505419281232,0.0075584711922418,0.0117298916143753,0.012157729606389,0.0157230462065031,0.00906099747371847,0.015263120365088357,0.005265351349700351
1971-01-12,0.0018539646320593,0.0007487164860239,0.0038505419281232,0.0075584711922418,0.0117298916143753,0.012157729606389,0.007660337380816514,0.014834093934207962,0.005741725468023441
1971-02-02,0.0120151169423844,0.0018539646320593,0.0007487164860239,0.0038505419281232,0.0075584711922418,0.0117298916143753,0.007130633200228129,0.014816267351207394,0.004996618754891638
1971-02-03,0.0126925270964061,0.0120151169423844,0.0018539646320593,0.0007487164860239,0.0038505419281232,0.0075584711922418,0.007207032841659143,0.014661770298535782,0.005089520294838535
1971-02-04,0.0156517398745008,0.0126925270964061,0.0120151169423844,0.0018539646320593,0.0007487164860239,0.0038505419281232,0.007767296878819928,0.01449420041833042,0.005832078758079889
1971-02-06,0.0113377067883628,0.0156517398745008,0.0126925270964061,0.0120151169423844,0.0018539646320593,0.0007487164860239,0.008307187678265786,0.014216105723521524,0.005982512015173659
1971-02-07,0.0117655447803764,0.0113377067883628,0.0156517398745008,0.0126925270964061,0.0120151169423844,0.0018539646320593,0.009437902371444814,0.01424343981745573,0.005742990402105302
1971-02-08,0.0110524814603536,0.0117655447803764,0.0113377067883628,0.0156517398745008,0.0126925270964061,0.0120151169423844,0.010909868796349058,0.01387383532991057,0.004278429438136301
1971-02-09,0.0082002281802624,0.0110524814603536,0.0117655447803764,0.0113377067883628,0.0156517398745008,0.0126925270964061,0.011816477874663786,0.013412721049629149,0.002213930239492472
1971-02-11,0.0,0.0082002281802624,0.0110524814603536,0.0117655447803764,0.0113377067883628,0.0156517398745008,0.0101000325971803,0.012845835710211008,0.004972848341763186
1971-02-12,0.0028522532800912,0.0,0.0082002281802624,0.0110524814603536,0.0117655447803764,0.0113377067883628,0.0086942791948496,0.01249643468339983,0.00548257242974833
1971-03-02,0.012407301768397,0.0028522532800912,0.0,0.0082002281802624,0.0110524814603536,0.0117655447803764,0.00823078803683477,0.012369271724662427,0.004902858211161007
1971-03-03,0.0121933827723901,0.012407301768397,0.0028522532800912,0.0,0.0082002281802624,0.0110524814603536,0.008353027463124385,0.012097119224187049,0.0050028779617464604
1971-03-05,0.0145108385624643,0.0121933827723901,0.012407301768397,0.0028522532800912,0.0,0.0082002281802624,0.008745212289136942,0.011965202509982831,0.005406314640169988
1971-03-06,0.0112307472903593,0.0145108385624643,0.0121933827723901,0.012407301768397,0.0028522532800912,0.0,0.008770678836280615,0.01194499904924885,0.005419398511055582
1971-03-08,0.0119794637763833,0.0112307472903593,0.0145108385624643,0.0121933827723901,0.012407301768397,0.0028522532800912,0.009310569635726459,0.011700180642707685,0.00554000291280584
1971-03-09,0.0078080433542498,0.0119794637763833,0.0112307472903593,0.0145108385624643,0.0121933827723901,0.012407301768397,0.010426004400619287,0.01122599353489251,0.0038946824629888916
1971-03-11,0.0,0.0078080433542498,0.0119794637763833,0.0112307472903593,0.0145108385624643,0.0121933827723901,0.010018539646320544,0.010503422703936057,0.004850927367853515
1971-03-12,0.0027452937820878,0.0,0.0078080433542498,0.0119794637763833,0.0112307472903593,0.0145108385624643,0.008638252791133515,0.010022104962920655,0.005401335579845629
1971-04-01,0.0135838562464346,0.0027452937820878,0.0,0.0078080433542498,0.0119794637763833,0.0112307472903593,0.008836891858854157,0.010050627495721566,0.0055765939167727345
1971-04-02,0.0123003422703936,0.0135838562464346,0.0027452937820878,0.0,0.0078080433542498,0.0119794637763833,0.008521106674272628,0.009900884198516776,0.0052550638095348245
1971-04-03,0.0122290359383913,0.0123003422703936,0.0135838562464346,0.0027452937820878,0.0,0.0078080433542498,0.0086637193382772,0.009746387145845166,0.005353478501708269
1971-04-05,0.0136908157444381,0.0122290359383913,0.0123003422703936,0.0135838562464346,0.0027452937820878,0.0,0.008908198190856458,0.00956693287697276,0.005565032796279682
1971-04-06,0.0112307472903593,0.0136908157444381,0.0122290359383913,0.0123003422703936,0.0135838562464346,0.0027452937820878,0.009397155896014957,0.009558613804905827,0.005602497602781969
1971-04-08,0.0126212207644038,0.0112307472903593,0.0136908157444381,0.0122290359383913,0.0123003422703936,0.0135838562464346,0.011200187433786927,0.009590701654306855,0.003822291472254886
1971-04-10,0.0037792355961209,0.0126212207644038,0.0112307472903593,0.0136908157444381,0.0122290359383913,0.0123003422703936,0.01134789340722023,0.00919257463396078,0.0034421905023433353
1971-04-11,0.0007843696520251,0.0037792355961209,0.0126212207644038,0.0112307472903593,0.0136908157444381,0.0122290359383913,0.009519395322304586,0.008813462635481984,0.0050707777232060856
1971-05-01,0.0135482030804335,0.0007843696520251,0.0037792355961209,0.0126212207644038,0.0112307472903593,0.0136908157444381,0.009697661152310286,0.008874073017683923,0.005204995923626635
1971-05-02,0.0118725042783799,0.0135482030804335,0.0007843696520251,0.0037792355961209,0.0126212207644038,0.0112307472903593,0.009646728058022943,0.009017874120555193,0.005177770119214273
1971-05-03,0.0130134055904164,0.0118725042783799,0.0135482030804335,0.0007843696520251,0.0037792355961209,0.0126212207644038,0.009549955178876985,0.0093233029092983,0.005095261489941903
1971-05-04,0.0166500285225328,0.0130134055904164,0.0118725042783799,0.0135482030804335,0.0007843696520251,0.0037792355961209,0.010324138212044628,0.009853346643848597,0.005761374281752983
1971-05-05,0.0150456360524814,0.0166500285225328,0.0130134055904164,0.0118725042783799,0.0135482030804335,0.0007843696520251,0.010670483253198571,0.010293069024529334,0.0059907827963580984
1971-05-07,0.0110524814603536,0.0150456360524814,0.0166500285225328,0.0130134055904164,0.0118725042783799,0.0135482030804335,0.011709518376660387,0.010260981175128307,0.0051710144318019
1971-05-08,0.0124429549343981,0.0110524814603536,0.0150456360524814,0.0166500285225328,0.0130134055904164,0.0118725042783799,0.013375030559856529,0.010252662103061373,0.0019234465691229104
1971-05-10,0.0022104962920707,0.0124429549343981,0.0110524814603536,0.0150456360524814,0.0166500285225328,0.0130134055904164,0.011755358161518984,0.009804620650313704,0.004626938263667626
1971-05-11,0.0004278379920136,0.0022104962920707,0.0124429549343981,0.0110524814603536,0.0150456360524814,0.0166500285225328,0.01012040583489523,0.009440958357102064,0.00629866192642371
1971-06-01,0.0133699372504278,0.0004278379920136,0.0022104962920707,0.0124429549343981,0.0110524814603536,0.0150456360524814,0.010171338929182571,0.009494438106103778,0.006327330926948445
1971-06-04,0.0162221905305191,0.0133699372504278,0.0004278379920136,0.0022104962920707,0.0124429549343981,0.0110524814603536,0.010110219216037757,0.009666761741775961,0.00625598296131761
1971-06-05,0.0149030233884768,0.0162221905305191,0.0133699372504278,0.0004278379920136,0.0022104962920707,0.0124429549343981,0.010089845978322813,0.00989018824871644,0.006237436223828536
1971-06-07,0.0113020536223616,0.0149030233884768,0.0162221905305191,0.0133699372504278,0.0004278379920136,0.0022104962920707,0.010125499144323955,0.010266923369461828,0.006244564918674618
1971-06-08,0.011658585282373,0.0113020536223616,0.0149030233884768,0.0162221905305191,0.0133699372504278,0.0004278379920136,0.0100134463368918,0.010560467769537889,0.006202948318977119
1971-06-09,0.0071306332002281,0.011658585282373,0.0113020536223616,0.0149030233884768,0.0162221905305191,0.0133699372504278,0.010716323038057142,0.01038457881726559,0.005397927683643452
1971-06-10,0.002531374786081,0.0071306332002281,0.011658585282373,0.0113020536223616,0.0149030233884768,0.0162221905305191,0.011016828294352484,0.01006251188438862,0.004749281860599279
1971-06-12,0.004563605248146,0.002531374786081,0.0071306332002281,0.011658585282373,0.0113020536223616,0.0149030233884768,0.009758780865455086,0.00973093744057801,0.0051698203021630735
1971-07-01,0.0149030233884768,0.004563605248146,0.002531374786081,0.0071306332002281,0.011658585282373,0.0113020536223616,0.009570328416591901,0.009853346643848593,0.00491258957677091
1971-07-04,0.0165074158585282,0.0149030233884768,0.004563605248146,0.002531374786081,0.0071306332002281,0.011658585282373,0.009799527340884958,0.01000427837992009,0.00523002612460673
1971-07-05,0.0147604107244723,0.0165074158585282,0.0149030233884768,0.004563605248146,0.002531374786081,0.0071306332002281,0.010293578355472201,0.010236023958927507,0.005549222369971243
1971-07-06,0.011159440958357,0.0147604107244723,0.0165074158585282,0.0149030233884768,0.004563605248146,0.002531374786081,0.010222272023469915,0.010608005324206074,0.0055319390128904695
1971-07-07,0.0109455219623502,0.011159440958357,0.0147604107244723,0.0165074158585282,0.0149030233884768,0.004563605248146,0.010767256132344501,0.010881346263548152,0.005361901117487328
1971-07-09,0.0060610382201939,0.0109455219623502,0.011159440958357,0.0147604107244723,0.0165074158585282,0.0149030233884768,0.0112714937657892,0.010630585662673463,0.004565064035920232
1971-07-10,0.0027452937820878,0.0060610382201939,0.0109455219623502,0.011159440958357,0.0147604107244723,0.0165074158585282,0.011011734984923744,0.010312084046396604,0.005037639217920717
1971-07-12,0.0035296634341129,0.0027452937820878,0.0060610382201939,0.0109455219623502,0.011159440958357,0.0147604107244723,0.009386969277157473,0.010022104962920657,0.005394859858474711
1971-08-01,0.014938676554478,0.0035296634341129,0.0027452937820878,0.0060610382201939,0.0109455219623502,0.011159440958357,0.009162863662293156,0.01006370032325532,0.005072741011920055
1971-08-02,0.012157729606389,0.014938676554478,0.0035296634341129,0.0027452937820878,0.0060610382201939,0.0109455219623502,0.008791052073995543,0.010094599733789643,0.004673777739572528
1971-08-03,0.0137264689104392,0.012157729606389,0.014938676554478,0.0035296634341129,0.0027452937820878,0.0060610382201939,0.009157770352864428,0.010131441338657489,0.004981179370440815
1971-08-04,0.0171848260125499,0.0137264689104392,0.012157729606389,0.014938676554478,0.0035296634341129,0.0027452937820878,0.010049099502892957,0.010578294352538457,0.005838795262347457
1971-08-06,0.0110524814603536,0.0171848260125499,0.0137264689104392,0.012157729606389,0.014938676554478,0.0035296634341129,0.01076216282291577,0.010920564746149407,0.005569142785072154
1971-08-07,0.0113020536223616,0.0110524814603536,0.0171848260125499,0.0137264689104392,0.012157729606389,0.014938676554478,0.011984557085812027,0.01084569309754701,0.004313808581809043
1971-08-09,0.003565316600114,0.0113020536223616,0.0110524814603536,0.0171848260125499,0.0137264689104392,0.012157729606389,0.011989650395240756,0.010568786841604814,0.004302167457317378
1971-08-10,0.0024600684540787,0.003565316600114,0.0113020536223616,0.0110524814603536,0.0171848260125499,0.0137264689104392,0.010206992095183715,0.010217008937060224,0.0053373362795643715
1971-08-11,0.0009626354820308,0.0024600684540787,0.003565316600114,0.0113020536223616,0.0110524814603536,0.0171848260125499,0.008607692934561114,0.009694095835710157,0.006253950739123064
1971-08-12,0.0038505419281232,0.0009626354820308,0.0024600684540787,0.003565316600114,0.0113020536223616,0.0110524814603536,0.007196846222801686,0.009320926031564885,0.006016180933982913
1971-09-02,0.0110168282943525,0.0038505419281232,0.0009626354820308,0.0024600684540787,0.003565316600114,0.0113020536223616,0.006315703691630629,0.00931973759269818,0.004592824762739485
1971-09-03,0.0139047347404449,0.0110168282943525,0.0038505419281232,0.0009626354820308,0.0024600684540787,0.003565316600114,0.006723168445929385,0.009368463586233075,0.00517298063265636
1971-09-06,0.0127994865944095,0.0139047347404449,0.0110168282943525,0.0038505419281232,0.0009626354820308,0.0024600684540787,0.006937087441936228,0.009721429929644367,0.00541900198652324
1971-09-07,0.011409013120365,0.0127994865944095,0.0139047347404449,0.0110168282943525,0.0038505419281232,0.0009626354820308,0.008057615516257801,0.010087469100589413,0.005416544004035007
1971-09-08,0.0120151169423844,0.011409013120365,0.0127994865944095,0.0139047347404449,0.0110168282943525,0.0038505419281232,0.009422622443158614,0.010042308423654634,0.00495513657290694
1971-09-09,0.0052410154021677,0.0120151169423844,0.011409013120365,0.0127994865944095,0.0139047347404449,0.0110168282943525,0.010033819574606745,0.009676269252709587,0.0038862963359591906
1971-09-11,0.0015687393040502,0.0052410154021677,0.0120151169423844,0.011409013120365,0.0127994865944095,0.0139047347404449,0.009707847771167745,0.009231793116562033,0.00453322279550911
1971-09-12,0.0043853394181403,0.0015687393040502,0.0052410154021677,0.0120151169423844,0.011409013120365,0.0127994865944095,0.008760492217423142,0.009001235976421324,0.00489274873024416
1971-10-02,0.0109098687963491,0.0043853394181403,0.0015687393040502,0.0052410154021677,0.0120151169423844,0.011409013120365,0.008332654225409459,0.008976278760220526,0.004481614514404621
1971-10-03,0.0140830005704506,0.0109098687963491,0.0043853394181403,0.0015687393040502,0.0052410154021677,0.0120151169423844,0.0085160133648439,0.009208024339227943,0.004715007239149897
1971-10-05,0.0142256132344552,0.0140830005704506,0.0109098687963491,0.0043853394181403,0.0015687393040502,0.0052410154021677,0.008918384809713928,0.009597832287507083,0.0051069319429495105
1971-10-06,0.0120151169423844,0.0142256132344552,0.0140830005704506,0.0109098687963491,0.0043853394181403,0.0015687393040502,0.008918384809713928,0.009846216010648362,0.0051069319429495105
1971-10-08,0.0120151169423844,0.0120151169423844,0.0142256132344552,0.0140830005704506,0.0109098687963491,0.0043853394181403,0.009886113601173458,0.009749952462445284,0.004932810798870617
1971-10-09,0.0040288077581289,0.0120151169423844,0.0120151169423844,0.0142256132344552,0.0140830005704506,0.0109098687963491,0.010237551951756128,0.009333998859098639,0.004286810943763499
1971-10-11,0.0012122076440387,0.0040288077581289,0.0120151169423844,0.0120151169423844,0.0142256132344552,0.0140830005704506,0.009784247412598757,0.008882392089750854,0.005099518632562544
1971-10-12,0.0050984027381631,0.0012122076440387,0.0040288077581289,0.0120151169423844,0.0120151169423844,0.0142256132344552,0.008954037975715043,0.008680357482411057,0.005352506026041457
1971-11-01,0.0155804335424985,0.0050984027381631,0.0012122076440387,0.0040288077581289,0.0120151169423844,0.0120151169423844,0.009167956971721887,0.008834854535082667,0.005615135143879495
1971-11-02,0.0114803194523673,0.0155804335424985,0.0050984027381631,0.0012122076440387,0.0040288077581289,0.0120151169423844,0.00877577214570933,0.00901549724282178,0.0052894380122062296
1971-11-03,0.0138690815744438,0.0114803194523673,0.0155804335424985,0.0050984027381631,0.0012122076440387,0.0040288077581289,0.00904062423600353,0.009386290169233646,0.0055200595819065576
1971-11-05,0.014439532230462,0.0138690815744438,0.0114803194523673,0.0155804335424985,0.0050984027381631,0.0012122076440387,0.009386969277157473,0.009749952462445284,0.005806422639146837
1971-11-06,0.0121933827723901,0.014439532230462,0.0138690815744438,0.0114803194523673,0.0155804335424985,0.0050984027381631,0.010553337136337644,0.00965844266970902,0.005353043171071127
1971-11-08,0.0108029092983456,0.0121933827723901,0.014439532230462,0.0138690815744438,0.0114803194523673,0.0155804335424985,0.0119234373726672,0.00961328199277424,0.0034543641628411587
1971-11-10,0.0008556759840273,0.0108029092983456,0.0121933827723901,0.014439532230462,0.0138690815744438,0.0114803194523673,0.011317333550647802,0.009184255561893843,0.004914917803811671
1971-11-11,0.0013191671420422,0.0008556759840273,0.0108029092983456,0.0121933827723901,0.014439532230462,0.0138690815744438,0.009280009779154042,0.008655400266210254,0.0057398169984438
1971-12-01,0.0151525955504848,0.0013191671420422,0.0008556759840273,0.0108029092983456,0.0121933827723901,0.014439532230462,0.009804620650313687,0.008792070735881292,0.006129061647516892
1971-12-02,0.0113377067883628,0.0151525955504848,0.0013191671420422,0.0008556759840273,0.0108029092983456,0.0121933827723901,0.009442995680873542,0.008793259174748,0.005920409364331919
1971-12-03,0.0137264689104392,0.0113377067883628,0.0151525955504848,0.0013191671420422,0.0008556759840273,0.0108029092983456,0.009341129492298858,0.009131964251758839,0.005825484395052822
1971-12-05,0.0141543069024529,0.0137264689104392,0.0113377067883628,0.0151525955504848,0.0013191671420422,0.0008556759840273,0.009621261510879258,0.00952177220003798,0.006029090879436303
1971-12-07,0.0112307472903593,0.0141543069024529,0.0137264689104392,0.0113377067883628,0.0151525955504848,0.0013191671420422,0.00968238122402407,0.00986404259364893,0.006045213321854906
1971-12-08,0.011409013120365,0.0112307472903593,0.0141543069024529,0.0137264689104392,0.0113377067883628,0.0151525955504848,0.011190000814929458,0.010115991633390324,0.004626513070263174
1971-12-10,0.001533086138049,0.011409013120365,0.0112307472903593,0.0141543069024529,0.0137264689104392,0.0113377067883628,0.011220560671501857,0.009799866894846875,0.004550528274841726
1971-12-11,0.002032230462065,0.001533086138049,0.011409013120365,0.0112307472903593,0.0141543069024529,0.0137264689104392,0.0093462228017276,0.009404116752234211,0.005301200525642374
1972-01-02,0.0093054763262977,0.002032230462065,0.001533086138049,0.011409013120365,0.0112307472903593,0.0141543069024529,0.009055904164289728,0.009287649743297152,0.005229117508495975
1972-01-03,0.0072375926982316,0.0093054763262977,0.002032230462065,0.001533086138049,0.011409013120365,0.0112307472903593,0.008128921848260072,0.009148602395892705,0.004822499827993032
1972-01-05,0.0117298916143753,0.0072375926982316,0.0093054763262977,0.002032230462065,0.001533086138049,0.011409013120365,0.007782576807106129,0.009139094884959066,0.004384842481747378
1972-01-06,0.0094480889903023,0.0117298916143753,0.0072375926982316,0.0093054763262977,0.002032230462065,0.001533086138049,0.007527911335669415,0.00927933067123022,0.004199030268463201
1972-01-08,0.0186109526525955,0.0094480889903023,0.0117298916143753,0.0072375926982316,0.0093054763262977,0.002032230462065,0.00855675984027377,0.009847404449515063,0.00586163060681295
1972-01-09,0.022283228750713,0.0186109526525955,0.0094480889903023,0.0117298916143753,0.0072375926982316,0.0093054763262977,0.011521065927797199,0.01044400076060082,0.006876608449841517
1972-01-11,0.019751853964632,0.022283228750713,0.0186109526525955,0.0094480889903023,0.0117298916143753,0.0072375926982316,0.0140524407138782,0.010738733599543583,0.006008040830044769
1972-01-12,0.0212492869366799,0.019751853964632,0.022283228750713,0.0186109526525955,0.0094480889903023,0.0117298916143753,0.01575869937250423,0.010977609811751226,0.006129994862418376
1972-02-02,0.0098402738163148,0.0212492869366799,0.019751853964632,0.022283228750713,0.0186109526525955,0.0094480889903023,0.01613051096080183,0.010831431831146546,0.005581394944950741
1972-02-03,0.0081645750142612,0.0098402738163148,0.0212492869366799,0.019751853964632,0.022283228750713,0.0186109526525955,0.015621180017928385,0.010703080433542438,0.006180433857421826
1972-02-05,0.0113377067883628,0.0081645750142612,0.0098402738163148,0.0212492869366799,0.019751853964632,0.022283228750713,0.015891125417651315,0.010680500095075053,0.005900813113984414
1972-02-06,0.010125499144324,0.0113377067883628,0.0081645750142612,0.0098402738163148,0.0212492869366799,0.019751853964632,0.01467891777361253,0.010883723141281556,0.006116595280694671
1972-02-08,0.0200370792926411,0.010125499144324,0.0113377067883628,0.0081645750142612,0.0098402738163148,0.0212492869366799,0.01435803927960226,0.011511218862901637,0.005695612863409544
1972-02-10,0.016721334854535,0.0200370792926411,0.010125499144324,0.0113377067883628,0.0081645750142612,0.0098402738163148,0.013925107978159828,0.011898649933447365,0.0053200870587283185
1972-02-11,0.0203223046206503,0.016721334854535,0.0200370792926411,0.010125499144324,0.0113377067883628,0.0081645750142612,0.013792681933012743,0.012056712302719094,0.005114973586424491
1972-03-01,0.0036366229321163,0.0203223046206503,0.016721334854535,0.0200370792926411,0.010125499144324,0.0113377067883628,0.012906446092412956,0.011795255752044062,0.006311416052037843
1972-03-02,0.0086637193382772,0.0036366229321163,0.0203223046206503,0.016721334854535,0.0200370792926411,0.010125499144324,0.012977752424415243,0.011621743677505174,0.006251448263257185
1972-03-03,0.0080932686822589,0.0086637193382772,0.0036366229321163,0.0203223046206503,0.016721334854535,0.0200370792926411,0.0125142612664004,0.011410201559231737,0.006508306176126485
1972-03-05,0.0108742156303479,0.0080932686822589,0.0086637193382772,0.0036366229321163,0.0203223046206503,0.016721334854535,0.012621220764403815,0.011366229321163662,0.0064685363950718255
1972-03-07,0.0104107244723331,0.0108742156303479,0.0080932686822589,0.0086637193382772,0.0036366229321163,0.0203223046206503,0.01124602721864553,0.011353156493629913,0.005593225272514576
1972-03-08,0.0191814033086138,0.0104107244723331,0.0108742156303479,0.0080932686822589,0.0086637193382772,0.0036366229321163,0.011597465569228216,0.01196401407111613,0.006052983441746767
1972-03-10,0.0175413576725613,0.0191814033086138,0.0104107244723331,0.0108742156303479,0.0080932686822589,0.0086637193382772,0.011200187433786927,0.012504753755466768,0.005445699813016242
1972-03-11,0.0198588134626354,0.0175413576725613,0.0191814033086138,0.0104107244723331,0.0108742156303479,0.0080932686822589,0.013517643223861087,0.012661627685871786,0.005133289492531305
1972-04-01,0.004314033086138,0.0198588134626354,0.0175413576725613,0.0191814033086138,0.0104107244723331,0.0108742156303479,0.012896259473555485,0.012427505229130961,0.006007592476871026
1972-04-02,0.0089489446662863,0.004314033086138,0.0198588134626354,0.0175413576725613,0.0191814033086138,0.0104107244723331,0.013018498899845115,0.01226825442099253,0.005901341380200121
1972-04-04,0.0116229321163719,0.0089489446662863,0.004314033086138,0.0198588134626354,0.0175413576725613,0.0191814033086138,0.013125458397848542,0.012183875261456499,0.005862658016090336
1972-04-05,0.0109811751283513,0.0116229321163719,0.0089489446662863,0.004314033086138,0.0198588134626354,0.0175413576725613,0.013206951348708284,0.012175556189389564,0.005822459915820119
1972-04-07,0.0100898459783228,0.0109811751283513,0.0116229321163719,0.0089489446662863,0.004314033086138,0.0198588134626354,0.011908157444380998,0.01213158395132149,0.005253894543660526
1972-04-08,0.0192170564746149,0.0100898459783228,0.0109811751283513,0.0116229321163719,0.0089489446662863,0.004314033086138,0.012147542987531516,0.012721049629207021,0.005581313605997133
1972-04-09,0.0222119224187107,0.0192170564746149,0.0100898459783228,0.0109811751283513,0.0116229321163719,0.0089489446662863,0.012483701409827987,0.013393706027761876,0.00616364871661935
1972-04-10,0.0182544209925841,0.0222119224187107,0.0192170564746149,0.0100898459783228,0.0109811751283513,0.0116229321163719,0.014475185396463143,0.013692004183304757,0.005271607245610394
1972-04-12,0.0221049629207073,0.0182544209925841,0.0222119224187107,0.0192170564746149,0.0100898459783228,0.0109811751283513,0.016354616575666142,0.014187583190720613,0.005318010205454442
1972-05-01,0.0052053622361665,0.0221049629207073,0.0182544209925841,0.0222119224187107,0.0192170564746149,0.0100898459783228,0.015437820878493944,0.013970098878113653,0.00665483319755845
1972-05-04,0.0112664004563605,0.0052053622361665,0.0221049629207073,0.0182544209925841,0.0222119224187107,0.0192170564746149,0.01547856735392383,0.014030709260315594,0.006623798814289072
1972-05-05,0.0112307472903593,0.0112664004563605,0.0052053622361665,0.0221049629207073,0.0182544209925841,0.0222119224187107,0.015641553255643332,0.013784702414907722,0.006481614649562132
1972-05-06,0.0099472333143183,0.0112307472903593,0.0112664004563605,0.0052053622361665,0.0221049629207073,0.0182544209925841,0.014317292804172385,0.013373502567027898,0.0065756288281615585
1972-05-07,0.0101611523103251,0.0099472333143183,0.0112307472903593,0.0112664004563605,0.0052053622361665,0.0221049629207073,0.012595754217260157,0.013053812511884335,0.005680901164204398
1972-05-09,0.0228180262407301,0.0101611523103251,0.0099472333143183,0.0112307472903593,0.0112664004563605,0.0052053622361665,0.013247697824138158,0.01310610382201934,0.006622373071723999
1972-05-10,0.0178265830005704,0.0228180262407301,0.0101611523103251,0.0099472333143183,0.0112307472903593,0.0112664004563605,0.01263650069269003,0.013372314128161193,0.005817145083575316
1972-05-12,0.0213205932686822,0.0178265830005704,0.0228180262407301,0.0101611523103251,0.0099472333143183,0.0112307472903593,0.014938676554477988,0.013810848069975228,0.005569659037415318
1972-06-01,0.0047775242441528,0.0213205932686822,0.0178265830005704,0.0228180262407301,0.0101611523103251,0.0099472333143183,0.014011694238448317,0.013592175318501562,0.0067066502044807776
1972-06-03,0.008877638334284,0.0047775242441528,0.0213205932686822,0.0178265830005704,0.0228180262407301,0.0101611523103251,0.013675535816151843,0.013550579958166893,0.006924699614380458
1972-06-04,0.0107316029663434,0.008877638334284,0.0047775242441528,0.0213205932686822,0.0178265830005704,0.0228180262407301,0.013787588623584002,0.013240397413956969,0.006860361977255455
1972-06-06,0.0103750713063319,0.0107316029663434,0.008877638334284,0.0047775242441528,0.0213205932686822,0.0178265830005704,0.0138181484801564,0.013028855295683534,0.0068419672551883895
1972-06-07,0.011908157444381,0.0103750713063319,0.0107316029663434,0.008877638334284,0.0047775242441528,0.0213205932686822,0.012259595794963673,0.012748383723141223,0.005575568076741055
1972-06-09,0.0223188819167141,0.011908157444381,0.0103750713063319,0.0107316029663434,0.008877638334284,0.0047775242441528,0.012901352782984201,0.013371125689294484,0.006504315013645214
1972-06-10,0.0172561323445521,0.0223188819167141,0.011908157444381,0.0103750713063319,0.0107316029663434,0.008877638334284,0.01232071550810847,0.013657539456170313,0.005767107882052473
1972-06-11,0.0208214489446662,0.0172561323445521,0.0223188819167141,0.011908157444381,0.0103750713063319,0.0107316029663434,0.014612704751038957,0.014081812131583889,0.005448966746491499
1972-06-12,0.0235310895607529,0.0208214489446662,0.0172561323445521,0.0223188819167141,0.011908157444381,0.0103750713063319,0.0167060549262488,0.014503707929264057,0.005687987748220068
1972-07-01,0.0059540787221905,0.0235310895607529,0.0208214489446662,0.0172561323445521,0.0223188819167141,0.011908157444381,0.016023551462798383,0.01435515307092597,0.006717755912151458
1972-07-02,0.0094837421563034,0.0059540787221905,0.0235310895607529,0.0208214489446662,0.0172561323445521,0.0223188819167141,0.01589621872708003,0.01403189769918229,0.0068498144656102345
1972-07-03,0.0094837421563034,0.0094837421563034,0.0059540787221905,0.0235310895607529,0.0208214489446662,0.0172561323445521,0.015549873685926086,0.013763310515307027,0.007140206440096486
1972-07-04,0.0110881346263548,0.0094837421563034,0.0094837421563034,0.0059540787221905,0.0235310895607529,0.0208214489446662,0.013945481215874756,0.013470954554097673,0.00660762696516556
1972-07-06,0.0108385624643468,0.0110881346263548,0.0094837421563034,0.0094837421563034,0.0059540787221905,0.0235310895607529,0.013028685518702574,0.013688438866704632,0.006516304390335157
1972-07-07,0.0145464917284654,0.0108385624643468,0.0110881346263548,0.0094837421563034,0.0094837421563034,0.0059540787221905,0.012132263059245316,0.013875023768777271,0.005638038943072758
1972-07-08,0.0195735881346263,0.0145464917284654,0.0108385624643468,0.0110881346263548,0.0094837421563034,0.0094837421563034,0.0115669057126558,0.014140045636052416,0.0043575139988731495
1972-07-09,0.0209284084426697,0.0195735881346263,0.0145464917284654,0.0108385624643468,0.0110881346263548,0.0094837421563034,0.013706095672724256,0.014471620079863029,0.0047963274187064414
1972-07-11,0.0200727324586423,0.0209284084426697,0.0195735881346263,0.0145464917284654,0.0108385624643468,0.0110881346263548,0.015218808573058388,0.014804382962540347,0.004911147740242322
1972-07-12,0.0227467199087278,0.0200727324586423,0.0209284084426697,0.0195735881346263,0.0145464917284654,0.0108385624643468,0.017113519680547588,0.01492203841034411,0.004888169114745866
1972-08-02,0.0092698231602966,0.0227467199087278,0.0200727324586423,0.0209284084426697,0.0195735881346263,0.0145464917284654,0.016853760899682126,0.014490635101730308,0.00529325311830987
1972-08-03,0.0090202509982886,0.0092698231602966,0.0227467199087278,0.0200727324586423,0.0209284084426697,0.0195735881346263,0.016594002118816672,0.014182829435253789,0.00566892279944047
1972-08-05,0.0113733599543639,0.0090202509982886,0.0092698231602966,0.0227467199087278,0.0200727324586423,0.0209284084426697,0.016140697579659313,0.013825109336375678,0.005978357146270996
1972-08-06,0.0106246434683399,0.0113733599543639,0.0090202509982886,0.0092698231602966,0.0227467199087278,0.0200727324586423,0.01486227691304697,0.01400575204411479,0.0060779125336622
1972-08-08,0.0193240159726183,0.0106246434683399,0.0113733599543639,0.0090202509982886,0.0092698231602966,0.0227467199087278,0.014633077988753915,0.01427433922799005,0.005836488146049103
1972-08-09,0.0211423274386765,0.0193240159726183,0.0106246434683399,0.0113733599543639,0.0090202509982886,0.0092698231602966,0.014785877271615943,0.014604725232933956,0.006013936835627016
1972-08-11,0.0208571021106674,0.0211423274386765,0.0193240159726183,0.0106246434683399,0.0113733599543639,0.0090202509982886,0.014515931871893028,0.014968387526145594,0.00562700748620889
1972-08-12,0.0232102110667427,0.0208571021106674,0.0211423274386765,0.0193240159726183,0.0106246434683399,0.0113733599543639,0.016507415858528187,0.015403356151359513,0.005920107745641732
1972-09-02,0.0086637193382772,0.0232102110667427,0.0208571021106674,0.0211423274386765,0.0193240159726183,0.0106246434683399,0.016456482764240842,0.01493154592127775,0.00599630208985475
1972-09-03,0.0095193953223046,0.0086637193382772,0.0232102110667427,0.0208571021106674,0.0211423274386765,0.0193240159726183,0.016191630673946657,0.014654639665335556,0.006291897577909551
1972-09-05,0.0118368511123787,0.0095193953223046,0.0086637193382772,0.0232102110667427,0.0208571021106674,0.0211423274386765,0.016364803194523627,0.014338514926792108,0.0061276788456791735
1972-09-06,0.0106959498003422,0.0118368511123787,0.0095193953223046,0.0086637193382772,0.0232102110667427,0.0208571021106674,0.0151322223127699,0.014535795778665086,0.0062986090705664825
1972-09-08,0.0184326868225898,0.0106959498003422,0.0118368511123787,0.0095193953223046,0.0086637193382772,0.0232102110667427,0.014745130796186086,0.014854297394941948,0.005940786715629336
1972-09-10,0.0186822589845978,0.0184326868225898,0.0106959498003422,0.0118368511123787,0.0095193953223046,0.0086637193382772,0.014434438921033285,0.015119319262217094,0.005615851964714554
1972-09-11,0.0196448944666286,0.0186822589845978,0.0184326868225898,0.0106959498003422,0.0118368511123787,0.0095193953223046,0.013925107978159842,0.015428313367560316,0.004787927594676134
1972-10-01,0.0059184255561893,0.0196448944666286,0.0186822589845978,0.0184326868225898,0.0106959498003422,0.0118368511123787,0.013532923152147285,0.015228655637953926,0.005368016305447349
1972-10-02,0.0093054763262977,0.0059184255561893,0.0196448944666286,0.0186822589845978,0.0184326868225898,0.0106959498003422,0.013502363295574872,0.014794875451606713,0.00539521328005853
1972-10-03,0.0094124358243011,0.0093054763262977,0.0059184255561893,0.0196448944666286,0.0186822589845978,0.0184326868225898,0.013156018254420929,0.01453341890093168,0.00559410180009715
1972-10-04,0.0113733599543639,0.0094124358243011,0.0093054763262977,0.0059184255561893,0.0196448944666286,0.0186822589845978,0.013252791133566885,0.014218482601254938,0.0055501385655996995
1972-10-05,0.0114446662863662,0.0113733599543639,0.0094124358243011,0.0093054763262977,0.0059184255561893,0.0196448944666286,0.012254502485534943,0.013815601825442048,0.0050709329043829585
1972-10-07,0.0150812892184825,0.0114446662863662,0.0113733599543639,0.0094124358243011,0.0093054763262977,0.0059184255561893,0.011740078233232757,0.014119842175318446,0.004455491117100142
1972-10-08,0.0195379349686252,0.0150812892184825,0.0114446662863662,0.0113733599543639,0.0094124358243011,0.0093054763262977,0.01172479830494656,0.014454981935729172,0.004423935318541578
1972-10-10,0.0188605248146035,0.0195379349686252,0.0150812892184825,0.0114446662863662,0.0113733599543639,0.0094124358243011,0.013573669627577157,0.014767541357672508,0.004295415664120425
1972-10-11,0.019003137478608,0.0188605248146035,0.0195379349686252,0.0150812892184825,0.0114446662863662,0.0113733599543639,0.014959049792192914,0.015031374786080949,0.004253043499466821
1972-11-01,0.0073802053622361,0.019003137478608,0.0188605248146035,0.0195379349686252,0.0150812892184825,0.0114446662863662,0.014668731154755059,0.014916096216010593,0.004736634460178631
1972-11-02,0.0091628636622932,0.0073802053622361,0.019003137478608,0.0188605248146035,0.0195379349686252,0.0150812892184825,0.014352945970173527,0.014736641947138187,0.0050558761122197
1972-11-04,0.0108742156303479,0.0091628636622932,0.0073802053622361,0.019003137478608,0.0188605248146035,0.0195379349686252,0.014271453019313771,0.014446662863662241,0.005114819741421014
1972-11-05,0.0110524814603536,0.0108742156303479,0.0091628636622932,0.0073802053622361,0.019003137478608,0.0188605248146035,0.013695909053866787,0.014117465297585037,0.005233792015326206
1972-11-07,0.0146177980604677,0.0110524814603536,0.0108742156303479,0.0091628636622932,0.0073802053622361,0.019003137478608,0.012993032352701429,0.013935634150979216,0.004611901923477433
1972-11-08,0.0194309754706217,0.0146177980604677,0.0110524814603536,0.0108742156303479,0.0091628636622932,0.0073802053622361,0.013074525303561171,0.013825109336375681,0.0047362255049506405
1972-11-09,0.0199657729606389,0.0194309754706217,0.0146177980604677,0.0110524814603536,0.0108742156303479,0.0091628636622932,0.013212044658137015,0.01418164099638709,0.0049463701024312565
1972-11-10,0.0186466058185966,0.0199657729606389,0.0194309754706217,0.0146177980604677,0.0110524814603536,0.0108742156303479,0.014821530437617084,0.014502519490397357,0.004549550476960638
1972-11-12,0.0242798060467769,0.0186466058185966,0.0199657729606389,0.0194309754706217,0.0146177980604677,0.0110524814603536,0.016981093635400474,0.014932734360144457,0.004983020045491271
1972-12-01,0.0065601825442099,0.0242798060467769,0.0186466058185966,0.0199657729606389,0.0194309754706217,0.0146177980604677,0.016364803194523613,0.014797252329340123,0.006022536346810168
1972-12-04,0.0110168282943525,0.0065601825442099,0.0242798060467769,0.0186466058185966,0.0199657729606389,0.0194309754706217,0.016359709885094886,0.014520346073397932,0.006027790585070894
1972-12-05,0.0109098687963491,0.0110168282943525,0.0065601825442099,0.0242798060467769,0.0186466058185966,0.0199657729606389,0.015830005704506513,0.014179264118653685,0.0063601357621790346
1972-12-06,0.0104820308043354,0.0109098687963491,0.0110168282943525,0.0065601825442099,0.0242798060467769,0.0186466058185966,0.014551585037894185,0.013833428408442617,0.006414843437303907
1972-12-07,0.0151169423844837,0.0104820308043354,0.0109098687963491,0.0110168282943525,0.0065601825442099,0.0242798060467769,0.013858894955586301,0.01356365278570065,0.005979809907323979
1972-12-09,0.0185752994865944,0.0151169423844837,0.0104820308043354,0.0109098687963491,0.0110168282943525,0.0065601825442099,0.013848708336728842,0.013894038790644556,0.005970347968478342
1972-12-10,0.017969195664575,0.0185752994865944,0.0151169423844837,0.0104820308043354,0.0109098687963491,0.0110168282943525,0.012947192567842856,0.014175698802053572,0.004403631660342045
1972-12-12,0.0249572162007986,0.017969195664575,0.0185752994865944,0.0151169423844837,0.0104820308043354,0.0109098687963491,0.015575340233069815,0.0146130443050009,0.005345535214399388
1973-01-02,0.027096406160867,0.0249572162007986,0.017969195664575,0.0185752994865944,0.0151169423844837,0.0104820308043354,0.01787242278542903,0.01515972618368506,0.006409202909632533
1973-01-03,0.0434968625213918,0.027096406160867,0.0249572162007986,0.017969195664575,0.0185752994865944,0.0151169423844837,0.022527707603292275,0.01599519870697846,0.010823587730848093
1973-01-05,0.0311965202509982,0.0434968625213918,0.027096406160867,0.0249572162007986,0.017969195664575,0.0185752994865944,0.025486920381386953,0.016412340749191807,0.009760905947691014
1973-01-06,0.0475969766115231,0.0311965202509982,0.0434968625213918,0.027096406160867,0.0249572162007986,0.017969195664575,0.030126925270964017,0.01734407682068829,0.011563320851831815
1973-01-08,0.0586138049058756,0.0475969766115231,0.0311965202509982,0.0434968625213918,0.027096406160867,0.0249572162007986,0.03584671175943276,0.019100589465677834,0.014441334688378542
1973-01-10,0.0512335995436394,0.0586138049058756,0.0475969766115231,0.0311965202509982,0.0434968625213918,0.027096406160867,0.04059876945644196,0.020498193572922555,0.012976833543938544
1973-01-11,0.0557258984597832,0.0512335995436394,0.0586138049058756,0.0475969766115231,0.0311965202509982,0.0434968625213918,0.04499429549343976,0.022041975660771963,0.011967431864604127
1973-02-01,0.0272746719908727,0.0557258984597832,0.0512335995436394,0.0586138049058756,0.0475969766115231,0.0311965202509982,0.04501976204058343,0.022572019395322253,0.011923105211452498
1973-02-02,0.0270250998288647,0.0272746719908727,0.0557258984597832,0.0512335995436394,0.0586138049058756,0.0475969766115231,0.04266665308450813,0.023091367180072202,0.013757975990641245
1973-02-04,0.0320521962350256,0.0270250998288647,0.0272746719908727,0.0557258984597832,0.0512335995436394,0.0586138049058756,0.04278889251079776,0.023657064080623638,0.013642394522249093
1973-02-05,0.0300556189389617,0.0320521962350256,0.0270250998288647,0.0272746719908727,0.0557258984597832,0.0512335995436394,0.040282984271860424,0.02400765354630152,0.014211211068647554
1973-02-07,0.0507701083856246,0.0300556189389617,0.0320521962350256,0.0270250998288647,0.0272746719908727,0.0557258984597832,0.039162456197538845,0.02507130633200223,0.012760112493819442
1973-02-08,0.0581146605818596,0.0507701083856246,0.0300556189389617,0.0320521962350256,0.0270250998288647,0.0272746719908727,0.04014546491728459,0.02637502376877728,0.014045356477443878
1973-02-10,0.0515901312036508,0.0581146605818596,0.0507701083856246,0.0300556189389617,0.0320521962350256,0.0270250998288647,0.039554641023551385,0.027848687963491107,0.013350525572619962
1973-02-11,0.0568667997718197,0.0515901312036508,0.0581146605818596,0.0507701083856246,0.0300556189389617,0.0320521962350256,0.043782087849400964,0.029438819167141986,0.01349835331200979
1973-03-01,0.0262407301768397,0.0568667997718197,0.0515901312036508,0.0581146605818596,0.0507701083856246,0.0300556189389617,0.04367003504196882,0.029951036318691716,0.013662893443373236
1973-03-04,0.0340487735310895,0.0262407301768397,0.0568667997718197,0.0515901312036508,0.0581146605818596,0.0507701083856246,0.04395526036997794,0.030717579387716243,0.013398214828676959
1973-03-05,0.0301982316029663,0.0340487735310895,0.0262407301768397,0.0568667997718197,0.0515901312036508,0.0581146605818596,0.04397563360769289,0.031236927172466195,0.013373642402602543
1973-03-07,0.0503422703936109,0.0301982316029663,0.0340487735310895,0.0262407301768397,0.0568667997718197,0.0515901312036508,0.04391451389454808,0.032267303669899175,0.013338346310522919
1973-03-08,0.0567241871078151,0.0503422703936109,0.0301982316029663,0.0340487735310895,0.0262407301768397,0.0568667997718197,0.043715874826827435,0.03349258414147171,0.013099848938897438
1973-03-09,0.0476326297775242,0.0567241871078151,0.0503422703936109,0.0301982316029663,0.0340487735310895,0.0262407301768397,0.04315051748023792,0.034458784940102634,0.0127849905923708
1973-03-10,0.0533014831717056,0.0476326297775242,0.0567241871078151,0.0503422703936109,0.0301982316029663,0.0340487735310895,0.04264118653736447,0.03542617417760026,0.012205365522202891
1973-03-12,0.0586494580718767,0.0533014831717056,0.0476326297775242,0.0567241871078151,0.0503422703936109,0.0301982316029663,0.04727100480808404,0.03716248336185581,0.011038334365092186
1973-04-01,0.027595550484883,0.0586494580718767,0.0533014831717056,0.0476326297775242,0.0567241871078151,0.0503422703936109,0.04634911580148311,0.037715107434873496,0.012499439326306113
1973-04-04,0.0330148317170564,0.027595550484883,0.0586494580718767,0.0533014831717056,0.0476326297775242,0.0567241871078151,0.046751487246353134,0.0384519395322304,0.011925006310444276
1973-04-05,0.0326226468910439,0.0330148317170564,0.027595550484883,0.0586494580718767,0.0533014831717056,0.0476326297775242,0.04422011246027213,0.03918996006845402,0.012878341320778027
1973-04-06,0.0489517969195664,0.0326226468910439,0.0330148317170564,0.027595550484883,0.0586494580718767,0.0533014831717056,0.04310977100480803,0.04031778855295678,0.01191999020583838
1973-04-07,0.0519466628636622,0.0489517969195664,0.0326226468910439,0.0330148317170564,0.027595550484883,0.0586494580718767,0.04372606144568488,0.041430167332192375,0.012298324465404705
1973-04-09,0.0479178551055333,0.0519466628636622,0.0489517969195664,0.0326226468910439,0.0330148317170564,0.027595550484883,0.04295697172194599,0.042428455980224315,0.01175609521178767
1973-04-10,0.0526597261836851,0.0479178551055333,0.0519466628636622,0.0489517969195664,0.0326226468910439,0.0330148317170564,0.04210129573791861,0.043351872979653865,0.01058299496319646
1973-04-12,0.0632130633200228,0.0526597261836851,0.0479178551055333,0.0519466628636622,0.0489517969195664,0.0326226468910439,0.0471895118572243,0.04455576155162573,0.011000448297711444
1973-05-01,0.0268824871648602,0.0632130633200228,0.0526597261836851,0.0479178551055333,0.0519466628636622,0.0489517969195664,0.04631346263548198,0.04400194903974134,0.01246421969486754
1973-05-02,0.0272033656588705,0.0268824871648602,0.0632130633200228,0.0526597261836851,0.0479178551055333,0.0519466628636622,0.04553927960231436,0.043868843886670415,0.013575115043938378
1973-05-04,0.0344409583571021,0.0272033656588705,0.0268824871648602,0.0632130633200228,0.0526597261836851,0.0479178551055333,0.043466302664819455,0.04343030994485639,0.014066208427022641
1973-05-06,0.0521249286936679,0.0344409583571021,0.0272033656588705,0.0268824871648602,0.0632130633200228,0.0526597261836851,0.04349176921196313,0.04321401407111612,0.014084270616925987
1973-05-07,0.050877067883628,0.0521249286936679,0.0344409583571021,0.0272033656588705,0.0268824871648602,0.0632130633200228,0.043914513894548084,0.04320212968244908,0.014282282039475142
1973-05-09,0.0461351968054763,0.050877067883628,0.0521249286936679,0.0344409583571021,0.0272033656588705,0.0268824871648602,0.04298243826908969,0.042882439627305514,0.013821919918125734
1973-05-10,0.0509483742156303,0.0461351968054763,0.050877067883628,0.0521249286936679,0.0344409583571021,0.0272033656588705,0.04123033982560504,0.04367156303479744,0.011394163887723411
1973-05-11,0.0569737592698231,0.0509483742156303,0.0461351968054763,0.050877067883628,0.0521249286936679,0.0344409583571021,0.045529092983456886,0.04466985168282938,0.01073624121871767
1973-05-12,0.0624999999999999,0.0569737592698231,0.0509483742156303,0.0461351968054763,0.050877067883628,0.0521249286936679,0.05057146931790394,0.04568477847499519,0.008810994479821487
1973-06-02,0.029877353108956,0.0624999999999999,0.0569737592698231,0.0509483742156303,0.0461351968054763,0.050877067883628,0.049919525711025925,0.045678836280661675,0.010254101544322953
1973-06-04,0.0333357102110667,0.029877353108956,0.0624999999999999,0.0569737592698231,0.0509483742156303,0.0461351968054763,0.04723535164208291,0.045097689674843074,0.01190661715239231
1973-06-06,0.0456360524814603,0.0333357102110667,0.029877353108956,0.0624999999999999,0.0569737592698231,0.0509483742156303,0.04648663515605895,0.044681736071496427,0.011803790479248483
1973-06-07,0.0543354249857387,0.0456360524814603,0.0333357102110667,0.029877353108956,0.0624999999999999,0.0569737592698231,0.04765809632466785,0.044773245864232696,0.01216450137392471
1973-06-08,0.0559041642897889,0.0543354249857387,0.0456360524814603,0.0333357102110667,0.029877353108956,0.0624999999999999,0.04836606633526195,0.04474115801483167,0.01252672955185319
1973-06-09,0.0472404449515116,0.0559041642897889,0.0543354249857387,0.0456360524814603,0.0333357102110667,0.029877353108956,0.04697559286121744,0.04544114850732073,0.011938414537822463
1973-06-11,0.0570450656018254,0.0472404449515116,0.0559041642897889,0.0543354249857387,0.0456360524814603,0.0333357102110667,0.04619631651862109,0.046207691576345265,0.010887995017430886
1973-06-12,0.0607886480319452,0.0570450656018254,0.0472404449515116,0.0559041642897889,0.0543354249857387,0.0456360524814603,0.050612215793333824,0.04722737212397789,0.009322169100192498
1973-07-02,0.0291999429549343,0.0607886480319452,0.0570450656018254,0.0472404449515116,0.0559041642897889,0.0543354249857387,0.05002139189960063,0.046522627876022,0.010637835723285192
1973-07-05,0.0328009127210496,0.0291999429549343,0.0607886480319452,0.0570450656018254,0.0472404449515116,0.0559041642897889,0.048187800505256236,0.045725185396463155,0.012468363918135193
1973-07-06,0.0453508271534512,0.0328009127210496,0.0291999429549343,0.0607886480319452,0.0570450656018254,0.0472404449515116,0.046904286529215175,0.04564912530899405,0.012189366041276229
1973-07-08,0.0540501996577295,0.0453508271534512,0.0328009127210496,0.0291999429549343,0.0607886480319452,0.0570450656018254,0.046639434438920976,0.04567408252519485,0.011979559780839057
1973-07-09,0.0469195664575014,0.0540501996577295,0.0453508271534512,0.0328009127210496,0.0291999429549343,0.0607886480319452,0.046593594654062376,0.045283086138049,0.01197749046174141
1973-07-11,0.056688533941814,0.0469195664575014,0.0540501996577295,0.0453508271534512,0.0328009127210496,0.0291999429549343,0.04654266155977503,0.04625285225328004,0.011926287921767888
1973-07-12,0.0640687393040501,0.056688533941814,0.0469195664575014,0.0540501996577295,0.0453508271534512,0.0328009127210496,0.04701124602721859,0.04728798250617983,0.012623366774020399
1973-08-01,0.0253850541928123,0.0640687393040501,0.056688533941814,0.0469195664575014,0.0540501996577295,0.0453508271534512,0.046466261918344014,0.047046729416238775,0.013567528236208869
1973-08-02,0.0304478037649743,0.0253850541928123,0.0640687393040501,0.056688533941814,0.0469195664575014,0.0540501996577295,0.04613010349604755,0.04642992964441904,0.013985260992529749
1973-08-05,0.0338705077010838,0.0304478037649743,0.0253850541928123,0.0640687393040501,0.056688533941814,0.0469195664575014,0.044490057859995054,0.045827391138999765,0.01474441882993055
1973-08-06,0.043782087849401,0.0338705077010838,0.0304478037649743,0.0253850541928123,0.0640687393040501,0.056688533941814,0.043023184744519556,0.04568953223046202,0.01413288253789274
1973-08-08,0.0517327438676554,0.043782087849401,0.0338705077010838,0.0304478037649743,0.0253850541928123,0.0640687393040501,0.0437107815173987,0.04565863281992769,0.014467177318507711
1973-08-10,0.0548702224757558,0.0517327438676554,0.043782087849401,0.0338705077010838,0.0304478037649743,0.0253850541928123,0.04345102273653324,0.045380538125118795,0.014209351730080486
1973-08-11,0.0558685111237877,0.0548702224757558,0.0517327438676554,0.043782087849401,0.0338705077010838,0.0304478037649743,0.042279561567924326,0.04634673892374971,0.012456133643290478
1973-09-01,0.0263833428408442,0.0558685111237877,0.0548702224757558,0.0517327438676554,0.043782087849401,0.0338705077010838,0.042422174231928886,0.046319404829815496,0.01223420487679927
1973-09-02,0.0308043354249857,0.0263833428408442,0.0558685111237877,0.0548702224757558,0.0517327438676554,0.043782087849401,0.04247310732621623,0.046198184065411624,0.012176651736065624
1973-09-04,0.0333713633770678,0.0308043354249857,0.0263833428408442,0.0558685111237877,0.0548702224757558,0.0517327438676554,0.042401800994213944,0.045573065221524954,0.01223673782415903
1973-09-05,0.0357957786651454,0.0333713633770678,0.0308043354249857,0.0263833428408442,0.0558685111237877,0.0548702224757558,0.04126089968217743,0.04507035558090886,0.012456920861152708
1973-09-07,0.0545493439817455,0.0357957786651454,0.0333713633770678,0.0308043354249857,0.0263833428408442,0.0558685111237877,0.041663271127047444,0.04535082715345117,0.012889525307049366
1973-09-08,0.0484169994295493,0.0545493439817455,0.0357957786651454,0.0333713633770678,0.0308043354249857,0.0263833428408442,0.04074138212044652,0.04526644799391513,0.011986654402013236
1973-09-10,0.054157159155733,0.0484169994295493,0.0545493439817455,0.0357957786651454,0.0333713633770678,0.0308043354249857,0.04049690326786727,0.04517256132344547,0.011639114762523139
1973-09-11,0.0565815744438106,0.054157159155733,0.0484169994295493,0.0545493439817455,0.0357957786651454,0.0333713633770678,0.04481093635400533,0.04497528047157249,0.011121014966899672
1973-10-01,0.0253850541928123,0.0565815744438106,0.054157159155733,0.0484169994295493,0.0545493439817455,0.0357957786651454,0.04403675332083771,0.0448255371743677,0.012376364274548149
1973-10-04,0.0347261836851112,0.0253850541928123,0.0565815744438106,0.054157159155733,0.0484169994295493,0.0545493439817455,0.04423029907912961,0.04487188629016918,0.01219098232645101
1973-10-05,0.0380419281232173,0.0347261836851112,0.0253850541928123,0.0565815744438106,0.054157159155733,0.0484169994295493,0.04455117757313989,0.044618748811561075,0.011959336380151422
1973-10-07,0.0528023388476896,0.0380419281232173,0.0347261836851112,0.0253850541928123,0.0565815744438106,0.054157159155733,0.04430160541113189,0.044567645940292784,0.011731983967753804
1973-10-08,0.0497718197375927,0.0528023388476896,0.0380419281232173,0.0347261836851112,0.0253850541928123,0.0565815744438106,0.04449515116942381,0.04436323445521958,0.011822022134167765
1973-10-09,0.0472760981175128,0.0497718197375927,0.0528023388476896,0.0380419281232173,0.0347261836851112,0.0253850541928123,0.04351214244967807,0.044364422894086285,0.011151803805090793
1973-10-10,0.0571163719338277,0.0472760981175128,0.0497718197375927,0.0528023388476896,0.0380419281232173,0.0347261836851112,0.043588542091109087,0.04436679977181969,0.011257593863070835
1973-10-12,0.0629634911580148,0.0571163719338277,0.0472760981175128,0.0497718197375927,0.0528023388476896,0.0380419281232173,0.04895689022899515,0.04443929454268868,0.01002237550924631
1973-11-01,0.0263476896748431,0.0629634911580148,0.0571163719338277,0.0472760981175128,0.0497718197375927,0.0528023388476896,0.04775996251324257,0.04434421943335231,0.012256444252940386
1973-11-04,0.0347618368511123,0.0263476896748431,0.0629634911580148,0.0571163719338277,0.0472760981175128,0.0497718197375927,0.04729137804579899,0.044409583571021066,0.012742949899542638
1973-11-05,0.0388619509412435,0.0347618368511123,0.0263476896748431,0.0629634911580148,0.0571163719338277,0.0472760981175128,0.04529989405916384,0.04419328769728081,0.012827178995667703
1973-11-06,0.0439247005134055,0.0388619509412435,0.0347618368511123,0.0263476896748431,0.0629634911580148,0.0571163719338277,0.04446459131285139,0.04385577105913667,0.012676934758254958
1973-11-07,0.0497718197375927,0.0439247005134055,0.0388619509412435,0.0347618368511123,0.0263476896748431,0.0629634911580148,0.0448211229728628,0.04395084616847304,0.012803647582218561
1973-11-09,0.0452082144894466,0.0497718197375927,0.0439247005134055,0.0388619509412435,0.0347618368511123,0.0263476896748431,0.043119957623665495,0.04356816885339413,0.011635572586332273
1973-11-10,0.0560467769537934,0.0452082144894466,0.0497718197375927,0.0439247005134055,0.0388619509412435,0.0347618368511123,0.042131855594491015,0.04330077010838558,0.009821928798996613
1973-11-12,0.0647461494580718,0.0560467769537934,0.0452082144894466,0.0497718197375927,0.0439247005134055,0.0388619509412435,0.047617349849237975,0.04461280661722756,0.010250638798246796
1973-12-01,0.0263120365088419,0.0647461494580718,0.0560467769537934,0.0452082144894466,0.0497718197375927,0.0439247005134055,0.04641023551462791,0.04447494770868982,0.012307896256756393
1973-12-03,0.0374358243011979,0.0263120365088419,0.0647461494580718,0.0560467769537934,0.0452082144894466,0.0497718197375927,0.04620650313747854,0.04459379159536028,0.012464474651711297
1973-12-04,0.0341200798630918,0.0374358243011979,0.0263120365088419,0.0647461494580718,0.0560467769537934,0.0452082144894466,0.04480584304457658,0.04427172466248331,0.013287342558116444
1973-12-06,0.0424272675413576,0.0341200798630918,0.0374358243011979,0.0263120365088419,0.0647461494580718,0.0560467769537934,0.043756621302257284,0.04396154211827338,0.013118761797501063
1973-12-07,0.053907586993725,0.0424272675413576,0.0341200798630918,0.0374358243011979,0.0263120365088419,0.0647461494580718,0.04499938880286848,0.04392945426887236,0.013679273560522578
1973-12-09,0.0454934398174557,0.053907586993725,0.0424272675413576,0.0341200798630918,0.0374358243011979,0.0263120365088419,0.04349176921196309,0.043583618558661295,0.012812910380376236
1973-12-10,0.056938106103822,0.0454934398174557,0.053907586993725,0.0424272675413576,0.0341200798630918,0.0374358243011979,0.04237633444707028,0.044602110667427225,0.010842585543843526
1973-12-11,0.0551197946377638,0.056938106103822,0.0454934398174557,0.053907586993725,0.0424272675413576,0.0341200798630918,0.04649172846548769,0.04541262597451982,0.009047548485172007
1973-12-12,0.0633556759840273,0.0551197946377638,0.056938106103822,0.0454934398174557,0.053907586993725,0.0424272675413576,0.050194564420177605,0.04641210306141847,0.009979605607379791
1974-01-02,0.0987592698231602,0.0633556759840273,0.0551197946377638,0.056938106103822,0.0454934398174557,0.053907586993725,0.05942873441447309,0.04851088610001897,0.01871188328839344
1974-01-03,0.1590844266970907,0.0987592698231602,0.0633556759840273,0.0551197946377638,0.056938106103822,0.0454934398174557,0.0760940428652921,0.051995388857197136,0.04041222390431369
1974-01-04,0.1442883628066172,0.1590844266970907,0.0987592698231602,0.0633556759840273,0.0551197946377638,0.056938106103822,0.08900558226713384,0.055191100969766066,0.04617026197564101
1974-01-05,0.1471406160867084,0.1442883628066172,0.1590844266970907,0.0987592698231602,0.0633556759840273,0.0551197946377638,0.10352660744845565,0.058290549534131916,0.046188947010841336
1974-01-07,0.1217912150598972,0.1471406160867084,0.1442883628066172,0.1590844266970907,0.0987592698231602,0.0633556759840273,0.11279133729932354,0.060464204221334805,0.04155874126866676
1974-01-08,0.1311323445521962,0.1217912150598972,0.1471406160867084,0.1442883628066172,0.1590844266970907,0.0987592698231602,0.12365027300138531,0.06398911389998092,0.033034689285232566
1974-01-10,0.1125926982316029,0.1311323445521962,0.1217912150598972,0.1471406160867084,0.1442883628066172,0.1590844266970907,0.13068413332246756,0.06658466438486398,0.02116699226870074
1974-01-11,0.1290288077581289,0.1125926982316029,0.1311323445521962,0.1217912150598972,0.1471406160867084,0.1442883628066172,0.13500835302746308,0.06961756037269437,0.01602550275391523
1974-02-01,0.071627210496292,0.1290288077581289,0.1125926982316029,0.1311323445521962,0.1217912150598972,0.1471406160867084,0.12251446499877752,0.07024505609431445,0.025448417337143085
1974-02-04,0.1382629777524244,0.071627210496292,0.1290288077581289,0.1125926982316029,0.1311323445521962,0.1217912150598972,0.12165369570532143,0.0731947613614755,0.024679472683325522
1974-02-05,0.1481745579007415,0.1382629777524244,0.071627210496292,0.1290288077581289,0.1125926982316029,0.1311323445521962,0.12180140167875474,0.0765580433542498,0.024859869043772978
1974-02-07,0.1086708499714774,0.1481745579007415,0.1382629777524244,0.071627210496292,0.1290288077581289,0.1125926982316029,0.11992706380898047,0.07827652595550479,0.025350535235838845
1974-02-08,0.1206859669138619,0.1086708499714774,0.1481745579007415,0.1382629777524244,0.071627210496292,0.1290288077581289,0.11843472414636128,0.08020060848069968,0.02488415122847263
1974-02-09,0.1053907586993724,0.1206859669138619,0.1086708499714774,0.1481745579007415,0.1382629777524244,0.071627210496292,0.11740587564175693,0.082835377448184,0.025311169988908453
1974-02-10,0.1124500855675983,0.1053907586993724,0.1206859669138619,0.1086708499714774,0.1481745579007415,0.1382629777524244,0.11503748675739542,0.08542498573873353,0.024813082571393957
1974-02-12,0.1190815744438106,0.1124500855675983,0.1053907586993724,0.1206859669138619,0.1086708499714774,0.1481745579007415,0.12181668160704094,0.08809897318881911,0.015834217066492236
1974-03-01,0.0732672561323445,0.1190815744438106,0.1124500855675983,0.1053907586993724,0.1206859669138619,0.1086708499714774,0.11253157851845809,0.08907705837611708,0.022313705288136757
1974-03-04,0.1386908157444381,0.0732672561323445,0.1190815744438106,0.1124500855675983,0.1053907586993724,0.1206859669138619,0.11117675821041474,0.09204102490967858,0.01995179026488828
1974-03-05,0.1507772390188248,0.1386908157444381,0.0732672561323445,0.1190815744438106,0.1124500855675983,0.1053907586993724,0.11719195664575009,0.09555999239399118,0.024822986079051146
1974-03-06,0.1235738733599543,0.1507772390188248,0.1386908157444381,0.0732672561323445,0.1190815744438106,0.1124500855675983,0.11760451470947757,0.0978108956075299,0.024914564520196962
1974-03-07,0.1040715915573302,0.1235738733599543,0.1507772390188248,0.1386908157444381,0.0732672561323445,0.1190815744438106,0.11741606226061439,0.09912174367750516,0.02502708107988728
1974-03-09,0.1053551055333713,0.1040715915573302,0.1235738733599543,0.1507772390188248,0.1386908157444381,0.0732672561323445,0.11640249368429625,0.10175651264498949,0.025402569516107573
1974-03-10,0.1215416428978893,0.1053551055333713,0.1040715915573302,0.1235738733599543,0.1507772390188248,0.1386908157444381,0.11675393203487892,0.10456003993154586,0.025462757269679896
1974-03-12,0.1090273816314888,0.1215416428978893,0.1053551055333713,0.1040715915573302,0.1235738733599543,0.1507772390188248,0.12186252139189954,0.10705694999049244,0.0176825566128564
1974-04-01,0.0713063320022817,0.1090273816314888,0.1215416428978893,0.1053551055333713,0.1040715915573302,0.1235738733599543,0.1122361665715915,0.10801958547252323,0.02415266270724333
1974-04-02,0.1048203080433542,0.0713063320022817,0.1090273816314888,0.1215416428978893,0.1053551055333713,0.1040715915573302,0.10567089071795281,0.10971667617417753,0.01716569960797074
1974-04-03,0.1554121505989731,0.1048203080433542,0.0713063320022817,0.1090273816314888,0.1215416428978893,0.1053551055333713,0.11021921603781266,0.1133806332002281,0.02508928311301782
1974-04-04,0.1391186537364518,0.1554121505989731,0.1048203080433542,0.0713063320022817,0.1090273816314888,0.1215416428978893,0.11522593920625859,0.11611998478798244,0.02707626893639919
1974-04-06,0.1220407872219053,0.1391186537364518,0.1554121505989731,0.1048203080433542,0.0713063320022817,0.1090273816314888,0.11760960801890631,0.11835068454078716,0.026795465083097946
1974-04-07,0.1015402167712492,0.1220407872219053,0.1391186537364518,0.1554121505989731,0.1048203080433542,0.0713063320022817,0.1147522614293863,0.11962350256702789,0.027366631518966594
1974-04-09,0.0973331431831146,0.1015402167712492,0.1220407872219053,0.1391186537364518,0.1554121505989731,0.1048203080433542,0.11308165593676141,0.11957596501235972,0.028120899988450687
1974-04-10,0.1267113519680547,0.0973331431831146,0.1015402167712492,0.1220407872219053,0.1391186537364518,0.1554121505989731,0.1209966587890147,0.11849686252139183,0.021396145018745684
1974-04-11,0.1225399315459212,0.1267113519680547,0.0973331431831146,0.1015402167712492,0.1220407872219053,0.1391186537364518,0.1235280335750957,0.11777191481270197,0.02017681214158763
1974-04-12,0.1038933257273245,0.1225399315459212,0.1267113519680547,0.0973331431831146,0.1015402167712492,0.1220407872219053,0.11616820145057447,0.11633033846738919,0.01545087603098166
1974-05-02,0.1097760981175128,0.1038933257273245,0.1225399315459212,0.1267113519680547,0.0973331431831146,0.1015402167712492,0.11197640779072604,0.11592983456930969,0.011715482683437669
1974-05-03,0.1402595550484883,0.1097760981175128,0.1038933257273245,0.1225399315459212,0.1267113519680547,0.0973331431831146,0.11457908890880932,0.1162340749191861,0.015677703113488376
1974-05-04,0.1337706788362806,0.1402595550484883,0.1097760981175128,0.1038933257273245,0.1225399315459212,0.1267113519680547,0.11918344063238526,0.11694000760600869,0.01594075909553819
1974-05-06,0.1337350256702795,0.1337706788362806,0.1402595550484883,0.1097760981175128,0.1038933257273245,0.1225399315459212,0.12438370955912308,0.1170968815364137,0.013352030765471616
1974-05-07,0.1008984597832287,0.1337350256702795,0.1337706788362806,0.1402595550484883,0.1097760981175128,0.1038933257273245,0.12069615353271937,0.11807258984597827,0.01591965716281723
1974-05-08,0.1147318881916714,0.1008984597832287,0.1337350256702795,0.1337706788362806,0.1402595550484883,0.1097760981175128,0.11958071876782654,0.11728822019395317,0.016042009879184742
1974-05-09,0.0993653736451797,0.1147318881916714,0.1008984597832287,0.1337350256702795,0.1337706788362806,0.1402595550484883,0.11893386847037728,0.11566124738543443,0.016850882551825604
1974-05-11,0.1295279520821448,0.0993653736451797,0.1147318881916714,0.1008984597832287,0.1337350256702795,0.1337706788362806,0.12175556189389615,0.1163564841224567,0.01671501136681005
1974-05-12,0.1077082144894466,0.1295279520821448,0.0993653736451797,0.1147318881916714,0.1008984597832287,0.1337350256702795,0.11710537038546162,0.11592389237497616,0.015165255624484859
1974-06-02,0.1111309184255562,0.1077082144894466,0.1295279520821448,0.0993653736451797,0.1147318881916714,0.1008984597832287,0.11387111889821526,0.11611523103251563,0.013320715450110081
1974-06-03,0.1333784940102681,0.1111309184255562,0.1077082144894466,0.1295279520821448,0.0993653736451797,0.1147318881916714,0.11382018580392793,0.1168128446472713,0.013232494680830419
1974-06-05,0.1490658870507701,0.1333784940102681,0.1111309184255562,0.1077082144894466,0.1295279520821448,0.0993653736451797,0.12070124684214813,0.11781232173416994,0.017293731710337937
1974-06-06,0.1309897318881916,0.1490658870507701,0.1333784940102681,0.1111309184255562,0.1077082144894466,0.1295279520821448,0.12302379594165101,0.11973640425936485,0.017449445934003733
1974-06-08,0.1192241871078151,0.1309897318881916,0.1490658870507701,0.1333784940102681,0.1111309184255562,0.1077082144894466,0.12586076929345608,0.11908751663814408,0.014290300542456212
1974-06-09,0.102253280091272,0.1192241871078151,0.1309897318881916,0.1490658870507701,0.1333784940102681,0.1111309184255562,0.12196438758047423,0.117470051340559,0.016647667109914187
1974-06-11,0.131096691386195,0.102253280091272,0.1192241871078151,0.1309897318881916,0.1490658870507701,0.1333784940102681,0.125305598565724,0.11772081194143368,0.01562521246190527
1974-06-12,0.1067455790074158,0.131096691386195,0.102253280091272,0.1192241871078151,0.1309897318881916,0.1490658870507701,0.12467912150598967,0.11780994485643653,0.01635893762474701
1974-07-01,0.0712706788362806,0.1067455790074158,0.131096691386195,0.102253280091272,0.1192241871078151,0.1309897318881916,0.11580657648113434,0.11667379729986685,0.025269933785597793
1974-07-02,0.1176197946377638,0.0712706788362806,0.1067455790074158,0.131096691386195,0.102253280091272,0.1192241871078151,0.11131427756499056,0.11654306902452932,0.02076558890256955
1974-07-03,0.1433970336565886,0.1176197946377638,0.0712706788362806,0.1067455790074158,0.131096691386195,0.102253280091272,0.11308674924619012,0.11768872409203265,0.023120864456903922
1974-07-05,0.1402595550484883,0.1433970336565886,0.1176197946377638,0.0712706788362806,0.1067455790074158,0.131096691386195,0.11609180180914346,0.11998716486023954,0.02531444608890497
1974-07-06,0.1334498003422703,0.1402595550484883,0.1433970336565886,0.1176197946377638,0.0712706788362806,0.1067455790074158,0.12054844755928606,0.1209414812702034,0.025218018277522142
1974-07-08,0.1182615516257843,0.1334498003422703,0.1402595550484883,0.1433970336565886,0.1176197946377638,0.0712706788362806,0.11871485616494168,0.11970312797109713,0.02478615446319945
1974-07-10,0.1272104962920707,0.1182615516257843,0.1334498003422703,0.1402595550484883,0.1433970336565886,0.1176197946377638,0.12163841577703524,0.11930618938961773,0.02434201654991925
1974-07-11,0.1325584711922418,0.1272104962920707,0.1182615516257843,0.1334498003422703,0.1402595550484883,0.1433970336565886,0.1303938146850297,0.11965677885529563,0.010007848867852127
1974-08-01,0.0737307472903593,0.1325584711922418,0.1272104962920707,0.1182615516257843,0.1334498003422703,0.1402595550484883,0.12412395077825762,0.11872979653926596,0.02371107862831744
1974-08-02,0.1238947518539646,0.0737307472903593,0.1325584711922418,0.1272104962920707,0.1182615516257843,0.1334498003422703,0.1213379105207399,0.11961518349496097,0.022164378946881662
1974-08-03,0.1478180262407301,0.1238947518539646,0.0737307472903593,0.1325584711922418,0.1272104962920707,0.1182615516257843,0.12241769211963159,0.12031873930405015,0.023390042622899357
1974-08-04,0.1117726754135767,0.1478180262407301,0.1238947518539646,0.0737307472903593,0.1325584711922418,0.1272104962920707,0.11932095998696109,0.11995983076630531,0.02311941926509641
1974-08-05,0.1415430690245293,0.1117726754135767,0.1478180262407301,0.1238947518539646,0.0737307472903593,0.1325584711922418,0.12264689104392465,0.12121482220954549,0.024570688313394835
1974-08-07,0.10906303479749,0.1415430690245293,0.1117726754135767,0.1478180262407301,0.1238947518539646,0.0737307472903593,0.12005439654469884,0.12119105343221138,0.02496317223674128
1974-08-08,0.1173345693097547,0.10906303479749,0.1415430690245293,0.1117726754135767,0.1478180262407301,0.1238947518539646,0.11787955341862924,0.12042688724092028,0.024347812317067265
1974-08-10,0.1203294352538505,0.1173345693097547,0.10906303479749,0.1415430690245293,0.1117726754135767,0.1478180262407301,0.12453650884198512,0.11997884578817261,0.014739828343968558
1974-08-11,0.1290288077581289,0.1203294352538505,0.1173345693097547,0.10906303479749,0.1415430690245293,0.1117726754135767,0.1252699453997229,0.11982197185776759,0.014830029393591255
1974-09-01,0.0734098687963491,0.1290288077581289,0.1203294352538505,0.1173345693097547,0.10906303479749,0.1415430690245293,0.11464020862195416,0.11890568549153827,0.021251239567106554
1974-09-04,0.1236451796919566,0.0734098687963491,0.1290288077581289,0.1203294352538505,0.1173345693097547,0.10906303479749,0.11633628066172273,0.11920279520821443,0.021457016076927585
1974-09-05,0.1487806617227609,0.1236451796919566,0.0734098687963491,0.1290288077581289,0.1203294352538505,0.1173345693097547,0.1173702224757558,0.12084997147746715,0.02299345438270083
1974-09-07,0.1100969766115231,0.1487806617227609,0.1236451796919566,0.0734098687963491,0.1290288077581289,0.1203294352538505,0.1175179284491891,0.12020227229511309,0.022934441660210508
1974-09-08,0.1140901312036508,0.1100969766115231,0.1487806617227609,0.1236451796919566,0.0734098687963491,0.1290288077581289,0.11705443729117428,0.12041500285225323,0.022971518925984542
1974-09-09,0.0996862521391899,0.1140901312036508,0.1100969766115231,0.1487806617227609,0.1236451796919566,0.0734098687963491,0.11410541113193705,0.12003351397604103,0.023791437701423213
1974-09-10,0.1196876782658299,0.0996862521391899,0.1140901312036508,0.1100969766115231,0.1487806617227609,0.1236451796919566,0.11277096406160861,0.11957715345122641,0.023065789039221265
1974-09-12,0.1061394751853964,0.1196876782658299,0.0996862521391899,0.1140901312036508,0.1100969766115231,0.1487806617227609,0.1174466221171868,0.11814627305571396,0.01598870497401631
1974-10-01,0.0724115801483171,0.1061394751853964,0.1196876782658299,0.0996862521391899,0.1140901312036508,0.1100969766115231,0.11012753646809544,0.11619366799771814,0.022907720337751382
1974-10-04,0.1230747290359383,0.0724115801483171,0.1061394751853964,0.1196876782658299,0.0996862521391899,0.1140901312036508,0.10645526036997792,0.11632201939532225,0.016969326875699773
1974-10-05,0.149315459212778,0.1230747290359383,0.0724115801483171,0.1061394751853964,0.1196876782658299,0.0996862521391899,0.11205790074158577,0.11789075869937245,0.02356464803263398
1974-10-06,0.1401525955504848,0.149315459212778,0.1230747290359383,0.0724115801483171,0.1061394751853964,0.1196876782658299,0.11578110993399061,0.11819262217151544,0.02588404183511822
1974-10-07,0.1050698802053622,0.1401525955504848,0.149315459212778,0.1230747290359383,0.0724115801483171,0.1061394751853964,0.11655019965772952,0.11813676554478031,0.025401598480461068
1974-10-09,0.1010054192812321,0.1050698802053622,0.1401525955504848,0.149315459212778,0.1230747290359383,0.0724115801483171,0.11388130551707272,0.11912792355961203,0.025991609817959834
1974-10-10,0.1319880205362236,0.1010054192812321,0.1050698802053622,0.1401525955504848,0.149315459212778,0.1230747290359383,0.11757395485290514,0.11960686442289403,0.02653880888953859
1974-10-12,0.103251568739304,0.1319880205362236,0.1010054192812321,0.1050698802053622,0.1401525955504848,0.149315459212778,0.12197966750876044,0.11826868225898453,0.01938843637601391
1974-11-01,0.0738020536223616,0.103251568739304,0.1319880205362236,0.1010054192812321,0.1050698802053622,0.1401525955504848,0.11494071387824947,0.116053432211447,0.02654720334671705
1974-11-02,0.1382629777524244,0.0738020536223616,0.103251568739304,0.1319880205362236,0.1010054192812321,0.1050698802053622,0.11336178795534181,0.11621387145845213,0.024404159000412252
1974-11-03,0.1335567598402738,0.1382629777524244,0.0738020536223616,0.103251568739304,0.1319880205362236,0.1010054192812321,0.11241952571102597,0.11672371173226843,0.023299686585796932
1974-11-04,0.1094908727895037,0.1335567598402738,0.1382629777524244,0.0738020536223616,0.103251568739304,0.1319880205362236,0.11305109608018904,0.1161330576155162,0.02312653570012731
1974-11-06,0.1364803194523673,0.1094908727895037,0.1335567598402738,0.1382629777524244,0.0738020536223616,0.103251568739304,0.11811893896177979,0.11626378589085372,0.02392024553562194
1974-11-07,0.0945878494010268,0.1364803194523673,0.1094908727895037,0.1335567598402738,0.1382629777524244,0.0738020536223616,0.11277605737103737,0.11695902262787598,0.024476536197126236
1974-11-09,0.0950869937250427,0.0945878494010268,0.1364803194523673,0.1094908727895037,0.1335567598402738,0.1382629777524244,0.1116096895118572,0.11599876402357857,0.025190173799687965
1974-11-10,0.1239660581859669,0.0950869937250427,0.0945878494010268,0.1364803194523673,0.1094908727895037,0.1335567598402738,0.11877597587808651,0.11520369842175313,0.01902210131062083
1974-11-11,0.1350898459783228,0.1239660581859669,0.0950869937250427,0.0945878494010268,0.1364803194523673,0.1094908727895037,0.11832267133892914,0.11598093744057801,0.018511270216589343
1974-11-12,0.1036794067313177,0.1350898459783228,0.1239660581859669,0.0950869937250427,0.0945878494010268,0.1364803194523673,0.1140544780376497,0.11471881536413761,0.017845765966990786
1974-12-02,0.1521677124928693,0.1036794067313177,0.1350898459783228,0.1239660581859669,0.0950869937250427,0.0945878494010268,0.12015116942384478,0.1161556379539836,0.022665806862833943
1974-12-03,0.1408656588705076,0.1521677124928693,0.1036794067313177,0.1350898459783228,0.1239660581859669,0.0950869937250427,0.12077764648357912,0.1169400076060087,0.023245553059660813
1974-12-06,0.1255704506560182,0.1408656588705076,0.1521677124928693,0.1036794067313177,0.1350898459783228,0.1239660581859669,0.1252037323771493,0.11711470811941428,0.02017452299537834
1974-12-07,0.0896677124928693,0.1255704506560182,0.1408656588705076,0.1521677124928693,0.1036794067313177,0.1350898459783228,0.12442954934398168,0.1158026716105723,0.021578011628897584
1974-12-08,0.1092056474614945,0.0896677124928693,0.1255704506560182,0.1408656588705076,0.1521677124928693,0.1036794067313177,0.12232091924048563,0.11699586423274382,0.02233864973993685
1974-12-09,0.1013976041072446,0.1092056474614945,0.0896677124928693,0.1255704506560182,0.1408656588705076,0.1521677124928693,0.11750774183033161,0.11625427837992008,0.02275472303310099
1974-12-11,0.1292070735881346,0.1013976041072446,0.1092056474614945,0.0896677124928693,0.1255704506560182,0.1408656588705076,0.12115455138130544,0.1156018254420992,0.02220818728359665
1974-12-12,0.103251568739304,0.1292070735881346,0.1013976041072446,0.1092056474614945,0.0896677124928693,0.1255704506560182,0.11416653084508181,0.1153736451796919,0.018147980157513514
1975-01-04,0.1071377638334284,0.103251568739304,0.1292070735881346,0.1013976041072446,0.1092056474614945,0.0896677124928693,0.1093482601254991,0.1151418996006845,0.01384524648920304
1975-01-05,0.1079577866514546,0.1071377638334284,0.103251568739304,0.1292070735881346,0.1013976041072446,0.1092056474614945,0.1068321652677043,0.11541761741775997,0.011864540443553775
1975-01-07,0.1180476326297775,0.1079577866514546,0.1071377638334284,0.103251568739304,0.1292070735881346,0.1013976041072446,0.11088643957297688,0.11536294922989157,0.0096670592539284
1975-01-08,0.1329150028522532,0.1180476326297775,0.1079577866514546,0.1071377638334284,0.103251568739304,0.1292070735881346,0.11427349034308527,0.11625546681878678,0.012667806672202542
1975-01-09,0.1162649743297204,0.1329150028522532,0.1180476326297775,0.1079577866514546,0.1071377638334284,0.103251568739304,0.11639740037486752,0.11771724662483356,0.011324314259259245
1975-01-10,0.1152310325156873,0.1162649743297204,0.1329150028522532,0.1180476326297775,0.1079577866514546,0.1071377638334284,0.11440082307880363,0.11745579007415853,0.009821820948894893
1975-01-12,0.1016471762692527,0.1152310325156873,0.1162649743297204,0.1329150028522532,0.1180476326297775,0.1079577866514546,0.11417162415451058,0.11586684730937434,0.010138958773797082
1975-02-01,0.1128066172276097,0.1016471762692527,0.1152310325156873,0.1162649743297204,0.1329150028522532,0.1180476326297775,0.11498146035367933,0.11495531469861185,0.009700413395900078
1975-02-04,0.1091699942954934,0.1128066172276097,0.1016471762692527,0.1152310325156873,0.1162649743297204,0.1329150028522532,0.11515463287425631,0.11509198516828288,0.009563989271612283
1975-02-05,0.1104178551055333,0.1091699942954934,0.1128066172276097,0.1016471762692527,0.1152310325156873,0.1162649743297204,0.11406466465650714,0.11540573302909293,0.00961397200051387
1975-02-06,0.1125926982316029,0.1104178551055333,0.1091699942954934,0.1128066172276097,0.1016471762692527,0.1152310325156873,0.11116147828212852,0.11475922228560557,0.00487173382810447
1975-02-07,0.1164432401597261,0.1125926982316029,0.1104178551055333,0.1091699942954934,0.1128066172276097,0.1016471762692527,0.11118694482927219,0.11519894466628632,0.004903222405725951
1975-02-09,0.1121292070735881,0.1164432401597261,0.1125926982316029,0.1104178551055333,0.1091699942954934,0.1128066172276097,0.11074382690897232,0.11647651644799387,0.004608113826767776
1975-02-10,0.1166928123217341,0.1121292070735881,0.1164432401597261,0.1125926982316029,0.1104178551055333,0.1091699942954934,0.11289320348789822,0.11575751093363751,0.0028198970157491824
1975-02-12,0.1015402167712492,0.1166928123217341,0.1121292070735881,0.1164432401597261,0.1125926982316029,0.1104178551055333,0.11128371770841816,0.1146902928313367,0.005139076018833273
1975-03-01,0.1097047917855105,0.1015402167712492,0.1166928123217341,0.1121292070735881,0.1164432401597261,0.1125926982316029,0.11136011734984917,0.11469742346453694,0.0051062859306168175
1975-03-02,0.1020037079292641,0.1097047917855105,0.1015402167712492,0.1166928123217341,0.1121292070735881,0.1164432401597261,0.11015809632466786,0.1135482030804335,0.006231445703379414
1975-03-03,0.1149458071876782,0.1020037079292641,0.1097047917855105,0.1015402167712492,0.1166928123217341,0.1121292070735881,0.11049425474696432,0.11422680167332186,0.006444498490875305
1975-03-04,0.1056403308613805,0.1149458071876782,0.1020037079292641,0.1097047917855105,0.1015402167712492,0.1166928123217341,0.10895098199005782,0.11457857957786646,0.006064757192497252
1975-03-06,0.1137692527096406,0.1056403308613805,0.1149458071876782,0.1020037079292641,0.1097047917855105,0.1015402167712492,0.10918527422377959,0.1142386860619889,0.0062372275747297435
1975-03-07,0.1154449515116942,0.1137692527096406,0.1056403308613805,0.1149458071876782,0.1020037079292641,0.1097047917855105,0.1090070083937739,0.11358385624643463,0.006000222599028813
1975-03-09,0.1149458071876782,0.1154449515116942,0.1137692527096406,0.1056403308613805,0.1149458071876782,0.1020037079292641,0.11092209273897805,0.11395940292831332,0.005320707112513821
1975-03-10,0.1137335995436394,0.1149458071876782,0.1154449515116942,0.1137692527096406,0.1056403308613805,0.1149458071876782,0.11149763670442503,0.11267826583000565,0.005384600541840572
1975-03-11,0.1044281232173416,0.1137335995436394,0.1149458071876782,0.1154449515116942,0.1137692527096406,0.1056403308613805,0.11184398174557897,0.11146368130823345,0.00470756821714852
1975-03-12,0.1024671990872789,0.1044281232173416,0.1137335995436394,0.1149458071876782,0.1154449515116942,0.1137692527096406,0.11006132344552191,0.11069357292260881,0.0056128547216641594
1975-04-02,0.1011480319452367,0.1024671990872789,0.1044281232173416,0.1137335995436394,0.1149458071876782,0.1154449515116942,0.10941956645750138,0.1110762502376877,0.006403689749893627
1975-04-03,0.1144466628636622,0.1011480319452367,0.1024671990872789,0.1044281232173416,0.1137335995436394,0.1149458071876782,0.10951633933664731,0.1112509507510933,0.0064849804334217165
1975-04-04,0.102253280091272,0.1144466628636622,0.1011480319452367,0.1024671990872789,0.1044281232173416,0.1137335995436394,0.10763181484801557,0.11127947328389422,0.006391053470452811
1975-04-06,0.1138405590416428,0.102253280091272,0.1144466628636622,0.1011480319452367,0.1024671990872789,0.1044281232173416,0.1074739222557248,0.11076725613234449,0.006190757853384826
1975-04-07,0.1170849971477467,0.1138405590416428,0.102253280091272,0.1144466628636622,0.1011480319452367,0.1024671990872789,0.10795269334202584,0.11122837041262591,0.006850030965321136
1975-04-08,0.1380490587564175,0.1170849971477467,0.1138405590416428,0.102253280091272,0.1144466628636622,0.1011480319452367,0.11275568413332239,0.11225874691005888,0.01299631433752772
1975-04-09,0.1170136908157444,0.1380490587564175,0.1170849971477467,0.1138405590416428,0.102253280091272,0.1144466628636622,0.11483375438024604,0.11256061038220187,0.012216615617440986
1975-04-11,0.1063890473474044,0.1170136908157444,0.1380490587564175,0.1170849971477467,0.1138405590416428,0.102253280091272,0.11558247086627,0.11217199087278944,0.011369287771104493
1975-04-12,0.1008271534512264,0.1063890473474044,0.1170136908157444,0.1380490587564175,0.1170849971477467,0.1138405590416428,0.11363682666449346,0.11110239589275521,0.012685259419326496
1975-05-02,0.1019324015972618,0.1008271534512264,0.1063890473474044,0.1170136908157444,0.1380490587564175,0.1170849971477467,0.11359098687963486,0.11062464346833993,0.012733738412725184
1975-05-03,0.1094908727895037,0.1019324015972618,0.1008271534512264,0.1063890473474044,0.1170136908157444,0.1380490587564175,0.11296960312932927,0.11043330481080048,0.012825329032259514
1975-05-05,0.1081003993154592,0.1094908727895037,0.1019324015972618,0.1008271534512264,0.1063890473474044,0.1170136908157444,0.11168608915328819,0.11064841224567404,0.012794368615929192
1975-05-06,0.1124857387335995,0.1081003993154592,0.1094908727895037,0.1019324015972618,0.1008271534512264,0.1063890473474044,0.10803418629288564,0.11063771629587368,0.005692886223535163
1975-05-08,0.1371933827723901,0.1124857387335995,0.1081003993154592,0.1094908727895037,0.1019324015972618,0.1008271534512264,0.11091699942954929,0.11157182924510359,0.012287572842188706
1975-05-09,0.1142683970336566,0.1371933827723901,0.1124857387335995,0.1081003993154592,0.1094908727895037,0.1019324015972618,0.11204262081329962,0.11170018064270769,0.012163929117533565
1975-05-11,0.1081360524814603,0.1142683970336566,0.1371933827723901,0.1124857387335995,0.1081003993154592,0.1094908727895037,0.11308674924619018,0.1115516257843696,0.011325562297661672
1975-05-12,0.0984027381631488,0.1081360524814603,0.1142683970336566,0.1371933827723901,0.1124857387335995,0.1081003993154592,0.11258251161274546,0.11095027571781703,0.01196544391867784
1975-06-01,0.1052481460353679,0.0984027381631488,0.1081360524814603,0.1142683970336566,0.1371933827723901,0.1124857387335995,0.11197640779072607,0.11072090701654301,0.012252171534969668
1975-06-02,0.1013619509412435,0.1052481460353679,0.0984027381631488,0.1081360524814603,0.1142683970336566,0.1371933827723901,0.11101377230869525,0.11020987830386,0.012857234195478299
1975-06-03,0.1101682829435253,0.1013619509412435,0.1052481460353679,0.0984027381631488,0.1081360524814603,0.1142683970336566,0.1106827071958275,0.11049748050960254,0.012842843437054233
1975-06-05,0.1102395892755276,0.1101682829435253,0.1013619509412435,0.1052481460353679,0.0984027381631488,0.1081360524814603,0.10683216526770427,0.11051530709260311,0.0055260819042671615
1975-06-06,0.1120222475755846,0.1102395892755276,0.1101682829435253,0.1013619509412435,0.1052481460353679,0.0984027381631488,0.10651128677369401,0.11084925841414713,0.0050685987167099
1975-06-08,0.1346976611523103,0.1120222475755846,0.1102395892755276,0.1101682829435253,0.1013619509412435,0.1052481460353679,0.11030580229810115,0.11150765354630153,0.011868639056057343
1975-06-10,0.1138049058756417,0.1346976611523103,0.1120222475755846,0.1102395892755276,0.1101682829435253,0.1013619509412435,0.11250611197131442,0.1117798060467769,0.010660353415788937
1975-06-11,0.112877923559612,0.1138049058756417,0.1346976611523103,0.1120222475755846,0.1102395892755276,0.1101682829435253,0.11359608018906357,0.11175009507510929,0.010173517656289845
1975-07-01,0.1068881916714203,0.112877923559612,0.1138049058756417,0.1346976611523103,0.1120222475755846,0.1102395892755276,0.11438554315051741,0.11146486974710014,0.009237260204891741
1975-07-02,0.1060681688533941,0.1068881916714203,0.112877923559612,0.1138049058756417,0.1346976611523103,0.1120222475755846,0.11379981256621295,0.11116894846929067,0.00966914099839019
1975-07-03,0.1088491158014831,0.1060681688533941,0.1068881916714203,0.112877923559612,0.1138049058756417,0.1346976611523103,0.1136011734984923,0.11100613234455213,0.009768245595659213
1975-07-04,0.1010410724472332,0.1088491158014831,0.1060681688533941,0.1068881916714203,0.112877923559612,0.1138049058756417,0.1120324341944421,0.11089323065221518,0.010882311813381682
1975-07-05,0.1129492298916143,0.1010410724472332,0.1088491158014831,0.1060681688533941,0.1068881916714203,0.112877923559612,0.1089255154429141,0.11124263167902636,0.00465663782179984
1975-07-07,0.1158727895037079,0.1129492298916143,0.1010410724472332,0.1088491158014831,0.1060681688533941,0.1068881916714203,0.1092209273897807,0.1117334569309754,0.005065421061353555
1975-07-08,0.1386908157444381,0.1158727895037079,0.1129492298916143,0.1010410724472332,0.1088491158014831,0.1060681688533941,0.11290848341618442,0.1125415953603346,0.012341428575382282
1975-07-10,0.1127709640616086,0.1386908157444381,0.1158727895037079,0.1129492298916143,0.1010410724472332,0.1088491158014831,0.1137488794719256,0.11289218482601249,0.012060239742329927
1975-07-11,0.1110596120935538,0.1127709640616086,0.1386908157444381,0.1158727895037079,0.1129492298916143,0.1010410724472332,0.11446194279194842,0.11279948659440953,0.011671731692377273
1975-08-01,0.1057116371933827,0.1110596120935538,0.1127709640616086,0.1386908157444381,0.1158727895037079,0.1129492298916143,0.1140137315622198,0.11242037459593072,0.0119793829299292
1975-08-04,0.1025741585852823,0.1057116371933827,0.1110596120935538,0.1127709640616086,0.1386908157444381,0.1158727895037079,0.11423274386765538,0.11123787792355956,0.011713751697206034
1975-08-05,0.1155875641756987,0.1025741585852823,0.1057116371933827,0.1110596120935538,0.1127709640616086,0.1386908157444381,0.11460964876538172,0.11119034036889137,0.01170801436175001
1975-08-07,0.1156232173416999,0.1155875641756987,0.1025741585852823,0.1057116371933827,0.1110596120935538,0.1127709640616086,0.11457399559938057,0.11149814603536787,0.01170390604645892
1975-08-08,0.140437820878494,0.1156232173416999,0.1155875641756987,0.1025741585852823,0.1057116371933827,0.1110596120935538,0.11482356776138856,0.1128185016162768,0.012306969169113998
1975-08-09,0.1153379920136908,0.140437820878494,0.1156232173416999,0.1155875641756987,0.1025741585852823,0.1057116371933827,0.11519028604025745,0.11326535463015777,0.012273813690589039
1975-08-10,0.1123074729035938,0.1153379920136908,0.140437820878494,0.1156232173416999,0.1155875641756987,0.1025741585852823,0.11536855187026318,0.11335924130062744,0.012212730437618885
1975-08-12,0.0983314318311465,0.1123074729035938,0.1153379920136908,0.140437820878494,0.1156232173416999,0.1155875641756987,0.11431423681851514,0.11303360905115034,0.01344204290651772
1975-09-01,0.105034227039361,0.0983314318311465,0.1123074729035938,0.1153379920136908,0.140437820878494,0.1156232173416999,0.1146656751690978,0.11278522532800905,0.013112053533440946
1975-09-04,0.1010054192812321,0.105034227039361,0.0983314318311465,0.1123074729035938,0.1153379920136908,0.140437820878494,0.11258251161274545,0.11157895987830378,0.014064917383018414
1975-09-05,0.1152666856816885,0.1010054192812321,0.105034227039361,0.0983314318311465,0.1123074729035938,0.1153379920136908,0.11253157851845809,0.11161223616657152,0.014052711160652924
1975-09-06,0.1135553337136337,0.1152666856816885,0.1010054192812321,0.105034227039361,0.0983314318311465,0.1123074729035938,0.10869122320919235,0.11179287887431064,0.007117157151573702
1975-09-07,0.1200442099258414,0.1135553337136337,0.1152666856816885,0.1010054192812321,0.105034227039361,0.0983314318311465,0.10936354005378528,0.11251426126640038,0.008015300553654377
1975-09-09,0.1113091842555618,0.1200442099258414,0.1135553337136337,0.1152666856816885,0.1010054192812321,0.105034227039361,0.10922092738978072,0.11271629587374019,0.007962900224631898
1975-09-10,0.10781517398745,0.1113091842555618,0.1200442099258414,0.1135553337136337,0.1152666856816885,0.1010054192812321,0.11057574769782406,0.11293140330861375,0.006467778373878991
1975-09-12,0.0946948088990302,0.10781517398745,0.1113091842555618,0.1200442099258414,0.1135553337136337,0.1152666856816885,0.1090986879634911,0.1124156208404639,0.008729421231989443
1975-10-01,0.1038933257273245,0.0946948088990302,0.10781517398745,0.1113091842555618,0.1200442099258414,0.1135553337136337,0.10951124602721858,0.11220407872219046,0.008342862610518224
1975-10-02,0.1079577866514546,0.1038933257273245,0.0946948088990302,0.10781517398745,0.1113091842555618,0.1200442099258414,0.10846711759432803,0.11206859669138612,0.007950648404933272
1975-10-03,0.1079577866514546,0.1079577866514546,0.1038933257273245,0.0946948088990302,0.10781517398745,0.1113091842555618,0.10766746801401672,0.11117726754135761,0.00762856756897791
1975-10-04,0.1017184826012549,0.1079577866514546,0.1079577866514546,0.1038933257273245,0.0946948088990302,0.10781517398745,0.10504950696764724,0.1107743867655447,0.005528726582344652
1975-10-06,0.1178337136337706,0.1017184826012549,0.1079577866514546,0.1079577866514546,0.1038933257273245,0.0946948088990302,0.10598158259310564,0.11093957976801666,0.0070895689956706935
1975-10-07,0.1202224757558471,0.1178337136337706,0.1017184826012549,0.1079577866514546,0.1079577866514546,0.1038933257273245,0.10775405427430522,0.11138405590416424,0.00893514895336459
1975-10-09,0.1175841414717626,0.1202224757558471,0.1178337136337706,0.1017184826012549,0.1079577866514546,0.1079577866514546,0.1110239589275527,0.11176792165810985,0.007419143148656535
1975-10-10,0.1091699942954934,0.1175841414717626,0.1202224757558471,0.1178337136337706,0.1017184826012549,0.1079577866514546,0.1117777687230054,0.11177861760791018,0.006817572404312143
1975-10-11,0.1123787792355961,0.1091699942954934,0.1175841414717626,0.1202224757558471,0.1178337136337706,0.1017184826012549,0.11240933909216848,0.11215654116752229,0.006606216057863896
1975-10-12,0.0976183685111237,0.1123787792355961,0.1091699942954934,0.1175841414717626,0.1202224757558471,0.1178337136337706,0.11093227935783548,0.11164551245483925,0.008617202726759839
1975-11-02,0.1049629207073588,0.0976183685111237,0.1123787792355961,0.1091699942954934,0.1175841414717626,0.1202224757558471,0.11139577051585033,0.11128185016162763,0.008111437610518496
1975-11-03,0.1129848830576155,0.1049629207073588,0.0976183685111237,0.1123787792355961,0.1091699942954934,0.1175841414717626,0.11070308043354246,0.11042498573873354,0.00766476734682717
1975-11-04,0.10375071306332,0.1129848830576155,0.1049629207073588,0.0976183685111237,0.1123787792355961,0.1091699942954934,0.10834997147746715,0.11012431070545725,0.006726175526999132
1975-11-06,0.1164432401597261,0.10375071306332,0.1129848830576155,0.1049629207073588,0.0976183685111237,0.1123787792355961,0.10818698557574767,0.11030376497432967,0.006474228074586497
1975-11-07,0.1176554478037649,0.1164432401597261,0.10375071306332,0.1129848830576155,0.1049629207073588,0.0976183685111237,0.10939919321978643,0.11070189199467574,0.007414997349797404
1975-11-08,0.1320236737022247,0.1176554478037649,0.1164432401597261,0.10375071306332,0.1129848830576155,0.1049629207073588,0.1122056067150191,0.11168354249857382,0.011385301939460296
1975-11-09,0.116158014831717,0.1320236737022247,0.1176554478037649,0.1164432401597261,0.10375071306332,0.1129848830576155,0.114854127617961,0.11170255752044109,0.009411712315041159
1975-11-11,0.1134483742156303,0.116158014831717,0.1320236737022247,0.1176554478037649,0.1164432401597261,0.10375071306332,0.11606633526199979,0.11163006274957211,0.008419580443630018
1975-11-12,0.0973331431831146,0.1134483742156303,0.116158014831717,0.1320236737022247,0.1176554478037649,0.1164432401597261,0.11383037242278538,0.11019324015972613,0.011043674193315438
1975-12-02,0.1104535082715345,0.0973331431831146,0.1134483742156303,0.116158014831717,0.1320236737022247,0.1176554478037649,0.11478791459538744,0.11003042403498758,0.010288844345014116
1975-12-03,0.1132344552196235,0.1104535082715345,0.0973331431831146,0.1134483742156303,0.116158014831717,0.1320236737022247,0.11432951674680136,0.1100613234455219,0.01027427321785383
1975-12-05,0.1175841414717626,0.1132344552196235,0.1104535082715345,0.0973331431831146,0.1134483742156303,0.116158014831717,0.1143193301279439,0.11070308043354245,0.010270460710738012
1975-12-06,0.1170136908157444,0.1175841414717626,0.1132344552196235,0.1104535082715345,0.0973331431831146,0.1134483742156303,0.1121750468584467,0.11110239589275522,0.007006239150520835
1975-12-08,0.1317027952082144,0.1170136908157444,0.1175841414717626,0.1132344552196235,0.1104535082715345,0.0973331431831146,0.11439572976937488,0.11212564175698797,0.010210070321381118
1975-12-09,0.1154092983456931,0.1317027952082144,0.1170136908157444,0.1175841414717626,0.1132344552196235,0.1104535082715345,0.1146758617879553,0.1121303955124548,0.01020664601198762
1975-12-11,0.1112735310895607,0.1154092983456931,0.1317027952082144,0.1170136908157444,0.1175841414717626,0.1132344552196235,0.11666734577459047,0.11205433542498568,0.00716586402298563
1975-12-12,0.0978679406731317,0.1112735310895607,0.1154092983456931,0.1317027952082144,0.1170136908157444,0.1175841414717626,0.11486940754624721,0.11131512644989536,0.010002294950987667
1976-01-03,0.1041428978893325,0.0978679406731317,0.1112735310895607,0.1154092983456931,0.1317027952082144,0.1170136908157444,0.1135706136419199,0.11107625023768772,0.01080780818658011
1976-01-04,0.1015758699372504,0.1041428978893325,0.0978679406731317,0.1112735310895607,0.1154092983456931,0.1317027952082144,0.11128371770841818,0.1108682734360144,0.011489187138439973
1976-01-06,0.1213990302338847,0.1015758699372504,0.1041428978893325,0.0978679406731317,0.1112735310895607,0.1154092983456931,0.11191019476815252,0.11175841414717622,0.011963473351171415
1976-01-07,0.1264261266400456,0.1213990302338847,0.1015758699372504,0.1041428978893325,0.0978679406731317,0.1112735310895607,0.11115638497269982,0.1125095075109336,0.010596664642082683
1976-01-09,0.1003993154592127,0.1264261266400456,0.1213990302338847,0.1015758699372504,0.1041428978893325,0.0978679406731317,0.10901210170320262,0.11225755847119219,0.011099380060777273
1976-01-10,0.1100969766115231,0.1003993154592127,0.1264261266400456,0.1213990302338847,0.1015758699372504,0.1041428978893325,0.10884402249205438,0.11232886480319446,0.011068292270792866
1976-01-11,0.1079221334854535,0.1100969766115231,0.1003993154592127,0.1264261266400456,0.1213990302338847,0.1015758699372504,0.1102803357509575,0.1125356531660011,0.010008139183943063
1976-01-12,0.1058899030233884,0.1079221334854535,0.1100969766115231,0.1003993154592127,0.1264261266400456,0.1213990302338847,0.11052990791296549,0.11213752614565502,0.009850117188242953
1976-02-01,0.1031089560752994,0.1058899030233884,0.1079221334854535,0.1100969766115231,0.1003993154592127,0.1264261266400456,0.11074892021840106,0.11156707548963676,0.009632486846687119
1976-02-02,0.0970479178551055,0.1031089560752994,0.1058899030233884,0.1079221334854535,0.1100969766115231,0.1003993154592127,0.10727018987857546,0.11088253470241485,0.009541929278070245
1976-02-03,0.1024315459212777,0.0970479178551055,0.1031089560752994,0.1058899030233884,0.1079221334854535,0.1100969766115231,0.10384239263303718,0.11065791975660767,0.004481526721378488
1976-02-04,0.102752424415288,0.1024315459212777,0.0970479178551055,0.1031089560752994,0.1058899030233884,0.1079221334854535,0.10417855105533366,0.1103370412625974,0.0042631507015196074
1976-02-06,0.1204007415858528,0.102752424415288,0.1024315459212777,0.0970479178551055,0.1031089560752994,0.1058899030233884,0.1056505174802379,0.11109645369842171,0.007325885974578937
1976-02-07,0.1315601825442099,0.1204007415858528,0.102752424415288,0.1024315459212777,0.0970479178551055,0.1031089560752994,0.10902738163148881,0.1119830290929834,0.012304062038308255
1976-02-08,0.1140544780376497,0.1315601825442099,0.1204007415858528,0.102752424415288,0.1024315459212777,0.0970479178551055,0.11019374949066899,0.11201868225898455,0.012343991009362126
1976-02-09,0.1076369081574444,0.1140544780376497,0.1315601825442099,0.1204007415858528,0.102752424415288,0.1024315459212777,0.11084059978811829,0.11214822209545536,0.012025382301261277
1976-02-11,0.1077795208214489,0.1076369081574444,0.1140544780376497,0.1315601825442099,0.1204007415858528,0.102752424415288,0.11237368592616735,0.11185943145084612,0.01056991465384268
1976-02-12,0.10906303479749,0.1077795208214489,0.1076369081574444,0.1140544780376497,0.1315601825442099,0.1204007415858528,0.11332104147991195,0.11157301768397028,0.009799408655114687
1976-03-02,0.09843839132915,0.10906303479749,0.1077795208214489,0.1076369081574444,0.1140544780376497,0.1315601825442099,0.1127047510390351,0.11045350827153447,0.010671686616450096
1976-03-03,0.1030376497432971,0.09843839132915,0.10906303479749,0.1077795208214489,0.1076369081574444,0.1140544780376497,0.11022430934724141,0.11001616276858714,0.010602403905867717
1976-03-05,0.1120222475755846,0.1030376497432971,0.09843839132915,0.10906303479749,0.1077795208214489,0.1076369081574444,0.10743317578029496,0.10996862521391894,0.0052906509078913125
1976-03-06,0.1199729035938391,0.1120222475755846,0.1030376497432971,0.09843839132915,0.10906303479749,0.1077795208214489,0.10827866514546487,0.11072328389427642,0.006786568675985929
1976-03-08,0.1061751283513975,0.1199729035938391,0.1120222475755846,0.1030376497432971,0.09843839132915,0.10906303479749,0.10806983945888674,0.11058067123027188,0.006831945113508289
1976-03-09,0.1074229891614375,0.1061751283513975,0.1199729035938391,0.1120222475755846,0.1030376497432971,0.09843839132915,0.1080189063645994,0.110386955694999,0.006835798116525354
1976-03-11,0.1099187107815174,0.1074229891614375,0.1061751283513975,0.1199729035938391,0.1120222475755846,0.1030376497432971,0.10814114579088903,0.11013144133865747,0.006865168978694099
1976-03-12,0.1081717056474614,0.1099187107815174,0.1074229891614375,0.1061751283513975,0.1199729035938391,0.1120222475755846,0.1095316192649335,0.10983670849971473,0.0054022656515890066
1976-04-02,0.0954791785510553,0.1081717056474614,0.1099187107815174,0.1074229891614375,0.1061751283513975,0.1199729035938391,0.10845183766604183,0.10862925461114274,0.007328537789377612
1976-04-03,0.1028950370792926,0.0954791785510553,0.1081717056474614,0.1099187107815174,0.1074229891614375,0.1061751283513975,0.10714795045228583,0.1082121125689294,0.007399033152574451
1976-04-05,0.1109526525955504,0.1028950370792926,0.0954791785510553,0.1081717056474614,0.1099187107815174,0.1074229891614375,0.10585934316681601,0.10820141661912906,0.005273312111000363
1976-04-06,0.1206859669138619,0.1109526525955504,0.1028950370792926,0.0954791785510553,0.1081717056474614,0.1099187107815174,0.10793232010431093,0.10896201749382008,0.007708170356728652
1976-04-08,0.1110596120935538,0.1206859669138619,0.1109526525955504,0.1028950370792926,0.0954791785510553,0.1081717056474614,0.10845183766604181,0.10919257463396077,0.007790235225247144
1976-04-10,0.1082786651454649,0.1110596120935538,0.1206859669138619,0.1109526525955504,0.1028950370792926,0.0954791785510553,0.10821754543232003,0.10941600114090126,0.0077633821153926435
1976-04-11,0.1077438676554477,0.1082786651454649,0.1110596120935538,0.1206859669138619,0.1109526525955504,0.1028950370792926,0.10815642571917523,0.10896082905495336,0.007765487012337266
1976-05-01,0.1043924700513405,0.1077438676554477,0.1082786651454649,0.1110596120935538,0.1206859669138619,0.1109526525955504,0.10942975307635883,0.10822637383532986,0.005829836473273044
1976-05-02,0.0952296063890473,0.1043924700513405,0.1077438676554477,0.1082786651454649,0.1110596120935538,0.1206859669138619,0.10833469154918093,0.10805405019965768,0.007686237640217122
1976-05-03,0.1054264118653736,0.0952296063890473,0.1043924700513405,0.1077438676554477,0.1082786651454649,0.1110596120935538,0.1075452285877271,0.10789836470811937,0.007656273056321518
1976-05-04,0.1003280091272104,0.1054264118653736,0.0952296063890473,0.1043924700513405,0.1077438676554477,0.1082786651454649,0.10463694890391974,0.10764522722951125,0.005352783086524798
1976-05-05,0.1100613234455219,0.1003280091272104,0.1054264118653736,0.0952296063890473,0.1043924700513405,0.1077438676554477,0.10449433623991518,0.10778427457691571,0.0051630835222257684
1976-05-07,0.1324158585282372,0.1100613234455219,0.1003280091272104,0.1054264118653736,0.0952296063890473,0.1043924700513405,0.10794250672316838,0.10876117132534696,0.01184627714098196
1976-05-08,0.1094552196235025,0.1324158585282372,0.1100613234455219,0.1003280091272104,0.1054264118653736,0.0952296063890473,0.10818698557574764,0.1091747480509602,0.011859146583121776
1976-05-10,0.1094908727895037,0.1094552196235025,0.1324158585282372,0.1100613234455219,0.1003280091272104,0.1054264118653736,0.10891532882405665,0.10941005894656773,0.011743257162229606
1976-05-11,0.1101682829435253,0.1094908727895037,0.1094552196235025,0.1324158585282372,0.1100613234455219,0.1003280091272104,0.11104942547469639,0.10965725423084231,0.010081458628980028
1976-06-01,0.1060681688533941,0.1101682829435253,0.1094908727895037,0.1094552196235025,0.1324158585282372,0.1100613234455219,0.11114110504441359,0.10917950180642702,0.010024558577140517
1976-06-02,0.0968696520250998,0.1060681688533941,0.1101682829435253,0.1094908727895037,0.1094552196235025,0.1324158585282372,0.11064705402982636,0.10802315078912336,0.010708200682435486
1976-06-04,0.1021463205932686,0.0968696520250998,0.1060681688533941,0.1101682829435253,0.1094908727895037,0.1094552196235025,0.10951633933664733,0.10762621220764398,0.011187516478589694
1976-06-05,0.1107743867655447,0.1021463205932686,0.0968696520250998,0.1060681688533941,0.1101682829435253,0.1094908727895037,0.10642470051340554,0.10773079482791399,0.005184114189618547
1976-06-07,0.1344480889903023,0.1107743867655447,0.1021463205932686,0.0968696520250998,0.1060681688533941,0.1101682829435253,0.10999511042294834,0.1086197471002091,0.011889362940469817
1976-06-08,0.1054620650313747,0.1344480889903023,0.1107743867655447,0.1021463205932686,0.0968696520250998,0.1060681688533941,0.10941956645750137,0.10849971477467193,0.012014693751952583
1976-06-09,0.1097760981175128,0.1054620650313747,0.1344480889903023,0.1107743867655447,0.1021463205932686,0.0968696520250998,0.10936354005378528,0.10887763833428402,0.012011534466656093
1976-06-10,0.1082073588134626,0.1097760981175128,0.1054620650313747,0.1344480889903023,0.1107743867655447,0.1021463205932686,0.10966913861950935,0.10904996196995621,0.011940723818027823
1976-06-12,0.1104891614375356,0.1082073588134626,0.1097760981175128,0.1054620650313747,0.1344480889903023,0.1107743867655447,0.1116147828212859,0.10899885909868791,0.010534326213327306
1976-07-01,0.1069238448374215,0.1104891614375356,0.1082073588134626,0.1097760981175128,0.1054620650313747,0.1344480889903023,0.11229728628473631,0.10856389047347399,0.00995761532676112
1976-07-04,0.1033228750713063,0.1069238448374215,0.1104891614375356,0.1082073588134626,0.1097760981175128,0.1054620650313747,0.11123278461413082,0.1084688153641376,0.010529429432228026
1976-07-05,0.1140188248716485,0.1033228750713063,0.1069238448374215,0.1104891614375356,0.1082073588134626,0.1097760981175128,0.108314318311466,0.10868867655447798,0.003521430796549198
1976-07-06,0.1197233314318311,0.1140188248716485,0.1033228750713063,0.1069238448374215,0.1104891614375356,0.1082073588134626,0.11035164208295976,0.10901549724282177,0.005281702119691579
1976-07-07,0.1359098687963491,0.1197233314318311,0.1140188248716485,0.1033228750713063,0.1069238448374215,0.1104891614375356,0.1140850378942221,0.10994010268111801,0.010974988652833275
1976-07-09,0.1100969766115231,0.1359098687963491,0.1197233314318311,0.1140188248716485,0.1033228750713063,0.1069238448374215,0.11435498329394501,0.11042736261646695,0.010828586267878023
1976-07-10,0.1077795208214489,0.1100969766115231,0.1359098687963491,0.1197233314318311,0.1140188248716485,0.1033228750713063,0.11396789177736122,0.1105901787412055,0.011036250363925639
1976-07-12,0.1102395892755276,0.1077795208214489,0.1100969766115231,0.1359098687963491,0.1197233314318311,0.1140188248716485,0.1144415695542335,0.11056640996387139,0.01075099980134002
1976-08-01,0.1069951511694238,0.1102395892755276,0.1077795208214489,0.1100969766115231,0.1359098687963491,0.1197233314318311,0.11496618042539317,0.11011004943905679,0.010193145116240806
1976-08-03,0.1066386195094124,0.1069951511694238,0.1102395892755276,0.1077795208214489,0.1100969766115231,0.1359098687963491,0.11391186537364516,0.10996268301958542,0.010677632156602144
1976-08-04,0.1067455790074158,0.1066386195094124,0.1069951511694238,0.1102395892755276,0.1077795208214489,0.1100969766115231,0.11205790074158582,0.10991158014831712,0.010626956285543335
1976-08-06,0.126033941814033,0.1067455790074158,0.1066386195094124,0.1069951511694238,0.1102395892755276,0.1077795208214489,0.11064705402982636,0.11052124928693664,0.006953094325955412
1976-08-07,0.1329863091842555,0.126033941814033,0.1067455790074158,0.1066386195094124,0.1069951511694238,0.1102395892755276,0.11391695868307385,0.11147437725803379,0.010908459445410964
1976-08-09,0.11312749572162,0.1329863091842555,0.126033941814033,0.1067455790074158,0.1066386195094124,0.1069951511694238,0.114680955097384,0.11207097356911953,0.010589587648941629
1976-08-10,0.1059612093553907,0.11312749572162,0.1329863091842555,0.126033941814033,0.1067455790074158,0.1066386195094124,0.11406975796593588,0.11208880015212011,0.01100401064275147
1976-08-11,0.1110596120935538,0.1059612093553907,0.11312749572162,0.1329863091842555,0.126033941814033,0.1067455790074158,0.1146503952408116,0.11244652025099823,0.010670679771283427
1976-08-12,0.1095265259555048,0.1110596120935538,0.1059612093553907,0.11312749572162,0.1329863091842555,0.126033941814033,0.11506295330453908,0.11242869366799765,0.010360618527857553
1976-09-01,0.1054620650313747,0.1095265259555048,0.1110596120935538,0.1059612093553907,0.11312749572162,0.1329863091842555,0.11487959416510464,0.11153023388476889,0.010542117861985407
1976-09-02,0.0971548773531089,0.1054620650313747,0.1095265259555048,0.1110596120935538,0.1059612093553907,0.11312749572162,0.11075401352782978,0.11112022247575579,0.011086182838152183
1976-09-03,0.1053907586993724,0.0971548773531089,0.1054620650313747,0.1095265259555048,0.1110596120935538,0.1059612093553907,0.10681179202998933,0.11098355200608474,0.0052141227987015796
1976-09-04,0.1072447233314318,0.1053907586993724,0.0971548773531089,0.1054620650313747,0.1095265259555048,0.1110596120935538,0.10597139597424816,0.11088610001901496,0.004443683101463462
1976-09-06,0.124500855675984,0.1072447233314318,0.1053907586993724,0.0971548773531089,0.1054620650313747,0.1095265259555048,0.10861991687719007,0.1115005229131013,0.00829373306876141
1976-09-07,0.1338063320022818,0.124500855675984,0.1072447233314318,0.1053907586993724,0.0971548773531089,0.1054620650313747,0.11186944829272262,0.11273174557900735,0.012696477611632884
1976-09-08,0.1030376497432971,0.1338063320022818,0.124500855675984,0.1072447233314318,0.1053907586993724,0.0971548773531089,0.11094246597669297,0.11276145655067497,0.013125671852619893
1976-09-09,0.1070308043354249,0.1030376497432971,0.1338063320022818,0.124500855675984,0.1072447233314318,0.1053907586993724,0.11116657159155727,0.11263667046967099,0.013029545326449267
1976-09-11,0.1088491158014831,0.1070308043354249,0.1030376497432971,0.1338063320022818,0.124500855675984,0.1072447233314318,0.11283717708418216,0.111783371363377,0.011605464771730297
1976-09-12,0.1111309184255562,0.1088491158014831,0.1070308043354249,0.1030376497432971,0.1338063320022818,0.124500855675984,0.11365719990220843,0.11197233314318306,0.01118686719105007
1976-10-02,0.0956217912150599,0.1111309184255562,0.1088491158014831,0.1070308043354249,0.1030376497432971,0.1338063320022818,0.111996781028441,0.1115005229131013,0.013011105257870593
1976-10-03,0.1079221334854535,0.0956217912150599,0.1111309184255562,0.1088491158014831,0.1070308043354249,0.1030376497432971,0.10962839214407949,0.11149101540216765,0.011809030221569167
1976-10-05,0.1173345693097547,0.1079221334854535,0.0956217912150599,0.1111309184255562,0.1088491158014831,0.1070308043354249,0.1072752831880042,0.11171919566457496,0.006742547825209161
1976-10-06,0.1276383342840844,0.1173345693097547,0.1079221334854535,0.0956217912150599,0.1111309184255562,0.1088491158014831,0.11078966669383096,0.11240967864613038,0.009857414973841419
1976-10-08,0.1043924700513405,0.1276383342840844,0.1173345693097547,0.1079221334854535,0.0956217912150599,0.1111309184255562,0.11041276179610461,0.11244533181213152,0.010073169456025387
1976-10-09,0.1076012549914432,0.1043924700513405,0.1276383342840844,0.1173345693097547,0.1079221334854535,0.0956217912150599,0.11023449596609891,0.11223141281612467,0.010116402424708968
1976-10-11,0.1130918425556189,0.1076012549914432,0.1043924700513405,0.1276383342840844,0.1173345693097547,0.1079221334854535,0.11051462798467929,0.11201036318691762,0.010172357370048903
1976-10-12,0.1102752424415288,0.1130918425556189,0.1076012549914432,0.1043924700513405,0.1276383342840844,0.1173345693097547,0.11260797815988913,0.11115587564175695,0.007836315465864822
1976-11-02,0.1000427837992013,0.1102752424415288,0.1130918425556189,0.1076012549914432,0.1043924700513405,0.1276383342840844,0.11148235677613881,0.11082073588134622,0.00908758168230458
1976-11-03,0.1072803764974329,0.1000427837992013,0.1102752424415288,0.1130918425556189,0.1076012549914432,0.1043924700513405,0.11004604351723571,0.11080409773721235,0.008798410095726229
1976-11-05,0.1141614375356531,0.1072803764974329,0.1000427837992013,0.1102752424415288,0.1130918425556189,0.1076012549914432,0.1081207725531741,0.11093482601254986,0.004932430381017877
1976-11-06,0.1302053622361665,0.1141614375356531,0.1072803764974329,0.1000427837992013,0.1102752424415288,0.1130918425556189,0.11180832857957781,0.11170849971477462,0.009350718266238688
1976-11-08,0.1076012549914432,0.1302053622361665,0.1141614375356531,0.1072803764974329,0.1000427837992013,0.1102752424415288,0.1118083285795778,0.11174058756417565,0.009350718266238688
1976-11-10,0.1019324015972618,0.1076012549914432,0.1302053622361665,0.1141614375356531,0.1072803764974329,0.1000427837992013,0.11021412272838393,0.11158014831717052,0.01002257179344785
1976-11-11,0.1137335995436394,0.1019324015972618,0.1076012549914432,0.1302053622361665,0.1141614375356531,0.1072803764974329,0.11070817374297118,0.11117013690815739,0.010110935076503243
1976-12-01,0.1053907586993724,0.1137335995436394,0.1019324015972618,0.1076012549914432,0.1302053622361665,0.1141614375356531,0.11147217015728132,0.11025028522532795,0.009343666082550727
1976-12-02,0.1003993154592127,0.1053907586993724,0.1137335995436394,0.1019324015972618,0.1076012549914432,0.1302053622361665,0.1104891614375356,0.10982601254991439,0.01018248012723632
1976-12-03,0.1064603536794067,0.1003993154592127,0.1053907586993724,0.1137335995436394,0.1019324015972618,0.1076012549914432,0.10938900660092896,0.10984265069404824,0.010135504467045267
1976-12-04,0.1068168853394181,0.1064603536794067,0.1003993154592127,0.1053907586993724,0.1137335995436394,0.1019324015972618,0.10604779561567919,0.10970122646891038,0.00431122594174254
1976-12-05,0.1161936679977181,0.1068168853394181,0.1064603536794067,0.1003993154592127,0.1053907586993724,0.1137335995436394,0.10727528318800418,0.10992346453698418,0.005795090233745396
1976-12-07,0.1319880205362236,0.1161936679977181,0.1068168853394181,0.1064603536794067,0.1003993154592127,0.1053907586993724,0.1115689430364273,0.11080766305381247,0.010445276637434156
1976-12-08,0.1070308043354249,0.1319880205362236,0.1161936679977181,0.1068168853394181,0.1064603536794067,0.1003993154592127,0.11061140086382522,0.11113686061988967,0.010520722251698521
1976-12-10,0.1035724472333143,0.1070308043354249,0.1319880205362236,0.1161936679977181,0.1068168853394181,0.1064603536794067,0.11035164208295978,0.11107625023768772,0.01069215461150425
1976-12-11,0.1131988020536223,0.1035724472333143,0.1070308043354249,0.1319880205362236,0.1161936679977181,0.1068168853394181,0.11218014016787543,0.11127471952842741,0.009760350910400077
1977-01-02,0.1139831717056474,0.1131988020536223,0.1035724472333143,0.1070308043354249,0.1319880205362236,0.1161936679977181,0.11325482845733839,0.11092413006274951,0.009434307784012335
1977-01-03,0.1228608100399315,0.1139831717056474,0.1131988020536223,0.1035724472333143,0.1070308043354249,0.1319880205362236,0.11554681770026887,0.11055927933067118,0.009557651803035715
1977-01-04,0.1270678836280661,0.1228608100399315,0.1139831717056474,0.1131988020536223,0.1035724472333143,0.1070308043354249,0.11710027707603286,0.11136028712683015,0.010515988941517632
1977-01-06,0.1181189389617798,0.1270678836280661,0.1228608100399315,0.1139831717056474,0.1131988020536223,0.1035724472333143,0.11511897970825517,0.11172989161437531,0.008320958802854491
1977-01-07,0.115908442669709,0.1181189389617798,0.1270678836280661,0.1228608100399315,0.1139831717056474,0.1131988020536223,0.11638721375601005,0.11196520250998285,0.007520814230071385
1977-01-08,0.1155875641756987,0.115908442669709,0.1181189389617798,0.1270678836280661,0.1228608100399315,0.1139831717056474,0.11810365903349354,0.11211375736832092,0.005085498792078401
1977-01-09,0.1140188248716485,0.1155875641756987,0.115908442669709,0.1181189389617798,0.1270678836280661,0.1228608100399315,0.11822080515035442,0.11272699182354054,0.004961618913105225
1977-01-11,0.1284583571021106,0.1140188248716485,0.1155875641756987,0.115908442669709,0.1181189389617798,0.1270678836280661,0.1202886887784206,0.11341153261076245,0.005839847419410007
1977-01-12,0.1250356531660011,0.1284583571021106,0.1140188248716485,0.1155875641756987,0.115908442669709,0.1181189389617798,0.12059938065357341,0.11366823540597065,0.006053443432129869
1977-02-02,0.1131631488876211,0.1250356531660011,0.1284583571021106,0.1140188248716485,0.1155875641756987,0.115908442669709,0.11861298997636696,0.11318572922608855,0.0058552090911208705
1977-02-03,0.125784369652025,0.1131631488876211,0.1250356531660011,0.1284583571021106,0.1140188248716485,0.1155875641756987,0.11970805150354487,0.11389879254611136,0.00643546583154316
1977-02-05,0.1248573873359954,0.125784369652025,0.1131631488876211,0.1250356531660011,0.1284583571021106,0.1140188248716485,0.1209864721701572,0.11447399695759645,0.006443723551296532
1977-02-06,0.1178337136337706,0.1248573873359954,0.125784369652025,0.1131631488876211,0.1250356531660011,0.1284583571021106,0.12130735066416747,0.11463205932686817,0.006180619939697313
1977-02-08,0.1160510553337136,0.1178337136337706,0.1248573873359954,0.125784369652025,0.1131631488876211,0.1250356531660011,0.12159766930160534,0.11482458642327432,0.005818310393747403
1977-02-09,0.1139118653736451,0.1160510553337136,0.1178337136337706,0.1248573873359954,0.125784369652025,0.1131631488876211,0.1195195990546817,0.11528688914242244,0.005551130940221953
1977-02-11,0.1270678836280661,0.1139118653736451,0.1160510553337136,0.1178337136337706,0.1248573873359954,0.125784369652025,0.11980991769211956,0.11594647271344356,0.005928041848649229
1977-02-12,0.122219053051911,0.1270678836280661,0.1139118653736451,0.1160510553337136,0.1178337136337706,0.1248573873359954,0.12110361828701811,0.11621505989731883,0.0051762091983850655
1977-03-02,0.1150884198516828,0.122219053051911,0.1270678836280661,0.1139118653736451,0.1160510553337136,0.1178337136337706,0.1195756254583978,0.11571116181783604,0.005142773153949753
1977-03-03,0.1257487164860239,0.1150884198516828,0.122219053051911,0.1270678836280661,0.1139118653736451,0.1160510553337136,0.11970295819411615,0.11631607720098872,0.005303854623487425
1977-03-05,0.1251782658300057,0.1257487164860239,0.1150884198516828,0.122219053051911,0.1270678836280661,0.1139118653736451,0.12075217993643546,0.11709093934208019,0.005591125376163759
1977-03-06,0.1168354249857387,0.1251782658300057,0.1257487164860239,0.1150884198516828,0.122219053051911,0.1270678836280661,0.12086423274386761,0.1171943335234835,0.0054881175252207495
1977-03-08,0.1170136908157444,0.1168354249857387,0.1251782658300057,0.1257487164860239,0.1150884198516828,0.122219053051911,0.12130735066416752,0.11758176459402922,0.004930067451777824
1977-03-10,0.1206503137478607,0.1170136908157444,0.1168354249857387,0.1251782658300057,0.1257487164860239,0.1150884198516828,0.12039055496699533,0.1182567978703175,0.0042268535875445235
1977-03-11,0.1270678836280661,0.1206503137478607,0.1170136908157444,0.1168354249857387,0.1251782658300057,0.1257487164860239,0.12108324504930319,0.11894371553527282,0.0049173557164691566
1977-04-01,0.1124500855675983,0.1270678836280661,0.1206503137478607,0.1170136908157444,0.1168354249857387,0.1251782658300057,0.12070634015157684,0.11913148887621215,0.005517871507304953
1977-04-02,0.1142327438676554,0.1124500855675983,0.1270678836280661,0.1206503137478607,0.1170136908157444,0.1168354249857387,0.11906120120609562,0.11906612473854339,0.005480540583528273
1977-04-03,0.124750427837992,0.1142327438676554,0.1124500855675983,0.1270678836280661,0.1206503137478607,0.1170136908157444,0.11900008149295081,0.11882487164860232,0.005402786645902355
1977-04-04,0.1289218482601254,0.124750427837992,0.1142327438676554,0.1124500855675983,0.1270678836280661,0.1206503137478607,0.12072671338929175,0.11955457311275901,0.006429457407078327
1977-04-05,0.1250356531660011,0.1289218482601254,0.124750427837992,0.1142327438676554,0.1124500855675983,0.1270678836280661,0.121872708010757,0.12027001331051525,0.006372006943881592
1977-04-07,0.1125926982316029,0.1250356531660011,0.1289218482601254,0.124750427837992,0.1142327438676554,0.1124500855675983,0.12072162007986302,0.12024980984978127,0.0072911378256064726
1977-04-08,0.1180119794637763,0.1125926982316029,0.1250356531660011,0.1289218482601254,0.124750427837992,0.1142327438676554,0.11942791948496448,0.12038410344171889,0.006761602465298034
1977-04-10,0.1201511694238448,0.1180119794637763,0.1125926982316029,0.1250356531660011,0.1289218482601254,0.124750427837992,0.12052807432157112,0.12029378208784934,0.006023234831834254
1977-04-11,0.1288505419281232,0.1201511694238448,0.1180119794637763,0.1125926982316029,0.1250356531660011,0.1289218482601254,0.12261633118735224,0.12035320403118457,0.006010861161434705
1977-05-01,0.1112022247575584,0.1288505419281232,0.1201511694238448,0.1180119794637763,0.1125926982316029,0.1250356531660011,0.12068087360443315,0.12012264689104386,0.007260488919506971
1977-05-04,0.1264617798060467,0.1112022247575584,0.1288505419281232,0.1201511694238448,0.1180119794637763,0.1125926982316029,0.12032943525385047,0.12047442479558845,0.006842621901702727
1977-05-05,0.1228964632059326,0.1264617798060467,0.1112022247575584,0.1288505419281232,0.1201511694238448,0.1180119794637763,0.12002383668812641,0.12071805476326292,0.0066422418281842956
1977-05-07,0.1134483742156303,0.1228964632059326,0.1264617798060467,0.1112022247575584,0.1288505419281232,0.1201511694238448,0.12014607611441604,0.12069903974139563,0.00648879225601461
1977-05-08,0.1168710781517398,0.1134483742156303,0.1228964632059326,0.1264617798060467,0.1112022247575584,0.1288505419281232,0.11998309021269653,0.12031279710971662,0.006565209338658307
1977-05-09,0.1157301768397033,0.1168710781517398,0.1134483742156303,0.1228964632059326,0.1264617798060467,0.1112022247575584,0.11935151984353347,0.12000261456550669,0.006756215602206217
1977-05-10,0.1210068454078722,0.1157301768397033,0.1168710781517398,0.1134483742156303,0.1228964632059326,0.1264617798060467,0.11823099176921191,0.12026407111618173,0.005440562096940567
1977-05-12,0.1227181973759269,0.1210068454078722,0.1157301768397033,0.1168710781517398,0.1134483742156303,0.1228964632059326,0.11987613071469312,0.12016186537364514,0.004643712038647016
1977-06-01,0.1110239589275527,0.1227181973759269,0.1210068454078722,0.1157301768397033,0.1168710781517398,0.1134483742156303,0.11767072773205112,0.11970075109336369,0.004660613768073286
1977-06-04,0.1223260125499144,0.1110239589275527,0.1227181973759269,0.1210068454078722,0.1157301768397033,0.1168710781517398,0.11758923478119136,0.1198504943905685,0.0045578650330334106
1977-06-05,0.1236451796919566,0.1223260125499144,0.1110239589275527,0.1227181973759269,0.1210068454078722,0.1157301768397033,0.11904592127780941,0.1201036318691766,0.004642538738824044
1977-06-07,0.1128066172276097,0.1236451796919566,0.1223260125499144,0.1110239589275527,0.1227181973759269,0.1210068454078722,0.11846528400293369,0.12006679026430875,0.00518263109726279
1977-06-09,0.1155162578436964,0.1128066172276097,0.1236451796919566,0.1223260125499144,0.1110239589275527,0.1227181973759269,0.11843472414636128,0.11968173607149642,0.0052020412227888535
1977-06-10,0.1199015972618368,0.1155162578436964,0.1128066172276097,0.1236451796919566,0.1223260125499144,0.1110239589275527,0.11827683155407051,0.1196044875451606,0.005127195395789876
1977-06-12,0.1250713063320022,0.1199015972618368,0.1155162578436964,0.1128066172276097,0.1236451796919566,0.1223260125499144,0.11861298997636696,0.11993725042783793,0.00552836527239116
1977-07-01,0.1114517969195664,0.1250713063320022,0.1199015972618368,0.1155162578436964,0.1128066172276097,0.1236451796919566,0.11867410968951178,0.11946068644228935,0.005432005153278128
1977-07-02,0.1162293211637193,0.1114517969195664,0.1250713063320022,0.1199015972618368,0.1155162578436964,0.1128066172276097,0.1178031537771982,0.11916238828674647,0.005234034882973684
1977-07-03,0.128814888762122,0.1162293211637193,0.1114517969195664,0.1250713063320022,0.1199015972618368,0.1155162578436964,0.1185416836443647,0.11956170374595924,0.006424974487286831
1977-07-04,0.124001711351968,0.128814888762122,0.1162293211637193,0.1114517969195664,0.1250713063320022,0.1199015972618368,0.1201409828049873,0.11979463776383335,0.00614679312190171
1977-07-07,0.1136979463776383,0.124001711351968,0.128814888762122,0.1162293211637193,0.1114517969195664,0.1250713063320022,0.11988122402412185,0.11956289218482595,0.006407686909325534
1977-07-09,0.1143040501996577,0.1136979463776383,0.124001711351968,0.128814888762122,0.1162293211637193,0.1114517969195664,0.11908157444381054,0.11913743107054567,0.006745110399492845
1977-07-10,0.1200442099258414,0.1143040501996577,0.1136979463776383,0.124001711351968,0.128814888762122,0.1162293211637193,0.11836341781435901,0.11939056854915378,0.006250581601951763
1977-07-11,0.1303836280661722,0.1200442099258414,0.1143040501996577,0.1136979463776383,0.124001711351968,0.128814888762122,0.12106796512101699,0.119928931355771,0.006830465337280647
1977-07-12,0.1236451796919566,0.1303836280661722,0.1200442099258414,0.1143040501996577,0.1136979463776383,0.124001711351968,0.12212737348219374,0.11989208975090317,0.0065230958576916916
1977-08-02,0.1152666856816885,0.1236451796919566,0.1303836280661722,0.1200442099258414,0.1143040501996577,0.1136979463776383,0.12019191589927467,0.11943691766495526,0.006210594194621264
1977-08-03,0.1282800912721049,0.1152666856816885,0.1236451796919566,0.1303836280661722,0.1200442099258414,0.1143040501996577,0.1208031130307228,0.11954506560182537,0.006827859442966521
1977-08-06,0.1165145464917284,0.1282800912721049,0.1152666856816885,0.1236451796919566,0.1303836280661722,0.1200442099258414,0.1212054844755928,0.11967579387716289,0.0064095381759166
1977-08-07,0.1132701083856246,0.1165145464917284,0.1282800912721049,0.1152666856816885,0.1236451796919566,0.1303836280661722,0.12105777850215951,0.11951773150789119,0.00660404872046012
1977-08-08,0.117405875641757,0.1132701083856246,0.1165145464917284,0.1282800912721049,0.1152666856816885,0.1236451796919566,0.12068087360443316,0.11942622171515492,0.0067453123122984595
1977-08-09,0.1154449515116942,0.117405875641757,0.1132701083856246,0.1165145464917284,0.1282800912721049,0.1152666856816885,0.11854677695379345,0.11897936870127394,0.005391139112148175
1977-08-11,0.1284227039361095,0.1154449515116942,0.117405875641757,0.1132701083856246,0.1165145464917284,0.1282800912721049,0.11922928041724389,0.11955338467389232,0.00635958373893789
1977-08-12,0.1245721620079862,0.1284227039361095,0.1154449515116942,0.117405875641757,0.1132701083856246,0.1165145464917284,0.12055863417814354,0.11949039741395696,0.006365791240404921
1977-09-02,0.1166571591557329,0.1245721620079862,0.1284227039361095,0.1154449515116942,0.117405875641757,0.1132701083856246,0.11889821530437612,0.11928242061228364,0.005468721065303426
1977-09-03,0.1260695949800342,0.1166571591557329,0.1245721620079862,0.1284227039361095,0.1154449515116942,0.117405875641757,0.12026322223127694,0.11970312797109711,0.005946225169679836
1977-09-05,0.1237877923559611,0.1260695949800342,0.1166571591557329,0.1245721620079862,0.1284227039361095,0.1154449515116942,0.12176574851275358,0.11993368511123782,0.005161740974565833
1977-09-06,0.1126996577296063,0.1237877923559611,0.1260695949800342,0.1166571591557329,0.1245721620079862,0.1284227039361095,0.12109343166816064,0.1198326678075679,0.006053688412742301
1977-09-08,0.1176197946377638,0.1126996577296063,0.1237877923559611,0.1260695949800342,0.1166571591557329,0.1245721620079862,0.12140412354331342,0.11971976611523097,0.005764373057025517
1977-09-09,0.1131988020536223,0.1176197946377638,0.1126996577296063,0.1237877923559611,0.1260695949800342,0.1166571591557329,0.11922928041724382,0.11940245293782081,0.005542640948460819
1977-09-11,0.1316671420422133,0.1131988020536223,0.1176197946377638,0.1126996577296063,0.1237877923559611,0.1260695949800342,0.12024284899356198,0.12009055904164284,0.007109711449820197
1977-09-12,0.1243582430119794,0.1316671420422133,0.1131988020536223,0.1176197946377638,0.1126996577296063,0.1237877923559611,0.12134300383016862,0.120158300057045,0.007058031985622004
1977-10-01,0.1108813462635481,0.1243582430119794,0.1316671420422133,0.1131988020536223,0.1176197946377638,0.1126996577296063,0.11917325401352775,0.11973283894276472,0.0076707866647422645
1977-10-02,0.1154092983456931,0.1108813462635481,0.1243582430119794,0.1316671420422133,0.1131988020536223,0.1176197946377638,0.11797632629777519,0.11981959498003418,0.007482098132591837
1977-10-03,0.1269965772960638,0.1154092983456931,0.1108813462635481,0.1243582430119794,0.1316671420422133,0.1131988020536223,0.12001874337869768,0.12020227229511309,0.007748249038343281
1977-10-05,0.1236095265259555,0.1269965772960638,0.1154092983456931,0.1108813462635481,0.1243582430119794,0.1316671420422133,0.12087441936272507,0.12032586993725038,0.007769874278075981
1977-10-06,0.1110239589275527,0.1236095265259555,0.1269965772960638,0.1154092983456931,0.1108813462635481,0.1243582430119794,0.12056372748757227,0.11985762502376872,0.008161560731080961
1977-10-08,0.1170493439817455,0.1110239589275527,0.1236095265259555,0.1269965772960638,0.1154092983456931,0.1108813462635481,0.11847547062179117,0.12004420992584136,0.006560053364800388
1977-10-10,0.1209355390758699,0.1170493439817455,0.1110239589275527,0.1236095265259555,0.1269965772960638,0.1154092983456931,0.11798651291663266,0.12020108385624638,0.006164105358662196
1977-10-11,0.1308114660581859,0.1209355390758699,0.1170493439817455,0.1110239589275527,0.1236095265259555,0.1269965772960638,0.12083367288729518,0.12026763643278185,0.006894792235947135
1977-11-01,0.1084212778094694,0.1308114660581859,0.1209355390758699,0.1170493439817455,0.1110239589275527,0.1236095265259555,0.11983538423926324,0.1197482886480319,0.008194475890177346
1977-11-02,0.114125784369652,0.1084212778094694,0.1308114660581859,0.1209355390758699,0.1170493439817455,0.1110239589275527,0.11799669953549012,0.11976254991443235,0.0077518613386641485
1977-11-03,0.1260695949800342,0.114125784369652,0.1084212778094694,0.1308114660581859,0.1209355390758699,0.1170493439817455,0.1183481378860728,0.12015473474044489,0.008096824242844414
1977-11-05,0.1246078151739874,0.1260695949800342,0.114125784369652,0.1084212778094694,0.1308114660581859,0.1209355390758699,0.12028868877842061,0.1203068549153831,0.007665193788471615
1977-11-07,0.1139118653736451,0.1246078151739874,0.1260695949800342,0.114125784369652,0.1084212778094694,0.1308114660581859,0.11984047754869198,0.11975779615896552,0.007971777758314065
1977-11-08,0.1170849971477467,0.1139118653736451,0.1246078151739874,0.1260695949800342,0.114125784369652,0.1084212778094694,0.11929040013038868,0.11953912340749186,0.00801634642565325
1977-11-10,0.1227538505419281,0.1170849971477467,0.1139118653736451,0.1246078151739874,0.1260695949800342,0.114125784369652,0.1181393121994947,0.11978869556949984,0.006526310401808133
1977-11-11,0.1317741015402167,0.1227538505419281,0.1170849971477467,0.1139118653736451,0.1246078151739874,0.1260695949800342,0.12147542987531576,0.1199051625784369,0.006697211916115697
1977-12-01,0.10906303479749,0.1317741015402167,0.1227538505419281,0.1170849971477467,0.1139118653736451,0.1246078151739874,0.12075217993643546,0.11965677885529563,0.007804961177424786
1977-12-04,0.1248217341699942,0.10906303479749,0.1317741015402167,0.1227538505419281,0.1170849971477467,0.1139118653736451,0.12057391410642973,0.12004183304810795,0.007676462204444621
1977-12-05,0.123502567027952,0.1248217341699942,0.10906303479749,0.1317741015402167,0.1227538505419281,0.1170849971477467,0.12041602151413898,0.12024505609431445,0.007590548634920889
1977-12-07,0.1145179691956645,0.123502567027952,0.1248217341699942,0.10906303479749,0.1317741015402167,0.1227538505419281,0.12050260777442745,0.12021415668378013,0.007506986360083066
1977-12-08,0.1155519110096976,0.1145179691956645,0.123502567027952,0.1248217341699942,0.10906303479749,0.1317741015402167,0.12028359546899188,0.11978513025289973,0.007644416661786768
1977-12-09,0.1149101540216771,0.1155519110096976,0.1145179691956645,0.123502567027952,0.1248217341699942,0.10906303479749,0.1191630673946703,0.11946306332002275,0.007795354036208263
1977-12-10,0.1241086708499714,0.1149101540216771,0.1155519110096976,0.1145179691956645,0.123502567027952,0.1248217341699942,0.1180680058674924,0.11971144704316403,0.00607771832705034
1977-12-12,0.1236451796919566,0.1241086708499714,0.1149101540216771,0.1155519110096976,0.1145179691956645,0.123502567027952,0.12015116942384477,0.11963063320022813,0.004852324725615038
1978-01-02,0.1329150028522532,0.1236451796919566,0.1241086708499714,0.1149101540216771,0.1155519110096976,0.1145179691956645,0.1213073506641675,0.11993487355010451,0.0067455456262355724
1978-01-03,0.1331645750142612,0.1329150028522532,0.1236451796919566,0.1241086708499714,0.1149101540216771,0.1155519110096976,0.1226876375193545,0.12061703745959303,0.008118423149029318
1978-01-06,0.1472119224187107,0.1331645750142612,0.1329150028522532,0.1236451796919566,0.1241086708499714,0.1149101540216771,0.12735820226550396,0.12160344171895793,0.011383105980135975
1978-01-08,0.1584426697090701,0.1472119224187107,0.1331645750142612,0.1329150028522532,0.1236451796919566,0.1241086708499714,0.13348545350827146,0.12311157064080618,0.014952724161053246
1978-01-09,0.1514189960068453,0.1584426697090701,0.1472119224187107,0.1331645750142612,0.1329150028522532,0.1236451796919566,0.1387010023632955,0.12376996577296058,0.013709244481594426
1978-01-11,0.173345693097547,0.1514189960068453,0.1584426697090701,0.1472119224187107,0.1331645750142612,0.1329150028522532,0.14573486268437771,0.12540288077581282,0.017169024557316812
1978-01-12,0.1667498573873359,0.173345693097547,0.1514189960068453,0.1584426697090701,0.1472119224187107,0.1331645750142612,0.15189267378371762,0.1272651644799391,0.01558256435043195
1978-02-02,0.1306688533941814,0.1667498573873359,0.173345693097547,0.1514189960068453,0.1584426697090701,0.1472119224187107,0.15157179528970735,0.12777381631488868,0.016054468159472153
1978-02-03,0.1323802053622361,0.1306688533941814,0.1667498573873359,0.173345693097547,0.1514189960068453,0.1584426697090701,0.15145974248227523,0.1279532705837611,0.016206373037352093
1978-02-05,0.132094980034227,0.1323802053622361,0.1306688533941814,0.1667498573873359,0.173345693097547,0.1514189960068453,0.14930017928449185,0.12823611903403684,0.017795988401393775
1978-02-06,0.1489589275527666,0.132094980034227,0.1323802053622361,0.1306688533941814,0.1667498573873359,0.173345693097547,0.14794535897644848,0.12950061798821064,0.017339097315059122
1978-02-08,0.1542712492869366,0.1489589275527666,0.132094980034227,0.1323802053622361,0.1306688533941814,0.1667498573873359,0.14835282373074724,0.13074134816505031,0.01746737108404294
1978-02-10,0.156909583571021,0.1542712492869366,0.1489589275527666,0.132094980034227,0.1323802053622361,0.1306688533941814,0.14600480808410068,0.13194048298155536,0.014379596036084602
1978-02-11,0.1633628066172276,0.156909583571021,0.1542712492869366,0.1489589275527666,0.132094980034227,0.1323802053622361,0.1455209436883709,0.13302552766685674,0.013601108178956545
1978-03-01,0.1282800912721049,0.1633628066172276,0.156909583571021,0.1542712492869366,0.1489589275527666,0.132094980034227,0.14517969195664568,0.13368748811561126,0.01405814176255134
1978-03-02,0.1293853394181403,0.1282800912721049,0.1633628066172276,0.156909583571021,0.1542712492869366,0.1489589275527666,0.144751853964632,0.13419613995056087,0.014549579011631172
1978-03-03,0.1330576155162578,0.1293853394181403,0.1282800912721049,0.1633628066172276,0.156909583571021,0.1542712492869366,0.14488937331920784,0.134429073968435,0.014413927701366234
1978-03-04,0.147782373074729,0.1330576155162578,0.1293853394181403,0.1282800912721049,0.1633628066172276,0.156909583571021,0.1447212941080596,0.13520155923179306,0.014365341928047434
1978-03-05,0.1345550484883057,0.147782373074729,0.1330576155162578,0.1293853394181403,0.1282800912721049,0.1633628066172276,0.1419046939939695,0.13588966533561508,0.014111440659514906
1978-03-07,0.1426126640045636,0.1345550484883057,0.147782373074729,0.1330576155162578,0.1293853394181403,0.1282800912721049,0.139862276913047,0.13674058756417565,0.012522984086013909
1978-03-08,0.152595550484883,0.1426126640045636,0.1345550484883057,0.147782373074729,0.1330576155162578,0.1293853394181403,0.1383240974655692,0.13773531089560748,0.009436190703006041
1978-03-10,0.1602609811751283,0.152595550484883,0.1426126640045636,0.1345550484883057,0.147782373074729,0.1330576155162578,0.14289279602314395,0.13868487355010453,0.011317272424657344
1978-03-11,0.1616514546491728,0.1602609811751283,0.152595550484883,0.1426126640045636,0.1345550484883057,0.147782373074729,0.1475022410561486,0.14043782087849394,0.011468732389481472
1978-04-01,0.131845407872219,0.1616514546491728,0.1602609811751283,0.152595550484883,0.1426126640045636,0.1345550484883057,0.14732906853557165,0.14067194333523475,0.011729380724188594
1978-04-04,0.1455362236166571,0.131845407872219,0.1616514546491728,0.1602609811751283,0.152595550484883,0.1426126640045636,0.14700819004156138,0.1414063985548583,0.01174562542595065
1978-04-05,0.1358029092983456,0.1455362236166571,0.131845407872219,0.1616514546491728,0.1602609811751283,0.152595550484883,0.14718645587156703,0.14211589655828097,0.011532659645012919
1978-04-07,0.1437535653166001,0.1358029092983456,0.1455362236166571,0.131845407872219,0.1616514546491728,0.1602609811751283,0.14734944177328657,0.1430559517018444,0.011465111175626515
1978-04-08,0.1514546491728465,0.1437535653166001,0.1358029092983456,0.1455362236166571,0.131845407872219,0.1616514546491728,0.14718645587156706,0.14427410154021672,0.011385939911189111
1978-04-09,0.1538077581289218,0.1514546491728465,0.1437535653166001,0.1358029092983456,0.1455362236166571,0.131845407872219,0.1462645668649661,0.14526407111618175,0.010366508912949761
1978-04-10,0.1633271534512264,0.1538077581289218,0.1514546491728465,0.1437535653166001,0.1358029092983456,0.1455362236166571,0.14650395240811664,0.14658680357482404,0.010791674642330967
1978-04-12,0.166500285225328,0.1633271534512264,0.1538077581289218,0.1514546491728465,0.1437535653166001,0.1358029092983456,0.1514546491728465,0.1477063129872599,0.010894769835011177
1978-05-01,0.1264261266400456,0.166500285225328,0.1633271534512264,0.1538077581289218,0.1514546491728465,0.1437535653166001,0.14872463531904487,0.1474816980414527,0.014441862807848704
1978-05-04,0.1426126640045636,0.1264261266400456,0.166500285225328,0.1633271534512264,0.1538077581289218,0.1514546491728465,0.14969745741993315,0.14732838942764778,0.013633078145204591
1978-05-05,0.1360168282943525,0.1426126640045636,0.1264261266400456,0.166500285225328,0.1633271534512264,0.1538077581289218,0.1485922092738978,0.14658086138049053,0.01448242419834555
1978-05-06,0.1451083856246434,0.1360168282943525,0.1426126640045636,0.1264261266400456,0.166500285225328,0.1633271534512264,0.14768560019558305,0.1463705077010838,0.014472004864926745
1978-05-07,0.1435752994865944,0.1451083856246434,0.1360168282943525,0.1426126640045636,0.1264261266400456,0.166500285225328,0.14622382038953627,0.14537816124738537,0.014265866614701835
1978-05-09,0.1529520821448944,0.1435752994865944,0.1451083856246434,0.1360168282943525,0.1426126640045636,0.1264261266400456,0.14474166734577457,0.14491823540597068,0.012638946175244553
1978-05-10,0.1630062749572162,0.1529520821448944,0.1435752994865944,0.1451083856246434,0.1360168282943525,0.1426126640045636,0.14424252302175858,0.14599614945807185,0.011668134571719255
1978-05-12,0.1637549914432401,0.1630062749572162,0.1529520821448944,0.1435752994865944,0.1451083856246434,0.1360168282943525,0.14957521799364354,0.14704197566077196,0.010654585714840755
1978-06-01,0.1279592127780946,0.1637549914432401,0.1630062749572162,0.1529520821448944,0.1435752994865944,0.1451083856246434,0.14748186781843367,0.14690411675223422,0.013349287741703414
1978-06-02,0.1299914432401597,0.1279592127780946,0.1637549914432401,0.1630062749572162,0.1529520821448944,0.1435752994865944,0.14662109852497757,0.14627186727514732,0.014367221103774183
1978-06-03,0.1329506560182544,0.1299914432401597,0.1279592127780946,0.1637549914432401,0.1630062749572162,0.1529520821448944,0.14488428000977913,0.1455611808328579,0.015286045823975306
1978-06-04,0.1448231602966343,0.1329506560182544,0.1299914432401597,0.1279592127780946,0.1637549914432401,0.1630062749572162,0.14506254583978478,0.145158300057045,0.015275508918212088
1978-06-06,0.1436466058185966,0.1448231602966343,0.1329506560182544,0.1299914432401597,0.1279592127780946,0.1637549914432401,0.14373319207888513,0.1445010933637573,0.014874121090812362
1978-06-07,0.1424343981745578,0.1436466058185966,0.1448231602966343,0.1329506560182544,0.1299914432401597,0.1279592127780946,0.14079435253850536,0.14497290359383908,0.01222848155201001
1978-06-09,0.1529164289788933,0.1424343981745578,0.1436466058185966,0.1448231602966343,0.1329506560182544,0.1299914432401597,0.1392459864721701,0.1457572732458642,0.009130409833740886
1978-06-10,0.1627567027952081,0.1529164289788933,0.1424343981745578,0.1436466058185966,0.1448231602966343,0.1329506560182544,0.14421705647461489,0.1467472428218292,0.011199464758111462
1978-06-11,0.1605462065031374,0.1627567027952081,0.1529164289788933,0.1424343981745578,0.1436466058185966,0.1448231602966343,0.14858202265504028,0.14717270393610946,0.010672945748269122
1978-06-12,0.1628993154592127,0.1605462065031374,0.1627567027952081,0.1529164289788933,0.1424343981745578,0.1436466058185966,0.1528604025751772,0.14811751283513971,0.009273475910651023
1978-07-02,0.1295279520821448,0.1628993154592127,0.1605462065031374,0.1627567027952081,0.1529164289788933,0.1424343981745578,0.1506753728302501,0.1476813557710591,0.01266471233029558
1978-07-03,0.1356246434683399,0.1295279520821448,0.1628993154592127,0.1605462065031374,0.1627567027952081,0.1529164289788933,0.14952937820878484,0.14711565887050768,0.013725264984504618
1978-07-04,0.141721334854535,0.1356246434683399,0.1295279520821448,0.1628993154592127,0.1605462065031374,0.1627567027952081,0.14942751202021018,0.1464976706598212,0.013789195986123536
1978-07-06,0.145500570450656,0.141721334854535,0.1356246434683399,0.1295279520821448,0.1628993154592127,0.1605462065031374,0.1483681036590334,0.14595930785320396,0.013761319350982423
1978-07-07,0.1413291500285225,0.145500570450656,0.141721334854535,0.1356246434683399,0.1295279520821448,0.1628993154592127,0.14530702469236403,0.14627543259174744,0.012336714268853464
1978-07-08,0.1534512264689104,0.1413291500285225,0.145500570450656,0.141721334854535,0.1356246434683399,0.1295279520821448,0.1442934561160459,0.14653926602015588,0.0111060886094895
1978-07-09,0.1515259555048488,0.1534512264689104,0.1413291500285225,0.145500570450656,0.141721334854535,0.1356246434683399,0.14266869040827962,0.14706336756037264,0.00844317500989594
1978-07-11,0.1634341129492298,0.1515259555048488,0.1534512264689104,0.1413291500285225,0.145500570450656,0.141721334854535,0.14751242767500608,0.14771938581479363,0.009327508242389995
1978-07-12,0.163469766115231,0.1634341129492298,0.1515259555048488,0.1534512264689104,0.1413291500285225,0.145500570450656,0.15149030233884764,0.1481198897128731,0.009350287775732808
1978-08-02,0.1287435824301197,0.163469766115231,0.1634341129492298,0.1515259555048488,0.1534512264689104,0.1413291500285225,0.14963633770678833,0.1472844171895797,0.012399513000061627
1978-08-03,0.1443596691386194,0.1287435824301197,0.163469766115231,0.1634341129492298,0.1515259555048488,0.1534512264689104,0.1494733518050688,0.14665216771249281,0.012470232859256438
1978-08-05,0.1347333143183114,0.1443596691386194,0.1287435824301197,0.163469766115231,0.1634341129492298,0.1515259555048488,0.14853108956075292,0.14559326868225891,0.013402524146337415
1978-08-06,0.1437535653166001,0.1347333143183114,0.1443596691386194,0.1287435824301197,0.163469766115231,0.1634341129492298,0.1471457093961372,0.1461708499714774,0.013310071150973256
1978-08-08,0.1536294922989161,0.1437535653166001,0.1347333143183114,0.1443596691386194,0.1287435824301197,0.163469766115231,0.1474462146524325,0.14653807758128914,0.013448474047005485
1978-08-09,0.1505989731888191,0.1536294922989161,0.1437535653166001,0.1347333143183114,0.1443596691386194,0.1287435824301197,0.1456126232580881,0.1470241490777714,0.011661627372055235
1978-08-11,0.1645393610952652,0.1505989731888191,0.1536294922989161,0.1437535653166001,0.1347333143183114,0.1443596691386194,0.14576542254095015,0.14767184826012547,0.011938325807938393
1978-08-12,0.1635054192812321,0.1645393610952652,0.1505989731888191,0.1536294922989161,0.1437535653166001,0.1347333143183114,0.1507313992339662,0.14833618558661335,0.01085878838051173
1978-09-01,0.1281374786081003,0.1635054192812321,0.1645393610952652,0.1505989731888191,0.1536294922989161,0.1437535653166001,0.14841394344389205,0.14750903213538688,0.013782669105460912
1978-09-02,0.1276026811180832,0.1281374786081003,0.1635054192812321,0.1645393610952652,0.1505989731888191,0.1536294922989161,0.14739528155814516,0.14632891234074913,0.015157270687051977
1978-09-03,0.1433257273245864,0.1276026811180832,0.1281374786081003,0.1635054192812321,0.1645393610952652,0.1505989731888191,0.14733416184500034,0.14564793687012736,0.015175254820617178
1978-09-05,0.1345550484883057,0.1433257273245864,0.1276026811180832,0.1281374786081003,0.1635054192812321,0.1645393610952652,0.14460924130062744,0.1458677980604677,0.015563998854574723
1978-09-06,0.142220479178551,0.1345550484883057,0.1433257273245864,0.1276026811180832,0.1281374786081003,0.1635054192812321,0.14341231358487483,0.1462754325917474,0.015347253862702975
1978-09-08,0.1536294922989161,0.142220479178551,0.1345550484883057,0.1433257273245864,0.1276026811180832,0.1281374786081003,0.1418537608996821,0.14696472713443615,0.01325559130969659
1978-09-10,0.1612949229891614,0.1536294922989161,0.142220479178551,0.1345550484883057,0.1433257273245864,0.1276026811180832,0.14153797571510057,0.1475137858908537,0.012667087514214916
1978-09-11,0.1619723331431831,0.1612949229891614,0.1536294922989161,0.142220479178551,0.1345550484883057,0.1433257273245864,0.14637152636296955,0.14812464346833995,0.01314773614405402
1978-10-01,0.1316314888762122,0.1619723331431831,0.1612949229891614,0.1536294922989161,0.142220479178551,0.1345550484883057,0.14694707032841656,0.1477645464917284,0.012246483791775835
1978-10-02,0.1292070735881346,0.1316314888762122,0.1619723331431831,0.1612949229891614,0.1536294922989161,0.142220479178551,0.14493011979463774,0.1469742346453698,0.013981982004096184
1978-10-03,0.1412934968625213,0.1292070735881346,0.1316314888762122,0.1619723331431831,0.1612949229891614,0.1536294922989161,0.1458927552766685,0.14625879444761355,0.013367068843600222
1978-10-04,0.1418996006845407,0.1412934968625213,0.1292070735881346,0.1316314888762122,0.1619723331431831,0.1612949229891614,0.1458469154918099,0.145637240920327,0.013382302614971147
1978-10-05,0.1350898459783228,0.1418996006845407,0.1412934968625213,0.1292070735881346,0.1316314888762122,0.1619723331431831,0.143198394588868,0.14471025860429734,0.013419882895777101
1978-10-07,0.142969195664575,0.1350898459783228,0.1418996006845407,0.1412934968625213,0.1292070735881346,0.1316314888762122,0.14058043354249852,0.145158300057045,0.010840907813619191
1978-10-08,0.1504207073588134,0.142969195664575,0.1350898459783228,0.1418996006845407,0.1412934968625213,0.1292070735881346,0.13893020128758857,0.14565150218672743,0.00736326974616353
1978-10-10,0.1681759840273816,0.1504207073588134,0.142969195664575,0.1350898459783228,0.1418996006845407,0.1412934968625213,0.14415084345204135,0.14653332382582235,0.01249376725320116
1978-10-11,0.1588348545350827,0.1681759840273816,0.1504207073588134,0.142969195664575,0.1350898459783228,0.1418996006845407,0.14838338358731964,0.14697779996196988,0.011572009857318486
1978-11-01,0.1308471192241871,0.1588348545350827,0.1681759840273816,0.1504207073588134,0.142969195664575,0.1350898459783228,0.14689104392470048,0.14662839893515872,0.013198061746522178
1978-11-04,0.142719623502567,0.1308471192241871,0.1588348545350827,0.1681759840273816,0.1504207073588134,0.142969195664575,0.14700819004156138,0.1462706788362806,0.01314992511651466
1978-11-05,0.1372646891043924,0.142719623502567,0.1308471192241871,0.1588348545350827,0.1681759840273816,0.1504207073588134,0.14731888191671416,0.14579530328959875,0.012843522119688299
1978-11-07,0.1431474614945807,0.1372646891043924,0.142719623502567,0.1308471192241871,0.1588348545350827,0.1681759840273816,0.14734434846385785,0.14511908157444378,0.012833632901251533
1978-11-08,0.1553408442669708,0.1431474614945807,0.1372646891043924,0.142719623502567,0.1308471192241871,0.1588348545350827,0.14804722516502317,0.1448481175128351,0.01316076563213465
1978-11-09,0.1497076440387906,0.1553408442669708,0.1431474614945807,0.1372646891043924,0.142719623502567,0.1308471192241871,0.14540889088093878,0.14554691956645746,0.00990032756258786
1978-11-10,0.1676768397033656,0.1497076440387906,0.1553408442669708,0.1431474614945807,0.1372646891043924,0.142719623502567,0.1466720316192649,0.14632415858528233,0.012196552027255602
1978-11-12,0.1649671990872789,0.1676768397033656,0.1497076440387906,0.1553408442669708,0.1431474614945807,0.1372646891043924,0.15154632874256374,0.14733195474424793,0.011622601411106418
1978-12-01,0.132094980034227,0.1649671990872789,0.1676768397033656,0.1497076440387906,0.1553408442669708,0.1431474614945807,0.15002852253280086,0.14694333523483546,0.013508190556815767
1978-12-04,0.1440744438106103,0.132094980034227,0.1649671990872789,0.1676768397033656,0.1497076440387906,0.1553408442669708,0.15100134463368914,0.14662483361855863,0.012653973041944372
1978-12-05,0.1360524814603536,0.1440744438106103,0.132094980034227,0.1649671990872789,0.1676768397033656,0.1497076440387906,0.14998777605737096,0.1461399505609431,0.013634099306992298
1978-12-06,0.1416500285225327,0.1360524814603536,0.1440744438106103,0.132094980034227,0.1649671990872789,0.1676768397033656,0.14803194523673696,0.1453769728085187,0.013719923218826974
1978-12-07,0.1433257273245864,0.1416500285225327,0.1360524814603536,0.1440744438106103,0.132094980034227,0.1649671990872789,0.1471202428489935,0.14470431640996384,0.013801810694239644
1978-12-09,0.1507059326868225,0.1433257273245864,0.1416500285225327,0.1360524814603536,0.1440744438106103,0.132094980034227,0.1446958275609159,0.14545659821258788,0.01073994756034872
1978-12-10,0.1690316600114089,0.1507059326868225,0.1433257273245864,0.1416500285225327,0.1360524814603536,0.1440744438106103,0.14527646483579162,0.14683756417569874,0.012048672828559759
1978-12-12,0.1630062749572162,0.1690316600114089,0.1507059326868225,0.1433257273245864,0.1416500285225327,0.1360524814603536,0.14969236411050438,0.14749358243011973,0.01207695161671658
1979-01-02,0.1915288077581289,0.1630062749572162,0.1690316600114089,0.1507059326868225,0.1433257273245864,0.1416500285225327,0.1564715589601499,0.14939270773911384,0.019459963904701717
1979-01-03,0.226468910439247,0.1915288077581289,0.1630062749572162,0.1690316600114089,0.1507059326868225,0.1433257273245864,0.16938819167142036,0.15220098878113705,0.03051490306662824
1979-01-05,0.2405875641756987,0.226468910439247,0.1915288077581289,0.1630062749572162,0.1690316600114089,0.1507059326868225,0.18352212533615836,0.15509959117702982,0.037613216292611155
1979-01-06,0.2624786081003993,0.2405875641756987,0.226468910439247,0.1915288077581289,0.1630062749572162,0.1690316600114089,0.20054396544698877,0.15847238068073774,0.042970336107856534
1979-01-08,0.2789147176269252,0.2624786081003993,0.2405875641756987,0.226468910439247,0.1915288077581289,0.1630062749572162,0.2188595061527177,0.16237046016352913,0.04543976008551701
1979-01-10,0.5639617798060468,0.2789147176269252,0.2624786081003993,0.2405875641756987,0.226468910439247,0.1915288077581289,0.2752780946948089,0.1767814698611903,0.133366659925322
1979-01-11,0.5365088419851683,0.5639617798060468,0.2789147176269252,0.2624786081003993,0.2405875641756987,0.226468910439247,0.3286356042702306,0.19035819547442476,0.15407107175146453
1979-02-01,0.1715273816314888,0.5365088419851683,0.5639617798060468,0.2789147176269252,0.2624786081003993,0.2405875641756987,0.3257782576807106,0.19136599163339033,0.15719146492310723
1979-02-02,0.1904948659440958,0.1715273816314888,0.5365088419851683,0.5639617798060468,0.2789147176269252,0.2624786081003993,0.3206391084671175,0.19298583380870885,0.16150815950275005
1979-02-03,0.2286794067313177,0.1904948659440958,0.1715273816314888,0.5365088419851683,0.5639617798060468,0.2789147176269252,0.31893794311792023,0.19610548583380866,0.1625512189900328
1979-02-04,0.220657444381061,0.2286794067313177,0.1904948659440958,0.1715273816314888,0.5365088419851683,0.5639617798060468,0.31296349115801486,0.1986950941243582,0.1657100550955746
1979-02-05,0.2358100399315459,0.220657444381061,0.2286794067313177,0.1904948659440958,0.1715273816314888,0.5365088419851683,0.30680568005867487,0.20154140521011596,0.1679716443099389
1979-02-07,0.2647247575584711,0.2358100399315459,0.220657444381061,0.2286794067313177,0.1904948659440958,0.1715273816314888,0.26405753402330695,0.20475969766115226,0.12391970264924758
1979-02-08,0.2799843126069595,0.2647247575584711,0.2358100399315459,0.220657444381061,0.2286794067313177,0.1904948659440958,0.2274111726835628,0.20879801293021485,0.038209537853546444
1979-02-10,0.5999714774671991,0.2799843126069595,0.2647247575584711,0.2358100399315459,0.220657444381061,0.2286794067313177,0.28861747208866423,0.22443549153831524,0.1403653077318521
1979-02-11,0.5256346263548204,0.5999714774671991,0.2799843126069595,0.2647247575584711,0.2358100399315459,0.220657444381061,0.3364945807187678,0.23719932496672366,0.15743680242789423
1979-03-01,0.1681759840273816,0.5256346263548204,0.5999714774671991,0.2799843126069595,0.2647247575584711,0.2358100399315459,0.32785123461820553,0.23822970146415665,0.1657820691851371
1979-03-04,0.2195521962350256,0.1681759840273816,0.5256346263548204,0.5999714774671991,0.2799843126069595,0.2647247575584711,0.32769334202591477,0.2407765259555048,0.16590166028838446
1979-03-05,0.2372361665715915,0.2195521962350256,0.1681759840273816,0.5256346263548204,0.5999714774671991,0.2799843126069595,0.32789707440306415,0.2435063700323255,0.16577084291168023
1979-03-07,0.2613377067883628,0.2372361665715915,0.2195521962350256,0.1681759840273816,0.5256346263548204,0.5999714774671991,0.3274132100073343,0.24722737212397788,0.16599076434467416
1979-03-08,0.2755989731888191,0.2613377067883628,0.2372361665715915,0.2195521962350256,0.1681759840273816,0.5256346263548204,0.3267867329476,0.250824776573493,0.16620773678357065
1979-03-09,0.3434469480889902,0.2755989731888191,0.2613377067883628,0.2372361665715915,0.2195521962350256,0.1681759840273816,0.29014037160785583,0.2567741015402167,0.11690240811214947
1979-03-10,0.5607529948659441,0.3434469480889902,0.2755989731888191,0.2613377067883628,0.2372361665715915,0.2195521962350256,0.2951572813951593,0.27106270203460725,0.12883743005277068
1979-03-12,0.6634341129492298,0.5607529948659441,0.3434469480889902,0.2755989731888191,0.2613377067883628,0.2372361665715915,0.365908442669709,0.2883746910058946,0.1751465992257321
1979-04-01,0.1679264118653736,0.6634341129492298,0.5607529948659441,0.3434469480889902,0.2755989731888191,0.2613377067883628,0.3585333306169015,0.28943715535272857,0.18323662981167915
1979-04-04,0.2160225328009127,0.1679264118653736,0.6634341129492298,0.5607529948659441,0.3434469480889902,0.2755989731888191,0.3555028115068046,0.2919162388286746,0.18573548045299632
1979-04-05,0.2401953793496862,0.2160225328009127,0.1679264118653736,0.6634341129492298,0.5607529948659441,0.3434469480889902,0.3524824790155651,0.29514522722951125,0.18768363998146906
1979-04-06,0.2552053622361665,0.2401953793496862,0.2160225328009127,0.1679264118653736,0.6634341129492298,0.5607529948659441,0.349569106022329,0.2986285415478227,0.18922792345276793
1979-04-07,0.2664361095265259,0.2552053622361665,0.2401953793496862,0.2160225328009127,0.1679264118653736,0.6634341129492298,0.3385675576562627,0.30187535653166,0.19186350091881024
1979-04-09,0.3449800342270394,0.2664361095265259,0.2552053622361665,0.2401953793496862,0.2160225328009127,0.1679264118653736,0.307742848993562,0.30794114850732074,0.16577757719690997
1979-04-10,0.4858813462635482,0.3449800342270394,0.2664361095265259,0.2552053622361665,0.2401953793496862,0.2160225328009127,0.28237816803846466,0.3177528997908347,0.10456792870602963
1979-04-12,0.6504207073588135,0.4858813462635482,0.3449800342270394,0.2664361095265259,0.2552053622361665,0.2401953793496862,0.3513059245375275,0.33188462635482024,0.16057478383893434
1979-05-01,0.1679977181973759,0.6504207073588135,0.4858813462635482,0.3449800342270394,0.2664361095265259,0.2552053622361665,0.3444452367370222,0.3294649648222095,0.16816479338322282
1979-05-02,0.2070022818026241,0.1679977181973759,0.6504207073588135,0.4858813462635482,0.3449800342270394,0.2664361095265259,0.3397033656588705,0.327615753945617,0.1720181783554181
1979-05-03,0.2173416999429549,0.2070022818026241,0.1679977181973759,0.6504207073588135,0.4858813462635482,0.3449800342270394,0.3342942710455546,0.32556332002281796,0.175674499492147
1979-05-04,0.2181617227609811,0.2173416999429549,0.2070022818026241,0.1679977181973759,0.6504207073588135,0.4858813462635482,0.3273979300790481,0.31403665145464915,0.1796841213009375
1979-05-06,0.2574871648602395,0.2181617227609811,0.2173416999429549,0.2070022818026241,0.1679977181973759,0.6504207073588135,0.3148989487409339,0.3047359288838182,0.1812930931079629
1979-05-07,0.269751853964632,0.2574871648602395,0.2181617227609811,0.2173416999429549,0.2070022818026241,0.1679977181973759,0.28402330698394584,0.3080100779615896,0.16499154361094442
1979-05-09,0.3639475185396463,0.269751853964632,0.2574871648602395,0.2181617227609811,0.2173416999429549,0.2070022818026241,0.24309856572406482,0.313791833048108,0.06291560516511377
1979-05-10,0.5001426126640046,0.3639475185396463,0.269751853964632,0.2574871648602395,0.2181617227609811,0.2173416999429549,0.29054783636215464,0.32284060657919755,0.10678772715000466
1979-05-11,0.5322304620650313,0.5001426126640046,0.3639475185396463,0.269751853964632,0.2574871648602395,0.2181617227609811,0.33700900497106995,0.3332263738353299,0.1321248541970926
1979-05-12,0.63562464346834,0.5322304620650313,0.5001426126640046,0.3639475185396463,0.269751853964632,0.2574871648602395,0.39676371118898207,0.3465535272865564,0.16051922202430835
1979-06-02,0.2064318311466058,0.63562464346834,0.5322304620650313,0.5001426126640046,0.3639475185396463,0.269751853964632,0.39508801238692853,0.3446104297394942,0.16274029533812379
1979-06-03,0.2181973759269823,0.2064318311466058,0.63562464346834,0.5322304620650313,0.5001426126640046,0.3639475185396463,0.3894751853964632,0.3425508651834949,0.16884025961432994
1979-06-04,0.2182330290929834,0.2181973759269823,0.2064318311466058,0.63562464346834,0.5322304620650313,0.5001426126640046,0.38211535327194196,0.3298262502376878,0.1759039651362012
1979-06-06,0.2626212207644038,0.2182330290929834,0.2181973759269823,0.2064318311466058,0.63562464346834,0.5322304620650313,0.36764016787547876,0.32105913671800723,0.1817210730042348
1979-06-07,0.2730675984027381,0.2626212207644038,0.2182330290929834,0.2181973759269823,0.2064318311466058,0.63562464346834,0.3352008801238693,0.3245555238638524,0.17423940022077894
1979-06-08,0.2705362236166571,0.2730675984027381,0.2626212207644038,0.2182330290929834,0.2181973759269823,0.2064318311466058,0.29781598891695865,0.32625499144324016,0.15151109010190178
1979-06-09,0.4020250998288648,0.2705362236166571,0.2730675984027381,0.2626212207644038,0.2182330290929834,0.2181973759269823,0.26444462553989073,0.3317479558851492,0.06668705395967667
1979-06-11,0.5439960068454079,0.4020250998288648,0.2705362236166571,0.2730675984027381,0.2626212207644038,0.2182330290929834,0.3126680792111482,0.34116989922038404,0.11915533215341403
1979-06-12,0.6527381631488876,0.5439960068454079,0.4020250998288648,0.2705362236166571,0.2730675984027381,0.2626212207644038,0.37474533452856323,0.3537412055523863,0.16579897863565274
1979-07-02,0.2151668568168853,0.6527381631488876,0.5439960068454079,0.4020250998288648,0.2705362236166571,0.2730675984027381,0.37430730991769207,0.3494652025099828,0.1662847225077377
1979-07-03,0.2176625784369651,0.2151668568168853,0.6527381631488876,0.5439960068454079,0.4020250998288648,0.2705362236166571,0.367884646728058,0.33802885529568355,0.1720846152381789
1979-07-06,0.2557758128921848,0.2176625784369651,0.2151668568168853,0.6527381631488876,0.5439960068454079,0.4020250998288648,0.36541439165512174,0.32444024529378207,0.17378822920442966
1979-07-08,0.2677552766685681,0.2557758128921848,0.2176625784369651,0.2151668568168853,0.6527381631488876,0.5439960068454079,0.3650171135196805,0.32776787412055525,0.1740442581741168
1979-07-09,0.3725755847119223,0.2677552766685681,0.2557758128921848,0.2176625784369651,0.2151668568168853,0.6527381631488876,0.36081003993154587,0.3329863091842556,0.1733551585518119
1979-07-11,0.5514831717056474,0.3725755847119223,0.2677552766685681,0.2557758128921848,0.2176625784369651,0.2151668568168853,0.36187963491158015,0.34336256892945427,0.17469172965139249
1979-07-12,0.6358029092983457,0.5514831717056474,0.3725755847119223,0.2677552766685681,0.2557758128921848,0.2176625784369651,0.3594603129329313,0.3560491538315269,0.17004779103833884
1979-08-01,0.1688890473474044,0.6358029092983457,0.5514831717056474,0.3725755847119223,0.2677552766685681,0.2557758128921848,0.352849197294434,0.3527975850922228,0.1773360112240641
1979-08-02,0.2225827153451226,0.1688890473474044,0.6358029092983457,0.5514831717056474,0.3725755847119223,0.2677552766685681,0.35355207399559935,0.34871767446282564,0.17671957136138258
1979-08-03,0.2122789503707929,0.2225827153451226,0.1688890473474044,0.6358029092983457,0.5514831717056474,0.3725755847119223,0.34733823649254336,0.3395975945997337,0.18143247467522217
1979-08-05,0.25,0.2122789503707929,0.2225827153451226,0.1688890473474044,0.6358029092983457,0.5514831717056474,0.3448017683970336,0.3262502376877733,0.1828490754224131
1979-08-06,0.2573802053622361,0.25,0.2122789503707929,0.2225827153451226,0.1688890473474044,0.6358029092983457,0.32834528563279275,0.32922965392660203,0.18510273738879604
1979-08-08,0.268218767826583,0.2573802053622361,0.25,0.2122789503707929,0.2225827153451226,0.1688890473474044,0.2878789422214978,0.33127020346073394,0.1570244925862554
1979-08-10,0.5001426126640046,0.268218767826583,0.2573802053622361,0.25,0.2122789503707929,0.2225827153451226,0.26849889984516334,0.3406969005514356,0.1074831957854342
1979-08-11,0.5393610952652595,0.5001426126640046,0.268218767826583,0.2573802053622361,0.25,0.2122789503707929,0.3214234781191427,0.3514035463015782,0.13732743932678987
1979-09-01,0.1692455790074158,0.5393610952652595,0.5001426126640046,0.268218767826583,0.2573802053622361,0.25,0.313803887213756,0.3484621601064841,0.14499147272953078
1979-09-02,0.2043639475185396,0.1692455790074158,0.5393610952652595,0.5001426126640046,0.268218767826583,0.2573802053622361,0.31267317252057697,0.3462825632249477,0.1459429117698498
1979-09-03,0.2130276668568168,0.2043639475185396,0.1692455790074158,0.5393610952652595,0.5001426126640046,0.268218767826583,0.3073914106429793,0.3412519015021867,0.14922132452649203
1979-09-04,0.2217270393610952,0.2130276668568168,0.2043639475185396,0.1692455790074158,0.5393610952652595,0.5001426126640046,0.30229810121424494,0.33197138239208973,0.15179904117372522
1979-09-05,0.2440815744438106,0.2217270393610952,0.2130276668568168,0.2043639475185396,0.1692455790074158,0.5393610952652595,0.2988499307309917,0.32236641947138234,0.15297179874891328
1979-09-07,0.2716771249286936,0.2440815744438106,0.2217270393610952,0.2130276668568168,0.2043639475185396,0.1692455790074158,0.2662120039116616,0.31023483552006076,0.12460952677651692
1979-09-08,0.2757415858528237,0.2716771249286936,0.2440815744438106,0.2217270393610952,0.2130276668568168,0.2043639475185396,0.22855207399559932,0.3125451606769347,0.03811758027582343
1979-09-10,0.5322304620650313,0.2757415858528237,0.2716771249286936,0.2440815744438106,0.2217270393610952,0.2130276668568168,0.2804070572895444,0.3230129302148697,0.11445408653128175
1979-09-11,0.5395393610952653,0.5322304620650313,0.2757415858528237,0.2716771249286936,0.2440815744438106,0.2217270393610952,0.32828925922907665,0.3337231412816124,0.14371063926992847
1979-10-01,0.1678551055333713,0.5395393610952653,0.5322304620650313,0.2757415858528237,0.2716771249286936,0.2440815744438106,0.32183603618287016,0.3305642707739114,0.15059817474453258
1979-10-04,0.2248288648031945,0.1678551055333713,0.5395393610952653,0.5322304620650313,0.2757415858528237,0.2716771249286936,0.32227915410317004,0.3289563129872599,0.1502587030193222
1979-10-05,0.2532444381061038,0.2248288648031945,0.1678551055333713,0.5395393610952653,0.5322304620650313,0.2757415858528237,0.32358813462635483,0.3283799201369081,0.14950195290610555
1979-10-07,0.2770250998288647,0.2532444381061038,0.2248288648031945,0.1678551055333713,0.5395393610952653,0.5322304620650313,0.324352131040665,0.3242132534702415,0.14920583153511485
1979-10-08,0.2801982316029663,0.2770250998288647,0.2532444381061038,0.2248288648031945,0.1678551055333713,0.5395393610952653,0.3249887947192568,0.31541999429549344,0.14897316611397293
1979-10-09,0.3896177980604677,0.2801982316029663,0.2770250998288647,0.2532444381061038,0.2248288648031945,0.1678551055333713,0.30461555700431914,0.30664931545921276,0.12347762483936399
1979-10-10,0.5571876782658299,0.3896177980604677,0.2801982316029663,0.2770250998288647,0.2532444381061038,0.2248288648031945,0.3071367451715426,0.3180500095075109,0.1291248304273688
1979-10-12,0.6323802053622362,0.5571876782658299,0.3896177980604677,0.2801982316029663,0.2770250998288647,0.2532444381061038,0.3734974737185233,0.33187393040501995,0.16103676609235124
1979-11-01,0.1683185966913861,0.6323802053622362,0.5571876782658299,0.3896177980604677,0.2801982316029663,0.2770250998288647,0.3654245782739793,0.3289586898649933,0.17084927812557682
1979-11-04,0.2227609811751283,0.1683185966913861,0.6323802053622362,0.5571876782658299,0.3896177980604677,0.2801982316029663,0.36106979871241135,0.32745888001521195,0.1745339624877607
1979-11-05,0.2524244152880776,0.2227609811751283,0.1683185966913861,0.6323802053622362,0.5571876782658299,0.3896177980604677,0.35755541520658457,0.3234538410344171,0.17674203238009845
1979-11-06,0.2621220764403879,0.2524244152880776,0.2227609811751283,0.1683185966913861,0.6323802053622362,0.5571876782658299,0.3549731073262162,0.3138084711922418,0.17818678689984438
1979-11-07,0.2798060467769537,0.2621220764403879,0.2524244152880776,0.2227609811751283,0.1683185966913861,0.6323802053622362,0.33928571428571425,0.3019419091081954,0.1794576823129609
1979-11-09,0.3899743297204792,0.2798060467769537,0.2621220764403879,0.2524244152880776,0.2227609811751283,0.1683185966913861,0.31539809306494987,0.30931141852063126,0.15509357344413752
1979-11-10,0.5516614375356532,0.3899743297204792,0.2798060467769537,0.2621220764403879,0.2524244152880776,0.2227609811751283,0.30386684051829516,0.3202807092603156,0.12828095407412216
1979-11-12,0.6623645179691957,0.5516614375356532,0.3899743297204792,0.2798060467769537,0.2621220764403879,0.2524244152880776,0.3744448292722679,0.3352835615135958,0.1703009639463037
1979-12-01,0.1662507130633199,0.6623645179691957,0.5516614375356532,0.3899743297204792,0.2798060467769537,0.2621220764403879,0.3663719338277239,0.33249191861570637,0.17976610205611648
1979-12-02,0.2172347404449515,0.1662507130633199,0.6623645179691957,0.5516614375356532,0.3899743297204792,0.2798060467769537,0.36134483742156304,0.3311537364517969,0.18392755470180375
1979-12-03,0.2136337706788362,0.2172347404449515,0.1662507130633199,0.6623645179691957,0.5516614375356532,0.3899743297204792,0.35441793659848425,0.329334236546872,0.18912676592168173
1979-12-04,0.2179834569309754,0.2136337706788362,0.2172347404449515,0.1662507130633199,0.6623645179691957,0.5516614375356532,0.34558613804905874,0.31992893135577105,0.19455720238876098
1979-12-06,0.2558471192241871,0.2179834569309754,0.2136337706788362,0.2172347404449515,0.1662507130633199,0.6623645179691957,0.3264251079781599,0.3104784654877353,0.19605602704082425
1979-12-07,0.2821235025670279,0.2558471192241871,0.2179834569309754,0.2136337706788362,0.2172347404449515,0.1662507130633199,0.28791968869692763,0.31424106293972237,0.1690563768517779
1979-12-09,0.3926483171705647,0.2821235025670279,0.2558471192241871,0.2179834569309754,0.2136337706788362,0.2172347404449515,0.2493888028685518,0.3205172085947899,0.07285499598483045
1979-12-10,0.5598616657159157,0.3926483171705647,0.2821235025670279,0.2558471192241871,0.2179834569309754,0.2136337706788362,0.3056189389617798,0.3320783418900931,0.12857926335690917
1979-12-11,0.5411437535653166,0.5598616657159157,0.3926483171705647,0.2821235025670279,0.2558471192241871,0.2179834569309754,0.35189165512183196,0.3427255656969005,0.1482496676293066
1979-12-12,0.6727039361095266,0.5411437535653166,0.5598616657159157,0.3926483171705647,0.2821235025670279,0.2558471192241871,0.4174731073262163,0.3570129777524244,0.1758629071286411
1980-01-04,0.5603964632059326,0.6727039361095266,0.5411437535653166,0.5598616657159157,0.3926483171705647,0.2821235025670279,0.46638925107978163,0.36663695569499904,0.15782269261499882
1980-01-05,0.3824871648602395,0.5603964632059326,0.6727039361095266,0.5411437535653166,0.5598616657159157,0.3926483171705647,0.4844806861706462,0.3701951416619129,0.13531967364088548
1980-01-07,0.5643539646320593,0.3824871648602395,0.5603964632059326,0.6727039361095266,0.5411437535653166,0.5598616657159157,0.5247993236085079,0.3712659250808138,0.10321550887013073
1980-01-08,0.5111950941243583,0.5643539646320593,0.3824871648602395,0.5603964632059326,0.6727039361095266,0.5411437535653166,0.5417345774590497,0.3703211161817836,0.08624984485429543
1980-01-09,0.5247432972047918,0.5111950941243583,0.5643539646320593,0.3824871648602395,0.5603964632059326,0.6727039361095266,0.5367176676717464,0.38221738923749754,0.08604082462572554
1980-01-10,0.7301768397033657,0.5247432972047918,0.5111950941243583,0.5643539646320593,0.3824871648602395,0.5603964632059326,0.5637223942628963,0.39906232173416994,0.11307830267314191
1980-01-12,0.6285653166001142,0.7301768397033657,0.5247432972047918,0.5111950941243583,0.5643539646320593,0.3824871648602395,0.557416877190123,0.4115730176839703,0.10705880510861666
1980-02-04,0.4890901312036509,0.6285653166001142,0.7301768397033657,0.5247432972047918,0.5111950941243583,0.5643539646320593,0.5472302583326543,0.4186418520631298,0.1100778681704846
1980-02-05,0.4217056474614945,0.4890901312036509,0.6285653166001142,0.7301768397033657,0.5247432972047918,0.5111950941243583,0.5528328987042621,0.4233587659250808,0.10091187277298923
1980-02-06,0.4769680547632629,0.4217056474614945,0.4890901312036509,0.6285653166001142,0.7301768397033657,0.5247432972047918,0.5403491972944341,0.4262704411485073,0.10458734497949798
1980-02-07,0.5712350256702795,0.4769680547632629,0.4217056474614945,0.4890901312036509,0.6285653166001142,0.7301768397033657,0.5489263303724228,0.42673868606198895,0.10425935494326248
1980-02-09,0.5317313177410155,0.5712350256702795,0.4769680547632629,0.4217056474614945,0.4890901312036509,0.6285653166001142,0.5499246190204548,0.4233837231412816,0.10402239491550616
1980-02-10,0.7104962920707358,0.5317313177410155,0.5712350256702795,0.4769680547632629,0.4217056474614945,0.4890901312036509,0.5471131122157933,0.4414563129872599,0.09845558981524112
1980-02-12,0.6185111237877924,0.7104962920707358,0.5317313177410155,0.5712350256702795,0.4769680547632629,0.4217056474614945,0.5456767989568903,0.45464798440768206,0.09713375012676104
1980-03-04,0.4805333713633771,0.6185111237877924,0.7104962920707358,0.5317313177410155,0.5712350256702795,0.4769680547632629,0.544454404693994,0.46225161627685873,0.09801441045343484
1980-03-06,0.4597475755847118,0.4805333713633771,0.6185111237877924,0.7104962920707358,0.5317313177410155,0.5712350256702795,0.5498889658544536,0.46883913291500284,0.09086821616108405
1980-03-07,0.5524458071876782,0.4597475755847118,0.4805333713633771,0.6185111237877924,0.7104962920707358,0.5317313177410155,0.5606715019150844,0.47792712492869366,0.08506608492394531
1980-03-09,0.532408727895037,0.5524458071876782,0.4597475755847118,0.4805333713633771,0.6185111237877924,0.7104962920707358,0.5551248879471925,0.48267493820117896,0.08552706657480552
1980-03-10,0.6645037079292642,0.532408727895037,0.5524458071876782,0.4597475755847118,0.4805333713633771,0.6185111237877924,0.5740923722597995,0.4864363472142993,0.09379710692676271
1980-03-11,0.6259982886480319,0.6645037079292642,0.532408727895037,0.5524458071876782,0.4597475755847118,0.4805333713633771,0.562021228913699,0.48522413957026056,0.07730415136709723
1980-03-12,0.6131631488876212,0.6259982886480319,0.6645037079292642,0.532408727895037,0.5524458071876782,0.4597475755847118,0.5612572324993889,0.5001212207644039,0.0766766944531908
1980-04-06,0.4947946377638334,0.6131631488876212,0.6259982886480319,0.6645037079292642,0.532408727895037,0.5524458071876782,0.5632945562708825,0.5093732173416999,0.07432784668708758
1980-04-07,0.5571876782658299,0.4947946377638334,0.6131631488876212,0.6259982886480319,0.6645037079292642,0.532408727895037,0.5772145709396137,0.5208250142612664,0.05931093470001638
1980-04-08,0.5135125499144324,0.5571876782658299,0.4947946377638334,0.6131631488876212,0.6259982886480319,0.6645037079292642,0.5716526770434357,0.5306759840273816,0.06368494723878991
1980-04-09,0.535154021677125,0.5135125499144324,0.5571876782658299,0.4947946377638334,0.6131631488876212,0.6259982886480319,0.5720448618694484,0.5399862141091462,0.06341085956557056
1980-04-11,0.658906160867085,0.535154021677125,0.5135125499144324,0.5571876782658299,0.4947946377638334,0.6131631488876212,0.5712452122891369,0.5525456360524815,0.062071724155410374
1980-04-12,0.6185824301197946,0.658906160867085,0.535154021677125,0.5135125499144324,0.5571876782658299,0.4947946377638334,0.5701858039279603,0.5600767731507891,0.061036123233713255
1980-05-06,0.5250998288648032,0.6185824301197946,0.658906160867085,0.535154021677125,0.5135125499144324,0.5571876782658299,0.5576053296389862,0.5589180452557521,0.05976379153337943
1980-05-08,0.527595550484883,0.5250998288648032,0.6185824301197946,0.658906160867085,0.535154021677125,0.5135125499144324,0.5622911743134219,0.5584664384864042,0.055124054821108555
1980-05-09,0.5617869366799773,0.527595550484883,0.5250998288648032,0.6185824301197946,0.658906160867085,0.535154021677125,0.5629482112297286,0.5547692051720859,0.0550804793319753
1980-05-11,0.671277809469481,0.5617869366799773,0.527595550484883,0.5250998288648032,0.6185824301197946,0.658906160867085,0.5854861054518784,0.5584652500475377,0.06316496356626386
1980-05-12,0.5981888191671421,0.671277809469481,0.5617869366799773,0.527595550484883,0.5250998288648032,0.6185824301197946,0.5944910765218808,0.565655305191101,0.05915979699760456
1980-06-05,0.4324015972618368,0.5981888191671421,0.671277809469481,0.5617869366799773,0.527595550484883,0.5250998288648032,0.5621332817211312,0.5612568929454269,0.07723750976674408
1980-06-06,0.5616443240159726,0.4324015972618368,0.5981888191671421,0.671277809469481,0.5617869366799773,0.527595550484883,0.5539992665634423,0.562938533941814,0.0731942561457886
1980-06-08,0.5215345122646892,0.5616443240159726,0.4324015972618368,0.5981888191671421,0.671277809469481,0.5617869366799773,0.5534899356205688,0.5628315744438106,0.07344086242540909
1980-06-10,0.6855390758699372,0.5215345122646892,0.5616443240159726,0.4324015972618368,0.5981888191671421,0.671277809469481,0.5760532963898622,0.5613436489826964,0.08714363732494779
1980-06-11,0.6267113519680548,0.6855390758699372,0.5215345122646892,0.5616443240159726,0.4324015972618368,0.5981888191671421,0.5853282128595877,0.5612818501616277,0.08881124384922674
1980-07-05,0.4074443810610382,0.6267113519680548,0.6855390758699372,0.5215345122646892,0.5616443240159726,0.4324015972618368,0.547637723086953,0.5585603251568739,0.10135411151593274
1980-07-07,0.553622361665716,0.4074443810610382,0.6267113519680548,0.6855390758699372,0.5215345122646892,0.5616443240159726,0.5412710863010349,0.5629575489636813,0.09902238775765819
1980-07-08,0.5304478037649744,0.553622361665716,0.4074443810610382,0.6267113519680548,0.6855390758699372,0.5215345122646892,0.5552776872300547,0.5647402072637384,0.08729631853393895
1980-07-10,0.6980176839703366,0.5304478037649744,0.553622361665716,0.4074443810610382,0.6267113519680548,0.6855390758699372,0.5747595957949638,0.5689662958737401,0.10279530035755931
1980-07-11,0.5785795778665146,0.6980176839703366,0.5304478037649744,0.553622361665716,0.4074443810610382,0.6267113519680548,0.5829088908809388,0.5705279045445902,0.1000983252665757
1980-08-04,0.5472047917855106,0.5785795778665146,0.6980176839703366,0.5304478037649744,0.553622361665716,0.4074443810610382,0.5631468502974493,0.5650848545350827,0.08956013660497898
1980-08-05,0.4263405590416428,0.5472047917855106,0.5785795778665146,0.6980176839703366,0.5304478037649744,0.553622361665716,0.5345224513079618,0.5586791690435444,0.09752446730964982
1980-08-07,0.577153451226469,0.4263405590416428,0.5472047917855106,0.5785795778665146,0.6980176839703366,0.5304478037649744,0.5587666041887377,0.5618998383723142,0.08022909272640259
1980-08-08,0.530875641756988,0.577153451226469,0.4263405590416428,0.5472047917855106,0.5785795778665146,0.6980176839703366,0.5555170727732052,0.56427077391139,0.08092977438444203
1980-08-09,0.5999714774671991,0.530875641756988,0.577153451226469,0.4263405590416428,0.5472047917855106,0.5785795778665146,0.5654490261592372,0.5658549629207072,0.08160370728215949
1980-08-10,0.6926697090701655,0.5999714774671991,0.530875641756988,0.577153451226469,0.4263405590416428,0.5472047917855106,0.5646850297449271,0.571196995626545,0.08016811247413488
1980-08-12,0.5760482030804335,0.6926697090701655,0.5999714774671991,0.530875641756988,0.577153451226469,0.4263405590416428,0.5643234047754869,0.5682484787982506,0.08010067142707904
1980-09-04,0.5821448944666288,0.5760482030804335,0.6926697090701655,0.5999714774671991,0.530875641756988,0.577153451226469,0.5693148480156467,0.5667866989922038,0.07994462919544787
1980-09-05,0.4184968625213918,0.5821448944666288,0.5760482030804335,0.6926697090701655,0.5999714774671991,0.530875641756988,0.5681943199413252,0.5602978227799962,0.08230278527278799
1980-09-06,0.591058185966914,0.4184968625213918,0.5821448944666288,0.5760482030804335,0.6926697090701655,0.5999714774671991,0.5701807106185315,0.5635066077200989,0.0827217835908878
1980-09-07,0.5608956075299487,0.591058185966914,0.4184968625213918,0.5821448944666288,0.5760482030804335,0.6926697090701655,0.5744692771575259,0.5636302053622362,0.08110686670805095
1980-09-09,0.6231460353679407,0.5608956075299487,0.591058185966914,0.4184968625213918,0.5821448944666288,0.5760482030804335,0.5777799282862033,0.5672846548773531,0.08277709491575858
1980-09-10,0.7166286366229321,0.6231460353679407,0.5608956075299487,0.591058185966914,0.4184968625213918,0.5821448944666288,0.5812026322223127,0.57333380870888,0.08860923806118853
1980-09-12,0.5678836280661723,0.7166286366229321,0.6231460353679407,0.5608956075299487,0.591058185966914,0.4184968625213918,0.5800362643631326,0.5702997242821829,0.0887420299264094
1980-10-04,0.5086993725042783,0.5678836280661723,0.7166286366229321,0.6231460353679407,0.5608956075299487,0.591058185966914,0.5695440469399397,0.5666369556949991,0.09270453664441862
1980-10-06,0.5108385624643469,0.5086993725042783,0.5678836280661723,0.7166286366229321,0.6231460353679407,0.5608956075299487,0.5827357183603619,0.5661615801483172,0.07185370242076446
1980-10-07,0.5425698802053622,0.5108385624643469,0.5086993725042783,0.5678836280661723,0.7166286366229321,0.6231460353679407,0.575808817537283,0.5666607244723332,0.07324147812996494
1980-10-09,0.6576583000570451,0.5425698802053622,0.5108385624643469,0.5086993725042783,0.5678836280661723,0.7166286366229321,0.5896320593268684,0.569856436584902,0.07887251799897238
1980-10-10,0.7201226468910439,0.6576583000570451,0.5425698802053622,0.5108385624643469,0.5086993725042783,0.5678836280661723,0.6034858609730259,0.5714845978322874,0.09299315089958139
1980-10-11,0.6160510553337136,0.7201226468910439,0.6576583000570451,0.5425698802053622,0.5108385624643469,0.5086993725042783,0.589117635074566,0.5720800057045066,0.07937026280317107
1980-10-12,0.5291999429549343,0.6160510553337136,0.7201226468910439,0.6576583000570451,0.5425698802053622,0.5108385624643469,0.5835913943443892,0.5753066172276097,0.08238456886630538
1980-11-03,0.9582857957786652,0.5291999429549343,0.6160510553337136,0.7201226468910439,0.6576583000570451,0.5425698802053622,0.6478180262407303,0.5885279996196996,0.15633029187235578
1980-11-04,0.5115516257843696,0.9582857957786652,0.5291999429549343,0.6160510553337136,0.7201226468910439,0.6576583000570451,0.6479198924293048,0.5881952367370222,0.15622635645178481
1980-11-06,0.5058471192241871,0.5115516257843696,0.9582857957786652,0.5291999429549343,0.6160510553337136,0.7201226468910439,0.6426737837177084,0.5822055048488306,0.16090030190333782
1980-11-07,0.5322304620650313,0.5058471192241871,0.5115516257843696,0.9582857957786652,0.5291999429549343,0.6160510553337136,0.6247555211474207,0.5790561418520631,0.16586097870832475
1980-11-08,0.5129777524244153,0.5322304620650313,0.5058471192241871,0.5115516257843696,0.9582857957786652,0.5291999429549343,0.5951633933664738,0.582573920897509,0.1644833873426973
1980-11-09,0.6470336565887052,0.5129777524244153,0.5322304620650313,0.5058471192241871,0.5115516257843696,0.9582857957786652,0.599589479260044,0.5856876307282753,0.1655525125150586
1980-11-11,0.5821448944666288,0.6470336565887052,0.5129777524244153,0.5322304620650313,0.5058471192241871,0.5115516257843696,0.6071530437617146,0.5874108670849971,0.16299027607082447
1980-11-12,0.4851326297775242,0.5821448944666288,0.6470336565887052,0.5129777524244153,0.5322304620650313,0.5058471192241871,0.5395597343329802,0.5803146986119034,0.05628463984522118
1980-12-05,0.4088705077010838,0.4851326297775242,0.5821448944666288,0.6470336565887052,0.5129777524244153,0.5322304620650313,0.5248910031782251,0.5746577296063892,0.07505196221327455
1980-12-06,0.5001426126640046,0.4088705077010838,0.4851326297775242,0.5821448944666288,0.6470336565887052,0.5129777524244153,0.5240760736696276,0.5730889903023388,0.07532368677762037
1980-12-08,0.5126212207644039,0.5001426126640046,0.4088705077010838,0.4851326297775242,0.5821448944666288,0.6470336565887052,0.5212747534838237,0.5759650123597643,0.07533451464427605
1980-12-09,0.7265402167712492,0.5126212207644039,0.5001426126640046,0.4088705077010838,0.4851326297775242,0.5821448944666288,0.5517836769619427,0.5809445712112569,0.10770425857380408
1980-12-11,0.6010410724472333,0.7265402167712492,0.5126212207644039,0.5001426126640046,0.4088705077010838,0.4851326297775242,0.5452133077988754,0.5832834189009317,0.10218674736654124
1980-12-12,0.4644894466628637,0.6010410724472333,0.7265402167712492,0.5126212207644039,0.5001426126640046,0.4088705077010838,0.5284053866840518,0.5787673512074539,0.10474384962183818
1981-01-04,0.3835567598402737,0.4644894466628637,0.6010410724472333,0.7265402167712492,0.5126212207644039,0.5001426126640046,0.5138945481215874,0.5684635862331242,0.11794227850898716
1981-01-05,0.351468910439247,0.3835567598402737,0.4644894466628637,0.6010410724472333,0.7265402167712492,0.5126212207644039,0.505694319941325,0.5609776098117513,0.1280257909395328
1981-01-06,0.3351754135767256,0.351468910439247,0.3835567598402737,0.4644894466628637,0.6010410724472333,0.7265402167712492,0.4821275772145709,0.5527452937820879,0.14346994767139729
1981-01-07,0.2559184255561893,0.3351754135767256,0.351468910439247,0.3835567598402737,0.4644894466628637,0.6010410724472333,0.44545574932768306,0.5473260125499145,0.16549356109433333
1981-01-09,0.280875641756988,0.2559184255561893,0.3351754135767256,0.351468910439247,0.3835567598402737,0.4644894466628637,0.38178938146850294,0.5369865944095835,0.1183448363733352
1981-01-10,0.286936679977182,0.280875641756988,0.2559184255561893,0.3351754135767256,0.351468910439247,0.3835567598402737,0.3369173254013527,0.5278546301578246,0.07172194323764526
1981-01-12,0.2422989161437535,0.286936679977182,0.280875641756988,0.2559184255561893,0.3351754135767256,0.351468910439247,0.3051758210414799,0.5151597261836851,0.05242384699858528
1981-02-02,0.4129706217912151,0.2422989161437535,0.286936679977182,0.280875641756988,0.2559184255561893,0.3351754135767256,0.3093778013201858,0.5050377923559612,0.0603353260793968
1981-02-03,0.3682258984597832,0.4129706217912151,0.2422989161437535,0.286936679977182,0.280875641756988,0.2559184255561893,0.31177165675169094,0.4983825347024149,0.06257453249516792
1981-02-04,0.3896177980604677,0.3682258984597832,0.4129706217912151,0.2422989161437535,0.286936679977182,0.280875641756988,0.3195491402493684,0.4944131488876212,0.06901967574319785
1981-02-06,0.3282943525385054,0.3896177980604677,0.3682258984597832,0.4129706217912151,0.2422989161437535,0.286936679977182,0.32988855838969927,0.48832834189009316,0.063062904774294
1981-02-07,0.2509626354820308,0.3282943525385054,0.3896177980604677,0.3682258984597832,0.4129706217912151,0.2422989161437535,0.32561527177899113,0.4786081003993154,0.06777510385115786
1981-02-09,0.2896819737592698,0.2509626354820308,0.3282943525385054,0.3896177980604677,0.3682258984597832,0.4129706217912151,0.3260074566050037,0.4663422228560563,0.06752145337156461
1981-02-10,0.2873645179691956,0.2896819737592698,0.2509626354820308,0.3282943525385054,0.3896177980604677,0.3682258984597832,0.3324453997229239,0.4519169518919946,0.05993177672929614
1981-02-11,0.2815173987450085,0.2873645179691956,0.2896819737592698,0.2509626354820308,0.3282943525385054,0.3896177980604677,0.3136663678591801,0.4407658300057045,0.05031847374782585
1981-02-12,0.2430832857957786,0.2815173987450085,0.2873645179691956,0.2896819737592698,0.2509626354820308,0.3282943525385054,0.2957888517643223,0.4312286081003993,0.049932759493845756
1981-03-02,0.3992441528807758,0.2430832857957786,0.2815173987450085,0.2873645179691956,0.2896819737592698,0.2509626354820308,0.2971640453100806,0.4125938866704697,0.05298674816884959
1981-03-03,0.367156303479749,0.3992441528807758,0.2430832857957786,0.2815173987450085,0.2873645179691956,0.2896819737592698,0.3027157525874011,0.40778070926031557,0.05853722873630146
1981-03-04,0.3889047347404449,0.367156303479749,0.3992441528807758,0.2430832857957786,0.2815173987450085,0.2873645179691956,0.3224217667671746,0.40388262977752426,0.06136164578306463
1981-03-06,0.3289717626925271,0.3889047347404449,0.367156303479749,0.3992441528807758,0.2430832857957786,0.2815173987450085,0.32803459375763994,0.3971073397984408,0.05964057770216113
1981-03-07,0.2555975470621791,0.3289717626925271,0.3889047347404449,0.367156303479749,0.3992441528807758,0.2430832857957786,0.32349645505663754,0.3885279996196996,0.06427920711126964
1981-03-08,0.2484312606959497,0.2555975470621791,0.3289717626925271,0.3889047347404449,0.367156303479749,0.3992441528807758,0.31876986390677203,0.37524125308994105,0.0689287753039663
1981-03-09,0.2966343411294923,0.2484312606959497,0.2555975470621791,0.3289717626925271,0.3889047347404449,0.367156303479749,0.32642001466873116,0.36572423464536985,0.0617237204607961
1981-03-11,0.2758485453508271,0.2966343411294923,0.2484312606959497,0.2555975470621791,0.3289717626925271,0.3889047347404449,0.3087920707358813,0.35874809849781325,0.05467756023068638
1981-03-12,0.2572375926982316,0.2758485453508271,0.2966343411294923,0.2484312606959497,0.2555975470621791,0.3289717626925271,0.2930893977670931,0.3536936679977181,0.050766256066543766
1981-04-02,0.429905875641757,0.2572375926982316,0.2758485453508271,0.2966343411294923,0.2484312606959497,0.2555975470621791,0.2989467036101377,0.3513524434303099,0.06424081014254357
1981-04-03,0.3814175698802053,0.429905875641757,0.2572375926982316,0.2758485453508271,0.2966343411294923,0.2484312606959497,0.306438961779806,0.34697898840083663,0.07102615974612167
1981-04-06,0.3122504278379919,0.3814175698802053,0.429905875641757,0.2572375926982316,0.2758485453508271,0.2966343411294923,0.31453223046206497,0.33316932876972805,0.06740265686059484
1981-04-08,0.2491443240159725,0.3122504278379919,0.3814175698802053,0.429905875641757,0.2572375926982316,0.2758485453508271,0.3146340966506397,0.32143943715535267,0.06728654692128533
1981-04-09,0.3093981745579007,0.2491443240159725,0.3122504278379919,0.3814175698802053,0.429905875641757,0.2572375926982316,0.31645750142612655,0.3162697280851872,0.06688924480818428
1981-04-11,0.2808043354249857,0.3093981745579007,0.2491443240159725,0.3122504278379919,0.3814175698802053,0.429905875641757,0.31716547143672064,0.3128446472713443,0.06641232165755996
1981-04-12,0.2666143753565316,0.2808043354249857,0.3093981745579007,0.2491443240159725,0.3122504278379919,0.3814175698802053,0.3185050118164778,0.3100161627685872,0.06508338355972498
1981-05-01,0.5179691956645751,0.2666143753565316,0.2808043354249857,0.3093981745579007,0.2491443240159725,0.3122504278379919,0.3310854861054518,0.3161092888381821,0.09281074896199071
1981-05-02,0.4253422703936109,0.5179691956645751,0.2666143753565316,0.2808043354249857,0.3093981745579007,0.2491443240159725,0.3373604433216526,0.32175675033276285,0.09811422581876492
1981-05-03,0.3561038220193953,0.4253422703936109,0.5179691956645751,0.2666143753565316,0.2808043354249857,0.3093981745579007,0.343625213918996,0.32426435634150974,0.09764261173709753
1981-05-05,0.3425556189389618,0.3561038220193953,0.4253422703936109,0.5179691956645751,0.2666143753565316,0.2808043354249857,0.3569696846222801,0.3261183209735691,0.08853667690957957
1981-05-06,0.3109669138619509,0.3425556189389618,0.3561038220193953,0.4253422703936109,0.5179691956645751,0.2666143753565316,0.3571937902371444,0.3284072542308423,0.08839807099486904
1981-05-08,0.2498573873359953,0.3109669138619509,0.3425556189389618,0.3561038220193953,0.4253422703936109,0.5179691956645751,0.352772797653003,0.32297014641566835,0.09348284342321789
1981-05-10,0.2913933257273245,0.2498573873359953,0.3109669138619509,0.3425556189389618,0.3561038220193953,0.4253422703936109,0.3563126477059734,0.3204090606579197,0.09008394618300443
1981-05-11,0.2779877353108956,0.2913933257273245,0.2498573873359953,0.3109669138619509,0.3425556189389618,0.3561038220193953,0.32202958194116205,0.3166880585662673,0.058402848639969786
1981-06-01,0.5359027381631489,0.2779877353108956,0.2913933257273245,0.2498573873359953,0.3109669138619509,0.3425556189389618,0.33782393447966746,0.3236083380870888,0.09468134339974854
1981-06-02,0.4306189389617798,0.5359027381631489,0.2779877353108956,0.2913933257273245,0.2498573873359953,0.3109669138619509,0.34846895118572235,0.32959688153641375,0.10105352099387016
1981-06-03,0.3664432401597262,0.4306189389617798,0.5359027381631489,0.2779877353108956,0.2913933257273245,0.2498573873359953,0.3518814685029744,0.3321555904164289,0.10122374167846189
1981-06-04,0.394252709640616,0.3664432401597262,0.4306189389617798,0.5359027381631489,0.2779877353108956,0.2913933257273245,0.3637794393284981,0.3357185301388096,0.10050527730924012
1981-06-05,0.3464418140330861,0.394252709640616,0.3664432401597262,0.4306189389617798,0.5359027381631489,0.2779877353108956,0.37757721457093957,0.33788267731507887,0.08812639947943944
1981-06-07,0.246969480889903,0.3464418140330861,0.394252709640616,0.3664432401597262,0.4306189389617798,0.5359027381631489,0.37123095102273646,0.33801221715154967,0.0965629032334051
1981-06-08,0.2548844837421563,0.246969480889903,0.3464418140330861,0.394252709640616,0.3664432401597262,0.4306189389617798,0.3679304865129166,0.3332002281802623,0.1005918464188375
1981-06-10,0.2769181403308614,0.2548844837421563,0.246969480889903,0.3464418140330861,0.394252709640616,0.3664432401597262,0.33093268682258975,0.33019228940863277,0.0721099010253803
1981-06-11,0.2771677124928693,0.2769181403308614,0.2548844837421563,0.246969480889903,0.3464418140330861,0.394252709640616,0.30901108304131686,0.32646772200038027,0.05886206130728663
1981-07-01,0.5179691956645751,0.2771677124928693,0.2769181403308614,0.2548844837421563,0.246969480889903,0.3464418140330861,0.3306576481134381,0.33276763643278184,0.09821191142278851
1981-07-04,0.3810610382201939,0.5179691956645751,0.2771677124928693,0.2769181403308614,0.2548844837421563,0.246969480889903,0.32877312362480643,0.33694975280471573,0.09690612908693
1981-07-05,0.343625213918996,0.3810610382201939,0.5179691956645751,0.2771677124928693,0.2769181403308614,0.2548844837421563,0.32837075217993644,0.34012288457881723,0.09682635296720796
1981-07-07,0.2567384483742156,0.343625213918996,0.3810610382201939,0.5179691956645751,0.2771677124928693,0.2769181403308614,0.32976631896340963,0.33879302148697465,0.09551914512104677
1981-07-08,0.2581289218482601,0.2567384483742156,0.343625213918996,0.3810610382201939,0.5179691956645751,0.2771677124928693,0.33022981012142444,0.3382023673702224,0.09510219604797897
1981-07-09,0.3058328579577866,0.2581289218482601,0.2567384483742156,0.343625213918996,0.3810610382201939,0.5179691956645751,0.33436048406812807,0.33982220954554093,0.09300556078995874
1981-07-10,0.2855105533371363,0.3058328579577866,0.2581289218482601,0.2567384483742156,0.343625213918996,0.3810610382201939,0.335552318474452,0.3350090321353869,0.09220047483095964
1981-07-12,0.2641899600684541,0.2855105533371363,0.3058328579577866,0.2581289218482601,0.2567384483742156,0.343625213918996,0.29929814196072035,0.33110144514166184,0.04764745055260031
1981-08-01,0.5037079292641187,0.2641899600684541,0.2855105533371363,0.3058328579577866,0.2581289218482601,0.2567384483742156,0.31681912639556675,0.3374833618558661,0.08810124189126103
1981-08-04,0.3810610382201939,0.5037079292641187,0.2641899600684541,0.2855105533371363,0.3058328579577866,0.2581289218482601,0.3221671012957379,0.3418805856626735,0.09108532995176763
1981-08-05,0.3505775812892184,0.3810610382201939,0.5037079292641187,0.2641899600684541,0.2855105533371363,0.3058328579577866,0.3355726917121669,0.3432532325537174,0.08664823691606739
1981-08-06,0.314781802624073,0.3505775812892184,0.3810610382201939,0.5037079292641187,0.2641899600684541,0.2855105533371363,0.3436659603944259,0.34438581479368696,0.08064708959056797
1981-08-07,0.251533086138049,0.314781802624073,0.3505775812892184,0.3810610382201939,0.5037079292641187,0.2641899600684541,0.3359088501344633,0.3438831051530709,0.08723496233185245
1981-08-09,0.3121791215059897,0.251533086138049,0.314781802624073,0.3505775812892184,0.3810610382201939,0.5037079292641187,0.33971864558715664,0.3370234360144514,0.08522630836896183
1981-08-10,0.2837278950370793,0.3121791215059897,0.251533086138049,0.314781802624073,0.3505775812892184,0.3810610382201939,0.34250977915410313,0.33230295683590033,0.08262060946889137
1981-08-12,0.2676839703365658,0.2837278950370793,0.3121791215059897,0.251533086138049,0.314781802624073,0.3505775812892184,0.3087920707358813,0.32935562844647265,0.04584913974754731
1981-09-01,0.5119081574443811,0.2676839703365658,0.2837278950370793,0.3121791215059897,0.251533086138049,0.314781802624073,0.3274845163393366,0.33500071306332,0.08774997630920833
1981-09-02,0.4502281802624073,0.5119081574443811,0.2676839703365658,0.2837278950370793,0.3121791215059897,0.251533086138049,0.3417203161926493,0.3396427552766685,0.09942707667417597
1981-09-03,0.3754634911580148,0.4502281802624073,0.5119081574443811,0.2676839703365658,0.2837278950370793,0.3121791215059897,0.3503891288403553,0.3438296254040692,0.0993322217025996
1981-09-04,0.3687606959498003,0.3754634911580148,0.4502281802624073,0.5119081574443811,0.2676839703365658,0.2837278950370793,0.3671359302420341,0.34640853774481845,0.08925912783317266
1981-09-06,0.3200941243582429,0.3687606959498003,0.3754634911580148,0.4502281802624073,0.5119081574443811,0.2676839703365658,0.3682666449352131,0.34781208404639663,0.08849376858812194
1981-09-07,0.265188248716486,0.3200941243582429,0.3687606959498003,0.3754634911580148,0.4502281802624073,0.5119081574443811,0.3656181240322712,0.3387882677315079,0.09166618366427985
1981-09-09,0.3179549343981745,0.265188248716486,0.3200941243582429,0.3687606959498003,0.3754634911580148,0.4502281802624073,0.37279969032678667,0.33503280091272103,0.08439568738028523
1981-09-10,0.2930690245293782,0.3179549343981745,0.265188248716486,0.3200941243582429,0.3687606959498003,0.3754634911580148,0.3415369570532149,0.3325869937250428,0.06177930653125296
1981-09-11,0.2794851682829435,0.2930690245293782,0.3179549343981745,0.265188248716486,0.3200941243582429,0.3687606959498003,0.31714509819900577,0.32876140901312034,0.042371372669192615
1981-09-12,0.2625142612664004,0.2794851682829435,0.2930690245293782,0.3179549343981745,0.265188248716486,0.3200941243582429,0.30100949392877513,0.32596382392089746,0.037711599987508095
1981-10-02,0.4489803194523673,0.2625142612664004,0.2794851682829435,0.2930690245293782,0.3179549343981745,0.265188248716486,0.31246944014342753,0.3326975185396463,0.06444482899070506
1981-10-03,0.3873003422703935,0.4489803194523673,0.2625142612664004,0.2794851682829435,0.2930690245293782,0.3179549343981745,0.3220703284165919,0.3371113804905876,0.07049244003930566
1981-10-04,0.361095265259555,0.3873003422703935,0.4489803194523673,0.2625142612664004,0.2794851682829435,0.2930690245293782,0.33577133077988747,0.3399172846548773,0.06681873123165054
1981-10-06,0.3182758128921848,0.361095265259555,0.3873003422703935,0.4489803194523673,0.2625142612664004,0.2794851682829435,0.3358171705647461,0.34128755466818783,0.06680458007947856
1981-10-07,0.2726754135767256,0.3182758128921848,0.361095265259555,0.3873003422703935,0.4489803194523673,0.2625142612664004,0.33290379757151,0.3331110952652595,0.06937479706668445
1981-10-08,0.2521748431260696,0.2726754135767256,0.3182758128921848,0.361095265259555,0.3873003422703935,0.4489803194523673,0.32900232254909945,0.328814888762122,0.07352350915137415
1981-10-09,0.3440887050770108,0.2521748431260696,0.2726754135767256,0.3182758128921848,0.361095265259555,0.3873003422703935,0.34065581452204385,0.3288303384673892,0.06744200954164899
1981-10-11,0.2716058185966913,0.3440887050770108,0.2521748431260696,0.2726754135767256,0.3182758128921848,0.361095265259555,0.3153166001140901,0.3293259174748051,0.051364256325615636
1981-10-12,0.2569880205362236,0.2716058185966913,0.3440887050770108,0.2521748431260696,0.2726754135767256,0.3182758128921848,0.2967005541520658,0.3292878874310705,0.044015877546680814
1981-11-02,0.4305476326297775,0.2569880205362236,0.2716058185966913,0.3440887050770108,0.2521748431260696,0.2726754135767256,0.30662232091924047,0.33344504658680346,0.06416600380413362
1981-11-03,0.3735738733599543,0.4305476326297775,0.2569880205362236,0.2716058185966913,0.3440887050770108,0.2521748431260696,0.3145220438432075,0.3363804905875642,0.0690573715692038
1981-11-05,0.3618083285795778,0.3735738733599543,0.4305476326297775,0.2569880205362236,0.2716058185966913,0.3440887050770108,0.32725531741504355,0.3396344362046016,0.0682683697827982
1981-11-06,0.3165288077581289,0.3618083285795778,0.3735738733599543,0.4305476326297775,0.2569880205362236,0.2716058185966913,0.3364487409339092,0.3333951321544019,0.060345904327727046
1981-11-08,0.2595550484883057,0.3165288077581289,0.3618083285795778,0.3735738733599543,0.4305476326297775,0.2569880205362236,0.3243725042783799,0.32934493249667235,0.06668731945714516
1981-11-09,0.339097261836851,0.2595550484883057,0.3165288077581289,0.3618083285795778,0.3735738733599543,0.4305476326297775,0.33401413902697413,0.32896225518159344,0.06253660125774933
1981-11-11,0.262157729606389,0.339097261836851,0.2595550484883057,0.3165288077581289,0.3618083285795778,0.3735738733599543,0.33475266889414057,0.3272081194143373,0.06149723793491208
1981-11-12,0.2578080433542498,0.262157729606389,0.339097261836851,0.2595550484883057,0.3165288077581289,0.3618083285795778,0.31007558471192237,0.3274172846548773,0.05028676528661636
1981-12-01,0.4829934398174557,0.2578080433542498,0.262157729606389,0.339097261836851,0.2595550484883057,0.3165288077581289,0.32570695134870825,0.3331110952652595,0.0809637029481744
1981-12-02,0.4184968625213918,0.4829934398174557,0.2578080433542498,0.262157729606389,0.339097261836851,0.2595550484883057,0.33380531334039604,0.3376033941814033,0.0877290346078113
1981-12-03,0.3732173416999429,0.4184968625213918,0.4829934398174557,0.2578080433542498,0.262157729606389,0.339097261836851,0.3419036753320837,0.34112117322684915,0.08848168091470682
1981-12-05,0.3503993154592127,0.3732173416999429,0.4184968625213918,0.4829934398174557,0.2578080433542498,0.262157729606389,0.35488142775649895,0.3357375451606769,0.0807113914896154
1981-12-06,0.327937820878494,0.3503993154592127,0.3732173416999429,0.4184968625213918,0.4829934398174557,0.2578080433542498,0.3532872219053051,0.3316611998478798,0.08118394741663879
1981-12-08,0.274814603536794,0.327937820878494,0.3503993154592127,0.3732173416999429,0.4184968625213918,0.4829934398174557,0.3550953467525058,0.3283062369271724,0.07892557904717977
1981-12-10,0.2927481460353679,0.274814603536794,0.327937820878494,0.3503993154592127,0.3732173416999429,0.4184968625213918,0.3600867899926656,0.325772485263358,0.07259870827939052
1981-12-11,0.2604820308043354,0.2927481460353679,0.274814603536794,0.327937820878494,0.3503993154592127,0.3732173416999429,0.3282994458479341,0.32378541547822776,0.0568117526139313
1982-01-02,0.2441528807758128,0.2604820308043354,0.2927481460353679,0.274814603536794,0.327937820878494,0.3503993154592127,0.3033931627414228,0.32308423654687196,0.04824980359545356
1982-01-03,0.2306403308613804,0.2441528807758128,0.2604820308043354,0.2927481460353679,0.274814603536794,0.327937820878494,0.28302501833591387,0.32017374976231217,0.04374507727670229
1982-01-04,0.2081431831146605,0.2306403308613804,0.2441528807758128,0.2604820308043354,0.2927481460353679,0.274814603536794,0.2627027137152636,0.31734288838182156,0.0401223370731131
1982-01-06,0.1719908727895037,0.2081431831146605,0.2306403308613804,0.2441528807758128,0.2604820308043354,0.2927481460353679,0.24042457827397926,0.313759745198707,0.04114531816138997
1982-01-07,0.1583000570450655,0.1719908727895037,0.2081431831146605,0.2306403308613804,0.2441528807758128,0.2604820308043354,0.22377964306087517,0.3102859383913291,0.04792356642156774
1982-01-09,0.2288220193953223,0.1583000570450655,0.1719908727895037,0.2081431831146605,0.2306403308613804,0.2441528807758128,0.2146473392551544,0.3029473283894276,0.03756103401649618
1982-01-10,0.2481460353679406,0.2288220193953223,0.1583000570450655,0.1719908727895037,0.2081431831146605,0.2306403308613804,0.21288505419281226,0.29830885149267916,0.03527178241808379
1982-01-11,0.3175984027381631,0.2481460353679406,0.2288220193953223,0.1583000570450655,0.1719908727895037,0.2081431831146605,0.22337727161600515,0.29685895607529944,0.052727592095060324
1982-01-12,0.3161722760981175,0.3175984027381631,0.2481460353679406,0.2288220193953223,0.1583000570450655,0.1719908727895037,0.23559612093553906,0.29678883818216384,0.06350098776821948
1982-02-02,0.241657159155733,0.3161722760981175,0.3175984027381631,0.2481460353679406,0.2288220193953223,0.1583000570450655,0.24038383179854939,0.29575489636813074,0.062338952305644374
1982-02-03,0.2372718197375926,0.241657159155733,0.3161722760981175,0.3175984027381631,0.2481460353679406,0.2288220193953223,0.24970968136256208,0.2952581289218482,0.05483331914966282
1982-02-04,0.2081431831146605,0.2372718197375926,0.241657159155733,0.3161722760981175,0.3175984027381631,0.2481460353679406,0.2568301279439328,0.2907266115231032,0.0429288294271508
1982-02-06,0.1674985738733599,0.2081431831146605,0.2372718197375926,0.241657159155733,0.3161722760981175,0.3175984027381631,0.24806963572650959,0.28725637003232546,0.05433807016703356
1982-02-07,0.1641115231032515,0.1674985738733599,0.2081431831146605,0.2372718197375926,0.241657159155733,0.3161722760981175,0.23606470540298258,0.2841604867845597,0.06292308213301676
1982-02-08,0.2002281802624072,0.1641115231032515,0.1674985738733599,0.2081431831146605,0.2372718197375926,0.241657159155733,0.2192975307635889,0.27648317170564746,0.05232021805828862
1982-02-09,0.2306046776953793,0.2002281802624072,0.1641115231032515,0.1674985738733599,0.2081431831146605,0.2372718197375926,0.20707358813462626,0.27171753185016156,0.031941595609110064
1982-02-11,0.3236594409583571,0.2306046776953793,0.2002281802624072,0.1641115231032515,0.1674985738733599,0.2081431831146605,0.21878819982071546,0.27044590226278753,0.05409437121936235
1982-02-12,0.3158513976041072,0.3236594409583571,0.2306046776953793,0.2002281802624072,0.1641115231032515,0.1674985738733599,0.2300138538016461,0.27042332192432017,0.06551681589907292
1982-03-02,0.2455077010838562,0.3158513976041072,0.3236594409583571,0.2306046776953793,0.2002281802624072,0.1641115231032515,0.23535164208295975,0.2699550770108385,0.06495768901686569
1982-03-03,0.232030804335425,0.2455077010838562,0.3158513976041072,0.3236594409583571,0.2306046776953793,0.2002281802624072,0.24457053214896907,0.2663861950941243,0.05792104069912126
1982-03-06,0.1708856246434683,0.232030804335425,0.2455077010838562,0.3158513976041072,0.3236594409583571,0.2306046776953793,0.2455382609404286,0.26334379159536025,0.05638903513153683
1982-03-08,0.207251853964632,0.1708856246434683,0.232030804335425,0.2455077010838562,0.3158513976041072,0.3236594409583571,0.2465416428978893,0.261658585282373,0.05550396054786506
1982-03-09,0.2683970336565887,0.207251853964632,0.1708856246434683,0.232030804335425,0.2455077010838562,0.3158513976041072,0.25194055089234774,0.25450537174367743,0.055533430789652484
1982-03-11,0.3272247575584711,0.2683970336565887,0.207251853964632,0.1708856246434683,0.232030804335425,0.2455077010838562,0.2524498818352212,0.25146296824491343,0.056311733926119385
1982-03-12,0.3263334284084426,0.3272247575584711,0.2683970336565887,0.207251853964632,0.1708856246434683,0.232030804335425,0.2539473148072691,0.24990017113519677,0.05838007419845265
1982-04-01,0.2420849971477466,0.3263334284084426,0.3272247575584711,0.2683970336565887,0.207251853964632,0.1708856246434683,0.2534583571021106,0.2462896938581479,0.05847679357872657
1982-04-02,0.2544922989161437,0.2420849971477466,0.3263334284084426,0.3272247575584711,0.2683970336565887,0.207251853964632,0.25666714204221325,0.2438415097927362,0.057716357063454224
1982-04-03,0.2230462065031374,0.2544922989161437,0.2420849971477466,0.3263334284084426,0.3272247575584711,0.2683970336565887,0.2641186537364517,0.24211589655828097,0.047205738757137475
1982-04-05,0.2005847119224187,0.2230462065031374,0.2544922989161437,0.2420849971477466,0.3263334284084426,0.3272247575584711,0.2631662048732784,0.23904378208784935,0.04859127041613657
1982-04-06,0.1658585282373074,0.2005847119224187,0.2230462065031374,0.2544922989161437,0.2420849971477466,0.3263334284084426,0.24851784695623821,0.2358896653356151,0.060698806960811556
1982-04-08,0.1974472333143183,0.1658585282373074,0.2005847119224187,0.2230462065031374,0.2544922989161437,0.2420849971477466,0.22997820063564495,0.23433281042023194,0.051822568121364765
1982-04-10,0.244438106103822,0.1974472333143183,0.1658585282373074,0.2005847119224187,0.2230462065031374,0.2544922989161437,0.21827886887784204,0.23479273626164662,0.03183318447288411
1982-04-11,0.3318596691386195,0.244438106103822,0.1974472333143183,0.1658585282373074,0.2005847119224187,0.2230462065031374,0.23110382201939528,0.23891661912911194,0.0536386370153737
1982-05-01,0.2454007415858528,0.3318596691386195,0.244438106103822,0.1974472333143183,0.1658585282373074,0.2005847119224187,0.229805028115068,0.24136361475565693,0.053085141178269325
1982-05-02,0.2582715345122646,0.2454007415858528,0.3318596691386195,0.244438106103822,0.1974472333143183,0.1658585282373074,0.23483721783065764,0.24469599733789688,0.05399937201339258
1982-05-04,0.2142042213348545,0.2582715345122646,0.2454007415858528,0.3318596691386195,0.244438106103822,0.1974472333143183,0.23678286203243415,0.24420873740254795,0.0527913830262211
1982-05-05,0.1978037649743297,0.2142042213348545,0.2582715345122646,0.2454007415858528,0.3318596691386195,0.244438106103822,0.2413464672805802,0.24253066172276092,0.046663519234485674
1982-05-07,0.1673203080433542,0.1978037649743297,0.2142042213348545,0.2582715345122646,0.2454007415858528,0.3318596691386195,0.23704262081329963,0.23752139189960061,0.05242132519591686
1982-05-08,0.2019038790644609,0.1673203080433542,0.1978037649743297,0.2142042213348545,0.2582715345122646,0.2454007415858528,0.23096630266481943,0.23371244533181207,0.05386643742488588
1982-05-10,0.2389831717056474,0.2019038790644609,0.1673203080433542,0.1978037649743297,0.2142042213348545,0.2582715345122646,0.2176982316029663,0.2336233124168092,0.031785912256793884
1982-05-11,0.3319309754706218,0.2389831717056474,0.2019038790644609,0.1673203080433542,0.1978037649743297,0.2142042213348545,0.23005969358650472,0.23677861760791022,0.05365649358584609
1982-06-01,0.2492156303479749,0.3319309754706218,0.2389831717056474,0.2019038790644609,0.1673203080433542,0.1978037649743297,0.2287659929916062,0.23814769918235398,0.05296766645755385
1982-06-04,0.217626925270964,0.2492156303479749,0.3319309754706218,0.2389831717056474,0.2019038790644609,0.1673203080433542,0.22925495069676471,0.2398186442289408,0.05282644889666489
1982-06-05,0.1970907016543068,0.217626925270964,0.2492156303479749,0.3319309754706218,0.2389831717056474,0.2019038790644609,0.22915308450819,0.24091795018064266,0.05289784402390961
1982-06-07,0.1635767256132344,0.1970907016543068,0.217626925270964,0.2492156303479749,0.3319309754706218,0.2389831717056474,0.2286182870181729,0.23969623502567025,0.05364086743697941
1982-06-08,0.1978037649743297,0.1635767256132344,0.1970907016543068,0.217626925270964,0.2492156303479749,0.3319309754706218,0.2280325564338684,0.2386028712683019,0.05400236039687065
1982-06-09,0.280875641756988,0.1978037649743297,0.1635767256132344,0.1970907016543068,0.217626925270964,0.2492156303479749,0.23401719501263135,0.23717674462825628,0.05761842004343171
1982-06-10,0.2478608100399315,0.280875641756988,0.1978037649743297,0.1635767256132344,0.1970907016543068,0.217626925270964,0.22200717137967563,0.2349103917094504,0.039820736996376636
1982-06-12,0.3241942384483742,0.2478608100399315,0.280875641756988,0.1978037649743297,0.1635767256132344,0.1970907016543068,0.2327184011083041,0.23753327628826768,0.05539694623079321
1982-07-01,0.2436180832857957,0.3241942384483742,0.2478608100399315,0.280875641756988,0.1978037649743297,0.1635767256132344,0.23643142368185147,0.2379195189199467,0.05508701386954994
1982-07-04,0.2211565887050769,0.2436180832857957,0.3241942384483742,0.2478608100399315,0.280875641756988,0.1978037649743297,0.23986940754624722,0.23959521772200035,0.05293134645453505
1982-07-05,0.1992298916143753,0.2211565887050769,0.2436180832857957,0.3241942384483742,0.2478608100399315,0.280875641756988,0.2449627169749816,0.23932781897699176,0.04557003576369607
1982-07-06,0.1657159155733029,0.1992298916143753,0.2211565887050769,0.2436180832857957,0.3241942384483742,0.2478608100399315,0.24037873848912067,0.23590511504088227,0.05223148431791045
1982-07-07,0.151846833998859,0.1657159155733029,0.1992298916143753,0.2211565887050769,0.2436180832857957,0.3241942384483742,0.22194605166653078,0.23005918425556185,0.05800620521145564
1982-07-09,0.2916785510553337,0.151846833998859,0.1657159155733029,0.1992298916143753,0.2211565887050769,0.2436180832857957,0.22820572895444538,0.22890402167712487,0.0633838582361692
1982-07-10,0.2565601825442099,0.2916785510553337,0.151846833998859,0.1657159155733029,0.1992298916143753,0.2211565887050769,0.2185437209681362,0.22938652785700697,0.050069586917662924
1982-07-12,0.3489731888191671,0.2565601825442099,0.2916785510553337,0.151846833998859,0.1657159155733029,0.1992298916143753,0.23359445033004642,0.23253589085377444,0.0705209572427703
1982-08-01,0.2477181973759269,0.3489731888191671,0.2565601825442099,0.2916785510553337,0.151846833998859,0.1657159155733029,0.23738896585445354,0.23335829054953408,0.0704547418027809
1982-08-02,0.2569880205362236,0.2477181973759269,0.3489731888191671,0.2565601825442099,0.2916785510553337,0.151846833998859,0.24564012712900332,0.23523840083666092,0.06859866400045975
1982-08-03,0.2163434112949229,0.2569880205362236,0.2477181973759269,0.3489731888191671,0.2565601825442099,0.2916785510553337,0.2528726265178062,0.23692123027191475,0.06101764068678146
1982-08-04,0.2188391329150028,0.2163434112949229,0.2569880205362236,0.2477181973759269,0.3489731888191671,0.2565601825442099,0.2624429549343981,0.23763429359193758,0.04591630879583638
1982-08-06,0.1715986879634911,0.2188391329150028,0.2163434112949229,0.2569880205362236,0.2477181973759269,0.3489731888191671,0.2452886887784206,0.2352063129872599,0.05475387856899875
1982-08-07,0.1591200798630918,0.1715986879634911,0.2188391329150028,0.2163434112949229,0.2569880205362236,0.2477181973759269,0.23136867410968945,0.22944832667807566,0.06315264344182138
1982-08-09,0.27124928693668,0.1591200798630918,0.1715986879634911,0.2188391329150028,0.2163434112949229,0.2569880205362236,0.22026525955504847,0.23030994485643655,0.04247779603929987
1982-08-10,0.2721406160867085,0.27124928693668,0.1591200798630918,0.1715986879634911,0.2188391329150028,0.2163434112949229,0.2237541765137315,0.23077224757558465,0.045968032311625426
1982-08-11,0.3192027952082144,0.2721406160867085,0.27124928693668,0.1591200798630918,0.1715986879634911,0.2188391329150028,0.23264200146687306,0.23427220003803,0.057924313206985
1982-08-12,0.3390616086708499,0.3192027952082144,0.2721406160867085,0.27124928693668,0.1591200798630918,0.1715986879634911,0.2501731725205769,0.238980794827914,0.06956945140081375
1982-09-02,0.2534227039361095,0.3390616086708499,0.3192027952082144,0.2721406160867085,0.27124928693668,0.1591200798630918,0.2551136826664493,0.24185087469100583,0.06818764348248592
1982-09-03,0.2043996006845407,0.2534227039361095,0.3390616086708499,0.3192027952082144,0.2721406160867085,0.27124928693668,0.25979952734088496,0.24193406541167517,0.062370922887471675
1982-09-06,0.1656446092413006,0.2043996006845407,0.2534227039361095,0.3390616086708499,0.3192027952082144,0.2721406160867085,0.26073160296634335,0.23948944666286362,0.06064034442804879
1982-09-07,0.1770179691956645,0.1656446092413006,0.2043996006845407,0.2534227039361095,0.3390616086708499,0.3192027952082144,0.24726998614619827,0.2343256797870317,0.06793667780271452
1982-09-08,0.1890687393040502,0.1770179691956645,0.1656446092413006,0.2043996006845407,0.2534227039361095,0.3390616086708499,0.2354025751772471,0.2323207834189009,0.07008963540093997
1982-09-09,0.2872575584711922,0.1890687393040502,0.1770179691956645,0.1656446092413006,0.2043996006845407,0.2534227039361095,0.2308389699291011,0.23464180452557518,0.06454458266574443
1982-09-11,0.3162435824301197,0.2872575584711922,0.1890687393040502,0.1770179691956645,0.1656446092413006,0.2043996006845407,0.22757925189471104,0.23861356721810226,0.058457173608187626
1982-09-12,0.3272960638904734,0.3162435824301197,0.2872575584711922,0.1890687393040502,0.1770179691956645,0.1656446092413006,0.23813258903104875,0.2440708784940102,0.06952145350625748
1982-10-02,0.2634055904164289,0.3272960638904734,0.3162435824301197,0.2872575584711922,0.1890687393040502,0.1770179691956645,0.2465620161356042,0.24625760600874685,0.06831644310705744
1982-10-03,0.2115302338847689,0.2634055904164289,0.3272960638904734,0.3162435824301197,0.2872575584711922,0.1890687393040502,0.2531171053703854,0.24394609241300624,0.06107595415797018
1982-10-05,0.1934184255561893,0.2115302338847689,0.2634055904164289,0.3272960638904734,0.3162435824301197,0.2872575584711922,0.25546002770760323,0.24213134626354815,0.057902305520175355
1982-10-06,0.1643610952652595,0.1934184255561893,0.2115302338847689,0.2634055904164289,0.3272960638904734,0.3162435824301197,0.25193036427349025,0.236803574824111,0.06314014116214631
1982-10-08,0.1859669138619509,0.1643610952652595,0.1934184255561893,0.2115302338847689,0.2634055904164289,0.3272960638904734,0.2374602721864558,0.2348818691766495,0.0652655418797155
1982-10-09,0.2666856816885339,0.1859669138619509,0.1643610952652595,0.1934184255561893,0.2115302338847689,0.2634055904164289,0.230380572080515,0.23639950560943138,0.057523915683829314
1982-10-11,0.3174201369081574,0.2666856816885339,0.1859669138619509,0.1643610952652595,0.1934184255561893,0.2115302338847689,0.22896972536875554,0.24033918045255748,0.05480776272134042
1982-10-12,0.3266899600684541,0.3174201369081574,0.2666856816885339,0.1859669138619509,0.1643610952652595,0.1934184255561893,0.23801034960475914,0.24570498193572918,0.06559297521998665
1982-11-01,0.2400527666856817,0.3266899600684541,0.3174201369081574,0.2666856816885339,0.1859669138619509,0.1643610952652595,0.2420849971477467,0.2486451796919566,0.06455151180781904
1982-11-02,0.2598402738163148,0.2400527666856817,0.3266899600684541,0.3174201369081574,0.2666856816885339,0.1859669138619509,0.25157383261347893,0.24758390378398928,0.06098898087589396
1982-11-03,0.2111737022247575,0.2598402738163148,0.2400527666856817,0.3266899600684541,0.3174201369081574,0.2666856816885339,0.25826134789340716,0.24607102110667423,0.05168975347365302
1982-11-05,0.1926697090701654,0.2111737022247575,0.2598402738163148,0.2400527666856817,0.3266899600684541,0.3174201369081574,0.25921889006600923,0.24086090511504082,0.05016696018879685
1982-11-06,0.1666785510553337,0.1926697090701654,0.2111737022247575,0.2598402738163148,0.2400527666856817,0.3266899600684541,0.24493215711840924,0.23815958357102104,0.06079957451382151
1982-11-08,0.177124928693668,0.1666785510553337,0.1926697090701654,0.2111737022247575,0.2598402738163148,0.2400527666856817,0.22488998451633932,0.23549748050960254,0.05584356393942306
1982-11-10,0.2790929834569309,0.177124928693668,0.1666785510553337,0.1926697090701654,0.2111737022247575,0.2598402738163148,0.21809041642897883,0.2375891329150028,0.042743640831626864
1982-11-11,0.3026240730176839,0.2790929834569309,0.177124928693668,0.1666785510553337,0.1926697090701654,0.2111737022247575,0.22702917447640772,0.24038196425175887,0.05333291274110873
1982-12-01,0.2429050199657729,0.3026240730176839,0.2790929834569309,0.177124928693668,0.1666785510553337,0.1926697090701654,0.2246098524977589,0.2427588419851682,0.051962967401407885
1982-12-02,0.2583428408442669,0.2429050199657729,0.3026240730176839,0.2790929834569309,0.177124928693668,0.1666785510553337,0.23134830087197453,0.2460662673512074,0.05297867094429257
1982-12-03,0.2056474614945806,0.2583428408442669,0.2429050199657729,0.3026240730176839,0.2790929834569309,0.177124928693668,0.23320226550403383,0.24387953983647076,0.051608908851532756
1982-12-05,0.1931688533941814,0.2056474614945806,0.2583428408442669,0.2429050199657729,0.3026240730176839,0.2790929834569309,0.2369865944095835,0.24124714774671985,0.046651006279468894
1982-12-07,0.1794780376497433,0.1931688533941814,0.2056474614945806,0.2583428408442669,0.2429050199657729,0.3026240730176839,0.23732275283187998,0.23658965582810415,0.04615358848858858
1982-12-08,0.1773745008556759,0.1794780376497433,0.1931688533941814,0.2056474614945806,0.2583428408442669,0.2429050199657729,0.22279154103170073,0.23120008556759833,0.046818568816415954
1982-12-10,0.2912150598973188,0.1773745008556759,0.1794780376497433,0.1931688533941814,0.2056474614945806,0.2583428408442669,0.22116168201450567,0.23245983076630533,0.04366886763636446
1982-12-11,0.2887193382772389,0.2912150598973188,0.1773745008556759,0.1794780376497433,0.1931688533941814,0.2056474614945806,0.2277065846304294,0.23527048868606196,0.050387223788279506
1983-01-02,0.4645607529948659,0.2887193382772389,0.2912150598973188,0.1773745008556759,0.1794780376497433,0.1931688533941814,0.25716628636622924,0.2452343601445141,0.10353697617986012
1983-01-03,0.3354249857387336,0.4645607529948659,0.2887193382772389,0.2912150598973188,0.1773745008556759,0.1794780376497433,0.27570593268682253,0.25051459402928306,0.10439000425510489
1983-01-06,0.4090487735310895,0.3354249857387336,0.4645607529948659,0.2887193382772389,0.2912150598973188,0.1773745008556759,0.3065459212778094,0.2578472618368511,0.1077758842865593
1983-01-07,0.3669780376497432,0.4090487735310895,0.3354249857387336,0.4645607529948659,0.2887193382772389,0.2912150598973188,0.3333316355635237,0.26050461114280277,0.09325352505705652
1983-01-08,0.375534797490017,0.3669780376497432,0.4090487735310895,0.3354249857387336,0.4645607529948659,0.2887193382772389,0.36164024936842953,0.26248098497813266,0.06328000647232766
1983-01-09,0.3881916714204221,0.375534797490017,0.3669780376497432,0.4090487735310895,0.3354249857387336,0.4645607529948659,0.37549405101458716,0.26451083856246427,0.05541950811072826
1983-01-11,0.253066172276098,0.3881916714204221,0.375534797490017,0.3669780376497432,0.4090487735310895,0.3354249857387336,0.37040074158585273,0.2641661912911199,0.0654536393062672
1983-01-12,0.2962065031374786,0.253066172276098,0.3881916714204221,0.375534797490017,0.3669780376497432,0.4090487735310895,0.3463501344633689,0.26698873359954356,0.055218850555883645
1983-02-02,0.4436323445521962,0.2962065031374786,0.253066172276098,0.3881916714204221,0.375534797490017,0.3669780376497432,0.3618083285795778,0.27532919756607716,0.06578564674766124
1983-02-03,0.3467270393610952,0.4436323445521962,0.2962065031374786,0.253066172276098,0.3881916714204221,0.375534797490017,0.3529052236981501,0.2814080623692716,0.062459902627759696
1983-02-06,0.3914004563605248,0.3467270393610952,0.4436323445521962,0.2962065031374786,0.253066172276098,0.3881916714204221,0.3563941406568331,0.28825584711922414,0.06403913864715519
1983-02-08,0.3778522532800912,0.3914004563605248,0.3467270393610952,0.4436323445521962,0.2962065031374786,0.253066172276098,0.35672520576970085,0.2919613995056094,0.06416045809349323
1983-02-09,0.3892612664004563,0.3778522532800912,0.3914004563605248,0.3467270393610952,0.4436323445521962,0.2962065031374786,0.3568780050525629,0.2943561038220193,0.06424909810531153
1983-02-11,0.266970907016543,0.3892612664004563,0.3778522532800912,0.3914004563605248,0.3467270393610952,0.4436323445521962,0.3588643957297693,0.29236546872028896,0.06061689679380931
1983-02-12,0.301625784369652,0.266970907016543,0.3892612664004563,0.3778522532800912,0.3914004563605248,0.3467270393610952,0.3596385787629369,0.2944179026430879,0.059711111015474015
1983-03-02,0.466628636622932,0.301625784369652,0.266970907016543,0.3892612664004563,0.3778522532800912,0.3914004563605248,0.36292376334447063,0.3013108480699752,0.06545847716618333
1983-03-03,0.3447661152310325,0.466628636622932,0.301625784369652,0.266970907016543,0.3892612664004563,0.3778522532800912,0.3626436313258902,0.30576392850351775,0.06554348479836042
1983-03-05,0.386658585282373,0.3447661152310325,0.466628636622932,0.301625784369652,0.266970907016543,0.3892612664004563,0.3619662211718686,0.31223022437725795,0.0652204482670369
1983-03-06,0.389439532230462,0.386658585282373,0.3447661152310325,0.466628636622932,0.301625784369652,0.266970907016543,0.3636215467362072,0.3196555904164289,0.06583499236504156
1983-03-08,0.3769609241300627,0.389439532230462,0.386658585282373,0.3447661152310325,0.466628636622932,0.301625784369652,0.36186435498329395,0.32631679026430876,0.06519765719593175
1983-03-10,0.3254420992584141,0.3769609241300627,0.389439532230462,0.386658585282373,0.3447661152310325,0.466628636622932,0.37021738244641833,0.32786176079102486,0.05375532499746946
1983-03-11,0.2646534512264689,0.3254420992584141,0.3769609241300627,0.389439532230462,0.386658585282373,0.3447661152310325,0.3649356205688208,0.32659607339798435,0.06269166210066736
1983-04-01,0.3491514546491728,0.2646534512264689,0.3254420992584141,0.3769609241300627,0.389439532230462,0.386658585282373,0.3481531660011409,0.33013762122076434,0.043813205566452365
1983-04-02,0.4592127780946948,0.3491514546491728,0.2646534512264689,0.3254420992584141,0.3769609241300627,0.389439532230462,0.3645026892673783,0.3368332857957786,0.060510603533964445
1983-04-03,0.3324301197946377,0.4592127780946948,0.3491514546491728,0.2646534512264689,0.3254420992584141,0.3769609241300627,0.35675576562627326,0.3410593744057805,0.06067242789949512
1983-04-05,0.3948944666286366,0.3324301197946377,0.4592127780946948,0.3491514546491728,0.2646534512264689,0.3254420992584141,0.35753504196886965,0.3477835615135957,0.06119496446699443
1983-04-07,0.3698302909298345,0.3948944666286366,0.3324301197946377,0.4592127780946948,0.3491514546491728,0.2646534512264689,0.3565163800831228,0.3541286366229321,0.060876222235107955
1983-04-08,0.3799914432401597,0.3698302909298345,0.3948944666286366,0.3324301197946377,0.4592127780946948,0.3491514546491728,0.36430914350908644,0.3608825347024149,0.05971580490187414
1983-04-10,0.3262264689104392,0.3799914432401597,0.3698302909298345,0.3948944666286366,0.3324301197946377,0.4592127780946948,0.3731052888925107,0.3620495816695189,0.045411621154880615
1983-04-11,0.2721406160867085,0.3262264689104392,0.3799914432401597,0.3698302909298345,0.3948944666286366,0.3324301197946377,0.36210374052644445,0.3614969575965012,0.05936628185841362
1983-05-01,0.3503636622932116,0.2721406160867085,0.3262264689104392,0.3799914432401597,0.3698302909298345,0.3948944666286366,0.34655386684051825,0.3576903879064461,0.041152575431979546
1983-05-02,0.2234740444951511,0.3503636622932116,0.2721406160867085,0.3262264689104392,0.3799914432401597,0.3698302909298345,0.3309887132263059,0.3539586898649933,0.062469260676514225
1983-05-04,0.3459426697090701,0.2234740444951511,0.3503636622932116,0.2721406160867085,0.3262264689104392,0.3799914432401597,0.32399559938065353,0.351855153070926,0.056585924611135895
1983-05-05,0.3982458642327438,0.3459426697090701,0.2234740444951511,0.3503636622932116,0.2721406160867085,0.3262264689104392,0.32805496699535486,0.35289741395702595,0.06124912898395762
1983-05-07,0.3639475185396463,0.3982458642327438,0.3459426697090701,0.2234740444951511,0.3503636622932116,0.2721406160867085,0.32576297775242435,0.35251117132534693,0.05924924752906905
1983-05-08,0.3676911009697661,0.3639475185396463,0.3982458642327438,0.3459426697090701,0.2234740444951511,0.3503636622932116,0.3316864966180425,0.3518278189769918,0.061339188342066434
1983-05-09,0.3946092413006274,0.3676911009697661,0.3639475185396463,0.3982458642327438,0.3459426697090701,0.2234740444951511,0.3491820145057452,0.3565459212778094,0.05894331181427086
1983-05-10,0.3019110096976611,0.3946092413006274,0.3676911009697661,0.3639475185396463,0.3982458642327438,0.3459426697090701,0.3422602069920951,0.3567360714964822,0.06156792416386742
1983-05-12,0.2993439817455789,0.3019110096976611,0.3946092413006274,0.3676911009697661,0.3639475185396463,0.3982458642327438,0.3530987694564419,0.35192645940292827,0.04011023279598931
1983-06-01,0.3572090701654307,0.2993439817455789,0.3019110096976611,0.3946092413006274,0.3676911009697661,0.3639475185396463,0.35470825523592203,0.35227586042973946,0.04000111737333983
1983-06-04,0.353251568739304,0.3572090701654307,0.2993439817455789,0.3019110096976611,0.3946092413006274,0.3676911009697661,0.34828049873685923,0.35100423084236543,0.03516134835726326
1983-06-05,0.3968197375926982,0.353251568739304,0.3572090701654307,0.2993439817455789,0.3019110096976611,0.3946092413006274,0.35297653003015234,0.3516364803194523,0.03952669085494639
1983-06-06,0.3726825442099258,0.3968197375926982,0.353251568739304,0.3572090701654307,0.2993439817455789,0.3019110096976611,0.3536895933501752,0.3510838562464346,0.03987982974195305
1983-06-07,0.3618083285795778,0.3726825442099258,0.3968197375926982,0.353251568739304,0.3572090701654307,0.2993439817455789,0.34900374867573947,0.3542451036318691,0.0360097237160295
1983-06-09,0.3960353679406731,0.3618083285795778,0.3726825442099258,0.3968197375926982,0.353251568739304,0.3572090701654307,0.36245008556759833,0.3573920897509032,0.03293635409945272
1983-06-10,0.3236594409583571,0.3960353679406731,0.3618083285795778,0.3726825442099258,0.3968197375926982,0.353251568739304,0.3659237225979952,0.35262644989541736,0.025647258522304504
1983-06-12,0.2934255561893896,0.3236594409583571,0.3960353679406731,0.3618083285795778,0.3726825442099258,0.3968197375926982,0.3568117920299893,0.3509150979273626,0.03773932350814816
1983-07-01,0.3550342270393611,0.2934255561893896,0.3236594409583571,0.3960353679406731,0.3618083285795778,0.3726825442099258,0.3570664575014261,0.3498609526525955,0.03771730327717849
1983-07-02,0.4427410154021676,0.3550342270393611,0.2934255561893896,0.3236594409583571,0.3960353679406731,0.3618083285795778,0.363626640045636,0.35163766875831903,0.04829445176448802
1983-07-03,0.3282230462065031,0.4427410154021676,0.3550342270393611,0.2934255561893896,0.3236594409583571,0.3960353679406731,0.35727528318800417,0.3500130728275337,0.04980487149258497
1983-07-04,0.3518967484312607,0.3282230462065031,0.4427410154021676,0.3550342270393611,0.2934255561893896,0.3236594409583571,0.35585934316681606,0.35089489446662864,0.049795410228520146
1983-07-06,0.3500427837992013,0.3518967484312607,0.3282230462065031,0.4427410154021676,0.3550342270393611,0.2934255561893896,0.3492889740037487,0.3537412055523863,0.04653856540303292
1983-07-07,0.3685824301197946,0.3500427837992013,0.3518967484312607,0.3282230462065031,0.4427410154021676,0.3550342270393611,0.355706543883954,0.35438890473474044,0.04550109244336868
1983-07-09,0.3877638334284084,0.3685824301197946,0.3500427837992013,0.3518967484312607,0.3282230462065031,0.4427410154021676,0.3691834406323853,0.3520072732458642,0.03719197414360408
1983-07-10,0.3226968054763263,0.3877638334284084,0.3685824301197946,0.3500427837992013,0.3518967484312607,0.3282230462065031,0.3645638089805231,0.35168282943525386,0.04105053323005371
1983-07-11,0.2691100969766115,0.3226968054763263,0.3877638334284084,0.3685824301197946,0.3500427837992013,0.3518967484312607,0.3397593920625866,0.3474900171135197,0.03830535104436533
1983-07-12,0.2957073588134626,0.2691100969766115,0.3226968054763263,0.3877638334284084,0.3685824301197946,0.3500427837992013,0.33511429386358077,0.34501925270964057,0.04175375294212949
1983-08-02,0.4573588134626354,0.2957073588134626,0.2691100969766115,0.3226968054763263,0.3877638334284084,0.3685824301197946,0.3501803031537772,0.34759816505038976,0.06262778223716634
1983-08-03,0.3325014261266401,0.4573588134626354,0.2957073588134626,0.2691100969766115,0.3226968054763263,0.3877638334284084,0.34767439491483987,0.3478073302909298,0.06298412683146118
1983-08-04,0.3475470621791214,0.3325014261266401,0.4573588134626354,0.2957073588134626,0.2691100969766115,0.3226968054763263,0.3446693423518865,0.3503208784940102,0.06231861584829039
1983-08-06,0.3503993154592127,0.3475470621791214,0.3325014261266401,0.4573588134626354,0.2957073588134626,0.2691100969766115,0.33933155407057286,0.35032206693287693,0.05955097652710961
1983-08-07,0.3836637193382772,0.3503993154592127,0.3475470621791214,0.3325014261266401,0.4573588134626354,0.2957073588134626,0.34804111319370873,0.3556617227609811,0.06114946702914032
1983-08-08,0.3673345693097546,0.3836637193382772,0.3503993154592127,0.3475470621791214,0.3325014261266401,0.4573588134626354,0.362073180669872,0.3563747860810039,0.050331209025706654
1983-08-09,0.3887264689104392,0.3673345693097546,0.3836637193382772,0.3503993154592127,0.3475470621791214,0.3325014261266401,0.3753616249694401,0.3560574729035938,0.041370842816278015
1983-08-11,0.2767042213348545,0.3887264689104392,0.3673345693097546,0.3836637193382772,0.3503993154592127,0.3475470621791214,0.34955382609404284,0.35314936299676736,0.03789618891030623
1983-08-12,0.3044423844837421,0.2767042213348545,0.3887264689104392,0.3673345693097546,0.3836637193382772,0.3503993154592127,0.3455453915736288,0.35104107244723326,0.04132898859947645
1983-09-02,0.4477324586423274,0.3044423844837421,0.2767042213348545,0.3887264689104392,0.3673345693097546,0.3836637193382772,0.3598575910683725,0.3528118463586233,0.056646312622244205
1983-09-03,0.3325727324586423,0.4477324586423274,0.3044423844837421,0.2767042213348545,0.3887264689104392,0.3673345693097546,0.35731093635400535,0.3538339037839893,0.05753612601719152
1983-09-05,0.4042355961209355,0.3325727324586423,0.4477324586423274,0.3044423844837421,0.2767042213348545,0.3887264689104392,0.3602497758943851,0.3573302909298345,0.05959506671517107
1983-09-06,0.3557472903593839,0.4042355961209355,0.3325727324586423,0.4477324586423274,0.3044423844837421,0.2767042213348545,0.3585944503300464,0.35728156493629964,0.05952636561488381
1983-09-08,0.3690459212778094,0.3557472903593839,0.4042355961209355,0.3325727324586423,0.4477324586423274,0.3044423844837421,0.35578294352538503,0.35780804335424976,0.05831851039414953
1983-09-09,0.391222190530519,0.3690459212778094,0.3557472903593839,0.4042355961209355,0.3325727324586423,0.4477324586423274,0.37214265341048,0.3576214584521772,0.047496152651008504
1983-09-11,0.2735667427267541,0.391222190530519,0.3690459212778094,0.3557472903593839,0.4042355961209355,0.3325727324586423,0.36773184744519594,0.35431759840273813,0.05557728011429529
1983-09-12,0.2844409583571021,0.2735667427267541,0.391222190530519,0.3690459212778094,0.3557472903593839,0.4042355961209355,0.3444044902615923,0.35173868606198894,0.05043332174000963
1983-10-01,0.3832002281802624,0.2844409583571021,0.2735667427267541,0.391222190530519,0.3690459212778094,0.3557472903593839,0.3516369896503952,0.35131084806997526,0.05205778056876016
1983-10-02,0.4502281802624073,0.3832002281802624,0.2844409583571021,0.2735667427267541,0.391222190530519,0.3690459212778094,0.3582073588134626,0.3555298060467769,0.061794681963134215
1983-10-03,0.3461209355390758,0.4502281802624073,0.3832002281802624,0.2844409583571021,0.2735667427267541,0.391222190530519,0.3568321652677043,0.3572863186917664,0.06196543109307032
1983-10-05,0.4139689104392469,0.3461209355390758,0.4502281802624073,0.3832002281802624,0.2844409583571021,0.2735667427267541,0.3632497351479097,0.3592508081384293,0.06565747392599003
1983-10-06,0.372967769537935,0.4139689104392469,0.3461209355390758,0.4502281802624073,0.3832002281802624,0.2844409583571021,0.3606419607203976,0.3569250332762882,0.06471707890769966
1983-10-08,0.3639475185396463,0.372967769537935,0.4139689104392469,0.3461209355390758,0.4502281802624073,0.3832002281802624,0.37355350012223937,0.35811584902072635,0.052268027176995795
1983-10-10,0.3266543069024529,0.3639475185396463,0.372967769537935,0.4139689104392469,0.3461209355390758,0.4502281802624073,0.37958397848586095,0.3572744343030994,0.04162451707350632
1983-10-11,0.2758841985168282,0.3266543069024529,0.3639475185396463,0.372967769537935,0.4139689104392469,0.3461209355390758,0.36425311710537034,0.35480248146035365,0.05699550049304295
1983-11-01,0.3904021677124928,0.2758841985168282,0.3266543069024529,0.3639475185396463,0.372967769537935,0.4139689104392469,0.355706543883954,0.35552980604677686,0.04522476538488807
1983-11-02,0.4631346263548203,0.3904021677124928,0.2758841985168282,0.3266543069024529,0.3639475185396463,0.372967769537935,0.3724227854290603,0.35804216581099063,0.0602281168018369
1983-11-03,0.3421990872789503,0.4631346263548203,0.3904021677124928,0.2758841985168282,0.3266543069024529,0.3639475185396463,0.362169953549018,0.3586922418710781,0.05804610784620336
1983-11-04,0.3507915002852253,0.3421990872789503,0.4631346263548203,0.3904021677124928,0.2758841985168282,0.3266543069024529,0.3590019150843452,0.3614149553146985,0.057963673841336105
1983-11-05,0.4240231032515686,0.3507915002852253,0.3421990872789503,0.4631346263548203,0.3904021677124928,0.2758841985168282,0.36758414147176266,0.36569214679596873,0.06304289354597499
1983-11-07,0.3853394181403308,0.4240231032515686,0.3507915002852253,0.3421990872789503,0.4631346263548203,0.3904021677124928,0.3759677287914595,0.3632915002852253,0.06054536219118708
1983-11-08,0.3692954934398174,0.3853394181403308,0.4240231032515686,0.3507915002852253,0.3421990872789503,0.4631346263548203,0.38931219949474366,0.3645179691956645,0.042378702790180973
1983-11-10,0.3312179121505989,0.3692954934398174,0.3853394181403308,0.4240231032515686,0.3507915002852253,0.3421990872789503,0.3808573058430445,0.3639736641947138,0.04769536718548362
1983-11-11,0.2724971477467198,0.3312179121505989,0.3692954934398174,0.3853394181403308,0.4240231032515686,0.3507915002852253,0.3536233803276016,0.361376925270964,0.04731040724996853
1983-12-01,0.3858742156303479,0.2724971477467198,0.3312179121505989,0.3692954934398174,0.3853394181403308,0.4240231032515686,0.3598626843778012,0.3614506084806997,0.04841960227324379
1983-12-04,0.3593126069594979,0.3858742156303479,0.2724971477467198,0.3312179121505989,0.3692954934398174,0.3853394181403308,0.3610799853312688,0.3611832097356912,0.04826038879322635
1983-12-05,0.4145750142612663,0.3593126069594979,0.3858742156303479,0.2724971477467198,0.3312179121505989,0.3692954934398174,0.35973025833265415,0.362044827914052,0.04629888487630705
1983-12-07,0.3961066742726754,0.4145750142612663,0.3593126069594979,0.3858742156303479,0.2724971477467198,0.3312179121505989,0.36126843778013196,0.36602490967864615,0.04745589714537591
1983-12-08,0.3726468910439247,0.3961066742726754,0.4145750142612663,0.3593126069594979,0.3858742156303479,0.2724971477467198,0.36174720886643297,0.36829839323065217,0.04756715264948432
1983-12-09,0.3921135196805476,0.3726468910439247,0.3961066742726754,0.4145750142612663,0.3593126069594979,0.3858742156303479,0.37044658137071135,0.36644442859859283,0.046612096727127475
1983-12-10,0.3183827723901882,0.3921135196805476,0.3726468910439247,0.3961066742726754,0.4145750142612663,0.3593126069594979,0.37700167060549256,0.3659714299296443,0.031230032719489965
1983-12-12,0.2922846548773531,0.3183827723901882,0.3921135196805476,0.3726468910439247,0.3961066742726754,0.4145750142612663,0.36363173335506477,0.36223973188819164,0.044156641263543836
1984-01-02,0.2649030233884769,0.2922846548773531,0.3183827723901882,0.3921135196805476,0.3726468910439247,0.3961066742726754,0.350144649987776,0.35921158965582806,0.057957235959824174
1984-01-03,0.2978108956075299,0.2649030233884769,0.2922846548773531,0.3183827723901882,0.3921135196805476,0.3726468910439247,0.3334640616086708,0.3568370888001521,0.0529057385151838
1984-01-05,0.2729606389047347,0.2978108956075299,0.2649030233884769,0.2922846548773531,0.3183827723901882,0.3921135196805476,0.3158717708418221,0.3528950370792926,0.04892894403037181
1984-01-06,0.288469766115231,0.2729606389047347,0.2978108956075299,0.2649030233884769,0.2922846548773531,0.3183827723901882,0.3038464672805802,0.35339180452557517,0.04258217446392437
1984-01-08,0.2047561323445521,0.288469766115231,0.2729606389047347,0.2978108956075299,0.2649030233884769,0.2922846548773531,0.27708112623258085,0.35073564365849014,0.03626887338775644
1984-01-10,0.2203722190530518,0.2047561323445521,0.288469766115231,0.2729606389047347,0.2978108956075299,0.2649030233884769,0.2630796186129899,0.3453080433542498,0.036584071510519664
1984-01-11,0.2104962920707359,0.2203722190530518,0.2047561323445521,0.288469766115231,0.2729606389047347,0.2978108956075299,0.2513955667834732,0.3373169804145274,0.03870146066727505
1984-02-02,0.2694666286366229,0.2104962920707359,0.2203722190530518,0.2047561323445521,0.288469766115231,0.2729606389047347,0.25204751039035117,0.3347618368511123,0.039004177182241806
1984-02-03,0.2993083285795778,0.2694666286366229,0.2104962920707359,0.2203722190530518,0.2047561323445521,0.288469766115231,0.25226142938635804,0.33093981745579,0.03929998347328649
1984-02-04,0.3019823160296634,0.2993083285795778,0.2694666286366229,0.2104962920707359,0.2203722190530518,0.2047561323445521,0.2564073832613478,0.32857363567218095,0.043186261251273415
1984-02-05,0.2741015402167712,0.3019823160296634,0.2993083285795778,0.2694666286366229,0.2104962920707359,0.2203722190530518,0.2543547795615679,0.32557876972808514,0.041725119308068284
1984-02-07,0.2503921848260125,0.2741015402167712,0.3019823160296634,0.2993083285795778,0.2694666286366229,0.2104962920707359,0.26087421563034796,0.3230366989922038,0.035833105066709295
1984-02-08,0.2165216771249286,0.2503921848260125,0.2741015402167712,0.3019823160296634,0.2993083285795778,0.2694666286366229,0.26032413821204464,0.32105794827914047,0.03658024594708525
1984-02-10,0.2222974900171134,0.2165216771249286,0.2503921848260125,0.2741015402167712,0.3019823160296634,0.2993083285795778,0.26201002363295567,0.3154544590226278,0.034088127492299274
1984-02-11,0.2190173987450085,0.2222974900171134,0.2165216771249286,0.2503921848260125,0.2741015402167712,0.3019823160296634,0.2548029907912965,0.3073172181023008,0.03741919782566469
1984-03-01,0.2741015402167712,0.2190173987450085,0.2222974900171134,0.2165216771249286,0.2503921848260125,0.2741015402167712,0.25120202102518124,0.3050472998668948,0.033421844730107744
1984-03-02,0.2708927552766685,0.2741015402167712,0.2190173987450085,0.2222974900171134,0.2165216771249286,0.2503921848260125,0.24676065520332482,0.30238400836660956,0.02699729854712704
1984-03-04,0.2881845407872219,0.2708927552766685,0.2741015402167712,0.2190173987450085,0.2222974900171134,0.2165216771249286,0.24877251242767495,0.29785605628446465,0.02975792916789103
1984-03-05,0.2773816314888762,0.2881845407872219,0.2708927552766685,0.2741015402167712,0.2190173987450085,0.2222974900171134,0.2526281476652269,0.2942574633960828,0.03168859674854644
1984-03-07,0.2473616657159155,0.2773816314888762,0.2881845407872219,0.2708927552766685,0.2741015402167712,0.2190173987450085,0.25703386032108216,0.2901930024719528,0.027728413443479153
1984-03-08,0.2234740444951511,0.2473616657159155,0.2773816314888762,0.2881845407872219,0.2708927552766685,0.2741015402167712,0.2572019395322304,0.2866015402167712,0.02748526130669102
1984-03-09,0.2154520821448944,0.2234740444951511,0.2473616657159155,0.2773816314888762,0.2881845407872219,0.2708927552766685,0.25669260858935694,0.28470003803004373,0.028330822570858616
1984-03-10,0.225969766115231,0.2154520821448944,0.2234740444951511,0.2473616657159155,0.2773816314888762,0.2881845407872219,0.2498166408605655,0.27936988971287313,0.029228076311083918
1984-03-12,0.2041500285225327,0.225969766115231,0.2154520821448944,0.2234740444951511,0.2473616657159155,0.2773816314888762,0.24028196560997467,0.27419780376497427,0.03196495301548077
1984-04-01,0.2569880205362236,0.2041500285225327,0.225969766115231,0.2154520821448944,0.2234740444951511,0.2473616657159155,0.23582531985983207,0.2689449039741395,0.025742160783698214
1984-04-04,0.2883628066172276,0.2569880205362236,0.2041500285225327,0.225969766115231,0.2154520821448944,0.2234740444951511,0.2373940591638823,0.2653534417189579,0.028844372439083523
1984-04-05,0.2772390188248716,0.2883628066172276,0.2569880205362236,0.2041500285225327,0.225969766115231,0.2154520821448944,0.2416622524651617,0.2621731793116561,0.03253903358541709
1984-04-06,0.2888976041072447,0.2772390188248716,0.2883628066172276,0.2569880205362236,0.2041500285225327,0.225969766115231,0.2510084752668894,0.25873264879254604,0.035687618326742214
1984-04-07,0.2454363947518539,0.2888976041072447,0.2772390188248716,0.2883628066172276,0.2569880205362236,0.2041500285225327,0.25529194849645503,0.2563011028712682,0.03235220394365898
1984-04-09,0.2116728465487735,0.2454363947518539,0.2888976041072447,0.2772390188248716,0.2883628066172276,0.2569880205362236,0.25324953141553247,0.25361404259364895,0.03486551783273848
1984-04-10,0.2249001711351967,0.2116728465487735,0.2454363947518539,0.2888976041072447,0.2772390188248716,0.2883628066172276,0.25621383750305593,0.25228061418520625,0.030618734113749303
1984-04-12,0.2066457501426126,0.2249001711351967,0.2116728465487735,0.2454363947518539,0.2888976041072447,0.2772390188248716,0.24902208458968295,0.24924177600304234,0.035868714380375276
1984-05-01,0.2554192812321734,0.2066457501426126,0.2249001711351967,0.2116728465487735,0.2454363947518539,0.2888976041072447,0.24431586667753238,0.24865706408062363,0.03177415179508696
1984-05-03,0.3151026811180832,0.2554192812321734,0.2066457501426126,0.2249001711351967,0.2116728465487735,0.2454363947518539,0.24972496129084829,0.24954482791405205,0.04037245627354694
1984-05-04,0.2887193382772389,0.3151026811180832,0.2554192812321734,0.2066457501426126,0.2249001711351967,0.2116728465487735,0.2496994947437046,0.2523436014451416,0.04034367423541013
1984-05-06,0.2878993154592127,0.2887193382772389,0.3151026811180832,0.2554192812321734,0.2066457501426126,0.2249001711351967,0.2557656262733273,0.2545945046586803,0.042718339004637715
1984-05-07,0.2330290929834569,0.2878993154592127,0.2887193382772389,0.3151026811180832,0.2554192812321734,0.2066457501426126,0.2588165186211392,0.25534559802243767,0.039700461872352426
1984-05-09,0.2081431831146605,0.2330290929834569,0.2878993154592127,0.2887193382772389,0.3151026811180832,0.2554192812321734,0.256422663189634,0.2533014831717056,0.04249336131492587
1984-05-10,0.2246505989731888,0.2081431831146605,0.2330290929834569,0.2878993154592127,0.2887193382772389,0.3151026811180832,0.25899478445114493,0.25081289218482594,0.0394113496187768
1984-05-11,0.22219053051911,0.2246505989731888,0.2081431831146605,0.2330290929834569,0.2878993154592127,0.2887193382772389,0.25424782006356444,0.24815316600114082,0.041840092536120935
1984-05-12,0.2076440387906445,0.22219053051911,0.2246505989731888,0.2081431831146605,0.2330290929834569,0.2878993154592127,0.2388965854453589,0.2459379159536033,0.034934547240600106
1984-06-01,0.2545992584141471,0.2076440387906445,0.22219053051911,0.2246505989731888,0.2081431831146605,0.2330290929834569,0.23402228832206004,0.2460781517398744,0.028637072059741996
1984-06-02,0.2659726183685111,0.2545992584141471,0.2076440387906445,0.22219053051911,0.2246505989731888,0.2081431831146605,0.2308899030233884,0.24772651644799387,0.022248213599648573
1984-06-03,0.3124286936679977,0.2659726183685111,0.2545992584141471,0.2076440387906445,0.22219053051911,0.2246505989731888,0.24223270312117995,0.25073088990302334,0.03810792240016994
1984-06-04,0.2792712492869367,0.3124286936679977,0.2659726183685111,0.2545992584141471,0.2076440387906445,0.22219053051911,0.2523938554315051,0.2527393515877543,0.036969126560385174
1984-06-06,0.2862949229891614,0.2792712492869367,0.3124286936679977,0.2659726183685111,0.2545992584141471,0.2076440387906445,0.2612001874337869,0.25314579768016726,0.036599252340092175
1984-06-07,0.2256132344552195,0.2862949229891614,0.2792712492869367,0.3124286936679977,0.2659726183685111,0.2545992584141471,0.2616891451389454,0.2516364803194523,0.03600934129583225
1984-06-08,0.2291785510553337,0.2256132344552195,0.2862949229891614,0.2792712492869367,0.3124286936679977,0.2659726183685111,0.26476550403390103,0.24966961399505605,0.03122459842942879
1984-06-09,0.2105675984027381,0.2291785510553337,0.2256132344552195,0.2862949229891614,0.2792712492869367,0.3124286936679977,0.258475266889414,0.24744247955885143,0.037432036465975545
1984-06-11,0.2246505989731888,0.2105675984027381,0.2291785510553337,0.2256132344552195,0.2862949229891614,0.2792712492869367,0.2525721212615108,0.24668544400076053,0.039265999087957824
1984-06-12,0.2069309754706217,0.2246505989731888,0.2105675984027381,0.2291785510553337,0.2256132344552195,0.2862949229891614,0.23750101866188572,0.24613400836660956,0.0320448906487096
1984-07-02,0.2625142612664004,0.2069309754706217,0.2246505989731888,0.2105675984027381,0.2291785510553337,0.2256132344552195,0.2351071632303805,0.24770274767065975,0.02887342039679491
1984-07-03,0.3087920707358813,0.2625142612664004,0.2069309754706217,0.2246505989731888,0.2105675984027381,0.2291785510553337,0.23832104147991193,0.25046349115801475,0.03591430119885416
1984-07-06,0.2835496292070735,0.3087920707358813,0.2625142612664004,0.2069309754706217,0.2246505989731888,0.2105675984027381,0.24659766930160534,0.25311014451416614,0.03903767623577863
1984-07-08,0.21687820878494,0.2835496292070735,0.3087920707358813,0.2625142612664004,0.2069309754706217,0.2246505989731888,0.24484047754869195,0.2517731507891233,0.040211622673603085
1984-07-09,0.2099258414147176,0.21687820878494,0.2835496292070735,0.3087920707358813,0.2625142612664004,0.2069309754706217,0.24474879797897472,0.24915858528237303,0.04030341243549882
1984-07-11,0.2345265259555048,0.2099258414147176,0.21687820878494,0.2835496292070735,0.3087920707358813,0.2625142612664004,0.24615964469073418,0.2477348355200608,0.03965016634393976
1984-07-12,0.2037578436965202,0.2345265259555048,0.2099258414147176,0.21687820878494,0.2835496292070735,0.3087920707358813,0.24570634015157683,0.24489684350636998,0.040187892020582414
1984-08-02,0.2767042213348545,0.2037578436965202,0.2345265259555048,0.2099258414147176,0.21687820878494,0.2835496292070735,0.2477334773042131,0.24593910439247,0.041513044979357976
1984-08-03,0.2990587564175698,0.2767042213348545,0.2037578436965202,0.2345265259555048,0.2099258414147176,0.21687820878494,0.24634300383016863,0.2488519680547632,0.0392271078668508
1984-08-05,0.2607316029663434,0.2990587564175698,0.2767042213348545,0.2037578436965202,0.2345265259555048,0.2099258414147176,0.2430832857957786,0.2500463491158014,0.036471254505211465
1984-08-06,0.2798416999429549,0.2607316029663434,0.2990587564175698,0.2767042213348545,0.2037578436965202,0.2345265259555048,0.2520780702469236,0.2524862141091462,0.03669479152258691
1984-08-08,0.2234027381631488,0.2798416999429549,0.2607316029663434,0.2990587564175698,0.2767042213348545,0.2037578436965202,0.25400334121098517,0.25141899600684536,0.03439613337259813
1984-08-10,0.2142042213348545,0.2234027381631488,0.2798416999429549,0.2607316029663434,0.2990587564175698,0.2767042213348545,0.2511001548366066,0.24805571401407106,0.03706792890190764
1984-08-11,0.2288220193953223,0.2142042213348545,0.2234027381631488,0.2798416999429549,0.2607316029663434,0.2990587564175698,0.2546807513650069,0.2460591367180072,0.03268400299999557
1984-09-01,0.2363091842555619,0.2288220193953223,0.2142042213348545,0.2234027381631488,0.2798416999429549,0.2607316029663434,0.24891003178225077,0.2443394656778855,0.0316986780209282
1984-09-02,0.2773103251568739,0.2363091842555619,0.2288220193953223,0.2142042213348545,0.2234027381631488,0.2798416999429549,0.2458031130307228,0.24581550675033273,0.02662376320120292
1984-09-03,0.3066172276098117,0.2773103251568739,0.2363091842555619,0.2288220193953223,0.2142042213348545,0.2234027381631488,0.252358202265504,0.24909797490017108,0.035184421169297944
1984-09-04,0.2823017683970336,0.3066172276098117,0.2773103251568739,0.2363091842555619,0.2288220193953223,0.2142042213348545,0.25270964061608664,0.2510196805476326,0.03551542130727218
1984-09-05,0.2630490587564175,0.2823017683970336,0.3066172276098117,0.2773103251568739,0.2363091842555619,0.2288220193953223,0.25837340070083936,0.25238163148887616,0.0331449661633288
1984-09-07,0.2129207073588134,0.2630490587564175,0.2823017683970336,0.3066172276098117,0.2773103251568739,0.2363091842555619,0.2581900415614049,0.25255752044114843,0.03343234031585504
1984-09-08,0.2213348545350827,0.2129207073588134,0.2630490587564175,0.2823017683970336,0.3066172276098117,0.2773103251568739,0.2571204465813707,0.251448706978513,0.034626926239607635
1984-09-10,0.2127780946948089,0.2213348545350827,0.2129207073588134,0.2630490587564175,0.2823017683970336,0.3066172276098117,0.25375886235840595,0.24967555618938955,0.03796528659323952
1984-09-11,0.2261480319452367,0.2127780946948089,0.2213348545350827,0.2129207073588134,0.2630490587564175,0.2823017683970336,0.24644996332817207,0.2467995341319642,0.037598591368913255
1984-10-01,0.2437963491158014,0.2261480319452367,0.2127780946948089,0.2213348545350827,0.2129207073588134,0.2630490587564175,0.237475552114742,0.24561703745959304,0.026786458078715016
1984-10-02,0.2659726183685111,0.2437963491158014,0.2261480319452367,0.2127780946948089,0.2213348545350827,0.2129207073588134,0.23514281639638165,0.24493962730557137,0.022618898977696766
1984-10-04,0.2813034797490017,0.2659726183685111,0.2437963491158014,0.2261480319452367,0.2127780946948089,0.2213348545350827,0.2377505908238937,0.2467959688153641,0.027000409293264496
1984-10-05,0.2614446662863662,0.2813034797490017,0.2659726183685111,0.2437963491158014,0.2261480319452367,0.2127780946948089,0.24468258495640122,0.24787150598973184,0.025763834188589265
1984-10-07,0.2234740444951511,0.2614446662863662,0.2813034797490017,0.2659726183685111,0.2437963491158014,0.2261480319452367,0.2449881835221253,0.24830172085947894,0.02545153188536017
1984-10-08,0.2357743867655447,0.2234740444951511,0.2614446662863662,0.2813034797490017,0.2659726183685111,0.2437963491158014,0.248273368103659,0.24867251378589078,0.02182712386051548
1984-10-09,0.2098545350827153,0.2357743867655447,0.2234740444951511,0.2614446662863662,0.2813034797490017,0.2659726183685111,0.24594572569472734,0.2487699657729606,0.02518958386719504
1984-10-10,0.2079649172846548,0.2098545350827153,0.2357743867655447,0.2234740444951511,0.2614446662863662,0.2813034797490017,0.2408269497188493,0.2469516543069024,0.029044792211860262
1984-10-12,0.1988733599543639,0.2079649172846548,0.2098545350827153,0.2357743867655447,0.2234740444951511,0.2614446662863662,0.2312413413739711,0.2432876972808518,0.03040343061421243
1984-11-01,0.2405875641756987,0.1988733599543639,0.2079649172846548,0.2098545350827153,0.2357743867655447,0.2234740444951511,0.22542478200635638,0.24185562844647265,0.021948876966409174
1984-11-04,0.28593839132915,0.2405875641756987,0.1988733599543639,0.2079649172846548,0.2098545350827153,0.2357743867655447,0.22892388558389692,0.24415763453127964,0.029352109433909607
1984-11-05,0.2666143753565316,0.28593839132915,0.2405875641756987,0.1988733599543639,0.2079649172846548,0.2098545350827153,0.23508678999266558,0.2460472523293401,0.0323889911478892
1984-11-06,0.2758128921848259,0.2666143753565316,0.28593839132915,0.2405875641756987,0.1988733599543639,0.2079649172846548,0.24080657648113432,0.2474234645369842,0.03587806059789344
1984-11-07,0.2113163148887621,0.2758128921848259,0.2666143753565316,0.28593839132915,0.2405875641756987,0.1988733599543639,0.24101540216771244,0.24767541357672554,0.03567154047342259
1984-11-09,0.2109954363947518,0.2113163148887621,0.2758128921848259,0.2666143753565316,0.28593839132915,0.2405875641756987,0.24144833346915484,0.2454851207453888,0.03521908712120052
1984-11-10,0.2083214489446662,0.2109954363947518,0.2113163148887621,0.2758128921848259,0.2666143753565316,0.28593839132915,0.2427980604677695,0.24246054382962534,0.0334522404671256
1984-11-12,0.1982672561323445,0.2083214489446662,0.2109954363947518,0.2113163148887621,0.2758128921848259,0.2666143753565316,0.23675230217586174,0.24037839893515875,0.03749791603377432
1984-12-01,0.2388049058756417,0.1982672561323445,0.2083214489446662,0.2109954363947518,0.2113163148887621,0.2758128921848259,0.2300189471110748,0.2390105057995816,0.030833254677403516
1984-12-03,0.3001996577296064,0.2388049058756417,0.1982672561323445,0.2083214489446662,0.2109954363947518,0.2113163148887621,0.23481684459294264,0.24157040311846353,0.039006635326009516
1984-12-04,0.2840844266970906,0.3001996577296064,0.2388049058756417,0.1982672561323445,0.2083214489446662,0.2109954363947518,0.23599849238040901,0.2438997432972047,0.04055027801901275
1984-12-06,0.2638690815744438,0.2840844266970906,0.3001996577296064,0.2388049058756417,0.1982672561323445,0.2083214489446662,0.24350603047836358,0.24506797870317545,0.04008110162067871
1984-12-07,0.2135624643468339,0.2638690815744438,0.2840844266970906,0.3001996577296064,0.2388049058756417,0.1982672561323445,0.24387274875723244,0.24430975470621785,0.03974440273316181
1984-12-09,0.2108884768967484,0.2135624643468339,0.2638690815744438,0.2840844266970906,0.3001996577296064,0.2388049058756417,0.2442394670361013,0.242095693097547,0.039371798679227035
1984-12-10,0.2087136337706788,0.2108884768967484,0.2135624643468339,0.2638690815744438,0.2840844266970906,0.3001996577296064,0.2457318066987205,0.23883223996957595,0.03749195979933163
1984-12-11,0.2281089560752994,0.2087136337706788,0.2108884768967484,0.2135624643468339,0.2638690815744438,0.2840844266970906,0.24420381387010018,0.23702581289218475,0.03803533855083686
1984-12-12,0.1966985168282943,0.2281089560752994,0.2087136337706788,0.2108884768967484,0.2135624643468339,0.2638690815744438,0.22941793659848417,0.23481412816124733,0.03232899993997627
1985-01-02,0.1790858528237307,0.1966985168282943,0.2281089560752994,0.2087136337706788,0.2108884768967484,0.2135624643468339,0.21441814033086135,0.23368629967674456,0.026586091989455118
1985-01-03,0.1544851682829435,0.1790858528237307,0.1966985168282943,0.2281089560752994,0.2087136337706788,0.2108884768967484,0.19879186700350412,0.23145797680167327,0.024759591897357835
1985-01-04,0.1871078151739874,0.1544851682829435,0.1790858528237307,0.1966985168282943,0.2281089560752994,0.2087136337706788,0.19501263140738323,0.2306023008176459,0.024140534773769536
1985-01-05,0.1739161437535653,0.1871078151739874,0.1544851682829435,0.1790858528237307,0.1966985168282943,0.2281089560752994,0.18973086952978563,0.2288612378779235,0.02413273287668828
1985-01-07,0.1719552196235025,0.1739161437535653,0.1871078151739874,0.1544851682829435,0.1790858528237307,0.1966985168282943,0.18447966750876046,0.22646653356151353,0.02329855256338086
1985-01-08,0.1774814603536794,0.1719552196235025,0.1739161437535653,0.1871078151739874,0.1544851682829435,0.1790858528237307,0.17724716811995758,0.22351682829435252,0.013141740498577572
1985-01-10,0.1685681688533941,0.1774814603536794,0.1719552196235025,0.1739161437535653,0.1871078151739874,0.1544851682829435,0.17322854698068615,0.21975898459783225,0.010166586699088497
1985-01-11,0.1709925841414717,0.1685681688533941,0.1774814603536794,0.1719552196235025,0.1739161437535653,0.1871078151739874,0.17207236574036341,0.2167439151930024,0.009844551143624113
1985-02-01,0.1774814603536794,0.1709925841414717,0.1685681688533941,0.1774814603536794,0.1719552196235025,0.1739161437535653,0.17535755032189712,0.21521082905495337,0.006135862467260593
1985-02-04,0.1835424985738733,0.1774814603536794,0.1709925841414717,0.1685681688533941,0.1774814603536794,0.1719552196235025,0.17484821937902367,0.213469766115231,0.005049778493995463
1985-02-05,0.1739161437535653,0.1835424985738733,0.1774814603536794,0.1709925841414717,0.1685681688533941,0.1774814603536794,0.17484821937902367,0.21227181973759265,0.005049778493995463
1985-02-07,0.1663933257273245,0.1739161437535653,0.1835424985738733,0.1774814603536794,0.1709925841414717,0.1685681688533941,0.1740536631081411,0.210886100019015,0.005939951156272736
1985-02-08,0.1732030804335425,0.1663933257273245,0.1739161437535653,0.1835424985738733,0.1774814603536794,0.1709925841414717,0.17344246597669297,0.21003042403498762,0.005745387741902491
1985-02-09,0.1765188248716485,0.1732030804335425,0.1663933257273245,0.1739161437535653,0.1835424985738733,0.1774814603536794,0.17457827397930073,0.20789479939151925,0.005396475311127582
1985-02-10,0.1698873359954363,0.1765188248716485,0.1732030804335425,0.1663933257273245,0.1739161437535653,0.1835424985738733,0.17442038138700997,0.20402643088039546,0.005533306602778454
1985-02-12,0.1722047917855105,0.1698873359954363,0.1765188248716485,0.1732030804335425,0.1663933257273245,0.1739161437535653,0.17366657159155727,0.20087944476136144,0.0054047189280937175
1985-03-01,0.1691742726754135,0.1722047917855105,0.1698873359954363,0.1765188248716485,0.1732030804335425,0.1663933257273245,0.17161396789177732,0.19732482411104765,0.0033768935997377865
1985-03-04,0.1862877923559611,0.1691742726754135,0.1722047917855105,0.1698873359954363,0.1765188248716485,0.1732030804335425,0.17338134626354812,0.196490540026621,0.0065393193943473526
1985-03-05,0.1742726754135767,0.1862877923559611,0.1691742726754135,0.1722047917855105,0.1698873359954363,0.1765188248716485,0.17450696764729842,0.19526644799391513,0.0057687240211017725
1985-03-06,0.1760196805476326,0.1742726754135767,0.1862877923559611,0.1691742726754135,0.1722047917855105,0.1698873359954363,0.17490933909216846,0.1941897223806807,0.005760843687992902
1985-03-07,0.1645750142612664,0.1760196805476326,0.1742726754135767,0.1862877923559611,0.1691742726754135,0.1722047917855105,0.17320308043354243,0.19306664765164475,0.006867223055333862
1985-03-09,0.1754492298916143,0.1645750142612664,0.1760196805476326,0.1742726754135767,0.1862877923559611,0.1691742726754135,0.173997636704425,0.1909547917855105,0.006740231245862565
1985-03-10,0.1716699942954934,0.1754492298916143,0.1645750142612664,0.1760196805476326,0.1742726754135767,0.1862877923559611,0.17392123706299398,0.18667046967104006,0.006766917952193567
1985-03-12,0.1712421563034797,0.1716699942954934,0.1754492298916143,0.1645750142612664,0.1760196805476326,0.1742726754135767,0.17421664900986059,0.1829090606579197,0.006567343409132971
1985-04-01,0.1716699942954934,0.1712421563034797,0.1716699942954934,0.1754492298916143,0.1645750142612664,0.1760196805476326,0.17212839214407952,0.17983575774862137,0.0038519957621701616
1985-04-02,0.1735239589275527,0.1716699942954934,0.1712421563034797,0.1716699942954934,0.1754492298916143,0.1645750142612664,0.17202143264607606,0.178501140901312,0.003792466252947182
1985-04-03,0.1557330290929834,0.1735239589275527,0.1716699942954934,0.1712421563034797,0.1716699942954934,0.1754492298916143,0.1691233395811262,0.1766626259745198,0.006792524098998353
1985-04-04,0.1824729035938391,0.1557330290929834,0.1735239589275527,0.1716699942954934,0.1712421563034797,0.1716699942954934,0.17168018091435086,0.17578793496862516,0.008047689468661507
1985-04-06,0.1724187107815173,0.1824729035938391,0.1557330290929834,0.1735239589275527,0.1716699942954934,0.1712421563034797,0.17124724961290844,0.17393159345883244,0.007891129242102024
1985-04-07,0.1657159155733029,0.1724187107815173,0.1824729035938391,0.1557330290929834,0.1735239589275527,0.1716699942954934,0.17039666693830977,0.17289884008366607,0.008154467398100619
1985-04-09,0.1720621791215059,0.1657159155733029,0.1724187107815173,0.1824729035938391,0.1557330290929834,0.1735239589275527,0.1705138130551707,0.1726647176269252,0.00817450352577047
1985-04-10,0.1814033086138049,0.1720621791215059,0.1657159155733029,0.1724187107815173,0.1824729035938391,0.1557330290929834,0.17190428652921513,0.17356198897128727,0.00917101857705264
1985-04-11,0.1713847689674842,0.1814033086138049,0.1720621791215059,0.1657159155733029,0.1724187107815173,0.1824729035938391,0.17159868796349112,0.1730378874310705,0.00914365277919858
1985-04-12,0.1714204221334854,0.1713847689674842,0.1814033086138049,0.1720621791215059,0.1657159155733029,0.1724187107815173,0.17383974411213424,0.17295469671040115,0.005983235406261709
1985-05-02,0.1737378779235595,0.1714204221334854,0.1713847689674842,0.1814033086138049,0.1720621791215059,0.1657159155733029,0.1725918833020943,0.1730141186537364,0.0046435165093507026
1985-05-03,0.1564817455790073,0.1737378779235595,0.1714204221334854,0.1713847689674842,0.1814033086138049,0.1720621791215059,0.17031517398745,0.17231412816124733,0.007665900523823559
1985-05-06,0.1707073588134626,0.1564817455790073,0.1737378779235595,0.1714204221334854,0.1713847689674842,0.1814033086138049,0.17102823730747282,0.17238543449324958,0.007394114787406426
1985-05-07,0.165252424415288,0.1707073588134626,0.1564817455790073,0.1737378779235595,0.1714204221334854,0.1713847689674842,0.17005541520658454,0.17219409583571016,0.007677932663885485
1985-05-08,0.1750570450656018,0.165252424415288,0.1707073588134626,0.1564817455790073,0.1737378779235595,0.1714204221334854,0.16914880612826982,0.17211328199277423,0.00637954983084979
1985-05-09,0.1714204221334854,0.1750570450656018,0.165252424415288,0.1707073588134626,0.1564817455790073,0.1737378779235595,0.16915389943769857,0.17170921277809464,0.006381646393238071
1985-05-11,0.1710995436394751,0.1714204221334854,0.1750570450656018,0.165252424415288,0.1707073588134626,0.1564817455790073,0.16910805965283995,0.17161532610762495,0.006363779817035239
1985-05-12,0.1706360524814603,0.1710995436394751,0.1714204221334854,0.1750570450656018,0.165252424415288,0.1707073588134626,0.16866494173254007,0.1717567503327628,0.0060897623350399735
1985-06-02,0.1756988020536223,0.1706360524814603,0.1710995436394751,0.1714204221334854,0.1750570450656018,0.165252424415288,0.17141023551462792,0.17183994105343212,0.00343510525396299
1985-06-03,0.1550912721049629,0.1756988020536223,0.1706360524814603,0.1710995436394751,0.1714204221334854,0.1750570450656018,0.16917936598484223,0.17112568929454264,0.007091976308140174
1985-06-06,0.1728108956075299,0.1550912721049629,0.1756988020536223,0.1706360524814603,0.1710995436394751,0.1714204221334854,0.17025914758373398,0.17122314128161242,0.006968768505887985
1985-06-08,0.1734883057615516,0.1728108956075299,0.1550912721049629,0.1756988020536223,0.1706360524814603,0.1710995436394751,0.17003504196886965,0.17126592508081379,0.006812225357601567
1985-06-09,0.1686394751853964,0.1734883057615516,0.1728108956075299,0.1550912721049629,0.1756988020536223,0.1706360524814603,0.16963776383342838,0.17124809849781322,0.006799044111305052
1985-06-11,0.1712421563034797,0.1686394751853964,0.1734883057615516,0.1728108956075299,0.1550912721049629,0.1756988020536223,0.16965813707114333,0.17074657729606382,0.006804365932739037
1985-06-12,0.170564746149458,0.1712421563034797,0.1686394751853964,0.1734883057615516,0.1728108956075299,0.1550912721049629,0.16964795045228584,0.17062297965392656,0.006802711096570722
1985-07-01,0.1625071306332002,0.170564746149458,0.1712421563034797,0.1686394751853964,0.1734883057615516,0.1728108956075299,0.1677634259636541,0.1701725613234455,0.006673077055476419
1985-07-02,0.1739517969195664,0.1625071306332002,0.170564746149458,0.1712421563034797,0.1686394751853964,0.1734883057615516,0.17045778665145458,0.17048512074538877,0.00395969568249439
1985-07-03,0.157159155733029,0.1739517969195664,0.1625071306332002,0.170564746149458,0.1712421563034797,0.1686394751853964,0.16822182381224016,0.16987545160676928,0.00619670467808951
1985-07-05,0.1737378779235595,0.157159155733029,0.1739517969195664,0.1625071306332002,0.170564746149458,0.1712421563034797,0.1682574769782413,0.16994438106103818,0.00623266951906907
1985-07-06,0.1722404449515116,0.1737378779235595,0.157159155733029,0.1739517969195664,0.1625071306332002,0.170564746149458,0.16877190123054348,0.1699776573493059,0.006415381270430169
1985-07-08,0.1724900171135197,0.1722404449515116,0.1737378779235595,0.157159155733029,0.1739517969195664,0.1625071306332002,0.1689501670605492,0.17000499144324008,0.006512071812164868
1985-07-10,0.1774814603536794,0.1724900171135197,0.1722404449515116,0.1737378779235595,0.157159155733029,0.1739517969195664,0.1699382690897237,0.1701369081574443,0.007277638765416874
1985-07-11,0.1707073588134626,0.1774814603536794,0.1724900171135197,0.1722404449515116,0.1737378779235595,0.157159155733029,0.1711097302583326,0.17063605248146033,0.006500610065673291
1985-08-01,0.1712421563034797,0.1707073588134626,0.1774814603536794,0.1724900171135197,0.1722404449515116,0.1737378779235595,0.1707226387417488,0.17026169423844834,0.006382775026202204
1985-08-02,0.1733813462635481,0.1712421563034797,0.1707073588134626,0.1774814603536794,0.1724900171135197,0.1722404449515116,0.17304009453182292,0.17029378208784932,0.002234030259293132
1985-08-03,0.1569808899030233,0.1733813462635481,0.1712421563034797,0.1707073588134626,0.1774814603536794,0.1724900171135197,0.1706462391003178,0.17000261456550667,0.006419276855117948
1985-08-05,0.1775171135196805,0.1569808899030233,0.1733813462635481,0.1712421563034797,0.1707073588134626,0.1774814603536794,0.17140004889577048,0.1701844457121125,0.006927391411304991
1985-08-07,0.1661081003993154,0.1775171135196805,0.1569808899030233,0.1733813462635481,0.1712421563034797,0.1707073588134626,0.17048834650802697,0.16967460543829618,0.007175546321352587
1985-08-08,0.1737735310895607,0.1661081003993154,0.1775171135196805,0.1569808899030233,0.1733813462635481,0.1712421563034797,0.1699586423274386,0.1697542308423654,0.006693970930412327
1985-08-10,0.1778379920136908,0.1737735310895607,0.1661081003993154,0.1775171135196805,0.1569808899030233,0.1733813462635481,0.1709773042131855,0.16996814983837227,0.007338430256109463
1985-08-11,0.1699942954934398,0.1778379920136908,0.1737735310895607,0.1661081003993154,0.1775171135196805,0.1569808899030233,0.1707990383831798,0.16984336375736828,0.007346076734251074
1985-09-01,0.164218482601255,0.1699942954934398,0.1778379920136908,0.1737735310895607,0.1661081003993154,0.1775171135196805,0.16949005785999507,0.17010125499144318,0.00762048172856685
1985-09-04,0.1909583571021106,0.164218482601255,0.1699942954934398,0.1778379920136908,0.1737735310895607,0.1661081003993154,0.17434398174557897,0.17077628826773147,0.00901771405268941
1985-09-05,0.1810467769537934,0.1909583571021106,0.164218482601255,0.1699942954934398,0.1778379920136908,0.1737735310895607,0.17484821937902367,0.17130276668568162,0.009318386033598658
1985-09-07,0.1702082144894466,0.1810467769537934,0.1909583571021106,0.164218482601255,0.1699942954934398,0.1778379920136908,0.17543394996332815,0.1711411389998098,0.008791400277175256
1985-09-08,0.1730248146035367,0.1702082144894466,0.1810467769537934,0.1909583571021106,0.164218482601255,0.1699942954934398,0.1753269904653247,0.1711946187488115,0.008819478187578592
1985-09-09,0.1707073588134626,0.1730248146035367,0.1702082144894466,0.1810467769537934,0.1909583571021106,0.164218482601255,0.17430832857957784,0.17118154592127777,0.008892612444868133
1985-09-10,0.178658014831717,0.1707073588134626,0.1730248146035367,0.1702082144894466,0.1810467769537934,0.1909583571021106,0.17554600277076027,0.17144894466628632,0.00879448088070808
1985-09-12,0.168033371363377,0.178658014831717,0.1707073588134626,0.1730248146035367,0.1702082144894466,0.1810467769537934,0.17609098687963484,0.1711934303099448,0.008063345330227413
1985-10-01,0.1717769537934968,0.168033371363377,0.178658014831717,0.1707073588134626,0.1730248146035367,0.1702082144894466,0.17335078640697574,0.1717496196995626,0.0047454631177342955
1985-10-04,0.1912079292641186,0.1717769537934968,0.168033371363377,0.178658014831717,0.1707073588134626,0.1730248146035367,0.17480237959416506,0.17236285415478222,0.007958391192808924
1985-10-05,0.1789788933257273,0.1912079292641186,0.1717769537934968,0.168033371363377,0.178658014831717,0.1707073588134626,0.17605533371363372,0.17254587374025473,0.007803456478047713
1985-10-06,0.17156303479749,0.1789788933257273,0.1912079292641186,0.1717769537934968,0.168033371363377,0.178658014831717,0.17584650802705562,0.17264332572732452,0.007916807482948455
1985-10-07,0.1701725613234455,0.17156303479749,0.1789788933257273,0.1912079292641186,0.1717769537934968,0.168033371363377,0.1757701083856246,0.17260767256132337,0.007977019102310632
1985-10-09,0.1696021106674272,0.1701725613234455,0.17156303479749,0.1789788933257273,0.1912079292641186,0.1717769537934968,0.17447640779072607,0.1725755847119224,0.008162776959644485
1985-10-10,0.1767683970336566,0.1696021106674272,0.1701725613234455,0.17156303479749,0.1789788933257273,0.1912079292641186,0.175724268600766,0.17305096025860423,0.007666224257898207
1985-10-12,0.1617940673131774,0.1767683970336566,0.1696021106674272,0.1701725613234455,0.17156303479749,0.1789788933257273,0.17429814196072035,0.17264570260505796,0.00928132820600283
1985-11-01,0.1724900171135197,0.1617940673131774,0.1767683970336566,0.1696021106674272,0.1701725613234455,0.17156303479749,0.1716241545106348,0.17315673131774098,0.005539784385691441
1985-11-02,0.1714204221334854,0.1724900171135197,0.1617940673131774,0.1767683970336566,0.1696021106674272,0.1701725613234455,0.1705443729117431,0.17307948279140514,0.004507828227536688
1985-11-03,0.1558399885909868,0.1714204221334854,0.1724900171135197,0.1617940673131774,0.1767683970336566,0.1696021106674272,0.16829822345367124,0.172532800912721,0.0070921086012665615
1985-11-04,0.1927410154021677,0.1558399885909868,0.1714204221334854,0.1724900171135197,0.1617940673131774,0.1767683970336566,0.17152228832206012,0.17320783418900926,0.011711552717518243
1985-11-06,0.1734883057615516,0.1927410154021677,0.1558399885909868,0.1714204221334854,0.1724900171135197,0.1617940673131774,0.17207745904979216,0.17307472903593835,0.011697460143978284
1985-11-07,0.168033371363377,0.1734883057615516,0.1927410154021677,0.1558399885909868,0.1714204221334854,0.1724900171135197,0.17082959823975222,0.17298559612093548,0.01157895427602815
1985-11-09,0.1701725613234455,0.168033371363377,0.1734883057615516,0.1927410154021677,0.1558399885909868,0.1714204221334854,0.1720265259555048,0.17294994295493432,0.010902564831613584
1985-11-10,0.1764831717056474,0.1701725613234455,0.168033371363377,0.1734883057615516,0.1927410154021677,0.1558399885909868,0.17259697661152304,0.1730533371363377,0.011034525281113955
1985-11-11,0.1713491158014831,0.1764831717056474,0.1701725613234455,0.168033371363377,0.1734883057615516,0.1927410154021677,0.1725867899926656,0.17353227799961965,0.011035825289092754
1985-11-12,0.1612592698231602,0.1713491158014831,0.1764831717056474,0.1701725613234455,0.168033371363377,0.1734883057615516,0.17336097302583323,0.17299034987640233,0.009784328279529714
1985-12-02,0.1763049058756417,0.1612592698231602,0.1713491158014831,0.1764831717056474,0.1701725613234455,0.168033371363377,0.17101295737918662,0.17333024339227984,0.005305452149551029
1985-12-03,0.1513120365088419,0.1763049058756417,0.1612592698231602,0.1713491158014831,0.1764831717056474,0.1701725613234455,0.16784491891451386,0.1725815269062559,0.008950145199912446
1985-12-04,0.1922775242441528,0.1513120365088419,0.1763049058756417,0.1612592698231602,0.1713491158014831,0.1764831717056474,0.17130836932605326,0.17306284464727126,0.012868429470303824
1985-12-06,0.1736665715915573,0.1922775242441528,0.1513120365088419,0.1763049058756417,0.1612592698231602,0.1713491158014831,0.17180751365006922,0.1731852538505419,0.01288478369308771
1985-12-07,0.1699942954934398,0.1736665715915573,0.1922775242441528,0.1513120365088419,0.1763049058756417,0.1612592698231602,0.17088053133403955,0.17337778094694803,0.012724758106654303
1985-12-08,0.1781945236737022,0.1699942954934398,0.1736665715915573,0.1922775242441528,0.1513120365088419,0.1763049058756417,0.17185844674435652,0.17295231983266776,0.013026239518311583
1985-12-09,0.1676768397033656,0.1781945236737022,0.1699942954934398,0.1736665715915573,0.1922775242441528,0.1513120365088419,0.17277524244152875,0.1725066552576535,0.01236498538559917
1985-12-11,0.1715273816314888,0.1676768397033656,0.1781945236737022,0.1699942954934398,0.1736665715915573,0.1922775242441528,0.17209273897807836,0.17255062749572161,0.01226916960865911
1985-12-12,0.1605462065031374,0.1715273816314888,0.1676768397033656,0.1781945236737022,0.1699942954934398,0.1736665715915573,0.17341190612012053,0.17213467389237494,0.00993729122007662
1986-01-04,0.1395108385624643,0.1605462065031374,0.1715273816314888,0.1676768397033656,0.1781945236737022,0.1699942954934398,0.16587380816559363,0.1710947898840083,0.01283295841247886
1986-01-05,0.1368368511123787,0.1395108385624643,0.1605462065031374,0.1715273816314888,0.1676768397033656,0.1781945236737022,0.16061241952571098,0.16970075109336372,0.016210856289621562
1986-01-07,0.1363020536223616,0.1368368511123787,0.1395108385624643,0.1605462065031374,0.1715273816314888,0.1676768397033656,0.15579924211555696,0.16864304050199655,0.01787716758916352
1986-01-08,0.1346976611523103,0.1363020536223616,0.1368368511123787,0.1395108385624643,0.1605462065031374,0.1715273816314888,0.14958540461250094,0.16740706408062364,0.016283961299110163
1986-01-09,0.1402239018824871,0.1346976611523103,0.1363020536223616,0.1368368511123787,0.1395108385624643,0.1605462065031374,0.14566355635237546,0.16570759650123593,0.014397197799308734
1986-01-10,0.1532729606389047,0.1402239018824871,0.1346976611523103,0.1363020536223616,0.1368368511123787,0.1395108385624643,0.14305578192486346,0.16485073207834186,0.009874529441180295
1986-01-12,0.150563320022818,0.1532729606389047,0.1402239018824871,0.1346976611523103,0.1363020536223616,0.1368368511123787,0.14162965528481783,0.1641507415858528,0.007317209237114249
1986-02-01,0.1617940673131774,0.150563320022818,0.1532729606389047,0.1402239018824871,0.1346976611523103,0.1363020536223616,0.14481297367777682,0.16387145845217715,0.010427758007101922
1986-02-04,0.1365516257843696,0.1617940673131774,0.150563320022818,0.1532729606389047,0.1402239018824871,0.1346976611523103,0.14477222720234698,0.16276977562274192,0.010464611302216799
1986-02-05,0.1372646891043924,0.1365516257843696,0.1617940673131774,0.150563320022818,0.1532729606389047,0.1402239018824871,0.14490974655692282,0.1614529853584331,0.010340337236972138
1986-02-06,0.1402239018824871,0.1372646891043924,0.1365516257843696,0.1617940673131774,0.150563320022818,0.1532729606389047,0.14569920951837662,0.16073397984407675,0.009616332761463231
1986-02-07,0.136658585282373,0.1402239018824871,0.1372646891043924,0.1365516257843696,0.1617940673131774,0.150563320022818,0.1451898785755032,0.15953959878303853,0.010039763455700896
1986-02-09,0.1402239018824871,0.136658585282373,0.1402239018824871,0.1372646891043924,0.1365516257843696,0.1617940673131774,0.1433257273245864,0.15849971477467192,0.009484903717192137
1986-02-10,0.1528807758128921,0.1402239018824871,0.136658585282373,0.1402239018824871,0.1372646891043924,0.1365516257843696,0.1436567924374541,0.15840107434873546,0.009814354843222385
1986-02-12,0.1483528237307472,0.1528807758128921,0.1402239018824871,0.136658585282373,0.1402239018824871,0.1372646891043924,0.1417366147828212,0.1569214679596881,0.006392857477225628
1986-03-01,0.1594766115231032,0.1483528237307472,0.1528807758128921,0.1402239018824871,0.136658585282373,0.1402239018824871,0.14501161274549745,0.15645441148507316,0.008736473851875932
1986-03-02,0.1698160296634341,0.1594766115231032,0.1483528237307472,0.1528807758128921,0.1402239018824871,0.136658585282373,0.14966180425393197,0.1565138334284084,0.011984922176557763
1986-03-03,0.1560895607529948,0.1698160296634341,0.1594766115231032,0.1483528237307472,0.1528807758128921,0.1402239018824871,0.15192832694971878,0.15604440007606002,0.011387949288564762
1986-03-04,0.1391543069024529,0.1560895607529948,0.1698160296634341,0.1594766115231032,0.1483528237307472,0.1528807758128921,0.1522848586097302,0.1548001045826202,0.010856895718097562
1986-03-06,0.1373359954363947,0.1391543069024529,0.1560895607529948,0.1698160296634341,0.1594766115231032,0.1483528237307472,0.1518723005460027,0.15366633390378395,0.011431269335386813
1986-03-07,0.1352681118083285,0.1373359954363947,0.1391543069024529,0.1560895607529948,0.1698160296634341,0.1594766115231032,0.1493562056882079,0.1527999619699562,0.01300263075719299
1986-03-09,0.147532800912721,0.1352681118083285,0.1373359954363947,0.1391543069024529,0.1560895607529948,0.1698160296634341,0.14923905957134703,0.1518408918045255,0.013016863464888223
1986-03-10,0.160189674843126,0.147532800912721,0.1352681118083285,0.1373359954363947,0.1391543069024529,0.1560895607529948,0.1493409257599217,0.15213681308233498,0.013112769060501283
1986-03-11,0.1551982316029663,0.160189674843126,0.147532800912721,0.1352681118083285,0.1373359954363947,0.1391543069024529,0.1472526688941406,0.15090083666096213,0.010134271140715561
1986-03-12,0.1440744438106103,0.1551982316029663,0.160189674843126,0.147532800912721,0.1352681118083285,0.1373359954363947,0.14553622361665708,0.1499144324015972,0.009377347488705648
1986-04-02,0.1633984597832287,0.1440744438106103,0.1551982316029663,0.160189674843126,0.147532800912721,0.1352681118083285,0.1489996740281965,0.14969457121125684,0.010969427774459712
1986-04-03,0.1531303479749001,0.1633984597832287,0.1440744438106103,0.1551982316029663,0.160189674843126,0.147532800912721,0.15125601010512585,0.14885909868796343,0.009724143284554117
1986-04-04,0.1367655447803764,0.1531303479749001,0.1633984597832287,0.1440744438106103,0.1551982316029663,0.160189674843126,0.1514699291011327,0.14782872219053048,0.009321964561653056
1986-04-06,0.1365516257843696,0.1367655447803764,0.1531303479749001,0.1633984597832287,0.1440744438106103,0.1551982316029663,0.14990118979708247,0.14666286366229317,0.010887472420039918
1986-04-07,0.1348046206503137,0.1365516257843696,0.1367655447803764,0.1531303479749001,0.1633984597832287,0.1440744438106103,0.14627475348382357,0.14580481080053237,0.011114693932691854
1986-04-08,0.1377994865944095,0.1348046206503137,0.1365516257843696,0.1367655447803764,0.1531303479749001,0.1633984597832287,0.1437892184826012,0.14574776573493056,0.010725165303406909
1986-04-09,0.143468339988591,0.1377994865944095,0.1348046206503137,0.1365516257843696,0.1367655447803764,0.1531303479749001,0.14370263222231272,0.14596881536413758,0.010724925438507777
1986-04-11,0.1590131203650884,0.143468339988591,0.1377994865944095,0.1348046206503137,0.1365516257843696,0.1367655447803764,0.14307615516257838,0.1467258509222285,0.00943294106915975
1986-04-12,0.1464632059326868,0.1590131203650884,0.143468339988591,0.1377994865944095,0.1348046206503137,0.1365516257843696,0.14212370629940504,0.14711803574824106,0.008543198768988618
1986-05-02,0.1642897889332572,0.1464632059326868,0.1590131203650884,0.143468339988591,0.1377994865944095,0.1348046206503137,0.14605574117838804,0.14792023198326673,0.01149142076854589
1986-05-03,0.1578009127210496,0.1642897889332572,0.1464632059326868,0.1590131203650884,0.143468339988591,0.1377994865944095,0.14909135359791373,0.14807116371933823,0.011368324073870234
1986-05-06,0.1381560182544209,0.1578009127210496,0.1642897889332572,0.1464632059326868,0.1590131203650884,0.143468339988591,0.14957012468421477,0.14765758699372497,0.010718356699126613
1986-05-08,0.1379420992584141,0.1381560182544209,0.1578009127210496,0.1642897889332572,0.1464632059326868,0.1590131203650884,0.14959049792192974,0.14686252139189954,0.010692358414294924
1986-05-09,0.1494937250427837,0.1379420992584141,0.1381560182544209,0.1578009127210496,0.1642897889332572,0.1464632059326868,0.15045126721538585,0.14729392470051336,0.010354558187516108
1986-05-11,0.1591200798630918,0.1494937250427837,0.1379420992584141,0.1381560182544209,0.1578009127210496,0.1642897889332572,0.150466547143672,0.14802243772580334,0.010369366748444162
1986-05-12,0.1453936109526525,0.1591200798630918,0.1494937250427837,0.1379420992584141,0.1381560182544209,0.1578009127210496,0.15031374786080995,0.1481947613614755,0.010445789486543695
1986-06-01,0.1610810039931546,0.1453936109526525,0.1591200798630918,0.1494937250427837,0.1379420992584141,0.1381560182544209,0.1498553500122239,0.14900884198516823,0.009779402575743841
1986-06-02,0.1650028522532801,0.1610810039931546,0.1453936109526525,0.1591200798630918,0.1494937250427837,0.1379420992584141,0.15088419851682824,0.149834806997528,0.011050832857720924
1986-06-03,0.1537721049629206,0.1650028522532801,0.1610810039931546,0.1453936109526525,0.1591200798630918,0.1494937250427837,0.15311506804661393,0.14986451796919562,0.009523842186255729
1986-06-05,0.1380847119224186,0.1537721049629206,0.1650028522532801,0.1610810039931546,0.1453936109526525,0.1591200798630918,0.15313544128432885,0.14952224757558463,0.009486052373730696
1986-06-06,0.1380847119224186,0.1380847119224186,0.1537721049629206,0.1650028522532801,0.1610810039931546,0.1453936109526525,0.15150558226713384,0.14880918425556183,0.011064797121600049
1986-06-08,0.139439532230462,0.1380847119224186,0.1380847119224186,0.1537721049629206,0.1650028522532801,0.1610810039931546,0.1486940754624724,0.14779663434112944,0.011305274641460396
1986-06-10,0.1592983456930975,0.139439532230462,0.1380847119224186,0.1380847119224186,0.1537721049629206,0.1650028522532801,0.15068046613967884,0.14790359383913287,0.01183774087399519
1986-06-11,0.1547703936109526,0.1592983456930975,0.139439532230462,0.1380847119224186,0.1380847119224186,0.1537721049629206,0.14977895037079286,0.14842413006274952,0.011132982965846746
1986-07-01,0.1630419281232173,0.1547703936109526,0.1592983456930975,0.139439532230462,0.1380847119224186,0.1380847119224186,0.14949881835221243,0.1492809944856436,0.010702413520680574
1986-07-02,0.164218482601255,0.1630419281232173,0.1547703936109526,0.1592983456930975,0.139439532230462,0.1380847119224186,0.15099115801483168,0.15024600684540781,0.012042064637987043
1986-07-03,0.1545564746149458,0.164218482601255,0.1630419281232173,0.1547703936109526,0.1592983456930975,0.139439532230462,0.15334426697090695,0.15048012930214863,0.010625780001810496
1986-07-04,0.1416143753565316,0.1545564746149458,0.164218482601255,0.1630419281232173,0.1547703936109526,0.1592983456930975,0.15384850460435168,0.1498609526525955,0.009835308432305847
1986-07-05,0.1386551625784369,0.1416143753565316,0.1545564746149458,0.164218482601255,0.1630419281232173,0.1547703936109526,0.15373645179691953,0.14930951701844453,0.01002938198473913
1986-07-07,0.1349828864803194,0.1386551625784369,0.1416143753565316,0.1545564746149458,0.164218482601255,0.1630419281232173,0.15026281476652265,0.14900646510743482,0.011830958589043414
1986-07-08,0.1389760410724472,0.1349828864803194,0.1386551625784369,0.1416143753565316,0.1545564746149458,0.164218482601255,0.14800647868959332,0.14819238448374208,0.012323859735976625
1986-07-10,0.1589418140330861,0.1389760410724472,0.1349828864803194,0.1386551625784369,0.1416143753565316,0.1545564746149458,0.14742074810528885,0.14838610001901495,0.01156417146429737
1986-07-11,0.1581217912150598,0.1589418140330861,0.1389760410724472,0.1349828864803194,0.1386551625784369,0.1416143753565316,0.14654979219297526,0.14909797490017107,0.01024222355387964
1986-08-01,0.1648245864232743,0.1581217912150598,0.1589418140330861,0.1389760410724472,0.1349828864803194,0.1386551625784369,0.14801666530845076,0.15004040692146792,0.012139590764388768
1986-08-04,0.1446805476326297,0.1648245864232743,0.1581217912150598,0.1589418140330861,0.1389760410724472,0.1349828864803194,0.14845468991932192,0.15036960448754508,0.01192347327166997
1986-08-05,0.1411152310325157,0.1446805476326297,0.1648245864232743,0.1581217912150598,0.1589418140330861,0.1389760410724472,0.1488061282699046,0.15048012930214863,0.011618861443129918
1986-08-07,0.1365872789503707,0.1411152310325157,0.1446805476326297,0.1648245864232743,0.1581217912150598,0.1589418140330861,0.14903532719419763,0.15025076060087464,0.011312516574571734
1986-08-08,0.1400099828864803,0.1365872789503707,0.1411152310325157,0.1446805476326297,0.1648245864232743,0.1581217912150598,0.14918303316763096,0.14961732268492103,0.011165072553214393
1986-08-09,0.1520250998288647,0.1400099828864803,0.1365872789503707,0.1411152310325157,0.1446805476326297,0.1648245864232743,0.14819493113845647,0.14980271914812698,0.010440004711826672
1986-08-10,0.1572661152310324,0.1520250998288647,0.1400099828864803,0.1365872789503707,0.1411152310325157,0.1446805476326297,0.14807269171216683,0.14956859669138614,0.010308583986314073
1986-08-12,0.1462136337706788,0.1572661152310324,0.1520250998288647,0.1400099828864803,0.1365872789503707,0.1411152310325157,0.14541398419036747,0.1491823540597071,0.0071989636178859066
1986-09-01,0.165252424415288,0.1462136337706788,0.1572661152310324,0.1520250998288647,0.1400099828864803,0.1365872789503707,0.14835282373074724,0.1500855675984027,0.010356308862191473
1986-09-04,0.1445379349686252,0.165252424415288,0.1462136337706788,0.1572661152310324,0.1520250998288647,0.1400099828864803,0.14884178143590573,0.15030542878874303,0.010033409774635089
1986-09-05,0.1404734740444951,0.1445379349686252,0.165252424415288,0.1462136337706788,0.1572661152310324,0.1520250998288647,0.14939695216363777,0.15000475375546676,0.009324824447901477
1986-09-06,0.1381203650884198,0.1404734740444951,0.1445379349686252,0.165252424415288,0.1462136337706788,0.1572661152310324,0.14912700676391485,0.14930476326297767,0.009663076081386177
1986-09-07,0.1368368511123787,0.1381203650884198,0.1404734740444951,0.1445379349686252,0.165252424415288,0.1462136337706788,0.146957256947274,0.14901953793496855,0.01056680745531475
1986-09-09,0.1568026240730176,0.1368368511123787,0.1381203650884198,0.1404734740444951,0.1445379349686252,0.165252424415288,0.14689104392470045,0.148876925270964,0.010492636500277416
1986-09-10,0.1585852823730747,0.1568026240730176,0.1368368511123787,0.1381203650884198,0.1404734740444951,0.1445379349686252,0.1486584222964713,0.14866300627495715,0.01136517684691069
1986-09-12,0.1454292641186537,0.1585852823730747,0.1568026240730176,0.1368368511123787,0.1381203650884198,0.1404734740444951,0.14582654225409497,0.14838491158014824,0.008698019053847745
1986-10-01,0.1724900171135197,0.1454292641186537,0.1585852823730747,0.1568026240730176,0.1368368511123787,0.1381203650884198,0.14981969684622273,0.1495317550865183,0.013238810435188304
1986-10-02,0.1662150598973188,0.1724900171135197,0.1454292641186537,0.1585852823730747,0.1568026240730176,0.1368368511123787,0.153497066253769,0.1504694333523483,0.013774319941070574
1986-10-03,0.1524885909868796,0.1662150598973188,0.1724900171135197,0.1454292641186537,0.1585852823730747,0.1568026240730176,0.155549669953549,0.15090440197756222,0.012065606415419207
1986-10-04,0.1443596691386194,0.1524885909868796,0.1662150598973188,0.1724900171135197,0.1454292641186537,0.1585852823730747,0.15662435824301194,0.15040644609241297,0.010331464835232841
1986-10-06,0.1431831146605818,0.1443596691386194,0.1524885909868796,0.1662150598973188,0.1724900171135197,0.1454292641186537,0.15467871404123537,0.15002020346073391,0.01150776205195634
1986-10-07,0.1350898459783228,0.1431831146605818,0.1443596691386194,0.1524885909868796,0.1662150598973188,0.1724900171135197,0.1513222231276994,0.14908846738923742,0.013442295077807349
1986-10-09,0.1607244723331432,0.1350898459783228,0.1431831146605818,0.1443596691386194,0.1524885909868796,0.1662150598973188,0.15350725287262645,0.14897200038030037,0.013567280623424402
1986-10-10,0.1544495151169423,0.1607244723331432,0.1350898459783228,0.1431831146605818,0.1443596691386194,0.1524885909868796,0.15093003830168686,0.14896843506370025,0.010789461651596409
1986-10-11,0.16093839132915,0.1544495151169423,0.1607244723331432,0.1350898459783228,0.1431831146605818,0.1443596691386194,0.15017622850623416,0.1496125689294542,0.00966982020754078
1986-10-12,0.1443240159726183,0.16093839132915,0.1544495151169423,0.1607244723331432,0.1350898459783228,0.1431831146605818,0.14900986064705396,0.14980153070926025,0.009835403825747916
1986-11-02,0.1633628066172276,0.1443240159726183,0.16093839132915,0.1544495151169423,0.1607244723331432,0.1350898459783228,0.15172459457256943,0.1507475280471572,0.010902639783147034
1986-11-03,0.1546634341129492,0.1633628066172276,0.1443240159726183,0.16093839132915,0.1544495151169423,0.1607244723331432,0.15336464020862192,0.15127044114850727,0.010247414115970906
1986-11-04,0.147532800912721,0.1546634341129492,0.1633628066172276,0.1443240159726183,0.16093839132915,0.1544495151169423,0.1551422051992502,0.15089014071116177,0.007164508133003649
1986-11-06,0.1446092413006275,0.147532800912721,0.1546634341129492,0.1633628066172276,0.1443240159726183,0.16093839132915,0.15284002933746227,0.15043972238068068,0.007644852156545729
1986-11-07,0.1351611523103251,0.1446092413006275,0.147532800912721,0.1546634341129492,0.1633628066172276,0.1443240159726183,0.15008454893651696,0.14945094124358238,0.01006202539053841
1986-11-08,0.1504207073588134,0.1351611523103251,0.1446092413006275,0.147532800912721,0.1546634341129492,0.1633628066172276,0.1485820226550403,0.14964227990112183,0.008887914462667198
1986-11-09,0.1560895607529948,0.1504207073588134,0.1351611523103251,0.1446092413006275,0.147532800912721,0.1546634341129492,0.15026281476652265,0.1501414242251378,0.009059315771666927
1986-11-11,0.1592270393610952,0.1560895607529948,0.1504207073588134,0.1351611523103251,0.1446092413006275,0.147532800912721,0.14967199087278946,0.15089608290549528,0.008152006291748176
1986-11-12,0.145500570450656,0.1592270393610952,0.1560895607529948,0.1504207073588134,0.1351611523103251,0.1446092413006275,0.14836301034960472,0.15107910249096784,0.007950088805920687
1986-12-02,0.1650385054192812,0.145500570450656,0.1592270393610952,0.1560895607529948,0.1504207073588134,0.1351611523103251,0.1508638252791133,0.15151288267731503,0.01010633327061343
1986-12-03,0.1568026240730176,0.1650385054192812,0.145500570450656,0.1592270393610952,0.1560895607529948,0.1504207073588134,0.15260573710374045,0.15149743297204787,0.00989728536685128
1986-12-05,0.1407943525385054,0.1568026240730176,0.1650385054192812,0.145500570450656,0.1592270393610952,0.1560895607529948,0.1534104799934805,0.15131679026430875,0.00835064403404932
1986-12-06,0.1480675984027381,0.1407943525385054,0.1568026240730176,0.1650385054192812,0.145500570450656,0.1592270393610952,0.15307432157118406,0.15074396273055707,0.008536355199888216
1986-12-08,0.1480675984027381,0.1480675984027381,0.1407943525385054,0.1568026240730176,0.1650385054192812,0.145500570450656,0.15192832694971878,0.15086161817836086,0.008602312135378775
1986-12-09,0.1605818596691386,0.1480675984027381,0.1480675984027381,0.1407943525385054,0.1568026240730176,0.1650385054192812,0.1521218727080107,0.15153189769918232,0.008806710040125896
1986-12-11,0.1594766115231032,0.1605818596691386,0.1480675984027381,0.1480675984027381,0.1407943525385054,0.1568026240730176,0.1541184500040746,0.15224377258033842,0.00863804707429057
1986-12-12,0.1462136337706788,0.1594766115231032,0.1605818596691386,0.1480675984027381,0.1480675984027381,0.1407943525385054,0.15142918262570282,0.15255633200228177,0.00753114134479811
1987-01-04,0.1776953793496862,0.1462136337706788,0.1594766115231032,0.1605818596691386,0.1480675984027381,0.1480675984027381,0.1544138619509412,0.1532527571781707,0.01250992660760275
1987-01-05,0.2375570450656017,0.1776953793496862,0.1462136337706788,0.1594766115231032,0.1605818596691386,0.1480675984027381,0.1682371037405264,0.1558851492679216,0.032477462311461903
1987-01-06,0.2163077581289218,0.2375570450656017,0.1776953793496862,0.1462136337706788,0.1594766115231032,0.1605818596691386,0.17798569798712408,0.15824776573493055,0.03551395638435282
1987-01-07,0.2149172846548773,0.2163077581289218,0.2375570450656017,0.1776953793496862,0.1462136337706788,0.1594766115231032,0.1875356531660011,0.1596620079863091,0.03511382560579404
1987-01-09,0.2202652595550485,0.2149172846548773,0.2163077581289218,0.2375570450656017,0.1776953793496862,0.1462136337706788,0.1960618531497025,0.16146368130823346,0.03472206800537785
1987-01-10,0.2238305761551625,0.2202652595550485,0.2149172846548773,0.2163077581289218,0.2375570450656017,0.1776953793496862,0.2052552766685681,0.16384174748050956,0.03181907410112423
1987-01-12,0.2038648031945236,0.2238305761551625,0.2202652595550485,0.2149172846548773,0.2163077581289218,0.2375570450656017,0.21349115801483168,0.1658252519490397,0.018779112907114186
1987-02-01,0.1458571021106674,0.2038648031945236,0.2238305761551625,0.2202652595550485,0.2149172846548773,0.2163077581289218,0.20894283269497183,0.16591438486404256,0.029620227870959893
1987-02-02,0.1517755276668567,0.1458571021106674,0.2038648031945236,0.2238305761551625,0.2202652595550485,0.2149172846548773,0.19668833020943682,0.16647057425366035,0.03332232782778926
1987-02-03,0.1482102110667427,0.1517755276668567,0.1458571021106674,0.2038648031945236,0.2238305761551625,0.2202652595550485,0.18696010920055411,0.166053432211447,0.036434880922265184
1987-02-04,0.1792284654877353,0.1482102110667427,0.1517755276668567,0.1458571021106674,0.2038648031945236,0.2238305761551625,0.18186170646239094,0.16687939722380676,0.0343055436935795
1987-02-06,0.2247219053051911,0.1792284654877353,0.1482102110667427,0.1517755276668567,0.1458571021106674,0.2038648031945236,0.18249837014098275,0.16900551435634145,0.035167571091605766
1987-02-07,0.2177695379349686,0.2247219053051911,0.1792284654877353,0.1482102110667427,0.1517755276668567,0.1458571021106674,0.18163250753809793,0.17145369842175312,0.03403675546651071
1987-02-09,0.2256132344552195,0.2177695379349686,0.2247219053051911,0.1792284654877353,0.1482102110667427,0.1517755276668567,0.1847394262896259,0.17352871268301953,0.03724572256699584
1987-02-10,0.2232601254991443,0.2256132344552195,0.2177695379349686,0.2247219053051911,0.1792284654877353,0.1482102110667427,0.1957970010594083,0.17581526906255937,0.0352126457226491
1987-02-11,0.204221334854535,0.2232601254991443,0.2256132344552195,0.2177695379349686,0.2247219053051911,0.1792284654877353,0.20328925922907665,0.17770488686061983,0.029381752459665865
1987-02-12,0.2018325727324586,0.204221334854535,0.2232601254991443,0.2256132344552195,0.2177695379349686,0.2247219053051911,0.21094959660989318,0.17961233124168088,0.01701655700179245
1987-03-02,0.1502067883628066,0.2018325727324586,0.204221334854535,0.2232601254991443,0.2256132344552195,0.2177695379349686,0.20680364273490337,0.18011385244343023,0.026772234785656795
1987-03-03,0.1487093553907586,0.1502067883628066,0.2018325727324586,0.204221334854535,0.2232601254991443,0.2256132344552195,0.1959447070328416,0.18005680737782845,0.03298732592205152
1987-03-04,0.1811537364517969,0.1487093553907586,0.1502067883628066,0.2018325727324586,0.204221334854535,0.2232601254991443,0.19071387824953137,0.18089227990112186,0.03183263683555701
1987-03-06,0.2281446092413006,0.1811537364517969,0.1487093553907586,0.1502067883628066,0.2018325727324586,0.204221334854535,0.19107550321897152,0.18318953223046203,0.03230603596363944
1987-03-07,0.21281374786081,0.2281446092413006,0.1811537364517969,0.1487093553907586,0.1502067883628066,0.2018325727324586,0.18958316355635232,0.18543330481080048,0.030776591708673823
1987-03-08,0.2612664004563605,0.21281374786081,0.2281446092413006,0.1811537364517969,0.1487093553907586,0.1502067883628066,0.1977324586423274,0.18864090131203645,0.04111472749906447
1987-03-09,0.2277524244152881,0.2612664004563605,0.21281374786081,0.2281446092413006,0.1811537364517969,0.1487093553907586,0.2014352945970173,0.1910058946567788,0.0426828133925903
1987-03-11,0.2026169423844837,0.2277524244152881,0.2612664004563605,0.21281374786081,0.2281446092413006,0.1811537364517969,0.20892245945725693,0.19306664765164477,0.03632163802206194
1987-03-12,0.2026169423844837,0.2026169423844837,0.2277524244152881,0.2612664004563605,0.21281374786081,0.2281446092413006,0.21662354331350336,0.19488495911770295,0.025542654286309394
1987-04-02,0.1508485453508271,0.2026169423844837,0.2026169423844837,0.2277524244152881,0.2612664004563605,0.21281374786081,0.2122942302990791,0.19497765734930592,0.03379251797830616
1987-04-03,0.1498502567027951,0.1508485453508271,0.2026169423844837,0.2026169423844837,0.2277524244152881,0.2612664004563605,0.2011093227935783,0.19461993725042778,0.04004977291325599
1987-04-06,0.2266828294352538,0.1498502567027951,0.1508485453508271,0.2026169423844837,0.2026169423844837,0.2277524244152881,0.203090620161356,0.19686014451416614,0.04105572993586611
1987-04-08,0.2659013120365088,0.2266828294352538,0.1498502567027951,0.1508485453508271,0.2026169423844837,0.2026169423844837,0.20375275038709148,0.20084973378969379,0.04217252353775015
1987-04-09,0.2284654877353109,0.2659013120365088,0.2266828294352538,0.1498502567027951,0.1508485453508271,0.2026169423844837,0.20385461657566614,0.20254207073588132,0.04224096125404089
1987-04-11,0.1949515116942384,0.2284654877353109,0.2659013120365088,0.2266828294352538,0.1498502567027951,0.1508485453508271,0.20275955504848825,0.2011218862901692,0.04237753368409644
1987-04-12,0.1984098687963491,0.1949515116942384,0.2284654877353109,0.2659013120365088,0.2266828294352538,0.1498502567027951,0.2021585445358976,0.20052528997908342,0.042409714106453625
1987-05-01,0.1460353679406731,0.1984098687963491,0.1949515116942384,0.2284654877353109,0.2659013120365088,0.2266828294352538,0.20147094776301847,0.19822922608860996,0.04340754257242072
1987-05-02,0.150563320022818,0.1460353679406731,0.1984098687963491,0.1949515116942384,0.2284654877353109,0.2659013120365088,0.20157281395159315,0.19590582810420226,0.043266820799577055
1987-05-03,0.1510268111808328,0.150563320022818,0.1460353679406731,0.1984098687963491,0.1949515116942384,0.2284654877353109,0.19076481134381873,0.19347903593839128,0.04534828509903641
1987-05-05,0.2737450085567598,0.1510268111808328,0.150563320022818,0.1460353679406731,0.1984098687963491,0.1949515116942384,0.1918853394181403,0.19580837611713248,0.047557390031307586
1987-05-06,0.235596120935539,0.2737450085567598,0.1510268111808328,0.150563320022818,0.1460353679406731,0.1984098687963491,0.19290400130388716,0.1987996767446282,0.04853777488587749
1987-05-08,0.2552053622361665,0.235596120935539,0.2737450085567598,0.1510268111808328,0.150563320022818,0.1460353679406731,0.2015116942384483,0.20224733789693855,0.05399708970067774
1987-05-10,0.2244723331431831,0.2552053622361665,0.235596120935539,0.2737450085567598,0.1510268111808328,0.150563320022818,0.2052349034308532,0.20478940863281989,0.05464224218780689
1987-05-11,0.1787293211637193,0.2244723331431831,0.2552053622361665,0.235596120935539,0.2737450085567598,0.1510268111808328,0.20990546817700265,0.20477277048868603,0.049933137713674094
1987-06-01,0.1471762692527096,0.1787293211637193,0.2244723331431831,0.2552053622361665,0.235596120935539,0.2737450085567598,0.20942160378127286,0.20218791595360328,0.05061576241391709
1987-06-02,0.1530233884768967,0.1471762692527096,0.1787293211637193,0.2244723331431831,0.2552053622361665,0.235596120935539,0.209706829109282,0.20002971097166758,0.05023605916190215
1987-06-03,0.1519181403308613,0.1530233884768967,0.1471762692527096,0.1787293211637193,0.2244723331431831,0.2552053622361665,0.1923029907912965,0.19757320783418894,0.04520390626022801
1987-06-04,0.1863590986879634,0.1519181403308613,0.1530233884768967,0.1471762692527096,0.1787293211637193,0.2244723331431831,0.1852691304702143,0.19634317360714962,0.04097777292963286
1987-06-05,0.2467555618938961,0.1863590986879634,0.1519181403308613,0.1530233884768967,0.1471762692527096,0.1787293211637193,0.18406201613560422,0.19776098117512833,0.03863153311763963
1987-06-07,0.2114589275527666,0.2467555618938961,0.1863590986879634,0.1519181403308613,0.1530233884768967,0.1471762692527096,0.1822029581941161,0.19808185966913858,0.03662370922788934
1987-06-08,0.2503208784940102,0.2114589275527666,0.2467555618938961,0.1863590986879634,0.1519181403308613,0.1530233884768967,0.19243032352701483,0.20141899600684537,0.04461608149133643
1987-06-10,0.2263262977752424,0.2503208784940102,0.2114589275527666,0.2467555618938961,0.1863590986879634,0.1519181403308613,0.20373747045880525,0.20400622741966148,0.0411290955522249
1987-06-11,0.1818667997718197,0.2263262977752424,0.2503208784940102,0.2114589275527666,0.2467555618938961,0.1863590986879634,0.20785795778665137,0.20402999619699555,0.036371174987807856
1987-07-01,0.145750142612664,0.1818667997718197,0.2263262977752424,0.2503208784940102,0.2114589275527666,0.2467555618938961,0.2069768152554803,0.20128351397604102,0.037990913087956185
1987-07-04,0.1951297775242441,0.145750142612664,0.1818667997718197,0.2263262977752424,0.2503208784940102,0.2114589275527666,0.20822976937494903,0.20069404829815551,0.0373365988272192
1987-07-05,0.2432615516257844,0.1951297775242441,0.145750142612664,0.1818667997718197,0.2263262977752424,0.2503208784940102,0.20773062505093304,0.20009388667046965,0.03675453426669933
1987-07-07,0.2209783228750713,0.2432615516257844,0.1951297775242441,0.145750142612664,0.1818667997718197,0.2263262977752424,0.20909053866840516,0.19986808328579572,0.03709004906471415
1987-07-08,0.2393397033656588,0.2209783228750713,0.2432615516257844,0.1951297775242441,0.145750142612664,0.1818667997718197,0.20752179936435494,0.20109217531850154,0.03524172451194666
1987-07-09,0.22875071306332,0.2393397033656588,0.2209783228750713,0.2432615516257844,0.1951297775242441,0.145750142612664,0.2078681444055089,0.2019633010077961,0.03546851376360908
1987-07-10,0.22750285225328,0.22875071306332,0.2393397033656588,0.2209783228750713,0.2432615516257844,0.1951297775242441,0.21438758047428896,0.2045184445712112,0.034058829776625485
1987-07-12,0.1910296634341129,0.22750285225328,0.22875071306332,0.2393397033656588,0.2209783228750713,0.2432615516257844,0.22085608344878166,0.20589109146225512,0.020419055690085803
1987-08-01,0.1477467199087279,0.1910296634341129,0.22750285225328,0.22875071306332,0.2393397033656588,0.2209783228750713,0.2140870752179936,0.20325988781137092,0.03382313538925341
1987-08-04,0.1931332002281802,0.1477467199087279,0.1910296634341129,0.22750285225328,0.22875071306332,0.2393397033656588,0.206925882161193,0.20083428408442666,0.03186681379011019
1987-08-05,0.2466486023958927,0.1931332002281802,0.1477467199087279,0.1910296634341129,0.22750285225328,0.22875071306332,0.21059306494988178,0.20144038790644603,0.03506957069499816
1987-08-06,0.2348830576155162,0.2466486023958927,0.1931332002281802,0.1477467199087279,0.1910296634341129,0.22750285225328,0.20995640127129,0.2027714394371553,0.03449648743326518
1987-08-07,0.2170564746149458,0.2348830576155162,0.2466486023958927,0.1931332002281802,0.1477467199087279,0.1910296634341129,0.20828579577866507,0.20339299296444185,0.033708787919883
1987-08-09,0.2271106674272675,0.2170564746149458,0.2348830576155162,0.2466486023958927,0.1931332002281802,0.1477467199087279,0.20822976937494903,0.20609550294732834,0.033671830111876216
1987-08-10,0.2275385054192812,0.2271106674272675,0.2170564746149458,0.2348830576155162,0.2466486023958927,0.1931332002281802,0.21344531822997306,0.20866134246054377,0.03338992575797358
1987-08-12,0.1937036508841985,0.2275385054192812,0.2271106674272675,0.2170564746149458,0.2348830576155162,0.2466486023958927,0.2200105940836117,0.21008390378398933,0.020252697481702307
1987-09-01,0.1467484312606959,0.1937036508841985,0.2275385054192812,0.2271106674272675,0.2170564746149458,0.2348830576155162,0.21338419851682827,0.20585068454078717,0.033661592617529906
1987-09-02,0.1518111808328579,0.1467484312606959,0.1937036508841985,0.2275385054192812,0.2271106674272675,0.2170564746149458,0.19983599543639471,0.20305785320403116,0.03696497486272615
1987-09-03,0.1525242441528807,0.1518111808328579,0.1467484312606959,0.1937036508841985,0.2275385054192812,0.2271106674272675,0.1880704506560182,0.19963514926792164,0.0370575343978447
1987-09-04,0.1918496862521391,0.1525242441528807,0.1518111808328579,0.1467484312606959,0.1937036508841985,0.2275385054192812,0.18446948088990298,0.1985477277048868,0.03493539105222873
1987-09-06,0.2297133485453508,0.1918496862521391,0.1525242441528807,0.1518111808328579,0.1467484312606959,0.1937036508841985,0.18484129247820058,0.20024719528427454,0.035474540992900504
1987-09-07,0.2267541357672561,0.2297133485453508,0.1918496862521391,0.1525242441528807,0.1518111808328579,0.1467484312606959,0.18472923967076843,0.20289979083475942,0.03531809003130747
1987-09-09,0.2226540216771249,0.2267541357672561,0.2297133485453508,0.1918496862521391,0.1525242441528807,0.1518111808328579,0.18886500692690075,0.20522081194143368,0.038127465906659296
1987-09-10,0.2334569309754706,0.2226540216771249,0.2267541357672561,0.2297133485453508,0.1918496862521391,0.1525242441528807,0.20125193545758285,0.20793877162958735,0.03620037682657744
1987-09-11,0.1921349115801482,0.2334569309754706,0.2226540216771249,0.2267541357672561,0.2297133485453508,0.1918496862521391,0.2070124684214815,0.20813129872599348,0.029634578397089408
1987-09-12,0.1956645750142612,0.1921349115801482,0.2334569309754706,0.2226540216771249,0.2267541357672561,0.2297133485453508,0.21317537283025012,0.20642826583000567,0.018987661722876192
1987-10-02,0.1521677124928693,0.1956645750142612,0.1921349115801482,0.2334569309754706,0.2226540216771249,0.2267541357672561,0.20750651943606874,0.20445189199467573,0.029454445636142166
1987-10-03,0.1516329150028522,0.1521677124928693,0.1956645750142612,0.1921349115801482,0.2334569309754706,0.2226540216771249,0.19635217178714034,0.20116229321163714,0.034066519045717905
1987-10-04,0.2006560182544209,0.1516329150028522,0.1521677124928693,0.1956645750142612,0.1921349115801482,0.2334569309754706,0.19262386928530678,0.20030661722760978,0.03151747748763918
1987-10-06,0.237378779235596,0.2006560182544209,0.1516329150028522,0.1521677124928693,0.1956645750142612,0.1921349115801482,0.19472740607937405,0.20215701654306897,0.034230410859784045
1987-10-07,0.2275741585852823,0.237378779235596,0.2006560182544209,0.1516329150028522,0.1521677124928693,0.1956645750142612,0.1938870100236329,0.20488448374215626,0.03317708887814812
1987-10-08,0.2303907586993724,0.2275741585852823,0.237378779235596,0.2006560182544209,0.1516329150028522,0.1521677124928693,0.1993521310406649,0.20605984978132721,0.03588104500262264
1987-10-09,0.2254349686252139,0.2303907586993724,0.2275741585852823,0.237378779235596,0.2006560182544209,0.1516329150028522,0.20360504441365815,0.20546563034797485,0.03711424206596911
1987-10-11,0.183221620079863,0.2254349686252139,0.2303907586993724,0.2275741585852823,0.237378779235596,0.2006560182544209,0.20804131692608582,0.20420707358813456,0.03134943662598133
1987-10-12,0.1944167142042213,0.183221620079863,0.2254349686252139,0.2303907586993724,0.2275741585852823,0.237378779235596,0.2141532882405671,0.20270964061608668,0.020972011900588984
1987-11-02,0.1522746719908727,0.1944167142042213,0.183221620079863,0.2254349686252139,0.2303907586993724,0.2275741585852823,0.20724166734577448,0.20016043924700508,0.03149429849749396
1987-11-03,0.1523816314888762,0.1522746719908727,0.1944167142042213,0.183221620079863,0.2254349686252139,0.2303907586993724,0.19509921766767171,0.19765639855485828,0.03420684497523724
1987-11-05,0.2503921848260125,0.1523816314888762,0.1522746719908727,0.1944167142042213,0.183221620079863,0.2254349686252139,0.1983589357020617,0.1996351492679216,0.0386198557672181
1987-11-06,0.2323873359954363,0.2503921848260125,0.1523816314888762,0.1522746719908727,0.1944167142042213,0.183221620079863,0.19864416103007085,0.20245650313747854,0.038902194506362786
1987-11-08,0.2332786651454649,0.2323873359954363,0.2503921848260125,0.1523816314888762,0.1522746719908727,0.1944167142042213,0.1997646891043924,0.20379468530138803,0.039902583136991576
1987-11-09,0.2334925841414717,0.2332786651454649,0.2323873359954363,0.2503921848260125,0.1523816314888762,0.1522746719908727,0.20694625539890793,0.20335615135957402,0.04093932574719822
1987-11-11,0.1860382201939532,0.2334925841414717,0.2332786651454649,0.2323873359954363,0.2503921848260125,0.1523816314888762,0.20574932768315538,0.2017279901121886,0.04148553651112716
1987-11-12,0.2045778665145464,0.1860382201939532,0.2334925841414717,0.2332786651454649,0.2323873359954363,0.2503921848260125,0.21322121261510876,0.20131203650884194,0.03434464661463061
1987-12-01,0.1510268111808328,0.2045778665145464,0.1860382201939532,0.2334925841414717,0.2332786651454649,0.2323873359954363,0.21302766685681682,0.1987759079672941,0.03474611543019765
1987-12-02,0.1511337706788362,0.1510268111808328,0.2045778665145464,0.1860382201939532,0.2334925841414717,0.2332786651454649,0.1988478934072202,0.19622908347594595,0.0371282475131337
1987-12-03,0.1530590416428978,0.1511337706788362,0.1510268111808328,0.2045778665145464,0.1860382201939532,0.2334925841414717,0.18751527992828615,0.19487426316790257,0.03729112588652018
1987-12-05,0.2644751853964631,0.1530590416428978,0.1511337706788362,0.1510268111808328,0.2045778665145464,0.1860382201939532,0.19197192567842875,0.1987984883057615,0.04478332316656255
1987-12-06,0.236594409583571,0.2644751853964631,0.1530590416428978,0.1511337706788362,0.1510268111808328,0.2045778665145464,0.19241504359872863,0.20162459593078527,0.045275274192553935
1987-12-08,0.2313177410154021,0.236594409583571,0.2644751853964631,0.1530590416428978,0.1511337706788362,0.1510268111808328,0.19888354657322133,0.20425104582620263,0.04739720103147076
1987-12-10,0.2338847689674842,0.2313177410154021,0.236594409583571,0.2644751853964631,0.1530590416428978,0.1511337706788362,0.203070246923641,0.20565221525004745,0.04924247669176628
1987-12-11,0.1914218482601254,0.2338847689674842,0.2313177410154021,0.236594409583571,0.2644751853964631,0.1530590416428978,0.20884096650639708,0.2043758319072066,0.044239851228697086
1988-01-02,0.1876426126640045,0.1914218482601254,0.2338847689674842,0.2313177410154021,0.236594409583571,0.2644751853964631,0.21405651536142115,0.20307211447043155,0.038017151231946655
1988-01-03,0.1759840273816315,0.1876426126640045,0.1914218482601254,0.2338847689674842,0.2313177410154021,0.236594409583571,0.2173315133240974,0.20151644799391513,0.03246938554519908
1988-01-06,0.193846263548203,0.1759840273816315,0.1876426126640045,0.1914218482601254,0.2338847689674842,0.2313177410154021,0.2072416673457745,0.2001960924130062,0.025631888289142066
1988-01-07,0.1930262407301768,0.193846263548203,0.1759840273816315,0.1876426126640045,0.1914218482601254,0.2338847689674842,0.20101764322386106,0.20022580338467386,0.022402707152991863
1988-01-08,0.1993368511123787,0.1930262407301768,0.193846263548203,0.1759840273816315,0.1876426126640045,0.1914218482601254,0.1964489446662863,0.2003482125879444,0.018027321011322147
1988-01-09,0.1881061038220194,0.1993368511123787,0.1930262407301768,0.193846263548203,0.1759840273816315,0.1876426126640045,0.18990913535979131,0.20154615896558276,0.0072879367102660075
1988-01-11,0.1783727895037079,0.1881061038220194,0.1993368511123787,0.1930262407301768,0.193846263548203,0.1759840273816315,0.18804498410887455,0.20243748811561127,0.008417815286099762
1988-01-12,0.1743796349115801,0.1783727895037079,0.1881061038220194,0.1993368511123787,0.1930262407301768,0.193846263548203,0.18615027300138534,0.2015616086708499,0.009887770559162597
1988-02-02,0.1904948659440958,0.1743796349115801,0.1783727895037079,0.1881061038220194,0.1993368511123787,0.1930262407301768,0.18822324993888026,0.19999881156113325,0.00886989612807274
1988-02-03,0.1771605818596691,0.1904948659440958,0.1743796349115801,0.1783727895037079,0.1881061038220194,0.1993368511123787,0.18583958112623256,0.19831835900361278,0.009336679886861012
1988-02-06,0.1956645750142612,0.1771605818596691,0.1904948659440958,0.1743796349115801,0.1783727895037079,0.1881061038220194,0.18621648602395888,0.1971608195474424,0.009720507320279192
1988-02-08,0.1979107244723331,0.1956645750142612,0.1771605818596691,0.1904948659440958,0.1743796349115801,0.1783727895037079,0.1860127536468095,0.19624334474234637,0.009409660461861594
1988-02-09,0.1888548203080433,0.1979107244723331,0.1956645750142612,0.1771605818596691,0.1904948659440958,0.1743796349115801,0.18611971314481293,0.19643111808328576,0.009441622438759128
1988-02-11,0.1809754706217912,0.1888548203080433,0.1979107244723331,0.1956645750142612,0.1771605818596691,0.1904948659440958,0.18649152473311054,0.19598307663053807,0.009131868226990195
1988-02-12,0.1724187107815173,0.1809754706217912,0.1888548203080433,0.1979107244723331,0.1956645750142612,0.1771605818596691,0.18621139271453016,0.19665454459022622,0.009584214484619236
1988-03-02,0.1830433542498573,0.1724187107815173,0.1809754706217912,0.1888548203080433,0.1979107244723331,0.1956645750142612,0.18514689104392465,0.19767660201559226,0.009441920548642988
1988-03-03,0.1756988020536223,0.1830433542498573,0.1724187107815173,0.1809754706217912,0.1888548203080433,0.1979107244723331,0.1849380653573465,0.19518682258984593,0.009661600763605798
1988-03-05,0.1813320022818026,0.1756988020536223,0.1830433542498573,0.1724187107815173,0.1809754706217912,0.1888548203080433,0.18289055496699527,0.1934849781327248,0.008452600840240769
1988-03-06,0.212065031374786,0.1813320022818026,0.1756988020536223,0.1830433542498573,0.1724187107815173,0.1809754706217912,0.18491259881020286,0.1927778570070355,0.013074164844960932
1988-03-08,0.1956645750142612,0.212065031374786,0.1813320022818026,0.1756988020536223,0.1830433542498573,0.1724187107815173,0.18588542091109111,0.1915169233694618,0.013656756084041453
1988-03-10,0.1729891614375356,0.1956645750142612,0.212065031374786,0.1813320022818026,0.1756988020536223,0.1830433542498573,0.1847445195990546,0.19108195474424788,0.014446084973521782
1988-03-11,0.186501711351968,0.1729891614375356,0.1956645750142612,0.212065031374786,0.1813320022818026,0.1756988020536223,0.18675637682340468,0.1904794162388286,0.013385099923578381
1988-04-01,0.1912079292641186,0.186501711351968,0.1729891614375356,0.1956645750142612,0.212065031374786,0.1813320022818026,0.18792274468258488,0.1918187868416048,0.013363334691144629
1988-04-02,0.1808328579577866,0.1912079292641186,0.186501711351968,0.1729891614375356,0.1956645750142612,0.212065031374786,0.18865618124032268,0.1928087564175698,0.012705304013744284
1988-04-03,0.1780875641756988,0.1808328579577866,0.1912079292641186,0.186501711351968,0.1729891614375356,0.1956645750142612,0.18819269008230785,0.19364304050199652,0.013070939786139676
1988-04-05,0.1799058756417569,0.1780875641756988,0.1808328579577866,0.1912079292641186,0.186501711351968,0.1729891614375356,0.18359852497758938,0.19082406351017298,0.007917648483810349
1988-04-07,0.1939888762122076,0.1799058756417569,0.1780875641756988,0.1808328579577866,0.1912079292641186,0.186501711351968,0.18335913943443885,0.18940387906446085,0.007506704140327816
1988-04-08,0.1989446662863662,0.1939888762122076,0.1799058756417569,0.1780875641756988,0.1808328579577866,0.1912079292641186,0.18706706869855755,0.18832477657349303,0.007929214651152941
1988-04-10,0.1759483742156303,0.1989446662863662,0.1939888762122076,0.1799058756417569,0.1780875641756988,0.1808328579577866,0.18555944910765215,0.18639356341509788,0.00898730577132308
1988-04-11,0.1828650884198516,0.1759483742156303,0.1989446662863662,0.1939888762122076,0.1799058756417569,0.1780875641756988,0.1843676147013283,0.18610833808708876,0.00866064813622375
1988-05-01,0.1863947518539646,0.1828650884198516,0.1759483742156303,0.1989446662863662,0.1939888762122076,0.1799058756417569,0.18516217097221088,0.1860667427267541,0.00853655374417601
1988-05-02,0.1824015972618368,0.1863947518539646,0.1828650884198516,0.1759483742156303,0.1989446662863662,0.1939888762122076,0.1857784614130877,0.18628066172276095,0.008084434710146823
1988-05-04,0.194594980034227,0.1824015972618368,0.1863947518539646,0.1828650884198516,0.1759483742156303,0.1989446662863662,0.1878769048977263,0.18630561893896172,0.00821145530182706
1988-05-05,0.1811537364517969,0.194594980034227,0.1824015972618368,0.1863947518539646,0.1828650884198516,0.1759483742156303,0.1860433135033819,0.18590986879634908,0.008050656162045233
1988-05-07,0.1944167142042213,0.1811537364517969,0.194594980034227,0.1824015972618368,0.1863947518539646,0.1828650884198516,0.18539646320593264,0.1857458642327438,0.006947642482064255
1988-05-08,0.1983385624643468,0.1944167142042213,0.1811537364517969,0.194594980034227,0.1824015972618368,0.1863947518539646,0.18859506152717787,0.18608694618748806,0.007026530028550156
1988-05-09,0.1860382201939532,0.1983385624643468,0.1944167142042213,0.1811537364517969,0.194594980034227,0.1824015972618368,0.1890483660663352,0.18634246054382958,0.0066895340670925715
1988-05-10,0.1765188248716485,0.1860382201939532,0.1983385624643468,0.1944167142042213,0.1811537364517969,0.194594980034227,0.1876375193545758,0.18641376687583183,0.008210902419562465
1988-05-12,0.1753066172276098,0.1765188248716485,0.1860382201939532,0.1983385624643468,0.1944167142042213,0.1811537364517969,0.18662395077825764,0.18590749191861564,0.009327008537510536
1988-06-01,0.1953080433542498,0.1753066172276098,0.1765188248716485,0.1860382201939532,0.1983385624643468,0.1944167142042213,0.1867258169668323,0.18651240730176835,0.009431879001371041
1988-06-04,0.1900670279520821,0.1953080433542498,0.1753066172276098,0.1765188248716485,0.1860382201939532,0.1983385624643468,0.1879991443240159,0.1863258223996957,0.009151758671161232
1988-06-05,0.1815815744438106,0.1900670279520821,0.1953080433542498,0.1753066172276098,0.1765188248716485,0.1860382201939532,0.18616555292967155,0.185781517398745,0.008934891519964393
1988-06-06,0.2125285225328008,0.1815815744438106,0.1900670279520821,0.1953080433542498,0.1753066172276098,0.1765188248716485,0.18819269008230782,0.1865706408062369,0.012890905894959321
1988-06-07,0.1961993725042783,0.2125285225328008,0.1815815744438106,0.1900670279520821,0.1953080433542498,0.1753066172276098,0.18964428326949712,0.18707810420231977,0.013176798373118788
1988-06-09,0.1877495721620079,0.1961993725042783,0.2125285225328008,0.1815815744438106,0.1900670279520821,0.1953080433542498,0.19124867573954846,0.18758913291500282,0.011937768062165895
1988-06-10,0.1800841414717627,0.1877495721620079,0.1961993725042783,0.2125285225328008,0.1815815744438106,0.1900670279520821,0.1919311792029989,0.18749049248906632,0.010971924449942898
1988-06-12,0.1740587564175698,0.1800841414717627,0.1877495721620079,0.1961993725042783,0.2125285225328008,0.1815815744438106,0.18889556678347316,0.18743582430119787,0.012687358815015181
1988-07-01,0.2041500285225327,0.1740587564175698,0.1800841414717627,0.1877495721620079,0.1961993725042783,0.2125285225328008,0.19090742400782326,0.1881964251758889,0.013957123255685034
1988-07-03,0.1814033086138049,0.2041500285225327,0.1740587564175698,0.1800841414717627,0.1877495721620079,0.1961993725042783,0.19088195746067962,0.18717436775052285,0.013977123791892724
1988-07-04,0.184968625213919,0.1814033086138049,0.2041500285225327,0.1740587564175698,0.1800841414717627,0.1877495721620079,0.1869448292722679,0.18681783609051145,0.010247331418459989
1988-07-06,0.2142042213348545,0.184968625213919,0.1814033086138049,0.2041500285225327,0.1740587564175698,0.1800841414717627,0.1895169505337788,0.1881916714204221,0.014382651806370385
1988-07-07,0.2022604107244723,0.2142042213348545,0.184968625213919,0.1814033086138049,0.2041500285225327,0.1740587564175698,0.1915899274712737,0.18871696139950556,0.015112663318879187
1988-07-09,0.1867156303479749,0.2022604107244723,0.2142042213348545,0.184968625213919,0.1814033086138049,0.2041500285225327,0.1925372830250183,0.18856721810230076,0.01446518140629387
1988-07-10,0.1796206503137478,0.1867156303479749,0.2022604107244723,0.2142042213348545,0.184968625213919,0.1814033086138049,0.1933318392959009,0.1885268111808328,0.013394109750461281
1988-07-11,0.183720764403879,0.1796206503137478,0.1867156303479749,0.2022604107244723,0.2142042213348545,0.184968625213919,0.19041337299323605,0.18871458452177217,0.012859046618125718
1988-07-12,0.1723474044495151,0.183720764403879,0.1796206503137478,0.1867156303479749,0.2022604107244723,0.2142042213348545,0.1891196723983375,0.18846263548203077,0.014292263701383728
1988-08-01,0.1988733599543639,0.1723474044495151,0.183720764403879,0.1796206503137478,0.1867156303479749,0.2022604107244723,0.19110606307554392,0.1886254516067693,0.01458249980293257
1988-08-02,0.1801554478037649,0.1988733599543639,0.1723474044495151,0.183720764403879,0.1796206503137478,0.1867156303479749,0.18624195257110257,0.1879991443240159,0.010775511324895577
1988-08-03,0.1820807187678265,0.1801554478037649,0.1988733599543639,0.1723474044495151,0.183720764403879,0.1796206503137478,0.18335913943443888,0.18820355580908912,0.008157005679839503
1988-08-04,0.1833642327438676,0.1820807187678265,0.1801554478037649,0.1988733599543639,0.1723474044495151,0.183720764403879,0.18288036834813784,0.188220193953223,0.008024440711385224
1988-08-06,0.2110310895607529,0.1833642327438676,0.1820807187678265,0.1801554478037649,0.1988733599543639,0.1723474044495151,0.18736757395485285,0.18904140521011595,0.01308461014838443
1988-08-07,0.2022960638904734,0.2110310895607529,0.1833642327438676,0.1820807187678265,0.1801554478037649,0.1988733599543639,0.1900211881672235,0.18970455409773718,0.014068351298519634
1988-08-08,0.1970193953223046,0.2022960638904734,0.2110310895607529,0.1833642327438676,0.1820807187678265,0.1801554478037649,0.1935457582919077,0.18978536794067308,0.01181217705089159
1988-08-09,0.1888904734740445,0.1970193953223046,0.2022960638904734,0.2110310895607529,0.1833642327438676,0.1820807187678265,0.19211963165186205,0.19004325917474799,0.011663451726062746
1988-08-11,0.1856460353679406,0.1888904734740445,0.1970193953223046,0.2022960638904734,0.2110310895607529,0.1833642327438676,0.19290400130388718,0.18975090321353866,0.010883287956282382
1988-08-12,0.1747361665715915,0.1856460353679406,0.1888904734740445,0.1970193953223046,0.2022960638904734,0.2110310895607529,0.19185477956156788,0.18896415668378014,0.012355136924837605
1988-09-02,0.1790145464917284,0.1747361665715915,0.1856460353679406,0.1888904734740445,0.1970193953223046,0.2022960638904734,0.19123339581126225,0.18873003422703932,0.012948460823956124
1988-09-03,0.1790145464917284,0.1790145464917284,0.1747361665715915,0.1856460353679406,0.1888904734740445,0.1970193953223046,0.18665960394425876,0.18881322494770864,0.010139776648209425
1988-09-05,0.181938106103822,0.1790145464917284,0.1790145464917284,0.1747361665715915,0.1856460353679406,0.1888904734740445,0.18375132426045143,0.1890342745769157,0.007477493452871883
1988-09-06,0.2036152310325156,0.181938106103822,0.1790145464917284,0.1790145464917284,0.1747361665715915,0.1856460353679406,0.18469358650476728,0.18931118083285792,0.009555064325737252
1988-09-08,0.1934897318881916,0.2036152310325156,0.181938106103822,0.1790145464917284,0.1790145464917284,0.1747361665715915,0.18535062342107403,0.18942527096406156,0.010037695256893426
1988-09-09,0.1911366229321163,0.1934897318881916,0.2036152310325156,0.181938106103822,0.1790145464917284,0.1790145464917284,0.1861349930730991,0.1897437725803384,0.010276314419478188
1988-09-11,0.1831146605818596,0.1911366229321163,0.1934897318881916,0.2036152310325156,0.181938106103822,0.1790145464917284,0.18733192078885172,0.18876331051530704,0.00915402042216819
1988-09-12,0.1729178551055333,0.1831146605818596,0.1911366229321163,0.1934897318881916,0.2036152310325156,0.181938106103822,0.18646096487653813,0.18798725993534887,0.010296060446056248
1988-10-02,0.1800841414717627,0.1729178551055333,0.1831146605818596,0.1911366229321163,0.1934897318881916,0.2036152310325156,0.18661376415940015,0.18773174557900738,0.010174350600744488
1988-10-03,0.1824015972618368,0.1800841414717627,0.1729178551055333,0.1831146605818596,0.1911366229321163,0.1934897318881916,0.18667997718197368,0.18780899410534319,0.010140301963378145
1988-10-05,0.1846120935539075,0.1824015972618368,0.1800841414717627,0.1729178551055333,0.1831146605818596,0.1911366229321163,0.18396524325645824,0.1881607720098878,0.006865847861741968
1988-10-06,0.2088562464346833,0.1846120935539075,0.1824015972618368,0.1800841414717627,0.1729178551055333,0.1831146605818596,0.1861604596202428,0.1883176459402928,0.011386779852816706
1988-10-08,0.190031374786081,0.2088562464346833,0.1846120935539075,0.1824015972618368,0.1800841414717627,0.1729178551055333,0.186002567027952,0.1886052481460353,0.011313707062076338
1988-10-10,0.1810111237877923,0.190031374786081,0.2088562464346833,0.1846120935539075,0.1824015972618368,0.1800841414717627,0.18570206177165668,0.1884733314318311,0.011430530630973849
1988-10-11,0.1870365088419851,0.1810111237877923,0.190031374786081,0.2088562464346833,0.1846120935539075,0.1824015972618368,0.18771901230543553,0.1875677410154021,0.00994828599764071
1988-11-01,0.2038648031945236,0.1870365088419851,0.1810111237877923,0.190031374786081,0.2088562464346833,0.1846120935539075,0.19111624969440139,0.18762122076440382,0.0109195323724159
1988-11-02,0.1781945236737022,0.2038648031945236,0.1870365088419851,0.1810111237877923,0.190031374786081,0.2088562464346833,0.19051523918181074,0.1873371838752614,0.011575221122965964
1988-11-03,0.1803337136337706,0.1781945236737022,0.2038648031945236,0.1870365088419851,0.1810111237877923,0.190031374786081,0.18990404205036257,0.1873609526525955,0.012042396390254484
1988-11-04,0.1830077010838562,0.1803337136337706,0.1781945236737022,0.2038648031945236,0.1870365088419851,0.1810111237877923,0.18621139271453013,0.1873371838752614,0.008784832751201031
1988-11-05,0.1879278379920136,0.1830077010838562,0.1803337136337706,0.1781945236737022,0.2038648031945236,0.1870365088419851,0.18591088745823484,0.18785653166001134,0.00866757863438659
1988-11-07,0.2076083856246434,0.1879278379920136,0.1830077010838562,0.1803337136337706,0.1781945236737022,0.2038648031945236,0.18971049629207068,0.18814769918235402,0.011521545526559797
1988-11-08,0.1934540787221905,0.2076083856246434,0.1879278379920136,0.1830077010838562,0.1803337136337706,0.1781945236737022,0.19062729198924286,0.18859098687963485,0.011528635854535823
1988-11-10,0.1805119794637763,0.1934540787221905,0.2076083856246434,0.1879278379920136,0.1830077010838562,0.1803337136337706,0.18729117431342182,0.18853869556949984,0.010381367480157685
1988-11-11,0.184219908727895,0.1805119794637763,0.1934540787221905,0.2076083856246434,0.1879278379920136,0.1830077010838562,0.18815194360687795,0.18856721810230076,0.009730826425577172
1988-12-01,0.1991229321163719,0.184219908727895,0.1805119794637763,0.1934540787221905,0.2076083856246434,0.1879278379920136,0.190836117675821,0.1881702795208214,0.009805935562067826
1988-12-02,0.178658014831717,0.1991229321163719,0.184219908727895,0.1805119794637763,0.1934540787221905,0.2076083856246434,0.19021473392551538,0.18738234455219616,0.010498075154306374
1988-12-04,0.1842555618938961,0.178658014831717,0.1991229321163719,0.184219908727895,0.1805119794637763,0.1934540787221905,0.18969012305435573,0.18695688343791592,0.010720796099183388
1988-12-05,0.1874643468339988,0.1842555618938961,0.178658014831717,0.1991229321163719,0.184219908727895,0.1805119794637763,0.18681240322712078,0.18690934588324773,0.007251825751934977
1988-12-07,0.2002994865944095,0.1874643468339988,0.1842555618938961,0.178658014831717,0.1991229321163719,0.184219908727895,0.1877903186374378,0.18739779425746333,0.008627757481377384
1988-12-08,0.1941314888762121,0.2002994865944095,0.1874643468339988,0.1842555618938961,0.178658014831717,0.1991229321163719,0.18973596283921434,0.1880443050009507,0.008239808799315407
1988-12-09,0.1836138049058756,0.1941314888762121,0.2002994865944095,0.1874643468339988,0.1842555618938961,0.178658014831717,0.18964937657892583,0.1881976136147556,0.008310316668997437
1988-12-10,0.177659726183685,0.1836138049058756,0.1941314888762121,0.2002994865944095,0.1874643468339988,0.1842555618938961,0.1865832043028277,0.18815245293782082,0.008191069872389493
1988-12-12,0.173595265259555,0.177659726183685,0.1836138049058756,0.1941314888762121,0.2002994865944095,0.1874643468339988,0.18585995436394745,0.18787435824301194,0.009172223040666026
1989-01-02,0.1621862521391899,0.173595265259555,0.177659726183685,0.1836138049058756,0.1941314888762121,0.2002994865944095,0.18270719582756084,0.18649339227990105,0.012865126959819439
1989-01-03,0.1627923559612093,0.1621862521391899,0.173595265259555,0.177659726183685,0.1836138049058756,0.1941314888762121,0.17918262570287663,0.18547014641566834,0.014606397852832438
1989-01-06,0.1385838562464346,0.1627923559612093,0.1621862521391899,0.173595265259555,0.177659726183685,0.1836138049058756,0.17036610708173733,0.1837183875261456,0.017973602925300706
1989-01-08,0.1417569880205362,0.1385838562464346,0.1627923559612093,0.1621862521391899,0.173595265259555,0.177659726183685,0.1628840355309265,0.18233979844076814,0.017321090090210302
1989-01-09,0.1346976611523103,0.1417569880205362,0.1385838562464346,0.1627923559612093,0.1621862521391899,0.173595265259555,0.1558960149947029,0.18106579197566072,0.017431017930925097
1989-01-11,0.1389047347404449,0.1346976611523103,0.1417569880205362,0.1385838562464346,0.1627923559612093,0.1621862521391899,0.15035958764566862,0.17969314508461676,0.01540304408265284
1989-01-12,0.1582287507130633,0.1389047347404449,0.1346976611523103,0.1417569880205362,0.1385838562464346,0.1627923559612093,0.1481643712818841,0.178887383532991,0.012327589593339832
1989-02-02,0.1622932116371933,0.1582287507130633,0.1389047347404449,0.1346976611523103,0.1417569880205362,0.1385838562464346,0.14817965121017027,0.17814342080243384,0.01234791577397307
1989-02-03,0.159940102681118,0.1622932116371933,0.1582287507130633,0.1389047347404449,0.1346976611523103,0.1417569880205362,0.1477721864558715,0.17651288267731502,0.011821174714217378
1989-02-05,0.1560895607529948,0.159940102681118,0.1622932116371933,0.1582287507130633,0.1389047347404449,0.1346976611523103,0.15027300138538013,0.17538148887621216,0.011397483682254059
1989-02-06,0.1407586993725042,0.1560895607529948,0.159940102681118,0.1622932116371933,0.1582287507130633,0.1389047347404449,0.15013038872137555,0.17403974139570255,0.011527307406632024
1989-02-08,0.1415430690245293,0.1407586993725042,0.1560895607529948,0.159940102681118,0.1622932116371933,0.1582287507130633,0.15110830413169254,0.17252329340178735,0.010215606082432974
1989-02-10,0.1410439247005133,0.1415430690245293,0.1407586993725042,0.1560895607529948,0.159940102681118,0.1622932116371933,0.1514139026974166,0.17042926411865367,0.009813787408987267
1989-02-11,0.1385482030804335,0.1410439247005133,0.1415430690245293,0.1407586993725042,0.1560895607529948,0.159940102681118,0.1486023958927552,0.16910772009887806,0.01034097528784007
1989-03-01,0.171063890473474,0.1385482030804335,0.1410439247005133,0.1415430690245293,0.1407586993725042,0.1560895607529948,0.1498553500122239,0.16879872599353482,0.012567853597540962
1989-03-02,0.1619010268111808,0.171063890473474,0.1385482030804335,0.1410439247005133,0.1415430690245293,0.1407586993725042,0.15013548203080426,0.16809517018444567,0.012848816027249738
1989-03-03,0.1617227609811751,0.1619010268111808,0.171063890473474,0.1385482030804335,0.1410439247005133,0.1415430690245293,0.15094022492054432,0.16722166761741772,0.013446394448737279
1989-03-04,0.1611166571591557,0.1617227609811751,0.1619010268111808,0.171063890473474,0.1385482030804335,0.1410439247005133,0.15384850460435165,0.16567194333523477,0.0130736555562007
1989-03-05,0.1556617227609811,0.1611166571591557,0.1617227609811751,0.1619010268111808,0.171063890473474,0.1385482030804335,0.1558654551381305,0.1644121981365278,0.011894748187732678
1989-03-07,0.1397960638904734,0.1556617227609811,0.1611166571591557,0.1617227609811751,0.1619010268111808,0.171063890473474,0.1556871893081248,0.16305500095075104,0.01216028594997842
1989-03-08,0.1406873930405019,0.1397960638904734,0.1556617227609811,0.1611166571591557,0.1617227609811751,0.1619010268111808,0.15599278787384888,0.16160391709450458,0.011674977745054037
1989-03-10,0.1409369652025099,0.1406873930405019,0.1397960638904734,0.1556617227609811,0.1611166571591557,0.1617227609811751,0.15168894140656827,0.15966438486404252,0.010705984571958205
1989-03-11,0.1415430690245293,0.1409369652025099,0.1406873930405019,0.1397960638904734,0.1556617227609811,0.1611166571591557,0.14878066172276092,0.15842722000380294,0.010223779772152905
1989-04-01,0.1695664575014261,0.1415430690245293,0.1409369652025099,0.1406873930405019,0.1397960638904734,0.1556617227609811,0.1499011897970825,0.1579375831907206,0.012130652137987781
1989-04-04,0.1624001711351967,0.1695664575014261,0.1415430690245293,0.1409369652025099,0.1406873930405019,0.1397960638904734,0.15008454893651693,0.1571021106674272,0.012336387978117825
1989-04-05,0.1554834569309754,0.1624001711351967,0.1695664575014261,0.1415430690245293,0.1409369652025099,0.1406873930405019,0.15005908238937324,0.1556082430119794,0.012323132785734558
1989-04-07,0.1411508841985168,0.1554834569309754,0.1624001711351967,0.1695664575014261,0.1415430690245293,0.1409369652025099,0.15025262814766513,0.15384222285605623,0.012144421466281132
1989-04-08,0.1432900741585852,0.1411508841985168,0.1554834569309754,0.1624001711351967,0.1695664575014261,0.1415430690245293,0.15062443973596276,0.1524980984978132,0.011838760949378744
1989-04-09,0.1353394181403308,0.1432900741585852,0.1411508841985168,0.1554834569309754,0.1624001711351967,0.1695664575014261,0.14982479015565148,0.15108742156303473,0.012755692919129747
1989-04-10,0.1410439247005133,0.1353394181403308,0.1432900741585852,0.1411508841985168,0.1554834569309754,0.1624001711351967,0.14975348382364917,0.15000237687773332,0.0128109803956053
1989-04-12,0.1561252139189959,0.1410439247005133,0.1353394181403308,0.1432900741585852,0.1411508841985168,0.1554834569309754,0.1478333061690163,0.14980034227039354,0.010057855595285912
1989-05-01,0.1670707358813462,0.1561252139189959,0.1410439247005133,0.1353394181403308,0.1432900741585852,0.1411508841985168,0.1485005297041805,0.1499429549343981,0.011267442709909016
1989-05-04,0.1615444951511694,0.1670707358813462,0.1561252139189959,0.1410439247005133,0.1353394181403308,0.1432900741585852,0.14936639230706536,0.15070830956455594,0.012095917540810191
1989-05-05,0.1549486594409583,0.1615444951511694,0.1670707358813462,0.1561252139189959,0.1410439247005133,0.1353394181403308,0.1513375030559856,0.15114803194523665,0.011650018002170564
1989-05-06,0.144003137478608,0.1549486594409583,0.1615444951511694,0.1670707358813462,0.1561252139189959,0.1410439247005133,0.15143936924456028,0.1514582144894466,0.011570772707031211
1989-05-07,0.1421848260125499,0.144003137478608,0.1549486594409583,0.1615444951511694,0.1670707358813462,0.1561252139189959,0.15241728465487728,0.15156755086518342,0.010190196279210974
1989-05-09,0.1350898459783228,0.1421848260125499,0.144003137478608,0.1549486594409583,0.1615444951511694,0.1670707358813462,0.15156670198027863,0.15079625404069208,0.01146634916823298
1989-05-10,0.1419352538505419,0.1350898459783228,0.1421848260125499,0.144003137478608,0.1549486594409583,0.1615444951511694,0.14953956482764236,0.15011765544780373,0.011776266713311268
1989-05-12,0.1517755276668567,0.1419352538505419,0.1350898459783228,0.1421848260125499,0.144003137478608,0.1549486594409583,0.14735453508271526,0.14984550294732832,0.00909505206709409
1989-06-01,0.1676055333713633,0.1517755276668567,0.1419352538505419,0.1350898459783228,0.1421848260125499,0.144003137478608,0.1482203976856001,0.15022936870127393,0.010799843912698292
1989-06-02,0.1621149458071876,0.1676055333713633,0.1517755276668567,0.1419352538505419,0.1350898459783228,0.1421848260125499,0.14924415288077575,0.15094124358243008,0.011834076570007538
1989-06-03,0.1624358243011979,0.1621149458071876,0.1676055333713633,0.1517755276668567,0.1419352538505419,0.1350898459783228,0.15187739385543145,0.151637668758319,0.012505241939503723
1989-06-04,0.1617940673131774,0.1624358243011979,0.1621149458071876,0.1676055333713633,0.1517755276668567,0.1419352538505419,0.15467871404123537,0.15232934017874114,0.012163807198598314
1989-06-06,0.1414361095265259,0.1617940673131774,0.1624358243011979,0.1621149458071876,0.1676055333713633,0.1517755276668567,0.1555853231195501,0.1524256037269442,0.01059589917207472
1989-06-07,0.145750142612664,0.1414361095265259,0.1617940673131774,0.1624358243011979,0.1621149458071876,0.1676055333713633,0.15613030722842472,0.1515818121315839,0.009848568477960479
1989-06-09,0.1362307472903593,0.145750142612664,0.1414361095265259,0.1617940673131774,0.1624358243011979,0.1621149458071876,0.15390962431749647,0.1507261361475565,0.01241285730572064
1989-06-10,0.1382629777524244,0.1362307472903593,0.145750142612664,0.1414361095265259,0.1617940673131774,0.1624358243011979,0.14971783065764807,0.1499441433732648,0.01196324819510748
1989-06-11,0.1411865373645179,0.1382629777524244,0.1362307472903593,0.145750142612664,0.1414361095265259,0.1617940673131774,0.146728058022981,0.14927980604677688,0.010918174165429803
1989-06-12,0.1520964061608671,0.1411865373645179,0.1382629777524244,0.1362307472903593,0.145750142612664,0.1414361095265259,0.14525099828864801,0.14916096216010644,0.008963374222420608
1989-07-02,0.1650741585852823,0.1520964061608671,0.1411865373645179,0.1382629777524244,0.1362307472903593,0.145750142612664,0.14571958275609156,0.15000356531660003,0.009998333330116614
1989-07-03,0.1614018824871648,0.1650741585852823,0.1520964061608671,0.1411865373645179,0.1382629777524244,0.1362307472903593,0.14857183603618282,0.15069404829815547,0.011331658872460966
1989-07-04,0.1619010268111808,0.1614018824871648,0.1650741585852823,0.1520964061608671,0.1411865373645179,0.1382629777524244,0.1508791052073995,0.15139285035177785,0.012267028250230535
1989-07-06,0.147283228750713,0.1619010268111808,0.1614018824871648,0.1650741585852823,0.1520964061608671,0.1411865373645179,0.15245803113030718,0.1515841890093173,0.010675398360151247
1989-07-07,0.1451440387906445,0.147283228750713,0.1619010268111808,0.1614018824871648,0.1650741585852823,0.1520964061608671,0.15344103985005292,0.1507701083856246,0.009389848964258594
1989-07-08,0.1387264689104392,0.1451440387906445,0.147283228750713,0.1619010268111808,0.1614018824871648,0.1650741585852823,0.15308960149947023,0.14998098497813264,0.009954034239096689
1989-07-09,0.1364803194523673,0.1387264689104392,0.1451440387906445,0.147283228750713,0.1619010268111808,0.1614018824871648,0.15085873196968455,0.14934754706217906,0.01179365045922178
1989-07-11,0.1433613804905875,0.1364803194523673,0.1387264689104392,0.1451440387906445,0.147283228750713,0.1619010268111808,0.1477569065275853,0.14942123027191476,0.010176147148690192
1989-07-12,0.1538077581289218,0.1433613804905875,0.1364803194523673,0.1387264689104392,0.1451440387906445,0.147283228750713,0.14667203161926487,0.14977181973759263,0.008789317246405507
1989-08-02,0.164218482601255,0.1538077581289218,0.1433613804905875,0.1364803194523673,0.1387264689104392,0.1451440387906445,0.1470030967321326,0.15073445521962345,0.009475415599443274
1989-08-03,0.1648245864232743,0.164218482601255,0.1538077581289218,0.1433613804905875,0.1364803194523673,0.1387264689104392,0.14950900497106992,0.15152714394371547,0.011635226633251873
1989-08-05,0.1543425556189389,0.1648245864232743,0.164218482601255,0.1538077581289218,0.1433613804905875,0.1364803194523673,0.15082307880368345,0.15146772200038025,0.011579390777649707
1989-08-06,0.1479962920707358,0.1543425556189389,0.1648245864232743,0.164218482601255,0.1538077581289218,0.1433613804905875,0.15214733925515436,0.1508319072066932,0.010439355318616908
1989-08-08,0.1387264689104392,0.1479962920707358,0.1543425556189389,0.1648245864232743,0.164218482601255,0.1538077581289218,0.1524682177491646,0.15007130633200222,0.009898016190659194
1989-08-09,0.137157729606389,0.1387264689104392,0.1479962920707358,0.1543425556189389,0.1648245864232743,0.164218482601255,0.15158198190856487,0.1494782753375166,0.011058955734479386
1989-08-11,0.1423630918425556,0.137157729606389,0.1387264689104392,0.1479962920707358,0.1543425556189389,0.1648245864232743,0.14994702958194112,0.14942360714964814,0.011511772105956088
1989-08-12,0.1546634341129492,0.1423630918425556,0.137157729606389,0.1387264689104392,0.1479962920707358,0.1543425556189389,0.14858202265504028,0.14983956075299482,0.010005438314245744
1989-09-01,0.1660724472333143,0.1546634341129492,0.1423630918425556,0.137157729606389,0.1387264689104392,0.1479962920707358,0.14876028848504602,0.1508723141281612,0.010348304195866801
1989-09-02,0.1662150598973188,0.1660724472333143,0.1546634341129492,0.1423630918425556,0.137157729606389,0.1387264689104392,0.15045636052481456,0.1516816409963871,0.012219486585866945
1989-09-03,0.1638976041072447,0.1662150598973188,0.1660724472333143,0.1546634341129492,0.1423630918425556,0.137157729606389,0.1527279765300301,0.1520857102110667,0.013130045264268581
1989-09-05,0.1540929834569309,0.1638976041072447,0.1662150598973188,0.1660724472333143,0.1546634341129492,0.1423630918425556,0.15492319289381465,0.1516352918805856,0.0115936529758933
1989-09-06,0.1469266970907016,0.1540929834569309,0.1638976041072447,0.1662150598973188,0.1660724472333143,0.1546634341129492,0.15631875967728787,0.1511290169233694,0.00949715526473592
1989-09-08,0.1385838562464346,0.1469266970907016,0.1540929834569309,0.1638976041072447,0.1662150598973188,0.1660724472333143,0.155778868877842,0.15033395132154398,0.010479356764579627
1989-09-10,0.1375499144324015,0.1385838562464346,0.1469266970907016,0.1540929834569309,0.1638976041072447,0.1662150598973188,0.15333408035204948,0.14952581289218478,0.012570555265542712
1989-09-11,0.1428978893325727,0.1375499144324015,0.1385838562464346,0.1469266970907016,0.1540929834569309,0.1638976041072447,0.1500234292233721,0.14957453888571967,0.01167646046559105
1989-10-01,0.1671420422133485,0.1428978893325727,0.1375499144324015,0.1385838562464346,0.1469266970907016,0.1540929834569309,0.1501558552685192,0.1502876022057425,0.011893931395492729
1989-10-02,0.1650028522532801,0.1671420422133485,0.1428978893325727,0.1375499144324015,0.1385838562464346,0.1469266970907016,0.15031374786081,0.15124667237117315,0.012112092938244999
1989-10-03,0.1699229891614375,0.1650028522532801,0.1671420422133485,0.1428978893325727,0.1375499144324015,0.1385838562464346,0.1525751772471681,0.15230200608480696,0.014228246874187282
1989-10-04,0.159940102681118,0.1699229891614375,0.1650028522532801,0.1671420422133485,0.1428978893325727,0.1375499144324015,0.15443423518865612,0.15292712492869362,0.014217373047542111
1989-10-05,0.1568026240730176,0.159940102681118,0.1699229891614375,0.1650028522532801,0.1671420422133485,0.1428978893325727,0.1570369163067394,0.15308399885909862,0.012381163707532802
1989-10-07,0.1421848260125499,0.1568026240730176,0.159940102681118,0.1699229891614375,0.1650028522532801,0.1671420422133485,0.15769904653247488,0.15232102110667423,0.011236337759859247
1989-10-08,0.1389760410724472,0.1421848260125499,0.1568026240730176,0.159940102681118,0.1699229891614375,0.1650028522532801,0.1571387824953141,0.15157349305951698,0.012157378596161976
1989-10-10,0.1354463776383342,0.1389760410724472,0.1421848260125499,0.1568026240730176,0.159940102681118,0.1699229891614375,0.15261083041316922,0.15069167142042209,0.013624670632519723
1989-10-11,0.1428978893325727,0.1354463776383342,0.1389760410724472,0.1421848260125499,0.1568026240730176,0.159940102681118,0.14945297856735387,0.1505454934398174,0.012811223726720103
1989-11-01,0.1653237307472903,0.1428978893325727,0.1354463776383342,0.1389760410724472,0.1421848260125499,0.1568026240730176,0.14879594165104712,0.15121814983837226,0.011651911708140441
1989-11-04,0.1622932116371933,0.1653237307472903,0.1428978893325727,0.1354463776383342,0.1389760410724472,0.1421848260125499,0.1491321000733436,0.15200370792926407,0.01205401201085072
1989-11-05,0.1557330290929834,0.1622932116371933,0.1653237307472903,0.1428978893325727,0.1354463776383342,0.1389760410724472,0.14897930079048158,0.15264546491728462,0.011946876338561263
1989-11-07,0.1409369652025099,0.1557330290929834,0.1622932116371933,0.1653237307472903,0.1428978893325727,0.1354463776383342,0.14880103496047584,0.15256465107434866,0.012073793581912757
1989-11-08,0.1375855675984027,0.1409369652025099,0.1557330290929834,0.1622932116371933,0.1653237307472903,0.1428978893325727,0.1486023958927552,0.15202391138999805,0.012272183652792354
1989-11-09,0.1354107244723331,0.1375855675984027,0.1409369652025099,0.1557330290929834,0.1622932116371933,0.1653237307472903,0.14859730258332648,0.15106365278570066,0.012278559542337067
1989-11-10,0.1345193953223046,0.1354107244723331,0.1375855675984027,0.1409369652025099,0.1557330290929834,0.1622932116371933,0.1474003748675739,0.15005347974900166,0.013293192846705618
1989-11-12,0.1564104392470051,0.1345193953223046,0.1354107244723331,0.1375855675984027,0.1409369652025099,0.1557330290929834,0.14612704751039032,0.15012240920327052,0.01161061936747939
1989-12-01,0.166999429549344,0.1564104392470051,0.1345193953223046,0.1354107244723331,0.1375855675984027,0.1409369652025099,0.14679936435498325,0.15075584711922416,0.012780103627693789
1989-12-04,0.1621505989731888,0.166999429549344,0.1564104392470051,0.1345193953223046,0.1354107244723331,0.1375855675984027,0.14771616005215546,0.15153665145464912,0.013723172195276518
1989-12-05,0.1564104392470051,0.1621505989731888,0.166999429549344,0.1564104392470051,0.1345193953223046,0.1354107244723331,0.14992665634422617,0.15217840844266967,0.01369538658037164
1989-12-06,0.1397604107244723,0.1564104392470051,0.1621505989731888,0.166999429549344,0.1564104392470051,0.1345193953223046,0.150237348219379,0.15209165240540024,0.013390021496091831
1989-12-07,0.1418282943525385,0.1397604107244723,0.1564104392470051,0.1621505989731888,0.166999429549344,0.1564104392470051,0.1511541439165512,0.15166381441338653,0.012387869528570239
1989-12-09,0.1358385624643468,0.1418282943525385,0.1397604107244723,0.1564104392470051,0.1621505989731888,0.166999429549344,0.15134259636541433,0.15065601825442093,0.012099307438087872
1989-12-10,0.1361950941243582,0.1358385624643468,0.1418282943525385,0.1397604107244723,0.1564104392470051,0.1621505989731888,0.14845468991932195,0.1496553527286556,0.013062307160100702
1989-12-12,0.1576939532230462,0.1361950941243582,0.1358385624643468,0.1418282943525385,0.1397604107244723,0.1564104392470051,0.14712533615842224,0.14944856436584894,0.011201410317216345
1990-01-02,0.1405091272104962,0.1576939532230462,0.1361950941243582,0.1358385624643468,0.1418282943525385,0.1397604107244723,0.14403369733518048,0.1489957691576345,0.009164584391959534
1990-01-03,0.1379064460924129,0.1405091272104962,0.1576939532230462,0.1361950941243582,0.1358385624643468,0.1418282943525385,0.1413902697416673,0.14869509412435816,0.00752089471416354
1990-01-05,0.1312393040501996,0.1379064460924129,0.1405091272104962,0.1576939532230462,0.1361950941243582,0.1358385624643468,0.14017296878819976,0.14845027571781702,0.008459669581643013
1990-01-06,0.1355533371363377,0.1312393040501996,0.1379064460924129,0.1405091272104962,0.1576939532230462,0.1361950941243582,0.1392765463287425,0.14838372314128154,0.00858653925123186
1990-01-08,0.1262478608100399,0.1355533371363377,0.1312393040501996,0.1379064460924129,0.1405091272104962,0.1576939532230462,0.13790644609241295,0.14782872219053048,0.009892409788721647
1990-01-10,0.1252852253280091,0.1262478608100399,0.1355533371363377,0.1312393040501996,0.1379064460924129,0.1405091272104962,0.13634789340722023,0.14643349496101915,0.011003950133820222
1990-01-11,0.1037150598973188,0.1252852253280091,0.1262478608100399,0.1355533371363377,0.1312393040501996,0.1379064460924129,0.1286366229321163,0.1443905685491538,0.012379574697382503
1990-02-01,0.1404021677124928,0.1037150598973188,0.1252852253280091,0.1262478608100399,0.1355533371363377,0.1312393040501996,0.12862134300383013,0.1434065411675223,0.012362532574502929
1990-02-02,0.1441457501426126,0.1404021677124928,0.1037150598973188,0.1252852253280091,0.1262478608100399,0.1355533371363377,0.12951267215385864,0.14288006274957213,0.013330579344769014
1990-02-03,0.1379064460924129,0.1441457501426126,0.1404021677124928,0.1037150598973188,0.1252852253280091,0.1262478608100399,0.13046512101703198,0.14225019015021861,0.013707359005113776
1990-02-04,0.1307045065601825,0.1379064460924129,0.1441457501426126,0.1404021677124928,0.1037150598973188,0.1252852253280091,0.1297724309347241,0.1418675128351397,0.013528727278653318
1990-02-05,0.1327723901882487,0.1307045065601825,0.1379064460924129,0.1441457501426126,0.1404021677124928,0.1037150598973188,0.13070450656018248,0.1416607244723331,0.013470056773197767
1990-02-07,0.1296349115801483,0.1327723901882487,0.1307045065601825,0.1379064460924129,0.1441457501426126,0.1404021677124928,0.13132589031048808,0.14146700893706024,0.013277343966515122
1990-02-08,0.1305262407301768,0.1296349115801483,0.1327723901882487,0.1307045065601825,0.1379064460924129,0.1441457501426126,0.1351560590008964,0.1410546206503137,0.0056762269569151135
1990-02-10,0.1218625213918996,0.1305262407301768,0.1296349115801483,0.1327723901882487,0.1307045065601825,0.1379064460924129,0.13250753809795449,0.1396059136718007,0.0069929864809107085
1990-02-11,0.1054620650313747,0.1218625213918996,0.1305262407301768,0.1296349115801483,0.1327723901882487,0.1307045065601825,0.12698129736777766,0.13771154211827338,0.010611671538742366
1990-03-01,0.1386195094124358,0.1054620650313747,0.1218625213918996,0.1305262407301768,0.1296349115801483,0.1327723901882487,0.12708316355635235,0.13714109146225514,0.010736711980981658
1990-03-04,0.1329506560182544,0.1386195094124358,0.1054620650313747,0.1218625213918996,0.1305262407301768,0.1296349115801483,0.12740404205036263,0.1368748811561133,0.010895369861849446
1990-03-05,0.1332715345122646,0.1329506560182544,0.1386195094124358,0.1054620650313747,0.1218625213918996,0.1305262407301768,0.12747534838236488,0.13673108005324203,0.010937909767326266
1990-03-07,0.1314175698802053,0.1332715345122646,0.1329506560182544,0.1386195094124358,0.1054620650313747,0.1218625213918996,0.1277300138538016,0.1365979749001711,0.011017037079643532
1990-03-08,0.1267113519680547,0.1314175698802053,0.1332715345122646,0.1329506560182544,0.1386195094124358,0.1054620650313747,0.12718502974492701,0.13633770678836277,0.010949812552629107
1990-03-09,0.1275670279520821,0.1267113519680547,0.1314175698802053,0.1332715345122646,0.1329506560182544,0.1386195094124358,0.12799995925352453,0.13537625974519865,0.010697027829889705
1990-03-10,0.1219338277239018,0.1275670279520821,0.1267113519680547,0.1314175698802053,0.1332715345122646,0.1329506560182544,0.13035306820959983,0.13387407301768392,0.005425861679836305
1990-03-12,0.1018610952652595,0.1219338277239018,0.1275670279520821,0.1267113519680547,0.1314175698802053,0.1332715345122646,0.12510186618857463,0.1318644228940863,0.011008121723331883
1990-04-01,0.1399030233884768,0.1018610952652595,0.1219338277239018,0.1275670279520821,0.1267113519680547,0.1314175698802053,0.12609506152717784,0.131314175698802,0.012094338600184638
1990-04-04,0.1332715345122646,0.1399030233884768,0.1018610952652595,0.1219338277239018,0.1275670279520821,0.1267113519680547,0.12609506152717784,0.13109787982506174,0.012094338600184638
1990-04-05,0.1350541928123217,0.1332715345122646,0.1399030233884768,0.1018610952652595,0.1219338277239018,0.1275670279520821,0.12661457908890875,0.13087207644038784,0.012434399903716399
1990-04-06,0.1346976611523103,0.1350541928123217,0.1332715345122646,0.1399030233884768,0.1018610952652595,0.1219338277239018,0.12775548040094525,0.1308340463966533,0.012805604670222397
1990-04-07,0.1305975470621791,0.1346976611523103,0.1350541928123217,0.1332715345122646,0.1399030233884768,0.1018610952652595,0.12818841170238768,0.13064746149458067,0.012849324805991137
1990-04-09,0.1263904734740444,0.1305975470621791,0.1346976611523103,0.1350541928123217,0.1332715345122646,0.1399030233884768,0.12882507538097948,0.12960401216961392,0.01259567561024207
1990-04-10,0.1225755847119224,0.1263904734740444,0.1305975470621791,0.1346976611523103,0.1350541928123217,0.1332715345122646,0.1317842881590742,0.12900622741966147,0.005811018163082333
1990-04-12,0.1031089560752994,0.1225755847119224,0.1263904734740444,0.1305975470621791,0.1346976611523103,0.1350541928123217,0.12652799282862026,0.1278463110857577,0.011295780308984881
1990-05-01,0.1428978893325727,0.1031089560752994,0.1225755847119224,0.1263904734740444,0.1305975470621791,0.1346976611523103,0.12790318637437856,0.12823493059517013,0.012746424157556722
1990-05-02,0.1445379349686252,0.1428978893325727,0.1031089560752994,0.1225755847119224,0.1263904734740444,0.1305975470621791,0.1292580066824219,0.12853441718957972,0.014068624512692094
1990-05-03,0.1372646891043924,0.1445379349686252,0.1428978893325727,0.1031089560752994,0.1225755847119224,0.1263904734740444,0.1296247249612908,0.12890164479939145,0.014266119074324525
1990-05-04,0.1381916714204221,0.1372646891043924,0.1445379349686252,0.1428978893325727,0.1031089560752994,0.1225755847119224,0.13070959986961123,0.12933185966913857,0.014636372697743665
1990-05-06,0.1346976611523103,0.1381916714204221,0.1372646891043924,0.1445379349686252,0.1428978893325727,0.1031089560752994,0.13189634096650635,0.13036461304430494,0.014564407148019995
1990-05-07,0.129314033086138,0.1346976611523103,0.1381916714204221,0.1372646891043924,0.1445379349686252,0.1428978893325727,0.13285897644853717,0.12999500855675977,0.014059616405225702
1990-05-09,0.1242869366799771,0.129314033086138,0.1346976611523103,0.1381916714204221,0.1372646891043924,0.1445379349686252,0.1358844022492054,0.12933304810800528,0.00719236430101117
1990-05-10,0.1227538505419281,0.1242869366799771,0.129314033086138,0.1346976611523103,0.1381916714204221,0.1372646891043924,0.13300668242197045,0.1288279615896558,0.007912375461592982
1990-05-11,0.103501140901312,0.1227538505419281,0.1242869366799771,0.129314033086138,0.1346976611523103,0.1381916714204221,0.12714428326949714,0.1279211827343601,0.012060038978955523
1990-05-12,0.1026811180832857,0.103501140901312,0.1227538505419281,0.1242869366799771,0.129314033086138,0.1346976611523103,0.12220377312362475,0.12691814033086132,0.014129346494667676
1990-06-02,0.144252709640616,0.1026811180832857,0.103501140901312,0.1227538505419281,0.1242869366799771,0.129314033086138,0.12306963572650961,0.12740540026621025,0.01540089433252878
1990-06-03,0.137656873930405,0.144252709640616,0.1026811180832857,0.103501140901312,0.1227538505419281,0.1242869366799771,0.12349238040909453,0.12764308803955118,0.015808493651082185
1990-06-04,0.1392969195664574,0.137656873930405,0.144252709640616,0.1026811180832857,0.103501140901312,0.1227538505419281,0.12491850704914019,0.12822423464536978,0.016837981801214378
1990-06-06,0.136159440958357,0.1392969195664574,0.137656873930405,0.144252709640616,0.1026811180832857,0.103501140901312,0.12661457908890875,0.12924748050960252,0.017353812637283816
1990-06-07,0.1286366229321163,0.136159440958357,0.1392969195664574,0.137656873930405,0.144252709640616,0.1026811180832857,0.12745497514464993,0.12891471762692522,0.01727796504210173
1990-06-08,0.1284583571021106,0.1286366229321163,0.136159440958357,0.1392969195664574,0.137656873930405,0.144252709640616,0.131020291744764,0.12876497432972042,0.01371986807005551
1990-06-09,0.125784369652025,0.1284583571021106,0.1286366229321163,0.136159440958357,0.1392969195664574,0.137656873930405,0.1343207562545839,0.12851540216771243,0.006800285945459062
1990-06-11,0.1052124928693667,0.125784369652025,0.1284583571021106,0.1286366229321163,0.136159440958357,0.1392969195664574,0.1287435824301197,0.12764189960068448,0.011607300560444714
1990-06-12,0.1015758699372504,0.1052124928693667,0.125784369652025,0.1284583571021106,0.1286366229321163,0.136159440958357,0.1235891532882405,0.12680405019965765,0.014611852586619966
1990-07-02,0.1437179121505989,0.1015758699372504,0.1052124928693667,0.125784369652025,0.1284583571021106,0.1286366229321163,0.12422072365740355,0.12734241300627488,0.015474054952554796
1990-07-03,0.1380134055904164,0.1437179121505989,0.1015758699372504,0.1052124928693667,0.125784369652025,0.1284583571021106,0.12448557574769774,0.1278783989351587,0.015726264325183044
1990-07-06,0.1324158585282372,0.1380134055904164,0.1437179121505989,0.1015758699372504,0.1052124928693667,0.125784369652025,0.12502546654714358,0.12889689104392466,0.015955720789515727
1990-07-08,0.1304549343981745,0.1324158585282372,0.1380134055904164,0.1437179121505989,0.1015758699372504,0.1052124928693667,0.12531069187515273,0.12858195474424788,0.016044911263111493
1990-07-09,0.1251782658300057,0.1304549343981745,0.1324158585282372,0.1380134055904164,0.1437179121505989,0.1015758699372504,0.12522410561486425,0.12831217912150594,0.01604356439201593
1990-07-11,0.1053551055333713,0.1251782658300057,0.1304549343981745,0.1324158585282372,0.1380134055904164,0.1437179121505989,0.1252444788525792,0.12732220954554094,0.01601398016570454
1990-07-12,0.1025385054192812,0.1053551055333713,0.1251782658300057,0.1304549343981745,0.1324158585282372,0.1380134055904164,0.12538199820715504,0.1262502376877733,0.0157792646905263
1990-08-01,0.1428978893325727,0.1025385054192812,0.1053551055333713,0.1251782658300057,0.1304549343981745,0.1324158585282372,0.12526485209029412,0.1266602490967864,0.015622717456369853
1990-08-02,0.144502281802624,0.1428978893325727,0.1025385054192812,0.1053551055333713,0.1251782658300057,0.1304549343981745,0.1261918344063238,0.1272639760410724,0.016663102034240665
1990-08-03,0.1379064460924129,0.144502281802624,0.1428978893325727,0.1025385054192812,0.1053551055333713,0.1251782658300057,0.1269762040583489,0.12777500475375542,0.017127661918904004
1990-08-05,0.1340915573302909,0.1379064460924129,0.144502281802624,0.1428978893325727,0.1025385054192812,0.1053551055333713,0.12749572162007983,0.12880775812892178,0.01730500031194414
1990-08-06,0.1333784940102681,0.1340915573302909,0.1379064460924129,0.144502281802624,0.1428978893325727,0.1025385054192812,0.12866718278868872,0.12849044495151166,0.017399273814095433
1990-08-08,0.1283513976041072,0.1333784940102681,0.1340915573302909,0.1379064460924129,0.144502281802624,0.1428978893325727,0.13195236737022242,0.12795089370602772,0.01412744424709593
1990-08-10,0.1210781517398744,0.1283513976041072,0.1333784940102681,0.1340915573302909,0.1379064460924129,0.144502281802624,0.13460088827316433,0.12741134246054378,0.00818004416880708
1990-08-11,0.1066386195094124,0.1210781517398744,0.1283513976041072,0.1333784940102681,0.1340915573302909,0.1379064460924129,0.12942099258414141,0.12635957406351012,0.01242784339037599
1990-09-01,0.1417569880205362,0.1066386195094124,0.1210781517398744,0.1283513976041072,0.1333784940102681,0.1340915573302909,0.1290288077581289,0.12659488495911764,0.011904919041900516
1990-09-02,0.1441814033086138,0.1417569880205362,0.1066386195094124,0.1210781517398744,0.1283513976041072,0.1333784940102681,0.12992523021758615,0.1270904639665335,0.012881034257819423
1990-09-03,0.1368011979463776,0.1441814033086138,0.1417569880205362,0.1066386195094124,0.1210781517398744,0.1283513976041072,0.13031232173416996,0.12750760600874686,0.013066484052775015
1990-09-04,0.1380490587564175,0.1368011979463776,0.1441814033086138,0.1417569880205362,0.1066386195094124,0.1210781517398744,0.13097954526933417,0.12801744628256315,0.013364987901304498
1990-09-05,0.132843696520251,0.1380490587564175,0.1368011979463776,0.1441814033086138,0.1417569880205362,0.1066386195094124,0.13162130225735472,0.12899553146986112,0.013325554054312499
1990-09-07,0.1286366229321163,0.132843696520251,0.1380490587564175,0.1368011979463776,0.1441814033086138,0.1417569880205362,0.1327010838562464,0.12986071496482215,0.01261620079406851
1990-09-08,0.1287435824301197,0.1286366229321163,0.132843696520251,0.1380490587564175,0.1368011979463776,0.1441814033086138,0.13585893570206173,0.12934374405780563,0.006077509174604837
1990-09-10,0.121969480889903,0.1287435824301197,0.1286366229321163,0.132843696520251,0.1380490587564175,0.1368011979463776,0.13303214896911414,0.12882083095645555,0.0073463321664288895
1990-09-11,0.1059612093553907,0.121969480889903,0.1287435824301197,0.1286366229321163,0.132843696520251,0.1380490587564175,0.12757212126151082,0.12770964061608664,0.010982244450821441
1990-10-01,0.1423630918425556,0.1059612093553907,0.121969480889903,0.1287435824301197,0.1286366229321163,0.132843696520251,0.12836667753239342,0.12791642897889327,0.011922219282125873
1990-10-04,0.1370151169423844,0.1423630918425556,0.1059612093553907,0.121969480889903,0.1287435824301197,0.1286366229321163,0.1282189715589601,0.12819571211256886,0.011787918634103046
1990-10-05,0.1340915573302909,0.1370151169423844,0.1423630918425556,0.1059612093553907,0.121969480889903,0.1287435824301197,0.12839723738896583,0.12838348545350822,0.011878600409113975
1990-10-07,0.125784369652025,0.1340915573302909,0.1370151169423844,0.1423630918425556,0.1059612093553907,0.121969480889903,0.12798977263466704,0.12838348545350822,0.011917874990722483
1990-10-08,0.1307758128921848,0.125784369652025,0.1340915573302909,0.1370151169423844,0.1423630918425556,0.1059612093553907,0.1282800912721049,0.1292355961209355,0.011963961596512862
1990-10-09,0.1247147746719908,0.1307758128921848,0.125784369652025,0.1340915573302909,0.1370151169423844,0.1423630918425556,0.12867227609811746,0.13000689294542683,0.011765976932068536
1990-10-10,0.1196520250998288,0.1247147746719908,0.1307758128921848,0.125784369652025,0.1340915573302909,0.1370151169423844,0.13062810691875146,0.12920469671040116,0.007846705625958794
1990-10-12,0.1007558471192241,0.1196520250998288,0.1247147746719908,0.1307758128921848,0.125784369652025,0.1340915573302909,0.1246842148154184,0.12796277809469475,0.012088271148093166
1990-11-01,0.1440744438106103,0.1007558471192241,0.1196520250998288,0.1247147746719908,0.1307758128921848,0.125784369652025,0.12569269008230782,0.1283513976041072,0.013500422664819187
1990-11-04,0.1359455219623502,0.1440744438106103,0.1007558471192241,0.1196520250998288,0.1247147746719908,0.1307758128921848,0.125957542172602,0.12853441718957972,0.013709224612620112
1990-11-05,0.1346620079863091,0.1359455219623502,0.1440744438106103,0.1007558471192241,0.1196520250998288,0.1247147746719908,0.12722577622035688,0.12885054192812315,0.014095719504259132
1990-11-06,0.1327367370222475,0.1346620079863091,0.1359455219623502,0.1440744438106103,0.1007558471192241,0.1196520250998288,0.12750590823893723,0.12976326297775237,0.01419715030684161
1990-11-07,0.1262478608100399,0.1327367370222475,0.1346620079863091,0.1359455219623502,0.1440744438106103,0.1007558471192241,0.12772492054437284,0.130553574824111,0.014158689634670806
1990-11-09,0.124001711351968,0.1262478608100399,0.1327367370222475,0.1346620079863091,0.1359455219623502,0.1440744438106103,0.12834630429467844,0.12992370222475752,0.013837140687906199
1990-11-10,0.1109883057615516,0.124001711351968,0.1262478608100399,0.1327367370222475,0.1346620079863091,0.1359455219623502,0.12980808410072522,0.12880656969005508,0.010598018360502717
1990-11-12,0.100221049629207,0.1109883057615516,0.124001711351968,0.1262478608100399,0.1327367370222475,0.1346620079863091,0.1235433135033819,0.12755038980794825,0.01336063929360577
1990-12-01,0.1447875071306331,0.100221049629207,0.1109883057615516,0.124001711351968,0.1262478608100399,0.1327367370222475,0.12480645424170803,0.12790692146795965,0.015040902070364286
1990-12-02,0.1436109526525955,0.1447875071306331,0.100221049629207,0.1109883057615516,0.124001711351968,0.1262478608100399,0.12608487490832038,0.12824800342270387,0.016342220960895045
1990-12-03,0.1373716486023958,0.1436109526525955,0.1447875071306331,0.100221049629207,0.1109883057615516,0.124001711351968,0.12674700513405585,0.12854867845598017,0.016745567529926828
1990-12-04,0.1374786081003993,0.1373716486023958,0.1436109526525955,0.1447875071306331,0.100221049629207,0.1109883057615516,0.12835139760410721,0.12909536033466434,0.017221032790270055
1990-12-06,0.1332715345122646,0.1374786081003993,0.1373716486023958,0.1436109526525955,0.1447875071306331,0.100221049629207,0.12967565805557815,0.12998312416809274,0.017187185821036198
1990-12-07,0.1267113519680547,0.1332715345122646,0.1374786081003993,0.1373716486023958,0.1436109526525955,0.1447875071306331,0.13192180751364999,0.12948160296634337,0.015256964539647764
1990-12-09,0.1256061038220193,0.1267113519680547,0.1332715345122646,0.1374786081003993,0.1373716486023958,0.1436109526525955,0.13554824382690892,0.1288624263167902,0.007522661121769423
1990-12-10,0.1061038220193953,0.1256061038220193,0.1267113519680547,0.1332715345122646,0.1374786081003993,0.1373716486023958,0.13002200309673206,0.12783918045255746,0.012297541861731123
1990-12-11,0.1048203080433542,0.1061038220193953,0.1256061038220193,0.1267113519680547,0.1332715345122646,0.1374786081003993,0.12448048243826904,0.1267315554287887,0.013801472989749607
1990-12-12,0.0995436394751853,0.1048203080433542,0.1061038220193953,0.1256061038220193,0.1267113519680547,0.1332715345122646,0.11907648113438182,0.1256215535272865,0.015243169516039545
1991-01-02,0.0929478037649743,0.0995436394751853,0.1048203080433542,0.1061038220193953,0.1256061038220193,0.1267113519680547,0.11271493765789252,0.12443192622171509,0.01557193071815838
1991-01-03,0.0885268111808328,0.0929478037649743,0.0995436394751853,0.1048203080433542,0.1061038220193953,0.1256061038220193,0.10632283432483083,0.12309136718007219,0.014896247015272934
1991-01-05,0.0962992013690815,0.0885268111808328,0.0929478037649743,0.0995436394751853,0.1048203080433542,0.1061038220193953,0.10197824138212039,0.1222356911960448,0.012138384035219583
1991-01-07,0.1134127210496292,0.0962992013690815,0.0885268111808328,0.0929478037649743,0.0995436394751853,0.1048203080433542,0.10023632955749325,0.12248407491918609,0.008517372893810741
1991-01-08,0.0991871078151739,0.1134127210496292,0.0962992013690815,0.0885268111808328,0.0929478037649743,0.0995436394751853,0.09924822752831873,0.1210448754516067,0.00811493299630398
1991-01-10,0.1025028522532801,0.0991871078151739,0.1134127210496292,0.0962992013690815,0.0885268111808328,0.0929478037649743,0.09891716241545101,0.11989446662863656,0.00789398607885153
1991-01-11,0.1008984597832287,0.1025028522532801,0.0991871078151739,0.1134127210496292,0.0962992013690815,0.0885268111808328,0.09911070817374291,0.11878803004373449,0.007928439771984633
1991-02-01,0.1031089560752994,0.1008984597832287,0.1025028522532801,0.0991871078151739,0.1134127210496292,0.0962992013690815,0.10056230136093224,0.11803218292451031,0.0075323267694530896
1991-02-04,0.0949443810610382,0.1031089560752994,0.1008984597832287,0.1025028522532801,0.0991871078151739,0.1134127210496292,0.10147909705810443,0.11683780186347209,0.006072342814476097
1991-02-05,0.094908727895037,0.0949443810610382,0.1031089560752994,0.1008984597832287,0.1025028522532801,0.0991871078151739,0.1012804579903838,0.11584426697090695,0.006288909719688773
1991-02-07,0.1123787792355961,0.094908727895037,0.0949443810610382,0.1031089560752994,0.1008984597832287,0.1025028522532801,0.10113275201695048,0.1156018254420992,0.005960012876320871
1991-02-08,0.0962635482030804,0.1123787792355961,0.094908727895037,0.0949443810610382,0.1031089560752994,0.1008984597832287,0.10071510064379428,0.1154520821448944,0.006216015694023476
1991-02-09,0.0912364517969195,0.0962635482030804,0.1123787792355961,0.094908727895037,0.0949443810610382,0.1031089560752994,0.09910561486431417,0.11369081574443805,0.007075176363818429
1991-02-10,0.1049629207073588,0.0912364517969195,0.0962635482030804,0.1123787792355961,0.094908727895037,0.0949443810610382,0.09968625213918991,0.11265806236927167,0.0074058815004884185
1991-02-12,0.1005775812892184,0.1049629207073588,0.0912364517969195,0.0962635482030804,0.1123787792355961,0.094908727895037,0.09932462716974977,0.11152191481270197,0.007271481301237044
1991-03-01,0.100720193953223,0.1005775812892184,0.1049629207073588,0.0912364517969195,0.0962635482030804,0.1123787792355961,0.10014974329720473,0.11045469671040116,0.007014769848840021
1991-03-04,0.0995792926411865,0.100720193953223,0.1005775812892184,0.1049629207073588,0.0912364517969195,0.0962635482030804,0.10081696683236895,0.10956574443810604,0.006645585464266362
1991-03-05,0.0979035938391328,0.0995792926411865,0.100720193953223,0.1005775812892184,0.1049629207073588,0.0912364517969195,0.09874908320430277,0.10869580718767821,0.004279058974295294
1991-03-06,0.1028237307472903,0.0979035938391328,0.0995792926411865,0.100720193953223,0.1005775812892184,0.1049629207073588,0.0996862521391899,0.10842365468720283,0.004361554449631739
1991-03-07,0.1125213918996006,0.1028237307472903,0.0979035938391328,0.0995792926411865,0.100720193953223,0.1005775812892184,0.10272695786814436,0.10883366609621595,0.0048778306454974165
1991-03-09,0.0927695379349686,0.1125213918996006,0.1028237307472903,0.0979035938391328,0.0995792926411865,0.100720193953223,0.10098504604351718,0.1070997337896938,0.005995418738653469
1991-03-10,0.1034654877353108,0.0927695379349686,0.1125213918996006,0.1028237307472903,0.0979035938391328,0.0995792926411865,0.10139760410724466,0.10576155162578432,0.006061702311501021
1991-03-12,0.0995792926411865,0.1034654877353108,0.0927695379349686,0.1125213918996006,0.1028237307472903,0.0979035938391328,0.10123461820552516,0.10450180642707733,0.0060981804761920015
1991-04-01,0.1047490017113519,0.0995792926411865,0.1034654877353108,0.0927695379349686,0.1125213918996006,0.1028237307472903,0.10197314807269166,0.10341081954744241,0.006176833531705876
1991-04-02,0.092377353108956,0.1047490017113519,0.0995792926411865,0.1034654877353108,0.0927695379349686,0.1125213918996006,0.10118368511123783,0.10204768016733215,0.007071950247563464
1991-04-03,0.0885268111808328,0.092377353108956,0.1047490017113519,0.0995792926411865,0.1034654877353108,0.0927695379349686,0.09914126803031531,0.1007748621410914,0.008449667814958192
1991-04-04,0.0993297204791785,0.0885268111808328,0.092377353108956,0.1047490017113519,0.0995792926411865,0.1034654877353108,0.0972567435416836,0.09989898269633005,0.0061173127110572545
1991-04-06,0.1027167712492869,0.0993297204791785,0.0885268111808328,0.092377353108956,0.1047490017113519,0.0995792926411865,0.09867777687230049,0.0997860810039931,0.0060562726044014305
1991-04-07,0.1149101540216771,0.1027167712492869,0.0993297204791785,0.0885268111808328,0.092377353108956,0.1047490017113519,0.10031272919892424,0.10012240920327052,0.00858222034200549
1991-04-09,0.0946948088990302,0.1149101540216771,0.1027167712492869,0.0993297204791785,0.0885268111808328,0.092377353108956,0.09961494580718763,0.09996078151739869,0.008846296999985005
1991-04-10,0.1034298345693097,0.0946948088990302,0.1149101540216771,0.1027167712492869,0.0993297204791785,0.0885268111808328,0.09942649335832446,0.10031018254420987,0.00873201074241179
1991-04-11,0.1000784369652025,0.1034298345693097,0.0946948088990302,0.1149101540216771,0.1027167712492869,0.0993297204791785,0.10052664819493111,0.1006952367370222,0.008162417301196864
1991-04-12,0.0991514546491728,0.1000784369652025,0.1034298345693097,0.0946948088990302,0.1149101540216771,0.1027167712492869,0.10204445440469397,0.10079031184635859,0.006344541699811028
1991-05-02,0.0909155733029092,0.0991514546491728,0.1000784369652025,0.1034298345693097,0.0946948088990302,0.1149101540216771,0.10084243337951262,0.10004040692146791,0.007614541885545289
1991-05-03,0.090844266970907,0.0909155733029092,0.0991514546491728,0.1000784369652025,0.1034298345693097,0.0946948088990302,0.09914636133974407,0.099762312226659,0.00840833966265916
1991-05-04,0.0986166571591557,0.090844266970907,0.0909155733029092,0.0991514546491728,0.1000784369652025,0.1034298345693097,0.09681871893081244,0.0996327723901882,0.004796857440187575
1991-05-06,0.1031802624073017,0.0986166571591557,0.090844266970907,0.0909155733029092,0.0991514546491728,0.1000784369652025,0.09803092657485123,0.0997088324776573,0.005223842101097118
1991-05-07,0.1163006274957215,0.1031802624073017,0.0986166571591557,0.090844266970907,0.0909155733029092,0.0991514546491728,0.09986961127862434,0.10014855485833803,0.008609099758485473
1991-05-08,0.0949443810610382,0.1163006274957215,0.1031802624073017,0.0986166571591557,0.090844266970907,0.0909155733029092,0.09913617472088657,0.10014855485833803,0.0088048128141054
1991-05-09,0.092377353108956,0.0949443810610382,0.1163006274957215,0.1031802624073017,0.0986166571591557,0.090844266970907,0.09816844592942704,0.10006417569880201,0.009167645237078605
1991-05-11,0.1010054192812321,0.092377353108956,0.0949443810610382,0.1163006274957215,0.1031802624073017,0.0986166571591557,0.09960985249775889,0.0996850637003232,0.00861370034067145
1991-05-12,0.0989731888191671,0.1010054192812321,0.092377353108956,0.0949443810610382,0.1163006274957215,0.1031802624073017,0.10077112704751033,0.09977538505419276,0.007738485449417276
1991-06-02,0.0904877353108956,0.0989731888191671,0.1010054192812321,0.092377353108956,0.0949443810610382,0.1163006274957215,0.09960985249775889,0.09975042783799196,0.008669596658770876
1991-06-03,0.0912364517969195,0.0904877353108956,0.0989731888191671,0.1010054192812321,0.092377353108956,0.0949443810610382,0.09790359383913286,0.09929287887431064,0.00901811343406852
1991-06-06,0.1058899030233884,0.0912364517969195,0.0904877353108956,0.0989731888191671,0.1010054192812321,0.092377353108956,0.09641634748594242,0.09946995626544966,0.005741736010385034
1991-06-08,0.0958000570450655,0.1058899030233884,0.0912364517969195,0.0904877353108956,0.0989731888191671,0.1010054192812321,0.09653858691223204,0.0993059517018444,0.0057142180259391094
1991-06-09,0.0926625784369651,0.0958000570450655,0.1058899030233884,0.0912364517969195,0.0904877353108956,0.0989731888191671,0.0965793333876619,0.09907539456170368,0.005680517565853166
1991-06-11,0.0998645179691956,0.0926625784369651,0.0958000570450655,0.1058899030233884,0.0912364517969195,0.0904877353108956,0.0964163474859424,0.09914075869937244,0.005547160376627724
1991-06-12,0.0995792926411865,0.0998645179691956,0.0926625784369651,0.0958000570450655,0.1058899030233884,0.0912364517969195,0.09650293374623088,0.09903261076250233,0.00559821747899381
1991-07-01,0.1044994295493439,0.0995792926411865,0.0998645179691956,0.0926625784369651,0.0958000570450655,0.1058899030233884,0.0985046043517235,0.09876521201749376,0.005593966542551647
1991-07-02,0.0901312036508841,0.1044994295493439,0.0995792926411865,0.0998645179691956,0.0926625784369651,0.0958000570450655,0.09834671175943273,0.09867726754135761,0.005843344608999459
1991-07-03,0.0939817455790074,0.0901312036508841,0.1044994295493439,0.0995792926411865,0.0998645179691956,0.0926625784369651,0.09664554641023544,0.09836114280281416,0.004945764312548073
1991-07-05,0.0981531660011409,0.0939817455790074,0.0901312036508841,0.1044994295493439,0.0995792926411865,0.0998645179691956,0.09698170483253192,0.09831360524814599,0.004958671780859241
1991-07-06,0.1148031945236736,0.0981531660011409,0.0939817455790074,0.0901312036508841,0.1044994295493439,0.0995792926411865,0.10014464998777599,0.0986487450085567,0.007920981027064442
1991-07-08,0.0960139760410724,0.1148031945236736,0.0981531660011409,0.0939817455790074,0.0901312036508841,0.1044994295493439,0.09959457256947268,0.09876996577296059,0.008075864656802509
1991-07-10,0.1018967484312606,0.0960139760410724,0.1148031945236736,0.0981531660011409,0.0939817455790074,0.0901312036508841,0.09992563768234042,0.09921563034797484,0.008122500550832324
1991-07-11,0.0997575584711922,0.1018967484312606,0.0960139760410724,0.1148031945236736,0.0981531660011409,0.0939817455790074,0.09924822752831874,0.0992298916143753,0.007871325366488937
1991-08-01,0.1061751283513975,0.0997575584711922,0.1018967484312606,0.0960139760410724,0.1148031945236736,0.0981531660011409,0.10154021677124923,0.09934517018444565,0.007069133680466564
1991-08-02,0.0913077581289218,0.1061751283513975,0.0997575584711922,0.1018967484312606,0.0960139760410724,0.1148031945236736,0.10115821856409414,0.09855842365468716,0.00759810470495715
1991-08-03,0.0972974900171135,0.0913077581289218,0.1061751283513975,0.0997575584711922,0.1018967484312606,0.0960139760410724,0.10103597913780452,0.09864517969195657,0.007661129782990412
1991-08-04,0.0958357102110667,0.0972974900171135,0.0913077581289218,0.1061751283513975,0.0997575584711922,0.1018967484312606,0.09832633852171782,0.09839204221334849,0.004800502905287579
1991-08-05,0.0981531660011409,0.0958357102110667,0.0972974900171135,0.0913077581289218,0.1061751283513975,0.0997575584711922,0.09863193708744189,0.09832786651454643,0.004695710879061496
1991-08-07,0.1152666856816885,0.0981531660011409,0.0958357102110667,0.0972974900171135,0.0913077581289218,0.1061751283513975,0.1005419281232173,0.09886504088229695,0.007882656186678097
1991-08-08,0.0962992013690815,0.1152666856816885,0.0981531660011409,0.0958357102110667,0.0972974900171135,0.0913077581289218,0.10004787710863007,0.09904449515116936,0.008046681521683285
1991-08-10,0.0997932116371933,0.0962992013690815,0.1152666856816885,0.0981531660011409,0.0958357102110667,0.0972974900171135,0.09913617472088661,0.09934279330671227,0.007585048220809591
1991-08-11,0.0981531660011409,0.0997932116371933,0.0962992013690815,0.1152666856816885,0.0981531660011409,0.0958357102110667,0.10011409013120362,0.09932734360144509,0.006809132458564001
1991-09-01,0.1002923559612093,0.0981531660011409,0.0997932116371933,0.0962992013690815,0.1152666856816885,0.0981531660011409,0.1005419281232173,0.09923108005324202,0.006695806325618964
1991-09-04,0.0972618368511123,0.1002923559612093,0.0981531660011409,0.0997932116371933,0.0962992013690815,0.1152666856816885,0.10074566050036668,0.0985964536984217,0.006548828109509229
1991-09-05,0.0995079863091842,0.0972618368511123,0.1002923559612093,0.0981531660011409,0.0997932116371933,0.0962992013690815,0.10093920625865858,0.0987485738733599,0.006479087996502277
1991-09-07,0.1137335995436394,0.0995079863091842,0.0972618368511123,0.1002923559612093,0.0981531660011409,0.0997932116371933,0.10072019395322299,0.09946044875451601,0.005915453712979455
1991-09-08,0.0960852823730747,0.1137335995436394,0.0995079863091842,0.0972618368511123,0.1002923559612093,0.0981531660011409,0.10068963409665058,0.09929644419091076,0.005942589900811172
1991-09-09,0.0973687963491158,0.0960852823730747,0.1137335995436394,0.0995079863091842,0.0972618368511123,0.1002923559612093,0.10034328905549665,0.09924296444190905,0.006072766451986737
1991-09-10,0.100221049629207,0.0973687963491158,0.0960852823730747,0.1137335995436394,0.0995079863091842,0.0972618368511123,0.10063870100236325,0.09956740825251943,0.005998310598797885
1991-09-12,0.0997219053051911,0.100221049629207,0.0973687963491158,0.0960852823730747,0.1137335995436394,0.0995079863091842,0.1005572080515035,0.09985025670279517,0.006007668044444679
1991-10-01,0.1022176269252709,0.0997219053051911,0.100221049629207,0.0973687963491158,0.0960852823730747,0.1137335995436394,0.10126517806209757,0.09972784749952458,0.005844390768507981
1991-10-04,0.0981175128351397,0.1022176269252709,0.0997219053051911,0.100221049629207,0.0973687963491158,0.0960852823730747,0.10106653899437693,0.09980509602586037,0.005936964599019298
1991-10-05,0.09843839132915,0.0981175128351397,0.1022176269252709,0.0997219053051911,0.100221049629207,0.0973687963491158,0.09888150924944987,0.09999762312226655,0.0020214493228101053
1991-10-06,0.1176197946377638,0.09843839132915,0.0981175128351397,0.1022176269252709,0.0997219053051911,0.100221049629207,0.10195786814440547,0.10058946567788549,0.007089594609752696
1991-10-07,0.1142683970336566,0.1176197946377638,0.09843839132915,0.0981175128351397,0.1022176269252709,0.0997219053051911,0.1043720968136256,0.10107910249096781,0.008075313734911828
1991-10-09,0.0995436394751853,0.1142683970336566,0.1176197946377638,0.09843839132915,0.0981175128351397,0.1022176269252709,0.10427532393447961,0.10091390948849586,0.008137171950524708
1991-10-10,0.101468910439247,0.0995436394751853,0.1142683970336566,0.1176197946377638,0.09843839132915,0.0981175128351397,0.10452489609648762,0.10129183304810797,0.007999872246467005
1991-10-12,0.0988305761551625,0.101468910439247,0.0995436394751853,0.1142683970336566,0.1176197946377638,0.09843839132915,0.10404103170075785,0.1014534607339798,0.008260858016880054
1991-11-01,0.1026454649172846,0.0988305761551625,0.101468910439247,0.0995436394751853,0.1142683970336566,0.1176197946377638,0.10468788199820711,0.10160320403118457,0.00788861283533555
1991-11-02,0.0907016543069024,0.1026454649172846,0.0988305761551625,0.101468910439247,0.0995436394751853,0.1142683970336566,0.10358263385217174,0.10079981935729222,0.009321915861337468
1991-11-03,0.1033228750713063,0.0907016543069024,0.1026454649172846,0.0988305761551625,0.101468910439247,0.0995436394751853,0.10154021677124925,0.10104344932496669,0.007014437622168237
1991-11-04,0.0967983456930975,0.1033228750713063,0.0907016543069024,0.1026454649172846,0.0988305761551625,0.101468910439247,0.09904449515116938,0.10087350256702791,0.004322275531606019
1991-11-06,0.1144110096976611,0.0967983456930975,0.1033228750713063,0.0907016543069024,0.1026454649172846,0.0988305761551625,0.10116840518295163,0.10136195094124353,0.0072617268620749666
1991-11-07,0.1122361665715915,0.1144110096976611,0.0967983456930975,0.1033228750713063,0.0907016543069024,0.1026454649172846,0.1027065846304294,0.10156398554858333,0.008388872875964544
1991-11-09,0.0961922418710781,0.1122361665715915,0.1144110096976611,0.0967983456930975,0.1033228750713063,0.0907016543069024,0.10232967973270306,0.10172680167332188,0.008647330489299674
1991-11-10,0.0990444951511693,0.0961922418710781,0.1122361665715915,0.1144110096976611,0.0967983456930975,0.1033228750713063,0.10181525548040089,0.10178503517779042,0.008732107790786538
1991-11-11,0.0986166571591557,0.0990444951511693,0.0961922418710781,0.1122361665715915,0.1144110096976611,0.0967983456930975,0.10294597017357991,0.10187773340939338,0.007475153610182612
1991-11-12,0.097440102681118,0.0986166571591557,0.0990444951511693,0.0961922418710781,0.1122361665715915,0.1144110096976611,0.10210557411783873,0.10185396463205929,0.007751303006635447
1991-12-02,0.0851397604107244,0.097440102681118,0.0986166571591557,0.0990444951511693,0.0961922418710781,0.1122361665715915,0.1004400619346426,0.10084973378969381,0.010006255003493147
1991-12-03,0.0965131203650884,0.0851397604107244,0.097440102681118,0.0986166571591557,0.0990444951511693,0.0961922418710781,0.0978832206014179,0.10085686442289403,0.007908036636236331
1991-12-04,0.0979035938391328,0.0965131203650884,0.0851397604107244,0.097440102681118,0.0986166571591557,0.0990444951511693,0.09583571021106665,0.10079387716295868,0.0048282075020358904
1991-12-06,0.1155875641756987,0.0979035938391328,0.0965131203650884,0.0851397604107244,0.097440102681118,0.0986166571591557,0.09860647054029818,0.10137502376877729,0.008908220517191772
1991-12-07,0.1108100399315459,0.1155875641756987,0.0979035938391328,0.0965131203650884,0.0851397604107244,0.097440102681118,0.10028726265178056,0.10172561323445516,0.010042394818722163
1991-12-08,0.0969766115231032,0.1108100399315459,0.1155875641756987,0.0979035938391328,0.0965131203650884,0.0851397604107244,0.10005297041805876,0.10171610572352154,0.010106791449308882
1991-12-09,0.0962635482030804,0.0969766115231032,0.1108100399315459,0.1155875641756987,0.0979035938391328,0.0965131203650884,0.09988489120691055,0.10160795778665141,0.010167089791438403
1991-12-11,0.0985096976611523,0.0962635482030804,0.0969766115231032,0.1108100399315459,0.1155875641756987,0.0979035938391328,0.10179488224268596,0.1011004943905685,0.007949361648977967
1991-12-12,0.095407872219053,0.0985096976611523,0.0962635482030804,0.0969766115231032,0.1108100399315459,0.1155875641756987,0.10163698965039518,0.10107791405210112,0.008081630216865244
1992-01-04,0.1026811180832857,0.095407872219053,0.0985096976611523,0.0962635482030804,0.0969766115231032,0.1108100399315459,0.1023194931138456,0.10125499144324011,0.00791378296423766
1992-01-05,0.0977609811751283,0.1026811180832857,0.095407872219053,0.0985096976611523,0.0962635482030804,0.0969766115231032,0.0997728383994784,0.1011729891614375,0.005402282458738805
1992-01-06,0.0982601254991442,0.0977609811751283,0.1026811180832857,0.095407872219053,0.0985096976611523,0.0962635482030804,0.09797999348056387,0.10112426316790259,0.0023479198921753913
1992-01-07,0.0990088419851683,0.0982601254991442,0.0977609811751283,0.1026811180832857,0.095407872219053,0.0985096976611523,0.09827031211800175,0.10101730366989917,0.002328738085837996
1992-01-09,0.0884198516828294,0.0990088419851683,0.0982601254991442,0.0977609811751283,0.1026811180832857,0.095407872219053,0.09714978404368017,0.1006940482981555,0.004411226466866135
1992-01-10,0.0884555048488305,0.0884198516828294,0.0990088419851683,0.0982601254991442,0.0977609811751283,0.1026811180832857,0.09571347078477706,0.10036128541547816,0.005416851312940216
1992-01-12,0.0887050770108385,0.0884555048488305,0.0884198516828294,0.0990088419851683,0.0982601254991442,0.0977609811751283,0.09475592861217498,0.09939746149458066,0.006036826602888568
1992-02-01,0.0925556189389617,0.0887050770108385,0.0884555048488305,0.0884198516828294,0.0990088419851683,0.0982601254991442,0.09330942873441442,0.0986737022247575,0.004933657430186199
1992-02-03,0.1006488876212207,0.0925556189389617,0.0887050770108385,0.0884555048488305,0.0884198516828294,0.0990088419851683,0.0937219867981419,0.09871054382962535,0.005460551900642296
1992-02-04,0.100470621791215,0.1006488876212207,0.0925556189389617,0.0887050770108385,0.0884555048488305,0.0884198516828294,0.09403777198272345,0.09867726754135761,0.005818892961412143
1992-02-06,0.0998288648031945,0.100470621791215,0.1006488876212207,0.0925556189389617,0.0887050770108385,0.0884555048488305,0.09415491809958433,0.09871054382962535,0.005942589900812941
1992-02-07,0.0995792926411865,0.0998288648031945,0.100470621791215,0.1006488876212207,0.0925556189389617,0.0887050770108385,0.0957491239507782,0.09860833808708876,0.005636616222914825
1992-02-09,0.0872789503707929,0.0995792926411865,0.0998288648031945,0.100470621791215,0.1006488876212207,0.0925556189389617,0.09558104473962999,0.09849424795588509,0.005901664471271442
1992-02-10,0.0877424415288077,0.0872789503707929,0.0995792926411865,0.0998288648031945,0.100470621791215,0.1006488876212207,0.09544352538505414,0.09797490017113514,0.0060965871363679
1992-02-11,0.0885981175128351,0.0877424415288077,0.0872789503707929,0.0995792926411865,0.0998288648031945,0.100470621791215,0.09487816803846462,0.09770155923179306,0.006573842750606721
1992-02-12,0.0886337706788362,0.0885981175128351,0.0877424415288077,0.0872789503707929,0.0995792926411865,0.0998288648031945,0.09316172276098113,0.09684231793116556,0.006381750729047922
1992-03-01,0.0967270393610952,0.0886337706788362,0.0885981175128351,0.0877424415288077,0.0872789503707929,0.0995792926411865,0.09262692527096401,0.09632534702414902,0.0057972676486977796
1992-03-02,0.1036081003993154,0.0967270393610952,0.0886337706788362,0.0885981175128351,0.0877424415288077,0.0872789503707929,0.09316681607040987,0.0965725423084236,0.006687398258293377
1992-03-03,0.1015758699372504,0.1036081003993154,0.0967270393610952,0.0886337706788362,0.0885981175128351,0.0877424415288077,0.09345204139841898,0.09665692146795962,0.007039775440791742
1992-03-04,0.1003993154592127,0.1015758699372504,0.1036081003993154,0.0967270393610952,0.0886337706788362,0.0885981175128351,0.09532637926819323,0.09671634341129486,0.006866782318166956
1992-03-06,0.100470621791215,0.1003993154592127,0.1015758699372504,0.1036081003993154,0.0967270393610952,0.0886337706788362,0.09714469073425144,0.09681736071496476,0.006174133135079314
1992-03-07,0.0986879634911579,0.100470621791215,0.1003993154592127,0.1015758699372504,0.1036081003993154,0.0967270393610952,0.09858609730258325,0.09726896748431256,0.0048907008108014976
1992-03-08,0.0951939532230461,0.0986879634911579,0.100470621791215,0.1003993154592127,0.1015758699372504,0.1036081003993154,0.09952326623747039,0.09722499524624448,0.002881653560822355
1992-03-09,0.0871719908727894,0.0951939532230461,0.0986879634911579,0.100470621791215,0.1003993154592127,0.1015758699372504,0.09815825931056955,0.09686727514736636,0.005500242032314406
1992-03-11,0.0898816314888762,0.0871719908727894,0.0951939532230461,0.0986879634911579,0.100470621791215,0.1003993154592127,0.0961973351805068,0.09601041072447228,0.005677458506871357
1992-03-12,0.0886694238448373,0.0898816314888762,0.0871719908727894,0.0951939532230461,0.0986879634911579,0.100470621791215,0.09435355716730495,0.09527239018824865,0.005735058877901008
1992-04-02,0.1031802624073017,0.0886694238448373,0.0898816314888762,0.0871719908727894,0.0951939532230461,0.0986879634911579,0.09475083530274622,0.09547917855105528,0.006292854739692954
1992-04-03,0.1010410724472332,0.1031802624073017,0.0886694238448373,0.0898816314888762,0.0871719908727894,0.0951939532230461,0.09483232825360596,0.09563842935919369,0.0063823292874700755
1992-04-06,0.0994366799771819,0.1010410724472332,0.1031802624073017,0.0886694238448373,0.0898816314888762,0.0871719908727894,0.09493928775160941,0.09566932876972803,0.006463471876270527
1992-04-08,0.0928408442669709,0.0994366799771819,0.1010410724472332,0.1031802624073017,0.0886694238448373,0.0898816314888762,0.09460312932931293,0.09558376117132528,0.006509050178197539
1992-04-09,0.088063320022818,0.0928408442669709,0.0994366799771819,0.1010410724472332,0.1031802624073017,0.0886694238448373,0.09473046206503132,0.09509650123597635,0.006346130014425513
1992-04-11,0.0899529378208784,0.088063320022818,0.0928408442669709,0.0994366799771819,0.1010410724472332,0.1031802624073017,0.09474064868388878,0.09483623312416803,0.006337100421811487
1992-04-12,0.0888120365088419,0.0899529378208784,0.088063320022818,0.0928408442669709,0.0994366799771819,0.1010410724472332,0.09476102192160371,0.09452129682449129,0.006314517879865321
1992-05-02,0.103251568739304,0.0888120365088419,0.0899529378208784,0.088063320022818,0.0928408442669709,0.0994366799771819,0.09477120854046119,0.09466272104962914,0.006330401051907517
1992-05-03,0.1011836851112378,0.103251568739304,0.0888120365088419,0.0899529378208784,0.088063320022818,0.0928408442669709,0.09479158177817613,0.09508818216390942,0.006354127552853107
1992-05-05,0.0977253280091272,0.1011836851112378,0.103251568739304,0.0888120365088419,0.0899529378208784,0.088063320022818,0.09454710292559688,0.09539717626925265,0.0061760446086913156
1992-05-06,0.100221049629207,0.0977253280091272,0.1011836851112378,0.103251568739304,0.0888120365088419,0.0899529378208784,0.0956014179773449,0.09578104202319827,0.0064596497975009624
1992-05-08,0.0929834569309754,0.100221049629207,0.0977253280091272,0.1011836851112378,0.103251568739304,0.0888120365088419,0.09630429467851025,0.0957953032895987,0.005729092463137741
1992-05-10,0.0882415858528237,0.0929834569309754,0.100221049629207,0.0977253280091272,0.1011836851112378,0.103251568739304,0.096059815825931,0.0953817265639855,0.006071575207698055
1992-05-11,0.0927338847689674,0.0882415858528237,0.0929834569309754,0.100221049629207,0.0977253280091272,0.1011836851112378,0.0966200798630918,0.09512383532991057,0.005439338116037831
1992-06-01,0.0950869937250427,0.0927338847689674,0.0882415858528237,0.0929834569309754,0.100221049629207,0.0977253280091272,0.0954537120039116,0.09496577296063884,0.004589284718311526
1992-06-02,0.1050698802053622,0.0950869937250427,0.0927338847689674,0.0882415858528237,0.0929834569309754,0.100221049629207,0.09600888273164365,0.09514879254611136,0.005535488576204601
1992-06-03,0.102752424415288,0.1050698802053622,0.0950869937250427,0.0927338847689674,0.0882415858528237,0.0929834569309754,0.0967270393610952,0.0956645750142612,0.006093284966545999
1992-06-04,0.1006132344552196,0.102752424415288,0.1050698802053622,0.0950869937250427,0.0927338847689674,0.0882415858528237,0.09678306576481129,0.0960936014451416,0.00613244325903556
1992-06-05,0.0995792926411865,0.1006132344552196,0.102752424415288,0.1050698802053622,0.0950869937250427,0.0927338847689674,0.09772532800912716,0.09645964061608664,0.005955501832287562
1992-06-07,0.0991514546491728,0.0995792926411865,0.1006132344552196,0.102752424415288,0.1050698802053622,0.0950869937250427,0.0992838806943199,0.09681023008176454,0.004240614716539795
1992-06-08,0.0937678265830005,0.0991514546491728,0.0995792926411865,0.1006132344552196,0.102752424415288,0.1050698802053622,0.09943158666775319,0.09671158965582803,0.0039847326551801605
1992-06-10,0.0886694238448373,0.0937678265830005,0.0991514546491728,0.0995792926411865,0.1006132344552196,0.102752424415288,0.09851479097058098,0.09621363377067876,0.005572755547246523
1992-06-11,0.0939817455790074,0.0886694238448373,0.0937678265830005,0.0991514546491728,0.0995792926411865,0.1006132344552196,0.09693077173824459,0.09596049629207067,0.004938777066634215
1992-07-01,0.0954435253850541,0.0939817455790074,0.0886694238448373,0.0937678265830005,0.0991514546491728,0.0995792926411865,0.09588664330535401,0.0957953032895987,0.004223701891624032
1992-07-02,0.1042142042213348,0.0954435253850541,0.0939817455790074,0.0886694238448373,0.0937678265830005,0.0991514546491728,0.0964010675576562,0.0959200893706027,0.005036419474648751
1992-07-04,0.1006488876212207,0.1042142042213348,0.0954435253850541,0.0939817455790074,0.0886694238448373,0.0937678265830005,0.09655386684051823,0.09598545350827146,0.005163534868231618
1992-07-05,0.0988662293211637,0.1006488876212207,0.1042142042213348,0.0954435253850541,0.0939817455790074,0.0886694238448373,0.09651312036508837,0.09610786271154206,0.005140695314580013
1992-07-07,0.0943382772390188,0.0988662293211637,0.1006488876212207,0.1042142042213348,0.0954435253850541,0.0939817455790074,0.09659461331594811,0.0963467389237497,0.005094233780622798
1992-07-08,0.0946948088990302,0.0943382772390188,0.0988662293211637,0.1006488876212207,0.1042142042213348,0.0954435253850541,0.09745538260940424,0.09650717817075484,0.003901313221285251
1992-07-09,0.087564175698802,0.0946948088990302,0.0943382772390188,0.0988662293211637,0.1006488876212207,0.1042142042213348,0.09653858691223205,0.096470336565887,0.005341780111854025
1992-07-10,0.0884198516828294,0.087564175698802,0.0946948088990302,0.0943382772390188,0.0988662293211637,0.1006488876212207,0.09553520495477137,0.09597832287507124,0.006176230823209105
1992-07-12,0.0886694238448373,0.0884198516828294,0.087564175698802,0.0946948088990302,0.0943382772390188,0.0988662293211637,0.09331452204384316,0.09556593458832471,0.005262585817727658
1992-08-01,0.0953009127210496,0.0886694238448373,0.0884198516828294,0.087564175698802,0.0946948088990302,0.0943382772390188,0.092550525629533,0.09542807567978698,0.004325040515918598
1992-08-04,0.1005419281232173,0.0953009127210496,0.0886694238448373,0.0884198516828294,0.087564175698802,0.0946948088990302,0.09278991117268351,0.0956847784749952,0.0047576099639370685
1992-08-05,0.0985453508271534,0.1005419281232173,0.0953009127210496,0.0886694238448373,0.0884198516828294,0.087564175698802,0.09339092168527417,0.09603417950180639,0.005228260834172662
1992-08-06,0.0991871078151739,0.0985453508271534,0.1005419281232173,0.0953009127210496,0.0886694238448373,0.0884198516828294,0.0940326786732947,0.09634198516828289,0.005671874406011122
1992-08-07,0.0939104392470051,0.0991871078151739,0.0985453508271534,0.1005419281232173,0.0953009127210496,0.0886694238448373,0.09493928775160942,0.09651193192622166,0.004923426775216407
1992-08-09,0.0874572162007986,0.0939104392470051,0.0991871078151739,0.0985453508271534,0.1005419281232173,0.0953009127210496,0.0948017683970336,0.09598545350827149,0.005144361869915962
1992-08-10,0.0877780946948088,0.0874572162007986,0.0939104392470051,0.0991871078151739,0.0985453508271534,0.1005419281232173,0.09467443566131524,0.09553860049439052,0.005329158806060107
1992-08-12,0.0886694238448373,0.0877780946948088,0.0874572162007986,0.0939104392470051,0.0991871078151739,0.0985453508271534,0.09372708010757062,0.09523673702224753,0.00577039740217917
1992-09-01,0.0965487735310895,0.0886694238448373,0.0877780946948088,0.0874572162007986,0.0939104392470051,0.0991871078151739,0.09315662945155237,0.09511432781897693,0.005148249212398522
1992-09-03,0.1028950370792926,0.0965487735310895,0.0886694238448373,0.0877780946948088,0.0874572162007986,0.0939104392470051,0.09377801320185797,0.09544471382392085,0.006084437257215095
1992-09-04,0.1006845407872218,0.1028950370792926,0.0965487735310895,0.0886694238448373,0.0877780946948088,0.0874572162007986,0.09399193219786481,0.09585947898840078,0.006327766191102237
1992-09-06,0.0992227609811751,0.1006845407872218,0.1028950370792926,0.0965487735310895,0.0886694238448373,0.0877780946948088,0.09475083530274624,0.09607577486214103,0.006627809354236155
1992-09-07,0.0940173987450085,0.0992227609811751,0.1006845407872218,0.1028950370792926,0.0965487735310895,0.0886694238448373,0.09568800423763336,0.0960401216961399,0.005841806103550689
1992-09-09,0.0882772390188248,0.0940173987450085,0.0992227609811751,0.1006845407872218,0.1028950370792926,0.0965487735310895,0.09575931056963564,0.09548036698992199,0.005731162931881589
1992-09-10,0.0882059326868225,0.0882772390188248,0.0940173987450085,0.0992227609811751,0.1006845407872218,0.1028950370792926,0.09569309754706211,0.09499548393230646,0.005828574809079735
1992-09-11,0.0922347404449515,0.0882059326868225,0.0882772390188248,0.0940173987450085,0.0992227609811751,0.1006845407872218,0.09507680710618525,0.09471620079863086,0.005949832783836718
1992-09-12,0.087065031374786,0.0922347404449515,0.0882059326868225,0.0882772390188248,0.0940173987450085,0.0992227609811751,0.09281537771982717,0.0942990587564175,0.00547217889731334
1992-10-01,0.1021819737592698,0.087065031374786,0.0922347404449515,0.0882059326868225,0.0882772390188248,0.0940173987450085,0.09302929671583403,0.0944000760600874,0.005847471190353586
1992-10-02,0.1039289788933257,0.1021819737592698,0.087065031374786,0.0922347404449515,0.0882059326868225,0.0882772390188248,0.09370161356042697,0.09473878113709826,0.006860970756383374
1992-10-03,0.103251568739304,0.1039289788933257,0.1021819737592698,0.087065031374786,0.0922347404449515,0.0882059326868225,0.09502078070246919,0.09522485263358046,0.007760562998422584
1992-10-04,0.1019680547632629,0.103251568739304,0.1039289788933257,0.1021819737592698,0.087065031374786,0.0922347404449515,0.09697661152310319,0.09549106293972233,0.007498559543439123
1992-10-06,0.0992584141471762,0.1019680547632629,0.103251568739304,0.1039289788933257,0.1021819737592698,0.087065031374786,0.09855553744601088,0.09561822589845972,0.006431707106655502
1992-10-07,0.0960139760410724,0.0992584141471762,0.1019680547632629,0.103251568739304,0.1039289788933257,0.1021819737592698,0.09909542824545671,0.09534488495911765,0.0059535398847239745
1992-10-08,0.0964061608670849,0.0960139760410724,0.0992584141471762,0.1019680547632629,0.103251568739304,0.1039289788933257,0.10042987531578514,0.09520346073397978,0.003232756569759637
1992-10-09,0.0876354820308043,0.0964061608670849,0.0960139760410724,0.0992584141471762,0.1019680547632629,0.103251568739304,0.0983518050688615,0.0948291024909678,0.005673069556437076
1992-10-11,0.0870293782087849,0.0876354820308043,0.0964061608670849,0.0960139760410724,0.0992584141471762,0.1019680547632629,0.09593757639964137,0.09458547252329334,0.006447160755138502
1992-10-12,0.0867441528807758,0.0870293782087849,0.0876354820308043,0.0964061608670849,0.0960139760410724,0.0992584141471762,0.09357937413413733,0.0943204506560182,0.00634418391643113
1992-11-02,0.1036437535653166,0.0867441528807758,0.0870293782087849,0.0876354820308043,0.0964061608670849,0.0960139760410724,0.09381875967728788,0.09485643658490202,0.006733159857036017
1992-11-03,0.1027167712492869,0.1036437535653166,0.0867441528807758,0.0870293782087849,0.0876354820308043,0.0964061608670849,0.09431281069187511,0.09533300057045059,0.007301698595885618
1992-11-05,0.1011836851112378,0.1027167712492869,0.1036437535653166,0.0867441528807758,0.0870293782087849,0.0876354820308043,0.0950513405590416,0.09575014261266396,0.007750115929233991
1992-11-06,0.0992940673131774,0.1011836851112378,0.1027167712492869,0.1036437535653166,0.0867441528807758,0.0870293782087849,0.09546389862276909,0.09588324776573488,0.007909483175814313
1992-11-08,0.0952296063890473,0.0992940673131774,0.1011836851112378,0.1027167712492869,0.1036437535653166,0.0867441528807758,0.09654877353108952,0.09570617037459588,0.007140164052707141
1992-11-09,0.0861380490587564,0.0952296063890473,0.0992940673131774,0.1011836851112378,0.1027167712492869,0.1036437535653166,0.09642144079537117,0.09529259364898264,0.007343278758552522
1992-11-11,0.0861380490587564,0.0861380490587564,0.0952296063890473,0.0992940673131774,0.1011836851112378,0.1027167712492869,0.0963348545350827,0.09485762502376872,0.007478727849911618
1992-11-12,0.0874215630347974,0.0861380490587564,0.0861380490587564,0.0952296063890473,0.0992940673131774,0.1011836851112378,0.09401739874500852,0.09464132915002847,0.007348704789287373
1992-12-02,0.1042142042213348,0.0874215630347974,0.0861380490587564,0.0861380490587564,0.0952296063890473,0.0992940673131774,0.09423131774101536,0.09519989541737967,0.007659375551967253
1992-12-03,0.1023602395892755,0.1042142042213348,0.0874215630347974,0.0861380490587564,0.0861380490587564,0.0952296063890473,0.09439939695216361,0.0956859669138619,0.007847955222991575
1992-12-05,0.100221049629207,0.1023602395892755,0.1042142042213348,0.0874215630347974,0.0861380490587564,0.0861380490587564,0.09453182299731068,0.09607102110667422,0.007951451570201804
1992-12-06,0.1010767256132344,0.100221049629207,0.1023602395892755,0.1042142042213348,0.0874215630347974,0.0861380490587564,0.09536712574362312,0.09622195284274572,0.008334848791707166
1992-12-08,0.0934826012549914,0.1010767256132344,0.100221049629207,0.1023602395892755,0.1042142042213348,0.0874215630347974,0.09641634748594241,0.09590820498193568,0.007387915115521741
1992-12-10,0.0881346263548203,0.0934826012549914,0.1010767256132344,0.100221049629207,0.1023602395892755,0.1042142042213348,0.09670157281395154,0.09548987450085564,0.006950560534303891
1992-12-11,0.0861380490587564,0.0881346263548203,0.0934826012549914,0.1010767256132344,0.100221049629207,0.1023602395892755,0.0965182136745171,0.095053717436775,0.00724679077308727
1993-01-02,0.0851397604107244,0.0861380490587564,0.0881346263548203,0.0934826012549914,0.1010767256132344,0.100221049629207,0.0937932931301442,0.09475779615896554,0.007453863018831885
1993-01-03,0.0823944666286366,0.0851397604107244,0.0861380490587564,0.0881346263548203,0.0934826012549914,0.1010767256132344,0.09094103985005293,0.09456170374595925,0.0074493140174383575
1993-01-04,0.0921990872789503,0.0823944666286366,0.0851397604107244,0.0861380490587564,0.0881346263548203,0.0934826012549914,0.0897950452285877,0.09469480889903019,0.006314330950407081
1993-01-06,0.119188533941814,0.0921990872789503,0.0823944666286366,0.0851397604107244,0.0861380490587564,0.0881346263548203,0.09238244641838476,0.09559326868225894,0.012443626240784614
1993-01-07,0.1167997718197375,0.119188533941814,0.0921990872789503,0.0823944666286366,0.0851397604107244,0.0861380490587564,0.09571347078477709,0.09658442669709065,0.015526259368708972
1993-01-09,0.1269609241300627,0.1167997718197375,0.119188533941814,0.0921990872789503,0.0823944666286366,0.0851397604107244,0.10126008475266883,0.09741039170945041,0.018929687231159176
1993-01-10,0.0993297204791785,0.1269609241300627,0.1167997718197375,0.119188533941814,0.0921990872789503,0.0823944666286366,0.10314460924130057,0.0972570830956455,0.017796013911733462
1993-01-11,0.1074229891614375,0.0993297204791785,0.1269609241300627,0.1167997718197375,0.119188533941814,0.0921990872789503,0.10632792763425958,0.09739613044304997,0.015934156228429947
1993-01-12,0.1125570450656018,0.1074229891614375,0.0993297204791785,0.1269609241300627,0.1167997718197375,0.119188533941814,0.1106368674109689,0.09774909678646125,0.011968059036052423
1993-02-02,0.0854606389047347,0.1125570450656018,0.1074229891614375,0.0993297204791785,0.1269609241300627,0.1167997718197375,0.10967423192893809,0.09728917094504655,0.013825162438136982
1993-02-03,0.0824657729606389,0.0854606389047347,0.1125570450656018,0.1074229891614375,0.0993297204791785,0.1269609241300627,0.10442812321734166,0.09683756417569875,0.016350012227240755
1993-02-04,0.0962635482030804,0.0824657729606389,0.0854606389047347,0.1125570450656018,0.1074229891614375,0.0993297204791785,0.10149437698639063,0.09683281042023194,0.015584671563080767
1993-02-06,0.1102752424415288,0.0962635482030804,0.0824657729606389,0.0854606389047347,0.1125570450656018,0.1074229891614375,0.09911070817374294,0.09758746910058942,0.011874884996188923
1993-02-07,0.127032230462065,0.1102752424415288,0.0962635482030804,0.0824657729606389,0.0854606389047347,0.1125570450656018,0.10306820959986958,0.09892089750903209,0.015895534382224952
1993-02-08,0.1478893325727324,0.127032230462065,0.1102752424415288,0.0962635482030804,0.0824657729606389,0.0854606389047347,0.10884911580148314,0.10095907016543065,0.023352533423287386
1993-02-09,0.1229321163719338,0.1478893325727324,0.127032230462065,0.1102752424415288,0.0962635482030804,0.0824657729606389,0.11033126884524484,0.10160201559231789,0.023948728657412346
1993-02-11,0.1048203080433542,0.1229321163719338,0.1478893325727324,0.127032230462065,0.1102752424415288,0.0962635482030804,0.11309693586504764,0.10167213348545347,0.021600654630162364
1993-02-12,0.1207929264118653,0.1048203080433542,0.1229321163719338,0.1478893325727324,0.127032230462065,0.1102752424415288,0.11857224350093712,0.10232577486214105,0.016885086399818908
1993-03-02,0.0856389047347404,0.1207929264118653,0.1048203080433542,0.1229321163719338,0.1478893325727324,0.127032230462065,0.11705443729117428,0.10187060277619314,0.019499733429544724
1993-03-03,0.0824301197946377,0.0856389047347404,0.1207929264118653,0.1048203080433542,0.1229321163719338,0.1478893325727324,0.11307656262733269,0.10144395322304617,0.023535643516245663
1993-03-06,0.1109883057615516,0.0824301197946377,0.0856389047347404,0.1207929264118653,0.1048203080433542,0.1229321163719338,0.1107845733844022,0.10227229511313933,0.02271705212514364
1993-03-08,0.1463562464346833,0.1109883057615516,0.0824301197946377,0.0856389047347404,0.1207929264118653,0.1048203080433542,0.11056556107896662,0.10427956835900357,0.022303332142610287
1993-03-09,0.1170493439817455,0.1463562464346833,0.1109883057615516,0.0824301197946377,0.0856389047347404,0.1207929264118653,0.10972516502322542,0.10526716105723516,0.021866243543356926
1993-03-11,0.1048559612093553,0.1170493439817455,0.1463562464346833,0.1109883057615516,0.0824301197946377,0.0856389047347404,0.10973025833265417,0.10528855295683585,0.021864914750881148
1993-03-12,0.118938961779806,0.1048559612093553,0.1170493439817455,0.1463562464346833,0.1109883057615516,0.0824301197946377,0.10946540624235998,0.10584117702985353,0.02171932146775639
1993-04-01,0.0851397604107244,0.118938961779806,0.1048559612093553,0.1170493439817455,0.1463562464346833,0.1109883057615516,0.10939409991035767,0.10533846738923745,0.02181120823873645
1993-04-02,0.0854962920707358,0.0851397604107244,0.118938961779806,0.1048559612093553,0.1170493439817455,0.1463562464346833,0.10983212452122884,0.10481911960448749,0.021201724638739452
1993-04-03,0.0820379349686251,0.0854962920707358,0.0851397604107244,0.118938961779806,0.1048559612093553,0.1170493439817455,0.10569635726509649,0.10443763072827529,0.02362388264796519
1993-04-05,0.1070308043354249,0.0820379349686251,0.0854962920707358,0.0851397604107244,0.118938961779806,0.1048559612093553,0.10007843696520244,0.10506750332762876,0.015685205080041648
1993-04-06,0.1150884198516828,0.1070308043354249,0.0820379349686251,0.0854962920707358,0.0851397604107244,0.118938961779806,0.09979830494662204,0.10603251568739298,0.015345425670598803
1993-04-08,0.1432544209925841,0.1150884198516828,0.1070308043354249,0.0820379349686251,0.0854962920707358,0.0851397604107244,0.105283799201369,0.10796967104012165,0.022602035817108942
1993-04-10,0.1003993154592127,0.1432544209925841,0.1150884198516828,0.1070308043354249,0.0820379349686251,0.0854962920707358,0.10263527829842711,0.10856983266780751,0.021807507170841824
1993-04-11,0.1108813462635481,0.1003993154592127,0.1432544209925841,0.1150884198516828,0.1070308043354249,0.0820379349686251,0.10631264770597336,0.10919257463396077,0.020496533790080235
1993-05-01,0.0849258414147176,0.1108813462635481,0.1003993154592127,0.1432544209925841,0.1150884198516828,0.1070308043354249,0.1062311547551136,0.10805048488305756,0.020593994748255854
1993-05-02,0.0854962920707358,0.0849258414147176,0.1108813462635481,0.1003993154592127,0.1432544209925841,0.1150884198516828,0.10672520576970086,0.10700703555809084,0.01994822364779502
1993-05-03,0.0825370792926411,0.0854962920707358,0.0849258414147176,0.1108813462635481,0.1003993154592127,0.1432544209925841,0.10322610219216032,0.10552624073017679,0.02193496353342887
1993-05-04,0.0921990872789503,0.0825370792926411,0.0854962920707358,0.0849258414147176,0.1108813462635481,0.1003993154592127,0.09995619753891283,0.10528855295683585,0.021575025275491634
1993-05-05,0.1062464346833998,0.0921990872789503,0.0825370792926411,0.0854962920707358,0.0849258414147176,0.1108813462635481,0.0946693423518865,0.10524933447423458,0.01126991096192603
1993-05-07,0.128814888762122,0.1062464346833998,0.0921990872789503,0.0825370792926411,0.0854962920707358,0.0849258414147176,0.09872870996658781,0.10579126259745193,0.017223055518510784
1993-05-08,0.1389760410724472,0.128814888762122,0.1062464346833998,0.0921990872789503,0.0825370792926411,0.0854962920707358,0.10274223779643055,0.10757510933637568,0.02287358046981341
1993-05-10,0.0990444951511693,0.1389760410724472,0.128814888762122,0.1062464346833998,0.0921990872789503,0.0825370792926411,0.10475918833020936,0.10812773340939336,0.021629365823283064
1993-05-11,0.1143040501996577,0.0990444951511693,0.1389760410724472,0.128814888762122,0.1062464346833998,0.0921990872789503,0.10887458234862676,0.10872908347594594,0.02003524700712963
1993-06-01,0.08656588705077,0.1143040501996577,0.0990444951511693,0.1389760410724472,0.128814888762122,0.1062464346833998,0.10945012631407376,0.1079387716295873,0.019192714757148503
1993-06-04,0.0928051911009697,0.08656588705077,0.1143040501996577,0.0990444951511693,0.1389760410724472,0.128814888762122,0.10953671257436223,0.1067978703175508,0.019103074964908037
1993-06-05,0.108064746149458,0.0928051911009697,0.08656588705077,0.1143040501996577,0.0990444951511693,0.1389760410724472,0.1097964713552277,0.10547038410344164,0.019063198721078634
1993-06-07,0.1354107244723331,0.108064746149458,0.0928051911009697,0.08656588705077,0.1143040501996577,0.0990444951511693,0.11073873359954356,0.10588633770678828,0.02028385247761064
1993-06-08,0.1264974329720479,0.1354107244723331,0.108064746149458,0.0928051911009697,0.08656588705077,0.1143040501996577,0.10895607529948652,0.10660890853774475,0.01778273510220515
1993-06-09,0.1159797490017113,0.1264974329720479,0.1354107244723331,0.108064746149458,0.0928051911009697,0.08656588705077,0.11137539727813538,0.10644846929073962,0.017356433704707033
1993-06-10,0.1027167712492869,0.1159797490017113,0.1264974329720479,0.1354107244723331,0.108064746149458,0.0928051911009697,0.1097200717137967,0.10701773150789116,0.017581661010744563
1993-06-12,0.1272104962920707,0.1027167712492869,0.1159797490017113,0.1264974329720479,0.1354107244723331,0.108064746149458,0.11552644446255393,0.10851041072447228,0.015212329190585709
1993-07-01,0.0865302338847689,0.1272104962920707,0.1027167712492869,0.1159797490017113,0.1264974329720479,0.1354107244723331,0.11463002200309669,0.10769514166191284,0.016869052618062205
1993-07-04,0.089845978322875,0.0865302338847689,0.1272104962920707,0.1027167712492869,0.1159797490017113,0.1264974329720479,0.1120273408850134,0.10581146605818591,0.01928349012530984
1993-07-05,0.1102039361095265,0.089845978322875,0.0865302338847689,0.1272104962920707,0.1027167712492869,0.1159797490017113,0.10842637111889818,0.10558328579577861,0.01631405959423653
1993-07-06,0.1099187107815174,0.1102039361095265,0.089845978322875,0.0865302338847689,0.1272104962920707,0.1027167712492869,0.10605798223453666,0.10575204411485067,0.014336957966976725
1993-07-07,0.1389047347404449,0.1099187107815174,0.1102039361095265,0.089845978322875,0.0865302338847689,0.1272104962920707,0.10933298019721291,0.1064175698802053,0.01887978899641327
1993-07-09,0.1151953793496862,0.1389047347404449,0.1099187107815174,0.1102039361095265,0.089845978322875,0.0865302338847689,0.11111563849726994,0.10741942384483737,0.018739561556465948
1993-07-10,0.1090273816314888,0.1151953793496862,0.1389047347404449,0.1099187107815174,0.1102039361095265,0.089845978322875,0.10851805068861539,0.10820379349686246,0.017345081609822597
1993-07-12,0.127032230462065,0.1090273816314888,0.1151953793496862,0.1389047347404449,0.1099187107815174,0.1102039361095265,0.1143040501996577,0.1097036033466438,0.015438465860742932
1993-08-01,0.0851397604107244,0.127032230462065,0.1090273816314888,0.1151953793496862,0.1389047347404449,0.1099187107815174,0.11363173335506474,0.10897390188248711,0.016729573705399216
1993-08-02,0.0850684540787221,0.0851397604107244,0.127032230462065,0.1090273816314888,0.1151953793496862,0.1389047347404449,0.11004095020780698,0.10797323635672175,0.019971341475448386
1993-08-03,0.0821092413006275,0.0850684540787221,0.0851397604107244,0.127032230462065,0.1090273816314888,0.1151953793496862,0.10606816885339411,0.10593506370032318,0.02259355129287316
1993-08-04,0.0929121505989731,0.0821092413006275,0.0850684540787221,0.0851397604107244,0.127032230462065,0.1090273816314888,0.09949779969032672,0.10568549153831522,0.01758533413873329
1993-08-06,0.1112735310895607,0.0929121505989731,0.0821092413006275,0.0850684540787221,0.0851397604107244,0.127032230462065,0.09893753565316595,0.10569856436584896,0.017056379221623702
1993-08-07,0.1370151169423844,0.1112735310895607,0.0929121505989731,0.0821092413006275,0.0850684540787221,0.0851397604107244,0.10293578355472245,0.10743487355010452,0.02229243419453335
1993-08-09,0.1063533941814033,0.1370151169423844,0.1112735310895607,0.0929121505989731,0.0821092413006275,0.0850684540787221,0.0999816640860565,0.10813011028712678,0.019797597875739124
1993-08-10,0.1102752424415288,0.1063533941814033,0.1370151169423844,0.1112735310895607,0.0929121505989731,0.0821092413006275,0.10357244723331427,0.10905471572542304,0.018916874632959987
1993-08-11,0.1157301768397033,0.1102752424415288,0.1063533941814033,0.1370151169423844,0.1112735310895607,0.0929121505989731,0.10795269334202587,0.10983908537744812,0.017407831618658304
1993-08-12,0.1314888762122076,0.1157301768397033,0.1102752424415288,0.1063533941814033,0.1370151169423844,0.1112735310895607,0.11500692690082304,0.11068050009507506,0.015032897386229205
1993-09-02,0.0859597832287507,0.1314888762122076,0.1157301768397033,0.1102752424415288,0.1063533941814033,0.1370151169423844,0.11401373156221983,0.109251996577296,0.01685516923558992
1993-09-03,0.0815744438106103,0.0859597832287507,0.1314888762122076,0.1157301768397033,0.1102752424415288,0.1063533941814033,0.10977100480808406,0.10733861000190144,0.020910021356564452
1993-09-06,0.1103822019395322,0.0815744438106103,0.0859597832287507,0.1314888762122076,0.1157301768397033,0.1102752424415288,0.10596630266481946,0.10771653356151355,0.01722486364699967
1993-09-07,0.1325584711922418,0.1103822019395322,0.0815744438106103,0.0859597832287507,0.1314888762122076,0.1157301768397033,0.10970988509493924,0.10832501426126635,0.01995439921093935
1993-09-08,0.1213277239018824,0.1325584711922418,0.1103822019395322,0.0815744438106103,0.0859597832287507,0.1314888762122076,0.1112888110178469,0.10948374215630344,0.02043800294933336
1993-09-09,0.1059255561893896,0.1213277239018824,0.1325584711922418,0.1103822019395322,0.0815744438106103,0.0859597832287507,0.10988815092494494,0.10992108765925075,0.020418854107834835
1993-09-11,0.1166215059897318,0.1059255561893896,0.1213277239018824,0.1325584711922418,0.1103822019395322,0.0815744438106103,0.1077642408931627,0.11020631298725989,0.01847857948722099
1993-09-12,0.1321306332002281,0.1166215059897318,0.1059255561893896,0.1213277239018824,0.1325584711922418,0.1103822019395322,0.11436007660337376,0.11009697661152305,0.017618639553056467
1993-10-02,0.0870293782087849,0.1321306332002281,0.1166215059897318,0.1059255561893896,0.1213277239018824,0.1325584711922418,0.11513935294597012,0.10878137478608095,0.015970374729428874
1993-10-03,0.0819309754706217,0.0870293782087849,0.1321306332002281,0.1166215059897318,0.1059255561893896,0.1213277239018824,0.11107489202184004,0.10764641566837797,0.020391355049836985
1993-10-05,0.1071734169994295,0.0819309754706217,0.0870293782087849,0.1321306332002281,0.1166215059897318,0.1059255561893896,0.10744845570858115,0.10779497052671605,0.01805761250208093
1993-10-06,0.1081360524814603,0.1071734169994295,0.0819309754706217,0.0870293782087849,0.1321306332002281,0.1166215059897318,0.10556393121994942,0.10715915573302905,0.01702665993647714
1993-10-08,0.1256417569880205,0.1081360524814603,0.1071734169994295,0.0819309754706217,0.0870293782087849,0.1321306332002281,0.10838053133403955,0.10846287316980409,0.01864983714446415
1993-10-09,0.1071734169994295,0.1256417569880205,0.1081360524814603,0.1071734169994295,0.0819309754706217,0.0870293782087849,0.10703080433542493,0.10904045445902258,0.018292483310710664
1993-10-11,0.1162649743297204,0.1071734169994295,0.1256417569880205,0.1081360524814603,0.1071734169994295,0.0819309754706217,0.10476428163963811,0.10924248906636237,0.015421836707319354
1993-10-12,0.1324515116942384,0.1162649743297204,0.1071734169994295,0.1256417569880205,0.1081360524814603,0.1071734169994295,0.11125315785184575,0.10999358243011974,0.016249695338048667
1993-11-01,0.0853536794067313,0.1324515116942384,0.1162649743297204,0.1071734169994295,0.1256417569880205,0.1081360524814603,0.11174211555700428,0.10820854725232928,0.015240486858723479
1993-11-02,0.0889903023388476,0.0853536794067313,0.1324515116942384,0.1162649743297204,0.1071734169994295,0.1256417569880205,0.1091445277483497,0.10733504468530133,0.017527000120689012
1993-11-03,0.083000570450656,0.0889903023388476,0.0853536794067313,0.1324515116942384,0.1162649743297204,0.1071734169994295,0.10555374460109195,0.1064674843126069,0.020146992393113988
1993-11-05,0.1059612093553907,0.083000570450656,0.0889903023388476,0.0853536794067313,0.1324515116942384,0.1162649743297204,0.10274223779643056,0.10576511694238443,0.018150820032940714
1993-11-06,0.108314318311466,0.1059612093553907,0.083000570450656,0.0889903023388476,0.0853536794067313,0.1324515116942384,0.10290522369815006,0.10653760220574247,0.018202291012017507
1993-11-08,0.1252495721620079,0.108314318311466,0.1059612093553907,0.083000570450656,0.0889903023388476,0.0853536794067313,0.10418873767419114,0.10787697280851868,0.019566959834402518
1993-11-10,0.1107387335995436,0.1252495721620079,0.108314318311466,0.1059612093553907,0.083000570450656,0.0889903023388476,0.10108691223209187,0.10883128921848255,0.01567356748780083
1993-11-11,0.1175128351397603,0.1107387335995436,0.1252495721620079,0.108314318311466,0.1059612093553907,0.083000570450656,0.1056810773368103,0.10965131203650878,0.01499164302722003
1993-12-01,0.0857815173987449,0.1175128351397603,0.1107387335995436,0.1252495721620079,0.108314318311466,0.1059612093553907,0.1052226794882242,0.10880157824681494,0.015622824005902926
1993-12-02,0.088063320022818,0.0857815173987449,0.1175128351397603,0.1107387335995436,0.1252495721620079,0.108314318311466,0.10594592942710448,0.10716985168282939,0.01449940017945173
1993-12-03,0.0844266970907016,0.088063320022818,0.0857815173987449,0.1175128351397603,0.1107387335995436,0.1252495721620079,0.10286957053214889,0.10643896177980598,0.016624404109126446
1993-12-05,0.1055690245293781,0.0844266970907016,0.088063320022818,0.0857815173987449,0.1175128351397603,0.1107387335995436,0.10247738570613633,0.10628208784940095,0.016506513779110287
1993-12-07,0.1352324586423274,0.1055690245293781,0.0844266970907016,0.088063320022818,0.0857815173987449,0.1175128351397603,0.103903512346182,0.10693216390948844,0.019038887614388083
1993-12-08,0.121719908727895,0.1352324586423274,0.1055690245293781,0.0844266970907016,0.088063320022818,0.0857815173987449,0.10547225165023219,0.10660653166001134,0.020117788890180316
1993-12-10,0.1074942954934398,0.121719908727895,0.1352324586423274,0.1055690245293781,0.0844266970907016,0.088063320022818,0.10404103170075783,0.10732434873550098,0.019464184440951826
1993-12-11,0.117940673131774,0.1074942954934398,0.121719908727895,0.1352324586423274,0.1055690245293781,0.0844266970907016,0.10863519680547629,0.10853655637953978,0.018189614958393958
1994-01-02,0.1371933827723901,0.117940673131774,0.1074942954934398,0.121719908727895,0.1352324586423274,0.1055690245293781,0.11565377719827229,0.10943026240730172,0.01840614539701625
1994-01-03,0.1446092413006275,0.1371933827723901,0.117940673131774,0.1074942954934398,0.121719908727895,0.1352324586423274,0.12425128351397599,0.1098319547442479,0.01515797752370368
1994-01-06,0.1522746719908727,0.1446092413006275,0.1371933827723901,0.117940673131774,0.1074942954934398,0.121719908727895,0.13092351886561807,0.11086351968054757,0.015828445514853247
1994-01-07,0.1455718767826583,0.1522746719908727,0.1446092413006275,0.1371933827723901,0.117940673131774,0.1074942954934398,0.13240057859995108,0.1121850637003232,0.016752977914164642
1994-01-08,0.1446805476326297,0.1455718767826583,0.1522746719908727,0.1446092413006275,0.1371933827723901,0.117940673131774,0.13568066987205601,0.1131203650884198,0.016559899120109352
1994-01-09,0.1472475755847119,0.1446805476326297,0.1455718767826583,0.1522746719908727,0.1446092413006275,0.1371933827723901,0.1413597098850949,0.11362426316790258,0.01124679726318536
1994-01-11,0.1408656588705076,0.1472475755847119,0.1446805476326297,0.1455718767826583,0.1522746719908727,0.1446092413006275,0.14463470784777113,0.11541880585662666,0.004754931027154579
1994-01-12,0.1299914432401597,0.1408656588705076,0.1472475755847119,0.1446805476326297,0.1455718767826583,0.1522746719908727,0.14360585934316678,0.11702082144894461,0.006919759018095068
1994-02-02,0.1428978893325727,0.1299914432401597,0.1408656588705076,0.1472475755847119,0.1446805476326297,0.1455718767826583,0.1433613804905875,0.11821163719338272,0.006908623186869273
1994-02-03,0.1412934968625213,0.1428978893325727,0.1299914432401597,0.1408656588705076,0.1472475755847119,0.1446805476326297,0.1417926411865373,0.1193168853394181,0.0056859068806213355
1994-02-06,0.1453223046206503,0.1412934968625213,0.1428978893325727,0.1299914432401597,0.1408656588705076,0.1472475755847119,0.14175698802053616,0.11997290359383908,0.005658978508529433
1994-02-08,0.1430761551625784,0.1453223046206503,0.1412934968625213,0.1428978893325727,0.1299914432401597,0.1408656588705076,0.14152778909624314,0.1211696615326107,0.005552319375343552
1994-02-09,0.1485310895607529,0.1430761551625784,0.1453223046206503,0.1412934968625213,0.1428978893325727,0.1299914432401597,0.14171114823567757,0.12224519870697845,0.005788845863372689
1994-02-11,0.1428265830005704,0.1485310895607529,0.1430761551625784,0.1453223046206503,0.1412934968625213,0.1428978893325727,0.14199128025425795,0.12259103441718952,0.005788558303420573
1994-02-12,0.1304905875641757,0.1428265830005704,0.1485310895607529,0.1430761551625784,0.1453223046206503,0.1412934968625213,0.14206258658626023,0.12409559802243766,0.0056166225798739335
1994-03-02,0.1430048488305761,0.1304905875641757,0.1428265830005704,0.1485310895607529,0.1430761551625784,0.1453223046206503,0.14207786651454643,0.12589608290549528,0.005619418539821018
1994-03-03,0.1422917855105533,0.1430048488305761,0.1304905875641757,0.1428265830005704,0.1485310895607529,0.1430761551625784,0.14222047917855102,0.1278724567408252,0.005608852308871447
1994-03-05,0.1431831146605818,0.1422917855105533,0.1430048488305761,0.1304905875641757,0.1428265830005704,0.1485310895607529,0.14191488061282695,0.12911318691766488,0.005468195283497769
1994-03-06,0.1449657729606389,0.1431831146605818,0.1422917855105533,0.1430048488305761,0.1304905875641757,0.1428265830005704,0.14218482601254986,0.13033490207263734,0.005580565232080201
1994-03-08,0.1405091272104962,0.1449657729606389,0.1431831146605818,0.1422917855105533,0.1430048488305761,0.1304905875641757,0.1410388313910846,0.13084355390758692,0.004833839564328412
1994-03-10,0.1516329150028522,0.1405091272104962,0.1449657729606389,0.1431831146605818,0.1422917855105533,0.1430048488305761,0.14229687881998204,0.13220669328769724,0.0063002089651110005
1994-03-11,0.1443240159726183,0.1516329150028522,0.1405091272104962,0.1449657729606389,0.1431831146605818,0.1422917855105533,0.14427308287833096,0.13310039931545917,0.0035482129887539904
1994-04-01,0.1427909298345692,0.1443240159726183,0.1516329150028522,0.1405091272104962,0.1449657729606389,0.1431831146605818,0.14424252302175855,0.13500071306331998,0.0035618514659464034
1994-04-02,0.1491371933827723,0.1427909298345692,0.1443240159726183,0.1516329150028522,0.1405091272104962,0.1449657729606389,0.14522043843207552,0.13703650884198512,0.0038639122326553513
1994-04-03,0.1395464917284654,0.1491371933827723,0.1427909298345692,0.1443240159726183,0.1516329150028522,0.1405091272104962,0.14470092087034464,0.13887383532991057,0.004391897843698096
1994-04-05,0.1405091272104962,0.1395464917284654,0.1491371933827723,0.1427909298345692,0.1443240159726183,0.1516329150028522,0.1440642571917528,0.14003850541928117,0.004661834456456656
1994-04-07,0.1466771249286936,0.1405091272104962,0.1395464917284654,0.1491371933827723,0.1427909298345692,0.1443240159726183,0.1449453997229239,0.1404199942954934,0.004456258641915271
1994-04-08,0.1384412435824301,0.1466771249286936,0.1405091272104962,0.1395464917284654,0.1491371933827723,0.1427909298345692,0.14306087523429215,0.14097737212397787,0.003913025367171925
1994-04-10,0.1544851682829435,0.1384412435824301,0.1466771249286936,0.1405091272104962,0.1395464917284654,0.1491371933827723,0.1445124684214815,0.14254373455029468,0.0058600297612119556
1994-04-11,0.1423630918425556,0.1544851682829435,0.1384412435824301,0.1466771249286936,0.1405091272104962,0.1395464917284654,0.14445134870833667,0.14335781517398738,0.005883163378804004
1994-05-01,0.141222190530519,0.1423630918425556,0.1544851682829435,0.1384412435824301,0.1466771249286936,0.1405091272104962,0.14332063401515763,0.14349210876592502,0.0055855524980831925
1994-05-04,0.1559112949229891,0.141222190530519,0.1423630918425556,0.1544851682829435,0.1384412435824301,0.1466771249286936,0.14565846304294672,0.1438688438866704,0.0069906230099874445
1994-05-05,0.1371220764403879,0.1559112949229891,0.141222190530519,0.1423630918425556,0.1544851682829435,0.1384412435824301,0.145174598647217,0.1433637573683209,0.007504756534418775
1994-05-07,0.1474614945807187,0.1371220764403879,0.1559112949229891,0.141222190530519,0.1423630918425556,0.1544851682829435,0.14528665145464914,0.14342674462825625,0.007536717243026196
1994-05-08,0.1391543069024529,0.1474614945807187,0.1371220764403879,0.1559112949229891,0.141222190530519,0.1423630918425556,0.14538851764322383,0.14324253660391703,0.007432877914320464
1994-05-09,0.1474614945807187,0.1391543069024529,0.1474614945807187,0.1371220764403879,0.1559112949229891,0.141222190530519,0.1443851356857631,0.14324966723711724,0.006402952412618572
1994-05-10,0.1541999429549344,0.1474614945807187,0.1391543069024529,0.1474614945807187,0.1371220764403879,0.1559112949229891,0.14607611441610296,0.14369414337326483,0.0072825443647968335
1994-05-12,0.1236451796919566,0.1541999429549344,0.1474614945807187,0.1391543069024529,0.1474614945807187,0.1371220764403879,0.14356511286773688,0.14348260125499138,0.011207609532753866
1994-06-01,0.133628066172276,0.1236451796919566,0.1541999429549344,0.1474614945807187,0.1391543069024529,0.1474614945807187,0.1403817944747779,0.1431736071496482,0.010239182441173368
1994-06-04,0.1516329150028522,0.133628066172276,0.1236451796919566,0.1541999429549344,0.1474614945807187,0.1391543069024529,0.14245477141227278,0.14351825442099253,0.010915787192346557
1994-06-05,0.1353394181403308,0.1516329150028522,0.133628066172276,0.1236451796919566,0.1541999429549344,0.1474614945807187,0.14072304620650308,0.14318549153831522,0.010950611323518388
1994-06-06,0.1426483171705647,0.1353394181403308,0.1516329150028522,0.133628066172276,0.1236451796919566,0.1541999429549344,0.14122219053051904,0.14317123027191475,0.01094681871626189
1994-06-07,0.144252709640616,0.1426483171705647,0.1353394181403308,0.1516329150028522,0.133628066172276,0.1236451796919566,0.14076379268193295,0.14302861760791022,0.010706549949858778
1994-06-09,0.1485310895607529,0.144252709640616,0.1426483171705647,0.1353394181403308,0.1516329150028522,0.133628066172276,0.13995395648276418,0.14321876782658294,0.00968668497587972
1994-06-10,0.1541642897889332,0.1485310895607529,0.144252709640616,0.1426483171705647,0.1353394181403308,0.1516329150028522,0.14431382935376083,0.14400789123407484,0.007809066600569445
1994-06-12,0.1203650884198516,0.1541642897889332,0.1485310895607529,0.144252709640616,0.1426483171705647,0.1353394181403308,0.14241911824627163,0.14325323255371736,0.011547844483680618
1994-07-01,0.1368368511123787,0.1203650884198516,0.1541642897889332,0.1485310895607529,0.144252709640616,0.1426483171705647,0.14030539483334684,0.14307140140711155,0.010917181735944371
1994-07-02,0.1438961779806046,0.1368368511123787,0.1203650884198516,0.1541642897889332,0.1485310895607529,0.144252709640616,0.1415277890962431,0.14309517018444567,0.010746179222488942
1994-07-03,0.141222190530519,0.1438961779806046,0.1368368511123787,0.1203650884198516,0.1541642897889332,0.1485310895607529,0.14132405671909373,0.14297038410344165,0.010734907750253065
1994-07-04,0.1506702795208214,0.141222190530519,0.1438961779806046,0.1368368511123787,0.1203650884198516,0.1541642897889332,0.1422408524162659,0.14330908918045246,0.011286575644771975
1994-07-06,0.1428978893325727,0.1506702795208214,0.141222190530519,0.1438961779806046,0.1368368511123787,0.1203650884198516,0.14143610952652588,0.14301792165810984,0.010959410530501272
1994-07-07,0.1414717626925271,0.1428978893325727,0.1506702795208214,0.141222190530519,0.1438961779806046,0.1368368511123787,0.13962289136989645,0.14292284654877344,0.009448390099443815
1994-07-09,0.1510981175128351,0.1414717626925271,0.1428978893325727,0.1506702795208214,0.141222190530519,0.1438961779806046,0.1440133240974655,0.14319975280471564,0.005188432593265776
1994-07-10,0.1562678265830005,0.1510981175128351,0.1414717626925271,0.1428978893325727,0.1506702795208214,0.141222190530519,0.1467891777361258,0.1434374405780566,0.005863055508131355
1994-07-11,0.1410439247005133,0.1562678265830005,0.1510981175128351,0.1414717626925271,0.1428978893325727,0.1506702795208214,0.146381712981827,0.1434873550104582,0.006187740722918497
1994-07-12,0.1217912150598972,0.1410439247005133,0.1562678265830005,0.1510981175128351,0.1414717626925271,0.1428978893325727,0.14360585934316678,0.14286342460543822,0.011209097374338998
1994-08-02,0.1409369652025099,0.1217912150598972,0.1410439247005133,0.1562678265830005,0.1510981175128351,0.1414717626925271,0.14221538586912225,0.14267208594789876,0.010782286645218462
1994-08-03,0.1393325727324586,0.1409369652025099,0.1217912150598972,0.1410439247005133,0.1562678265830005,0.1510981175128351,0.14170605492624883,0.1427017969195664,0.010828781913152168
1994-08-04,0.1494580718767826,0.1393325727324586,0.1409369652025099,0.1217912150598972,0.1410439247005133,0.1562678265830005,0.1428469562382853,0.14253422703936103,0.011213848504264568
1994-08-06,0.1446448944666286,0.1494580718767826,0.1393325727324586,0.1409369652025099,0.1217912150598972,0.1410439247005133,0.14192506723168438,0.14261028712683016,0.01067476895745653
1994-08-07,0.1414004563605248,0.1446448944666286,0.1494580718767826,0.1393325727324586,0.1409369652025099,0.1217912150598972,0.13980115719990213,0.14261622932116366,0.008628322237116796
1994-08-08,0.1369438106103822,0.1414004563605248,0.1446448944666286,0.1494580718767826,0.1393325727324586,0.1409369652025099,0.1392154266155977,0.14198397984407676,0.008668968258636623
1994-08-09,0.1510981175128351,0.1369438106103822,0.1414004563605248,0.1446448944666286,0.1494580718767826,0.1393325727324586,0.14340212696601742,0.142449847879825,0.005256774040344861
1994-08-11,0.1402952082144894,0.1510981175128351,0.1369438106103822,0.1414004563605248,0.1446448944666286,0.1494580718767826,0.1433104473963002,0.14221097166761737,0.005312236275356416
1994-08-12,0.1200798630918425,0.1402952082144894,0.1510981175128351,0.1369438106103822,0.1414004563605248,0.1446448944666286,0.1405600603047836,0.14157515687393035,0.010329595681699793
1994-09-02,0.1416500285225327,0.1200798630918425,0.1402952082144894,0.1510981175128351,0.1369438106103822,0.1414004563605248,0.13944462553989073,0.1413814413386575,0.009604750035455741
1994-09-03,0.1405804335424985,0.1416500285225327,0.1200798630918425,0.1402952082144894,0.1510981175128351,0.1369438106103822,0.13886398826501503,0.14092745769157627,0.009357658404172674
1994-09-05,0.1469980034227039,0.1405804335424985,0.1416500285225327,0.1200798630918425,0.1402952082144894,0.1510981175128351,0.13966363784532634,0.14170588514926788,0.009837403797767767
1994-09-06,0.1455718767826583,0.1469980034227039,0.1405804335424985,0.1416500285225327,0.1200798630918425,0.1402952082144894,0.14089621872708005,0.14210401216961394,0.009979329625315501
1994-09-08,0.1369438106103822,0.1455718767826583,0.1469980034227039,0.1405804335424985,0.1416500285225327,0.1200798630918425,0.1388741748838725,0.1416143753565316,0.008948410292554864
1994-09-09,0.1489589275527666,0.1369438106103822,0.1455718767826583,0.1469980034227039,0.1405804335424985,0.1416500285225327,0.14011184907505495,0.14206835900361278,0.009741700052051107
1994-09-11,0.1400456360524814,0.1489589275527666,0.1369438106103822,0.1455718767826583,0.1469980034227039,0.1405804335424985,0.14296410235514623,0.14198160296634335,0.004304664132096278
1994-09-12,0.1211494580718767,0.1400456360524814,0.1489589275527666,0.1369438106103822,0.1455718767826583,0.1469980034227039,0.14003544943362395,0.14121149458071872,0.009356759226764296
1994-10-01,0.1297775242441528,0.1211494580718767,0.1400456360524814,0.1489589275527666,0.1369438106103822,0.1455718767826583,0.1384921766767174,0.14058637573683205,0.010112284981350287
1994-10-02,0.1434326868225898,0.1297775242441528,0.1211494580718767,0.1400456360524814,0.1489589275527666,0.1369438106103822,0.13798284573384395,0.14022865563795392,0.009693584399551904
1994-10-03,0.1435396463205932,0.1434326868225898,0.1297775242441528,0.1211494580718767,0.1400456360524814,0.1489589275527666,0.1376925270964061,0.141001140901312,0.009455933914653315
1994-10-05,0.1468910439247005,0.1435396463205932,0.1434326868225898,0.1297775242441528,0.1211494580718767,0.1400456360524814,0.139113560427023,0.1413362806617227,0.010053232503085914
1994-10-06,0.1467127780946947,0.1468910439247005,0.1435396463205932,0.1434326868225898,0.1297775242441528,0.1211494580718767,0.13879268193301272,0.14143016733219235,0.00971683261863297
1994-10-08,0.1385838562464346,0.1467127780946947,0.1468910439247005,0.1435396463205932,0.1434326868225898,0.1297775242441528,0.1385838562464346,0.14134222285605624,0.009701112254113268
1994-10-10,0.1548060467769537,0.1385838562464346,0.1467127780946947,0.1468910439247005,0.1435396463205932,0.1434326868225898,0.1433919403471599,0.14148008176459398,0.007767957589388683
1994-10-11,0.1377281802624072,0.1548060467769537,0.1385838562464346,0.1467127780946947,0.1468910439247005,0.1435396463205932,0.1445277483497677,0.1413077581289218,0.0057697837106129605
1994-11-01,0.1344480889903023,0.1377281802624072,0.1548060467769537,0.1385838562464346,0.1467127780946947,0.1468910439247005,0.1432442343737266,0.14107363567218098,0.006935547810270132
1994-11-02,0.1405091272104962,0.1344480889903023,0.1377281802624072,0.1548060467769537,0.1385838562464346,0.1467127780946947,0.14281130307228418,0.14072066932876967,0.007008238924828498
1994-11-03,0.1487806617227609,0.1405091272104962,0.1344480889903023,0.1377281802624072,0.1548060467769537,0.1385838562464346,0.14308124847200707,0.14047109716676168,0.00722462617958198
1994-11-04,0.1491371933827723,0.1487806617227609,0.1405091272104962,0.1344480889903023,0.1377281802624072,0.1548060467769537,0.14342759351316103,0.14074087278950362,0.007481289079622159
1994-11-05,0.1423630918425556,0.1491371933827723,0.1487806617227609,0.1405091272104962,0.1344480889903023,0.1377281802624072,0.1439674843126069,0.14142660201559226,0.007204733586649766
1994-11-07,0.1417569880205362,0.1423630918425556,0.1491371933827723,0.1487806617227609,0.1405091272104962,0.1344480889903023,0.1421033330616901,0.14145393610952647,0.005393445940634499
1994-11-08,0.1370151169423844,0.1417569880205362,0.1423630918425556,0.1491371933827723,0.1487806617227609,0.1405091272104962,0.1420014668731154,0.14137668758319066,0.005495617934687429
1994-11-10,0.1528094694808899,0.1370151169423844,0.1417569880205362,0.1423630918425556,0.1491371933827723,0.1487806617227609,0.14462452122891364,0.14148840083666092,0.005668735937271533
1994-11-11,0.1392612664004563,0.1528094694808899,0.1370151169423844,0.1417569880205362,0.1423630918425556,0.1491371933827723,0.14444625539890793,0.1413089465677885,0.005836851123739547
1994-12-01,0.136658585282373,0.1392612664004563,0.1528094694808899,0.1370151169423844,0.1417569880205362,0.1423630918425556,0.14271453019313823,0.14115088419851676,0.006127555366129027
1994-12-04,0.142969195664575,0.136658585282373,0.1392612664004563,0.1528094694808899,0.1370151169423844,0.1417569880205362,0.1418333876619672,0.14135173036698986,0.00545681493674148
1994-12-05,0.147283228750713,0.142969195664575,0.136658585282373,0.1392612664004563,0.1528094694808899,0.1370151169423844,0.14253626436313255,0.14122456740825248,0.005839847419488191
1994-12-07,0.1441457501426126,0.147283228750713,0.142969195664575,0.136658585282373,0.1392612664004563,0.1528094694808899,0.14287751609485774,0.14135291880585657,0.005856490856915237
1994-12-08,0.1397960638904734,0.1441457501426126,0.147283228750713,0.142969195664575,0.136658585282373,0.1392612664004563,0.143274794230299,0.14201012549914427,0.005474390763507694
1994-12-09,0.1510981175128351,0.1397960638904734,0.1441457501426126,0.147283228750713,0.142969195664575,0.136658585282373,0.14303031537771976,0.14232506179882104,0.004994825507009011
1994-12-10,0.1510268111808328,0.1510981175128351,0.1397960638904734,0.1441457501426126,0.147283228750713,0.142969195664575,0.14471110748920216,0.1426732743867655,0.005471935537431243
1994-12-12,0.1232173416999429,0.1510268111808328,0.1510981175128351,0.1397960638904734,0.1441457501426126,0.147283228750713,0.14279092983456926,0.14188058566267345,0.009582812300237078
1995-01-02,0.1214346833998858,0.1232173416999429,0.1510268111808328,0.1510981175128351,0.1397960638904734,0.1441457501426126,0.13971457093961365,0.14107601254991436,0.012521923069882182
1995-01-03,0.114125784369652,0.1214346833998858,0.1232173416999429,0.1510268111808328,0.1510981175128351,0.1397960638904734,0.13497779317089068,0.14031541167522338,0.015172526244597691
1995-01-05,0.1578009127210496,0.114125784369652,0.1214346833998858,0.1232173416999429,0.1510268111808328,0.1510981175128351,0.13692853068209596,0.14061014451416615,0.01727926999306845
1995-01-06,0.1422917855105533,0.1578009127210496,0.114125784369652,0.1214346833998858,0.1232173416999429,0.1510268111808328,0.13728506234210738,0.14068501616276852,0.017373787635601216
1995-01-08,0.1339845978322875,0.1422917855105533,0.1578009127210496,0.114125784369652,0.1214346833998858,0.1232173416999429,0.13484027381631483,0.1411128541547822,0.016275465262791267
1995-01-09,0.1452153451226468,0.1339845978322875,0.1422917855105533,0.1578009127210496,0.114125784369652,0.1214346833998858,0.1340100643794311,0.14162744818406534,0.015438901061479238
1995-01-11,0.1447875071306331,0.1452153451226468,0.1339845978322875,0.1422917855105533,0.1578009127210496,0.114125784369652,0.13709151658381544,0.1416726088610001,0.015074044864825146
1995-01-12,0.1406873930405019,0.1447875071306331,0.1452153451226468,0.1339845978322875,0.1422917855105533,0.1578009127210496,0.13984190367533203,0.14157753375166374,0.013405238214908112
1995-02-02,0.1213277239018824,0.1406873930405019,0.1447875071306331,0.1452153451226468,0.1339845978322875,0.1422917855105533,0.14087075217993636,0.14072542308423647,0.011197089096518434
1995-02-03,0.1120935539075869,0.1213277239018824,0.1406873930405019,0.1447875071306331,0.1452153451226468,0.1339845978322875,0.13434112949229884,0.13957144894466625,0.012879530418265998
1995-02-05,0.1638619509412436,0.1120935539075869,0.1213277239018824,0.1406873930405019,0.1447875071306331,0.1452153451226468,0.13742258169668317,0.14041405210115984,0.01701515185971368
1995-02-06,0.145500570450656,0.1638619509412436,0.1120935539075869,0.1213277239018824,0.1406873930405019,0.1447875071306331,0.13906772064216438,0.14010386955694992,0.01718323383932997
1995-02-08,0.1382629777524244,0.145500570450656,0.1638619509412436,0.1120935539075869,0.1213277239018824,0.1406873930405019,0.13807452530356118,0.14012169613995049,0.016968256719355833
1995-02-10,0.1480675984027381,0.1382629777524244,0.145500570450656,0.1638619509412436,0.1120935539075869,0.1213277239018824,0.13854310977100476,0.1405756797870317,0.017227839880538158
1995-02-11,0.1439674843126069,0.1480675984027381,0.1382629777524244,0.145500570450656,0.1638619509412436,0.1120935539075869,0.13901169423844834,0.14069095835710205,0.017340125385468367
1995-03-01,0.127281802624073,0.1439674843126069,0.1480675984027381,0.1382629777524244,0.145500570450656,0.1638619509412436,0.13986227691304698,0.1399743297204791,0.01645135660322438
1995-03-02,0.1234669138619509,0.127281802624073,0.1439674843126069,0.1480675984027381,0.1382629777524244,0.145500570450656,0.14148704262081327,0.13911865373645177,0.013559189451598487
1995-03-03,0.1127353108956075,0.1234669138619509,0.127281802624073,0.1439674843126069,0.1480675984027381,0.1382629777524244,0.1341832369000081,0.13813106103822015,0.013264716483374675
1995-03-04,0.1436822589845978,0.1127353108956075,0.1234669138619509,0.127281802624073,0.1439674843126069,0.1480675984027381,0.13392347811914265,0.1381952367370222,0.01302173362628239
1995-03-05,0.1643967484312606,0.1436822589845978,0.1127353108956075,0.1234669138619509,0.127281802624073,0.1439674843126069,0.13765687393040496,0.13910795778665141,0.017462409705165466
1995-03-07,0.1359098687963491,0.1643967484312606,0.1436822589845978,0.1127353108956075,0.1234669138619509,0.127281802624073,0.13592005541520652,0.13854463776383336,0.016848182836153813
1995-03-08,0.1379064460924129,0.1359098687963491,0.1643967484312606,0.1436822589845978,0.1127353108956075,0.1234669138619509,0.13505419281232167,0.1384994770868986,0.016518192995487745
1995-03-10,0.1450370792926411,0.1379064460924129,0.1359098687963491,0.1643967484312606,0.1436822589845978,0.1127353108956075,0.1375906609078314,0.1387787602205742,0.016488968430745935
1995-03-11,0.1456788362806617,0.1450370792926411,0.1379064460924129,0.1359098687963491,0.1643967484312606,0.1436822589845978,0.14076379268193295,0.13886908157444375,0.015420621868760134
1995-04-01,0.1227538505419281,0.1456788362806617,0.1450370792926411,0.1379064460924129,0.1359098687963491,0.1643967484312606,0.14219501263140732,0.13805143563415093,0.01259098198281347
1995-04-04,0.1404021677124928,0.1227538505419281,0.1456788362806617,0.1450370792926411,0.1379064460924129,0.1359098687963491,0.14172642816396375,0.13792664955314693,0.01258744318170231
1995-04-05,0.1676768397033656,0.1404021677124928,0.1227538505419281,0.1456788362806617,0.1450370792926411,0.1379064460924129,0.14219501263140732,0.13885600874691,0.013592925815389536
1995-04-07,0.1354107244723331,0.1676768397033656,0.1404021677124928,0.1227538505419281,0.1456788362806617,0.1450370792926411,0.14212370629940504,0.13833309564555993,0.013632643018280302
1995-04-08,0.1401525955504848,0.1354107244723331,0.1676768397033656,0.1404021677124928,0.1227538505419281,0.1456788362806617,0.14244458479341532,0.137970621791215,0.013542974727749651
1995-04-09,0.1438961779806046,0.1401525955504848,0.1354107244723331,0.1676768397033656,0.1404021677124928,0.1227538505419281,0.1422815988916958,0.13865991633390376,0.013513407731350008
1995-04-10,0.1448588134626354,0.1438961779806046,0.1401525955504848,0.1354107244723331,0.1676768397033656,0.1404021677124928,0.14216445277483492,0.13944072066932872,0.013482568262149153
1995-04-12,0.1395108385624643,0.1448588134626354,0.1438961779806046,0.1401525955504848,0.1354107244723331,0.1676768397033656,0.1445583082063401,0.14028688914242246,0.010652341403156086
1995-05-01,0.1194737592698231,0.1395108385624643,0.1448588134626354,0.1438961779806046,0.1401525955504848,0.1354107244723331,0.14156853557167298,0.1390093173607149,0.014319125746772575
1995-05-04,0.1458571021106674,0.1194737592698231,0.1395108385624643,0.1448588134626354,0.1438961779806046,0.1401525955504848,0.13845143020128753,0.1391281612473854,0.009119192307136275
1995-05-05,0.1699229891614375,0.1458571021106674,0.1194737592698231,0.1395108385624643,0.1448588134626354,0.1438961779806046,0.14338175372830245,0.1403261076250237,0.014776188680282992
1995-05-06,0.1411152310325157,0.1699229891614375,0.1458571021106674,0.1194737592698231,0.1395108385624643,0.1448588134626354,0.1435192730828783,0.14018943715535268,0.014745574438199559
1995-05-07,0.1354463776383342,0.1411152310325157,0.1699229891614375,0.1458571021106674,0.1194737592698231,0.1395108385624643,0.14231215874826825,0.13987806617227605,0.015052250670657161
1995-05-09,0.1430761551625784,0.1354463776383342,0.1411152310325157,0.1699229891614375,0.1458571021106674,0.1194737592698231,0.1420574932768315,0.13995769157634527,0.015017022342907369
1995-05-10,0.1453936109526525,0.1430761551625784,0.1354463776383342,0.1411152310325157,0.1699229891614375,0.1458571021106674,0.1428978893325727,0.14075988781137092,0.01501535953883798
1995-05-12,0.1407586993725042,0.1453936109526525,0.1430761551625784,0.1354463776383342,0.1411152310325157,0.1699229891614375,0.14593859506152712,0.14171539266020153,0.011135013528365875
1995-06-01,0.1223260125499144,0.1407586993725042,0.1453936109526525,0.1430761551625784,0.1354463776383342,0.1411152310325157,0.14257701083856242,0.14033086138049053,0.01427338332942064
1995-06-02,0.1220407872219053,0.1223260125499144,0.1407586993725042,0.1453936109526525,0.1430761551625784,0.1354463776383342,0.1357366962757721,0.13954886860619886,0.00973637044611921
1995-06-03,0.1122005134055904,0.1220407872219053,0.1223260125499144,0.1407586993725042,0.1453936109526525,0.1430761551625784,0.13160602232906848,0.1386801197946377,0.012743413030370953
1995-06-04,0.1459284084426697,0.1122005134055904,0.1220407872219053,0.1223260125499144,0.1407586993725042,0.1453936109526525,0.13310345530111642,0.13860881346263546,0.013838676059754751
1995-06-06,0.1451440387906445,0.1459284084426697,0.1122005134055904,0.1220407872219053,0.1223260125499144,0.1407586993725042,0.133398867247983,0.13864803194523667,0.014106521903207285
1995-06-07,0.1355176839703365,0.1451440387906445,0.1459284084426697,0.1122005134055904,0.1220407872219053,0.1223260125499144,0.13198802053622358,0.13892256132344546,0.0131696991226557
1995-06-09,0.1405091272104962,0.1355176839703365,0.1451440387906445,0.1459284084426697,0.1122005134055904,0.1220407872219053,0.13195236737022242,0.1394906351017303,0.013142307024485857
1995-06-10,0.1444309754706217,0.1405091272104962,0.1355176839703365,0.1451440387906445,0.1459284084426697,0.1122005134055904,0.13511021921603775,0.14054715725423078,0.013099403030870569
1995-06-11,0.1431831146605818,0.1444309754706217,0.1405091272104962,0.1355176839703365,0.1451440387906445,0.1459284084426697,0.13813055170727725,0.14053051911009692,0.011972683410559038
1995-06-12,0.1420422133485453,0.1431831146605818,0.1444309754706217,0.1405091272104962,0.1355176839703365,0.1451440387906445,0.14239365169912796,0.13978536794067306,0.0035540340455592514
1995-07-02,0.122219053051911,0.1420422133485453,0.1431831146605818,0.1444309754706217,0.1405091272104962,0.1355176839703365,0.13900660092901956,0.1393290074158585,0.008062279277467235
1995-07-03,0.1163006274957215,0.122219053051911,0.1420422133485453,0.1431831146605818,0.1444309754706217,0.1405091272104962,0.13488611360117345,0.13860881346263543,0.011173228854447095
1995-07-04,0.1474258414147176,0.1163006274957215,0.122219053051911,0.1420422133485453,0.1431831146605818,0.1444309754706217,0.13658727895037073,0.13868843886670465,0.012149310034541484
1995-07-06,0.1448588134626354,0.1474258414147176,0.1163006274957215,0.122219053051911,0.1420422133485453,0.1431831146605818,0.13720866270067633,0.13866110477277044,0.012489788969051077
1995-07-07,0.1371220764403879,0.1448588134626354,0.1474258414147176,0.1163006274957215,0.122219053051911,0.1420422133485453,0.1361645342677858,0.13914004563605242,0.012084309641649386
1995-07-08,0.1387977752424415,0.1371220764403879,0.1448588134626354,0.1474258414147176,0.1163006274957215,0.122219053051911,0.13553805720805145,0.1390865658870507,0.011769377000273676
1995-07-09,0.1465701654306902,0.1387977752424415,0.1371220764403879,0.1448588134626354,0.1474258414147176,0.1163006274957215,0.13618490750550075,0.13838301007796153,0.012298942145785892
1995-07-11,0.1430048488305761,0.1465701654306902,0.1387977752424415,0.1371220764403879,0.1448588134626354,0.1474258414147176,0.1391543069024529,0.1386361475565696,0.010780607953176478
1995-07-12,0.1416500285225327,0.1430048488305761,0.1465701654306902,0.1387977752424415,0.1371220764403879,0.1448588134626354,0.14277564990628305,0.13868606198897124,0.0038615224752254276
1995-08-02,0.1210424985738733,0.1416500285225327,0.1430048488305761,0.1465701654306902,0.1387977752424415,0.1371220764403879,0.1390066009290196,0.1379242726754135,0.008570624339192305
1995-08-03,0.1213633770678836,0.1210424985738733,0.1416500285225327,0.1430048488305761,0.1465701654306902,0.1387977752424415,0.1356501100154836,0.13714109146225514,0.010319127444446727
1995-08-06,0.1462136337706788,0.1213633770678836,0.1210424985738733,0.1416500285225327,0.1430048488305761,0.1465701654306902,0.13694890391981088,0.13736451796919563,0.011079407603127823
1995-08-08,0.1409369652025099,0.1462136337706788,0.1213633770678836,0.1210424985738733,0.1416500285225327,0.1430048488305761,0.13725450248553495,0.13807995816695184,0.011168051241978779
1995-08-09,0.1506346263548202,0.1409369652025099,0.1462136337706788,0.1213633770678836,0.1210424985738733,0.1416500285225327,0.13783513976041065,0.13823920897509026,0.011819745995547899
1995-08-11,0.1464632059326868,0.1506346263548202,0.1409369652025099,0.1462136337706788,0.1213633770678836,0.1210424985738733,0.1383291907749979,0.13745721620079857,0.012139792705283562
1995-08-12,0.1417569880205362,0.1464632059326868,0.1506346263548202,0.1409369652025099,0.1462136337706788,0.1213633770678836,0.13834447070328412,0.13747860810039925,0.012144735470161169
1995-09-01,0.1202581289218482,0.1417569880205362,0.1464632059326868,0.1506346263548202,0.1409369652025099,0.1462136337706788,0.13823241789585197,0.13697233314318305,0.012333134411600178
1995-09-02,0.1232886480319452,0.1202581289218482,0.1417569880205362,0.1464632059326868,0.1506346263548202,0.1409369652025099,0.1385074566050036,0.13631274957216194,0.011908396349751124
1995-09-03,0.1197589845978322,0.1232886480319452,0.1202581289218482,0.1417569880205362,0.1464632059326868,0.1506346263548202,0.13472822100888268,0.13545826202700129,0.013184593951494251
1995-09-05,0.1657159155733029,0.1197589845978322,0.1232886480319452,0.1202581289218482,0.1417569880205362,0.1464632059326868,0.1382680710618531,0.13629016923369455,0.01768698225234169
1995-09-06,0.1452153451226468,0.1657159155733029,0.1197589845978322,0.1232886480319452,0.1202581289218482,0.1417569880205362,0.13749388802868548,0.13705314698611898,0.017166408373369618
1995-09-08,0.1432900741585852,0.1452153451226468,0.1657159155733029,0.1197589845978322,0.1232886480319452,0.1202581289218482,0.1370405834895281,0.13776145655067498,0.016930358204522402
1995-09-10,0.1487093553907586,0.1432900741585852,0.1452153451226468,0.1657159155733029,0.1197589845978322,0.1232886480319452,0.1380337788281313,0.13897841795018057,0.0174491302587411
1995-09-11,0.1456788362806617,0.1487093553907586,0.1432900741585852,0.1452153451226468,0.1657159155733029,0.1197589845978322,0.14166530845081896,0.13897009887811365,0.015689646282275656
1995-10-01,0.1216129492298916,0.1456788362806617,0.1487093553907586,0.1432900741585852,0.1452153451226468,0.1657159155733029,0.14142592290766842,0.13818572922608854,0.016025939009847886
1995-10-02,0.1243938961779806,0.1216129492298916,0.1456788362806617,0.1487093553907586,0.1432900741585852,0.1452153451226468,0.14208805313340392,0.13781493629967667,0.015047420214286435
1995-10-03,0.118938961779806,0.1243938961779806,0.1216129492298916,0.1456788362806617,0.1487093553907586,0.1432900741585852,0.13540563116290436,0.13709593078532034,0.013061204219033276
1995-10-04,0.1446805476326297,0.118938961779806,0.1243938961779806,0.1216129492298916,0.1456788362806617,0.1487093553907586,0.13532923152147333,0.13710424985738726,0.012995659936556374
1995-10-05,0.1498502567027951,0.1446805476326297,0.118938961779806,0.1243938961779806,0.1216129492298916,0.1456788362806617,0.13626640045636046,0.13732648792546107,0.013872395975796563
1995-10-07,0.1389047347404449,0.1498502567027951,0.1446805476326297,0.118938961779806,0.1243938961779806,0.1216129492298916,0.1348657403634585,0.13722190530519104,0.012865075204340258
1995-10-08,0.1420065601825441,0.1389047347404449,0.1498502567027951,0.1446805476326297,0.118938961779806,0.1243938961779806,0.13434112949229884,0.13788148887621215,0.01241774743724367
1995-10-10,0.1484241300627495,0.1420065601825441,0.1389047347404449,0.1498502567027951,0.1446805476326297,0.118938961779806,0.13817129818270713,0.13895227229511306,0.01196408302230087
1995-10-11,0.1482102110667427,0.1484241300627495,0.1420065601825441,0.1389047347404449,0.1498502567027951,0.1446805476326297,0.14157362888110173,0.13897841795018057,0.010714224828172173
1995-11-01,0.1214346833998858,0.1482102110667427,0.1484241300627495,0.1420065601825441,0.1389047347404449,0.1498502567027951,0.14193016054111313,0.1381976136147556,0.009841467103947574
1995-11-04,0.1404021677124928,0.1214346833998858,0.1482102110667427,0.1484241300627495,0.1420065601825441,0.1389047347404449,0.141318963409665,0.13830694999049242,0.009774814984994232
1995-11-05,0.1480675984027381,0.1404021677124928,0.1214346833998858,0.1482102110667427,0.1484241300627495,0.1420065601825441,0.14106429793822828,0.13861594409583564,0.009535802495902317
1995-11-07,0.1373003422703936,0.1480675984027381,0.1404021677124928,0.1214346833998858,0.1482102110667427,0.1484241300627495,0.14083509901393523,0.13830694999049245,0.009615309836237472
1995-11-08,0.1440744438106103,0.1373003422703936,0.1480675984027381,0.1404021677124928,0.1214346833998858,0.1482102110667427,0.1411305109608018,0.13834260315649358,0.009688784369868007
1995-11-09,0.1471049629207073,0.1440744438106103,0.1373003422703936,0.1480675984027381,0.1404021677124928,0.1214346833998858,0.14094205851193867,0.1385244343030994,0.009534882028053101
1995-11-10,0.1478180262407301,0.1471049629207073,0.1440744438106103,0.1373003422703936,0.1480675984027381,0.1404021677124928,0.14088603210822256,0.13941695189199463,0.009486084278874192
1995-11-12,0.1419352538505419,0.1478180262407301,0.1471049629207073,0.1440744438106103,0.1373003422703936,0.1480675984027381,0.14381468502974487,0.14010268111808324,0.00413565016701166
1995-12-01,0.1235738733599543,0.1419352538505419,0.1478180262407301,0.1471049629207073,0.1440744438106103,0.1373003422703936,0.14141064297938222,0.13934802243772573,0.008757957040842637
1995-12-04,0.1449301197946377,0.1235738733599543,0.1419352538505419,0.1478180262407301,0.1471049629207073,0.1440744438106103,0.1409624317496536,0.13948112759079664,0.008434811572434694
1995-12-05,0.1468197375926982,0.1449301197946377,0.1235738733599543,0.1419352538505419,0.1478180262407301,0.1471049629207073,0.14232234536712568,0.1393539646320593,0.008513008228889065
1995-12-06,0.1483171705647461,0.1468197375926982,0.1449301197946377,0.1235738733599543,0.1419352538505419,0.1478180262407301,0.1429284491891451,0.13941576345312792,0.008804585944492063
1995-12-07,0.1385482030804335,0.1483171705647461,0.1468197375926982,0.1449301197946377,0.1235738733599543,0.1419352538505419,0.14170605492624883,0.1393088039551245,0.008721696669885313
1995-12-09,0.1515616086708499,0.1385482030804335,0.1483171705647461,0.1468197375926982,0.1449301197946377,0.1235738733599543,0.14224085241626597,0.1403522532800912,0.009257264215966638
1995-12-10,0.1479962920707358,0.1515616086708499,0.1385482030804335,0.1483171705647461,0.1468197375926982,0.1449301197946377,0.1431067150191508,0.14117584141471756,0.009504080819913018
1995-12-12,0.1410439247005133,0.1479962920707358,0.1515616086708499,0.1385482030804335,0.1483171705647461,0.1468197375926982,0.14560243663923064,0.14188533941814024,0.0044923662875568735
1996-01-02,0.154128636622932,0.1410439247005133,0.1479962920707358,0.1515616086708499,0.1385482030804335,0.1483171705647461,0.14691651047184412,0.14149909678646122,0.005496130079869348
1996-01-03,0.1516329150028522,0.154128636622932,0.1410439247005133,0.1479962920707358,0.1515616086708499,0.1385482030804335,0.14760410724472325,0.1417130157824681,0.0057759596112466095
1996-01-04,0.1513833428408442,0.1516329150028522,0.154128636622932,0.1410439247005133,0.1479962920707358,0.1515616086708499,0.14804213185559442,0.14198279140521003,0.005952609512628717
1996-01-05,0.144502281802624,0.1513833428408442,0.1516329150028522,0.154128636622932,0.1410439247005133,0.1479962920707358,0.14889271453019307,0.14184255561893888,0.0046535430706864675
1996-01-07,0.134626354820308,0.144502281802624,0.1513833428408442,0.1516329150028522,0.154128636622932,0.1410439247005133,0.1464733925515442,0.14147413957026042,0.006896460085285785
1996-01-08,0.1382629777524244,0.134626354820308,0.144502281802624,0.1513833428408442,0.1516329150028522,0.154128636622932,0.14508291907749973,0.14202914052101157,0.0074936055307349755
1996-01-10,0.1274957216200798,0.1382629777524244,0.134626354820308,0.144502281802624,0.1513833428408442,0.1516329150028522,0.14314746149458066,0.14213253470241485,0.010030776054586608
1996-01-11,0.1258200228180262,0.1274957216200798,0.1382629777524244,0.134626354820308,0.144502281802624,0.1513833428408442,0.13910337380816554,0.14236190340368884,0.010558331756848269
1996-02-01,0.1387977752424415,0.1258200228180262,0.1274957216200798,0.1382629777524244,0.134626354820308,0.144502281802624,0.13726978241382118,0.14216581099068257,0.009022562487547422
1996-02-02,0.1624358243011979,0.1387977752424415,0.1258200228180262,0.1274957216200798,0.1382629777524244,0.134626354820308,0.13884870833672883,0.14258532991062933,0.012282276050675056
1996-02-04,0.1517398745008556,0.1624358243011979,0.1387977752424415,0.1258200228180262,0.1274957216200798,0.1382629777524244,0.13988265015076193,0.14301316790264304,0.013113999214091189
1996-02-05,0.1466414717626925,0.1517398745008556,0.1624358243011979,0.1387977752424415,0.1258200228180262,0.1274957216200798,0.14159909542824542,0.14316766495531466,0.01309765621889308
1996-02-07,0.1353394181403308,0.1466414717626925,0.1517398745008556,0.1624358243011979,0.1387977752424415,0.1258200228180262,0.14118144405508917,0.142731507891234,0.013267280809603712
1996-02-08,0.1373716486023958,0.1353394181403308,0.1466414717626925,0.1517398745008556,0.1624358243011979,0.1387977752424415,0.14259229076684862,0.1423702224757558,0.012037487031491196
1996-02-09,0.139439532230462,0.1373716486023958,0.1353394181403308,0.1466414717626925,0.1517398745008556,0.1624358243011979,0.14453793496862516,0.14297038410344165,0.009759941588983252
1996-02-10,0.129813177410154,0.139439532230462,0.1373716486023958,0.1353394181403308,0.1466414717626925,0.1517398745008556,0.1432544209925841,0.1426174177600304,0.011134600378317872
1996-02-12,0.1233956075299486,0.129813177410154,0.139439532230462,0.1373716486023958,0.1353394181403308,0.1466414717626925,0.13767724716811988,0.14179501806427072,0.009596771311984427
1996-03-01,0.1453936109526525,0.1233956075299486,0.129813177410154,0.139439532230462,0.1373716486023958,0.1353394181403308,0.1367706380898052,0.14206479368701266,0.008252467510759476
1996-03-04,0.1510981175128351,0.1453936109526525,0.1233956075299486,0.129813177410154,0.139439532230462,0.1373716486023958,0.13740730176839697,0.1422989161437535,0.00925225418334099
1996-03-05,0.147532800912721,0.1510981175128351,0.1453936109526525,0.1233956075299486,0.129813177410154,0.139439532230462,0.13914921359302415,0.14231317741015395,0.009921651722604119
1996-03-06,0.1466058185966914,0.147532800912721,0.1510981175128351,0.1453936109526525,0.1233956075299486,0.129813177410154,0.14046838073506637,0.142272770488686,0.010254225508476928
1996-03-07,0.1378351397604107,0.1466058185966914,0.147532800912721,0.1510981175128351,0.1453936109526525,0.1233956075299486,0.14023918181077333,0.14213610001901497,0.010298887872234049
1996-03-09,0.1399743297204791,0.1378351397604107,0.1466058185966914,0.147532800912721,0.1510981175128351,0.1453936109526525,0.14169077499796262,0.14268278189769915,0.009246812674550856
1996-03-10,0.129813177410154,0.1399743297204791,0.1378351397604107,0.1466058185966914,0.147532800912721,0.1510981175128351,0.14260757069513483,0.14217888381821633,0.0072284373501717925
1996-03-12,0.1225755847119224,0.129813177410154,0.1399743297204791,0.1378351397604107,0.1466058185966914,0.147532800912721,0.13934785266074481,0.14137074538885713,0.010268397713545166
1996-04-01,0.1453223046206503,0.1225755847119224,0.129813177410154,0.1399743297204791,0.1378351397604107,0.1466058185966914,0.13852273653328984,0.14127091652405396,0.009358593068954512
1996-04-03,0.1504920136908157,0.1453223046206503,0.1225755847119224,0.129813177410154,0.1399743297204791,0.1378351397604107,0.1389454812158748,0.14166904354440002,0.009885434819869168
1996-04-04,0.1516329150028522,0.1504920136908157,0.1453223046206503,0.1225755847119224,0.129813177410154,0.1399743297204791,0.13966363784532634,0.14167142042213346,0.010684965248479589
1996-04-06,0.1458214489446662,0.1516329150028522,0.1504920136908157,0.1453223046206503,0.1225755847119224,0.129813177410154,0.14080453915736285,0.14159892565126447,0.010881747223594513
1996-04-07,0.1355889903023388,0.1458214489446662,0.1516329150028522,0.1504920136908157,0.1453223046206503,0.1225755847119224,0.1401780620976285,0.1414170945046586,0.011062247537116895
1996-04-09,0.1383699372504278,0.1355889903023388,0.1458214489446662,0.1516329150028522,0.1504920136908157,0.1453223046206503,0.14140045636052476,0.14089180452557518,0.010162173899444907
1996-04-10,0.129314033086138,0.1383699372504278,0.1355889903023388,0.1458214489446662,0.1516329150028522,0.1504920136908157,0.14236309184255558,0.14014784179501802,0.008214193363296717
1996-04-11,0.126283513976041,0.129314033086138,0.1383699372504278,0.1355889903023388,0.1458214489446662,0.1516329150028522,0.1396432646076114,0.1393111808328579,0.010023734321112417
1996-04-12,0.1266756988020536,0.126283513976041,0.129314033086138,0.1383699372504278,0.1355889903023388,0.1458214489446662,0.1362409339092168,0.13871696139950557,0.00976629344074159
1996-05-01,0.1507415858528237,0.1266756988020536,0.126283513976041,0.129314033086138,0.1383699372504278,0.1355889903023388,0.13611360117349844,0.13925413576725607,0.009535243877738861
1996-05-02,0.1613662293211637,0.1507415858528237,0.1266756988020536,0.126283513976041,0.129314033086138,0.1383699372504278,0.13833428408442666,0.1400242441528807,0.013256810493274514
1996-05-03,0.1453936109526525,0.1613662293211637,0.1507415858528237,0.1266756988020536,0.126283513976041,0.129314033086138,0.13973494417732862,0.14062084046396647,0.013435169417980793
1996-05-06,0.1402239018824871,0.1453936109526525,0.1613662293211637,0.1507415858528237,0.1266756988020536,0.126283513976041,0.1399997962676228,0.1411009697661152,0.013422043268804038
1996-05-07,0.1355533371363377,0.1402239018824871,0.1453936109526525,0.1613662293211637,0.1507415858528237,0.1266756988020536,0.14089112541765134,0.14099282182924505,0.012786266483467371
1996-05-08,0.1365872789503707,0.1355533371363377,0.1402239018824871,0.1453936109526525,0.1613662293211637,0.1507415858528237,0.14236309184255558,0.14013120365088413,0.011335090426120386
1996-05-09,0.1399743297204791,0.1365872789503707,0.1355533371363377,0.1402239018824871,0.1453936109526525,0.1613662293211637,0.1442628962594735,0.13973901882487158,0.009176534713794081
1996-05-11,0.1269252709640616,0.1399743297204791,0.1365872789503707,0.1355533371363377,0.1402239018824871,0.1453936109526525,0.1408605655610789,0.13908181213158388,0.010668033159001515
1996-05-12,0.1241443240159725,0.1269252709640616,0.1399743297204791,0.1365872789503707,0.1355533371363377,0.1402239018824871,0.13554315051748017,0.13870864232743862,0.007570422212145815
1996-06-02,0.1597618368511123,0.1241443240159725,0.1269252709640616,0.1399743297204791,0.1365872789503707,0.1355533371363377,0.13759575421726014,0.1394549819357292,0.011575035479602732
1996-06-03,0.145750142612664,0.1597618368511123,0.1241443240159725,0.1269252709640616,0.1399743297204791,0.1365872789503707,0.13838521717871397,0.13966533561513592,0.01196601302094577
1996-06-06,0.1384412435824301,0.145750142612664,0.1597618368511123,0.1241443240159725,0.1269252709640616,0.1399743297204791,0.13879777524244147,0.13995293782087842,0.011901715359536286
1996-06-08,0.1354107244723331,0.1384412435824301,0.145750142612664,0.1597618368511123,0.1241443240159725,0.1269252709640616,0.13862969603129324,0.14035344171895794,0.011946359527139268
1996-06-09,0.1379064460924129,0.1354107244723331,0.1384412435824301,0.145750142612664,0.1597618368511123,0.1241443240159725,0.13833428408442663,0.14010386955694995,0.011933127620882196
1996-06-11,0.1254278379920136,0.1379064460924129,0.1354107244723331,0.1384412435824301,0.145750142612664,0.1597618368511123,0.1381203650884198,0.13924819357292254,0.012182553439894475
1996-06-12,0.1289218482601254,0.1254278379920136,0.1379064460924129,0.1354107244723331,0.1384412435824301,0.145750142612664,0.1388028685518702,0.1386278284845027,0.01137621759661812
1996-07-02,0.1622575584711922,0.1289218482601254,0.1254278379920136,0.1379064460924129,0.1354107244723331,0.1384412435824301,0.1391594002118816,0.13914955314698607,0.01215500091940481
1996-07-03,0.1462136337706788,0.1622575584711922,0.1289218482601254,0.1254278379920136,0.1379064460924129,0.1354107244723331,0.13922561323445515,0.13942883628066166,0.012198073076395241
1996-07-05,0.1492441528807758,0.1462136337706788,0.1622575584711922,0.1289218482601254,0.1254278379920136,0.1379064460924129,0.1407688859913617,0.1397378303860049,0.012753051830449903
1996-07-06,0.1400456360524814,0.1492441528807758,0.1462136337706788,0.1622575584711922,0.1289218482601254,0.1254278379920136,0.14143101621709717,0.14007891234074915,0.012547152841050565
1996-07-08,0.1346976611523103,0.1400456360524814,0.1492441528807758,0.1462136337706788,0.1622575584711922,0.1289218482601254,0.14097261836851108,0.14048298155542874,0.012754285830337353
1996-07-10,0.1279235596120935,0.1346976611523103,0.1400456360524814,0.1492441528807758,0.1462136337706788,0.1622575584711922,0.14132915002852248,0.13990302338847682,0.012273133096011121
1996-07-11,0.12375213918996,0.1279235596120935,0.1346976611523103,0.1400456360524814,0.1492441528807758,0.1462136337706788,0.140590620161356,0.13901169423844834,0.01326003371192567
1996-08-01,0.1518111808328579,0.12375213918996,0.1279235596120935,0.1346976611523103,0.1400456360524814,0.1492441528807758,0.13909828049873682,0.13901763643278184,0.010768984683097161
1996-08-02,0.1562678265830005,0.1518111808328579,0.12375213918996,0.1279235596120935,0.1346976611523103,0.1400456360524814,0.14053459375763994,0.13936584902072632,0.012420079688015092
1996-08-03,0.1482458642327438,0.1562678265830005,0.1518111808328579,0.12375213918996,0.1279235596120935,0.1346976611523103,0.14039198109363535,0.1397877448184065,0.012308636401304718
1996-08-05,0.1501354820308043,0.1482458642327438,0.1562678265830005,0.1518111808328579,0.12375213918996,0.1279235596120935,0.14183338766196718,0.14017992964441903,0.012840609186714235
1996-08-07,0.1371933827723901,0.1501354820308043,0.1482458642327438,0.1562678265830005,0.1518111808328579,0.12375213918996,0.14218991932197858,0.14044257463396076,0.012642578287267453
1996-08-08,0.1343411294922989,0.1371933827723901,0.1501354820308043,0.1482458642327438,0.1562678265830005,0.1518111808328579,0.1431067150191508,0.14071116181783605,0.011627550590904607
1996-08-10,0.1291001140901311,0.1343411294922989,0.1371933827723901,0.1501354820308043,0.1482458642327438,0.1562678265830005,0.14387071143346095,0.14079197566077195,0.010236365133464348
1996-08-11,0.126782658300057,0.1291001140901311,0.1343411294922989,0.1371933827723901,0.1501354820308043,0.1482458642327438,0.1402952082144894,0.1399933447423464,0.01131488672501002
1996-09-01,0.1510624643468339,0.126782658300057,0.1291001140901311,0.1343411294922989,0.1371933827723901,0.1501354820308043,0.13955158503789417,0.13964988590986877,0.010207010733403521
1996-09-02,0.1587635482030804,0.1510624643468339,0.126782658300057,0.1291001140901311,0.1343411294922989,0.1371933827723901,0.14105411131937082,0.140095550484883,0.012266515058127665
1996-09-04,0.152345978322875,0.1587635482030804,0.1510624643468339,0.126782658300057,0.1291001140901311,0.1343411294922989,0.14136989650395235,0.1404996196995626,0.012564110755603082
1996-09-05,0.1483528237307472,0.152345978322875,0.1587635482030804,0.1510624643468339,0.126782658300057,0.1291001140901311,0.14296410235514623,0.1409262692527096,0.012653516205039949
1996-09-07,0.1355889903023388,0.1483528237307472,0.152345978322875,0.1587635482030804,0.1510624643468339,0.126782658300057,0.14314236818515194,0.14089299296444185,0.012519870872352465
1996-09-08,0.1371933827723901,0.1355889903023388,0.1483528237307472,0.152345978322875,0.1587635482030804,0.1510624643468339,0.14429854942547463,0.1408002947328389,0.01132350977620645
1996-09-09,0.1371220764403879,0.1371933827723901,0.1355889903023388,0.1483528237307472,0.152345978322875,0.1587635482030804,0.1457756091598076,0.1411401882487164,0.009117333549231988
1996-09-10,0.1286366229321163,0.1371220764403879,0.1371933827723901,0.1355889903023388,0.1483528237307472,0.152345978322875,0.14257191752913367,0.14128993154592123,0.010744790652381505
1996-09-12,0.1245365088419851,0.1286366229321163,0.1371220764403879,0.1371933827723901,0.1355889903023388,0.1483528237307472,0.13768234047754863,0.14011575394561696,0.009903319926573503
1996-10-01,0.1520964061608671,0.1245365088419851,0.1286366229321163,0.1371220764403879,0.1371933827723901,0.1355889903023388,0.13764668731154753,0.14032729606389044,0.009841989890555819
1996-10-04,0.1494224187107815,0.1520964061608671,0.1245365088419851,0.1286366229321163,0.1371220764403879,0.1371933827723901,0.13779948659440955,0.1406933352348355,0.010042174811341944
1996-10-05,0.1478893325727324,0.1494224187107815,0.1520964061608671,0.1245365088419851,0.1286366229321163,0.1371220764403879,0.1395566783473229,0.1411092888381821,0.010648758047011393
1996-10-06,0.1400456360524814,0.1478893325727324,0.1494224187107815,0.1520964061608671,0.1245365088419851,0.1286366229321163,0.13996414310162167,0.1411805951701844,0.010597704221856241
1996-10-07,0.1371933827723901,0.1400456360524814,0.1478893325727324,0.1494224187107815,0.1520964061608671,0.1245365088419851,0.13997432972047913,0.14157277999619697,0.010594550896321012
1996-10-09,0.1359455219623502,0.1371933827723901,0.1400456360524814,0.1478893325727324,0.1494224187107815,0.1520964061608671,0.1410184581533697,0.14180690245293778,0.0096048886824269
1996-10-10,0.1320236737022247,0.1359455219623502,0.1371933827723901,0.1400456360524814,0.1478893325727324,0.1494224187107815,0.14208805313340392,0.1407991062939722,0.007689457933659991
1996-10-12,0.126283513976041,0.1320236737022247,0.1359455219623502,0.1371933827723901,0.1400456360524814,0.1478893325727324,0.13840049710700017,0.14013476896748425,0.008258293017733329
1996-11-01,0.1527738163148887,0.126283513976041,0.1320236737022247,0.1359455219623502,0.1371933827723901,0.1400456360524814,0.13887926819330124,0.140252424415288,0.009061837730659819
1996-11-03,0.15031374786081,0.1527738163148887,0.126283513976041,0.1320236737022247,0.1359455219623502,0.1371933827723901,0.13922561323445518,0.14059469480889897,0.009499366639179213
1996-11-04,0.1518824871648602,0.15031374786081,0.1527738163148887,0.126283513976041,0.1320236737022247,0.1359455219623502,0.14091659196479497,0.14116752234265065,0.010653136909506372
1996-11-06,0.1389760410724472,0.1518824871648602,0.15031374786081,0.1527738163148887,0.126283513976041,0.1320236737022247,0.14117125743623174,0.1415359383913291,0.010570284020428098
1996-11-07,0.136409013120365,0.1389760410724472,0.1518824871648602,0.15031374786081,0.1527738163148887,0.126283513976041,0.14123747045880528,0.14195783418900923,0.010533481508706867
1996-11-09,0.1361237877923559,0.136409013120365,0.1389760410724472,0.1518824871648602,0.15031374786081,0.1527738163148887,0.14182320104310972,0.1414349210876592,0.010038090237402793
1996-11-10,0.1340915573302909,0.1361237877923559,0.136409013120365,0.1389760410724472,0.1518824871648602,0.15031374786081,0.14293863580800256,0.14069571211256887,0.008308295162485222
1996-11-11,0.127032230462065,0.1340915573302909,0.1361237877923559,0.136409013120365,0.1389760410724472,0.1518824871648602,0.1392612664004563,0.1399885909868796,0.008904944751384548
1996-11-12,0.1281018254420992,0.127032230462065,0.1340915573302909,0.1361237877923559,0.136409013120365,0.1389760410724472,0.13608813462635477,0.13925413576725607,0.00824300375502604
1996-12-01,0.1494224187107815,0.1281018254420992,0.127032230462065,0.1340915573302909,0.1361237877923559,0.136409013120365,0.1357366962757721,0.1396617702985358,0.007473951018549126
1996-12-02,0.1556617227609811,0.1494224187107815,0.1281018254420992,0.127032230462065,0.1340915573302909,0.1361237877923559,0.1381203650884198,0.1403724567408252,0.010660674225330754
1996-12-03,0.1506702795208214,0.1556617227609811,0.1494224187107815,0.1281018254420992,0.127032230462065,0.1340915573302909,0.14015768885991356,0.14109146225518154,0.011600407027948973
1996-12-04,0.1520607529948659,0.1506702795208214,0.1556617227609811,0.1494224187107815,0.1281018254420992,0.127032230462065,0.14243439817455786,0.14193406541167516,0.012223906905041368
1996-12-06,0.1373003422703936,0.1520607529948659,0.1506702795208214,0.1556617227609811,0.1494224187107815,0.1281018254420992,0.14289279602314395,0.14147532800912715,0.011915172657162066
1996-12-07,0.1376925270964061,0.1373003422703936,0.1520607529948659,0.1506702795208214,0.1556617227609811,0.1494224187107815,0.14441569554233552,0.14077296063890468,0.010091900490608763
1996-12-08,0.1345193953223046,0.1376925270964061,0.1373003422703936,0.1520607529948659,0.1506702795208214,0.1556617227609811,0.14533249123950776,0.14017874120555232,0.008534142536689528
1996-12-09,0.1358742156303479,0.1345193953223046,0.1376925270964061,0.1373003422703936,0.1520607529948659,0.1506702795208214,0.14339703365658865,0.1397627876022057,0.008976813014751183
1996-12-11,0.1295279520821448,0.1358742156303479,0.1345193953223046,0.1376925270964061,0.1373003422703936,0.1520607529948659,0.13966363784532634,0.1395607529948659,0.008444526297324525
1996-12-12,0.1268539646320593,0.1295279520821448,0.1358742156303479,0.1345193953223046,0.1376925270964061,0.1373003422703936,0.13626130714693174,0.13921610572352155,0.008059887653338002
1997-01-04,0.1341628636622932,0.1268539646320593,0.1295279520821448,0.1358742156303479,0.1345193953223046,0.1376925270964061,0.13370446581370707,0.13911746529758506,0.004057701456080172
1997-01-05,0.1213277239018824,0.1341628636622932,0.1268539646320593,0.1295279520821448,0.1358742156303479,0.1345193953223046,0.13142266318963405,0.13887383532991057,0.005810861912454384
1997-01-07,0.1202581289218482,0.1213277239018824,0.1341628636622932,0.1268539646320593,0.1295279520821448,0.1358742156303479,0.12893203487898292,0.13873122266590604,0.006383699597779409
1997-01-08,0.1141614375356531,0.1202581289218482,0.1213277239018824,0.1341628636622932,0.1268539646320593,0.1295279520821448,0.12602375519517556,0.1374667237117322,0.007876706560577356
1997-01-09,0.1207929264118653,0.1141614375356531,0.1202581289218482,0.1213277239018824,0.1341628636622932,0.1268539646320593,0.12386928530682091,0.13651240730176836,0.006709357308085008
1997-01-10,0.1395108385624643,0.1207929264118653,0.1141614375356531,0.1202581289218482,0.1213277239018824,0.1341628636622932,0.12529541194686653,0.13623312416809277,0.008836417742748199
1997-01-12,0.1412934968625213,0.1395108385624643,0.1207929264118653,0.1141614375356531,0.1202581289218482,0.1213277239018824,0.12735820226550398,0.1362747195284274,0.010741023991775766
1997-02-01,0.1247147746719908,0.1412934968625213,0.1395108385624643,0.1207929264118653,0.1141614375356531,0.1202581289218482,0.12600847526688935,0.13585876592508078,0.010329162036624854
1997-02-04,0.1320593268682258,0.1247147746719908,0.1412934968625213,0.1395108385624643,0.1207929264118653,0.1141614375356531,0.12754156140493839,0.13572922608860996,0.010315041042790496
1997-02-05,0.1234669138619509,0.1320593268682258,0.1247147746719908,0.1412934968625213,0.1395108385624643,0.1207929264118653,0.1279999592535245,0.13544400076060084,0.0100040316376068
1997-02-06,0.1233956075299486,0.1234669138619509,0.1320593268682258,0.1247147746719908,0.1412934968625213,0.1395108385624643,0.12931912639556672,0.13534773721239773,0.008346634569846004
1997-02-07,0.1202581289218482,0.1233956075299486,0.1234669138619509,0.1320593268682258,0.1247147746719908,0.1412934968625213,0.1292427267541357,0.13426388096596306,0.008439614748074305
1997-02-09,0.1223260125499144,0.1202581289218482,0.1233956075299486,0.1234669138619509,0.1320593268682258,0.1247147746719908,0.12678775160948572,0.13333095645559986,0.007388967870234286
1997-02-10,0.1380847119224186,0.1223260125499144,0.1202581289218482,0.1233956075299486,0.1234669138619509,0.1320593268682258,0.12632935376089963,0.13287103061418515,0.006368082442633149
1997-02-12,0.1441457501426126,0.1380847119224186,0.1223260125499144,0.1202581289218482,0.1233956075299486,0.1234669138619509,0.12910520739955986,0.13304335424985733,0.009166918915409057
1997-03-01,0.1223260125499144,0.1441457501426126,0.1380847119224186,0.1223260125499144,0.1202581289218482,0.1233956075299486,0.12771473392551538,0.132573920897509,0.009379864604657995
1997-03-02,0.1286009697661152,0.1223260125499144,0.1441457501426126,0.1380847119224186,0.1223260125499144,0.1202581289218482,0.12844817048325313,0.1323231602966343,0.009191183224458815
1997-03-03,0.1438961779806046,0.1286009697661152,0.1223260125499144,0.1441457501426126,0.1380847119224186,0.1223260125499144,0.13137682340477544,0.13264998098497807,0.010487616364799885
1997-03-04,0.1279948659440958,0.1438961779806046,0.1286009697661152,0.1223260125499144,0.1441457501426126,0.1380847119224186,0.1324820715508108,0.1326820688343791,0.009479819241439983
1997-03-06,0.1238234455219623,0.1279948659440958,0.1438961779806046,0.1286009697661152,0.1223260125499144,0.1441457501426126,0.13269599054681763,0.13253945617037452,0.009225939681337305
1997-03-07,0.1205790074158585,0.1238234455219623,0.1279948659440958,0.1438961779806046,0.1286009697661152,0.1223260125499144,0.13019517561730906,0.13157800912721043,0.009871779753187178
1997-03-09,0.1198302909298345,0.1205790074158585,0.1238234455219623,0.1279948659440958,0.1438961779806046,0.1286009697661152,0.12672153858691218,0.13038362806617224,0.008297202725805428
1997-03-10,0.1383699372504278,0.1198302909298345,0.1205790074158585,0.1238234455219623,0.1279948659440958,0.1438961779806046,0.12901352782984268,0.12997361665715912,0.009061396856012616
1997-03-11,0.1251782658300057,0.1383699372504278,0.1198302909298345,0.1205790074158585,0.1238234455219623,0.1279948659440958,0.12852457012468416,0.12907753375166375,0.00917895192712066
1997-03-12,0.1441457501426126,0.1251782658300057,0.1383699372504278,0.1198302909298345,0.1205790074158585,0.1238234455219623,0.1285602232906853,0.12930571401407107,0.009248828663862988
1997-04-02,0.1295279520821448,0.1441457501426126,0.1251782658300057,0.1383699372504278,0.1198302909298345,0.1205790074158585,0.12877923559612087,0.12903356151359568,0.009251361118558973
1997-04-03,0.1430048488305761,0.1295279520821448,0.1441457501426126,0.1251782658300057,0.1383699372504278,0.1198302909298345,0.13151943606878,0.1293164099638714,0.01031805393069594
1997-04-04,0.12375213918996,0.1430048488305761,0.1295279520821448,0.1441457501426126,0.1251782658300057,0.1383699372504278,0.13197274060793734,0.1289123407491918,0.0098147248913559
1997-04-06,0.1231103822019395,0.12375213918996,0.1430048488305761,0.1295279520821448,0.1441457501426126,0.1251782658300057,0.13244132507538092,0.12869842175318497,0.009197266447765801
1997-04-07,0.1167997718197375,0.1231103822019395,0.12375213918996,0.1430048488305761,0.1295279520821448,0.1441457501426126,0.1293598728709966,0.12836328199277422,0.01041297726220299
1997-04-08,0.1136622932116371,0.1167997718197375,0.1231103822019395,0.12375213918996,0.1430048488305761,0.1295279520821448,0.12771473392551538,0.12767992964441904,0.01197611071707668
1997-04-09,0.1212564175698802,0.1136622932116371,0.1167997718197375,0.1231103822019395,0.12375213918996,0.1430048488305761,0.12444482927226788,0.12767755276668563,0.009638888149745188
1997-04-11,0.1273174557900741,0.1212564175698802,0.1136622932116371,0.1167997718197375,0.1231103822019395,0.12375213918996,0.12412904408768635,0.12791286366229315,0.009479493588888777
1997-04-12,0.1434326868225898,0.1273174557900741,0.1212564175698802,0.1136622932116371,0.1167997718197375,0.1231103822019395,0.12419016380083117,0.1288885719718577,0.009621791768519057
1997-05-02,0.1277452937820878,0.1434326868225898,0.1273174557900741,0.1212564175698802,0.1136622932116371,0.1167997718197375,0.12476061445684943,0.12912031755086514,0.00970946657466888
1997-05-03,0.1405447803764974,0.1277452937820878,0.1434326868225898,0.1273174557900741,0.1212564175698802,0.1136622932116371,0.12725124276750055,0.12915478227799956,0.011318395562083382
1997-05-06,0.1233956075299486,0.1405447803764974,0.1277452937820878,0.1434326868225898,0.1273174557900741,0.1212564175698802,0.12819350501181642,0.1285581859669138,0.010551888770518663
1997-05-08,0.1153736451796919,0.1233956075299486,0.1405447803764974,0.1277452937820878,0.1434326868225898,0.1273174557900741,0.1284379838643957,0.1282468149838372,0.010172089592937804
1997-05-09,0.1223973188819167,0.1153736451796919,0.1233956075299486,0.1405447803764974,0.1277452937820878,0.1434326868225898,0.12860096976611518,0.12792474805096019,0.01004620349750284
1997-05-11,0.1275670279520821,0.1223973188819167,0.1153736451796919,0.1233956075299486,0.1405447803764974,0.1277452937820878,0.12863662293211633,0.12806141852063124,0.010041330902739112
1997-05-12,0.1439674843126069,0.1275670279520821,0.1223973188819167,0.1153736451796919,0.1233956075299486,0.1405447803764974,0.12871302257354733,0.12874714774671986,0.010173830018485232
1997-06-01,0.120971192241871,0.1439674843126069,0.1275670279520821,0.1223973188819167,0.1153736451796919,0.1233956075299486,0.1277452937820878,0.12877091652405395,0.010594690873609874
1997-06-02,0.1284583571021106,0.120971192241871,0.1439674843126069,0.1275670279520821,0.1223973188819167,0.1153736451796919,0.1260186618857468,0.12897532800912717,0.009030482144047905
1997-06-03,0.1395108385624643,0.1284583571021106,0.120971192241871,0.1439674843126069,0.1275670279520821,0.1223973188819167,0.12832083774753478,0.12902286556379533,0.010225425565356286
1997-06-05,0.1240730176839703,0.1395108385624643,0.1284583571021106,0.120971192241871,0.1439674843126069,0.1275670279520821,0.12956360524814597,0.1283537744818406,0.008821931481969726
1997-06-06,0.1293496862521392,0.1240730176839703,0.1395108385624643,0.1284583571021106,0.120971192241871,0.1439674843126069,0.1305568005867492,0.12858789693858144,0.008253725347028422
1997-06-08,0.1093839132915002,0.1293496862521392,0.1240730176839703,0.1395108385624643,0.1284583571021106,0.120971192241871,0.12795921277809463,0.1279473283894276,0.011553239601007658
1997-06-10,0.1428978893325727,0.1093839132915002,0.1293496862521392,0.1240730176839703,0.1395108385624643,0.1284583571021106,0.1278064134952326,0.12791405210115986,0.011310761380211382
1997-06-11,0.1275670279520821,0.1428978893325727,0.1093839132915002,0.1293496862521392,0.1240730176839703,0.1395108385624643,0.12874867573954848,0.1278997908347594,0.010914226090267756
1997-07-01,0.1216129492298916,0.1275670279520821,0.1428978893325727,0.1093839132915002,0.1293496862521392,0.1240730176839703,0.1277707603292315,0.12782610762502372,0.011246199839339341
1997-07-02,0.125784369652025,0.1216129492298916,0.1275670279520821,0.1428978893325727,0.1093839132915002,0.1293496862521392,0.12580983619916872,0.1279996196995626,0.009983835367325939
1997-07-03,0.1391543069024529,0.125784369652025,0.1216129492298916,0.1275670279520821,0.1428978893325727,0.1093839132915002,0.12796430608752338,0.12864375356531654,0.011110265434486306
1997-07-04,0.1244652025099828,0.1391543069024529,0.125784369652025,0.1216129492298916,0.1275670279520821,0.1428978893325727,0.12726652269578675,0.1281802624073017,0.011162019860236055
1997-07-05,0.1229677695379349,0.1244652025099828,0.1391543069024529,0.125784369652025,0.1216129492298916,0.1275670279520821,0.12920707358813457,0.12810657919756602,0.008365360317076421
1997-07-07,0.1141614375356531,0.1229677695379349,0.1244652025099828,0.1391543069024529,0.125784369652025,0.1216129492298916,0.12510186618857463,0.1271071021106674,0.00753701038574487
1997-07-08,0.1088491158014831,0.1141614375356531,0.1229677695379349,0.1244652025099828,0.1391543069024529,0.125784369652025,0.12242787873848905,0.12641780756797863,0.009564365842118982
1997-07-10,0.1393682258984597,0.1088491158014831,0.1141614375356531,0.1229677695379349,0.1244652025099828,0.1391543069024529,0.12496434683399879,0.12629658680357475,0.011475612712551703
1997-07-11,0.1311323445521962,0.1393682258984597,0.1088491158014831,0.1141614375356531,0.1229677695379349,0.1244652025099828,0.12572834324830895,0.12654259364898265,0.011714834239493857
1997-08-01,0.1206146605818596,0.1311323445521962,0.1393682258984597,0.1088491158014831,0.1141614375356531,0.1229677695379349,0.12307982234536706,0.1264594029283133,0.01016706002335052
1997-08-04,0.1269609241300627,0.1206146605818596,0.1311323445521962,0.1393682258984597,0.1088491158014831,0.1141614375356531,0.12343635400537847,0.12679810800532415,0.010267006429992056
1997-08-05,0.1241086708499714,0.1269609241300627,0.1206146605818596,0.1311323445521962,0.1393682258984597,0.1088491158014831,0.12359933990709797,0.12714632059326864,0.010267383745858082
1997-08-07,0.1061751283513975,0.1241086708499714,0.1269609241300627,0.1206146605818596,0.1311323445521962,0.1393682258984597,0.12245843859506146,0.12664361095265256,0.011817589788436307
1997-08-08,0.1109169994295493,0.1061751283513975,0.1241086708499714,0.1269609241300627,0.1206146605818596,0.1311323445521962,0.12275385054192807,0.12609692907396838,0.011440518956975274
1997-08-09,0.1227538505419281,0.1109169994295493,0.1061751283513975,0.1241086708499714,0.1269609241300627,0.1206146605818596,0.12038036834813783,0.12540763453127968,0.008849119084896865
1997-08-10,0.1418639475185396,0.1227538505419281,0.1109169994295493,0.1061751283513975,0.1241086708499714,0.1269609241300627,0.12191345448618689,0.12587825632249472,0.011542155787977229
1997-08-12,0.1482458642327438,0.1418639475185396,0.1227538505419281,0.1109169994295493,0.1061751283513975,0.1241086708499714,0.12586076929345605,0.12613495911770292,0.015176561092379554
1997-09-01,0.1208998859098688,0.1482458642327438,0.1418639475185396,0.1227538505419281,0.1109169994295493,0.1061751283513975,0.12499490669057121,0.1260517683970336,0.01527590715525548
1997-09-04,0.1247147746719908,0.1208998859098688,0.1482458642327438,0.1418639475185396,0.1227538505419281,0.1109169994295493,0.1250814929508597,0.12636313938011023,0.015271763793655744
1997-09-05,0.1269609241300627,0.1247147746719908,0.1208998859098688,0.1482458642327438,0.1418639475185396,0.1227538505419281,0.12805089234781186,0.12651525955504844,0.012804432344273378
1997-09-06,0.126283513976041,0.1269609241300627,0.1247147746719908,0.1208998859098688,0.1482458642327438,0.1418639475185396,0.13024610871159642,0.12647247575584705,0.01048444436249978
1997-09-07,0.1071734169994295,0.126283513976041,0.1269609241300627,0.1247147746719908,0.1208998859098688,0.1482458642327438,0.12802033249123945,0.12524600684540782,0.013546697343043666
1997-09-09,0.1213277239018824,0.1071734169994295,0.126283513976041,0.1269609241300627,0.1247147746719908,0.1208998859098688,0.12508658626028843,0.12525789123407485,0.012206387108785391
1997-09-10,0.1414004563605248,0.1213277239018824,0.1071734169994295,0.126283513976041,0.1269609241300627,0.1247147746719908,0.12410867084997144,0.12568929454268868,0.010141262980935333
1997-09-12,0.1465701654306902,0.1414004563605248,0.1213277239018824,0.1071734169994295,0.126283513976041,0.1269609241300627,0.1277758536386602,0.1259246054382962,0.013020215819122065
1997-10-01,0.124001711351968,0.1465701654306902,0.1414004563605248,0.1213277239018824,0.1071734169994295,0.126283513976041,0.1276739874500855,0.12592222856056282,0.013050909472628658
1997-10-02,0.1299914432401597,0.124001711351968,0.1465701654306902,0.1414004563605248,0.1213277239018824,0.1071734169994295,0.12810691875152797,0.12594362046016347,0.013073558326093975
1997-10-03,0.1378351397604107,0.1299914432401597,0.124001711351968,0.1465701654306902,0.1414004563605248,0.1213277239018824,0.12975715100643792,0.12689199467579385,0.013526259506302502
1997-10-04,0.1248217341699942,0.1378351397604107,0.1299914432401597,0.124001711351968,0.1465701654306902,0.1414004563605248,0.13227833917366144,0.12628945617037454,0.00972622525802692
1997-10-06,0.1243225898459783,0.1248217341699942,0.1378351397604107,0.1299914432401597,0.124001711351968,0.1465701654306902,0.13270617716567512,0.12618130823350443,0.009216772769628694
1997-10-07,0.1095621791215059,0.1243225898459783,0.1248217341699942,0.1378351397604107,0.1299914432401597,0.124001711351968,0.12815785184581527,0.12577961589655823,0.011725589636669888
1997-10-09,0.1234669138619509,0.1095621791215059,0.1243225898459783,0.1248217341699942,0.1378351397604107,0.1299914432401597,0.12485738733599538,0.12570236737022242,0.008482107243311084
1997-10-10,0.1380134055904164,0.1234669138619509,0.1095621791215059,0.1243225898459783,0.1248217341699942,0.1378351397604107,0.12685905794148802,0.12566433732648788,0.009797777793568824
1997-10-11,0.1282800912721049,0.1380134055904164,0.1234669138619509,0.1095621791215059,0.1243225898459783,0.1248217341699942,0.12661457908890875,0.1257915002852253,0.00972769077474872
1997-10-12,0.1626853964632059,0.1282800912721049,0.1380134055904164,0.1234669138619509,0.1095621791215059,0.1243225898459783,0.13016461576073665,0.1271154211827343,0.01660698331286415
1997-11-02,0.1305975470621791,0.1626853964632059,0.1282800912721049,0.1380134055904164,0.1234669138619509,0.1095621791215059,0.13098973188819163,0.1276632915002852,0.016439924462392567
1997-11-03,0.1418282943525385,0.1305975470621791,0.1626853964632059,0.1282800912721049,0.1380134055904164,0.1234669138619509,0.13349054681770023,0.128762597451987,0.016587504454035645
1997-11-04,0.1255347974900171,0.1418282943525385,0.1305975470621791,0.1626853964632059,0.1282800912721049,0.1380134055904164,0.13577234944177327,0.12830148317170562,0.013571739192957375
1997-11-06,0.1247147746719908,0.1255347974900171,0.1418282943525385,0.1305975470621791,0.1626853964632059,0.1282800912721049,0.13595061527177896,0.12808756417569875,0.013390148072165257
1997-11-07,0.1100613234455219,0.1247147746719908,0.1255347974900171,0.1418282943525385,0.1305975470621791,0.1626853964632059,0.13195746067965117,0.12773578627115417,0.016483121339505514
1997-11-08,0.1112735310895607,0.1100613234455219,0.1247147746719908,0.1255347974900171,0.1418282943525385,0.1305975470621791,0.12952795208214488,0.1272128731698041,0.018271763497757908
1997-11-09,0.1235738733599543,0.1112735310895607,0.1100613234455219,0.1247147746719908,0.1255347974900171,0.1418282943525385,0.1239405916388232,0.12719504658680353,0.010959385676136472
1997-11-11,0.1307045065601825,0.1235738733599543,0.1112735310895607,0.1100613234455219,0.1247147746719908,0.1255347974900171,0.1239558715671094,0.12801269252709638,0.010970283053255066
1997-11-12,0.1703508271534512,0.1307045065601825,0.1235738733599543,0.1112735310895607,0.1100613234455219,0.1247147746719908,0.12803051911009694,0.1299938201178931,0.02016156327045601
1997-12-02,0.1264974329720479,0.1703508271534512,0.1307045065601825,0.1235738733599543,0.1112735310895607,0.1100613234455219,0.12816803846467276,0.1301186061988971,0.02014497930313806
1997-12-03,0.1410439247005133,0.1264974329720479,0.1703508271534512,0.1307045065601825,0.1235738733599543,0.1112735310895607,0.13050077418303313,0.13009127210496288,0.020618329106071188
1997-12-05,0.1279235596120935,0.1410439247005133,0.1264974329720479,0.1703508271534512,0.1307045065601825,0.1235738733599543,0.13305252220682906,0.1294138619509412,0.018681470023405575
1997-12-06,0.1238234455219623,0.1279235596120935,0.1410439247005133,0.1264974329720479,0.1703508271534512,0.1307045065601825,0.13484536712574358,0.129511313938011,0.016744826491877626
1997-12-08,0.1126640045636052,0.1238234455219623,0.1279235596120935,0.1410439247005133,0.1264974329720479,0.1703508271534512,0.13328681444055085,0.1291096216010648,0.018395189378166747
1997-12-09,0.1251782658300057,0.1126640045636052,0.1238234455219623,0.1279235596120935,0.1410439247005133,0.1264974329720479,0.13249735147909703,0.12905019965772954,0.018641420894340552
1997-12-11,0.1309540787221905,0.1251782658300057,0.1126640045636052,0.1238234455219623,0.1279235596120935,0.1410439247005133,0.12686924456034548,0.12920588514926787,0.008492961747930464
1997-12-12,0.1609027381631488,0.1309540787221905,0.1251782658300057,0.1126640045636052,0.1238234455219623,0.1279235596120935,0.1317842881590742,0.13099686252139187,0.015393825945400862
1998-01-04,0.1851468910439246,0.1609027381631488,0.1309540787221905,0.1251782658300057,0.1126640045636052,0.1238234455219623,0.13808471192241864,0.13312416809279326,0.025513977881435616
1998-01-05,0.1746292070735881,0.1851468910439246,0.1609027381631488,0.1309540787221905,0.1251782658300057,0.1126640045636052,0.14475694727406077,0.13423179311656203,0.028361941757316458
1998-01-06,0.1380134055904164,0.1746292070735881,0.1851468910439246,0.1609027381631488,0.1309540787221905,0.1251782658300057,0.14678408442669702,0.1339465677885529,0.027095194238884165
1998-01-07,0.1516329150028522,0.1380134055904164,0.1746292070735881,0.1851468910439246,0.1609027381631488,0.1309540787221905,0.15235107163230377,0.13486760791024904,0.02253622708484354
1998-01-09,0.1232886480319452,0.1516329150028522,0.1380134055904164,0.1746292070735881,0.1851468910439246,0.1609027381631488,0.1520811262325808,0.13464418140330855,0.022923940121058577
1998-01-10,0.145750142612664,0.1232886480319452,0.1516329150028522,0.1380134055904164,0.1746292070735881,0.1851468910439246,0.15419484964550562,0.134908014831717,0.02127399278645238
1998-01-12,0.1284583571021106,0.145750142612664,0.1232886480319452,0.1516329150028522,0.1380134055904164,0.1746292070735881,0.1495599380653573,0.13502923559612087,0.023030744151564086
1998-02-01,0.1664289788933257,0.1284583571021106,0.145750142612664,0.1232886480319452,0.1516329150028522,0.1380134055904164,0.14688595061527174,0.13643278189769914,0.01893221641815559
1998-02-02,0.1774814603536794,0.1664289788933257,0.1284583571021106,0.145750142612664,0.1232886480319452,0.1516329150028522,0.1472934153695705,0.1386967579387716,0.01964606684802494
1998-02-03,0.1901383342840844,0.1774814603536794,0.1664289788933257,0.1284583571021106,0.145750142612664,0.1232886480319452,0.1547398337543802,0.14091913861950936,0.02475625215153023
1998-02-04,0.1847547062179121,0.1901383342840844,0.1774814603536794,0.1664289788933257,0.1284583571021106,0.145750142612664,0.1594715182136745,0.14247718197375922,0.027116261675908197
1998-02-06,0.1371220764403879,0.1847547062179121,0.1901383342840844,0.1774814603536794,0.1664289788933257,0.1284583571021106,0.16144772227202342,0.142771914812702,0.024408706299480967
1998-02-07,0.1487806617227609,0.1371220764403879,0.1847547062179121,0.1901383342840844,0.1774814603536794,0.1664289788933257,0.16188065357346584,0.14230842365468716,0.02410891283495342
1998-02-09,0.1274957216200798,0.1487806617227609,0.1371220764403879,0.1847547062179121,0.1901383342840844,0.1774814603536794,0.16174313421889003,0.14220502947328384,0.02433303423849266
1998-02-10,0.1437892184826012,0.1274957216200798,0.1487806617227609,0.1371220764403879,0.1847547062179121,0.1901383342840844,0.15850888273164368,0.14227039361095262,0.025098946201927624
1998-02-11,0.1341628636622932,0.1437892184826012,0.1274957216200798,0.1487806617227609,0.1371220764403879,0.1847547062179121,0.15232051177573136,0.14255799581669512,0.024981463127583328
1998-02-12,0.1284583571021106,0.1341628636622932,0.1437892184826012,0.1274957216200798,0.1487806617227609,0.1371220764403879,0.1435090864640208,0.14268278189769915,0.01974912324719152
1998-03-02,0.1822946377638334,0.1284583571021106,0.1341628636622932,0.1437892184826012,0.1274957216200798,0.1487806617227609,0.14315764811343815,0.14509055904164286,0.018896298105469205
1998-03-03,0.1863234455219623,0.1822946377638334,0.1284583571021106,0.1341628636622932,0.1437892184826012,0.1274957216200798,0.15018641512509162,0.14759222285605622,0.024574558229697865
1998-03-04,0.194594980034227,0.1863234455219623,0.1822946377638334,0.1284583571021106,0.1341628636622932,0.1437892184826012,0.15673131774101537,0.14995959307853202,0.02970338845992146
1998-03-06,0.13968910439247,0.194594980034227,0.1863234455219623,0.1822946377638334,0.1284583571021106,0.1341628636622932,0.15847322956564255,0.15025907967294158,0.028012571206642734
1998-03-07,0.1451440387906445,0.13968910439247,0.194594980034227,0.1863234455219623,0.1822946377638334,0.1284583571021106,0.15866677532393442,0.14941885339418134,0.027898655281658635
1998-03-08,0.1474614945807187,0.1451440387906445,0.13968910439247,0.194594980034227,0.1863234455219623,0.1822946377638334,0.16056657974085237,0.15011765544780373,0.0263624152636661
1998-03-09,0.1261409013120364,0.1474614945807187,0.1451440387906445,0.13968910439247,0.194594980034227,0.1863234455219623,0.1602355146279846,0.14962088800152118,0.026843012053749324
1998-03-11,0.1314888762122076,0.1261409013120364,0.1474614945807187,0.1451440387906445,0.13968910439247,0.194594980034227,0.15297754869203808,0.14973973188819165,0.026752886438351282
1998-03-12,0.1218625213918996,0.1314888762122076,0.1261409013120364,0.1474614945807187,0.1451440387906445,0.13968910439247,0.14376884524488626,0.1496743677505229,0.024347813560131156
1998-04-02,0.2060039931545921,0.1218625213918996,0.1314888762122076,0.1261409013120364,0.1474614945807187,0.1451440387906445,0.14539870426208126,0.15278570070355574,0.02836728963013741
1998-04-03,0.1824729035938391,0.2060039931545921,0.1218625213918996,0.1314888762122076,0.1261409013120364,0.1474614945807187,0.15151067557656256,0.1546955219623502,0.031381050804949746
1998-04-06,0.1391543069024529,0.1824729035938391,0.2060039931545921,0.1218625213918996,0.1314888762122076,0.1261409013120364,0.1506549995925352,0.1549688629016923,0.031663971668275885
1998-04-08,0.1466414717626925,0.1391543069024529,0.1824729035938391,0.2060039931545921,0.1218625213918996,0.1314888762122076,0.1505378534756743,0.15449348735501042,0.03167926893029527
1998-04-09,0.1322019395322304,0.1466414717626925,0.1391543069024529,0.1824729035938391,0.2060039931545921,0.1218625213918996,0.15140371607855915,0.15272865563795393,0.030976342905204367
1998-04-11,0.1302410154021677,0.1322019395322304,0.1466414717626925,0.1391543069024529,0.1824729035938391,0.2060039931545921,0.15122545024855347,0.1512490492489066,0.031113339906321837
1998-04-12,0.1251782658300057,0.1302410154021677,0.1322019395322304,0.1466414717626925,0.1391543069024529,0.1824729035938391,0.1516991280254258,0.1508212112568929,0.03061302324010895
1998-05-01,0.1642897889332572,0.1251782658300057,0.1302410154021677,0.1322019395322304,0.1466414717626925,0.1391543069024529,0.14573995599380649,0.15124310705457306,0.020751977406498145
1998-05-02,0.223687963491158,0.1642897889332572,0.1251782658300057,0.1302410154021677,0.1322019395322304,0.1466414717626925,0.15162782169342348,0.1545897509032135,0.03432147309780973
1998-05-03,0.1799771819737592,0.223687963491158,0.1642897889332572,0.1251782658300057,0.1302410154021677,0.1322019395322304,0.1574596609893244,0.15573065221525,0.035302989258874255
1998-05-05,0.1769466628636622,0.1799771819737592,0.223687963491158,0.1642897889332572,0.1251782658300057,0.1302410154021677,0.16178897400374861,0.1573469290739684,0.0356120664694385
1998-05-06,0.1411152310325157,0.1769466628636622,0.1799771819737592,0.223687963491158,0.1642897889332572,0.1251782658300057,0.16306230136093225,0.15650313747860803,0.03452047018570802
1998-05-08,0.1497789503707929,0.1411152310325157,0.1769466628636622,0.1799771819737592,0.223687963491158,0.1642897889332572,0.1658534349278787,0.1555797204791785,0.03213164272819596
1998-05-10,0.1384412435824301,0.1497789503707929,0.1411152310325157,0.1769466628636622,0.1799771819737592,0.223687963491158,0.1677481460353679,0.1538564841224567,0.029626801291025753
1998-05-11,0.1311323445521962,0.1384412435824301,0.1497789503707929,0.1411152310325157,0.1769466628636622,0.1799771819737592,0.1630113682666449,0.15206907206693285,0.03275714010569578
1998-06-01,0.1692812321734169,0.1311323445521962,0.1384412435824301,0.1497789503707929,0.1411152310325157,0.1769466628636622,0.15523897807839618,0.15314104392470046,0.019887068696880283
1998-06-02,0.2331003993154591,0.1692812321734169,0.1311323445521962,0.1384412435824301,0.1497789503707929,0.1411152310325157,0.16282800912721046,0.15595170184445709,0.03516684387173561
1998-06-03,0.1796206503137478,0.2331003993154591,0.1692812321734169,0.1311323445521962,0.1384412435824301,0.1497789503707929,0.1632100073343655,0.15768919946757934,0.03535976150860429
1998-06-04,0.1912079292641186,0.1796206503137478,0.2331003993154591,0.1692812321734169,0.1311323445521962,0.1384412435824301,0.17036610708173736,0.1592698231602966,0.035211533506005976
1998-06-05,0.1713491158014831,0.1912079292641186,0.1796206503137478,0.2331003993154591,0.1692812321734169,0.1311323445521962,0.17344755928612168,0.16050936489826959,0.03403375873539437
1998-06-07,0.1443240159726183,0.1713491158014831,0.1912079292641186,0.1796206503137478,0.2331003993154591,0.1692812321734169,0.17428795534186284,0.1610382201939532,0.033084677166395376
1998-06-08,0.1478893325727324,0.1443240159726183,0.1713491158014831,0.1912079292641186,0.1796206503137478,0.2331003993154591,0.17668181077336806,0.15989137668758316,0.029894096167182676
1998-06-10,0.1360524814603536,0.1478893325727324,0.1443240159726183,0.1713491158014831,0.1912079292641186,0.1796206503137478,0.17193484638578754,0.15821567788552954,0.033665462159433085
1998-06-11,0.1341628636622932,0.1360524814603536,0.1478893325727324,0.1443240159726183,0.1713491158014831,0.1912079292641186,0.15780091272104957,0.15620127400646502,0.02268369936851375
1998-07-01,0.1719552196235025,0.1341628636622932,0.1360524814603536,0.1478893325727324,0.1443240159726183,0.1713491158014831,0.15670585119387168,0.1572768111808328,0.021614619432547555
1998-07-04,0.1822946377638334,0.1719552196235025,0.1341628636622932,0.1360524814603536,0.1478893325727324,0.1443240159726183,0.15543252383668807,0.1585151644799391,0.019391551890496794
1998-07-05,0.1642897889332572,0.1822946377638334,0.1719552196235025,0.1341628636622932,0.1360524814603536,0.1478893325727324,0.15442404856979866,0.15907610762502372,0.01859295474546131
1998-07-07,0.1452153451226468,0.1642897889332572,0.1822946377638334,0.1719552196235025,0.1341628636622932,0.1360524814603536,0.15455138130551702,0.15971192241871074,0.018515146332732615
1998-07-08,0.147532800912721,0.1452153451226468,0.1642897889332572,0.1822946377638334,0.1719552196235025,0.1341628636622932,0.15450044821122969,0.16024671990872782,0.01853700479440382
1998-07-09,0.1343411294922989,0.147532800912721,0.1452153451226468,0.1642897889332572,0.1822946377638334,0.1719552196235025,0.15425596935865044,0.16066267351207447,0.018829832470006205
1998-07-10,0.1375499144324015,0.1343411294922989,0.147532800912721,0.1452153451226468,0.1642897889332572,0.1822946377638334,0.1547398337543802,0.15838087088800148,0.018262420643179934
1998-07-12,0.1243582430119794,0.1375499144324015,0.1343411294922989,0.147532800912721,0.1452153451226468,0.1642897889332572,0.14794026566701973,0.1564437155352728,0.019596465279416365
1998-08-01,0.1708499714774672,0.1243582430119794,0.1375499144324015,0.1343411294922989,0.147532800912721,0.1452153451226468,0.146305313340396,0.15750023768777327,0.016482561305143376
1998-08-04,0.184968625213919,0.1708499714774672,0.1243582430119794,0.1375499144324015,0.1343411294922989,0.147532800912721,0.14925943280906198,0.15877780946948086,0.0213712093438026
1998-08-05,0.1688533941814033,0.184968625213919,0.1708499714774672,0.1243582430119794,0.1375499144324015,0.1343411294922989,0.15263629696031292,0.15999952462445327,0.02246522397496888
1998-08-06,0.1420065601825441,0.1688533941814033,0.184968625213919,0.1708499714774672,0.1243582430119794,0.1375499144324015,0.15184683399885904,0.1603917094504658,0.0227694993326505
1998-08-07,0.1446805476326297,0.1420065601825441,0.1688533941814033,0.184968625213919,0.1708499714774672,0.1243582430119794,0.15332389373319202,0.1610417855105533,0.021757506869115636
1998-08-09,0.1332715345122646,0.1446805476326297,0.1420065601825441,0.1688533941814033,0.184968625213919,0.1708499714774672,0.15271269660174389,0.16000784369652016,0.02232710753309607
1998-08-10,0.1407586993725042,0.1332715345122646,0.1446805476326297,0.1420065601825441,0.1688533941814033,0.184968625213919,0.15505561893896172,0.15724353489256507,0.019542672968837018
1998-08-12,0.1250713063320022,0.1407586993725042,0.1332715345122646,0.1446805476326297,0.1420065601825441,0.1688533941814033,0.14851580963246674,0.15541333903783983,0.020982969644633552
1998-09-01,0.1592983456930975,0.1250713063320022,0.1407586993725042,0.1332715345122646,0.1446805476326297,0.1420065601825441,0.14484862684377792,0.15482506179882102,0.014916589218549095
1998-09-02,0.2109954363947518,0.1592983456930975,0.1250713063320022,0.1407586993725042,0.1332715345122646,0.1446805476326297,0.15086891858854198,0.15715440197756222,0.0285204370393239
1998-09-03,0.1708499714774672,0.2109954363947518,0.1592983456930975,0.1250713063320022,0.1407586993725042,0.1332715345122646,0.15498940591638816,0.1578567693477847,0.02910424980647218
1998-09-04,0.1831859669138619,0.1708499714774672,0.2109954363947518,0.1592983456930975,0.1250713063320022,0.1407586993725042,0.16049018009942134,0.15934826012549907,0.0304393057779621
1998-09-06,0.149315459212778,0.1831859669138619,0.1708499714774672,0.2109954363947518,0.1592983456930975,0.1250713063320022,0.16278216934235185,0.15995436394751844,0.028596489393900495
1998-09-07,0.1448588134626354,0.149315459212778,0.1831859669138619,0.1708499714774672,0.2109954363947518,0.1592983456930975,0.1633678999266563,0.15914028332382577,0.028108027110267587
1998-09-09,0.1275670279520821,0.1448588134626354,0.149315459212778,0.1831859669138619,0.1708499714774672,0.2109954363947518,0.16372443158666772,0.15562250427837984,0.027551620271782064
1998-09-10,0.1333784940102681,0.1275670279520821,0.1448588134626354,0.149315459212778,0.1831859669138619,0.1708499714774672,0.1600215956319778,0.1540810990682639,0.02988829037684879
1998-09-11,0.1327367370222475,0.1333784940102681,0.1275670279520821,0.1448588134626354,0.149315459212778,0.1831859669138619,0.14884178143590573,0.15213205932686816,0.02094068113719772
1998-09-12,0.1264974329720479,0.1327367370222475,0.1333784940102681,0.1275670279520821,0.1448588134626354,0.149315459212778,0.14250570450656014,0.15063700323255366,0.019853467968785708
1998-10-02,0.209034512264689,0.1264974329720479,0.1327367370222475,0.1333784940102681,0.1275670279520821,0.1448588134626354,0.14619835384239258,0.15279401977562268,0.02898479498143433
1998-10-03,0.1727752424415288,0.209034512264689,0.1264974329720479,0.1327367370222475,0.1333784940102681,0.1275670279520821,0.14954975144649985,0.15362355010458256,0.030710209054725615
1998-10-06,0.1455718767826583,0.1727752424415288,0.209034512264689,0.1264974329720479,0.1327367370222475,0.1333784940102681,0.14965161763507454,0.15394086328199272,0.030693233759630293
1998-10-07,0.1434326868225898,0.1455718767826583,0.1727752424415288,0.209034512264689,0.1264974329720479,0.1327367370222475,0.15191814033086135,0.15424985738733596,0.02934687295894436
1998-10-08,0.1430761551625784,0.1434326868225898,0.1455718767826583,0.1727752424415288,0.209034512264689,0.1264974329720479,0.1533035204954771,0.15328722190530514,0.028543712043782834
1998-10-09,0.1322019395322304,0.1430761551625784,0.1434326868225898,0.1455718767826583,0.1727752424415288,0.209034512264689,0.15322712085404608,0.15161746529758505,0.02860857756515119
1998-10-11,0.1329150028522532,0.1322019395322304,0.1430761551625784,0.1434326868225898,0.1455718767826583,0.1727752424415288,0.15414391655121826,0.1505716390948849,0.027697552794440326
1998-10-12,0.127032230462065,0.1329150028522532,0.1322019395322304,0.1430761551625784,0.1434326868225898,0.1455718767826583,0.1424293048651291,0.14996553527286552,0.01507960941653346
1998-11-02,0.2074301197946377,0.127032230462065,0.1329150028522532,0.1322019395322304,0.1430761551625784,0.1434326868225898,0.14738000162985898,0.15196211256892941,0.027377094884368965
1998-11-03,0.1797276098117512,0.2074301197946377,0.127032230462065,0.1329150028522532,0.1322019395322304,0.1430761551625784,0.1522593920625865,0.1534749952462445,0.02992621823893874
1998-11-05,0.1610810039931546,0.1797276098117512,0.2074301197946377,0.127032230462065,0.1329150028522532,0.1322019395322304,0.1547805802298101,0.15425936489826958,0.029801808143537757
1998-11-06,0.1438961779806046,0.1610810039931546,0.1797276098117512,0.2074301197946377,0.127032230462065,0.1329150028522532,0.15489772634667096,0.15491062939722375,0.02974969802486684
1998-11-08,0.1400456360524814,0.1438961779806046,0.1610810039931546,0.1797276098117512,0.2074301197946377,0.127032230462065,0.1560182544209925,0.1538838182163909,0.02888760968606724
1998-11-09,0.1348046206503137,0.1400456360524814,0.1438961779806046,0.1610810039931546,0.1797276098117512,0.2074301197946377,0.15628819982071546,0.1522116847309374,0.02864353298542737
1998-11-11,0.1324871648602396,0.1348046206503137,0.1400456360524814,0.1438961779806046,0.1610810039931546,0.1797276098117512,0.15706747616331182,0.1509994770868986,0.02777600436849573
1998-11-12,0.127032230462065,0.1324871648602396,0.1348046206503137,0.1400456360524814,0.1438961779806046,0.1610810039931546,0.14558206340151572,0.15050033276288263,0.018580256899502087
1998-12-01,0.1519181403308613,0.127032230462065,0.1324871648602396,0.1348046206503137,0.1400456360524814,0.1438961779806046,0.14160928204710288,0.15074158585282368,0.011797614646474877
1998-12-02,0.204221334854535,0.1519181403308613,0.127032230462065,0.1324871648602396,0.1348046206503137,0.1400456360524814,0.1477721864558715,0.15310657919756604,0.026173630922600784
1998-12-03,0.1748074729035938,0.204221334854535,0.1519181403308613,0.127032230462065,0.1324871648602396,0.1348046206503137,0.15218808573058423,0.15424153831526902,0.027957514913448694
1998-12-05,0.1610096976611523,0.1748074729035938,0.204221334854535,0.1519181403308613,0.127032230462065,0.1324871648602396,0.1551829516746801,0.15543948469290736,0.027560034589724034
1998-12-06,0.1387977752424415,0.1610096976611523,0.1748074729035938,0.204221334854535,0.1519181403308613,0.127032230462065,0.15575340233069834,0.15475613234455216,0.02710551227223278
1998-12-08,0.1416500285225327,0.1387977752424415,0.1610096976611523,0.1748074729035938,0.204221334854535,0.1519181403308613,0.15706238285388308,0.1524446187488115,0.025993095589378717
1998-12-10,0.1273887621220764,0.1416500285225327,0.1387977752424415,0.1610096976611523,0.1748074729035938,0.204221334854535,0.1571133159481704,0.15099591177029847,0.025924704001235668
1998-12-11,0.1323802053622361,0.1273887621220764,0.1416500285225327,0.1387977752424415,0.1610096976611523,0.1748074729035938,0.15432218238122397,0.1493023863852443,0.027576395669581255
1999-01-02,0.142719623502567,0.1323802053622361,0.1273887621220764,0.1416500285225327,0.1387977752424415,0.1610096976611523,0.1455362236166571,0.14908252519490395,0.016668773419387516
1999-01-03,0.1550199657729606,0.142719623502567,0.1323802053622361,0.1273887621220764,0.1416500285225327,0.1387977752424415,0.14270943688370952,0.14942123027191476,0.01186232349131499
1999-01-04,0.1332715345122646,0.1550199657729606,0.142719623502567,0.1323802053622361,0.1273887621220764,0.1416500285225327,0.1387468421481541,0.14961138049058753,0.009023558694314834
1999-01-06,0.1286366229321163,0.1332715345122646,0.1550199657729606,0.142719623502567,0.1323802053622361,0.1273887621220764,0.13729524896096482,0.1494533181213158,0.009798058889452618
1999-01-07,0.1439674843126069,0.1286366229321163,0.1332715345122646,0.1550199657729606,0.142719623502567,0.1323802053622361,0.13762631407383255,0.14982767636432778,0.010006657274053669
1999-01-09,0.1398673702224757,0.1439674843126069,0.1286366229321163,0.1332715345122646,0.1550199657729606,0.142719623502567,0.1394089723738896,0.15027334093934203,0.008932794516045119
1999-01-10,0.156909583571021,0.1398673702224757,0.1439674843126069,0.1286366229321163,0.1332715345122646,0.1550199657729606,0.14291316926085887,0.14853584331621975,0.010405775343575391
1999-01-11,0.1398673702224757,0.156909583571021,0.1398673702224757,0.1439674843126069,0.1286366229321163,0.1332715345122646,0.1425057045065601,0.14743891424225133,0.010470261077176886
1999-01-12,0.13968910439247,0.1398673702224757,0.156909583571021,0.1398673702224757,0.1439674843126069,0.1286366229321163,0.14031558145220432,0.14724282182924503,0.008902323950818858
1999-02-02,0.1428978893325727,0.13968910439247,0.1398673702224757,0.156909583571021,0.1398673702224757,0.1439674843126069,0.14169077499796262,0.14722499524624447,0.008359823024749363
1999-02-03,0.1502067883628066,0.1428978893325727,0.13968910439247,0.1398673702224757,0.156909583571021,0.1398673702224757,0.14477222720234692,0.1474626830195854,0.00651874233380605
1999-02-06,0.1322019395322304,0.1502067883628066,0.1428978893325727,0.13968910439247,0.1398673702224757,0.156909583571021,0.14309143509086458,0.1474626830195854,0.008088604080475592
1999-02-07,0.1414717626925271,0.1322019395322304,0.1502067883628066,0.1428978893325727,0.13968910439247,0.1398673702224757,0.14332063401515763,0.14774790834759452,0.008004312537607361
1999-02-08,0.145750142612664,0.1414717626925271,0.1322019395322304,0.1502067883628066,0.1428978893325727,0.13968910439247,0.14172642816396377,0.1483718387526145,0.005595632688682621
1999-02-09,0.1380134055904164,0.145750142612664,0.1414717626925271,0.1322019395322304,0.1502067883628066,0.1428978893325727,0.1414615760736696,0.14605794827914045,0.0057402968116300026
1999-02-11,0.1404021677124928,0.1380134055904164,0.145750142612664,0.1414717626925271,0.1322019395322304,0.1502067883628066,0.1415634422622443,0.14474710020916517,0.005709846730081125
1999-02-12,0.1386195094124358,0.1404021677124928,0.1380134055904164,0.145750142612664,0.1414717626925271,0.1322019395322304,0.14095224513079616,0.14399838372314122,0.005771844826286242
1999-03-02,0.1521677124928693,0.1386195094124358,0.1404021677124928,0.1380134055904164,0.145750142612664,0.1414717626925271,0.14123237714937656,0.14427410154021675,0.006317646928433844
1999-03-03,0.1452153451226468,0.1521677124928693,0.1386195094124358,0.1404021677124928,0.1380134055904164,0.145750142612664,0.14309143509086458,0.1444464251758889,0.004993304376601283
1999-03-06,0.1314888762122076,0.1452153451226468,0.1521677124928693,0.1386195094124358,0.1404021677124928,0.1380134055904164,0.14166530845081898,0.14433590036128538,0.006675299058032008
1999-03-08,0.147532800912721,0.1314888762122076,0.1452153451226468,0.1521677124928693,0.1386195094124358,0.1404021677124928,0.14191997392225567,0.14483742156303472,0.006887734523887111
1999-03-09,0.13968910439247,0.147532800912721,0.1314888762122076,0.1452153451226468,0.1521677124928693,0.1386195094124358,0.1421593594654062,0.14525931736071493,0.006757214488838123
1999-03-11,0.1407586993725042,0.13968910439247,0.147532800912721,0.1314888762122076,0.1452153451226468,0.1521677124928693,0.14221029255969353,0.14488733599543632,0.0067430909389743455
1999-03-12,0.1359455219623502,0.1407586993725042,0.13968910439247,0.147532800912721,0.1314888762122076,0.1452153451226468,0.14182829435253844,0.14261147556569684,0.0070492058782354585
1999-04-01,0.1327367370222475,0.1359455219623502,0.1407586993725042,0.13968910439247,0.147532800912721,0.1314888762122076,0.13905244071387818,0.1412091177029853,0.006054793202208791
1999-04-02,0.1550199657729606,0.1327367370222475,0.1359455219623502,0.1407586993725042,0.13968910439247,0.147532800912721,0.14045310080678017,0.1410094599733789,0.008398518214730075
1999-04-03,0.1408656588705076,0.1550199657729606,0.1327367370222475,0.1359455219623502,0.1407586993725042,0.13968910439247,0.1417926411865373,0.14107838942764778,0.0074213986977960415
1999-04-05,0.144502281802624,0.1408656588705076,0.1550199657729606,0.1327367370222475,0.1359455219623502,0.1407586993725042,0.1413597098850949,0.14117346453698418,0.0071127076864085075
1999-04-06,0.1294566457501426,0.144502281802624,0.1408656588705076,0.1550199657729606,0.1327367370222475,0.1359455219623502,0.1398979300790481,0.14124239399125305,0.008440755055809468
1999-04-08,0.1514546491728465,0.1294566457501426,0.144502281802624,0.1408656588705076,0.1550199657729606,0.1327367370222475,0.14142592290766842,0.14187820878494006,0.009521480743728923
1999-04-10,0.1544851682829435,0.1514546491728465,0.1294566457501426,0.144502281802624,0.1408656588705076,0.1550199657729606,0.14407444381061033,0.1422703936109526,0.010290432674383353
1999-04-11,0.1407586993725042,0.1544851682829435,0.1514546491728465,0.1294566457501426,0.144502281802624,0.1408656588705076,0.14522043843207558,0.14179501806427072,0.009207021487330783
1999-05-01,0.1297062179121506,0.1407586993725042,0.1544851682829435,0.1514546491728465,0.1294566457501426,0.144502281802624,0.14160418873767416,0.14167617417760026,0.009675871513541713
1999-05-02,0.1575156873930405,0.1297062179121506,0.1407586993725042,0.1544851682829435,0.1514546491728465,0.1294566457501426,0.14398276424089312,0.14263880965963105,0.011363405815766585
1999-05-03,0.1434326868225898,0.1575156873930405,0.1297062179121506,0.1407586993725042,0.1544851682829435,0.1514546491728465,0.1438299649580311,0.14262098307663046,0.011362446946895352
1999-05-05,0.1434326868225898,0.1434326868225898,0.1575156873930405,0.1297062179121506,0.1407586993725042,0.1544851682829435,0.145826542254095,0.14273982696330098,0.00948940182780208
1999-05-07,0.1425413576725613,0.1434326868225898,0.1434326868225898,0.1575156873930405,0.1297062179121506,0.1407586993725042,0.14455321489691136,0.14226088610001897,0.0092019906780451
1999-05-08,0.1491371933827723,0.1425413576725613,0.1434326868225898,0.1434326868225898,0.1575156873930405,0.1297062179121506,0.14378921848260123,0.14256988020536218,0.0084295425111327
1999-05-10,0.1582287507130633,0.1491371933827723,0.1425413576725613,0.1434326868225898,0.1434326868225898,0.1575156873930405,0.1462849401026811,0.14318786841604864,0.009849355154909504
1999-05-11,0.1404021677124928,0.1582287507130633,0.1491371933827723,0.1425413576725613,0.1434326868225898,0.1434326868225898,0.1478129329313014,0.14310467769537932,0.00736510272319161
1999-06-01,0.1383699372504278,0.1404021677124928,0.1582287507130633,0.1491371933827723,0.1425413576725613,0.1434326868225898,0.14507782576807102,0.14271011599163333,0.006684926746828396
1999-06-04,0.1309540787221905,0.1383699372504278,0.1404021677124928,0.1582287507130633,0.1491371933827723,0.1425413576725613,0.143295167468014,0.14266852063129867,0.008589316307925357
1999-06-05,0.1482458642327438,0.1309540787221905,0.1383699372504278,0.1404021677124928,0.1582287507130633,0.1491371933827723,0.14398276424089312,0.1428943240159726,0.008792412348671683
1999-06-07,0.1421135196805476,0.1482458642327438,0.1309540787221905,0.1383699372504278,0.1404021677124928,0.1582287507130633,0.14392164452774828,0.1427731032515687,0.00880557931512983
1999-06-08,0.1466414717626925,0.1421135196805476,0.1482458642327438,0.1309540787221905,0.1383699372504278,0.1404021677124928,0.1435651128677369,0.14306070545731125,0.008607507082066318
1999-06-09,0.1377281802624072,0.1466414717626925,0.1421135196805476,0.1482458642327438,0.1309540787221905,0.1383699372504278,0.1406364599462146,0.14297157254230838,0.0058244244471604605
1999-06-10,0.1497789503707929,0.1377281802624072,0.1466414717626925,0.1421135196805476,0.1482458642327438,0.1309540787221905,0.14197600032597177,0.14334355390758696,0.006764037011452253
1999-06-12,0.1354107244723331,0.1497789503707929,0.1377281802624072,0.1466414717626925,0.1421135196805476,0.1482458642327438,0.1415532556433868,0.14278498764023573,0.007110571294637974
1999-07-01,0.1432544209925841,0.1354107244723331,0.1497789503707929,0.1377281802624072,0.1466414717626925,0.1421135196805476,0.1433104473963002,0.14271962350256698,0.005358773133216207
1999-07-04,0.1314175698802053,0.1432544209925841,0.1354107244723331,0.1497789503707929,0.1377281802624072,0.1466414717626925,0.1409064053459375,0.14271724662483357,0.006441078661783994
1999-07-05,0.1426483171705647,0.1314175698802053,0.1432544209925841,0.1354107244723331,0.1497789503707929,0.1377281802624072,0.14098280498736854,0.14255443050009503,0.00646092407497065
1999-07-06,0.1322019395322304,0.1426483171705647,0.1314175698802053,0.1432544209925841,0.1354107244723331,0.1497789503707929,0.1389200146687311,0.14230485833808704,0.006655306161148064
1999-07-07,0.1391543069024529,0.1322019395322304,0.1426483171705647,0.1314175698802053,0.1432544209925841,0.1354107244723331,0.13912374704588049,0.14225137858908532,0.00663453685924245
1999-07-09,0.1386195094124358,0.1391543069024529,0.1322019395322304,0.1426483171705647,0.1314175698802053,0.1432544209925841,0.1375295411946866,0.1423405115040882,0.004708731740851401
1999-07-10,0.1535225328009127,0.1386195094124358,0.1391543069024529,0.1322019395322304,0.1426483171705647,0.1314175698802053,0.14011694238448372,0.14303337136337702,0.0074995200895223825
1999-07-12,0.1377281802624072,0.1535225328009127,0.1386195094124358,0.1391543069024529,0.1322019395322304,0.1426483171705647,0.13932747942302987,0.14245697851302527,0.007404463288291554
1999-08-01,0.1404021677124928,0.1377281802624072,0.1535225328009127,0.1386195094124358,0.1391543069024529,0.1322019395322304,0.14061099339907093,0.1424415288077581,0.006532137074787851
1999-08-02,0.1534155733029092,0.1404021677124928,0.1377281802624072,0.1535225328009127,0.1386195094124358,0.1391543069024529,0.1421491728465487,0.14273863852443425,0.00815738412787515
1999-08-03,0.1416500285225327,0.1534155733029092,0.1404021677124928,0.1377281802624072,0.1535225328009127,0.1386195094124358,0.14349889984516334,0.14314508461684727,0.00692587958925813
1999-08-04,0.1321306332002281,0.1416500285225327,0.1534155733029092,0.1404021677124928,0.1377281802624072,0.1535225328009127,0.14249551788770262,0.1425009507510933,0.008073840677501127
1999-08-06,0.1322019395322304,0.1321306332002281,0.1416500285225327,0.1534155733029092,0.1404021677124928,0.1377281802624072,0.14157872219053044,0.1417581764594029,0.008908536476525243
1999-08-07,0.1409369652025099,0.1322019395322304,0.1321306332002281,0.1416500285225327,0.1534155733029092,0.1404021677124928,0.13978078396218718,0.1417641186537364,0.007203023670028594
1999-08-09,0.1387977752424415,0.1409369652025099,0.1322019395322304,0.1321306332002281,0.1416500285225327,0.1534155733029092,0.13993358324504923,0.1420671705647461,0.00716346041606049
1999-08-10,0.1527025099828864,0.1387977752424415,0.1409369652025099,0.1322019395322304,0.1321306332002281,0.1416500285225327,0.1416907749979626,0.14190673131774098,0.008651616895435683
1999-08-11,0.134875926982316,0.1527025099828864,0.1387977752424415,0.1409369652025099,0.1322019395322304,0.1321306332002281,0.13904225409502072,0.14162150598973183,0.007176018705891551
1999-08-12,0.1379064460924129,0.134875926982316,0.1527025099828864,0.1387977752424415,0.1409369652025099,0.1322019395322304,0.13850745660500358,0.1414372979653926,0.007088241209573163
1999-09-02,0.1518111808328579,0.1379064460924129,0.134875926982316,0.1527025099828864,0.1387977752424415,0.1409369652025099,0.141318963409665,0.14174629207073586,0.00798386068554333
1999-09-03,0.1441457501426126,0.1518111808328579,0.1379064460924129,0.134875926982316,0.1527025099828864,0.1387977752424415,0.14302522206829102,0.14157991062939718,0.0069154845245753705
1999-09-04,0.1298844837421563,0.1441457501426126,0.1518111808328579,0.1379064460924129,0.134875926982316,0.1527025099828864,0.14144629614538337,0.14063510173036692,0.008542157170821863
1999-09-06,0.1303479749001711,0.1298844837421563,0.1441457501426126,0.1518111808328579,0.1379064460924129,0.134875926982316,0.1402391818107733,0.14029996196995623,0.009519881749589735
1999-09-07,0.1405804335424985,0.1303479749001711,0.1298844837421563,0.1441457501426126,0.1518111808328579,0.1379064460924129,0.1385074566050036,0.1403736451796919,0.007826862818285938
1999-09-08,0.1456788362806617,0.1405804335424985,0.1303479749001711,0.1298844837421563,0.1441457501426126,0.1518111808328579,0.14005072936191015,0.14086447043164094,0.008053234680280968
1999-09-09,0.1396177980604677,0.1456788362806617,0.1405804335424985,0.1303479749001711,0.1298844837421563,0.1441457501426126,0.1402952082144894,0.1405768682258984,0.008003110044439897
1999-09-11,0.1356959498003422,0.1396177980604677,0.1456788362806617,0.1405804335424985,0.1303479749001711,0.1298844837421563,0.13799303235270144,0.14036294922989156,0.006268094859729962
1999-09-12,0.1361237877923559,0.1356959498003422,0.1396177980604677,0.1456788362806617,0.1405804335424985,0.1303479749001711,0.13684703773123622,0.14001235976421364,0.00565949191389367
1999-10-02,0.1516329150028522,0.1361237877923559,0.1356959498003422,0.1396177980604677,0.1456788362806617,0.1405804335424985,0.13995395648276418,0.1404758509222285,0.007008964403780336
1999-10-03,0.1414717626925271,0.1516329150028522,0.1361237877923559,0.1356959498003422,0.1396177980604677,0.1456788362806617,0.14154306902452934,0.1401989446662863,0.005584284420186601
1999-10-05,0.1462849401026811,0.1414717626925271,0.1516329150028522,0.1361237877923559,0.1356959498003422,0.1396177980604677,0.14235799853312683,0.14056141852063125,0.005831170529088773
1999-10-06,0.133628066172276,0.1462849401026811,0.1414717626925271,0.1516329150028522,0.1361237877923559,0.1356959498003422,0.1406364599462146,0.14024054002662098,0.006434972006827272
1999-10-08,0.1428978893325727,0.133628066172276,0.1462849401026811,0.1414717626925271,0.1516329150028522,0.1361237877923559,0.14110504441365818,0.1406232173416999,0.006467773694530936
1999-10-09,0.1400456360524814,0.1428978893325727,0.133628066172276,0.1462849401026811,0.1414717626925271,0.1516329150028522,0.14172642816396377,0.14053646130443045,0.006057416893994565
1999-10-11,0.1368368511123787,0.1400456360524814,0.1428978893325727,0.133628066172276,0.1462849401026811,0.1414717626925271,0.14182829435253846,0.14069095835710205,0.005952584090587552
1999-10-12,0.1367655447803764,0.1368368511123787,0.1400456360524814,0.1428978893325727,0.133628066172276,0.1462849401026811,0.1397043843207562,0.14061133295303285,0.004291919432788297
1999-11-01,0.1420065601825441,0.1367655447803764,0.1368368511123787,0.1400456360524814,0.1428978893325727,0.133628066172276,0.1397807839621872,0.1407242346453698,0.004333185194103621
1999-11-02,0.150563320022818,0.1420065601825441,0.1367655447803764,0.1368368511123787,0.1400456360524814,0.1428978893325727,0.14039198109363532,0.1406255942194333,0.005537795392013352
1999-11-03,0.1430761551625784,0.150563320022818,0.1420065601825441,0.1367655447803764,0.1368368511123787,0.1400456360524814,0.14174170809224995,0.14080386004943898,0.004702924115134296
1999-11-05,0.1465701654306902,0.1430761551625784,0.150563320022818,0.1420065601825441,0.1367655447803764,0.1368368511123787,0.1422663189634096,0.1410094599733789,0.005045719318424772
1999-11-06,0.1361237877923559,0.1465701654306902,0.1430761551625784,0.150563320022818,0.1420065601825441,0.1367655447803764,0.1417060549262488,0.1404330671230271,0.00552807511253676
1999-11-08,0.1450370792926411,0.1361237877923559,0.1465701654306902,0.1430761551625784,0.150563320022818,0.1420065601825441,0.14287751609485771,0.14054596881536405,0.0051823098994021
1999-11-10,0.1514546491728465,0.1450370792926411,0.1361237877923559,0.1465701654306902,0.1430761551625784,0.150563320022818,0.14497595957949633,0.14119010268111806,0.005268218839442347
1999-11-11,0.1373716486023958,0.1514546491728465,0.1450370792926411,0.1361237877923559,0.1465701654306902,0.1430761551625784,0.14431382935376086,0.14136242631679022,0.005950687299919644
1999-12-01,0.1455718767826583,0.1373716486023958,0.1514546491728465,0.1450370792926411,0.1361237877923559,0.1465701654306902,0.14360076603373803,0.14151692336946184,0.005345269102529741
1999-12-02,0.1557330290929834,0.1455718767826583,0.1373716486023958,0.1514546491728465,0.1450370792926411,0.1361237877923559,0.14540889088093875,0.14208143183114655,0.007017392592716245
1999-12-03,0.1438961779806046,0.1557330290929834,0.1455718767826583,0.1373716486023958,0.1514546491728465,0.1450370792926411,0.14502689267378366,0.1417878874310705,0.007016422119201381
1999-12-04,0.1322019395322304,0.1438961779806046,0.1557330290929834,0.1455718767826583,0.1373716486023958,0.1514546491728465,0.14446662863662288,0.14169875451606764,0.00794143093888949
1999-12-05,0.1471762692527096,0.1322019395322304,0.1438961779806046,0.1557330290929834,0.1455718767826583,0.1373716486023958,0.14477222720234698,0.14200774862141088,0.008007922713129037
1999-12-07,0.1410439247005133,0.1471762692527096,0.1322019395322304,0.1438961779806046,0.1557330290929834,0.1455718767826583,0.1432849808491565,0.14164884008366604,0.007511359411191115
1999-12-08,0.1469980034227039,0.1410439247005133,0.1471762692527096,0.1322019395322304,0.1438961779806046,0.1557330290929834,0.14466017439491477,0.14174391519300242,0.007119270311128934
1999-12-10,0.1530590416428978,0.1469980034227039,0.1410439247005133,0.1471762692527096,0.1322019395322304,0.1438961779806046,0.145729769374949,0.1425164004563605,0.00780817514354593
1999-12-11,0.1355889903023388,0.1530590416428978,0.1469980034227039,0.1410439247005133,0.1471762692527096,0.1322019395322304,0.14285204954771405,0.14269110096976603,0.007194985404414286
2000-01-02,0.1415787221905305,0.1355889903023388,0.1530590416428978,0.1469980034227039,0.1410439247005133,0.1471762692527096,0.14252098443484632,0.1427243772580338,0.007192250684242148
2000-01-03,0.1373716486023958,0.1415787221905305,0.1355889903023388,0.1530590416428978,0.1469980034227039,0.1410439247005133,0.1432595143020128,0.14244747100209162,0.00614526656175506
2000-01-06,0.1291714204221334,0.1373716486023958,0.1415787221905305,0.1355889903023388,0.1530590416428978,0.1469980034227039,0.14068739304050193,0.1420992584141471,0.0077825506961329855
2000-01-08,0.1321306332002281,0.1291714204221334,0.1373716486023958,0.1415787221905305,0.1355889903023388,0.1530590416428978,0.13941406568331832,0.14198041452747664,0.008417739782318603
2000-01-09,0.1307758128921848,0.1321306332002281,0.1291714204221334,0.1373716486023958,0.1415787221905305,0.1355889903023388,0.13709660989324418,0.14180214869747096,0.008212380374907945
2000-01-11,0.124001711351968,0.1307758128921848,0.1321306332002281,0.1291714204221334,0.1373716486023958,0.1415787221905305,0.13294556270882563,0.14088110857577482,0.005783855978586921
2000-01-12,0.1216842555618938,0.124001711351968,0.1307758128921848,0.1321306332002281,0.1291714204221334,0.1373716486023958,0.1309591720316192,0.1402215250047537,0.006987214915403232
2000-02-02,0.1403308613804905,0.1216842555618938,0.124001711351968,0.1307758128921848,0.1321306332002281,0.1291714204221334,0.13078090620161348,0.140023055714014,0.006680298126771561
2000-02-03,0.1341628636622932,0.1403308613804905,0.1216842555618938,0.124001711351968,0.1307758128921848,0.1321306332002281,0.13032250835302742,0.14004088229701459,0.006248828545342915
2000-02-05,0.1330932686822589,0.1341628636622932,0.1403308613804905,0.1216842555618938,0.124001711351968,0.1307758128921848,0.1308827723901882,0.13971406160867078,0.006303993284321001
2000-02-06,0.1297062179121506,0.1330932686822589,0.1341628636622932,0.1403308613804905,0.1216842555618938,0.124001711351968,0.13053642734903426,0.13936941433732644,0.006290593872314795
2000-02-08,0.1314888762122076,0.1297062179121506,0.1330932686822589,0.1341628636622932,0.1403308613804905,0.1216842555618938,0.13063829353760895,0.1391911485073207,0.006300881472123458
2000-02-10,0.1287435824301197,0.1314888762122076,0.1297062179121506,0.1330932686822589,0.1341628636622932,0.1403308613804905,0.13131570369163062,0.13892374976231217,0.005694151376795198
2000-02-11,0.124001711351968,0.1287435824301197,0.1314888762122076,0.1297062179121506,0.1330932686822589,0.1341628636622932,0.13164676880449838,0.13832358813462628,0.005074488833325491
2000-03-02,0.1400456360524814,0.124001711351968,0.1287435824301197,0.1314888762122076,0.1297062179121506,0.1330932686822589,0.13160602232906848,0.1379729986689484,0.004993637731675716
2000-03-03,0.133628066172276,0.1400456360524814,0.124001711351968,0.1287435824301197,0.1314888762122076,0.1297062179121506,0.13152962268763746,0.13765806236927167,0.004951916668243813
2000-03-04,0.1343411294922989,0.133628066172276,0.1400456360524814,0.124001711351968,0.1287435824301197,0.1314888762122076,0.13170788851764317,0.13725042783799196,0.0050392790970619
2000-03-05,0.1329150028522532,0.1343411294922989,0.133628066172276,0.1400456360524814,0.124001711351968,0.1287435824301197,0.13216628636622926,0.13714346833998853,0.004972349253610901
2000-03-07,0.1327367370222475,0.1329150028522532,0.1343411294922989,0.133628066172276,0.1400456360524814,0.124001711351968,0.13234455219623495,0.13673345693097538,0.004966380658830802
2000-03-08,0.1314175698802053,0.1327367370222475,0.1329150028522532,0.1343411294922989,0.133628066172276,0.1400456360524814,0.13272655040339004,0.13606555428788739,0.004740964663376557
2000-03-10,0.1286366229321163,0.1314175698802053,0.1327367370222475,0.1329150028522532,0.1343411294922989,0.133628066172276,0.1333886806291255,0.1357743867655447,0.003473620849405061
2000-03-11,0.1225755847119224,0.1286366229321163,0.1314175698802053,0.1327367370222475,0.1329150028522532,0.1343411294922989,0.13089295900904566,0.1350078436965202,0.004111039077981289
2000-04-01,0.1437179121505989,0.1225755847119224,0.1286366229321163,0.1314175698802053,0.1327367370222475,0.1329150028522532,0.1323343655773775,0.13460733979844072,0.00637519797635302
2000-04-02,0.1411152310325157,0.1437179121505989,0.1225755847119224,0.1286366229321163,0.1314175698802053,0.1327367370222475,0.13330209436883705,0.13451464156683773,0.007192355885016887
2000-04-04,0.1325584711922418,0.1411152310325157,0.1437179121505989,0.1225755847119224,0.1286366229321163,0.1314175698802053,0.1332511612745497,0.13452652595550477,0.007196814982874091
2000-04-05,0.1329150028522532,0.1325584711922418,0.1411152310325157,0.1437179121505989,0.1225755847119224,0.1286366229321163,0.13327662782169336,0.13405115040882293,0.00719500643669721
2000-04-07,0.1325584711922418,0.1329150028522532,0.1325584711922418,0.1411152310325157,0.1437179121505989,0.1225755847119224,0.13343961372341287,0.13376830195854722,0.0071587057423133675
2000-04-08,0.1310610382201939,0.1325584711922418,0.1329150028522532,0.1325584711922418,0.1411152310325157,0.1437179121505989,0.1337859587645668,0.1332370697851302,0.006943001561532841
2000-04-09,0.1313106103822019,0.1310610382201939,0.1325584711922418,0.1329150028522532,0.1325584711922418,0.1411152310325157,0.13503381957460675,0.13251212207644034,0.005144355986675998
2000-04-10,0.128814888762122,0.1313106103822019,0.1310610382201939,0.1325584711922418,0.1329150028522532,0.1325584711922418,0.13290481623339576,0.13228631869176644,0.003879850536206273
2000-04-12,0.120971192241871,0.128814888762122,0.1313106103822019,0.1310610382201939,0.1325584711922418,0.1329150028522532,0.13002709640616078,0.1315994010268111,0.004229874144481614
2000-05-01,0.1430761551625784,0.120971192241871,0.128814888762122,0.1313106103822019,0.1310610382201939,0.1325584711922418,0.13152962268763743,0.1317895512454839,0.006524543294413116
2000-05-04,0.1368368511123787,0.1430761551625784,0.120971192241871,0.128814888762122,0.1313106103822019,0.1310610382201939,0.13208988672479824,0.13204506560182538,0.006824809106201375
2000-05-05,0.1355889903023388,0.1368368511123787,0.1430761551625784,0.120971192241871,0.128814888762122,0.1313106103822019,0.1325228180262407,0.13216034417189576,0.006954378283706999
2000-05-06,0.1339845978322875,0.1355889903023388,0.1368368511123787,0.1430761551625784,0.120971192241871,0.128814888762122,0.1329404693993969,0.13226730366989917,0.006939731445222609
2000-05-07,0.1325584711922418,0.1339845978322875,0.1355889903023388,0.1368368511123787,0.1430761551625784,0.120971192241871,0.1331187352294026,0.1325525289979083,0.00690683558105265
2000-05-09,0.1308827723901882,0.1325584711922418,0.1339845978322875,0.1355889903023388,0.1368368511123787,0.1430761551625784,0.13341414717626918,0.1328591462255181,0.006734139691875101
2000-05-10,0.1284583571021106,0.1308827723901882,0.1325584711922418,0.1339845978322875,0.1355889903023388,0.1368368511123787,0.1344837421563034,0.13246339608290544,0.004722575535809626
2000-05-12,0.121969480889903,0.1284583571021106,0.1308827723901882,0.1325584711922418,0.1339845978322875,0.1355889903023388,0.13146850297449267,0.13205694999049242,0.005048957328948745
2000-06-01,0.1379064460924129,0.121969480889903,0.1284583571021106,0.1308827723901882,0.1325584711922418,0.1339845978322875,0.1316213022573547,0.13221738923749757,0.005250656104580299
2000-06-03,0.1361237877923559,0.1379064460924129,0.121969480889903,0.1284583571021106,0.1308827723901882,0.1325584711922418,0.13169770189878569,0.1324313082335044,0.005321423781995225
2000-06-04,0.1363020536223616,0.1361237877923559,0.1379064460924129,0.121969480889903,0.1284583571021106,0.1308827723901882,0.13202876701165342,0.13259174748050953,0.005554401249257527
2000-06-06,0.1330932686822589,0.1363020536223616,0.1361237877923559,0.1379064460924129,0.121969480889903,0.1284583571021106,0.13210516665308444,0.1327367370222475,0.005566566242275295
2000-06-07,0.131845407872219,0.1330932686822589,0.1363020536223616,0.1361237877923559,0.1379064460924129,0.121969480889903,0.1322426860076603,0.13299819357292256,0.0055431760489501065
2000-06-09,0.1311323445521962,0.131845407872219,0.1330932686822589,0.1363020536223616,0.1361237877923559,0.1379064460924129,0.13262468421481535,0.13270108385624638,0.005326835501001381
2000-06-10,0.1277452937820878,0.1311323445521962,0.131845407872219,0.1330932686822589,0.1363020536223616,0.1361237877923559,0.13344980034227033,0.1325049914432401,0.0035534123379652094
2000-06-11,0.1232886480319452,0.1277452937820878,0.1311323445521962,0.131845407872219,0.1330932686822589,0.1363020536223616,0.13136154347648923,0.13213657539456164,0.004630011577211113
2000-06-12,0.1225755847119224,0.1232886480319452,0.1277452937820878,0.1311323445521962,0.131845407872219,0.1330932686822589,0.12942608589357013,0.1317919281232173,0.005113938002042502
2000-07-01,0.1377281802624072,0.1225755847119224,0.1232886480319452,0.1277452937820878,0.1311323445521962,0.131845407872219,0.12962981827071954,0.13195830956455593,0.005450832686596366
2000-07-02,0.1488876212207644,0.1377281802624072,0.1225755847119224,0.1232886480319452,0.1277452937820878,0.1311323445521962,0.1318861543476489,0.13254064460924125,0.009142388274121355
2000-07-03,0.1346976611523103,0.1488876212207644,0.1377281802624072,0.1225755847119224,0.1232886480319452,0.1277452937820878,0.13229361910194765,0.13274267921658106,0.009203625170588746
2000-07-04,0.1359455219623502,0.1346976611523103,0.1488876212207644,0.1377281802624072,0.1225755847119224,0.1232886480319452,0.13298121587482678,0.1331883437915953,0.009281869498755382
2000-07-06,0.1345193953223046,0.1359455219623502,0.1346976611523103,0.1488876212207644,0.1377281802624072,0.1225755847119224,0.13394894466628635,0.1328817265639855,0.008993648046503013
2000-07-07,0.1323802053622361,0.1345193953223046,0.1359455219623502,0.1346976611523103,0.1488876212207644,0.1377281802624072,0.13524773857061362,0.13259055904164282,0.007770941497406433
2000-07-08,0.130062749572162,0.1323802053622361,0.1345193953223046,0.1359455219623502,0.1346976611523103,0.1488876212207644,0.13631733355064785,0.1325073683209735,0.0060637939730169175
2000-07-09,0.1297062179121506,0.130062749572162,0.1323802053622361,0.1345193953223046,0.1359455219623502,0.1346976611523103,0.1351713389291826,0.1324004088229701,0.006495393494850953
2000-07-11,0.1236451796919566,0.1297062179121506,0.130062749572162,0.1323802053622361,0.1345193953223046,0.1359455219623502,0.1315652758536386,0.13210329910629393,0.004219615512573573
2000-07-12,0.1238234455219623,0.1236451796919566,0.1297062179121506,0.130062749572162,0.1323802053622361,0.1345193953223046,0.13001181647787463,0.13186204601635287,0.004831534908698424
2000-08-02,0.1425413576725613,0.1238234455219623,0.1236451796919566,0.1297062179121506,0.130062749572162,0.1323802053622361,0.1309540787221905,0.13223640425936486,0.006527223915484292
2000-08-03,0.1352324586423274,0.1425413576725613,0.1238234455219623,0.1236451796919566,0.1297062179121506,0.130062749572162,0.13105594491076517,0.13245032325537168,0.006597326826028057
2000-08-05,0.1323802053622361,0.1352324586423274,0.1425413576725613,0.1238234455219623,0.1236451796919566,0.1297062179121506,0.1310559449107652,0.1328306236927172,0.006597326826028057
2000-08-06,0.134875926982316,0.1323802053622361,0.1352324586423274,0.1425413576725613,0.1238234455219623,0.1236451796919566,0.13174354168364433,0.1325572827533751,0.006726126030740028
2000-08-08,0.1302410154021677,0.134875926982316,0.1323802053622361,0.1352324586423274,0.1425413576725613,0.1238234455219623,0.13181994132507532,0.13233742156303477,0.0067021223880766425
2000-08-09,0.1289931545921277,0.1302410154021677,0.134875926982316,0.1323802053622361,0.1352324586423274,0.1425413576725613,0.1325839377393855,0.13211756037269437,0.005867833627160874
2000-08-11,0.1227538505419281,0.1289931545921277,0.1302410154021677,0.134875926982316,0.1323802053622361,0.1352324586423274,0.13243113845652346,0.1317432021296824,0.006141522421577356
2000-08-12,0.1225755847119224,0.1227538505419281,0.1289931545921277,0.1302410154021677,0.134875926982316,0.1323802053622361,0.1295788851764322,0.1314104392470051,0.005232554371883869
2000-09-02,0.1458571021106674,0.1225755847119224,0.1227538505419281,0.1289931545921277,0.1302410154021677,0.134875926982316,0.13109669138619506,0.13190958357102106,0.007970456441543755
2000-09-03,0.1346976611523103,0.1458571021106674,0.1225755847119224,0.1227538505419281,0.1289931545921277,0.1302410154021677,0.13142775649906283,0.1321175603726944,0.008080030957926952
2000-09-05,0.1325584711922418,0.1346976611523103,0.1458571021106674,0.1225755847119224,0.1227538505419281,0.1289931545921277,0.13109669138619506,0.13247052671610568,0.007961813120132036
2000-09-06,0.1341628636622932,0.1325584711922418,0.1346976611523103,0.1458571021106674,0.1225755847119224,0.1227538505419281,0.13165695542335584,0.13234574063510168,0.008029266980419711
2000-09-08,0.1282800912721049,0.1341628636622932,0.1325584711922418,0.1346976611523103,0.1458571021106674,0.1225755847119224,0.13155508923478118,0.13208428408442666,0.008073098424624843
2000-09-10,0.1279235596120935,0.1282800912721049,0.1341628636622932,0.1325584711922418,0.1346976611523103,0.1458571021106674,0.13229361910194765,0.13180500095075107,0.007336640118395139
2000-09-11,0.1230390758699372,0.1279235596120935,0.1282800912721049,0.1341628636622932,0.1325584711922418,0.1346976611523103,0.1323598321245212,0.13146986119034032,0.007235714871823855
2000-10-01,0.1380847119224186,0.1230390758699372,0.1279235596120935,0.1282800912721049,0.1341628636622932,0.1325584711922418,0.13124949066905706,0.13167783799201366,0.005100675818382901
2000-10-02,0.145750142612664,0.1380847119224186,0.1230390758699372,0.1279235596120935,0.1282800912721049,0.1341628636622932,0.13282841659196476,0.13216509792736258,0.007494768624883478
2000-10-03,0.1368368511123787,0.145750142612664,0.1380847119224186,0.1230390758699372,0.1279235596120935,0.1282800912721049,0.13343961372341287,0.13246814983837227,0.007642088323819995
2000-10-04,0.1357672561323445,0.1368368511123787,0.145750142612664,0.1380847119224186,0.1230390758699372,0.1279235596120935,0.13366881264770591,0.13288410344171891,0.007691295809505243
2000-10-05,0.1338063320022818,0.1357672561323445,0.1368368511123787,0.145750142612664,0.1380847119224186,0.1230390758699372,0.13445827560915974,0.1332584616847309,0.0073206786856631
2000-10-07,0.1320236737022247,0.1338063320022818,0.1357672561323445,0.1368368511123787,0.145750142612664,0.1380847119224186,0.1350440061934642,0.13306831146605816,0.006860238450344741
2000-10-08,0.1284583571021106,0.1320236737022247,0.1338063320022818,0.1357672561323445,0.1368368511123787,0.145750142612664,0.13581818922663186,0.13238733599543637,0.005438047073985753
2000-10-10,0.1281018254420992,0.1284583571021106,0.1320236737022247,0.1338063320022818,0.1357672561323445,0.1368368511123787,0.13439206258658623,0.13216747480509597,0.0060222147150354325
2000-10-11,0.1231103822019395,0.1281018254420992,0.1284583571021106,0.1320236737022247,0.1338063320022818,0.1357672561323445,0.13115781109933985,0.1317396368130823,0.004875962675671557
2000-11-01,0.1384412435824301,0.1231103822019395,0.1281018254420992,0.1284583571021106,0.1320236737022247,0.1338063320022818,0.13138701002363293,0.13187036508841982,0.005213432016196339
2000-11-02,0.145750142612664,0.1384412435824301,0.1231103822019395,0.1281018254420992,0.1284583571021106,0.1320236737022247,0.13281313666367855,0.1323160296634341,0.0074828181162808465
2000-11-04,0.1371220764403879,0.145750142612664,0.1384412435824301,0.1231103822019395,0.1281018254420992,0.1284583571021106,0.13328681444055085,0.1325513405590416,0.0076590396736209805
2000-11-05,0.1329150028522532,0.1371220764403879,0.145750142612664,0.1384412435824301,0.1231103822019395,0.1281018254420992,0.1334141471762692,0.13265830005704501,0.007641929907707358
2000-11-07,0.1320236737022247,0.1329150028522532,0.1371220764403879,0.145750142612664,0.1384412435824301,0.1231103822019395,0.13392347811914265,0.13293758319072063,0.007370574281596339
2000-11-08,0.1293496862521392,0.1320236737022247,0.1329150028522532,0.1371220764403879,0.145750142612664,0.1384412435824301,0.13410174394914837,0.13312179121505985,0.007219853099275162
2000-11-09,0.1281018254420992,0.1293496862521392,0.1320236737022247,0.1329150028522532,0.1371220764403879,0.145750142612664,0.1348148072691712,0.13264047347404445,0.006115382879746167
2000-11-10,0.128814888762122,0.1281018254420992,0.1293496862521392,0.1320236737022247,0.1329150028522532,0.1371220764403879,0.1334396137234129,0.1324265544780376,0.006244962334212883
2000-11-12,0.1207929264118653,0.128814888762122,0.1281018254420992,0.1293496862521392,0.1320236737022247,0.1329150028522532,0.1298742971232988,0.13204031184635856,0.005056456739393196
2000-12-01,0.1380847119224186,0.1207929264118653,0.128814888762122,0.1281018254420992,0.1293496862521392,0.1320236737022247,0.1300118164778746,0.132147271344362,0.00529393920249573
2000-12-04,0.1363020536223616,0.1380847119224186,0.1207929264118653,0.128814888762122,0.1281018254420992,0.1293496862521392,0.13049568087360436,0.13234930595170177,0.0057395480747418695
2000-12-05,0.131845407872219,0.1363020536223616,0.1380847119224186,0.1207929264118653,0.128814888762122,0.1281018254420992,0.1304702143264607,0.13244438106103817,0.0057320289264934975
2000-12-06,0.1332715345122646,0.131845407872219,0.1363020536223616,0.1380847119224186,0.1207929264118653,0.128814888762122,0.13103047836362144,0.13279497052671604,0.005795565470881411
2000-12-07,0.1313106103822019,0.1332715345122646,0.131845407872219,0.1363020536223616,0.1380847119224186,0.1207929264118653,0.13148887621220756,0.13308613804905872,0.005650398815771061
2000-12-09,0.1277452937820878,0.1313106103822019,0.1332715345122646,0.131845407872219,0.1363020536223616,0.1380847119224186,0.13133607692934554,0.1324824111047727,0.005748373796787946
2000-12-10,0.1276739874500855,0.1277452937820878,0.1313106103822019,0.1332715345122646,0.131845407872219,0.1363020536223616,0.13231908564909128,0.1322482886480319,0.003952879569878119
2000-12-12,0.1207929264118653,0.1276739874500855,0.1277452937820878,0.1313106103822019,0.1332715345122646,0.131845407872219,0.1298488305761551,0.13185610382201934,0.0050107604367076765
2001-01-02,0.1257130633200228,0.1207929264118653,0.1276739874500855,0.1277452937820878,0.1313106103822019,0.1332715345122646,0.128336117675821,0.13157444381061034,0.00428347020155048
2001-01-03,0.1154449515116942,0.1257130633200228,0.1207929264118653,0.1276739874500855,0.1277452937820878,0.1313106103822019,0.12599319533860315,0.13114660581859663,0.006130942744886075
2001-01-05,0.1093126069594979,0.1154449515116942,0.1257130633200228,0.1207929264118653,0.1276739874500855,0.1277452937820878,0.12257049140249364,0.13052624073017677,0.007840006861741989
2001-01-06,0.111344837421563,0.1093126069594979,0.1154449515116942,0.1257130633200228,0.1207929264118653,0.1276739874500855,0.11971823812240236,0.13013643278189765,0.007761791370302518
2001-01-08,0.1058185966913861,0.111344837421563,0.1093126069594979,0.1154449515116942,0.1257130633200228,0.1207929264118653,0.1165858528237307,0.1290608956075299,0.008382083843815096
2001-01-10,0.117940673131774,0.1058185966913861,0.111344837421563,0.1093126069594979,0.1154449515116942,0.1257130633200228,0.11519537934968618,0.12813391329150023,0.0069150906307542765
2001-01-11,0.1056403308613805,0.117940673131774,0.1058185966913861,0.111344837421563,0.1093126069594979,0.1154449515116942,0.11303072284247408,0.12709402928313362,0.007235066511216644
2001-02-01,0.1182972047917854,0.1056403308613805,0.117940673131774,0.1058185966913861,0.111344837421563,0.1093126069594979,0.1119713144812973,0.12651169423844832,0.005371448813467774
2001-02-02,0.1238234455219623,0.1182972047917854,0.1056403308613805,0.117940673131774,0.1058185966913861,0.111344837421563,0.11316824219704988,0.126178931355771,0.006970092998222164
2001-02-03,0.1122361665715915,0.1238234455219623,0.1182972047917854,0.1056403308613805,0.117940673131774,0.1058185966913861,0.11358589357020611,0.1255193477847499,0.00678570791717429
2001-02-04,0.1077795208214489,0.1122361665715915,0.1238234455219623,0.1182972047917854,0.1056403308613805,0.117940673131774,0.11307656262733268,0.12483005324206117,0.007108102154042043
2001-02-05,0.1109883057615516,0.1077795208214489,0.1122361665715915,0.1238234455219623,0.1182972047917854,0.1056403308613805,0.11381509249449917,0.12425960258604292,0.006468068491327341
2001-02-07,0.1081360524814603,0.1109883057615516,0.1077795208214489,0.1122361665715915,0.1238234455219623,0.1182972047917854,0.11241443240159722,0.12376045826202695,0.006487341508085081
2001-02-08,0.1055690245293781,0.1081360524814603,0.1109883057615516,0.1077795208214489,0.1122361665715915,0.1238234455219623,0.11240424578273973,0.12266471762692523,0.006499795252475122
2001-02-10,0.1184754706217912,0.1055690245293781,0.1081360524814603,0.1109883057615516,0.1077795208214489,0.1122361665715915,0.11242971232988341,0.12175556189389612,0.0065270245300270285
2001-02-11,0.1051055333713633,0.1184754706217912,0.1055690245293781,0.1081360524814603,0.1109883057615516,0.1077795208214489,0.10975572487979786,0.1206883437915953,0.004643764178536391
2001-03-01,0.1159797490017113,0.1051055333713633,0.1184754706217912,0.1055690245293781,0.1081360524814603,0.1109883057615516,0.11029052236981496,0.12012383532991057,0.005163511422659447
2001-03-04,0.1088491158014831,0.1159797490017113,0.1051055333713633,0.1184754706217912,0.1055690245293781,0.1081360524814603,0.11044332165267698,0.11935135006655252,0.005092153965416399
2001-03-05,0.1109883057615516,0.1088491158014831,0.1159797490017113,0.1051055333713633,0.1184754706217912,0.1055690245293781,0.11044332165267698,0.1187393040501996,0.005092153965416399
2001-03-07,0.1076012549914432,0.1109883057615516,0.1088491158014831,0.1159797490017113,0.1051055333713633,0.1184754706217912,0.11036692201124597,0.1180559517018444,0.005136360345403664
2001-03-08,0.1058185966913861,0.1076012549914432,0.1109883057615516,0.1088491158014831,0.1159797490017113,0.1051055333713633,0.11040257517724712,0.11728940863281986,0.005098230583873416
2001-03-09,0.1042142042213348,0.1058185966913861,0.1076012549914432,0.1109883057615516,0.1088491158014831,0.1159797490017113,0.10836525140575336,0.11673678455980219,0.004082915782017394
2001-03-10,0.1182258984597832,0.1042142042213348,0.1058185966913861,0.1076012549914432,0.1109883057615516,0.1088491158014831,0.1102395892755276,0.11607482411104766,0.005196726681418
2001-03-12,0.1036794067313177,0.1182258984597832,0.1042142042213348,0.1058185966913861,0.1076012549914432,0.1109883057615516,0.10848239752261424,0.11498740254801287,0.0050084646773223785
2001-04-01,0.1149101540216771,0.1036794067313177,0.1182258984597832,0.1042142042213348,0.1058185966913861,0.1076012549914432,0.10934826012549911,0.11442289408632814,0.005574373739556816
2001-04-04,0.1088491158014831,0.1149101540216771,0.1036794067313177,0.1182258984597832,0.1042142042213348,0.1058185966913861,0.10904266155977503,0.11360881346263543,0.005527921814356408
2001-04-05,0.1100969766115231,0.1088491158014831,0.1149101540216771,0.1036794067313177,0.1182258984597832,0.1042142042213348,0.10939919321978644,0.11290169233694612,0.0054998733481598765
2001-04-06,0.1117013690815744,0.1100969766115231,0.1088491158014831,0.1149101540216771,0.1036794067313177,0.1182258984597832,0.11023958927552764,0.11236689484692902,0.005307653664923374
2001-04-07,0.1068881916714203,0.1117013690815744,0.1100969766115231,0.1088491158014831,0.1149101540216771,0.1036794067313177,0.11062158748268269,0.11167403498764018,0.0048807831850752065
2001-04-09,0.103501140901312,0.1068881916714203,0.1117013690815744,0.1100969766115231,0.1088491158014831,0.1149101540216771,0.10851805068861539,0.11109764213728841,0.004179980298439617
2001-04-10,0.1190102681118083,0.103501140901312,0.1068881916714203,0.1117013690815744,0.1100969766115231,0.1088491158014831,0.11070817374297118,0.11087421563034791,0.005130482269883396
2001-04-12,0.1046776953793496,0.1190102681118083,0.103501140901312,0.1068881916714203,0.1117013690815744,0.1100969766115231,0.1092463939369244,0.1105153070926031,0.0051910743838417825
2001-05-01,0.1158014831717056,0.1046776953793496,0.1190102681118083,0.103501140901312,0.1068881916714203,0.1117013690815744,0.11023958927552761,0.11073160296634336,0.005738609379256318
2001-05-02,0.1229321163719338,0.1158014831717056,0.1046776953793496,0.1190102681118083,0.103501140901312,0.1068881916714203,0.112073180669872,0.11111784559802239,0.007473679700090471
2001-05-03,0.1115231032515687,0.1229321163719338,0.1158014831717056,0.1046776953793496,0.1190102681118083,0.103501140901312,0.11204771412272832,0.11130799581669513,0.007475461312978594
2001-05-04,0.1095621791215059,0.1115231032515687,0.1229321163719338,0.1158014831717056,0.1046776953793496,0.1190102681118083,0.11242971232988341,0.11102871268301955,0.007232229773219921
2001-05-06,0.1096691386195093,0.1095621791215059,0.1115231032515687,0.1229321163719338,0.1158014831717056,0.1046776953793496,0.11331085486105445,0.11116300627495715,0.006275579379487741
2001-05-07,0.1065316600114089,0.1096691386195093,0.1095621791215059,0.1115231032515687,0.1229321163719338,0.1158014831717056,0.11152819656099741,0.11077082144894461,0.006158009099170571
2001-05-09,0.1040359383913291,0.1065316600114089,0.1096691386195093,0.1095621791215059,0.1115231032515687,0.1229321163719338,0.11143651699128018,0.1101112378779235,0.006280554466359982
2001-05-10,0.1202581289218482,0.1040359383913291,0.1065316600114089,0.1096691386195093,0.1095621791215059,0.1115231032515687,0.11207318066987197,0.11037863662293206,0.006983345774642316
2001-05-11,0.1017184826012549,0.1202581289218482,0.1040359383913291,0.1065316600114089,0.1096691386195093,0.1095621791215059,0.109042661559775,0.11017660201559226,0.00602242578788401
2001-05-12,0.1024315459212777,0.1017184826012549,0.1202581289218482,0.1040359383913291,0.1065316600114089,0.1096691386195093,0.10774386765544772,0.10989137668758313,0.006368724021618214
2001-06-02,0.1207929264118653,0.1024315459212777,0.1017184826012549,0.1202581289218482,0.1040359383913291,0.1065316600114089,0.10934826012549906,0.11031327248526329,0.008086171585246882
2001-06-03,0.1122361665715915,0.1207929264118653,0.1024315459212777,0.1017184826012549,0.1202581289218482,0.1040359383913291,0.10971497840436795,0.11053551055333706,0.008161011885762947
2001-06-04,0.1097404449515116,0.1122361665715915,0.1207929264118653,0.1024315459212777,0.1017184826012549,0.1202581289218482,0.11017337625295405,0.11024434303099442,0.008041651182420272
2001-06-06,0.1100969766115231,0.1097404449515116,0.1122361665715915,0.1207929264118653,0.1024315459212777,0.1017184826012549,0.1110392388558389,0.11041072447233308,0.00758395883327315
2001-06-07,0.105283799201369,0.1100969766115231,0.1097404449515116,0.1122361665715915,0.1207929264118653,0.1024315459212777,0.10890004889577044,0.11005419281232168,0.006598014919643294
2001-06-08,0.1051055333713633,0.105283799201369,0.1100969766115231,0.1097404449515116,0.1122361665715915,0.1207929264118653,0.10938391329150021,0.10992940673131768,0.0060880673674993556
2001-06-09,0.1036794067313177,0.1051055333713633,0.105283799201369,0.1100969766115231,0.1097404449515116,0.1122361665715915,0.10956217912150593,0.10968577676364322,0.005864738097716678
2001-06-11,0.1017184826012549,0.1036794067313177,0.1051055333713633,0.105283799201369,0.1100969766115231,0.1097404449515116,0.10683725857713301,0.10948968435063695,0.0038684291454193654
2001-06-12,0.1051055333713633,0.1017184826012549,0.1036794067313177,0.1051055333713633,0.105283799201369,0.1100969766115231,0.10581859669138613,0.10946591557330285,0.0030652739059818302
2001-07-02,0.1197233314318311,0.1051055333713633,0.1017184826012549,0.1036794067313177,0.1051055333713633,0.105283799201369,0.10724472333143177,0.1099828864803194,0.0060566673837554276
2001-07-03,0.1122361665715915,0.1197233314318311,0.1051055333713633,0.1017184826012549,0.1036794067313177,0.1051055333713633,0.10755032189715584,0.109783228750713,0.006274614759051089
2001-07-06,0.1092056474614945,0.1122361665715915,0.1197233314318311,0.1051055333713633,0.1017184826012549,0.1036794067313177,0.10811058593431662,0.10996743677505223,0.006213298229082051
2001-07-08,0.102253280091272,0.1092056474614945,0.1122361665715915,0.1197233314318311,0.1051055333713633,0.1017184826012549,0.10770312118001787,0.10954554097737206,0.0065287307017006975
2001-07-09,0.1038576725613234,0.102253280091272,0.1092056474614945,0.1122361665715915,0.1197233314318311,0.1051055333713633,0.10772858772716154,0.10937915953603339,0.006510742465996126
2001-07-11,0.1024315459212777,0.1038576725613234,0.102253280091272,0.1092056474614945,0.1122361665715915,0.1197233314318311,0.10783045391573622,0.10912364517969189,0.006405768962132993
2001-07-12,0.1068881916714203,0.1024315459212777,0.1038576725613234,0.102253280091272,0.1092056474614945,0.1122361665715915,0.10808511938717293,0.10896320593268675,0.006314163188484494
2001-08-01,0.1175841414717626,0.1068881916714203,0.1024315459212777,0.1038576725613234,0.102253280091272,0.1092056474614945,0.10777952082144886,0.10931973759269817,0.005676584187231645
2001-08-02,0.117940673131774,0.1175841414717626,0.1068881916714203,0.1024315459212777,0.1038576725613234,0.102253280091272,0.10859445033004635,0.10980105533371357,0.006733995871841045
2001-08-03,0.1136622932116371,0.117940673131774,0.1175841414717626,0.1068881916714203,0.1024315459212777,0.1038576725613234,0.10923111400863816,0.10962278950370787,0.007006571766008357
2001-08-05,0.1088491158014831,0.1136622932116371,0.117940673131774,0.1175841414717626,0.1068881916714203,0.1024315459212777,0.11017337625295402,0.10976183685111231,0.006321827754769111
2001-08-06,0.1095621791215059,0.1088491158014831,0.1136622932116371,0.117940673131774,0.1175841414717626,0.1068881916714203,0.11098830576155153,0.10955386004943898,0.005710074649992615
2001-08-08,0.1027880775812892,0.1095621791215059,0.1088491158014831,0.1136622932116371,0.117940673131774,0.1175841414717626,0.11103923885583888,0.10888239208975083,0.0056219385600004305
2001-08-10,0.1202581289218482,0.1027880775812892,0.1095621791215059,0.1088491158014831,0.1136622932116371,0.117940673131774,0.1129492298916143,0.10917355961209348,0.006216341904732175
2001-08-11,0.1018967484312606,0.1202581289218482,0.1027880775812892,0.1095621791215059,0.1088491158014831,0.1136622932116371,0.11070817374297115,0.10891804525575195,0.007040076378672969
2001-09-01,0.1168710781517398,0.1018967484312606,0.1202581289218482,0.1027880775812892,0.1095621791215059,0.1088491158014831,0.11055537446010913,0.10915810990682633,0.006866403261557713
2001-09-02,0.1175841414717626,0.1168710781517398,0.1018967484312606,0.1202581289218482,0.1027880775812892,0.1095621791215059,0.11111563849726992,0.10952652595550477,0.007307967267967799
2001-09-03,0.1152666856816885,0.1175841414717626,0.1168710781517398,0.1018967484312606,0.1202581289218482,0.1027880775812892,0.11203243419444212,0.10990088419851675,0.007378445869359293
2001-09-04,0.1097404449515116,0.1152666856816885,0.1175841414717626,0.1168710781517398,0.1018967484312606,0.1202581289218482,0.1120579007415858,0.10955029473283887,0.007368800167276995
2001-09-05,0.1087778094694809,0.1097404449515116,0.1152666856816885,0.1175841414717626,0.1168710781517398,0.1018967484312606,0.11291357672561318,0.1097856056284464,0.006396605910353677
2001-09-07,0.1067099258414147,0.1087778094694809,0.1097404449515116,0.1152666856816885,0.1175841414717626,0.1168710781517398,0.1109781191426941,0.10992821829245097,0.005828382679856598
2001-09-08,0.1027880775812892,0.1067099258414147,0.1087778094694809,0.1097404449515116,0.1152666856816885,0.1175841414717626,0.11110545187841248,0.10932805666476511,0.005602265306360013
2001-09-10,0.1197233314318311,0.1027880775812892,0.1067099258414147,0.1087778094694809,0.1097404449515116,0.1152666856816885,0.11151291663271123,0.10957762882677309,0.006166785607438176
2001-09-11,0.1010054192812321,0.1197233314318311,0.1027880775812892,0.1067099258414147,0.1087778094694809,0.1097404449515116,0.10914452774834972,0.10928646130443044,0.006613853346836312
2001-10-01,0.116158014831717,0.1010054192812321,0.1197233314318311,0.1027880775812892,0.1067099258414147,0.1087778094694809,0.1092718604840681,0.10948849591177025,0.00675836548890167
2001-10-04,0.1088491158014831,0.116158014831717,0.1010054192812321,0.1197233314318311,0.1027880775812892,0.1067099258414147,0.10914452774834972,0.1096073397984407,0.006756461978159517
2001-10-05,0.111344837421563,0.1088491158014831,0.116158014831717,0.1010054192812321,0.1197233314318311,0.1027880775812892,0.1095112460272186,0.10981531660011402,0.006802746688696987
2001-10-07,0.1067099258414147,0.111344837421563,0.1088491158014831,0.116158014831717,0.1010054192812321,0.1197233314318311,0.1095112460272186,0.10991633390378391,0.006802746688696987
2001-10-08,0.1051055333713633,0.1067099258414147,0.111344837421563,0.1088491158014831,0.116158014831717,0.1010054192812321,0.10984231114008633,0.11002923559612086,0.006469238187432065
2001-10-09,0.1036794067313177,0.1051055333713633,0.1067099258414147,0.111344837421563,0.1088491158014831,0.116158014831717,0.10755032189715584,0.10998169804145269,0.005077410466504382
2001-10-10,0.1146605818596691,0.1036794067313177,0.1051055333713633,0.1067099258414147,0.111344837421563,0.1088491158014831,0.10950105940836112,0.10981293972238061,0.0047568019875296715
2001-10-12,0.1056403308613805,0.1146605818596691,0.1036794067313177,0.1051055333713633,0.1067099258414147,0.111344837421563,0.10799853312688448,0.10959307853204026,0.003884800803787699
2001-11-01,0.1166928123217341,0.1056403308613805,0.1146605818596691,0.1036794067313177,0.1051055333713633,0.1067099258414147,0.10911906120120606,0.10984265069404824,0.005109272312585249
2001-11-04,0.1090273816314888,0.1166928123217341,0.1056403308613805,0.1146605818596691,0.1036794067313177,0.1051055333713633,0.10878799608833832,0.11006845407872214,0.005015228110176023
2001-11-05,0.1095621791215059,0.1090273816314888,0.1166928123217341,0.1056403308613805,0.1146605818596691,0.1036794067313177,0.10919546084263707,0.1102586042973949,0.004933454988111191
2001-11-06,0.1100969766115231,0.1095621791215059,0.1090273816314888,0.1166928123217341,0.1056403308613805,0.1146605818596691,0.10990852416265988,0.1105141186537364,0.00459274568551748
2001-11-07,0.1063533941814033,0.1100969766115231,0.1095621791215059,0.1090273816314888,0.1166928123217341,0.1056403308613805,0.11029052236981497,0.11049629207073582,0.004069714658083516
2001-11-09,0.1036794067313177,0.1063533941814033,0.1100969766115231,0.1095621791215059,0.1090273816314888,0.1166928123217341,0.10872178306576477,0.110032800912721,0.004218180757182096
2001-11-10,0.1120579007415858,0.1036794067313177,0.1063533941814033,0.1100969766115231,0.1095621791215059,0.1090273816314888,0.10963857876293696,0.10983670849971472,0.004133380908491564
2001-11-12,0.1059968625213919,0.1120579007415858,0.1036794067313177,0.1063533941814033,0.1100969766115231,0.1095621791215059,0.10811058593431665,0.10958119414337322,0.002877081214813457
2001-12-01,0.1172276098117512,0.1059968625213919,0.1120579007415858,0.1036794067313177,0.1063533941814033,0.1100969766115231,0.10928204710292555,0.10986047727704883,0.0045155091821450725
2001-12-02,0.1170493439817455,0.1172276098117512,0.1059968625213919,0.1120579007415858,0.1036794067313177,0.1063533941814033,0.11035164208295978,0.1101100494390568,0.005394180999788683
2001-12-03,0.1154449515116942,0.1170493439817455,0.1172276098117512,0.1059968625213919,0.1120579007415858,0.1036794067313177,0.11111563849726995,0.11053194523673697,0.005720930063340702
2001-12-04,0.1102752424415288,0.1154449515116942,0.1170493439817455,0.1172276098117512,0.1059968625213919,0.1120579007415858,0.11167590253443073,0.11019918235405965,0.0053573044964321396
2001-12-06,0.1091343411294923,0.1102752424415288,0.1154449515116942,0.1170493439817455,0.1172276098117512,0.1059968625213919,0.11245517887702709,0.11044043544400073,0.004290861543713016
2001-12-07,0.1065316600114089,0.1091343411294923,0.1102752424415288,0.1154449515116942,0.1170493439817455,0.1172276098117512,0.11166571591557325,0.11009578817265635,0.004848306236645792
2001-12-09,0.1051055333713633,0.1065316600114089,0.1091343411294923,0.1102752424415288,0.1154449515116942,0.1170493439817455,0.11153838317985489,0.10967983456930971,0.005030292254851773
2001-12-10,0.1122361665715915,0.1051055333713633,0.1065316600114089,0.1091343411294923,0.1102752424415288,0.1154449515116942,0.11082531985983209,0.10957881726563981,0.004404229556527015
2001-12-11,0.1026098117512835,0.1122361665715915,0.1051055333713633,0.1065316600114089,0.1091343411294923,0.1102752424415288,0.10876252954119463,0.10934112949229888,0.004384704433983692
2001-12-12,0.1076012549914432,0.1026098117512835,0.1122361665715915,0.1051055333713633,0.1065316600114089,0.1091343411294923,0.10764200146687307,0.1093019110096976,0.0032470117254455857
2002-01-02,0.1061038220193953,0.1076012549914432,0.1026098117512835,0.1122361665715915,0.1051055333713633,0.1065316600114089,0.10704608426371114,0.10928170754896363,0.003060629773482525
2002-01-03,0.1149101540216771,0.1061038220193953,0.1076012549914432,0.1026098117512835,0.1122361665715915,0.1051055333713633,0.10787120039116613,0.10968577676364323,0.004260707838613153
2002-01-05,0.1165145464917284,0.1149101540216771,0.1061038220193953,0.1076012549914432,0.1026098117512835,0.1122361665715915,0.10929732703121176,0.10957881726563981,0.005285167779535753
2002-01-07,0.125784369652025,0.1165145464917284,0.1149101540216771,0.1061038220193953,0.1076012549914432,0.1026098117512835,0.11225144649987771,0.11040478227799957,0.0077541567153226795
2002-01-08,0.1165145464917284,0.125784369652025,0.1165145464917284,0.1149101540216771,0.1061038220193953,0.1076012549914432,0.11286264363132584,0.11041666666666662,0.00791960155484022
2002-01-10,0.115908442669709,0.1165145464917284,0.125784369652025,0.1165145464917284,0.1149101540216771,0.1061038220193953,0.11476244804824377,0.11065197756227416,0.006521912618096819
2002-01-11,0.1166928123217341,0.115908442669709,0.1165145464917284,0.125784369652025,0.1165145464917284,0.1149101540216771,0.11606124195257105,0.11083024339227986,0.00571325397910699
2002-02-01,0.1182972047917854,0.1166928123217341,0.115908442669709,0.1165145464917284,0.125784369652025,0.1165145464917284,0.1178031537771982,0.11121648602395888,0.0036619017517761005
2002-02-04,0.120971192241871,0.1182972047917854,0.1166928123217341,0.115908442669709,0.1165145464917284,0.125784369652025,0.11866901638008305,0.11174534131964246,0.0035794818162369697
2002-02-05,0.1158014831717056,0.120971192241871,0.1182972047917854,0.1166928123217341,0.115908442669709,0.1165145464917284,0.11856715019150836,0.11214941053432206,0.003660248388550661
2002-02-07,0.1281018254420992,0.1158014831717056,0.120971192241871,0.1182972047917854,0.1166928123217341,0.115908442669709,0.11889821530437608,0.11259745198706975,0.004442954276634366
2002-02-08,0.1195450656018254,0.1281018254420992,0.1158014831717056,0.120971192241871,0.1182972047917854,0.1166928123217341,0.11933114660581853,0.11306094314508457,0.004317861892613693
2002-02-09,0.1140188248716485,0.1195450656018254,0.1281018254420992,0.1158014831717056,0.120971192241871,0.1182972047917854,0.1190612012060956,0.11297181023008171,0.004616263898496513
2002-02-10,0.1145536223616657,0.1140188248716485,0.1195450656018254,0.1281018254420992,0.1158014831717056,0.120971192241871,0.11875560264037155,0.11315601825442094,0.00486337711936463
2002-02-12,0.1125926982316029,0.1145536223616657,0.1140188248716485,0.1195450656018254,0.1281018254420992,0.1158014831717056,0.11794067313177405,0.11325703555809084,0.005401189891544339
2002-03-01,0.1197233314318311,0.1125926982316029,0.1145536223616657,0.1140188248716485,0.1195450656018254,0.1281018254420992,0.11776240730176833,0.1135779140521011,0.0053042198147983145
2002-03-04,0.122219053051911,0.1197233314318311,0.1125926982316029,0.1145536223616657,0.1140188248716485,0.1195450656018254,0.11867920299894054,0.1141067693477847,0.005461095044465337
2002-03-05,0.117405875641757,0.122219053051911,0.1197233314318311,0.1125926982316029,0.1145536223616657,0.1140188248716485,0.11715121017032022,0.114564318311466,0.0035457384931342666
2002-03-07,0.1298844837421563,0.117405875641757,0.122219053051911,0.1197233314318311,0.1125926982316029,0.1145536223616657,0.11862826990465322,0.11515853774481837,0.006007874590719678
2002-03-09,0.1145536223616657,0.1298844837421563,0.117405875641757,0.122219053051911,0.1197233314318311,0.1125926982316029,0.11870466954608425,0.11544376307282748,0.005942533877868598
2002-03-10,0.1146605818596691,0.1145536223616657,0.1298844837421563,0.117405875641757,0.122219053051911,0.1197233314318311,0.11871994947437044,0.11535819547442475,0.005930206172531471
2002-03-12,0.1130561893896177,0.1146605818596691,0.1145536223616657,0.1298844837421563,0.117405875641757,0.122219053051911,0.11878616249694397,0.11522509032135382,0.00585246889280519
2002-04-01,0.1215059897318881,0.1130561893896177,0.1146605818596691,0.1145536223616657,0.1298844837421563,0.117405875641757,0.11904082796838071,0.11542712492869361,0.005938203234235937
2002-04-02,0.1079577866514546,0.1215059897318881,0.1130561893896177,0.1146605818596691,0.1145536223616657,0.1298844837421563,0.11700350419688692,0.11534987640235782,0.00701488202571787
2002-04-03,0.1185824301197946,0.1079577866514546,0.1215059897318881,0.1130561893896177,0.1146605818596691,0.1145536223616657,0.11717158340803516,0.11566481270203455,0.007040179554413319
2002-04-04,0.1191172276098117,0.1185824301197946,0.1079577866514546,0.1215059897318881,0.1130561893896177,0.1146605818596691,0.11563340396055735,0.11608433162198131,0.004527517592758295
2002-04-07,0.1297062179121506,0.1191172276098117,0.1185824301197946,0.1079577866514546,0.1215059897318881,0.1130561893896177,0.1177980604677695,0.11690435444000755,0.0069169898676099415
2002-04-09,0.1138405590416428,0.1297062179121506,0.1191172276098117,0.1185824301197946,0.1079577866514546,0.1215059897318881,0.11768091435090858,0.11695783418900926,0.006985586064704379
2002-04-10,0.1141970907016542,0.1138405590416428,0.1297062179121506,0.1191172276098117,0.1185824301197946,0.1079577866514546,0.11784390025262807,0.11734407682068829,0.006872086915277274
2002-04-11,0.1133057615516257,0.1141970907016542,0.1138405590416428,0.1297062179121506,0.1191172276098117,0.1185824301197946,0.11667243908401916,0.11753422703936105,0.006842648440178869
2002-04-12,0.1175841414717626,0.1133057615516257,0.1141970907016542,0.1138405590416428,0.1297062179121506,0.1191172276098117,0.11804763262977747,0.11791690435443995,0.005665376705048131
2002-05-02,0.1079577866514546,0.1175841414717626,0.1133057615516257,0.1141970907016542,0.1138405590416428,0.1297062179121506,0.1165298264200146,0.11768515877543254,0.006806513950361938
2002-05-03,0.1175841414717626,0.1079577866514546,0.1175841414717626,0.1133057615516257,0.1141970907016542,0.1138405590416428,0.11631081411457901,0.11772081194143368,0.006733658781582368
2002-05-04,0.119188533941814,0.1175841414717626,0.1079577866514546,0.1175841414717626,0.1133057615516257,0.1141970907016542,0.11480828783310236,0.11750095075109332,0.0037659504209670014
2002-05-06,0.1346976611523103,0.119188533941814,0.1175841414717626,0.1079577866514546,0.1175841414717626,0.1133057615516257,0.11778787384891201,0.1181070545731127,0.008342655828898954
2002-05-07,0.1297062179121506,0.1346976611523103,0.119188533941814,0.1175841414717626,0.1079577866514546,0.1175841414717626,0.12000346345041148,0.11856698041452741,0.009241128883961456
2002-05-08,0.1193667997718197,0.1297062179121506,0.1346976611523103,0.119188533941814,0.1175841414717626,0.1079577866514546,0.12086932605329635,0.11865611332953027,0.00878150406522159
2002-05-09,0.1152666856816885,0.1193667997718197,0.1297062179121506,0.1346976611523103,0.119188533941814,0.1175841414717626,0.1205382609404286,0.11855509602586038,0.008967708686551829
2002-05-11,0.1150884198516828,0.1152666856816885,0.1193667997718197,0.1297062179121506,0.1346976611523103,0.119188533941814,0.1215569228261755,0.11835900361285412,0.0076013981698090025
2002-05-12,0.119188533941814,0.1150884198516828,0.1152666856816885,0.1193667997718197,0.1297062179121506,0.1346976611523103,0.12178612175046856,0.11847190530519104,0.007484941260125403
2002-06-02,0.1141970907016542,0.119188533941814,0.1150884198516828,0.1152666856816885,0.1193667997718197,0.1297062179121506,0.12107305843044573,0.11800841414717621,0.007994089366034178
2002-06-03,0.1159797490017113,0.1141970907016542,0.119188533941814,0.1150884198516828,0.1152666856816885,0.1193667997718197,0.11839907098036016,0.11788957026050575,0.00538041708697056
2002-06-06,0.1305975470621791,0.1159797490017113,0.1141970907016542,0.119188533941814,0.1150884198516828,0.1152666856816885,0.1185264037160785,0.11844219433352343,0.005694018495771075
2002-06-08,0.1188320022818026,0.1305975470621791,0.1159797490017113,0.1141970907016542,0.119188533941814,0.1150884198516828,0.1184500040746475,0.11858480699752799,0.00568444289849486
2002-06-09,0.116158014831717,0.1188320022818026,0.1305975470621791,0.1159797490017113,0.1141970907016542,0.119188533941814,0.11857733681036585,0.11870365088419847,0.005610756777790745
2002-06-11,0.1140188248716485,0.116158014831717,0.1188320022818026,0.1305975470621791,0.1159797490017113,0.1141970907016542,0.11842453752750381,0.11851350066552573,0.005734800286003751
2002-06-12,0.1205433542498573,0.1140188248716485,0.116158014831717,0.1188320022818026,0.1305975470621791,0.1159797490017113,0.1186180832857957,0.11845764403879058,0.005787502051548444
2002-07-01,0.1227538505419281,0.1205433542498573,0.1140188248716485,0.116158014831717,0.1188320022818026,0.1305975470621791,0.11984047754869198,0.1186359098687963,0.0055986715866380606
2002-07-02,0.1102752424415288,0.1227538505419281,0.1205433542498573,0.1140188248716485,0.116158014831717,0.1188320022818026,0.11902554804009449,0.11798226849210872,0.006582938404493615
2002-07-03,0.11437535653166,0.1102752424415288,0.1227538505419281,0.1205433542498573,0.1140188248716485,0.116158014831717,0.11670809225002034,0.11797632629777519,0.004284261479522857
2002-07-05,0.1193667997718197,0.11437535653166,0.1102752424415288,0.1227538505419281,0.1205433542498573,0.1140188248716485,0.11678449189145135,0.11813320022818022,0.00433294072727423
2002-07-06,0.1332002281802624,0.1193667997718197,0.11437535653166,0.1102752424415288,0.1227538505419281,0.1205433542498573,0.1192190937983864,0.11880466818786836,0.007530373733056378
2002-07-08,0.1200798630918425,0.1332002281802624,0.1193667997718197,0.11437535653166,0.1102752424415288,0.1227538505419281,0.12008495640127126,0.11875713063320019,0.0071727408974725775
2002-07-10,0.1145536223616657,0.1200798630918425,0.1332002281802624,0.1193667997718197,0.11437535653166,0.1102752424415288,0.1192292804172439,0.11897699182354055,0.00746044603041371
2002-07-11,0.1151953793496862,0.1145536223616657,0.1200798630918425,0.1332002281802624,0.1193667997718197,0.11437535653166,0.1181494988183522,0.11886409013120361,0.007412127393515384
2002-08-01,0.1247147746719908,0.1151953793496862,0.1145536223616657,0.1200798630918425,0.1332002281802624,0.1193667997718197,0.1202122891369896,0.11905067503327625,0.00684289170407196
2002-08-02,0.1108100399315459,0.1247147746719908,0.1151953793496862,0.1145536223616657,0.1200798630918425,0.1332002281802624,0.11970295819411617,0.11842080243392275,0.007455060731459317
2002-08-03,0.1145536223616657,0.1108100399315459,0.1247147746719908,0.1151953793496862,0.1145536223616657,0.1200798630918425,0.11901536142123703,0.11844457121125686,0.007708877078131585
2002-08-04,0.1171563034797489,0.1145536223616657,0.1108100399315459,0.1247147746719908,0.1151953793496862,0.1145536223616657,0.11672337217830653,0.11854321163719334,0.0045098755242439165
2002-08-05,0.1193667997718197,0.1171563034797489,0.1145536223616657,0.1108100399315459,0.1247147746719908,0.1151953793496862,0.11662150598973185,0.11874524624453313,0.004428748969553409
2002-08-07,0.1307758128921848,0.1193667997718197,0.1171563034797489,0.1145536223616657,0.1108100399315459,0.1247147746719908,0.11893896177980601,0.11918496862521387,0.006784258205935756
2002-08-08,0.1215059897318881,0.1307758128921848,0.1193667997718197,0.1171563034797489,0.1145536223616657,0.1108100399315459,0.11984047754869198,0.11963657539456166,0.00662121671539856
2002-08-10,0.1129492298916143,0.1215059897318881,0.1307758128921848,0.1193667997718197,0.1171563034797489,0.1145536223616657,0.11815968543720963,0.11948207834189005,0.006670808943005646
2002-08-11,0.1182258984597832,0.1129492298916143,0.1215059897318881,0.1307758128921848,0.1193667997718197,0.1171563034797489,0.11921909379838638,0.11944999049248901,0.005847062286593152
2002-09-01,0.124001711351968,0.1182258984597832,0.1129492298916143,0.1215059897318881,0.1307758128921848,0.1193667997718197,0.12056882079700101,0.11909345883247761,0.0056786631414036445
2002-09-04,0.117405875641757,0.124001711351968,0.1182258984597832,0.1129492298916143,0.1215059897318881,0.1307758128921848,0.12060447396300215,0.1186834474234645,0.005654398583080133
2002-09-05,0.1172276098117512,0.117405875641757,0.124001711351968,0.1182258984597832,0.1129492298916143,0.1215059897318881,0.12029887539727808,0.11861214109146222,0.005788652415529807
2002-09-07,0.1316671420422133,0.1172276098117512,0.117405875641757,0.124001711351968,0.1182258984597832,0.1129492298916143,0.12042620813299644,0.11915882297014636,0.006060923370053689
2002-09-08,0.1197233314318311,0.1316671420422133,0.1172276098117512,0.117405875641757,0.124001711351968,0.1182258984597832,0.12017154266155973,0.11931332002281797,0.006045423591794106
2002-09-09,0.1163362806617227,0.1197233314318311,0.1316671420422133,0.1172276098117512,0.117405875641757,0.124001711351968,0.12065540705728951,0.1192182449134816,0.005480137437625797
2002-09-10,0.1099187107815174,0.1163362806617227,0.1197233314318311,0.1316671420422133,0.1172276098117512,0.117405875641757,0.11946866596039439,0.11907563224947705,0.006827726462581741
2002-09-12,0.1195450656018254,0.1099187107815174,0.1163362806617227,0.1197233314318311,0.1316671420422133,0.1172276098117512,0.11883200228180257,0.1191944761361475,0.006536143661629087
2002-10-01,0.1273887621220764,0.1195450656018254,0.1099187107815174,0.1163362806617227,0.1197233314318311,0.1316671420422133,0.12025812892184821,0.11908751663814408,0.0072258158156390416
2002-10-04,0.1170493439817455,0.1273887621220764,0.1195450656018254,0.1099187107815174,0.1163362806617227,0.1197233314318311,0.12023266237470455,0.11902809469480885,0.007238579511999565
2002-10-05,0.1194737592698231,0.1170493439817455,0.1273887621220764,0.1195450656018254,0.1099187107815174,0.1163362806617227,0.11849075055007738,0.11913861950941239,0.005211701755533246
2002-10-06,0.1307758128921848,0.1194737592698231,0.1170493439817455,0.1273887621220764,0.1195450656018254,0.1099187107815174,0.12006967647298504,0.11969718577676361,0.007010984985018513
2002-10-07,0.1344480889903023,0.1307758128921848,0.1194737592698231,0.1170493439817455,0.1273887621220764,0.1195450656018254,0.12265707766278212,0.12016067693477844,0.008571867266206052
2002-10-09,0.1165145464917284,0.1344480889903023,0.1307758128921848,0.1194737592698231,0.1170493439817455,0.1273887621220764,0.12359933990709797,0.1199527001331051,0.007189241290555078
2002-10-10,0.1095621791215059,0.1165145464917284,0.1344480889903023,0.1307758128921848,0.1194737592698231,0.1170493439817455,0.12217321326705234,0.11992893135577101,0.0089114067765888
2002-10-12,0.117940673131774,0.1095621791215059,0.1165145464917284,0.1344480889903023,0.1307758128921848,0.1194737592698231,0.12082348626843771,0.12004777524244147,0.008702864756016632
2002-11-01,0.1243582430119794,0.117940673131774,0.1095621791215059,0.1165145464917284,0.1344480889903023,0.1307758128921848,0.12186761470132826,0.12021415668378013,0.008612568874560592
2002-11-02,0.1115231032515687,0.1243582430119794,0.117940673131774,0.1095621791215059,0.1165145464917284,0.1344480889903023,0.1207318066987205,0.11949158585282367,0.009463139104705753
2002-11-03,0.116158014831717,0.1115231032515687,0.1243582430119794,0.117940673131774,0.1095621791215059,0.1165145464917284,0.11864354983293939,0.11936085757748617,0.008434233859259278
2002-11-04,0.119188533941814,0.116158014831717,0.1115231032515687,0.1243582430119794,0.117940673131774,0.1095621791215059,0.11646361339744105,0.11951535463015778,0.004900110448053081
2002-11-06,0.1289931545921277,0.119188533941814,0.116158014831717,0.1115231032515687,0.1243582430119794,0.117940673131774,0.1182462716974981,0.11997528047157249,0.006816746639521891
2002-11-07,0.133628066172276,0.1289931545921277,0.119188533941814,0.116158014831717,0.1115231032515687,0.1243582430119794,0.12168425556189384,0.12027239018824866,0.007716391800549393
2002-11-09,0.116158014831717,0.133628066172276,0.1289931545921277,0.119188533941814,0.116158014831717,0.1115231032515687,0.1214295900904571,0.12045065601825437,0.007888041161550495
2002-11-10,0.1077795208214489,0.116158014831717,0.133628066172276,0.1289931545921277,0.119188533941814,0.116158014831717,0.11906120120609562,0.12022485263358047,0.00923588726976595
2002-11-11,0.116158014831717,0.1077795208214489,0.116158014831717,0.133628066172276,0.1289931545921277,0.119188533941814,0.11972333143183109,0.12019157634531273,0.008759245946050782
2002-11-12,0.1195450656018254,0.116158014831717,0.1077795208214489,0.116158014831717,0.133628066172276,0.1289931545921277,0.12020719582756086,0.12019751853964628,0.008621946418233594
2002-12-02,0.111095265259555,0.1195450656018254,0.116158014831717,0.1077795208214489,0.116158014831717,0.133628066172276,0.11905101458723814,0.11954150028522528,0.009297491430924948
2002-12-03,0.1148388476896748,0.111095265259555,0.1195450656018254,0.116158014831717,0.1077795208214489,0.116158014831717,0.11702897074403058,0.1193192622171515,0.00825566123354055
2002-12-04,0.117405875641757,0.1148388476896748,0.111095265259555,0.1195450656018254,0.116158014831717,0.1077795208214489,0.11471151495395644,0.11946781707548958,0.00399903182681442
2002-12-06,0.1286366229321163,0.117405875641757,0.1148388476896748,0.111095265259555,0.1195450656018254,0.116158014831717,0.11649417325401348,0.11981484122456737,0.006652376884930258
2002-12-07,0.1350541928123217,0.1286366229321163,0.117405875641757,0.1148388476896748,0.111095265259555,0.1195450656018254,0.12039055496699531,0.1201832572732458,0.008443748527030838
2002-12-08,0.1223973188819167,0.1350541928123217,0.1286366229321163,0.117405875641757,0.1148388476896748,0.111095265259555,0.12128188411702386,0.12034963871458446,0.00824957339264734
2002-12-09,0.1167997718197375,0.1223973188819167,0.1350541928123217,0.1286366229321163,0.117405875641757,0.1148388476896748,0.1208896992910113,0.12033537744818402,0.008409606575127095
2002-12-11,0.117405875641757,0.1167997718197375,0.1223973188819167,0.1350541928123217,0.1286366229321163,0.117405875641757,0.12179121505989729,0.11986000190150213,0.007470451469425065
2002-12-12,0.1204363947518539,0.117405875641757,0.1167997718197375,0.1223973188819167,0.1350541928123217,0.1286366229321163,0.12259086464020859,0.11988377067883624,0.006878346710265274
2003-01-04,0.112877923559612,0.1204363947518539,0.117405875641757,0.1167997718197375,0.1223973188819167,0.1350541928123217,0.1219440143427593,0.11976849210876588,0.0076201282488072425
2003-01-05,0.1207929264118653,0.112877923559612,0.1204363947518539,0.117405875641757,0.1167997718197375,0.1223973188819167,0.12082348626843774,0.1201309659631108,0.007025466042744758
2003-01-07,0.1170493439817455,0.1207929264118653,0.112877923559612,0.1204363947518539,0.117405875641757,0.1167997718197375,0.11825136500692686,0.12004777524244147,0.0032032151941773393
2003-01-08,0.1371933827723901,0.1170493439817455,0.1207929264118653,0.112877923559612,0.1204363947518539,0.117405875641757,0.12036508841985162,0.12037459593078527,0.007872947799377803
2003-01-09,0.1384412435824301,0.1371933827723901,0.1170493439817455,0.1207929264118653,0.112877923559612,0.1204363947518539,0.12345672724309341,0.12108765925080808,0.010157330120158186
2003-01-10,0.1373716486023958,0.1384412435824301,0.1371933827723901,0.1170493439817455,0.1207929264118653,0.112877923559612,0.12630898052318468,0.12168425556189384,0.010947548591174906
2003-01-12,0.145750142612664,0.1373716486023958,0.1384412435824301,0.1371933827723901,0.1170493439817455,0.1207929264118653,0.12992523021758612,0.12218339988590983,0.012721527736601337
2003-02-01,0.1236451796919566,0.145750142612664,0.1373716486023958,0.1384412435824301,0.1371933827723901,0.1170493439817455,0.13146340966506392,0.12182330290929828,0.010826587689138415
2003-02-04,0.111344837421563,0.1236451796919566,0.145750142612664,0.1373716486023958,0.1384412435824301,0.1371933827723901,0.1301136826664493,0.1216509792736261,0.012789549128150803
2003-02-05,0.124001711351968,0.111344837421563,0.1236451796919566,0.145750142612664,0.1373716486023958,0.1384412435824301,0.13110687800505252,0.12213229701464151,0.01184067559041227
2003-02-06,0.1150884198516828,0.124001711351968,0.111344837421563,0.1236451796919566,0.145750142612664,0.1373716486023958,0.12794902615923717,0.12203722190530515,0.012851399755097843
2003-02-07,0.1177624073017684,0.1150884198516828,0.124001711351968,0.111344837421563,0.1236451796919566,0.145750142612664,0.12499490669057123,0.12181736071496478,0.012406608980954213
2003-02-09,0.1368368511123787,0.1177624073017684,0.1150884198516828,0.124001711351968,0.111344837421563,0.1236451796919566,0.12491850704914022,0.12266115231032511,0.012319028150511375
2003-02-10,0.1355889903023388,0.1368368511123787,0.1177624073017684,0.1150884198516828,0.124001711351968,0.111344837421563,0.1234669138619509,0.12330885149267917,0.009795432954326576
2003-02-12,0.149315459212778,0.1355889903023388,0.1368368511123787,0.1177624073017684,0.1150884198516828,0.124001711351968,0.12713409665063966,0.12431308233504464,0.01384245252465639
2003-03-01,0.1252495721620079,0.149315459212778,0.1355889903023388,0.1368368511123787,0.1177624073017684,0.1150884198516828,0.1291204873278461,0.12418829625404064,0.012085193706018784
2003-03-02,0.1273887621220764,0.1252495721620079,0.149315459212778,0.1355889903023388,0.1368368511123787,0.1177624073017684,0.12960435172357584,0.12398031945236733,0.01191266533914537
2003-03-03,0.1190102681118083,0.1273887621220764,0.1252495721620079,0.149315459212778,0.1355889903023388,0.1368368511123787,0.13016461576073662,0.12407539456170369,0.011186261155387383
2003-03-04,0.1104535082715345,0.1190102681118083,0.1273887621220764,0.1252495721620079,0.149315459212778,0.1355889903023388,0.1291204873278461,0.12416452747670655,0.012766337156233567
2003-03-06,0.1156232173416999,0.1104535082715345,0.1190102681118083,0.1273887621220764,0.1252495721620079,0.149315459212778,0.12608996821774912,0.12414670089370598,0.01314167601441358
2003-03-07,0.1195450656018254,0.1156232173416999,0.1104535082715345,0.1190102681118083,0.1273887621220764,0.1252495721620079,0.12379797897481863,0.12414670089370598,0.012596651126836365
2003-03-09,0.1320236737022247,0.1195450656018254,0.1156232173416999,0.1104535082715345,0.1190102681118083,0.1273887621220764,0.12132772390188244,0.12484431450846163,0.00736951889930951
2003-03-10,0.1357672561323445,0.1320236737022247,0.1195450656018254,0.1156232173416999,0.1104535082715345,0.1190102681118083,0.12283025018335911,0.1255419281232173,0.009157646654727538
2003-03-11,0.1350541928123217,0.1357672561323445,0.1320236737022247,0.1195450656018254,0.1156232173416999,0.1104535082715345,0.123925311710537,0.1261302053622361,0.010193344050405605
2003-03-12,0.1496719908727894,0.1350541928123217,0.1357672561323445,0.1320236737022247,0.1195450656018254,0.1156232173416999,0.1283055578192486,0.1268313842935919,0.013710418909694919
2003-04-02,0.1275670279520821,0.1496719908727894,0.1350541928123217,0.1357672561323445,0.1320236737022247,0.1195450656018254,0.1307503463450411,0.1265818121315839,0.011312709201274463
2003-04-03,0.1214346833998858,0.1275670279520821,0.1496719908727894,0.1350541928123217,0.1357672561323445,0.1320236737022247,0.1315805557819248,0.12654972428218286,0.010173422458346713
2003-04-04,0.1111665715915573,0.1214346833998858,0.1275670279520821,0.1496719908727894,0.1350541928123217,0.1357672561323445,0.1303836280661722,0.12636195094124353,0.012130130681132651
2003-04-06,0.1158014831717056,0.1111665715915573,0.1214346833998858,0.1275670279520821,0.1496719908727894,0.1350541928123217,0.12806617227609807,0.12630847119224184,0.01326144419429517
2003-04-07,0.1206146605818596,0.1158014831717056,0.1111665715915573,0.1214346833998858,0.1275670279520821,0.1496719908727894,0.12590151576888592,0.12631441338657534,0.013029540680823449
2003-04-08,0.1341628636622932,0.1206146605818596,0.1158014831717056,0.1111665715915573,0.1214346833998858,0.1275670279520821,0.1257741830331676,0.12702391138999805,0.012929156060978176
2003-04-09,0.1334498003422703,0.1341628636622932,0.1206146605818596,0.1158014831717056,0.1111665715915573,0.1214346833998858,0.12345672724309342,0.12744580718767823,0.008690935228333134
2003-04-11,0.1305262407301768,0.1334498003422703,0.1341628636622932,0.1206146605818596,0.1158014831717056,0.1111665715915573,0.12387947192567839,0.1278950370792926,0.008990982412188023
2003-04-12,0.1486023958927552,0.1305262407301768,0.1334498003422703,0.1341628636622932,0.1206146605818596,0.1158014831717056,0.127760573710374,0.12827533751663808,0.012811660766149745
2003-05-02,0.1303479749001711,0.1486023958927552,0.1305262407301768,0.1334498003422703,0.1341628636622932,0.1206146605818596,0.13050077418303313,0.12800556189389614,0.010516691159822133
2003-05-03,0.120721620079863,0.1303479749001711,0.1486023958927552,0.1305262407301768,0.1334498003422703,0.1341628636622932,0.13120365088419844,0.12745056094314505,0.00948427827903489
2003-05-06,0.11437535653166,0.120721620079863,0.1303479749001711,0.1486023958927552,0.1305262407301768,0.1334498003422703,0.13031232173416996,0.1264047347404449,0.010841376822632469
2003-05-08,0.1322019395322304,0.11437535653166,0.120721620079863,0.1303479749001711,0.1486023958927552,0.1305262407301768,0.13003218971558955,0.12668996006845404,0.010750250951408491
2003-05-09,0.1329150028522532,0.1322019395322304,0.11437535653166,0.120721620079863,0.1303479749001711,0.1486023958927552,0.12995579007415853,0.12740896558281037,0.010723782479131765
2003-05-11,0.1332002281802624,0.1329150028522532,0.1322019395322304,0.11437535653166,0.120721620079863,0.1303479749001711,0.13033778828131362,0.12771558281042017,0.010794879729296752
2003-05-12,0.1477110667427267,0.1332002281802624,0.1329150028522532,0.1322019395322304,0.11437535653166,0.120721620079863,0.13021045554559527,0.128803004373455,0.010545915387316748
2003-06-01,0.1297062179121506,0.1477110667427267,0.1332002281802624,0.1329150028522532,0.1322019395322304,0.11437535653166,0.13011877597587804,0.12920113139380104,0.010547310053217684
2003-06-02,0.1248930405019965,0.1297062179121506,0.1477110667427267,0.1332002281802624,0.1329150028522532,0.1322019395322304,0.13071469317903997,0.128803004373455,0.010033198619832324
2003-06-03,0.1197233314318311,0.1248930405019965,0.1297062179121506,0.1477110667427267,0.1332002281802624,0.1329150028522532,0.13147868959335013,0.12827414907777138,0.008696174682047045
2003-06-05,0.1256061038220193,0.1197233314318311,0.1248930405019965,0.1297062179121506,0.1477110667427267,0.1332002281802624,0.13053642734903423,0.12748383723141277,0.008958142393117199
2003-06-06,0.116158014831717,0.1256061038220193,0.1197233314318311,0.1248930405019965,0.1297062179121506,0.1477110667427267,0.12814257191752906,0.12718078532040306,0.010347763116709797
2003-06-08,0.1304192812321734,0.116158014831717,0.1256061038220193,0.1197233314318311,0.1248930405019965,0.1297062179121506,0.1277452937820878,0.12728180262407296,0.010173133883997034
2003-06-10,0.127032230462065,0.1304192812321734,0.116158014831717,0.1256061038220193,0.1197233314318311,0.1248930405019965,0.12479117431342183,0.12754920136908152,0.005192053779044794
2003-06-11,0.1313106103822019,0.127032230462065,0.1304192812321734,0.116158014831717,0.1256061038220193,0.1197233314318311,0.1250203732377149,0.12824443810610375,0.005472997391987034
2003-07-01,0.1272104962920707,0.1313106103822019,0.127032230462065,0.1304192812321734,0.116158014831717,0.1256061038220193,0.12535143835058263,0.12863068073778278,0.005533766037114063
2003-07-02,0.1225755847119224,0.1272104962920707,0.1313106103822019,0.127032230462065,0.1304192812321734,0.116158014831717,0.1257589031048814,0.12873169804145268,0.00514138409661393
2003-07-03,0.1210781517398744,0.1225755847119224,0.1272104962920707,0.1313106103822019,0.127032230462065,0.1304192812321734,0.12511205280743212,0.12836684730937437,0.0054399779586333805
2003-07-04,0.1109883057615516,0.1210781517398744,0.1225755847119224,0.1272104962920707,0.1313106103822019,0.127032230462065,0.12437352294026563,0.1275408822970146,0.006988652840320394
2003-07-05,0.1243582430119794,0.1109883057615516,0.1210781517398744,0.1225755847119224,0.1272104962920707,0.1313106103822019,0.12350766033738078,0.12718435063700317,0.006471071845241248
2003-07-07,0.1206146605818596,0.1243582430119794,0.1109883057615516,0.1210781517398744,0.1225755847119224,0.1272104962920707,0.12259086464020856,0.12621577296063885,0.006341817267508561
2003-07-08,0.1305975470621791,0.1206146605818596,0.1243582430119794,0.1109883057615516,0.1210781517398744,0.1225755847119224,0.1224889984516339,0.12631679026430875,0.006182127978906598
2003-07-10,0.1272104962920707,0.1305975470621791,0.1206146605818596,0.1243582430119794,0.1109883057615516,0.1210781517398744,0.12248899845163387,0.1265093173607149,0.006182127978906598
2003-07-11,0.1316671420422133,0.1272104962920707,0.1305975470621791,0.1206146605818596,0.1243582430119794,0.1109883057615516,0.12378779235596116,0.12719266970907012,0.007091485521770105
2003-08-01,0.1248930405019965,0.1316671420422133,0.1272104962920707,0.1305975470621791,0.1206146605818596,0.1243582430119794,0.12433277646483575,0.1274957216200798,0.006994466489975309
2003-08-04,0.1122361665715915,0.1248930405019965,0.1316671420422133,0.1272104962920707,0.1305975470621791,0.1206146605818596,0.12451104229484145,0.1272164384864042,0.0066026003777781075
2003-08-05,0.1231103822019395,0.1122361665715915,0.1248930405019965,0.1316671420422133,0.1272104962920707,0.1305975470621791,0.12433277646483575,0.12684802243772575,0.006624223735953129
2003-08-07,0.1218625213918996,0.1231103822019395,0.1122361665715915,0.1248930405019965,0.1316671420422133,0.1272104962920707,0.12451104229484146,0.12646177980604673,0.006523513420528326
2003-08-08,0.1346976611523103,0.1218625213918996,0.1231103822019395,0.1122361665715915,0.1248930405019965,0.1316671420422133,0.12509677287914592,0.1266008271534512,0.007299057762588893
2003-08-09,0.1363020536223616,0.1346976611523103,0.1218625213918996,0.1231103822019395,0.1122361665715915,0.1248930405019965,0.12639556678347316,0.12619081574443808,0.008455174904125654
2003-08-10,0.1289931545921277,0.1363020536223616,0.1346976611523103,0.1218625213918996,0.1231103822019395,0.1122361665715915,0.1260135685763181,0.12614565506750328,0.008234848655352523
2003-08-12,0.1509198516828294,0.1289931545921277,0.1363020536223616,0.1346976611523103,0.1218625213918996,0.1231103822019395,0.12973168445929423,0.12715226278760217,0.012444363176695427
2003-09-01,0.1269609241300627,0.1509198516828294,0.1289931545921277,0.1363020536223616,0.1346976611523103,0.1218625213918996,0.13183522125336153,0.12757178170754893,0.009998191057853621
2003-09-04,0.1141970907016542,0.1269609241300627,0.1509198516828294,0.1289931545921277,0.1363020536223616,0.1346976611523103,0.13056189389617792,0.12697162007986304,0.01171476448441652
2003-09-05,0.1250713063320022,0.1141970907016542,0.1269609241300627,0.1509198516828294,0.1289931545921277,0.1363020536223616,0.131020291744764,0.126710163529188,0.011375491280750903
2003-09-06,0.1158014831717056,0.1250713063320022,0.1141970907016542,0.1269609241300627,0.1509198516828294,0.1289931545921277,0.12832083774753478,0.1261302053622361,0.012539873316162582
2003-09-07,0.1236451796919566,0.1158014831717056,0.1250713063320022,0.1141970907016542,0.1269609241300627,0.1509198516828294,0.12651271290033406,0.12532800912721045,0.012102116205324934
2003-09-09,0.1377281802624072,0.1236451796919566,0.1158014831717056,0.1250713063320022,0.1141970907016542,0.1269609241300627,0.127760573710374,0.12559540787221898,0.012829012178377884
2003-09-10,0.1263191671420422,0.1377281802624072,0.1236451796919566,0.1158014831717056,0.1250713063320022,0.1141970907016542,0.12424619020454726,0.1256429454268872,0.007818467214928465
2003-09-12,0.1521677124928693,0.1263191671420422,0.1377281802624072,0.1236451796919566,0.1158014831717056,0.1250713063320022,0.12784715997066248,0.12672442479558846,0.013217685887735028
2003-10-01,0.1272104962920707,0.1521677124928693,0.1263191671420422,0.1377281802624072,0.1236451796919566,0.1158014831717056,0.12970621791215056,0.12677790454459018,0.01181899316032731
2003-10-02,0.1204363947518539,0.1272104962920707,0.1521677124928693,0.1263191671420422,0.1377281802624072,0.1236451796919566,0.1290440876864151,0.12692051720859474,0.01224411353099758
2003-10-03,0.1213277239018824,0.1204363947518539,0.1272104962920707,0.1521677124928693,0.1263191671420422,0.1377281802624072,0.1298335506478689,0.12661746529758502,0.011396803867089392
2003-10-04,0.1140188248716485,0.1213277239018824,0.1204363947518539,0.1272104962920707,0.1521677124928693,0.1263191671420422,0.1284583571021106,0.12618368511123781,0.012766455691775851
2003-10-06,0.1154449515116942,0.1140188248716485,0.1213277239018824,0.1204363947518539,0.1272104962920707,0.1521677124928693,0.1252750387091516,0.12565482981555426,0.012847690047121161
2003-10-07,0.1266756988020536,0.1154449515116942,0.1140188248716485,0.1213277239018824,0.1204363947518539,0.1272104962920707,0.12532597180343893,0.12563700323255367,0.012853224773911784
2003-10-09,0.1404021677124928,0.1266756988020536,0.1154449515116942,0.1140188248716485,0.1213277239018824,0.1204363947518539,0.12364517969195658,0.12623122266590603,0.008928134627192432
2003-10-10,0.1277452937820878,0.1404021677124928,0.1266756988020536,0.1154449515116942,0.1140188248716485,0.1213277239018824,0.1237215793333876,0.12645346073397978,0.008965936670571582
2003-10-11,0.1339845978322875,0.1277452937820878,0.1404021677124928,0.1266756988020536,0.1154449515116942,0.1140188248716485,0.12565703691630667,0.12722000380300433,0.00957986830869142
2003-10-12,0.1544851682829435,0.1339845978322875,0.1277452937820878,0.1404021677124928,0.1266756988020536,0.1154449515116942,0.1303938146850297,0.12822423464536978,0.014176870966321906
2003-11-02,0.1176911009697661,0.1544851682829435,0.1339845978322875,0.1277452937820878,0.1404021677124928,0.1266756988020536,0.13091842555618935,0.1281267826583,0.013522784173109906
2003-11-03,0.1206146605818596,0.1176911009697661,0.1544851682829435,0.1339845978322875,0.1277452937820878,0.1404021677124928,0.13165695542335584,0.12779401977562269,0.012649870485784533
2003-11-04,0.1138405590416428,0.1206146605818596,0.1176911009697661,0.1544851682829435,0.1339845978322875,0.1277452937820878,0.12982336402901146,0.12734835520060842,0.014313117529827482
2003-11-06,0.1144823160296634,0.1138405590416428,0.1206146605818596,0.1176911009697661,0.1544851682829435,0.1339845978322875,0.12612052807432153,0.12677552766685676,0.014472109430033915
2003-11-07,0.1241799771819737,0.1144823160296634,0.1138405590416428,0.1206146605818596,0.1176911009697661,0.1544851682829435,0.12561119713144808,0.12675175888952267,0.014468135425964826
2003-11-08,0.1322019395322304,0.1241799771819737,0.1144823160296634,0.1138405590416428,0.1206146605818596,0.1176911009697661,0.12535653166001134,0.12741728465487728,0.014311019768023832
2003-11-09,0.1409369652025099,0.1322019395322304,0.1241799771819737,0.1144823160296634,0.1138405590416428,0.1206146605818596,0.12342107407709225,0.12801150408822964,0.009973984378363967
2003-11-11,0.1350541928123217,0.1409369652025099,0.1322019395322304,0.1241799771819737,0.1144823160296634,0.1138405590416428,0.12590151576888592,0.12845122646891038,0.010458735655514528
2003-11-12,0.1521677124928693,0.1350541928123217,0.1409369652025099,0.1322019395322304,0.1241799771819737,0.1144823160296634,0.13040909461331587,0.12903356151359568,0.014000269594872276
2003-12-02,0.117405875641757,0.1521677124928693,0.1350541928123217,0.1409369652025099,0.1322019395322304,0.1241799771819737,0.13091842555618935,0.1284036889142422,0.013346639395627859
2003-12-03,0.120971192241871,0.117405875641757,0.1521677124928693,0.1350541928123217,0.1409369652025099,0.1322019395322304,0.13184540787221902,0.12813629016923364,0.012190046347214597
2003-12-05,0.1254278379920136,0.120971192241871,0.117405875641757,0.1521677124928693,0.1350541928123217,0.1409369652025099,0.1320236737022247,0.12728655637953976,0.012067775991186663
2003-12-06,0.1149101540216771,0.1254278379920136,0.120971192241871,0.117405875641757,0.1521677124928693,0.1350541928123217,0.1295534186292885,0.12688486404259358,0.013686446827144923
2003-12-08,0.1322019395322304,0.1149101540216771,0.1254278379920136,0.120971192241871,0.117405875641757,0.1521677124928693,0.1283055578192486,0.12748502567027947,0.012848102289791042
2003-12-09,0.1441457501426126,0.1322019395322304,0.1149101540216771,0.1254278379920136,0.120971192241871,0.117405875641757,0.12960435172357587,0.1281208404639665,0.014047549928864117
2003-12-11,0.1355889903023388,0.1441457501426126,0.1322019395322304,0.1149101540216771,0.1254278379920136,0.120971192241871,0.12723596283921437,0.1287804240349876,0.010578655730477511
2003-12-12,0.1550199657729606,0.1355889903023388,0.1441457501426126,0.1322019395322304,0.1149101540216771,0.1254278379920136,0.13260940428652915,0.12982625023768773,0.013812137393022826
2004-01-03,0.194594980034227,0.1550199657729606,0.1355889903023388,0.1441457501426126,0.1322019395322304,0.1149101540216771,0.14312708825686574,0.13172181023008173,0.026067421316847632
2004-01-04,0.2377353108956075,0.194594980034227,0.1550199657729606,0.1355889903023388,0.1441457501426126,0.1322019395322304,0.15917101295737915,0.1354356816885339,0.04264712264036416
2004-01-06,0.1746292070735881,0.2377353108956075,0.194594980034227,0.1550199657729606,0.1355889903023388,0.1441457501426126,0.16770230625050928,0.13618439817455785,0.038041893117649085
2004-01-07,0.1641115231032515,0.1746292070735881,0.2377353108956075,0.194594980034227,0.1550199657729606,0.1355889903023388,0.17226081818922662,0.13741443240159723,0.03485749862095212
2004-01-09,0.194594980034227,0.1641115231032515,0.1746292070735881,0.2377353108956075,0.194594980034227,0.1550199657729606,0.1794678510308858,0.13988638524434296,0.03325417201406358
2004-01-10,0.1985168282943525,0.194594980034227,0.1641115231032515,0.1746292070735881,0.2377353108956075,0.194594980034227,0.18845754217260202,0.14245935539075866,0.027406954793233514
2004-01-11,0.2127780946948089,0.1985168282943525,0.194594980034227,0.1641115231032515,0.1746292070735881,0.2377353108956075,0.1967087034471518,0.14575133105153065,0.024165033792248443
2004-01-12,0.2297133485453508,0.2127780946948089,0.1985168282943525,0.194594980034227,0.1641115231032515,0.1746292070735881,0.2017256132344552,0.14956027761931923,0.027118094309203367
2004-02-01,0.168033371363377,0.2297133485453508,0.2127780946948089,0.1985168282943525,0.194594980034227,0.1641115231032515,0.1917681933012794,0.15093886670469664,0.024347359844377692
2004-02-02,0.175877067883628,0.168033371363377,0.2297133485453508,0.2127780946948089,0.1985168282943525,0.194594980034227,0.1919464591312851,0.15212136337706783,0.024205110188873988
2004-02-03,0.1992298916143753,0.175877067883628,0.168033371363377,0.2297133485453508,0.2127780946948089,0.1985168282943525,0.1969633689185885,0.15450418330481075,0.020886212333684418
2004-02-04,0.2502139189960068,0.1992298916143753,0.175877067883628,0.168033371363377,0.2297133485453508,0.2127780946948089,0.20490893162741416,0.15837849401026807,0.028883360966154993
2004-02-06,0.1717769537934968,0.2502139189960068,0.1992298916143753,0.175877067883628,0.168033371363377,0.2297133485453508,0.2010889495558634,0.15895488686061984,0.03151775788658722
2004-02-07,0.1644680547632629,0.1717769537934968,0.2502139189960068,0.1992298916143753,0.175877067883628,0.168033371363377,0.19418751527992822,0.16051411865373638,0.03374230684926898
2004-02-08,0.1913861950941243,0.1644680547632629,0.1717769537934968,0.2502139189960068,0.1992298916143753,0.175877067883628,0.1887122076440387,0.16287316980414523,0.02990866440428493
2004-02-09,0.1956645750142612,0.1913861950941243,0.1644680547632629,0.1717769537934968,0.2502139189960068,0.1992298916143753,0.19265952245130788,0.1656006370032325,0.028515555174626697
2004-02-11,0.2111737022247575,0.1956645750142612,0.1913861950941243,0.1644680547632629,0.1717769537934968,0.2502139189960068,0.19770189878575498,0.16882368320973565,0.028171991052530036
2004-02-12,0.2413006274957215,0.2111737022247575,0.1956645750142612,0.1913861950941243,0.1644680547632629,0.1717769537934968,0.20371200391166155,0.17272770488686057,0.032679329136455326
2004-03-02,0.1748074729035938,0.2413006274957215,0.2111737022247575,0.1956645750142612,0.1913861950941243,0.1644680547632629,0.19293965446988828,0.17414788933257266,0.026671990725815366
2004-03-03,0.189781802624073,0.1748074729035938,0.2413006274957215,0.2111737022247575,0.1956645750142612,0.1913861950941243,0.19551177573139916,0.1757760505799581,0.025113648379390553
2004-03-06,0.1621505989731888,0.189781802624073,0.1748074729035938,0.2413006274957215,0.2111737022247575,0.1956645750142612,0.19518071061853146,0.1766792641186537,0.02560162847660394
2004-03-08,0.1863947518539646,0.1621505989731888,0.189781802624073,0.1748074729035938,0.2413006274957215,0.2111737022247575,0.19446764729850866,0.1778201654306902,0.02579371949455762
2004-03-09,0.1939888762122076,0.1863947518539646,0.1621505989731888,0.189781802624073,0.1748074729035938,0.2413006274957215,0.19422826175535812,0.18037293211637187,0.025788535049229372
2004-03-11,0.2058257273245864,0.1939888762122076,0.1863947518539646,0.1621505989731888,0.189781802624073,0.1748074729035938,0.19346426534104794,0.18320141661912906,0.02527699435320562
2004-03-12,0.233813462635482,0.2058257273245864,0.1939888762122076,0.1863947518539646,0.1621505989731888,0.189781802624073,0.19239467036101376,0.18681427077391133,0.022968422545438464
2004-04-02,0.1714204221334854,0.233813462635482,0.2058257273245864,0.1939888762122076,0.1863947518539646,0.1621505989731888,0.19191080596528395,0.18869794637763831,0.02343167836634968
2004-04-03,0.1978037649743297,0.1714204221334854,0.233813462635482,0.2058257273245864,0.1939888762122076,0.1863947518539646,0.1930568005867492,0.19088467389237493,0.02350624913837718
2004-04-05,0.1721334854535082,0.1978037649743297,0.1714204221334854,0.233813462635482,0.2058257273245864,0.1939888762122076,0.19448292722679486,0.1918175984027381,0.021539179220533024
2004-04-06,0.1600114090131203,0.1721334854535082,0.1978037649743297,0.1714204221334854,0.233813462635482,0.2058257273245864,0.19071387824953137,0.19263167902643083,0.025189430073969826
2004-04-08,0.1906731317741015,0.1600114090131203,0.1721334854535082,0.1978037649743297,0.1714204221334854,0.233813462635482,0.19024020047265908,0.19382011789313552,0.025148723555660203
2004-04-10,0.1981602966343411,0.1906731317741015,0.1600114090131203,0.1721334854535082,0.1978037649743297,0.1714204221334854,0.18914513894548116,0.19393896177980602,0.024515895988093592
2004-04-11,0.2133128921848259,0.1981602966343411,0.1906731317741015,0.1600114090131203,0.1721334854535082,0.1978037649743297,0.18621648602395885,0.1931248811561133,0.018863355288381158
2004-05-01,0.1676768397033656,0.2133128921848259,0.1981602966343411,0.1906731317741015,0.1600114090131203,0.1721334854535082,0.18568168853394176,0.19289313557710586,0.019398238566807256
2004-05-02,0.1735596120935539,0.1676768397033656,0.2133128921848259,0.1981602966343411,0.1906731317741015,0.1600114090131203,0.18221823812240237,0.1932080718767826,0.01903409894415956
2004-05-03,0.1969124358243011,0.1735596120935539,0.1676768397033656,0.2133128921848259,0.1981602966343411,0.1906731317741015,0.1857580881753728,0.19328532040311844,0.019149782316532027
2004-05-04,0.2468268682258984,0.1969124358243011,0.1735596120935539,0.1676768397033656,0.2133128921848259,0.1981602966343411,0.19816029663434107,0.19489565506750325,0.02642626838009447
2004-05-05,0.1715986879634911,0.2468268682258984,0.1969124358243011,0.1735596120935539,0.1676768397033656,0.2133128921848259,0.19543537608996814,0.19352300817645937,0.02824762832731181
2004-05-07,0.1698160296634341,0.1715986879634911,0.2468268682258984,0.1969124358243011,0.1735596120935539,0.1676768397033656,0.1913861950941243,0.19152643088039545,0.029781777674996943
2004-05-08,0.1913861950941243,0.1698160296634341,0.1715986879634911,0.2468268682258984,0.1969124358243011,0.1735596120935539,0.18825380979545264,0.19230485833808703,0.028202431278097947
2004-05-10,0.1947732458642327,0.1913861950941243,0.1698160296634341,0.1715986879634911,0.2468268682258984,0.1969124358243011,0.1921247249612908,0.1929347309374405,0.026728468714435658
2004-05-11,0.2170564746149458,0.1947732458642327,0.1913861950941243,0.1698160296634341,0.1715986879634911,0.2468268682258984,0.19833856246434678,0.19352895037079287,0.02674918231869053
2004-06-01,0.1785510553337136,0.2170564746149458,0.1947732458642327,0.1913861950941243,0.1698160296634341,0.1715986879634911,0.19571550810854857,0.19114018824871642,0.027792268800538884
2004-06-02,0.1719552196235025,0.1785510553337136,0.2170564746149458,0.1947732458642327,0.1913861950941243,0.1698160296634341,0.1850195583082063,0.19114613044304996,0.017252140019022675
2004-06-04,0.2448659440958357,0.1719552196235025,0.1785510553337136,0.2170564746149458,0.1947732458642327,0.1913861950941243,0.19548630918425552,0.19382606008746903,0.027142887420521802
2004-06-05,0.1696377638334284,0.2448659440958357,0.1719552196235025,0.1785510553337136,0.2170564746149458,0.1947732458642327,0.19546084263711186,0.19310111237877917,0.02717105546778355
2004-06-07,0.1694594980034227,0.1696377638334284,0.2448659440958357,0.1719552196235025,0.1785510553337136,0.2170564746149458,0.19232845733844023,0.19222760981175124,0.028926290918889153
2004-06-08,0.1928123217341699,0.1694594980034227,0.1696377638334284,0.2448659440958357,0.1719552196235025,0.1785510553337136,0.19204832531985977,0.19161556379539832,0.028908158174144175
2004-06-09,0.1878208784940102,0.1928123217341699,0.1694594980034227,0.1696377638334284,0.2448659440958357,0.1719552196235025,0.18787181158829758,0.1898329054953413,0.026722183546567652
2004-06-10,0.2095693097547062,0.1878208784940102,0.1928123217341699,0.1694594980034227,0.1696377638334284,0.2448659440958357,0.19230299079129654,0.19099163339037833,0.02748001712335382
2004-06-12,0.2398745008556759,0.2095693097547062,0.1878208784940102,0.1928123217341699,0.1694594980034227,0.1696377638334284,0.20200574525303555,0.19266138999809845,0.03087858134665937
2004-07-01,0.1762335995436394,0.2398745008556759,0.2095693097547062,0.1878208784940102,0.1928123217341699,0.1694594980034227,0.19220112460272182,0.19313082335044682,0.025413951099215328
2004-07-04,0.2454007415858528,0.1762335995436394,0.2398745008556759,0.2095693097547062,0.1878208784940102,0.1928123217341699,0.20302440713878242,0.19509768967484306,0.029934103591050327
2004-07-05,0.161437535653166,0.2454007415858528,0.1762335995436394,0.2398745008556759,0.2095693097547062,0.1878208784940102,0.20187841251731722,0.1940126449895417,0.03154355448103371
2004-07-06,0.1637549914432401,0.161437535653166,0.2454007415858528,0.1762335995436394,0.2398745008556759,0.2095693097547062,0.19772736533289864,0.19261028712683012,0.0346904354229423
2004-07-07,0.1698160296634341,0.1637549914432401,0.161437535653166,0.2454007415858528,0.1762335995436394,0.2398745008556759,0.19515524407138776,0.19047703936109522,0.036182756901312986
2004-07-09,0.1869295493439817,0.1698160296634341,0.1637549914432401,0.161437535653166,0.2454007415858528,0.1762335995436394,0.19192099258414141,0.19099401026811175,0.035688059318029895
2004-07-10,0.2088562464346833,0.1869295493439817,0.1698160296634341,0.1637549914432401,0.161437535653166,0.2454007415858528,0.18748981338114248,0.1913624263167902,0.030253489856141545
2004-07-12,0.2342769537934968,0.2088562464346833,0.1869295493439817,0.1698160296634341,0.1637549914432401,0.161437535653166,0.1957817211311221,0.1934338752614565,0.03433338004023763
2004-08-01,0.1756988020536223,0.2342769537934968,0.2088562464346833,0.1869295493439817,0.1698160296634341,0.1637549914432401,0.18582430119794632,0.19395678836280658,0.026832538939478352
2004-08-03,0.2013690815744438,0.1756988020536223,0.2342769537934968,0.2088562464346833,0.1869295493439817,0.1698160296634341,0.1915288077581289,0.194313320022818,0.024963463211871928
2004-08-04,0.2429050199657729,0.2013690815744438,0.1756988020536223,0.2342769537934968,0.2088562464346833,0.1869295493439817,0.20283595468991927,0.19580481080053236,0.028024442543176046
2004-08-06,0.1650028522532801,0.2429050199657729,0.2013690815744438,0.1756988020536223,0.2342769537934968,0.2088562464346833,0.20214835791704014,0.1941944761361475,0.029011305109981646
2004-08-07,0.1756988020536223,0.1650028522532801,0.2429050199657729,0.2013690815744438,0.1756988020536223,0.2342769537934968,0.20054396544698877,0.19446187488115604,0.030276182304769098
2004-08-09,0.1749857387335995,0.1756988020536223,0.1650028522532801,0.2429050199657729,0.2013690815744438,0.1756988020536223,0.1957053214896911,0.19450941243582426,0.03141158199296865
2004-08-10,0.2095693097547062,0.1749857387335995,0.1756988020536223,0.1650028522532801,0.2429050199657729,0.2013690815744438,0.19217565805557818,0.1949313082335044,0.027499559342323183
2004-08-11,0.2200869937250427,0.2095693097547062,0.1749857387335995,0.1756988020536223,0.1650028522532801,0.2429050199657729,0.19851682829435252,0.1940399790834759,0.028176341669611443
2004-08-12,0.2213348545350827,0.2200869937250427,0.2095693097547062,0.1749857387335995,0.1756988020536223,0.1650028522532801,0.20136908157444378,0.19569785130252895,0.029492984789122167
2004-09-01,0.1773031945236736,0.2213348545350827,0.2200869937250427,0.2095693097547062,0.1749857387335995,0.1756988020536223,0.19199739222557244,0.19594742346453695,0.024007463156827093
2004-09-02,0.1808685111237877,0.1773031945236736,0.2213348545350827,0.2200869937250427,0.2095693097547062,0.1749857387335995,0.19426391492135925,0.19559683399885905,0.021669243386678905
2004-09-03,0.2013690815744438,0.1808685111237877,0.1773031945236736,0.2213348545350827,0.2200869937250427,0.2095693097547062,0.19793109771004805,0.19581669518919942,0.020120549296028127
2004-09-06,0.1592983456930975,0.2013690815744438,0.1808685111237877,0.1773031945236736,0.2213348545350827,0.2200869937250427,0.19569004156140488,0.19389142422513783,0.023663835717042104
2004-09-07,0.1863947518539646,0.1592983456930975,0.2013690815744438,0.1808685111237877,0.1773031945236736,0.2213348545350827,0.1923793904327275,0.19415288077581286,0.02301053444965295
2004-09-08,0.1935253850541928,0.1863947518539646,0.1592983456930975,0.2013690815744438,0.1808685111237877,0.1773031945236736,0.18858487490832038,0.1948718862901692,0.01962023513690828
2004-09-09,0.1732030804335425,0.1935253850541928,0.1863947518539646,0.1592983456930975,0.2013690815744438,0.1808685111237877,0.18170890717952895,0.19248312416809277,0.013801012470255374
2004-09-11,0.2195521962350256,0.1732030804335425,0.1935253850541928,0.1863947518539646,0.1592983456930975,0.2013690815744438,0.18774447885257922,0.19414693858147933,0.019581092137624975
2004-09-12,0.2006560182544209,0.2195521962350256,0.1732030804335425,0.1935253850541928,0.1863947518539646,0.1592983456930975,0.19057126558552678,0.19518682258984593,0.019849470482844276
2004-10-02,0.1840772960638904,0.2006560182544209,0.2195521962350256,0.1732030804335425,0.1935253850541928,0.1863947518539646,0.18810101051259062,0.19489565506750325,0.019351453691457538
2004-10-03,0.210282373074729,0.1840772960638904,0.2006560182544209,0.2195521962350256,0.1732030804335425,0.1935253850541928,0.19538444299568083,0.19564437155352724,0.016010169596720008
2004-10-05,0.150563320022818,0.210282373074729,0.1840772960638904,0.2006560182544209,0.2195521962350256,0.1732030804335425,0.19026566701980277,0.193677505229131,0.023390377752332946
2004-10-06,0.156374786081004,0.150563320022818,0.210282373074729,0.1840772960638904,0.2006560182544209,0.2195521962350256,0.18495843859506148,0.19089418140330855,0.026531295868145795
2004-10-08,0.1928123217341699,0.156374786081004,0.150563320022818,0.210282373074729,0.1840772960638904,0.2006560182544209,0.1877597587808654,0.19144680547632623,0.026115197472072055
2004-10-09,0.1735596120935539,0.1928123217341699,0.156374786081004,0.150563320022818,0.210282373074729,0.1840772960638904,0.181189389617798,0.1890521011599163,0.022288704404262803
2004-10-11,0.2220479178551055,0.1735596120935539,0.1928123217341699,0.156374786081004,0.150563320022818,0.210282373074729,0.18424537527503868,0.19107244723331424,0.02647582049407031
2004-10-12,0.1938819167142042,0.2220479178551055,0.1735596120935539,0.1928123217341699,0.156374786081004,0.150563320022818,0.18564603536794064,0.19207667807567974,0.026723635495013172
2004-11-02,0.1787293211637193,0.1938819167142042,0.2220479178551055,0.1735596120935539,0.1928123217341699,0.156374786081004,0.18113845652351065,0.1923737877923559,0.02443897193326932
2004-11-03,0.2076083856246434,0.1787293211637193,0.1938819167142042,0.2220479178551055,0.1735596120935539,0.1928123217341699,0.18928775160948574,0.19306308233504463,0.02192609251069563
2004-11-05,0.1568026240730176,0.2076083856246434,0.1787293211637193,0.1938819167142042,0.2220479178551055,0.1735596120935539,0.18934887132263056,0.19132796158965576,0.021819392210339426
2004-11-06,0.1575156873930405,0.1568026240730176,0.2076083856246434,0.1787293211637193,0.1938819167142042,0.2220479178551055,0.1843064949881835,0.18876925270964057,0.02476520561603318
2004-11-08,0.1899600684540787,0.1575156873930405,0.1568026240730176,0.2076083856246434,0.1787293211637193,0.1938819167142042,0.18664941732540133,0.18924462825632243,0.024351368410084992
2004-11-10,0.2125998288648031,0.1899600684540787,0.1575156873930405,0.1568026240730176,0.2076083856246434,0.1787293211637193,0.1852996903267867,0.18961898649933442,0.02223193101217056
2004-11-11,0.2190173987450085,0.2125998288648031,0.1899600684540787,0.1575156873930405,0.1568026240730176,0.2076083856246434,0.18889047347404442,0.18882273245864228,0.025620713381677197
2004-12-01,0.1917427267541357,0.2190173987450085,0.2125998288648031,0.1899600684540787,0.1575156873930405,0.1568026240730176,0.19074953141553253,0.18971406160867083,0.025229676251746918
2004-12-02,0.1878208784940102,0.1917427267541357,0.2190173987450085,0.2125998288648031,0.1899600684540787,0.1575156873930405,0.18792274468258488,0.1901181308233504,0.02410961206194029
2004-12-03,0.2115302338847689,0.1878208784940102,0.1917427267541357,0.2190173987450085,0.2125998288648031,0.1899600684540787,0.1957409746556922,0.19133628066172273,0.02101039013977701
2004-12-05,0.1555547632629777,0.2115302338847689,0.1878208784940102,0.1917427267541357,0.2190173987450085,0.2125998288648031,0.19546084263711183,0.1895357957786651,0.021609521994970553
2004-12-07,0.1874643468339988,0.1555547632629777,0.2115302338847689,0.1878208784940102,0.1917427267541357,0.2190173987450085,0.19510431097710043,0.1884483742156303,0.02173562463580259
2004-12-08,0.1892470051340559,0.1874643468339988,0.1555547632629777,0.2115302338847689,0.1878208784940102,0.1917427267541357,0.19176819330127937,0.18737877923559604,0.020350804191328172
2004-12-10,0.2051126640045636,0.1892470051340559,0.1874643468339988,0.1555547632629777,0.2115302338847689,0.1878208784940102,0.189781802624073,0.18830576155162576,0.01776169498753582
2004-12-11,0.2215131203650884,0.2051126640045636,0.1892470051340559,0.1874643468339988,0.1555547632629777,0.2115302338847689,0.1940347159970662,0.1896605818596691,0.021483665306505022
2005-01-02,0.1935253850541928,0.2215131203650884,0.2051126640045636,0.1892470051340559,0.1874643468339988,0.1555547632629777,0.19484964550566372,0.18939912530899408,0.021316214957861887
2005-01-03,0.2134911580148317,0.1935253850541928,0.2215131203650884,0.2051126640045636,0.1892470051340559,0.1874643468339988,0.19512977752424415,0.19120555238638517,0.021583175403927218
2005-01-04,0.2079649172846548,0.2134911580148317,0.1935253850541928,0.2215131203650884,0.2051126640045636,0.1892470051340559,0.20261694238448372,0.19192455790074153,0.012917406592649592
2005-01-06,0.2177695379349686,0.2079649172846548,0.2134911580148317,0.1935253850541928,0.2215131203650884,0.2051126640045636,0.20694625539890796,0.19273269633010073,0.012041288000326385
2005-01-07,0.2049343981745578,0.2177695379349686,0.2079649172846548,0.2134911580148317,0.1935253850541928,0.2215131203650884,0.2091873115475511,0.19379040692146793,0.009359340086819535
2005-01-08,0.2131346263548202,0.2049343981745578,0.2177695379349686,0.2079649172846548,0.2134911580148317,0.1935253850541928,0.2103333061690163,0.19357648792546106,0.009267945628577199
2005-01-09,0.1990516257843696,0.2131346263548202,0.2049343981745578,0.2177695379349686,0.2079649172846548,0.2134911580148317,0.20712452122891364,0.19352300817645937,0.008617645254026442
2005-01-11,0.2232957786651454,0.1990516257843696,0.2131346263548202,0.2049343981745578,0.2177695379349686,0.2079649172846548,0.21137743460190686,0.19483029092983453,0.008119370004382155
2005-01-12,0.2511052481460353,0.2232957786651454,0.1990516257843696,0.2131346263548202,0.2049343981745578,0.2177695379349686,0.21675087604922166,0.19619105343221138,0.017162261151651384
2005-02-02,0.194594980034227,0.2511052481460353,0.2232957786651454,0.1990516257843696,0.2131346263548202,0.2049343981745578,0.21484088501344628,0.1976587754325917,0.018953510860094513
2005-02-03,0.2088562464346833,0.194594980034227,0.2511052481460353,0.2232957786651454,0.1990516257843696,0.2131346263548202,0.21356755765626265,0.19940815744438103,0.019023243662320763
2005-02-06,0.2213348545350827,0.2088562464346833,0.194594980034227,0.2511052481460353,0.2232957786651454,0.1990516257843696,0.2159104799934805,0.20035890853774477,0.018791297893952803
2005-02-08,0.2127780946948089,0.2213348545350827,0.2088562464346833,0.194594980034227,0.2511052481460353,0.2232957786651454,0.2158595468991932,0.20166619129111993,0.018800556615036098
2005-02-09,0.2049343981745578,0.2127780946948089,0.2213348545350827,0.2088562464346833,0.194594980034227,0.2511052481460353,0.21669994295493433,0.2010957406351017,0.018040114458020035
2005-02-11,0.2191956645750142,0.2049343981745578,0.2127780946948089,0.2213348545350827,0.2088562464346833,0.194594980034227,0.21611421237062986,0.20193953223046204,0.01785588788708972
2005-02-12,0.2589489446662864,0.2191956645750142,0.2049343981745578,0.2127780946948089,0.2213348545350827,0.2088562464346833,0.21723474044495147,0.20461351968054758,0.020472131534785436
2005-03-02,0.1937036508841985,0.2589489446662864,0.2191956645750142,0.2049343981745578,0.2127780946948089,0.2213348545350827,0.21710740770923312,0.20415002852253275,0.02063851151992076
2005-03-03,0.2145607529948659,0.1937036508841985,0.2589489446662864,0.2191956645750142,0.2049343981745578,0.2127780946948089,0.21792233721783064,0.2060752994865944,0.020369274097993335
2005-03-05,0.1988733599543639,0.2145607529948659,0.1937036508841985,0.2589489446662864,0.2191956645750142,0.2049343981745578,0.21471355227772795,0.20745388857197178,0.02148095326281664
2005-03-06,0.2231175128351397,0.1988733599543639,0.2145607529948659,0.1937036508841985,0.2589489446662864,0.2191956645750142,0.2161906120120609,0.2085591367180072,0.02168023960991355
2005-03-08,0.2133128921848259,0.2231175128351397,0.1988733599543639,0.2145607529948659,0.1937036508841985,0.2589489446662864,0.21738753972781352,0.20858290549534125,0.02118075859127363
2005-03-10,0.2175912721049629,0.2133128921848259,0.2231175128351397,0.1988733599543639,0.2145607529948659,0.1937036508841985,0.21715834080352045,0.20853536794067307,0.021166607637979493
2005-03-11,0.2247219053051911,0.2175912721049629,0.2133128921848259,0.2231175128351397,0.1988733599543639,0.2145607529948659,0.2122687637519354,0.20963467389237495,0.01177248815355621
2005-04-01,0.1824729035938391,0.2247219053051911,0.2175912721049629,0.2133128921848259,0.2231175128351397,0.1988733599543639,0.21066437128188406,0.2094564080623692,0.015036955611299108
2005-04-02,0.1919209925841414,0.1824729035938391,0.2247219053051911,0.2175912721049629,0.2133128921848259,0.2231175128351397,0.2074301197946377,0.20880276668568162,0.016429495732328447
2005-04-03,0.210282373074729,0.1919209925841414,0.1824729035938391,0.2247219053051911,0.2175912721049629,0.2133128921848259,0.20905997881183275,0.21062702034607333,0.015999438047473755
2005-04-04,0.2027952082144894,0.210282373074729,0.1919209925841414,0.1824729035938391,0.2247219053051911,0.2175912721049629,0.2061567924374541,0.21113804905875638,0.014824111873116401
2005-04-05,0.2004777524244152,0.2027952082144894,0.210282373074729,0.1919209925841414,0.1824729035938391,0.2247219053051911,0.20432320104310972,0.21151240730176835,0.014583284306730122
2005-04-07,0.2010125499144323,0.2004777524244152,0.2027952082144894,0.210282373074729,0.1919209925841414,0.1824729035938391,0.2019548121587482,0.21137573683209732,0.013364673127727635
2005-04-08,0.2122432972047917,0.2010125499144323,0.2004777524244152,0.2027952082144894,0.210282373074729,0.1919209925841414,0.20017215385869117,0.21106674272675408,0.010303350804201068
2005-04-10,0.2195521962350256,0.2122432972047917,0.2010125499144323,0.2004777524244152,0.2027952082144894,0.210282373074729,0.20546919566457494,0.2119343030994485,0.009154837028261514
2005-04-11,0.2240088419851682,0.2195521962350256,0.2122432972047917,0.2010125499144323,0.2004777524244152,0.2027952082144894,0.21005317415043592,0.21228489256512637,0.009273087527501667
2005-05-01,0.1847903593839132,0.2240088419851682,0.2195521962350256,0.2122432972047917,0.2010125499144323,0.2004777524244152,0.2064114579088908,0.21151240730176835,0.013299520738542427
2005-05-04,0.2020821448944666,0.1847903593839132,0.2240088419851682,0.2195521962350256,0.2122432972047917,0.2010125499144323,0.20630959172031613,0.21098949420041826,0.013334520135919802
2005-05-05,0.2060039931545921,0.2020821448944666,0.1847903593839132,0.2240088419851682,0.2195521962350256,0.2122432972047917,0.20709905468176995,0.2110251473664194,0.01309310786934036
2005-05-07,0.2002994865944095,0.2060039931545921,0.2020821448944666,0.1847903593839132,0.2240088419851682,0.2195521962350256,0.2069971884931953,0.2105973093744057,0.01315099990443249
2005-05-08,0.2114589275527666,0.2002994865944095,0.2060039931545921,0.2020821448944666,0.1847903593839132,0.2240088419851682,0.2068851356857631,0.21101088610001895,0.013102101351300771
2005-05-09,0.2061822589845978,0.2114589275527666,0.2002994865944095,0.2060039931545921,0.2020821448944666,0.1847903593839132,0.20497514464998773,0.2104404354440007,0.011863764940072387
2005-05-10,0.2165216771249286,0.2061822589845978,0.2114589275527666,0.2002994865944095,0.2060039931545921,0.2020821448944666,0.2039055496699535,0.20928764974329717,0.010062521679630239
2005-05-12,0.2609098687963491,0.2165216771249286,0.2061822589845978,0.2114589275527666,0.2002994865944095,0.2060039931545921,0.21477976530030146,0.21149814603536787,0.021070864543579492
2005-06-01,0.1835424985738733,0.2609098687963491,0.2165216771249286,0.2061822589845978,0.2114589275527666,0.2002994865944095,0.21213124439735956,0.21065435444000755,0.023907190771249153
2005-06-04,0.2060039931545921,0.1835424985738733,0.2609098687963491,0.2165216771249286,0.2061822589845978,0.2114589275527666,0.21213124439735956,0.21014332572732455,0.023907190771249153
2005-06-05,0.205469195664575,0.2060039931545921,0.1835424985738733,0.2609098687963491,0.2165216771249286,0.2061822589845978,0.21286977426452608,0.20989969575965003,0.02355807377346047
2005-06-06,0.2206217912150598,0.205469195664575,0.2060039931545921,0.1835424985738733,0.2609098687963491,0.2165216771249286,0.21417875478771078,0.21042260886100014,0.0237206179928684
2005-06-07,0.2001212207644038,0.2206217912150598,0.205469195664575,0.2060039931545921,0.1835424985738733,0.2609098687963491,0.21331289218482594,0.20978679406731313,0.02416756986521151
2005-06-09,0.2051126640045636,0.2001212207644038,0.2206217912150598,0.205469195664575,0.2060039931545921,0.1835424985738733,0.21168303316763096,0.207992251378589,0.024299454581136606
2005-06-10,0.2195521962350256,0.2051126640045636,0.2001212207644038,0.2206217912150598,0.205469195664575,0.2060039931545921,0.20577479423029904,0.20885386955694993,0.012497148525594505
2005-06-12,0.2612664004563605,0.2195521962350256,0.2051126640045636,0.2001212207644038,0.2206217912150598,0.205469195664575,0.21687820878494007,0.21041072447233308,0.021051979382837316
2005-07-01,0.184968625213919,0.2612664004563605,0.2195521962350256,0.2051126640045636,0.2001212207644038,0.2206217912150598,0.21387315622198674,0.20994723331431828,0.024138059806628996
2005-07-02,0.189781802624073,0.184968625213919,0.2612664004563605,0.2195521962350256,0.2051126640045636,0.2001212207644038,0.21163210007334363,0.2088360429739494,0.02572445666374709
2005-07-03,0.2166999429549344,0.189781802624073,0.184968625213919,0.2612664004563605,0.2195521962350256,0.2051126640045636,0.21107183603618282,0.20894894466628633,0.025538067135094995
2005-07-04,0.208499714774672,0.2166999429549344,0.189781802624073,0.184968625213919,0.2612664004563605,0.2195521962350256,0.21226876375193543,0.20864589275527662,0.025132411408497764
2005-07-06,0.222939247005134,0.208499714774672,0.2166999429549344,0.189781802624073,0.184968625213919,0.2612664004563605,0.21481541846630264,0.20858647081194137,0.02518954782199315
2005-07-07,0.2052909298345693,0.222939247005134,0.208499714774672,0.2166999429549344,0.189781802624073,0.184968625213919,0.21277809469480888,0.20934707168663239,0.02531897812536218
2005-07-09,0.2049343981745578,0.2052909298345693,0.222939247005134,0.208499714774672,0.2166999429549344,0.189781802624073,0.20473066579740848,0.2097808518729796,0.013560874580575767
2005-07-10,0.2263262977752424,0.2049343981745578,0.2052909298345693,0.222939247005134,0.208499714774672,0.2166999429549344,0.2106389047347404,0.21031564936299674,0.012482427497985895
2005-07-11,0.2215131203650884,0.2263262977752424,0.2049343981745578,0.2052909298345693,0.222939247005134,0.208499714774672,0.21517195012631404,0.21093957976801667,0.00889059738263586
2005-07-12,0.2691100969766115,0.2215131203650884,0.2263262977752424,0.2049343981745578,0.2052909298345693,0.222939247005134,0.22265911498655364,0.21322732458642324,0.0223190568459995
2005-08-02,0.1858599543639475,0.2691100969766115,0.2215131203650884,0.2263262977752424,0.2049343981745578,0.2052909298345693,0.2194248634993073,0.21272223806807372,0.026042621220986467
2005-08-03,0.2184826012549914,0.1858599543639475,0.2691100969766115,0.2215131203650884,0.2263262977752424,0.2049343981745578,0.21878819982071548,0.21293021486974706,0.025996821288355714
2005-08-04,0.2052909298345693,0.2184826012549914,0.1858599543639475,0.2691100969766115,0.2215131203650884,0.2263262977752424,0.21878819982071548,0.21245483932306516,0.025996821288355714
2005-08-06,0.2184826012549914,0.2052909298345693,0.2184826012549914,0.1858599543639475,0.2691100969766115,0.2215131203650884,0.2207236574036346,0.21227063129872595,0.02528817872919259
2005-08-07,0.20218910439247,0.2184826012549914,0.2052909298345693,0.2184826012549914,0.1858599543639475,0.2691100969766115,0.21727548692038137,0.21285058946567786,0.026031592405692493
2005-08-08,0.2088562464346833,0.20218910439247,0.2184826012549914,0.2052909298345693,0.2184826012549914,0.1858599543639475,0.21546736207318062,0.21307639285035176,0.026127583393671463
2005-08-09,0.2056474614945806,0.2088562464346833,0.20218910439247,0.2184826012549914,0.2052909298345693,0.2184826012549914,0.20640127129003336,0.2130645084616847,0.011101299539510836
2005-08-11,0.2228679406731317,0.2056474614945806,0.2088562464346833,0.20218910439247,0.2184826012549914,0.2052909298345693,0.21168812647705965,0.21381679026430878,0.008093029345572874
2005-08-12,0.2680405019965772,0.2228679406731317,0.2056474614945806,0.2088562464346833,0.20218910439247,0.2184826012549914,0.21876782658300048,0.21570284274576912,0.022991132377448084
2005-09-02,0.1881774101540216,0.2680405019965772,0.2228679406731317,0.2056474614945806,0.2088562464346833,0.20218910439247,0.21632303805720796,0.21510268111808323,0.025442290589893942
2005-09-03,0.2245436394751854,0.1881774101540216,0.2680405019965772,0.2228679406731317,0.2056474614945806,0.2088562464346833,0.21718890066009283,0.21537007986309178,0.025630474865226776
2005-09-05,0.2026169423844837,0.2245436394751854,0.1881774101540216,0.2680405019965772,0.2228679406731317,0.2056474614945806,0.21725002037323765,0.21342698231602963,0.02558922097773034
2005-09-06,0.2177695379349686,0.2026169423844837,0.2245436394751854,0.1881774101540216,0.2680405019965772,0.2228679406731317,0.21852334773042129,0.21456788362806611,0.025322303413980694
2005-09-08,0.2040430690245293,0.2177695379349686,0.2026169423844837,0.2245436394751854,0.1881774101540216,0.2680405019965772,0.2182941488061282,0.21450251949039736,0.02546512844771556
2005-09-09,0.2036865373645179,0.2040430690245293,0.2177695379349686,0.2026169423844837,0.2245436394751854,0.1881774101540216,0.21555394833346905,0.21444309754706214,0.025918907033045176
2005-09-11,0.2273958927552766,0.2036865373645179,0.2040430690245293,0.2177695379349686,0.2026169423844837,0.2245436394751854,0.20974757558471185,0.21466890093173602,0.014024585742558294
2005-09-12,0.2744580718767826,0.2273958927552766,0.2036865373645179,0.2040430690245293,0.2177695379349686,0.2026169423844837,0.22207338440224916,0.2171467959688153,0.025294371521860308
2005-10-01,0.1853251568739304,0.2744580718767826,0.2273958927552766,0.2036865373645179,0.2040430690245293,0.2177695379349686,0.2164707440306413,0.21648721239779423,0.028761763959952728
2005-10-02,0.1891756988020536,0.1853251568739304,0.2744580718767826,0.2273958927552766,0.2036865373645179,0.2040430690245293,0.21455056637600842,0.2154746624833618,0.030250940742755857
2005-10-03,0.2227609811751283,0.1891756988020536,0.1853251568739304,0.2744580718767826,0.2273958927552766,0.2036865373645179,0.21526362969603127,0.21419114850732074,0.030397934176294567
2005-10-05,0.2063605248146034,0.2227609811751283,0.1891756988020536,0.1853251568739304,0.2744580718767826,0.2273958927552766,0.21559469480889898,0.21490421182734354,0.03026770412805856
2005-10-06,0.2127780946948089,0.2063605248146034,0.2227609811751283,0.1891756988020536,0.1853251568739304,0.2744580718767826,0.21689348871322628,0.21567075489636806,0.029863925959656954
2005-10-08,0.2067170564746149,0.2127780946948089,0.2063605248146034,0.2227609811751283,0.1891756988020536,0.1853251568739304,0.21393936924456033,0.21533799201369078,0.02967405143651549
2005-10-10,0.2318525385054192,0.2067170564746149,0.2127780946948089,0.2063605248146034,0.2227609811751283,0.1891756988020536,0.20785286447722265,0.21611641947138235,0.016744877100389903
2005-10-11,0.2306046776953793,0.2318525385054192,0.2067170564746149,0.2127780946948089,0.2063605248146034,0.2227609811751283,0.2143213674517154,0.21637193382772385,0.01527308162738267
2005-11-01,0.1872147746719908,0.2306046776953793,0.2318525385054192,0.2067170564746149,0.2127780946948089,0.2063605248146034,0.21404123543313497,0.21576939532230457,0.015819373865783293
2005-11-02,0.2035082715345122,0.1872147746719908,0.2306046776953793,0.2318525385054192,0.2067170564746149,0.2127780946948089,0.2112908483416184,0.2157218577676364,0.015724039428239734
2005-11-03,0.2190173987450085,0.2035082715345122,0.1872147746719908,0.2306046776953793,0.2318525385054192,0.2067170564746149,0.2130989731888191,0.21547822779996192,0.01579018037926648
2005-11-04,0.2108171705647461,0.2190173987450085,0.2035082715345122,0.1872147746719908,0.2306046776953793,0.2318525385054192,0.21281884117023872,0.2151216961399505,0.01581419784577089
2005-11-05,0.2070735881346263,0.2108171705647461,0.2190173987450085,0.2035082715345122,0.1872147746719908,0.2306046776953793,0.21286977426452605,0.21305381251188435,0.015791828676786804
2005-11-07,0.2056474614945806,0.2070735881346263,0.2108171705647461,0.2190173987450085,0.2035082715345122,0.1872147746719908,0.20912619183440626,0.21371339608290543,0.013478419265538626
2005-11-08,0.207251853964632,0.2056474614945806,0.2070735881346263,0.2108171705647461,0.2190173987450085,0.2035082715345122,0.20579007415858522,0.21333903783989344,0.009611509896364605
2005-11-10,0.2313177410154021,0.207251853964632,0.2056474614945806,0.2070735881346263,0.2108171705647461,0.2190173987450085,0.21209049792192966,0.2142065982125879,0.009857648315557825
2005-11-11,0.2291072447233314,0.2313177410154021,0.207251853964632,0.2056474614945806,0.2070735881346263,0.2108171705647461,0.215747494091761,0.2145607529948659,0.010842348276659296
2005-12-01,0.1892470051340559,0.2291072447233314,0.2313177410154021,0.207251853964632,0.2056474614945806,0.2070735881346263,0.21149458071876778,0.21412934968625208,0.014550554573412672
2005-12-04,0.2125998288648031,0.1892470051340559,0.2291072447233314,0.2313177410154021,0.207251853964632,0.2056474614945806,0.2117492461902045,0.21425413576725608,0.014552322482421299
2005-12-05,0.2043996006845407,0.2125998288648031,0.1892470051340559,0.2291072447233314,0.2313177410154021,0.207251853964632,0.21136724798304937,0.21421254040692142,0.01472953150527117
2005-12-07,0.2078936109526525,0.2043996006845407,0.2125998288648031,0.1892470051340559,0.2291072447233314,0.2313177410154021,0.21168812647705967,0.21371339608290543,0.014608125854460231
2005-12-08,0.2104606389047347,0.2078936109526525,0.2043996006845407,0.2125998288648031,0.1892470051340559,0.2291072447233314,0.2121465243256458,0.21179406731317738,0.014495627833367901
2005-12-09,0.2033300057045065,0.2104606389047347,0.2078936109526525,0.2043996006845407,0.2125998288648031,0.1892470051340559,0.20814827642408926,0.21229915383152687,0.011965456565716761
2005-12-10,0.2343482601254991,0.2033300057045065,0.2104606389047347,0.2078936109526525,0.2043996006845407,0.2125998288648031,0.2088969929101132,0.21262597451987064,0.013554025626523346
2005-12-12,0.2835496292070735,0.2343482601254991,0.2033300057045065,0.2104606389047347,0.2078936109526525,0.2043996006845407,0.22236879634911572,0.2153237307472903,0.02892155290695756
2006-01-02,0.3029806046776953,0.2835496292070735,0.2343482601254991,0.2033300057045065,0.2104606389047347,0.2078936109526525,0.23528033575095744,0.21816409963871453,0.0413412894967335
2006-01-03,0.3040501996577296,0.3029806046776953,0.2835496292070735,0.2343482601254991,0.2033300057045065,0.2104606389047347,0.24951613560427016,0.2214976706598212,0.0458469950029167
2006-01-06,0.3842698231602966,0.3040501996577296,0.3029806046776953,0.2835496292070735,0.2343482601254991,0.2033300057045065,0.2747127373482193,0.2275171135196805,0.0640230717271188
2006-01-08,0.3594908727895037,0.3842698231602966,0.3040501996577296,0.3029806046776953,0.2835496292070735,0.2343482601254991,0.29600277076032916,0.2319202795208214,0.06387469988963114
2006-01-09,0.4092270393610952,0.3594908727895037,0.3842698231602966,0.3040501996577296,0.3029806046776953,0.2835496292070735,0.32541663271127047,0.23641257843696514,0.06144798668921227
2006-01-11,0.3953223046206502,0.4092270393610952,0.3594908727895037,0.3842698231602966,0.3040501996577296,0.3029806046776953,0.3484129247820063,0.2434124833618558,0.05090297755797804
2006-01-12,0.4484455219623502,0.3953223046206502,0.4092270393610952,0.3594908727895037,0.3842698231602966,0.3040501996577296,0.371969480889903,0.2520548108005324,0.053946845415588064
2006-02-02,0.3047632629777524,0.4484455219623502,0.3953223046206502,0.4092270393610952,0.3594908727895037,0.3842698231602966,0.3722241463613397,0.25478822019395314,0.05356978234862742
2006-02-03,0.3036223616657159,0.3047632629777524,0.4484455219623502,0.3953223046206502,0.4092270393610952,0.3594908727895037,0.3721630266481949,0.2580302814223236,0.05366069509771343
2006-02-05,0.4509412435824301,0.3036223616657159,0.3047632629777524,0.4484455219623502,0.3953223046206502,0.4092270393610952,0.3816875152799283,0.26596905305191093,0.06151049090182135
2006-02-06,0.3878351397604107,0.4509412435824301,0.3036223616657159,0.3047632629777524,0.4484455219623502,0.3953223046206502,0.3857366962757721,0.2720063224947708,0.060733810226325326
2006-02-08,0.3735738733599543,0.3878351397604107,0.4509412435824301,0.3036223616657159,0.3047632629777524,0.4484455219623502,0.38064338684703763,0.276730366989922,0.059925119474364824
2006-02-10,0.3675128351397604,0.3735738733599543,0.3878351397604107,0.4509412435824301,0.3036223616657159,0.3047632629777524,0.3766706054926248,0.281293972238068,0.059711221004939925
2006-02-11,0.3971049629207073,0.3675128351397604,0.3735738733599543,0.3878351397604107,0.4509412435824301,0.3036223616657159,0.3693362399152473,0.28829031184635856,0.05209279122186522
2006-03-01,0.2769537934968624,0.3971049629207073,0.3675128351397604,0.3735738733599543,0.3878351397604107,0.4509412435824301,0.36536345856083446,0.2907384959117703,0.058504016240418365
2006-03-02,0.304406731317741,0.2769537934968624,0.3971049629207073,0.3675128351397604,0.3735738733599543,0.3878351397604107,0.36547551136826656,0.29358480699752804,0.058366644522806155
2006-03-03,0.3204506560182544,0.304406731317741,0.2769537934968624,0.3971049629207073,0.3675128351397604,0.3735738733599543,0.34683399885909866,0.29723925651264493,0.046062087543318773
2006-03-04,0.3676911009697661,0.3204506560182544,0.304406731317741,0.2769537934968624,0.3971049629207073,0.3675128351397604,0.3439562790318637,0.30259317360714966,0.043639148529936896
2006-03-05,0.4687678265830006,0.3676911009697661,0.3204506560182544,0.304406731317741,0.2769537934968624,0.3971049629207073,0.3575554152065846,0.31136385244343023,0.06433300951810987
2006-03-07,0.3568168853394181,0.4687678265830006,0.3676911009697661,0.3204506560182544,0.304406731317741,0.2769537934968624,0.35602742237796425,0.3163493534892564,0.06418393953058169
2006-03-08,0.3848046206503137,0.3568168853394181,0.4687678265830006,0.3676911009697661,0.3204506560182544,0.304406731317741,0.35427023062505086,0.3214655828104202,0.06302990997053448
2006-03-10,0.3589560752994866,0.3848046206503137,0.3568168853394181,0.4687678265830006,0.3676911009697661,0.3204506560182544,0.36598484231114004,0.32579387716295866,0.05310385752903881
2006-03-11,0.4045921277809469,0.3589560752994866,0.3848046206503137,0.3568168853394181,0.4687678265830006,0.3676911009697661,0.38029704180588375,0.33297204791785506,0.04687732832257841
2006-04-01,0.2805191100969766,0.4045921277809469,0.3589560752994866,0.3848046206503137,0.3568168853394181,0.4687678265830006,0.37459253524570124,0.33523602395892754,0.05676142977788172
2006-04-04,0.3733956075299486,0.2805191100969766,0.4045921277809469,0.3589560752994866,0.3848046206503137,0.3568168853394181,0.3754074647542987,0.3408692241871078,0.05668673203484241
2006-04-05,0.442562749572162,0.3733956075299486,0.2805191100969766,0.4045921277809469,0.3589560752994866,0.3848046206503137,0.3716638823241789,0.3486915288077581,0.049959796812111386
2006-04-07,0.3550342270393611,0.442562749572162,0.3733956075299486,0.2805191100969766,0.4045921277809469,0.3589560752994866,0.37140921685274225,0.35351064841224566,0.050052548917703665
2006-04-08,0.3896177980604677,0.3550342270393611,0.442562749572162,0.3733956075299486,0.2805191100969766,0.4045921277809469,0.37209681362562136,0.3597202414907777,0.05029968850201514
2006-04-09,0.4179620650313747,0.3896177980604677,0.3550342270393611,0.442562749572162,0.3733956075299486,0.2805191100969766,0.3805262407301768,0.3658407016543068,0.05262114209766877
2006-04-10,0.340594694808899,0.4179620650313747,0.3896177980604677,0.3550342270393611,0.442562749572162,0.3733956075299486,0.3713837503055985,0.3677422038410344,0.053298175540939186
2006-04-12,0.4555761551625785,0.340594694808899,0.4179620650313747,0.3896177980604677,0.3550342270393611,0.442562749572162,0.3963918996006845,0.37282872219053054,0.04377651305810441
2006-05-01,0.2751711351968054,0.4555761551625785,0.340594694808899,0.4179620650313747,0.3896177980604677,0.3550342270393611,0.38235983212452124,0.3718660867084997,0.06362081737820771
2006-05-04,0.3701868225898459,0.2751711351968054,0.4555761551625785,0.340594694808899,0.4179620650313747,0.3896177980604677,0.3720204139841904,0.3713966533561513,0.05782317347279165
2006-05-05,0.4562892184826012,0.3701868225898459,0.2751711351968054,0.4555761551625785,0.340594694808899,0.4179620650313747,0.386485412761796,0.3746232648792545,0.0650758069229019
2006-05-06,0.3956788362806617,0.4562892184826012,0.3701868225898459,0.2751711351968054,0.4555761551625785,0.340594694808899,0.38735127536468095,0.37417165810990677,0.06516469270498301
2006-05-07,0.362877923559612,0.3956788362806617,0.4562892184826012,0.3701868225898459,0.2751711351968054,0.4555761551625785,0.3794821122972862,0.37309017874120554,0.06417045200726046
2006-05-09,0.4234883057615516,0.362877923559612,0.3956788362806617,0.4562892184826012,0.3701868225898459,0.2751711351968054,0.39132405671909376,0.37225827153451224,0.06344259052530678
2006-05-10,0.345407872219053,0.4234883057615516,0.362877923559612,0.3956788362806617,0.4562892184826012,0.3701868225898459,0.3755857305843044,0.3736130918425556,0.05830362086146726
2006-05-12,0.4553978893325727,0.345407872219053,0.4234883057615516,0.362877923559612,0.3956788362806617,0.4562892184826012,0.4013324097465568,0.37867227609811743,0.04480052554636265
2006-06-01,0.2694666286366229,0.4553978893325727,0.345407872219053,0.4234883057615516,0.362877923559612,0.3956788362806617,0.38694381061038213,0.37262312226659056,0.06709674193290865
2006-06-02,0.3026240730176839,0.2694666286366229,0.4553978893325727,0.345407872219053,0.4234883057615516,0.362877923559612,0.36499164697253683,0.36978275337516636,0.06575153585547938
2006-06-03,0.3190245293782088,0.3026240730176839,0.2694666286366229,0.4553978893325727,0.345407872219053,0.4234883057615516,0.3540410317007579,0.36796444190910815,0.06617079830838146
2006-06-04,0.3835567598402737,0.3190245293782088,0.3026240730176839,0.2694666286366229,0.4553978893325727,0.345407872219053,0.35699515116942376,0.36849923939912527,0.06708632136986596
2006-06-06,0.3778522532800912,0.3835567598402737,0.3190245293782088,0.3026240730176839,0.2694666286366229,0.4553978893325727,0.3504757151006438,0.3678574824111047,0.06153536227772281
2006-06-07,0.3578864803194523,0.3778522532800912,0.3835567598402737,0.3190245293782088,0.3026240730176839,0.2694666286366229,0.3522583734007008,0.37055523863852435,0.0615448294325039
2006-06-09,0.4163576725613234,0.3578864803194523,0.3778522532800912,0.3835567598402737,0.3190245293782088,0.3026240730176839,0.3466811995762366,0.3742869366799771,0.05160720639342309
2006-06-10,0.3471905305191101,0.4163576725613234,0.3578864803194523,0.3778522532800912,0.3835567598402737,0.3190245293782088,0.35778461413087764,0.3751782658300057,0.039061898015874
2006-06-11,0.4006702795208214,0.3471905305191101,0.4163576725613234,0.3578864803194523,0.3778522532800912,0.3835567598402737,0.3717912150598973,0.37627757178170745,0.033111408337508044
2006-06-12,0.4423844837421563,0.4006702795208214,0.3471905305191101,0.4163576725613234,0.3578864803194523,0.3778522532800912,0.3894140656833183,0.37539812702034603,0.03317460019680339
2006-07-02,0.3011979463776383,0.4423844837421563,0.4006702795208214,0.3471905305191101,0.4163576725613234,0.3578864803194523,0.3776485209029419,0.37354416238828675,0.047226588477022824
2006-07-03,0.311002567027952,0.3011979463776383,0.4423844837421563,0.4006702795208214,0.3471905305191101,0.4163576725613234,0.3680985657240648,0.371084093934208,0.05351843001662202
2006-07-04,0.3883699372504278,0.311002567027952,0.3011979463776383,0.4423844837421563,0.4006702795208214,0.3471905305191101,0.37245334528563273,0.3720645559992394,0.053788516724768386
2006-07-06,0.3632344552196235,0.3883699372504278,0.311002567027952,0.3011979463776383,0.4423844837421563,0.4006702795208214,0.36486431423681853,0.3706859669138619,0.050188762725340896
2006-07-07,0.3650171135196805,0.3632344552196235,0.3883699372504278,0.311002567027952,0.3011979463776383,0.4423844837421563,0.36741096895118563,0.373502567027952,0.049591218961432426
2006-07-08,0.3985310895607529,0.3650171135196805,0.3632344552196235,0.3883699372504278,0.311002567027952,0.3011979463776383,0.36710537038546154,0.3743404164289788,0.04935814762577592
2006-07-09,0.4202795208214489,0.3985310895607529,0.3650171135196805,0.3632344552196235,0.3883699372504278,0.311002567027952,0.36394751853964624,0.3735976421372884,0.044174090428563594
2006-07-11,0.4045921277809469,0.4202795208214489,0.3985310895607529,0.3650171135196805,0.3632344552196235,0.3883699372504278,0.3787181158829761,0.37524957216200794,0.03627529743470232
2006-07-12,0.4420279520821448,0.4045921277809469,0.4202795208214489,0.3985310895607529,0.3650171135196805,0.3632344552196235,0.39743602803357503,0.37699657729606384,0.028476895253702405
2006-08-02,0.2853322875071306,0.4420279520821448,0.4045921277809469,0.4202795208214489,0.3985310895607529,0.3650171135196805,0.38271636378453255,0.37257558471192237,0.05137115988639709
2006-08-03,0.3093981745579007,0.2853322875071306,0.4420279520821448,0.4045921277809469,0.4202795208214489,0.3985310895607529,0.3750254665471436,0.37153570070355574,0.058332294109368146
2006-08-05,0.4448802053622361,0.3093981745579007,0.2853322875071306,0.4420279520821448,0.4045921277809469,0.4202795208214489,0.3864344796675087,0.3711791690435443,0.06361904531179922
2006-08-06,0.3664432401597262,0.4448802053622361,0.3093981745579007,0.2853322875071306,0.4420279520821448,0.4045921277809469,0.3818505011816477,0.37422157254230837,0.06375804424168112
2006-08-08,0.3871220764403879,0.3664432401597262,0.4448802053622361,0.3093981745579007,0.2853322875071306,0.4420279520821448,0.3771137234129247,0.37478608100399313,0.061623141950306215
2006-08-09,0.3928265830005704,0.3871220764403879,0.3664432401597262,0.4448802053622361,0.3093981745579007,0.2853322875071306,0.37543293130144234,0.37267065982125874,0.06090501560889703
2006-08-11,0.4040573302909298,0.3928265830005704,0.3871220764403879,0.3664432401597262,0.4448802053622361,0.3093981745579007,0.37000855675984023,0.3729499429549343,0.055430163431826766
2006-08-12,0.4480889903023388,0.4040573302909298,0.3928265830005704,0.3871220764403879,0.3664432401597262,0.4448802053622361,0.3932595143020129,0.3757903118463586,0.0475696900166929
2006-09-01,0.2790929834569309,0.4480889903023388,0.4040573302909298,0.3928265830005704,0.3871220764403879,0.3664432401597262,0.3889302012875886,0.37097713443620456,0.05693171970731137
2006-09-02,0.2933542498573873,0.2790929834569309,0.4480889903023388,0.4040573302909298,0.3928265830005704,0.3871220764403879,0.36728363621546734,0.36924201369081566,0.0607887973956765
2006-09-03,0.3067241871078151,0.2933542498573873,0.2790929834569309,0.4480889903023388,0.4040573302909298,0.3928265830005704,0.35875234292233715,0.36428622361665713,0.06497297795595969
2006-09-05,0.4500499144324015,0.3067241871078151,0.2933542498573873,0.2790929834569309,0.4480889903023388,0.4040573302909298,0.3677420340640534,0.3703056664765164,0.07336396724866544
2006-09-06,0.3614517969195664,0.4500499144324015,0.3067241871078151,0.2933542498573873,0.2790929834569309,0.4480889903023388,0.36325992176676714,0.3722665906065792,0.07252969198455506
2006-09-08,0.3919352538505419,0.3614517969195664,0.4500499144324015,0.3067241871078151,0.2933542498573873,0.2790929834569309,0.36152819656099744,0.37469694808899023,0.071531102021843
2006-09-10,0.3587778094694809,0.3919352538505419,0.3614517969195664,0.4500499144324015,0.3067241871078151,0.2933542498573873,0.34876945644201773,0.3738709830766305,0.06065680342277169
2006-09-11,0.4037007986309184,0.3587778094694809,0.3919352538505419,0.3614517969195664,0.4500499144324015,0.3067241871078151,0.36657057289544454,0.3747326012549914,0.05480263078679954
2006-10-01,0.2769537934968624,0.4037007986309184,0.3587778094694809,0.3919352538505419,0.3614517969195664,0.4500499144324015,0.36422765055822665,0.3720348450275717,0.05866867739253914
2006-10-02,0.2951369081574443,0.2769537934968624,0.4037007986309184,0.3587778094694809,0.3919352538505419,0.3614517969195664,0.362572324993888,0.3679941528807758,0.06069017479456595
2006-10-03,0.3060111237877923,0.2951369081574443,0.2769537934968624,0.4037007986309184,0.3587778094694809,0.3919352538505419,0.34199535490180094,0.36662150598973187,0.04946841221136135
2006-10-04,0.3973901882487164,0.3060111237877923,0.2951369081574443,0.2769537934968624,0.4037007986309184,0.3587778094694809,0.3471294108059653,0.366512169613995,0.053522997480259474
2006-10-05,0.4659155733029093,0.3973901882487164,0.3060111237877923,0.2951369081574443,0.2769537934968624,0.4037007986309184,0.35769802787058913,0.36729653926602013,0.06893110898913919
2006-10-07,0.3482601254991442,0.4659155733029093,0.3973901882487164,0.3060111237877923,0.2951369081574443,0.2769537934968624,0.35619550158911245,0.3688652785700703,0.06901822427823136
2006-10-08,0.3978180262407301,0.3482601254991442,0.4659155733029093,0.3973901882487164,0.3060111237877923,0.2951369081574443,0.35535510553337124,0.3717591272104962,0.0683762009617287
2006-10-10,0.3543211637193383,0.3978180262407301,0.3482601254991442,0.4659155733029093,0.3973901882487164,0.3060111237877923,0.36640758699372494,0.37062416809279325,0.05923263603420075
2006-10-11,0.419031660011409,0.3543211637193383,0.3978180262407301,0.3482601254991442,0.4659155733029093,0.3973901882487164,0.3841068372585771,0.3724840749191861,0.05251661674965595
2006-11-01,0.2719623502567028,0.419031660011409,0.3543211637193383,0.3978180262407301,0.3482601254991442,0.4659155733029093,0.37924272675413573,0.36938224947708687,0.06172492569779284
2006-11-04,0.4063747860810039,0.2719623502567028,0.419031660011409,0.3543211637193383,0.3978180262407301,0.3482601254991442,0.38052624073017677,0.36964370602776186,0.062256305091828265
2006-11-05,0.4691243582430119,0.4063747860810039,0.2719623502567028,0.419031660011409,0.3543211637193383,0.3978180262407301,0.3809846385787629,0.37127186727514727,0.0629972255362741
2006-11-07,0.3571734169994295,0.4691243582430119,0.4063747860810039,0.2719623502567028,0.419031660011409,0.3543211637193383,0.3822579659359465,0.36969124358243005,0.06231189497265778
2006-11-08,0.3922917855105533,0.3571734169994295,0.4691243582430119,0.4063747860810039,0.2719623502567028,0.419031660011409,0.3814685029744927,0.368033371363377,0.06211660114480391
2006-11-09,0.3739304050199657,0.3922917855105533,0.3571734169994295,0.4691243582430119,0.4063747860810039,0.2719623502567028,0.3842698231602966,0.3709866419471382,0.061122480800642864
2006-11-10,0.3518254420992584,0.3739304050199657,0.3922917855105533,0.3571734169994295,0.4691243582430119,0.4063747860810039,0.3746689348871322,0.37240088419851675,0.06002049528714325
2006-11-12,0.4438106103822019,0.3518254420992584,0.3739304050199657,0.3922917855105533,0.3571734169994295,0.4691243582430119,0.3992186863336321,0.3723652310325157,0.044022448474815956
2006-12-01,0.2755276668568168,0.4438106103822019,0.3518254420992584,0.3739304050199657,0.3922917855105533,0.3571734169994295,0.3805262407301768,0.3693347119224187,0.06380995441603647
2006-12-04,0.4092270393610952,0.2755276668568168,0.4438106103822019,0.3518254420992584,0.3739304050199657,0.3922917855105533,0.371969480889903,0.37007154401977554,0.053059469996639304
2006-12-05,0.4873074729035938,0.4092270393610952,0.2755276668568168,0.4438106103822019,0.3518254420992584,0.3739304050199657,0.3905600603047836,0.373220907016543,0.06776983784862999
2006-12-06,0.3475470621791214,0.4873074729035938,0.4092270393610952,0.2755276668568168,0.4438106103822019,0.3518254420992584,0.3841679569717219,0.3713372314128161,0.06966301239132557
2006-12-07,0.3735738733599543,0.3475470621791214,0.4873074729035938,0.4092270393610952,0.2755276668568168,0.4438106103822019,0.3841170238774345,0.3688533941814033,0.0696718747067895
2006-12-09,0.3589560752994866,0.3735738733599543,0.3475470621791214,0.4873074729035938,0.4092270393610952,0.2755276668568168,0.3851356857631814,0.3715154972428218,0.06917138633651757
2006-12-10,0.3575299486594409,0.3589560752994866,0.3735738733599543,0.3475470621791214,0.4873074729035938,0.4092270393610952,0.3728098769456441,0.37365468720289025,0.06450314608250074
2006-12-12,0.4484455219623502,0.3575299486594409,0.3589560752994866,0.3735738733599543,0.3475470621791214,0.4873074729035938,0.397512427675006,0.3783787316980414,0.0531497027850136
2007-01-02,0.4388191671420421,0.4484455219623502,0.3575299486594409,0.3589560752994866,0.3735738733599543,0.3475470621791214,0.4017398745008555,0.37800437345502946,0.055367350319774286
2007-01-03,0.4641329150028522,0.4388191671420421,0.4484455219623502,0.3575299486594409,0.3589560752994866,0.3735738733599543,0.39842922337217823,0.38142707739113896,0.04981234053758924
2007-01-05,0.4341842555618938,0.4641329150028522,0.4388191671420421,0.4484455219623502,0.3575299486594409,0.3589560752994866,0.41080596528400287,0.382835377448184,0.04565223148205041
2007-01-06,0.4370365088419851,0.4341842555618938,0.4641329150028522,0.4388191671420421,0.4484455219623502,0.3575299486594409,0.41987205606715017,0.3854440007606008,0.04326509788007083
2007-01-08,0.409940102681118,0.4370365088419851,0.4341842555618938,0.4641329150028522,0.4388191671420421,0.4484455219623502,0.4271554885502403,0.38565197756227415,0.034755719988366324
2007-01-10,0.4457715345122647,0.409940102681118,0.4370365088419851,0.4341842555618938,0.4641329150028522,0.4388191671420421,0.43976142938635804,0.39127923559612093,0.016503704549217364
2007-01-11,0.466628636622932,0.4457715345122647,0.409940102681118,0.4370365088419851,0.4341842555618938,0.4641329150028522,0.4423590171950126,0.39699562654497045,0.019293499366997605
2007-02-01,0.4184968625213918,0.466628636622932,0.4457715345122647,0.409940102681118,0.4370365088419851,0.4341842555618938,0.4394558308206339,0.4007451511694237,0.0213358350994507
2007-02-02,0.4416714204221335,0.4184968625213918,0.466628636622932,0.4457715345122647,0.409940102681118,0.4370365088419851,0.43624704588053126,0.40222119224187103,0.01850758134904427
2007-02-03,0.4370365088419851,0.4416714204221335,0.4184968625213918,0.466628636622932,0.4457715345122647,0.409940102681118,0.43665451063482996,0.4012585567598402,0.018485982795692406
2007-02-04,0.4300841414717627,0.4370365088419851,0.4416714204221335,0.4184968625213918,0.466628636622932,0.4457715345122647,0.43566131529622687,0.4039860239589275,0.018648092525243187
2007-02-05,0.4245579007415858,0.4300841414717627,0.4370365088419851,0.4416714204221335,0.4184968625213918,0.466628636622932,0.4377495721620079,0.40487735310895606,0.015904336139338223
2007-02-07,0.3992441528807758,0.4245579007415858,0.4300841414717627,0.4370365088419851,0.4416714204221335,0.4184968625213918,0.4311028033575095,0.40637478608100397,0.02092345626918047
2007-02-08,0.4167142042213348,0.3992441528807758,0.4245579007415858,0.4300841414717627,0.4370365088419851,0.4416714204221335,0.42397217015728134,0.4062975375546681,0.014234767183059925
2007-02-10,0.4281232173416999,0.4167142042213348,0.3992441528807758,0.4245579007415858,0.4300841414717627,0.4370365088419851,0.42534736370303966,0.4115028997908347,0.014081818529206775
2007-02-11,0.4652025099828864,0.4281232173416999,0.4167142042213348,0.3992441528807758,0.4245579007415858,0.4300841414717627,0.42870894792600434,0.4134638239208975,0.02013554815221166
2007-03-01,0.4149315459212778,0.4652025099828864,0.4281232173416999,0.4167142042213348,0.3992441528807758,0.4245579007415858,0.4255510960801891,0.41165739684350633,0.020344147944678908
2007-03-04,0.4281232173416999,0.4149315459212778,0.4652025099828864,0.4281232173416999,0.4167142042213348,0.3992441528807758,0.4252709640616086,0.41402239018824866,0.020284740254671387
2007-03-05,0.429905875641757,0.4281232173416999,0.4149315459212778,0.4652025099828864,0.4281232173416999,0.4167142042213348,0.4260349604759188,0.41527619319262216,0.020354001390417813
2007-03-07,0.4038790644609241,0.429905875641757,0.4281232173416999,0.4149315459212778,0.4652025099828864,0.4281232173416999,0.42669709070165424,0.4162744818406541,0.0193897725497371
2007-03-08,0.4167142042213348,0.4038790644609241,0.429905875641757,0.4281232173416999,0.4149315459212778,0.4652025099828864,0.42669709070165424,0.41843744057805665,0.0193897725497371
2007-03-09,0.3860524814603536,0.4167142042213348,0.4038790644609241,0.429905875641757,0.4281232173416999,0.4149315459212778,0.42068698557574763,0.416512169613995,0.024674144885543536
2007-03-10,0.4306189389617798,0.3860524814603536,0.4167142042213348,0.4038790644609241,0.429905875641757,0.4281232173416999,0.4157464754298753,0.4216818786841604,0.01632499033336273
2007-03-12,0.4488020536223616,0.4306189389617798,0.3860524814603536,0.4167142042213348,0.4038790644609241,0.429905875641757,0.4205851193871729,0.4230010458262026,0.02052296140271257
2007-04-01,0.4045921277809469,0.4488020536223616,0.4306189389617798,0.3860524814603536,0.4167142042213348,0.4038790644609241,0.4172235351642083,0.4202438676554478,0.021003978943490733
2007-04-04,0.4341842555618938,0.4045921277809469,0.4488020536223616,0.4306189389617798,0.3860524814603536,0.4167142042213348,0.4178347322956563,0.4231317741015402,0.021491130463663244
2007-04-05,0.4324015972618368,0.4341842555618938,0.4045921277809469,0.4488020536223616,0.4306189389617798,0.3860524814603536,0.4219093798386439,0.4250926982316029,0.02110460358022088
2007-04-06,0.4420279520821448,0.4324015972618368,0.4341842555618938,0.4045921277809469,0.4488020536223616,0.4306189389617798,0.4255256295330453,0.42786176079102484,0.022206050302136304
2007-04-07,0.4040573302909298,0.4420279520821448,0.4324015972618368,0.4341842555618938,0.4045921277809469,0.4488020536223616,0.4280977507945562,0.4294126735120745,0.017393005391147735
2007-04-09,0.3858742156303479,0.4040573302909298,0.4420279520821448,0.4324015972618368,0.4341842555618938,0.4045921277809469,0.42170564746149447,0.4273269633010077,0.0234718180522369
2007-04-10,0.4259840273816315,0.3858742156303479,0.4040573302909298,0.4420279520821448,0.4324015972618368,0.4341842555618938,0.41844592942710446,0.42689912530899404,0.02047464461361987
2007-04-12,0.4627067883628066,0.4259840273816315,0.3858742156303479,0.4040573302909298,0.4420279520821448,0.4324015972618368,0.42674802379594157,0.42685158775432586,0.02516574672590892
2007-05-01,0.4074443810610382,0.4627067883628066,0.4259840273816315,0.3858742156303479,0.4040573302909298,0.4420279520821448,0.4229280417243908,0.4259602586042973,0.025868501078875443
2007-05-02,0.4284797490017113,0.4074443810610382,0.4627067883628066,0.4259840273816315,0.3858742156303479,0.4040573302909298,0.42236777768723005,0.42567503327628825,0.025670839542950023
2007-05-03,0.4040573302909298,0.4284797490017113,0.4074443810610382,0.4627067883628066,0.4259840273816315,0.3858742156303479,0.4169434031456279,0.4254789408632819,0.024821815571121272
2007-05-04,0.4388191671420421,0.4040573302909298,0.4284797490017113,0.4074443810610382,0.4627067883628066,0.4259840273816315,0.4219093798386439,0.4252471952842745,0.025287041723254383
2007-05-06,0.4434540787221905,0.4388191671420421,0.4040573302909298,0.4284797490017113,0.4074443810610382,0.4627067883628066,0.43013507456605005,0.42447471002091647,0.020528896255871527
2007-05-07,0.4038790644609241,0.4434540787221905,0.4388191671420421,0.4040573302909298,0.4284797490017113,0.4074443810610382,0.42697722272023464,0.42398745008556754,0.022843511715067065
2007-05-09,0.3901525955504848,0.4038790644609241,0.4434540787221905,0.4388191671420421,0.4040573302909298,0.4284797490017113,0.41661233803276015,0.4222701559231793,0.02024183632953589
2007-05-10,0.4336494580718767,0.3901525955504848,0.4038790644609241,0.4434540787221905,0.4388191671420421,0.4040573302909298,0.4203559204628799,0.4221572542308423,0.020682129106487344
2007-05-11,0.4712635482030804,0.4336494580718767,0.3901525955504848,0.4038790644609241,0.4434540787221905,0.4388191671420421,0.4264678917773613,0.4235299011218862,0.028374282383958102
2007-05-12,0.4659155733029093,0.4712635482030804,0.4336494580718767,0.3901525955504848,0.4038790644609241,0.4434540787221905,0.4353047836362154,0.4249084902072637,0.029826864603228018
2007-06-02,0.4416714204221335,0.4659155733029093,0.4712635482030804,0.4336494580718767,0.3901525955504848,0.4038790644609241,0.43571224839051415,0.4263227324586423,0.029902263270560808
2007-06-03,0.4158228750713063,0.4416714204221335,0.4659155733029093,0.4712635482030804,0.4336494580718767,0.3901525955504848,0.431764933583245,0.42629302148697473,0.030527185335490176
2007-06-06,0.4427410154021676,0.4158228750713063,0.4416714204221335,0.4659155733029093,0.4712635482030804,0.4336494580718767,0.43731664086056554,0.42678028142232355,0.028043290244968284
2007-06-07,0.3967484312606959,0.4427410154021676,0.4158228750713063,0.4416714204221335,0.4659155733029093,0.4712635482030804,0.43825890310488136,0.4244984787982506,0.026247775206511465
2007-06-08,0.4217056474614945,0.3967484312606959,0.4427410154021676,0.4158228750713063,0.4416714204221335,0.4659155733029093,0.43655264444625536,0.42472428218292446,0.026975477377182935
2007-06-09,0.391222190530519,0.4217056474614945,0.3967484312606959,0.4427410154021676,0.4158228750713063,0.4416714204221335,0.42511816477874653,0.4234942479558851,0.026773214892519194
2007-06-11,0.4880205362236167,0.391222190530519,0.4217056474614945,0.3967484312606959,0.4427410154021676,0.4158228750713063,0.42827601662456194,0.42543140330861373,0.032972983403654794
2007-06-12,0.4559326868225898,0.4880205362236167,0.391222190530519,0.4217056474614945,0.3967484312606959,0.4427410154021676,0.43031334039605573,0.4271665240540026,0.03435041376198974
2007-07-02,0.441314888762122,0.4559326868225898,0.4880205362236167,0.391222190530519,0.4217056474614945,0.3967484312606959,0.4339550566376008,0.42798654687202886,0.03390656611571201
2007-07-03,0.414218482601255,0.441314888762122,0.4559326868225898,0.4880205362236167,0.391222190530519,0.4217056474614945,0.4298804090946132,0.42892541357672553,0.034385198777083924
2007-07-06,0.441314888762122,0.414218482601255,0.441314888762122,0.4559326868225898,0.4880205362236167,0.391222190530519,0.43624704588053126,0.429281945236737,0.031207190122283724
2007-07-08,0.417783799201369,0.441314888762122,0.414218482601255,0.441314888762122,0.4559326868225898,0.4880205362236167,0.4356867818433705,0.42824800342270386,0.031545137584592625
2007-07-09,0.4028094694808899,0.417783799201369,0.441314888762122,0.414218482601255,0.441314888762122,0.4559326868225898,0.43734210740770924,0.4281885814793686,0.02902645718386009
2007-07-11,0.5186822589845979,0.4028094694808899,0.417783799201369,0.441314888762122,0.414218482601255,0.441314888762122,0.44172235351642086,0.43100518159345874,0.03866269200700406
2007-07-12,0.4694808899030233,0.5186822589845979,0.4028094694808899,0.417783799201369,0.441314888762122,0.414218482601255,0.4436578110993398,0.43224115801483165,0.039814577139195444
2007-08-01,0.3899743297204792,0.4694808899030233,0.5186822589845979,0.4028094694808899,0.417783799201369,0.441314888762122,0.4363234455219623,0.4305060372694428,0.04474200072928438
2007-08-02,0.4370365088419851,0.3899743297204792,0.4694808899030233,0.5186822589845979,0.4028094694808899,0.417783799201369,0.4395831635563523,0.4316053432211446,0.04368176300906758
2007-08-03,0.4213491158014831,0.4370365088419851,0.3899743297204792,0.4694808899030233,0.5186822589845979,0.4028094694808899,0.43673091027626104,0.4327878398935158,0.044198628752115776
2007-08-05,0.4352538505419281,0.4213491158014831,0.4370365088419851,0.3899743297204792,0.4694808899030233,0.5186822589845979,0.439226631896341,0.43309683399885907,0.043437121228936657
2007-08-06,0.4291928123217342,0.4352538505419281,0.4213491158014831,0.4370365088419851,0.3899743297204792,0.4694808899030233,0.4429956808736044,0.4319797014641567,0.04081610937986642
2007-08-08,0.4192099258414146,0.4291928123217342,0.4352538505419281,0.4213491158014831,0.4370365088419851,0.3899743297204792,0.4287853475674353,0.4323718862901692,0.02387291958492053
2007-08-10,0.4284797490017113,0.4192099258414146,0.4291928123217342,0.4352538505419281,0.4213491158014831,0.4370365088419851,0.4229280417243908,0.4323718862901692,0.015933757348114717
2007-08-11,0.5022818026240731,0.4284797490017113,0.4192099258414146,0.4291928123217342,0.4352538505419281,0.4213491158014831,0.4389719664249042,0.4356460353679406,0.028672075075725636
2007-09-01,0.3953223046206502,0.5022818026240731,0.4284797490017113,0.4192099258414146,0.4291928123217342,0.4352538505419281,0.43301279439328494,0.4341961399505609,0.033129775618874514
2007-09-02,0.4480889903023388,0.3953223046206502,0.5022818026240731,0.4284797490017113,0.4192099258414146,0.4291928123217342,0.43683277646483576,0.4343506370032325,0.033102358020107595
2007-09-03,0.4206360524814603,0.4480889903023388,0.3953223046206502,0.5022818026240731,0.4284797490017113,0.4192099258414146,0.43474451959905464,0.43490920327058374,0.03367469817362776
2007-09-05,0.4341842555618938,0.4206360524814603,0.4480889903023388,0.3953223046206502,0.5022818026240731,0.4284797490017113,0.43545758291907743,0.436376925270964,0.03359028879879647
2007-09-07,0.4088705077010838,0.4341842555618938,0.4206360524814603,0.4480889903023388,0.3953223046206502,0.5022818026240731,0.4339805231847445,0.43555096025860424,0.03463490358834025
2007-09-08,0.4172490017113519,0.4088705077010838,0.4341842555618938,0.4206360524814603,0.4480889903023388,0.3953223046206502,0.43237613071469305,0.4337504753755467,0.035187891021528854
2007-09-10,0.42562749572162,0.4172490017113519,0.4088705077010838,0.4341842555618938,0.4206360524814603,0.4480889903023388,0.4214255154429141,0.4324075394561703,0.017070712407572842
2007-09-11,0.4947946377638334,0.42562749572162,0.4172490017113519,0.4088705077010838,0.4341842555618938,0.4206360524814603,0.4356358487490831,0.4341783133675603,0.028972891982033993
2007-10-01,0.3985310895607529,0.4947946377638334,0.42562749572162,0.4172490017113519,0.4088705077010838,0.4341842555618938,0.4285561486431423,0.43360192051720853,0.03137780044225516
2007-10-04,0.4480889903023388,0.3985310895607529,0.4947946377638334,0.42562749572162,0.4172490017113519,0.4088705077010838,0.4324779969032678,0.43378018634721427,0.031933618354352586
2007-10-05,0.4284797490017113,0.4480889903023388,0.3985310895607529,0.4947946377638334,0.42562749572162,0.4172490017113519,0.4316630673946703,0.4348378969385814,0.03195559884212511
2007-10-07,0.4095835710211066,0.4284797490017113,0.4480889903023388,0.3985310895607529,0.4947946377638334,0.42562749572162,0.4317649335832449,0.4344338277239019,0.03187185940040432
2007-10-08,0.4070878494010267,0.4095835710211066,0.4284797490017113,0.4480889903023388,0.3985310895607529,0.4947946377638334,0.43031334039605573,0.43496268301958546,0.032859267784482706
2007-10-09,0.4024529378208785,0.4070878494010267,0.4095835710211066,0.4284797490017113,0.4480889903023388,0.3985310895607529,0.4270026892673783,0.43211042973949415,0.034534791373003915
2007-10-10,0.4402452937820878,0.4024529378208785,0.4070878494010267,0.4095835710211066,0.4284797490017113,0.4480889903023388,0.41920992584141464,0.4315875166381441,0.01962328146087914
2007-10-12,0.4673416999429549,0.4402452937820878,0.4024529378208785,0.4070878494010267,0.4095835710211066,0.4284797490017113,0.4290400130388721,0.4324550770108385,0.024231790963625634
2007-11-01,0.3971049629207073,0.4673416999429549,0.4402452937820878,0.4024529378208785,0.4070878494010267,0.4095835710211066,0.42175658055578186,0.4318846263548203,0.025194984057495495
2007-11-04,0.4509412435824301,0.3971049629207073,0.4673416999429549,0.4402452937820878,0.4024529378208785,0.4070878494010267,0.42496536549588454,0.4322055048488305,0.027517245460585
2007-11-05,0.419566457501426,0.4509412435824301,0.3971049629207073,0.4673416999429549,0.4402452937820878,0.4024529378208785,0.42639149213593025,0.43226492679216577,0.026837487874062385
2007-11-06,0.423844837421563,0.419566457501426,0.4509412435824301,0.3971049629207073,0.4673416999429549,0.4402452937820878,0.4287853475674353,0.4329661057235215,0.02554488061220689
2007-11-07,0.4163576725613234,0.423844837421563,0.419566457501426,0.4509412435824301,0.3971049629207073,0.4673416999429549,0.4307717382446418,0.429555286176079,0.023624410470566643
2007-11-09,0.4028094694808899,0.4163576725613234,0.423844837421563,0.419566457501426,0.4509412435824301,0.3971049629207073,0.42542376334447063,0.4273329054953413,0.025300233831779116
2007-11-10,0.4420279520821448,0.4028094694808899,0.4163576725613234,0.423844837421563,0.419566457501426,0.4509412435824301,0.42180751365006924,0.42906802624073015,0.019440746872022085
2007-11-12,0.475720193953223,0.4420279520821448,0.4028094694808899,0.4163576725613234,0.423844837421563,0.419566457501426,0.4330382609404286,0.43035748241110466,0.02476929929599001
2007-12-01,0.3978180262407301,0.475720193953223,0.4420279520821448,0.4028094694808899,0.4163576725613234,0.423844837421563,0.4254492298916143,0.42957311275907967,0.02645090900986546
2007-12-02,0.4459498003422703,0.3978180262407301,0.475720193953223,0.4420279520821448,0.4028094694808899,0.4163576725613234,0.42921827886887776,0.429929644419091,0.027337793714762637
2007-12-03,0.4170707358813462,0.4459498003422703,0.3978180262407301,0.475720193953223,0.4420279520821448,0.4028094694808899,0.4282505500774182,0.42952557520441137,0.027677497555761134
2007-12-04,0.4480889903023388,0.4170707358813462,0.4459498003422703,0.3978180262407301,0.475720193953223,0.4420279520821448,0.43278359546899187,0.4304882106864422,0.02800162762229291
2007-12-06,0.4234883057615516,0.4480889903023388,0.4170707358813462,0.4459498003422703,0.3978180262407301,0.475720193953223,0.4357377149376579,0.4303218292451036,0.025269920611054122
2007-12-07,0.4163576725613234,0.4234883057615516,0.4480889903023388,0.4170707358813462,0.4459498003422703,0.3978180262407301,0.432070532148969,0.4274576915763452,0.026055372696333293
2007-12-09,0.4060182544209925,0.4163576725613234,0.4234883057615516,0.4480889903023388,0.4170707358813462,0.4459498003422703,0.42211311221579334,0.4278142232363567,0.01894145099677685
2007-12-10,0.4463063320022817,0.4060182544209925,0.4163576725613234,0.4234883057615516,0.4480889903023388,0.4170707358813462,0.429040013038872,0.42775480129302146,0.01737746812777926
2007-12-11,0.494438106103822,0.4463063320022817,0.4060182544209925,0.4163576725613234,0.4234883057615516,0.4480889903023388,0.4359669138619509,0.43021486974710016,0.030185411421159707
2007-12-12,0.4764332572732458,0.494438106103822,0.4463063320022817,0.4060182544209925,0.4163576725613234,0.4234883057615516,0.4444472740607937,0.4316231698041452,0.032259360964633874
2008-01-02,0.567527096406161,0.4764332572732458,0.494438106103822,0.4463063320022817,0.4060182544209925,0.4163576725613234,0.461509860647054,0.4369117227609811,0.05677654410547659
2008-01-04,0.5514831717056474,0.567527096406161,0.4764332572732458,0.494438106103822,0.4463063320022817,0.4060182544209925,0.47979484149621054,0.4413861950941243,0.06278353042760422
2008-01-05,0.5479178551055334,0.5514831717056474,0.567527096406161,0.4764332572732458,0.494438106103822,0.4463063320022817,0.49858915328824055,0.4454625404069214,0.060269557888309025
2008-01-07,0.5807187678265829,0.5479178551055334,0.5514831717056474,0.567527096406161,0.4764332572732458,0.494438106103822,0.5235463694890391,0.4483266780756798,0.05100715870016928
2008-01-08,0.5817883628066173,0.5807187678265829,0.5479178551055334,0.5514831717056474,0.567527096406161,0.4764332572732458,0.54290094531823,0.45443525385054184,0.04166191423818441
2008-01-09,0.4388191671420421,0.5817883628066173,0.5807187678265829,0.5479178551055334,0.5514831717056474,0.567527096406161,0.5349553826094043,0.45412625974519866,0.055462805230495967
2008-01-10,0.392470051340559,0.4388191671420421,0.5817883628066173,0.5807187678265829,0.5479178551055334,0.5514831717056474,0.5229606389047347,0.4529259364898269,0.07563822878386561
2008-01-12,0.3079720479178551,0.392470051340559,0.4388191671420421,0.5817883628066173,0.5807187678265829,0.5479178551055334,0.4858813462635482,0.4495388857197185,0.1071888189460272
2008-02-01,0.4869509412435823,0.3079720479178551,0.392470051340559,0.4388191671420421,0.5817883628066173,0.5807187678265829,0.47666245619753883,0.45220098878113707,0.10331125014247552
2008-02-04,0.5568311466058187,0.4869509412435823,0.3079720479178551,0.392470051340559,0.4388191671420421,0.5817883628066173,0.4779357835547225,0.45734692907396834,0.10438520325085845
2008-02-05,0.5318739304050201,0.5568311466058187,0.4869509412435823,0.3079720479178551,0.392470051340559,0.4388191671420421,0.47095794963735643,0.4604012169613994,0.09779380911975347
2008-02-06,0.5557615516257843,0.5318739304050201,0.5568311466058187,0.4869509412435823,0.3079720479178551,0.392470051340559,0.4672398337543802,0.46334854535082715,0.0932677814501634
2008-02-07,0.5935539075869938,0.5557615516257843,0.5318739304050201,0.5568311466058187,0.4869509412435823,0.3079720479178551,0.4893447966750876,0.46989684350637,0.10321529246937569
2008-02-09,0.4245579007415858,0.5935539075869938,0.5557615516257843,0.5318739304050201,0.5568311466058187,0.4869509412435823,0.49392877516094863,0.46901739874500853,0.09881456976494682
2008-02-10,0.3914004563605248,0.4245579007415858,0.5935539075869938,0.5557615516257843,0.5318739304050201,0.5568311466058187,0.505847119224187,0.4680785320403118,0.07474817551797942
2008-02-12,0.2901454649172846,0.3914004563605248,0.4245579007415858,0.5935539075869938,0.5557615516257843,0.5318739304050201,0.47773205117757317,0.46362188629016915,0.11117604450390092
2008-03-01,0.5029948659440959,0.2901454649172846,0.3914004563605248,0.4245579007415858,0.5935539075869938,0.5557615516257843,0.4700411539401842,0.46650979273626164,0.10655841186828682
2008-03-03,0.6734169994295494,0.5029948659440959,0.2901454649172846,0.3914004563605248,0.4245579007415858,0.5935539075869938,0.4902615923722598,0.47553004373455027,0.1308972562800144
2008-03-04,0.5661009697661152,0.6734169994295494,0.5029948659440959,0.2901454649172846,0.3914004563605248,0.4245579007415858,0.4917386521065928,0.4796658109906826,0.13181467089116528
2008-03-06,0.5543354249857387,0.5661009697661152,0.6734169994295494,0.5029948659440959,0.2901454649172846,0.3914004563605248,0.48613601173498494,0.48228631869176647,0.12752968768440184
2008-03-07,0.6074586423274386,0.5543354249857387,0.5661009697661152,0.6734169994295494,0.5029948659440959,0.2901454649172846,0.5122646891043925,0.4892743392279901,0.13148592441659643
2008-03-09,0.4106531660011408,0.6074586423274386,0.5543354249857387,0.5661009697661152,0.6734169994295494,0.5029948659440959,0.515015076195909,0.48809778474995247,0.12870837604487126
2008-03-10,0.3539646320593268,0.4106531660011408,0.6074586423274386,0.5543354249857387,0.5661009697661152,0.6734169994295494,0.5241321000733437,0.48599424795588514,0.11119362915950304
2008-03-11,0.3129634911580148,0.3539646320593268,0.4106531660011408,0.6074586423274386,0.5543354249857387,0.5661009697661152,0.4969847608181892,0.48149006465107436,0.1373382026957093
2008-03-12,0.2908585282373074,0.3129634911580148,0.3539646320593268,0.4106531660011408,0.6074586423274386,0.5543354249857387,0.4423335506478689,0.47706907206693283,0.13141733589544402
2008-04-01,0.499251283513976,0.2908585282373074,0.3129634911580148,0.3539646320593268,0.4106531660011408,0.6074586423274386,0.4327835954689919,0.4798321924320213,0.12308935766015133
2008-04-02,0.5500570450656018,0.499251283513976,0.2908585282373074,0.3129634911580148,0.3539646320593268,0.4106531660011408,0.43217239833754373,0.4846334854535082,0.12239385850810887
2008-04-03,0.6791215059897319,0.5500570450656018,0.499251283513976,0.2908585282373074,0.3129634911580148,0.3539646320593268,0.4424099502892999,0.4923939912530899,0.1410711887378085
2008-04-04,0.5767969195664575,0.6791215059897319,0.5500570450656018,0.499251283513976,0.2908585282373074,0.3129634911580148,0.46614477222720235,0.4951392850351778,0.14861272573796033
2008-04-06,0.5489874500855677,0.5767969195664575,0.6791215059897319,0.5500570450656018,0.499251283513976,0.2908585282373074,0.49400517480237965,0.49755775812892183,0.14222023104602055
2008-04-07,0.5967626925270965,0.5489874500855677,0.5767969195664575,0.6791215059897319,0.5500570450656018,0.499251283513976,0.5345479178551055,0.4985322779996197,0.12085568725080315
2008-04-08,0.5739446662863663,0.5967626925270965,0.5489874500855677,0.5767969195664575,0.6791215059897319,0.5500570450656018,0.5749887947192568,0.49928099448564367,0.05531111456879418
2008-04-09,0.4188533941814032,0.5739446662863663,0.5967626925270965,0.5489874500855677,0.5767969195664575,0.6791215059897319,0.5635033819574607,0.49497884578817264,0.07753988879112267
2008-04-11,0.3093981745579007,0.4188533941814032,0.5739446662863663,0.5967626925270965,0.5489874500855677,0.5767969195664575,0.5291235433135034,0.4859348260125499,0.1239552644020623
2008-04-12,0.2962065031374786,0.3093981745579007,0.4188533941814032,0.5739446662863663,0.5967626925270965,0.5489874500855677,0.47442140004889577,0.47641543069024533,0.13101789501887479
2008-05-02,0.5432829435253851,0.2962065031374786,0.3093981745579007,0.4188533941814032,0.5739446662863663,0.5967626925270965,0.4696336891858854,0.47989755656969,0.127210352590621
2008-05-03,0.6491728465487736,0.5432829435253851,0.2962065031374786,0.3093981745579007,0.4188533941814032,0.5739446662863663,0.4839458886806291,0.4884543164099639,0.14236002430129452
2008-05-06,0.5482743867655447,0.6491728465487736,0.5432829435253851,0.2962065031374786,0.3093981745579007,0.4188533941814032,0.4770189878575503,0.49646439437155354,0.1370358285662491
2008-05-08,0.5489874500855677,0.5482743867655447,0.6491728465487736,0.5432829435253851,0.2962065031374786,0.3093981745579007,0.47345367125743626,0.4985322779996197,0.13439295734548773
2008-05-09,0.408157444381061,0.5489874500855677,0.5482743867655447,0.6491728465487736,0.5432829435253851,0.2962065031374786,0.47192567842881594,0.4935764879254611,0.1351757285642889
2008-05-11,0.3211637193382772,0.408157444381061,0.5489874500855677,0.5482743867655447,0.6491728465487736,0.5432829435253851,0.4736064705402983,0.4865528142232364,0.13287153502335164
2008-05-12,0.2919281232173417,0.3211637193382772,0.408157444381061,0.5489874500855677,0.5482743867655447,0.6491728465487736,0.47299527340885017,0.47775836660962157,0.13382994647108165
2008-06-02,0.5422133485453509,0.2919281232173417,0.3211637193382772,0.408157444381061,0.5489874500855677,0.5482743867655447,0.4728424741259881,0.4760470146415668,0.1337368992690256
2008-06-03,0.6962350256702796,0.5422133485453509,0.2919281232173417,0.3211637193382772,0.408157444381061,0.5489874500855677,0.4795656425719175,0.48510291880585665,0.14480376045163398
2008-06-05,0.5500570450656018,0.6962350256702796,0.5422133485453509,0.2919281232173417,0.3211637193382772,0.408157444381061,0.47982030804335424,0.49039147176269254,0.14494623518219327
2008-06-06,0.567527096406161,0.5500570450656018,0.6962350256702796,0.5422133485453509,0.2919281232173417,0.3211637193382772,0.4824688289462961,0.4996375261456551,0.14658089410900227
2008-06-08,0.5514831717056474,0.567527096406161,0.5500570450656018,0.6962350256702796,0.5422133485453509,0.2919281232173417,0.5029439328498085,0.5012538030043735,0.1444656473458035
2008-06-10,0.3571734169994295,0.5514831717056474,0.567527096406161,0.5500570450656018,0.6962350256702796,0.5422133485453509,0.5080881753728302,0.4907123502567028,0.13738127858099292
2008-06-11,0.3257986309184255,0.3571734169994295,0.5514831717056474,0.567527096406161,0.5500570450656018,0.6962350256702796,0.512926819330128,0.48270227229511314,0.12882942001564354
2008-07-01,0.4980034227039361,0.3257986309184255,0.3571734169994295,0.5514831717056474,0.567527096406161,0.5500570450656018,0.5066111156384973,0.4808245388857197,0.1282366997333108
2008-07-02,0.5500570450656018,0.4980034227039361,0.3257986309184255,0.3571734169994295,0.5514831717056474,0.567527096406161,0.4857285469806861,0.47891115231032516,0.10127985713091758
2008-07-03,0.6755561893896178,0.5500570450656018,0.4980034227039361,0.3257986309184255,0.3571734169994295,0.5514831717056474,0.5036569961698313,0.48774125308994104,0.12328289276235908
2008-07-04,0.5949800342270394,0.6755561893896178,0.5500570450656018,0.4980034227039361,0.3257986309184255,0.3571734169994295,0.5075788444299568,0.49577509982886475,0.12605876354998308
2008-07-05,0.5497005134055905,0.5949800342270394,0.6755561893896178,0.5500570450656018,0.4980034227039361,0.3257986309184255,0.50732417895852,0.503666333903784,0.12595704444290307
2008-07-07,0.591058185966914,0.5497005134055905,0.5949800342270394,0.6755561893896178,0.5500570450656018,0.4980034227039361,0.5407362888110179,0.5136729891614376,0.1094247163487045
2008-07-08,0.5461351968054764,0.591058185966914,0.5497005134055905,0.5949800342270394,0.6755561893896178,0.5500570450656018,0.5722129410805966,0.5152357862711542,0.05588396497572102
2008-07-10,0.3696520250998288,0.5461351968054764,0.591058185966914,0.5497005134055905,0.5949800342270394,0.6755561893896178,0.5538770271371527,0.5092222856056285,0.09301302519246804
2008-07-11,0.3158157444381061,0.3696520250998288,0.5461351968054764,0.591058185966914,0.5497005134055905,0.5949800342270394,0.5204139841903676,0.49711209355390756,0.1295689600735252
2008-08-01,0.5067384483742157,0.3158157444381061,0.3696520250998288,0.5461351968054764,0.591058185966914,0.5497005134055905,0.4962971640453101,0.49477681118083283,0.11013269408280356
2008-08-02,0.558970336565887,0.5067384483742157,0.3158157444381061,0.3696520250998288,0.5461351968054764,0.591058185966914,0.4911529215222883,0.49510957406351014,0.10549852835005076
2008-08-04,0.596406160867085,0.558970336565887,0.5067384483742157,0.3158157444381061,0.3696520250998288,0.5461351968054764,0.4978251568739304,0.49509768967484313,0.11114437285897118
2008-08-05,0.5457786651454649,0.596406160867085,0.558970336565887,0.5067384483742157,0.3158157444381061,0.3696520250998288,0.49135665389943767,0.4941588229701464,0.1060131125819365
2008-08-07,0.5828579577866515,0.5457786651454649,0.596406160867085,0.558970336565887,0.5067384483742157,0.3158157444381061,0.4966027626110341,0.49962564175698804,0.11000896061209157
2008-08-08,0.5165430690245294,0.5828579577866515,0.5457786651454649,0.596406160867085,0.558970336565887,0.5067384483742157,0.5175871974574199,0.5065304715725423,0.09470175026030009
2008-08-09,0.3960353679406731,0.5165430690245294,0.5828579577866515,0.5457786651454649,0.596406160867085,0.558970336565887,0.5290471436720724,0.5098581003993155,0.06702529926431919
2008-08-10,0.3700085567598402,0.3960353679406731,0.5165430690245294,0.5828579577866515,0.5457786651454649,0.596406160867085,0.509514302012876,0.5040822875071307,0.09044262948318305
2008-08-12,0.3015544780376497,0.3700085567598402,0.3960353679406731,0.5165430690245294,0.5828579577866515,0.5457786651454649,0.4727406079374134,0.4924950085567598,0.11576878707824147
2008-09-01,0.5250998288648032,0.3015544780376497,0.3700085567598402,0.3960353679406731,0.5165430690245294,0.5828579577866515,0.46255398907994455,0.49172252329340177,0.10577997682130418
2008-09-04,0.5782230462065031,0.5250998288648032,0.3015544780376497,0.3700085567598402,0.3960353679406731,0.5165430690245294,0.46718890066009283,0.4926970431640996,0.11063380150353351
2008-09-05,0.5596833998859099,0.5782230462065031,0.5250998288648032,0.3015544780376497,0.3700085567598402,0.3960353679406731,0.46387824953141543,0.49774790834759464,0.10687859697257482
2008-09-06,0.577153451226469,0.5596833998859099,0.5782230462065031,0.5250998288648032,0.3015544780376497,0.3700085567598402,0.472536875560264,0.5062808994105343,0.1140694908223469
2008-09-07,0.5899885909868796,0.577153451226469,0.5596833998859099,0.5782230462065031,0.5250998288648032,0.3015544780376497,0.5002444788525793,0.5162162483361856,0.115930682051798
2008-09-09,0.3839132915002852,0.5899885909868796,0.577153451226469,0.5596833998859099,0.5782230462065031,0.5250998288648032,0.5022308695297857,0.5109395797680167,0.11341918397252551
2008-09-10,0.3696520250998288,0.3839132915002852,0.5899885909868796,0.577153451226469,0.5596833998859099,0.5782230462065031,0.5119590905386684,0.5000534797490017,0.0947163622419197
2008-09-12,0.3051197946377638,0.3696520250998288,0.3839132915002852,0.5899885909868796,0.577153451226469,0.5596833998859099,0.4805333713633771,0.49188890473474045,0.12215012634956764
2008-10-01,0.5115516257843696,0.3051197946377638,0.3696520250998288,0.3839132915002852,0.5899885909868796,0.577153451226469,0.4710088827316437,0.490023055714014,0.11569195344663476
2008-10-03,0.6523816314888763,0.5115516257843696,0.3051197946377638,0.3696520250998288,0.3839132915002852,0.5899885909868796,0.48425148724635314,0.49338633770678836,0.13172769041515817
2008-10-04,0.6078151739874501,0.6523816314888763,0.5115516257843696,0.3051197946377638,0.3696520250998288,0.3839132915002852,0.4886317333550648,0.5017410629397224,0.13577923896933425
2008-10-06,0.5586138049058758,0.6078151739874501,0.6523816314888763,0.5115516257843696,0.3051197946377638,0.3696520250998288,0.4841496210577785,0.5095015687393041,0.13235033235418414
2008-10-07,0.6024671990872791,0.5586138049058758,0.6078151739874501,0.6523816314888763,0.5115516257843696,0.3051197946377638,0.5153716078559205,0.5129836946187488,0.1305295005837266
2008-10-09,0.3564603536794067,0.6024671990872791,0.5586138049058758,0.6078151739874501,0.6523816314888763,0.5115516257843696,0.5134870833672888,0.5065304715725423,0.1330547713119976
2008-10-10,0.3732173416999429,0.3564603536794067,0.6024671990872791,0.5586138049058758,0.6078151739874501,0.6523816314888763,0.5232153043761715,0.4964525099828865,0.1167744538560516
2008-10-11,0.3222333143183115,0.3732173416999429,0.3564603536794067,0.6024671990872791,0.5586138049058758,0.6078151739874501,0.4961698313095918,0.48736095265259555,0.1396156355115922
2008-10-12,0.3097547062179122,0.3222333143183115,0.3732173416999429,0.3564603536794067,0.6024671990872791,0.5586138049058758,0.447223127699454,0.47936275907967296,0.13572838554962063
2008-11-01,0.5272390188248717,0.3097547062179122,0.3222333143183115,0.3732173416999429,0.3564603536794067,0.6024671990872791,0.4357122483905142,0.4772354535082715,0.12262300149089284
2008-11-02,0.5739446662863663,0.5272390188248717,0.3097547062179122,0.3222333143183115,0.3732173416999429,0.3564603536794067,0.4379023714448701,0.47816243582430124,0.1252918162120571
2008-11-03,0.676625784369652,0.5739446662863663,0.5272390188248717,0.3097547062179122,0.3222333143183115,0.3732173416999429,0.4484964550566376,0.4883948944666286,0.14335845422504354
2008-11-04,0.5946235025670279,0.676625784369652,0.5739446662863663,0.5272390188248717,0.3097547062179122,0.3222333143183115,0.4825197620405835,0.4976884864042594,0.14611026117130396
2008-11-06,0.5457786651454649,0.5946235025670279,0.676625784369652,0.5739446662863663,0.5272390188248717,0.3097547062179122,0.5071713796756581,0.498989826963301,0.138978418278288
2008-11-07,0.6099543639475186,0.5457786651454649,0.5946235025670279,0.676625784369652,0.5739446662863663,0.5272390188248717,0.5482743867655449,0.5006892945426887,0.11577712639499806
2008-11-08,0.5013904734740445,0.6099543639475186,0.5457786651454649,0.5946235025670279,0.676625784369652,0.5739446662863663,0.5756509249449923,0.49752210496292076,0.05843257852123894
2008-11-09,0.3347119224187108,0.5013904734740445,0.6099543639475186,0.5457786651454649,0.5946235025670279,0.676625784369652,0.5481470540298264,0.4904865468720289,0.10870360870488956
2008-11-11,0.3090416428978892,0.3347119224187108,0.5013904734740445,0.6099543639475186,0.5457786651454649,0.5946235025670279,0.5103037649743297,0.4813593363757368,0.13986894247917941
2008-11-12,0.3250855675984027,0.3090416428978892,0.3347119224187108,0.5013904734740445,0.6099543639475186,0.5457786651454649,0.46008373400700836,0.4749774196615327,0.13314674382825636
2008-12-02,0.577153451226469,0.3250855675984027,0.3090416428978892,0.3347119224187108,0.5013904734740445,0.6099543639475186,0.45758801238692853,0.4810146891043925,0.1303387262310722
2008-12-03,0.6570165430690246,0.577153451226469,0.3250855675984027,0.3090416428978892,0.3347119224187108,0.5013904734740445,0.4734791378045799,0.49058162198136535,0.14841133934664846
2008-12-05,0.5514831717056474,0.6570165430690246,0.577153451226469,0.3250855675984027,0.3090416428978892,0.3347119224187108,0.4651261103414555,0.4989125784369652,0.14090557379528504
2008-12-06,0.5461351968054764,0.5514831717056474,0.6570165430690246,0.577153451226469,0.3250855675984027,0.3090416428978892,0.4715182136745172,0.499613757368321,0.14380985103059418
2008-12-08,0.4698374215630347,0.5461351968054764,0.5514831717056474,0.6570165430690246,0.577153451226469,0.3250855675984027,0.4908218564094206,0.49600090321353874,0.13087276830045386
2008-12-09,0.3397033656588705,0.4698374215630347,0.5461351968054764,0.5514831717056474,0.6570165430690246,0.577153451226469,0.4952021025181322,0.4886682354059707,0.12411321124035748
2008-12-11,0.2987022247575585,0.3397033656588705,0.4698374215630347,0.5461351968054764,0.5514831717056474,0.6570165430690246,0.49143305354086875,0.479386527857007,0.13038255355033476
2008-12-12,0.3136765544780376,0.2987022247575585,0.3397033656588705,0.4698374215630347,0.5461351968054764,0.5514831717056474,0.4537934968625214,0.47017612664004566,0.1392419323892384
2009-01-04,0.4174272675413576,0.3136765544780376,0.2987022247575585,0.3397033656588705,0.4698374215630347,0.5461351968054764,0.41956645750142607,0.4712932591747481,0.1065773263680283
2009-01-05,0.3878351397604107,0.4174272675413576,0.3136765544780376,0.2987022247575585,0.3397033656588705,0.4698374215630347,0.3961881672235351,0.47189936299676744,0.08937878646474749
2009-01-06,0.5201083856246435,0.3878351397604107,0.4174272675413576,0.3136765544780376,0.2987022247575585,0.3397033656588705,0.39247005134055907,0.4790656493629968,0.08236781629532434
2009-01-07,0.441314888762122,0.5201083856246435,0.3878351397604107,0.4174272675413576,0.3136765544780376,0.2987022247575585,0.3883954037975715,0.4767244247955886,0.07851818458905148
2009-01-09,0.4801768397033656,0.441314888762122,0.5201083856246435,0.3878351397604107,0.4174272675413576,0.3136765544780376,0.4084630429467851,0.47098426506940483,0.08187854651721359
2009-01-10,0.5447090701654307,0.4801768397033656,0.441314888762122,0.5201083856246435,0.3878351397604107,0.4174272675413576,0.44360687800505255,0.4688807282753375,0.07968113223311274
2009-01-12,0.6220764403879064,0.5447090701654307,0.4801768397033656,0.441314888762122,0.5201083856246435,0.3878351397604107,0.4876640045636052,0.4709961494580719,0.08111389104711776
2009-02-01,0.3496862521391899,0.6220764403879064,0.5447090701654307,0.4801768397033656,0.441314888762122,0.5201083856246435,0.4779867166490098,0.46257011789313557,0.09392008265160812
2009-02-02,0.3978180262407301,0.3496862521391899,0.6220764403879064,0.5447090701654307,0.4801768397033656,0.441314888762122,0.4794128432890555,0.46394870697851304,0.09238629660077015
2009-02-03,0.4231317741015402,0.3978180262407301,0.3496862521391899,0.6220764403879064,0.5447090701654307,0.4801768397033656,0.46555904164289785,0.4656125213918996,0.09253765327348092
2009-02-04,0.4138619509412435,0.4231317741015402,0.3978180262407301,0.3496862521391899,0.6220764403879064,0.5447090701654307,0.46163719338277237,0.46866680927933063,0.094301332282793
2009-02-06,0.5115516257843696,0.4138619509412435,0.4231317741015402,0.3978180262407301,0.3496862521391899,0.6220764403879064,0.4661193056800586,0.4753933732648792,0.0960586230587177
2009-02-07,0.4327581289218482,0.5115516257843696,0.4138619509412435,0.4231317741015402,0.3978180262407301,0.3496862521391899,0.4501263140738326,0.4722440102681118,0.08991638796944436
2009-02-09,0.4862378779235596,0.4327581289218482,0.5115516257843696,0.4138619509412435,0.4231317741015402,0.3978180262407301,0.43072080515035444,0.4693204506560182,0.05417706098375169
2009-02-10,0.5325869937250428,0.4862378779235596,0.4327581289218482,0.5115516257843696,0.4138619509412435,0.4231317741015402,0.456849482519762,0.4645191576345313,0.05266575539272004
2009-02-11,0.5457786651454649,0.5325869937250428,0.4862378779235596,0.4327581289218482,0.5115516257843696,0.4138619509412435,0.4779867166490098,0.4628909963871458,0.054678299736007914
2009-02-12,0.6384768967484312,0.5457786651454649,0.5325869937250428,0.4862378779235596,0.4327581289218482,0.5115516257843696,0.5087503055985657,0.465980937440578,0.07534536385115934
2009-03-02,0.3956788362806617,0.6384768967484312,0.5457786651454649,0.5325869937250428,0.4862378779235596,0.4327581289218482,0.5061527177899111,0.4588384198516828,0.07936799124999094
2009-03-03,0.4067313177410153,0.3956788362806617,0.6384768967484312,0.5457786651454649,0.5325869937250428,0.4862378779235596,0.4911783880694319,0.4556831146605818,0.08763705545834931
2009-03-04,0.4131488876212207,0.4067313177410153,0.3956788362806617,0.6384768967484312,0.5457786651454649,0.5325869937250428,0.48837706788362806,0.45829768016733213,0.09009464045685664
2009-03-06,0.524030233884769,0.4131488876212207,0.4067313177410153,0.3956788362806617,0.6384768967484312,0.5457786651454649,0.4937759758780866,0.4654639665335615,0.09107213266946954
2009-03-07,0.4338277239018824,0.524030233884769,0.4131488876212207,0.4067313177410153,0.3956788362806617,0.6384768967484312,0.4796675087604922,0.46908870507701084,0.09170510344906391
2009-03-08,0.4641329150028522,0.4338277239018824,0.524030233884769,0.4131488876212207,0.4067313177410153,0.3956788362806617,0.46800383016869035,0.4653213538695569,0.0869648442458483
2009-03-09,0.5154734740444952,0.4641329150028522,0.4338277239018824,0.524030233884769,0.4131488876212207,0.4067313177410153,0.4504319126395567,0.46060325156873927,0.05229435831468588
2009-03-11,0.5375784369652026,0.5154734740444952,0.4641329150028522,0.4338277239018824,0.524030233884769,0.4131488876212207,0.4707032841659196,0.46013976041072446,0.05496713756968285
2009-03-12,0.6359811751283514,0.5375784369652026,0.5154734740444952,0.4641329150028522,0.4338277239018824,0.524030233884769,0.503453263792682,0.46313462635482033,0.07510521272352196
2009-04-02,0.3967484312606959,0.6359811751283514,0.5375784369652026,0.5154734740444952,0.4641329150028522,0.4338277239018824,0.5011103414554641,0.46069832667807564,0.07856777732621233
2009-04-03,0.4135054192812321,0.3967484312606959,0.6359811751283514,0.5375784369652026,0.5154734740444952,0.4641329150028522,0.4853210822263874,0.4631583951321544,0.08410466671064246
2009-04-06,0.5003208784940103,0.4135054192812321,0.3967484312606959,0.6359811751283514,0.5375784369652026,0.5154734740444952,0.49482010431097706,0.4698790169233694,0.08101787638914323
2009-04-08,0.4566457501426126,0.5003208784940103,0.4135054192812321,0.3967484312606959,0.6359811751283514,0.5375784369652026,0.49375050933094283,0.47464465677885526,0.0815382806439495
2009-04-09,0.5233171705647461,0.4566457501426126,0.5003208784940103,0.4135054192812321,0.3967484312606959,0.6359811751283514,0.49487103740526445,0.4781743202129682,0.0819394679429472
2009-04-11,0.5778665145464917,0.5233171705647461,0.4566457501426126,0.5003208784940103,0.4135054192812321,0.3967484312606959,0.5006264770597343,0.48450869937250424,0.08671496419309029
2009-04-12,0.6259982886480319,0.5778665145464917,0.5233171705647461,0.4566457501426126,0.5003208784940103,0.4135054192812321,0.49920035041968863,0.48803836280661717,0.08416241251432115
2009-05-01,0.3493297204791785,0.6259982886480319,0.5778665145464917,0.5233171705647461,0.4566457501426126,0.5003208784940103,0.4924262488794719,0.4849721905305191,0.0949942637733538
2009-05-02,0.4110096976611523,0.3493297204791785,0.6259982886480319,0.5778665145464917,0.5233171705647461,0.4566457501426126,0.4920697172194605,0.48266661912911196,0.09534387636610249
2009-05-03,0.4234883057615516,0.4110096976611523,0.3493297204791785,0.6259982886480319,0.5778665145464917,0.5233171705647461,0.48109363540053784,0.478625926982316,0.0986025154290351
2009-05-05,0.4220621791215059,0.4234883057615516,0.4110096976611523,0.3493297204791785,0.6259982886480319,0.5778665145464917,0.47615312525466547,0.4719587849401027,0.10087193989321894
2009-05-06,0.5126212207644039,0.4220621791215059,0.4234883057615516,0.4110096976611523,0.3493297204791785,0.6259982886480319,0.47462513242604515,0.47738995056094313,0.10011661619700708
2009-05-08,0.4776811180832858,0.5126212207644039,0.4220621791215059,0.4234883057615516,0.4110096976611523,0.3493297204791785,0.46031293293130143,0.4800520536223616,0.08949553407665009
2009-05-10,0.5333000570450657,0.4776811180832858,0.5126212207644039,0.4220621791215059,0.4234883057615516,0.4110096976611523,0.4470703284165919,0.48372432972047913,0.06416725655799435
2009-05-11,0.5743011979463776,0.5333000570450657,0.4776811180832858,0.5126212207644039,0.4220621791215059,0.4234883057615516,0.47920911091190604,0.4890723046206503,0.06338872037468302
2009-06-01,0.3414860239589275,0.5743011979463776,0.5333000570450657,0.4776811180832858,0.5126212207644039,0.4220621791215059,0.46927715752587396,0.4834034512264689,0.07930401634439577
2009-06-02,0.414218482601255,0.3414860239589275,0.5743011979463776,0.5333000570450657,0.4776811180832858,0.5126212207644039,0.4679528970744031,0.48278546301578246,0.08026759944966341
2009-06-03,0.4345407872219053,0.414218482601255,0.3414860239589275,0.5743011979463776,0.5333000570450657,0.4776811180832858,0.4697355553744601,0.4810622266590607,0.07921015415202912
2009-06-04,0.3971049629207073,0.4345407872219053,0.414218482601255,0.3414860239589275,0.5743011979463776,0.5333000570450657,0.4532332328253606,0.4765461589655828,0.08080349336752397
2009-06-05,0.4338277239018824,0.3971049629207073,0.4345407872219053,0.414218482601255,0.3414860239589275,0.5743011979463776,0.4469684622280172,0.4728144609241301,0.08029048352794395
2009-06-07,0.4192099258414146,0.4338277239018824,0.3971049629207073,0.4345407872219053,0.414218482601255,0.3414860239589275,0.43066987205606705,0.4655055618938962,0.0708722492216636
2009-06-08,0.4776811180832858,0.4192099258414146,0.4338277239018824,0.3971049629207073,0.4345407872219053,0.414218482601255,0.41686700350419686,0.46823897128731695,0.0416007200911786
2009-06-10,0.558970336565887,0.4776811180832858,0.4192099258414146,0.4338277239018824,0.3971049629207073,0.4345407872219053,0.44793619101947674,0.47331360524814603,0.054981396509253905
2009-06-11,0.579470907016543,0.558970336565887,0.4776811180832858,0.4192099258414146,0.4338277239018824,0.3971049629207073,0.4715436802216608,0.47885767256132344,0.07118172354272813
2009-07-01,0.3614517969195664,0.579470907016543,0.558970336565887,0.4776811180832858,0.4192099258414146,0.4338277239018824,0.46110239589275526,0.47343839132915,0.08204560962118547
2009-07-04,0.3885482030804335,0.3614517969195664,0.579470907016543,0.558970336565887,0.4776811180832858,0.4192099258414146,0.459880001629859,0.47192907396843503,0.08321345252038063
2009-07-05,0.4541500285225328,0.3885482030804335,0.3614517969195664,0.579470907016543,0.558970336565887,0.4776811180832858,0.46278318800423757,0.4715963110857577,0.0825045292305158
2009-07-07,0.4295493439817455,0.4541500285225328,0.3885482030804335,0.3614517969195664,0.579470907016543,0.558970336565887,0.46426024773857055,0.46873217341699935,0.08168289430891053
2009-07-08,0.4769680547632629,0.4295493439817455,0.4541500285225328,0.3885482030804335,0.3614517969195664,0.579470907016543,0.46415838154999584,0.46671182734360145,0.08166381011766925
2009-07-09,0.5325869937250428,0.4769680547632629,0.4295493439817455,0.4541500285225328,0.3885482030804335,0.3614517969195664,0.46038933257273246,0.4632653546301578,0.07703635000929222
2009-07-10,0.5750142612664004,0.5325869937250428,0.4769680547632629,0.4295493439817455,0.4541500285225328,0.3885482030804335,0.45975266889414057,0.4692075489636813,0.07589818932629343
2009-07-12,0.5978322875071306,0.5750142612664004,0.5325869937250428,0.4769680547632629,0.4295493439817455,0.4541500285225328,0.49352131040664976,0.4753517779045445,0.0774423252666171
2009-08-01,0.3425556189389618,0.5978322875071306,0.5750142612664004,0.5325869937250428,0.4769680547632629,0.4295493439817455,0.48695094124358246,0.47009293591937623,0.08893160381085587
2009-08-04,0.392470051340559,0.3425556189389618,0.5978322875071306,0.5750142612664004,0.5325869937250428,0.4769680547632629,0.4781395159318719,0.46795374595930783,0.0955337907998986
2009-08-05,0.4502281802624073,0.392470051340559,0.3425556189389618,0.5978322875071306,0.5750142612664004,0.5325869937250428,0.48109363540053784,0.4655174462825632,0.09408965689123087
2009-08-06,0.4837421563034796,0.4502281802624073,0.392470051340559,0.3425556189389618,0.5978322875071306,0.5750142612664004,0.4820613641919974,0.46237996767446277,0.0940749877825656
2009-08-07,0.4199229891614375,0.4837421563034796,0.4502281802624073,0.392470051340559,0.3425556189389618,0.5978322875071306,0.4659665063971966,0.45551079102490966,0.09362660522649131
2009-08-09,0.5518397033656589,0.4199229891614375,0.4837421563034796,0.4502281802624073,0.392470051340559,0.3425556189389618,0.46265585526851927,0.4622611237877923,0.08944431925013763
2009-08-10,0.5892755276668569,0.5518397033656589,0.4199229891614375,0.4837421563034796,0.4502281802624073,0.392470051340559,0.46143346100562294,0.4682033181213158,0.08732232565624136
2009-08-12,0.6003280091272105,0.5892755276668569,0.5518397033656589,0.4199229891614375,0.4837421563034796,0.4502281802624073,0.4982580881753728,0.4740979749001711,0.08308480943010739
2009-09-01,0.3546776953793497,0.6003280091272105,0.5892755276668569,0.5518397033656589,0.4199229891614375,0.4837421563034796,0.49285918018091435,0.47185182544209925,0.09186829009837187
2009-09-02,0.4184968625213918,0.3546776953793497,0.6003280091272105,0.5892755276668569,0.5518397033656589,0.4199229891614375,0.4883261347893407,0.4687143468339989,0.09505017007137273
2009-09-03,0.4309754706217911,0.4184968625213918,0.3546776953793497,0.6003280091272105,0.5892755276668569,0.5518397033656589,0.4807880368348138,0.46715749191861566,0.09753421139945151
2009-09-04,0.3931831146605818,0.4309754706217911,0.4184968625213918,0.3546776953793497,0.6003280091272105,0.5892755276668569,0.4769680547632629,0.4624869271724662,0.10078480116859516
2009-09-06,0.4869509412435823,0.3931831146605818,0.4309754706217911,0.4184968625213918,0.3546776953793497,0.6003280091272105,0.46769823160296625,0.4595752519490397,0.09560146772551477
2009-09-07,0.414218482601255,0.4869509412435823,0.3931831146605818,0.4309754706217911,0.4184968625213918,0.3546776953793497,0.4426900823078803,0.46199966723711733,0.08014469799947097
2009-09-09,0.5336565887050769,0.414218482601255,0.4869509412435823,0.3931831146605818,0.4309754706217911,0.4184968625213918,0.4331655936761469,0.465980937440578,0.05962272194516289
2009-09-10,0.5832144894466629,0.5336565887050769,0.414218482601255,0.4869509412435823,0.3931831146605818,0.4309754706217911,0.4658137071143345,0.4709367275147366,0.07097210672545222
2009-09-11,0.58499714774672,0.5832144894466629,0.5336565887050769,0.414218482601255,0.4869509412435823,0.3931831146605818,0.4895994621465242,0.47719980034227033,0.07982033297754253
2009-09-12,0.5882059326868226,0.58499714774672,0.5832144894466629,0.5336565887050769,0.414218482601255,0.4869509412435823,0.512060956727243,0.48234574063510166,0.0826463810645483
2009-10-02,0.4167142042213348,0.5882059326868226,0.58499714774672,0.5832144894466629,0.5336565887050769,0.414218482601255,0.5154225409502077,0.48226254991443235,0.07731160537933418
2009-10-03,0.4078009127210496,0.4167142042213348,0.5882059326868226,0.58499714774672,0.5832144894466629,0.5336565887050769,0.5041153940184174,0.47993320973569115,0.08731106060962032
2009-10-06,0.5033513976041073,0.4078009127210496,0.4167142042213348,0.5882059326868226,0.58499714774672,0.5832144894466629,0.5168486675902535,0.4780792451036318,0.0780208338050911
2009-10-07,0.4049486594409583,0.5033513976041073,0.4078009127210496,0.4167142042213348,0.5882059326868226,0.58499714774672,0.4984618205525222,0.47226183685111234,0.0879356541735092
2009-10-08,0.4705504848830575,0.4049486594409583,0.5033513976041073,0.4078009127210496,0.4167142042213348,0.5882059326868226,0.48236696275772145,0.47589845978322864,0.0797692424974147
2009-10-09,0.5283086138049059,0.4705504848830575,0.4049486594409583,0.5033513976041073,0.4078009127210496,0.4167142042213348,0.4742686007660337,0.4805571401407111,0.06987773662273106
2009-10-11,0.5700228180262408,0.5283086138049059,0.4705504848830575,0.4049486594409583,0.5033513976041073,0.4078009127210496,0.4716710129573792,0.4844195664575014,0.06511184062060178
2009-10-12,0.5746577296063891,0.5700228180262408,0.5283086138049059,0.4705504848830575,0.4049486594409583,0.5033513976041073,0.49423437372667267,0.48925651264498954,0.07007090096142098
2009-11-02,0.4320450656018254,0.5746577296063891,0.5700228180262408,0.5283086138049059,0.4705504848830575,0.4049486594409583,0.497697824138212,0.4877590796729416,0.06553928263725481
2009-11-03,0.4045921277809469,0.4320450656018254,0.5746577296063891,0.5700228180262408,0.5283086138049059,0.4705504848830575,0.48358935702061767,0.4834925841414718,0.07417968196886918
2009-11-05,0.4502281802624073,0.4045921277809469,0.4320450656018254,0.5746577296063891,0.5700228180262408,0.5283086138049059,0.49005785999511037,0.4793330481080053,0.0678865099335836
2009-11-06,0.4926554478037649,0.4502281802624073,0.4045921277809469,0.4320450656018254,0.5746577296063891,0.5700228180262408,0.4932157118409258,0.47582715345122645,0.06733977894042976
2009-11-08,0.4664503707929264,0.4926554478037649,0.4502281802624073,0.4045921277809469,0.4320450656018254,0.5746577296063891,0.4843788199820715,0.47995697851302527,0.06601276653744398
2009-11-09,0.5568311466058187,0.4664503707929264,0.4926554478037649,0.4502281802624073,0.4045921277809469,0.4320450656018254,0.48249429549343986,0.4854356816885339,0.06329257102263168
2009-11-11,0.5832144894466629,0.5568311466058187,0.4664503707929264,0.4926554478037649,0.4502281802624073,0.4045921277809469,0.483716689756336,0.48986855866134243,0.06541622687105805
2009-11-12,0.5789361095265261,0.5832144894466629,0.5568311466058187,0.4664503707929264,0.4926554478037649,0.4502281802624073,0.5047011246027219,0.493041690435444,0.0695102534955876
2009-12-01,0.3500427837992013,0.5789361095265261,0.5832144894466629,0.5568311466058187,0.4664503707929264,0.4926554478037649,0.49690836117675824,0.4907123502567028,0.08412525685831987
2009-12-02,0.4302624073017683,0.3500427837992013,0.5789361095265261,0.5832144894466629,0.5568311466058187,0.4664503707929264,0.49405610789666693,0.4866597737212397,0.08628252960011087
2009-12-03,0.4124358243011979,0.4302624073017683,0.3500427837992013,0.5789361095265261,0.5832144894466629,0.5568311466058187,0.48259616168201447,0.48076511694238444,0.09165937464327202
2009-12-05,0.4570022818026241,0.4124358243011979,0.4302624073017683,0.3500427837992013,0.5789361095265261,0.5832144894466629,0.4812464346833999,0.4759875926982316,0.0920056642667769
2009-12-06,0.4919423844837421,0.4570022818026241,0.4124358243011979,0.4302624073017683,0.3500427837992013,0.5789361095265261,0.47197661152310316,0.48056308233504463,0.08620721243878961
2009-12-08,0.4637763833428408,0.4919423844837421,0.4570022818026241,0.4124358243011979,0.4302624073017683,0.3500427837992013,0.4549140249368429,0.4820723996957596,0.07099947897575987
2009-12-10,0.5924843126069596,0.4637763833428408,0.4919423844837421,0.4570022818026241,0.4124358243011979,0.4302624073017683,0.456849482519762,0.4874560277619319,0.07501493262484181
2009-12-11,0.5789361095265261,0.5924843126069596,0.4637763833428408,0.4919423844837421,0.4570022818026241,0.4124358243011979,0.48954852905223695,0.4936477942574634,0.07044657644109942
2010-01-02,0.5333000570450657,0.5789361095265261,0.5924843126069596,0.4637763833428408,0.4919423844837421,0.4570022818026241,0.5042681933012795,0.49519276478417945,0.06665707408556844
2010-01-03,0.5429264118653737,0.5333000570450657,0.5789361095265261,0.5924843126069596,0.4637763833428408,0.4919423844837421,0.5229097058104475,0.4994830290929835,0.053677625847692555
2010-01-04,0.5853536794067313,0.5429264118653737,0.5333000570450657,0.5789361095265261,0.5924843126069596,0.4637763833428408,0.5412456197538914,0.5012062654497053,0.04914221915017945
2010-01-06,0.6071021106674274,0.5853536794067313,0.5429264118653737,0.5333000570450657,0.5789361095265261,0.5924843126069596,0.5576970092087035,0.5020025194903974,0.0491621078684402
2010-01-07,0.6195807187678265,0.6071021106674274,0.5853536794067313,0.5429264118653737,0.5333000570450657,0.5789361095265261,0.5799547714122729,0.503155305191101,0.03173360678627758
2010-01-09,0.6488163148887621,0.6195807187678265,0.6071021106674274,0.5853536794067313,0.5429264118653737,0.5333000570450657,0.5880022003096732,0.5051756512644989,0.041177918399712715
2010-01-10,0.7372361665715915,0.6488163148887621,0.6195807187678265,0.6071021106674274,0.5853536794067313,0.5429264118653737,0.6106164941732539,0.5158597166761741,0.0692609371121706
2010-01-11,0.8427695379349687,0.7372361665715915,0.6488163148887621,0.6195807187678265,0.6071021106674274,0.5853536794067313,0.6548264200146688,0.5303586708499715,0.10248418246672929
2010-01-12,0.9793211637193384,0.8427695379349687,0.7372361665715915,0.6488163148887621,0.6195807187678265,0.6071021106674274,0.717168527422378,0.5462243297204792,0.14639416217364934
2010-02-02,0.5529092983456931,0.9793211637193384,0.8427695379349687,0.7372361665715915,0.6488163148887621,0.6195807187678265,0.7125336158422296,0.5511563510173036,0.15168117200954595
2010-02-03,0.5454221334854535,0.5529092983456931,0.9793211637193384,0.8427695379349687,0.7372361665715915,0.6488163148887621,0.7037221905305192,0.5536520726373835,0.16036937799604217
2010-02-06,0.6117370222475756,0.5454221334854535,0.5529092983456931,0.9793211637193384,0.8427695379349687,0.7372361665715915,0.7026016624561976,0.5564330195854726,0.16108109718633282
2010-02-07,0.5956930975470622,0.6117370222475756,0.5454221334854535,0.5529092983456931,0.9793211637193384,0.8427695379349687,0.6950126314073833,0.5572886955695,0.16523525810022044
2010-02-08,0.6003280091272105,0.5956930975470622,0.6117370222475756,0.5454221334854535,0.5529092983456931,0.9793211637193384,0.6754543232010431,0.5581443715535274,0.16749169230740754
2010-02-09,0.6481032515687393,0.6003280091272105,0.5956930975470622,0.6117370222475756,0.5454221334854535,0.5529092983456931,0.6476448537201532,0.5653463110857577,0.1503667382547928
2010-02-11,0.8363519680547633,0.6481032515687393,0.6003280091272105,0.5956930975470622,0.6117370222475756,0.5454221334854535,0.6272206829109283,0.5797383057615517,0.09860874619206098
2010-02-12,0.9707644038790644,0.8363519680547633,0.6481032515687393,0.6003280091272105,0.5956930975470622,0.6117370222475756,0.6869142694156956,0.5970895132154402,0.15593745829949263
2010-03-02,0.5532658300057045,0.9707644038790644,0.8363519680547633,0.6481032515687393,0.6003280091272105,0.5956930975470622,0.6880347974900172,0.5991098592888382,0.1547751256661863
2010-03-03,0.5668140330861381,0.5532658300057045,0.9707644038790644,0.8363519680547633,0.6481032515687393,0.6003280091272105,0.6816172276098118,0.6024553146986118,0.15933029840734733
2010-03-06,0.606032515687393,0.5668140330861381,0.5532658300057045,0.9707644038790644,0.8363519680547633,0.6481032515687393,0.6830942873441447,0.6040953603346644,0.15844646022899408
2010-03-08,0.6113804905875643,0.606032515687393,0.5668140330861381,0.5532658300057045,0.9707644038790644,0.8363519680547633,0.6846732132670524,0.6050342270393612,0.1575366863836591
2010-03-09,0.655590416428979,0.6113804905875643,0.606032515687393,0.5668140330861381,0.5532658300057045,0.9707644038790644,0.6857428082470866,0.6075893706027762,0.1572722078011134
2010-03-11,0.8459783228750714,0.655590416428979,0.6113804905875643,0.606032515687393,0.5668140330861381,0.5532658300057045,0.6871180017928449,0.6241205552386385,0.1588428715790767
2010-03-12,0.9793211637193384,0.8459783228750714,0.655590416428979,0.6113804905875643,0.606032515687393,0.5668140330861381,0.6883403960557413,0.6424225137858909,0.16140182454470986
2010-04-01,0.5668140330861381,0.9793211637193384,0.8459783228750714,0.655590416428979,0.6113804905875643,0.606032515687393,0.6902758536386603,0.6475684540787222,0.15958309764758655
2010-04-02,0.5297347404449515,0.5668140330861381,0.9793211637193384,0.8459783228750714,0.655590416428979,0.6113804905875643,0.6849788118327764,0.6499928693667999,0.16489128118090113
2010-04-03,0.572875071306332,0.5297347404449515,0.5668140330861381,0.9793211637193384,0.8459783228750714,0.655590416428979,0.6802420340640536,0.6526906255942195,0.16798436394319957
2010-04-05,0.6217199087278951,0.572875071306332,0.5297347404449515,0.5668140330861381,0.9793211637193384,0.8459783228750714,0.6817190937983865,0.6579554097737212,0.16732211162011884
2010-04-06,0.5878494010268113,0.6217199087278951,0.572875071306332,0.5297347404449515,0.5668140330861381,0.9793211637193384,0.6720418058837911,0.6578009127210496,0.1710036044222337
2010-04-08,0.6142327438676555,0.5878494010268113,0.6217199087278951,0.572875071306332,0.5297347404449515,0.5668140330861381,0.6389352945970174,0.6589774671990873,0.15322591405798702
2010-04-10,0.7400884198516828,0.6142327438676555,0.5878494010268113,0.6217199087278951,0.572875071306332,0.5297347404449515,0.6047591883302095,0.6658704126259745,0.06715958061108558
2010-04-11,0.8595265259555048,0.7400884198516828,0.6142327438676555,0.5878494010268113,0.6217199087278951,0.572875071306332,0.6465752587401189,0.6764237497623122,0.11422852162050695
2010-05-01,0.5810752994865944,0.8595265259555048,0.7400884198516828,0.6142327438676555,0.5878494010268113,0.6217199087278951,0.6539096243174966,0.6762811370983077,0.10688850766679837
2010-05-02,0.4955077010838561,0.5810752994865944,0.8595265259555048,0.7400884198516828,0.6142327438676555,0.5878494010268113,0.6428571428571429,0.6725613234455221,0.11987520420892449
2010-05-03,0.5696662863662293,0.4955077010838561,0.5810752994865944,0.8595265259555048,0.7400884198516828,0.6142327438676555,0.6354209110911907,0.6708975090321354,0.12297928247736714
2010-05-05,0.5832144894466629,0.5696662863662293,0.4955077010838561,0.5810752994865944,0.8595265259555048,0.7400884198516828,0.6347587808654552,0.6687107815173988,0.12329018377251182
2010-05-07,0.591058185966914,0.5832144894466629,0.5696662863662293,0.4955077010838561,0.5810752994865944,0.8595265259555048,0.6314481297367777,0.6638381821639094,0.124240705494978
2010-05-08,0.6088847689674843,0.591058185966914,0.5832144894466629,0.5696662863662293,0.4955077010838561,0.5810752994865944,0.6127047510390351,0.6560420231983266,0.11464562087090012
2010-05-10,0.7475755847119224,0.6088847689674843,0.591058185966914,0.5832144894466629,0.5696662863662293,0.4955077010838561,0.5967117594328091,0.6483171705647462,0.07565319231899682
2010-05-11,0.886622932116372,0.7475755847119224,0.6088847689674843,0.591058185966914,0.5832144894466629,0.5696662863662293,0.6403614212370631,0.6594409583571021,0.13216616522775343
2010-06-01,0.5924843126069596,0.886622932116372,0.7475755847119224,0.6088847689674843,0.591058185966914,0.5832144894466629,0.6542152228832206,0.6610096976611524,0.11886511538592548
2010-06-04,0.5935539075869938,0.5924843126069596,0.886622932116372,0.7475755847119224,0.6088847689674843,0.591058185966914,0.6576277402004728,0.6604035938391329,0.1163495090381322
2010-06-05,0.5853536794067313,0.5935539075869938,0.5924843126069596,0.886622932116372,0.7475755847119224,0.6088847689674843,0.6579333387661969,0.6600589465677885,0.11612407427903057
2010-06-07,0.591058185966914,0.5853536794067313,0.5935539075869938,0.5924843126069596,0.886622932116372,0.7475755847119224,0.6579333387661969,0.6597499524624453,0.11612407427903057
2010-06-08,0.6071021106674274,0.591058185966914,0.5853536794067313,0.5935539075869938,0.5924843126069596,0.886622932116372,0.65767867329476,0.658383247765735,0.11625145255879918
2010-06-09,0.6627210496292071,0.6071021106674274,0.591058185966914,0.5853536794067313,0.5935539075869938,0.5924843126069596,0.6455565968543722,0.652595550484883,0.10954584964627931
2010-06-10,0.7718197375926983,0.6627210496292071,0.6071021106674274,0.591058185966914,0.5853536794067313,0.5935539075869938,0.6291561404938474,0.6459640616086709,0.06824995357626346
2010-07-01,0.5996149458071877,0.7718197375926983,0.6627210496292071,0.6071021106674274,0.591058185966914,0.5853536794067313,0.6301748023795942,0.647509032135387,0.06766206778008386
2010-07-04,0.5953365658870508,0.5996149458071877,0.7718197375926983,0.6627210496292071,0.6071021106674274,0.591058185966914,0.6304294678510309,0.6484597832287508,0.06750443356136353
2010-07-05,0.5857102110667427,0.5953365658870508,0.5996149458071877,0.7718197375926983,0.6627210496292071,0.6071021106674274,0.6304804009453182,0.6477823730747291,0.06746487773506853
2010-07-06,0.5735881346263548,0.5857102110667427,0.5953365658870508,0.5996149458071877,0.7718197375926983,0.6627210496292071,0.6279846793252384,0.6465226278760221,0.06945991279761814
2010-07-07,0.5839275527666856,0.5735881346263548,0.5857102110667427,0.5953365658870508,0.5996149458071877,0.7718197375926983,0.624674028196561,0.6441338657539456,0.07115277315478036
2010-07-09,0.6552338847689675,0.5839275527666856,0.5735881346263548,0.5857102110667427,0.5953365658870508,0.5996149458071877,0.6236044332165268,0.6377757178170756,0.0705391422374538
2010-07-10,0.7882201939532231,0.6552338847689675,0.5839275527666856,0.5735881346263548,0.5857102110667427,0.5953365658870508,0.6259473555537446,0.6314056854915383,0.07631816162359045
2010-08-01,0.600684540787222,0.7882201939532231,0.6552338847689675,0.5839275527666856,0.5735881346263548,0.5857102110667427,0.6261001548366066,0.6325347024149078,0.07625770052389028
2010-08-02,0.494438106103822,0.600684540787222,0.7882201939532231,0.6552338847689675,0.5839275527666856,0.5735881346263548,0.6116860891532883,0.6313581479368701,0.09112771347578079
2010-08-03,0.5725185396463206,0.494438106103822,0.600684540787222,0.7882201939532231,0.6552338847689675,0.5839275527666856,0.6098015646646565,0.631346263548203,0.09188765934926547
2010-08-04,0.5956930975470622,0.5725185396463206,0.494438106103822,0.600684540787222,0.7882201939532231,0.6552338847689675,0.6129594165104718,0.6304787031755087,0.0908092173877266
2010-08-06,0.608528237307473,0.5956930975470622,0.5725185396463206,0.494438106103822,0.600684540787222,0.7882201939532231,0.6164738000162986,0.6311679977181974,0.08997056349360182
2010-08-07,0.596406160867085,0.608528237307473,0.5956930975470622,0.5725185396463206,0.494438106103822,0.600684540787222,0.6080698394588868,0.630573778284845,0.0884818191040517
2010-08-09,0.6684255561893896,0.596406160867085,0.608528237307473,0.5956930975470622,0.5725185396463206,0.494438106103822,0.5909563197783392,0.6281850161627687,0.0518214053237901
2010-08-10,0.7522104962920708,0.6684255561893896,0.596406160867085,0.608528237307473,0.5956930975470622,0.5725185396463206,0.6126028848504604,0.6246078151739876,0.08035442634724398
2010-08-11,0.9073017683970336,0.7522104962920708,0.6684255561893896,0.596406160867085,0.608528237307473,0.5956930975470622,0.671583408035205,0.6354820308043354,0.12060583541914438
2010-08-12,0.9893040501996576,0.9073017683970336,0.7522104962920708,0.6684255561893896,0.596406160867085,0.608528237307473,0.7311241952571103,0.6519419091081955,0.1599955343805744
2010-09-02,0.4965772960638904,0.9893040501996576,0.9073017683970336,0.7522104962920708,0.6684255561893896,0.596406160867085,0.7169647950452286,0.6495056094314509,0.17741602310390767
2010-09-03,0.5625356531660012,0.4965772960638904,0.9893040501996576,0.9073017683970336,0.7522104962920708,0.6684255561893896,0.7103944258821612,0.6488163148887621,0.18286896769499827
2010-09-04,0.608528237307473,0.5625356531660012,0.4965772960638904,0.9893040501996576,0.9073017683970336,0.7522104962920708,0.7121261510879309,0.6493986499334474,0.18166303961972857
2010-09-06,0.606032515687393,0.608528237307473,0.5625356531660012,0.4965772960638904,0.9893040501996576,0.9073017683970336,0.7032128595876456,0.6493035748241112,0.1856514430789174
2010-09-07,0.5917712492869367,0.606032515687393,0.608528237307473,0.5625356531660012,0.4965772960638904,0.9893040501996576,0.6802929671583409,0.6441100969766115,0.18847633084143806
2010-09-08,0.6135196805476326,0.5917712492869367,0.606032515687393,0.608528237307473,0.5625356531660012,0.4965772960638904,0.6383240974655692,0.6350066552576535,0.16007078513720813
2010-09-09,0.6666428978893325,0.6135196805476326,0.5917712492869367,0.606032515687393,0.608528237307473,0.5625356531660012,0.5922296471355227,0.6374786081003994,0.0524055917885811
2010-09-11,0.9725470621791216,0.6666428978893325,0.6135196805476326,0.5917712492869367,0.606032515687393,0.608528237307473,0.6602253280091273,0.6501117132534702,0.14118908828348256
2010-09-12,0.9675556189389616,0.9725470621791216,0.6666428978893325,0.6135196805476326,0.5917712492869367,0.606032515687393,0.7180853231195502,0.6628517779045446,0.17372407903278653
2010-10-02,0.5108385624643469,0.9675556189389616,0.9725470621791216,0.6666428978893325,0.6135196805476326,0.5917712492869367,0.7041296552848179,0.660177790454459,0.18737906051290162
2010-10-03,0.5775099828864803,0.5108385624643469,0.9675556189389616,0.9725470621791216,0.6666428978893325,0.6135196805476326,0.7000550077418303,0.6591913861950941,0.19015728020293038
2010-10-05,0.6128066172276099,0.5775099828864803,0.5108385624643469,0.9675556189389616,0.9725470621791216,0.6666428978893325,0.7030600603047835,0.6575275717817075,0.18831819004056052
2010-10-06,0.5956930975470622,0.6128066172276099,0.5775099828864803,0.5108385624643469,0.9675556189389616,0.9725470621791216,0.7005134055904164,0.6516566837801864,0.18984521376375707
2010-10-08,0.5996149458071877,0.5956930975470622,0.6128066172276099,0.5775099828864803,0.5108385624643469,0.9675556189389616,0.6909379838643958,0.6516566837801864,0.19349362526972322
2010-10-09,0.6641471762692527,0.5996149458071877,0.5956930975470622,0.6128066172276099,0.5775099828864803,0.5108385624643469,0.646880857305843,0.6539503707929265,0.14858530641704185
2010-10-11,0.9361808328579578,0.6641471762692527,0.5996149458071877,0.5956930975470622,0.6128066172276099,0.5775099828864803,0.6423987450085568,0.6656327248526336,0.137348163129178
2010-10-12,0.9811038220193954,0.9361808328579578,0.6641471762692527,0.5996149458071877,0.5956930975470622,0.6128066172276099,0.7095794963735637,0.6792165810990682,0.17272684677154224
2010-11-01,0.6263548203080433,0.9811038220193954,0.9361808328579578,0.6641471762692527,0.5996149458071877,0.5956930975470622,0.7165573302909297,0.6806308233504468,0.1674069595945194
2010-11-02,0.5026383342840844,0.6263548203080433,0.9811038220193954,0.9361808328579578,0.6641471762692527,0.5996149458071877,0.7008190041561405,0.6755443050009508,0.18321835913686932
2010-11-03,0.5575442099258414,0.5026383342840844,0.6263548203080433,0.9811038220193954,0.9361808328579578,0.6641471762692527,0.6953691630673946,0.6678551055333714,0.18738645797519934
2010-11-05,0.6113804905875643,0.5575442099258414,0.5026383342840844,0.6263548203080433,0.9811038220193954,0.9361808328579578,0.697049955178877,0.6682116371933827,0.18643477829252691
2010-11-06,0.6074586423274386,0.6113804905875643,0.5575442099258414,0.5026383342840844,0.6263548203080433,0.9811038220193954,0.6889515931871892,0.6719789884008367,0.1893112452865791
2010-11-08,0.600684540787222,0.6074586423274386,0.6113804905875643,0.5575442099258414,0.5026383342840844,0.6263548203080433,0.6410235514627985,0.6729178551055334,0.1557891635395844
2010-11-10,0.7857244723331431,0.600684540787222,0.6074586423274386,0.6113804905875643,0.5575442099258414,0.5026383342840844,0.6131122157933339,0.6792522342650694,0.08703643712557364
2010-11-11,0.9440245293782088,0.7857244723331431,0.600684540787222,0.6074586423274386,0.6113804905875643,0.5575442099258414,0.6584936028033576,0.6904354440007605,0.15295061786089098
2010-12-01,0.6110239589275528,0.9440245293782088,0.7857244723331431,0.600684540787222,0.6074586423274386,0.6113804905875643,0.6739772634667103,0.6909227039361096,0.13943196976535766
2010-12-02,0.5012122076440388,0.6110239589275528,0.9440245293782088,0.7857244723331431,0.600684540787222,0.6074586423274386,0.6659298345693098,0.6853489256512646,0.14859644787669873
2010-12-03,0.5718054763262977,0.5012122076440388,0.6110239589275528,0.9440245293782088,0.7857244723331431,0.600684540787222,0.6602762611034146,0.6793354249857387,0.1517374100020135
2010-12-04,0.613876212207644,0.5718054763262977,0.5012122076440388,0.6110239589275528,0.9440245293782088,0.7857244723331431,0.6611930568005867,0.669554573112759,0.15138407536716444
2010-12-05,0.653094694808899,0.613876212207644,0.5718054763262977,0.5012122076440388,0.6110239589275528,0.9440245293782088,0.6686802216608262,0.6583475945997338,0.14917256737412424
2010-12-07,0.5985453508271534,0.653094694808899,0.613876212207644,0.5718054763262977,0.5012122076440388,0.6110239589275528,0.6419403471599707,0.6617465297585092,0.14126165227164295
2010-12-08,0.5935539075869938,0.5985453508271534,0.653094694808899,0.613876212207644,0.5718054763262977,0.5012122076440388,0.5918731154755114,0.6627804715725423,0.047025572800619836
2010-12-10,0.7757415858528238,0.5935539075869938,0.5985453508271534,0.653094694808899,0.613876212207644,0.5718054763262977,0.6154042050362644,0.6683542498573873,0.08449191415545125
2010-12-11,0.9097974900171136,0.7757415858528238,0.5935539075869938,0.5985453508271534,0.653094694808899,0.613876212207644,0.6737735310895607,0.6784797490017114,0.12423904898211986
2011-01-02,0.9643468339988592,0.9097974900171136,0.7757415858528238,0.5935539075869938,0.5985453508271534,0.653094694808899,0.7298508678999267,0.6908989351587754,0.15526039095505623
2011-02-02,0.962564175698802,0.9643468339988592,0.9097974900171136,0.7757415858528238,0.5935539075869938,0.5985453508271534,0.7796634341129492,0.7025337516638144,0.1673175895275031
2011-03-02,0.9636337706788364,0.962564175698802,0.9643468339988592,0.9097974900171136,0.7757415858528238,0.5935539075869938,0.8240261592372261,0.7124334474234646,0.16932224400815737
2011-04-02,0.9853822019395324,0.9636337706788364,0.962564175698802,0.9643468339988592,0.9097974900171136,0.7757415858528238,0.8792885665389945,0.7128612854154782,0.14481987422630116
2011-05-01,0.9960781517398746,0.9853822019395324,0.9636337706788364,0.962564175698802,0.9643468339988592,0.9097974900171136,0.936792029989406,0.713812036508842,0.07603261312199881
2011-05-10,0.9775385054192812,0.9960781517398746,0.9853822019395324,0.9636337706788364,0.962564175698802,0.9643468339988592,0.9656201613560427,0.7293687012740064,0.027662703970266357
2011-06-01,0.991443240159726,0.9775385054192812,0.9960781517398746,0.9853822019395324,0.9636337706788364,0.962564175698802,0.9772838399478445,0.7431664765164481,0.014081442404316866
2011-07-01,0.966842555618939,0.991443240159726,0.9775385054192812,0.9960781517398746,0.9853822019395324,0.9636337706788364,0.9776403716078559,0.7549676744628258,0.013726413787884726
2011-07-02,0.9960781517398746,0.966842555618939,0.991443240159726,0.9775385054192812,0.9960781517398746,0.9853822019395324,0.9824280824708663,0.7683138429359194,0.013433114796472882
2011-10-01,0.9811038220193954,0.9960781517398746,0.966842555618939,0.991443240159726,0.9775385054192812,0.9960781517398746,0.9849238040909462,0.7810301388096597,0.010705283461793063
2012-01-06,0.9308328579577866,0.9811038220193954,0.9960781517398746,0.966842555618939,0.991443240159726,0.9775385054192812,0.9771310406649825,0.7899196615326107,0.02305120660719537
2012-01-08,0.9483029092983456,0.9308328579577866,0.9811038220193954,0.9960781517398746,0.966842555618939,0.991443240159726,0.9703060060304783,0.7903237307472903,0.023573110429605405
2012-02-07,0.9301197946377638,0.9483029092983456,0.9308328579577866,0.9811038220193954,0.9960781517398746,0.966842555618939,0.9635319044902614,0.7886242631679026,0.02761507012758624
2012-02-08,0.9322589845978324,0.9301197946377638,0.9483029092983456,0.9308328579577866,0.9811038220193954,0.9960781517398746,0.9550770108385624,0.798821068644229,0.026689913394461463
2012-03-01,0.980747290359384,0.9322589845978324,0.9301197946377638,0.9483029092983456,0.9308328579577866,0.9811038220193954,0.957063401515769,0.8147580338467388,0.02818694684088043
2012-03-07,0.9500855675984028,0.980747290359384,0.9322589845978324,0.9301197946377638,0.9483029092983456,0.9308328579577866,0.9504930323527016,0.8278427457691576,0.02232851319061152
2012-03-08,0.9261979463776384,0.9500855675984028,0.980747290359384,0.9322589845978324,0.9301197946377638,0.9483029092983456,0.9426493358324505,0.8383366609621601,0.019209115633922923
2012-04-01,0.9950085567598402,0.9261979463776384,0.9500855675984028,0.980747290359384,0.9322589845978324,0.9301197946377638,0.9518172928041724,0.8512549914432401,0.026543798905889426
2012-04-07,0.9568596691386194,0.9950085567598402,0.9261979463776384,0.9500855675984028,0.980747290359384,0.9322589845978324,0.9530396870670687,0.8631274957216202,0.026552007129632075
2012-05-01,0.9857387335995436,0.9568596691386194,0.9950085567598402,0.9261979463776384,0.9500855675984028,0.980747290359384,0.9609852497758943,0.8697946377638335,0.026870172135396306
2012-05-07,0.9647033656588704,0.9857387335995436,0.9568596691386194,0.9950085567598402,0.9261979463776384,0.9500855675984028,0.9656201613560427,0.8704839323065222,0.023700513850488762
2012-06-07,0.9286936679977182,0.9647033656588704,0.9857387335995436,0.9568596691386194,0.9950085567598402,0.9261979463776384,0.9581839295900904,0.881072922608861,0.02619777096237805
2012-06-08,0.9429549343981746,0.9286936679977182,0.9647033656588704,0.9857387335995436,0.9568596691386194,0.9950085567598402,0.9571652677043436,0.8957976801673322,0.026698983575309875
2012-07-06,0.9985738733599544,0.9429549343981746,0.9286936679977182,0.9647033656588704,0.9857387335995436,0.9568596691386194,0.9675046858446743,0.9100232934017873,0.026721985341518914
2012-07-08,0.952937820878494,0.9985738733599544,0.9429549343981746,0.9286936679977182,0.9647033656588704,0.9857387335995436,0.9614945807187679,0.9213253470241491,0.024108325317919684
2012-08-06,0.958998859098688,0.952937820878494,0.9985738733599544,0.9429549343981746,0.9286936679977182,0.9647033656588704,0.9618001792844918,0.9315221525004754,0.024053276233787817
2012-08-08,0.9472333143183116,0.958998859098688,0.952937820878494,0.9985738733599544,0.9429549343981746,0.9286936679977182,0.9562994051014587,0.9431450846168474,0.02197987769693254
2012-09-01,0.9832430119794638,0.9472333143183116,0.958998859098688,0.952937820878494,0.9985738733599544,0.9429549343981746,0.9589479260044007,0.9561347214299297,0.024169260432642344
2012-09-05,0.9803907586993724,0.9832430119794638,0.9472333143183116,0.958998859098688,0.952937820878494,0.9985738733599544,0.9663332246760656,0.9629563605248147,0.021085521850814287
2012-09-07,0.9258414147176268,0.9803907586993724,0.9832430119794638,0.9472333143183116,0.958998859098688,0.952937820878494,0.9638884361502731,0.9634911580148317,0.024895778327422968
2012-09-08,0.9536508841985168,0.9258414147176268,0.9803907586993724,0.9832430119794638,0.9472333143183116,0.958998859098688,0.9574708662700677,0.9631346263548204,0.019715603653519913
2012-10-05,0.99750427837992,0.9536508841985168,0.9258414147176268,0.9803907586993724,0.9832430119794638,0.9472333143183116,0.9638375030559857,0.9642992964441909,0.0245988390695733
2012-10-07,0.9376069594980034,0.99750427837992,0.9536508841985168,0.9258414147176268,0.9803907586993724,0.9832430119794638,0.9607815173987451,0.9634317360714965,0.026551437196083914
2012-10-08,0.9486594409583572,0.9376069594980034,0.99750427837992,0.9536508841985168,0.9258414147176268,0.9803907586993724,0.9609852497758944,0.9622076440387908,0.026435371775372526
2012-11-05,0.9736166571591556,0.9486594409583572,0.9376069594980034,0.99750427837992,0.9536508841985168,0.9258414147176268,0.959610056230136,0.9614589275527667,0.02531099780255672
2012-11-06,0.9753993154592128,0.9736166571591556,0.9486594409583572,0.9376069594980034,0.99750427837992,0.9536508841985168,0.9588969929101132,0.9613876212207644,0.024690698502896867
2012-11-07,0.9212065031374786,0.9753993154592128,0.9736166571591556,0.9486594409583572,0.9376069594980034,0.99750427837992,0.9582348626843779,0.9590463966533561,0.025763722589383958
2012-12-06,0.97219053051911,0.9212065031374786,0.9753993154592128,0.9736166571591556,0.9486594409583572,0.9376069594980034,0.9608833835873197,0.9592246624833618,0.026163784050724434
2012-12-07,0.9055191100969768,0.97219053051911,0.9212065031374786,0.9753993154592128,0.9736166571591556,0.9486594409583572,0.9477426452611849,0.9562060277619319,0.02775674510375526
2013-01-03,0.9532943525385056,0.9055191100969768,0.97219053051911,0.9212065031374786,0.9753993154592128,0.9736166571591556,0.9499837014098281,0.9552790454459023,0.027433417552632483
2013-01-05,0.8092555618938961,0.9532943525385056,0.9055191100969768,0.97219053051911,0.9212065031374786,0.9753993154592128,0.9300688615434766,0.9512264689104393,0.059919395926608714
2013-01-07,0.647746719908728,0.8092555618938961,0.9532943525385056,0.9055191100969768,0.97219053051911,0.9212065031374786,0.883516013364844,0.9412079292641187,0.11844915328859143
2013-01-08,0.6577296063890473,0.647746719908728,0.8092555618938961,0.9532943525385056,0.9055191100969768,0.97219053051911,0.8381346263548204,0.9321282563224947,0.1368100141627715
2013-01-10,0.7283228750713063,0.6577296063890473,0.647746719908728,0.8092555618938961,0.9532943525385056,0.9055191100969768,0.8105798223453672,0.9253303860049439,0.13671423559812054
2013-01-11,0.7301055333713634,0.7283228750713063,0.6577296063890473,0.647746719908728,0.8092555618938961,0.9532943525385056,0.7759962513242604,0.91697566077201,0.11841355481849783
2013-02-04,0.9515116942384484,0.7301055333713634,0.7283228750713063,0.6577296063890473,0.647746719908728,0.8092555618938961,0.782566620487328,0.9170231983266781,0.12770926048950265
2013-02-05,0.7992726754135768,0.9515116942384484,0.7301055333713634,0.7283228750713063,0.6577296063890473,0.647746719908728,0.7605635237551952,0.9127923559612093,0.10456266957180053
2013-02-07,0.6541642897889333,0.7992726754135768,0.9515116942384484,0.7301055333713634,0.7283228750713063,0.6577296063890473,0.7384076277402005,0.9014308803955124,0.10886827477951314
2013-02-08,0.6484597832287508,0.6541642897889333,0.7992726754135768,0.9515116942384484,0.7301055333713634,0.7283228750713063,0.7385094939287752,0.8911508841985168,0.10876959548145185
2013-02-09,0.8092555618938961,0.6484597832287508,0.6541642897889333,0.7992726754135768,0.9515116942384484,0.7301055333713634,0.7601560590008963,0.8852681118083285,0.10502741614521025
2013-02-10,0.7083571021106675,0.8092555618938961,0.6484597832287508,0.6541642897889333,0.7992726754135768,0.9515116942384484,0.7573038057208051,0.8767232363567218,0.10629940557002128
2013-02-12,0.6587992013690815,0.7083571021106675,0.8092555618938961,0.6484597832287508,0.6541642897889333,0.7992726754135768,0.7471171868633364,0.8677267541357673,0.11257177146210857
2013-03-04,0.92405875641757,0.6587992013690815,0.7083571021106675,0.8092555618938961,0.6484597832287508,0.6541642897889333,0.7431953386032107,0.8670968815364137,0.10444931826447064
2013-03-05,0.8192384483742157,0.92405875641757,0.6587992013690815,0.7083571021106675,0.8092555618938961,0.6484597832287508,0.746047591883302,0.8611190340368892,0.10648857521972435
2013-03-06,0.7543496862521392,0.8192384483742157,0.92405875641757,0.6587992013690815,0.7083571021106675,0.8092555618938961,0.7603597913780459,0.854499429549344,0.09851515120398464
2013-03-07,0.6516685681688534,0.7543496862521392,0.8192384483742157,0.92405875641757,0.6587992013690815,0.7083571021106675,0.760818189226632,0.8442550865183495,0.09791331998188398
2013-03-09,0.8178123217341701,0.6516685681688534,0.7543496862521392,0.8192384483742157,0.92405875641757,0.6587992013690815,0.7620405834895282,0.8399410534322115,0.09866931447558425
2013-03-10,0.723687963491158,0.8178123217341701,0.6516685681688534,0.7543496862521392,0.8192384483742157,0.92405875641757,0.764230706543884,0.8312892184826012,0.0974416342649304
2013-03-12,0.63812036508842,0.723687963491158,0.8178123217341701,0.6516685681688534,0.7543496862521392,0.8192384483742157,0.7612765870752181,0.8198802053622363,0.10140361656524392
2013-04-01,1.0,0.63812036508842,0.723687963491158,0.8178123217341701,0.6516685681688534,0.7543496862521392,0.7721253361584223,0.822352158204982,0.12339849164463577
2013-04-03,0.9775385054192812,1.0,0.63812036508842,0.723687963491158,0.8178123217341701,0.6516685681688534,0.7947396300220032,0.823148412245674,0.1459213299438666
2013-04-04,0.910154021677125,0.9775385054192812,1.0,0.63812036508842,0.723687963491158,0.8178123217341701,0.8169973922255725,0.8202367370222476,0.15054317519720326
2013-04-06,0.7572019395322306,0.910154021677125,0.9775385054192812,1.0,0.63812036508842,0.723687963491158,0.8320735881346264,0.8142232363567218,0.13578802101556534
2013-04-07,0.6523816314888763,0.7572019395322306,0.910154021677125,0.9775385054192812,1.0,0.63812036508842,0.8084406323852987,0.8043473093744057,0.15210003248390383
2013-04-09,0.7999857387335996,0.6523816314888763,0.7572019395322306,0.910154021677125,0.9775385054192812,1.0,0.8193403145627904,0.7985596120935539,0.14768399153294445
2013-04-10,0.7265402167712492,0.7999857387335996,0.6523816314888763,0.7572019395322306,0.910154021677125,0.9775385054192812,0.8319717219460517,0.7902643088039553,0.13261327800907266
2013-04-11,0.7336708499714776,0.7265402167712492,0.7999857387335996,0.6523816314888763,0.7572019395322306,0.910154021677125,0.7939247005134057,0.7840131203650884,0.11314755657384086
2013-04-12,0.6338419851682829,0.7336708499714776,0.7265402167712492,0.7999857387335996,0.6523816314888763,0.7572019395322306,0.7448251976204059,0.7727348355200608,0.09296176226605266
2013-05-03,0.986095265259555,0.6338419851682829,0.7336708499714776,0.7265402167712492,0.7999857387335996,0.6523816314888763,0.7556739467036103,0.7754207073588135,0.1168368473838556
2013-05-04,0.9162150598973188,0.986095265259555,0.6338419851682829,0.7336708499714776,0.7265402167712492,0.7999857387335996,0.7783901067557657,0.7741847309374406,0.13169664650904792
2013-05-06,0.7522104962920708,0.9162150598973188,0.986095265259555,0.6338419851682829,0.7336708499714776,0.7265402167712492,0.7926513731562219,0.7722832287507131,0.1207253013663013
2013-05-07,0.643468339988591,0.7522104962920708,0.9162150598973188,0.986095265259555,0.6338419851682829,0.7336708499714776,0.7702917447640779,0.7721406160867086,0.13300983919353132
2013-05-08,0.659155733029093,0.643468339988591,0.7522104962920708,0.9162150598973188,0.986095265259555,0.6338419851682829,0.7606653899437699,0.7721881536413767,0.13900722636281698
2013-05-09,0.7932116371933827,0.659155733029093,0.643468339988591,0.7522104962920708,0.9162150598973188,0.986095265259555,0.7691712166897563,0.7743511123787793,0.1389017418224052
2013-05-11,0.7247575584711923,0.7932116371933827,0.659155733029093,0.643468339988591,0.7522104962920708,0.9162150598973188,0.7821591557330291,0.7741728465487736,0.12795828063331746
2013-05-12,0.6484597832287508,0.7247575584711923,0.7932116371933827,0.659155733029093,0.643468339988591,0.7522104962920708,0.7339255154429142,0.7640711161817836,0.09852252411299901
2013-06-03,0.9793211637193384,0.6484597832287508,0.7247575584711923,0.7932116371933827,0.659155733029093,0.643468339988591,0.7429406731317741,0.7700727324586424,0.11878605504863621
2013-06-06,0.761123787792356,0.9793211637193384,0.6484597832287508,0.7247575584711923,0.7932116371933827,0.659155733029093,0.7442140004889578,0.7736380490587564,0.1189496446285378
2013-06-08,0.6598687963491159,0.761123787792356,0.9793211637193384,0.6484597832287508,0.7247575584711923,0.7932116371933827,0.7465569228261756,0.7740183494961018,0.11677621625693689
2013-06-09,0.7764546491728466,0.6598687963491159,0.761123787792356,0.9793211637193384,0.6484597832287508,0.7247575584711923,0.7633139108467119,0.7729249857387336,0.11038526292779693
2013-06-11,0.7368796349115803,0.7764546491728466,0.6598687963491159,0.761123787792356,0.9793211637193384,0.6484597832287508,0.7552664819493115,0.7738757368320974,0.10989465163687184
2013-06-12,0.6495293782087849,0.7368796349115803,0.7764546491728466,0.6598687963491159,0.761123787792356,0.9793211637193384,0.7445195990546818,0.7735667427267541,0.11683469733083118
2013-07-03,0.9889475185396464,0.6495293782087849,0.7368796349115803,0.7764546491728466,0.6598687963491159,0.761123787792356,0.7931607040990954,0.7757297014641567,0.13895916601047817
2013-07-05,0.8014118653736452,0.9889475185396464,0.6495293782087849,0.7368796349115803,0.7764546491728466,0.6598687963491159,0.7677450900497107,0.7751354820308045,0.11309921145007569
2013-07-06,0.7604107244723332,0.8014118653736452,0.9889475185396464,0.6495293782087849,0.7368796349115803,0.7764546491728466,0.767643223861136,0.7753375166381442,0.11310648995641993
2013-07-08,0.6416856816885339,0.7604107244723332,0.8014118653736452,0.9889475185396464,0.6495293782087849,0.7368796349115803,0.7650456360524814,0.7750047537554667,0.11616167712088744
2013-07-10,0.7308185966913862,0.6416856816885339,0.7604107244723332,0.8014118653736452,0.9889475185396464,0.6495293782087849,0.7585261999837014,0.7721049629207073,0.11669405490832631
2013-07-11,0.7301055333713634,0.7308185966913862,0.6416856816885339,0.7604107244723332,0.8014118653736452,0.9889475185396464,0.7575584711922418,0.7723188819167143,0.1169313329293851
2013-08-03,0.980747290359384,0.7301055333713634,0.7308185966913862,0.6416856816885339,0.7604107244723332,0.8014118653736452,0.8048753157851847,0.7837397794257462,0.13197752164581014
2013-08-04,0.9269110096976612,0.980747290359384,0.7301055333713634,0.7308185966913862,0.6416856816885339,0.7604107244723332,0.7960129573791868,0.7813034797490016,0.11900192036603673
2013-08-05,0.8053337136337707,0.9269110096976612,0.980747290359384,0.7301055333713634,0.7308185966913862,0.6416856816885339,0.7965732214163476,0.7755633200228181,0.1190408006552884
2013-08-07,0.6377638334284085,0.8053337136337707,0.9269110096976612,0.980747290359384,0.7301055333713634,0.7308185966913862,0.7790522369815012,0.7664836470811942,0.13340919170158894
2013-08-08,0.6580861380490588,0.6377638334284085,0.8053337136337707,0.9269110096976612,0.980747290359384,0.7301055333713634,0.781395159318719,0.763179787031755,0.1307114354632357
2013-08-10,0.7497147746719909,0.6580861380490588,0.6377638334284085,0.8053337136337707,0.9269110096976612,0.980747290359384,0.7840946133159482,0.766424225137859,0.12968392658443564
2013-08-11,0.7283228750713063,0.7497147746719909,0.6580861380490588,0.6377638334284085,0.8053337136337707,0.9269110096976612,0.7838399478445116,0.7640354630157825,0.12980930689425
2013-09-04,0.9261979463776384,0.7283228750713063,0.7497147746719909,0.6580861380490588,0.6377638334284085,0.8053337136337707,0.7760471844185478,0.7706907206693288,0.11702631115522036
2013-09-05,0.8128208784940103,0.9261979463776384,0.7283228750713063,0.7497147746719909,0.6580861380490588,0.6377638334284085,0.7597485942465977,0.7733290549534132,0.09908232900181832
2013-09-07,0.63562464346834,0.8128208784940103,0.9261979463776384,0.7283228750713063,0.7497147746719909,0.6580861380490588,0.7355044413658218,0.7733884768967484,0.10655057244290395
2013-09-08,0.6787649743297205,0.63562464346834,0.8128208784940103,0.9261979463776384,0.7283228750713063,0.7497147746719909,0.7413617472088665,0.7631441338657541,0.1012786020381864
2013-09-09,0.7974900171135197,0.6787649743297205,0.63562464346834,0.8128208784940103,0.9261979463776384,0.7283228750713063,0.7612765870752181,0.7591866324396274,0.09572833180246015
2013-09-10,0.7425841414717628,0.7974900171135197,0.6787649743297205,0.63562464346834,0.8128208784940103,0.9261979463776384,0.7602579251894711,0.7588657539456171,0.09590963574325213
2013-09-12,0.6498859098687964,0.7425841414717628,0.7974900171135197,0.6787649743297205,0.63562464346834,0.8128208784940103,0.7490526444462555,0.7590796729416239,0.10446305207630237
2013-10-04,0.9436679977181972,0.6498859098687964,0.7425841414717628,0.7974900171135197,0.6787649743297205,0.63562464346834,0.7515483660663352,0.7685634150979275,0.10948839576453209
2013-10-05,0.7878636622932117,0.9436679977181972,0.6498859098687964,0.7425841414717628,0.7974900171135197,0.6787649743297205,0.7479830494662212,0.7683851492679217,0.10754979654883727
2013-10-06,0.7322447233314318,0.7878636622932117,0.9436679977181972,0.6498859098687964,0.7425841414717628,0.7974900171135197,0.7617859180180915,0.7686347214299296,0.09634261922560237
2013-10-07,0.6452509982886481,0.7322447233314318,0.7878636622932117,0.9436679977181972,0.6498859098687964,0.7425841414717628,0.756998207155081,0.7685277619319262,0.10183226148408808
2013-10-09,0.7860810039931546,0.6452509982886481,0.7322447233314318,0.7878636622932117,0.9436679977181972,0.6498859098687964,0.7553683481378861,0.7620864232743867,0.10116528076130746
2013-10-10,0.7365231032515688,0.7860810039931546,0.6452509982886481,0.7322447233314318,0.7878636622932117,0.9436679977181972,0.7545024855350012,0.7612664004563605,0.10131875729391422
2013-10-12,0.6694951511694239,0.7365231032515688,0.7860810039931546,0.6452509982886481,0.7322447233314318,0.7878636622932117,0.7573038057208051,0.7615872789503707,0.0981662116903716
2013-11-03,0.9850256702795208,0.6694951511694239,0.7365231032515688,0.7860810039931546,0.6452509982886481,0.7322447233314318,0.7632120446581371,0.7685396463205934,0.11158025156339722
2013-11-04,0.9376069594980034,0.9850256702795208,0.6694951511694239,0.7365231032515688,0.7860810039931546,0.6452509982886481,0.7846039442588216,0.7752305571401407,0.12993812997218063
2013-11-06,0.7240444951511694,0.9376069594980034,0.9850256702795208,0.6694951511694239,0.7365231032515688,0.7860810039931546,0.7834324830902127,0.7777143943715537,0.13052449216859394
2013-11-07,0.6623645179691957,0.7240444951511694,0.9376069594980034,0.9850256702795208,0.6694951511694239,0.7365231032515688,0.7858772716160053,0.7668282943525386,0.1276331649919956
2013-11-09,0.7714632059326868,0.6623645179691957,0.7240444951511694,0.9376069594980034,0.9850256702795208,0.6694951511694239,0.7837890147502241,0.7658300057045065,0.12774880749653658
2013-11-10,0.721905305191101,0.7714632059326868,0.6623645179691957,0.7240444951511694,0.9376069594980034,0.9850256702795208,0.7817007578844429,0.7645464917284654,0.12876564519995218
2013-11-11,0.7174486594409584,0.721905305191101,0.7714632059326868,0.6623645179691957,0.7240444951511694,0.9376069594980034,0.7885512590660907,0.767071924320213,0.12294529726236458
2013-11-12,0.6816172276098118,0.7174486594409584,0.721905305191101,0.7714632059326868,0.6623645179691957,0.7240444951511694,0.745207195827561,0.7654318786841606,0.09162879351786411
2013-12-03,0.99750427837992,0.6816172276098118,0.7174486594409584,0.721905305191101,0.7714632059326868,0.6623645179691957,0.7537639556678347,0.7743451701844457,0.11291489172563932
2013-12-04,0.9315459212778094,0.99750427837992,0.6816172276098118,0.7174486594409584,0.721905305191101,0.7714632059326868,0.783407016543069,0.7727051245483932,0.1297888286132847
2013-12-06,0.7311751283513976,0.9315459212778094,0.99750427837992,0.6816172276098118,0.7174486594409584,0.721905305191101,0.7932371037405265,0.7661805951701844,0.12142989032067385
2013-12-07,0.655590416428979,0.7311751283513976,0.9315459212778094,0.99750427837992,0.6816172276098118,0.7174486594409584,0.7766838480971395,0.7611891519300247,0.13230378274705207
2013-12-08,0.6974828864803195,0.655590416428979,0.7311751283513976,0.9315459212778094,0.99750427837992,0.6816172276098118,0.7731949311384564,0.763179787031755,0.13429609161747977
2013-12-09,0.7629064460924131,0.6974828864803195,0.655590416428979,0.7311751283513976,0.9315459212778094,0.99750427837992,0.779688900660093,0.7666737972998671,0.1322344168372458
2013-12-11,0.7069309754706219,0.7629064460924131,0.6974828864803195,0.655590416428979,0.7311751283513976,0.9315459212778094,0.7833051503544943,0.7652476706598212,0.12942164152345131
2013-12-12,0.6605818596691386,0.7069309754706219,0.7629064460924131,0.6974828864803195,0.655590416428979,0.7311751283513976,0.7351733762529541,0.7629896368130823,0.09439529794999205
2014-01-04,0.6605818596691386,0.6605818596691386,0.7069309754706219,0.7629064460924131,0.6974828864803195,0.655590416428979,0.6964642245945727,0.7541357672561323,0.040775324650987696
2014-01-05,0.6341985168282943,0.6605818596691386,0.6605818596691386,0.7069309754706219,0.7629064460924131,0.6974828864803195,0.682610422948415,0.7481816885339418,0.04340591239685983
2014-01-07,0.7062179121505989,0.6341985168282943,0.6605818596691386,0.6605818596691386,0.7069309754706219,0.7629064460924131,0.6898429223372179,0.7505347974900172,0.042358605674803144
2014-01-08,0.6798345693097547,0.7062179121505989,0.6341985168282943,0.6605818596691386,0.6605818596691386,0.7069309754706219,0.6873217341699943,0.7505704506560184,0.042353300143108535
2014-01-09,0.6495293782087849,0.6798345693097547,0.7062179121505989,0.6341985168282943,0.6605818596691386,0.6605818596691386,0.6711250101866187,0.7456384293591938,0.027813931210281792
2014-01-10,0.5621791215059897,0.6495293782087849,0.6798345693097547,0.7062179121505989,0.6341985168282943,0.6605818596691386,0.650446173905957,0.739624928693668,0.04515810786790825
2014-01-12,0.5154734740444952,0.5621791215059897,0.6495293782087849,0.6798345693097547,0.7062179121505989,0.6341985168282943,0.629716404531008,0.7351445141661912,0.06750600275887852
2014-02-01,0.6655733029092984,0.5154734740444952,0.5621791215059897,0.6495293782087849,0.6798345693097547,0.7062179121505989,0.6304294678510309,0.7258746910058947,0.0679115160536474
2014-02-04,0.6612949229891615,0.6655733029092984,0.5154734740444952,0.5621791215059897,0.6495293782087849,0.6798345693097547,0.6343003830168691,0.721655733029093,0.06892680511162058
2014-02-05,0.63812036508842,0.6612949229891615,0.6655733029092984,0.5154734740444952,0.5621791215059897,0.6495293782087849,0.6245721620079863,0.7185182544209926,0.061489050591296925
2014-02-06,0.6252852253280091,0.63812036508842,0.6612949229891615,0.6655733029092984,0.5154734740444952,0.5621791215059897,0.6167793985820227,0.717852728655638,0.05657871319606437
2014-02-07,0.7047917855105533,0.6252852253280091,0.63812036508842,0.6612949229891615,0.6655733029092984,0.5154734740444952,0.624674028196561,0.7151430880395513,0.0651207181210197
2014-02-09,0.6391899600684541,0.7047917855105533,0.6252852253280091,0.63812036508842,0.6612949229891615,0.6655733029092984,0.6356755765626273,0.7118986499334474,0.05902274705890048
2014-02-10,0.5639617798060468,0.6391899600684541,0.7047917855105533,0.6252852253280091,0.63812036508842,0.6612949229891615,0.6426024773857062,0.7083808708880016,0.04332158340567438
2014-02-12,0.5308043354249857,0.5639617798060468,0.6391899600684541,0.7047917855105533,0.6252852253280091,0.63812036508842,0.6233497677450901,0.6932401597261837,0.05864732937048647
2014-03-01,0.6741300627495722,0.5308043354249857,0.5639617798060468,0.6391899600684541,0.7047917855105533,0.6252852253280091,0.6251833591394345,0.684457596501236,0.060211190275254754
2014-03-02,0.6416856816885339,0.6741300627495722,0.5308043354249857,0.5639617798060468,0.6391899600684541,0.7047917855105533,0.6256926900823079,0.6817123027191482,0.06035377536755322
2014-03-03,0.7197661152310325,0.6416856816885339,0.6741300627495722,0.5308043354249857,0.5639617798060468,0.6391899600684541,0.6391899600684541,0.6836256892945427,0.07003556051373305
2014-03-04,0.6616514546491729,0.7197661152310325,0.6416856816885339,0.6741300627495722,0.5308043354249857,0.5639617798060468,0.6330270556596854,0.6799652975850922,0.06501913554362194
2014-03-06,0.6274244152880777,0.6616514546491729,0.7197661152310325,0.6416856816885339,0.6741300627495722,0.5308043354249857,0.6313462635482031,0.6768159345883248,0.06498533254328381
2014-03-07,0.7033656588705077,0.6274244152880777,0.6616514546491729,0.7197661152310325,0.6416856816885339,0.6741300627495722,0.6512611034145547,0.6763465012359764,0.062193889570765486
2014-03-09,0.63562464346834,0.7033656588705077,0.6274244152880777,0.6616514546491729,0.7197661152310325,0.6416856816885339,0.6662354331350337,0.6748134150979274,0.035055982539258235
2014-03-10,0.5596833998859099,0.63562464346834,0.7033656588705077,0.6274244152880777,0.6616514546491729,0.7197661152310325,0.6498859098687964,0.6602193858147937,0.05290462126364102
2014-03-11,0.5304478037649744,0.5596833998859099,0.63562464346834,0.7033656588705077,0.6274244152880777,0.6616514546491729,0.6339947844511451,0.6468494485643659,0.06979006147544542
2014-03-12,0.5357957786651455,0.5304478037649744,0.5596833998859099,0.63562464346834,0.7033656588705077,0.6274244152880777,0.6077133077988754,0.6403368035748241,0.06667736689077017
2014-04-02,0.6441814033086138,0.5357957786651455,0.5304478037649744,0.5596833998859099,0.63562464346834,0.7033656588705077,0.6052175861787956,0.6399565031374786,0.06461711003099575
2014-04-03,0.7087136337706788,0.6441814033086138,0.5357957786651455,0.5304478037649744,0.5596833998859099,0.63562464346834,0.61683033167631,0.6403308613804907,0.07563786866231866
2014-04-04,0.6652167712492869,0.7087136337706788,0.6441814033086138,0.5357957786651455,0.5304478037649744,0.5596833998859099,0.6113804905875642,0.6370745388857199,0.06948801138969159
2014-04-06,0.6235025670279521,0.6652167712492869,0.7087136337706788,0.6441814033086138,0.5357957786651455,0.5304478037649744,0.6096487653817945,0.6342935919376308,0.06893194233489236
2014-04-07,0.7076440387906446,0.6235025670279521,0.6652167712492869,0.7087136337706788,0.6441814033086138,0.5357957786651455,0.6307859995110423,0.6358623312416809,0.07358524901914887
2014-04-08,0.6801911009697662,0.7076440387906446,0.6235025670279521,0.6652167712492869,0.7087136337706788,0.6441814033086138,0.652177899111727,0.6365159726183686,0.060081264667325024
2014-04-09,0.6395464917284656,0.6801911009697662,0.7076440387906446,0.6235025670279521,0.6652167712492869,0.7087136337706788,0.666999429549344,0.6366942384483743,0.033505124795563515
2014-04-11,0.5293782087849401,0.6395464917284656,0.6801911009697662,0.7076440387906446,0.6235025670279521,0.6652167712492869,0.6505989731888191,0.630799581669519,0.0622785056911366
2014-04-12,0.5400741585852824,0.5293782087849401,0.6395464917284656,0.6801911009697662,0.7076440387906446,0.6235025670279521,0.6265076195909055,0.6261409013120365,0.0683707311501898
2014-05-02,0.6545208214489446,0.5400741585852824,0.5293782087849401,0.6395464917284656,0.6801911009697662,0.7076440387906446,0.6249796267622851,0.6263072827533751,0.06747510527311372
2014-05-03,0.7147746719908729,0.6545208214489446,0.5400741585852824,0.5293782087849401,0.6395464917284656,0.6801911009697662,0.6380184988998453,0.6313938011028714,0.07548534308671499
2014-05-06,0.6252852253280091,0.7147746719908729,0.6545208214489446,0.5400741585852824,0.5293782087849401,0.6395464917284656,0.6262529541194687,0.6350541928123218,0.06896091437477597
2014-05-08,0.674843126069595,0.6252852253280091,0.7147746719908729,0.6545208214489446,0.5400741585852824,0.5293782087849401,0.6254889577051586,0.6353631869176649,0.06829011831795545
2014-05-09,0.6366942384483743,0.674843126069595,0.6252852253280091,0.7147746719908729,0.6545208214489446,0.5400741585852824,0.6250814929508597,0.6345431640996387,0.06820071287545071
2014-05-11,0.5008556759840275,0.6366942384483743,0.674843126069595,0.6252852253280091,0.7147746719908729,0.6545208214489446,0.6210068454078722,0.6299676744628256,0.07534889863501122
2014-05-12,0.5368653736451796,0.5008556759840275,0.6366942384483743,0.674843126069595,0.6252852253280091,0.7147746719908729,0.6205484475592862,0.627020346073398,0.07593084104083427
2014-06-01,0.6691386195094124,0.5368653736451796,0.5008556759840275,0.6366942384483743,0.674843126069595,0.6252852253280091,0.6226367044250672,0.6258319072066933,0.0772110879691645
2014-06-02,0.6727039361095266,0.6691386195094124,0.5368653736451796,0.5008556759840275,0.6366942384483743,0.674843126069595,0.6166265992991606,0.6269490397413957,0.07015908792203275
2014-06-03,0.7072875071306332,0.6727039361095266,0.6691386195094124,0.5368653736451796,0.5008556759840275,0.6366942384483743,0.6283412109852498,0.6317265639855486,0.07822786079112881
2014-06-05,0.6548773531089561,0.7072875071306332,0.6727039361095266,0.6691386195094124,0.5368653736451796,0.5008556759840275,0.6254889577051586,0.6358623312416809,0.07659675854174981
2014-06-06,0.6331289218482602,0.6548773531089561,0.7072875071306332,0.6727039361095266,0.6691386195094124,0.5368653736451796,0.6249796267622851,0.6344956265449705,0.07652164761700525
2014-06-08,0.6598687963491159,0.6331289218482602,0.6548773531089561,0.7072875071306332,0.6727039361095266,0.6691386195094124,0.6476957868144406,0.63510173036699,0.053745863141851674
2014-06-10,0.561466058185967,0.6598687963491159,0.6331289218482602,0.6548773531089561,0.7072875071306332,0.6727039361095266,0.6512101703202673,0.629825061798821,0.04545590574990375
2014-06-11,0.4994295493439817,0.561466058185967,0.6598687963491159,0.6331289218482602,0.6548773531089561,0.7072875071306332,0.6269660174394914,0.6244176649553148,0.071878266507268
2014-07-01,0.6684255561893896,0.4994295493439817,0.561466058185967,0.6598687963491159,0.6331289218482602,0.6548773531089561,0.6263548203080435,0.6257843696520251,0.07144138902169177
2014-07-02,0.6630775812892186,0.6684255561893896,0.4994295493439817,0.561466058185967,0.6598687963491159,0.6331289218482602,0.6200391166164126,0.6244414337326488,0.06473339810073059
2014-07-03,0.7169138619509412,0.6630775812892186,0.6684255561893896,0.4994295493439817,0.561466058185967,0.6598687963491159,0.6289014750224106,0.6271510743487355,0.07389598631873363
2014-07-04,0.66093839132915,0.7169138619509412,0.6630775812892186,0.6684255561893896,0.4994295493439817,0.561466058185967,0.6328742563768234,0.6305262407301769,0.07490183856450681
2014-07-05,0.6548773531089561,0.66093839132915,0.7169138619509412,0.6630775812892186,0.6684255561893896,0.4994295493439817,0.6321611930568006,0.6346738923749763,0.07462526871471441
2014-07-07,0.7015830005704506,0.6548773531089561,0.66093839132915,0.7169138619509412,0.6630775812892186,0.6684255561893896,0.6521778991117267,0.6402001331051531,0.07121620836051713
2014-07-08,0.6702082144894467,0.7015830005704506,0.6548773531089561,0.66093839132915,0.7169138619509412,0.6630775812892186,0.6765748512753647,0.6410676934778474,0.02329894486601696
2014-07-10,0.5735881346263548,0.6702082144894467,0.7015830005704506,0.6548773531089561,0.66093839132915,0.7169138619509412,0.6630266481949312,0.6365635101730367,0.045665488683108636
2014-07-11,0.5044209925841415,0.5735881346263548,0.6702082144894467,0.7015830005704506,0.6548773531089561,0.66093839132915,0.6403614212370631,0.6312036508841985,0.07535669064101021
2014-08-01,0.6505989731888192,0.5044209925841415,0.5735881346263548,0.6702082144894467,0.7015830005704506,0.6548773531089561,0.630887865699617,0.6321068644228941,0.06793143412693801
2014-08-04,0.6730604677695379,0.6505989731888192,0.5044209925841415,0.5735881346263548,0.6702082144894467,0.7015830005704506,0.6326195909053868,0.6309540787221906,0.06897170993080387
2014-08-05,0.6409726183685112,0.6730604677695379,0.6505989731888192,0.5044209925841415,0.5735881346263548,0.6702082144894467,0.6306332002281803,0.6296467959688155,0.06842188426556878
2014-08-07,0.7062179121505989,0.6409726183685112,0.6730604677695379,0.6505989731888192,0.5044209925841415,0.5735881346263548,0.6312953304539157,0.6318691766495532,0.06924043985928248
2014-08-08,0.6723474044495151,0.7062179121505989,0.6409726183685112,0.6730604677695379,0.6505989731888192,0.5044209925841415,0.6316009290196397,0.636634816505039,0.06944522730593199
2014-08-09,0.6388334284084427,0.6723474044495151,0.7062179121505989,0.6409726183685112,0.6730604677695379,0.6505989731888192,0.6409216852742238,0.639926792165811,0.0645684737667762
2014-08-10,0.5732316029663435,0.6388334284084427,0.6723474044495151,0.7062179121505989,0.6409726183685112,0.6730604677695379,0.6507517724716811,0.6372171515497242,0.041407770336079695
2014-08-12,0.5343696520250999,0.5732316029663435,0.6388334284084427,0.6723474044495151,0.7062179121505989,0.6409726183685112,0.634147583734007,0.6312036508841986,0.06041868046087628
2014-09-01,0.651312036508842,0.5343696520250999,0.5732316029663435,0.6388334284084427,0.6723474044495151,0.7062179121505989,0.6310406649824791,0.6320712112568929,0.05861646096731639
2014-09-04,0.6637906446092413,0.651312036508842,0.5343696520250999,0.5732316029663435,0.6388334284084427,0.6723474044495151,0.6343003830168691,0.6317027952082145,0.059881652885563186
2014-09-05,0.6409726183685112,0.6637906446092413,0.651312036508842,0.5343696520250999,0.5732316029663435,0.6388334284084427,0.6249796267622851,0.6318454078722191,0.05128210597864164
2014-09-06,0.6359811751283514,0.6409726183685112,0.6637906446092413,0.651312036508842,0.5343696520250999,0.5732316029663435,0.6197844511449759,0.6363495911770299,0.04737707799697569
2014-09-07,0.708000570450656,0.6359811751283514,0.6409726183685112,0.6637906446092413,0.651312036508842,0.5343696520250999,0.6296654714367207,0.6420540977372123,0.058027728075633264
2014-09-09,0.632059326868226,0.708000570450656,0.6359811751283514,0.6409726183685112,0.6637906446092413,0.651312036508842,0.6380694319941326,0.6408181213158396,0.052487881959647154
2014-09-10,0.5835710211066744,0.632059326868226,0.708000570450656,0.6359811751283514,0.6409726183685112,0.6637906446092413,0.645098199005786,0.6378470241490778,0.037417629488791196
2014-09-12,0.5382915002852254,0.5835710211066744,0.632059326868226,0.708000570450656,0.6359811751283514,0.6409726183685112,0.628952408116698,0.6322138239208975,0.054688096130684545
2014-10-01,0.6605818596691386,0.5382915002852254,0.5835710211066744,0.632059326868226,0.708000570450656,0.6359811751283514,0.6284940102681118,0.6324039741395704,0.0543598744999144
2014-10-02,0.674843126069595,0.6605818596691386,0.5382915002852254,0.5835710211066744,0.632059326868226,0.708000570450656,0.6333326542254094,0.6337944476136148,0.05709438571627995
2014-10-03,0.7030091272104962,0.674843126069595,0.6605818596691386,0.5382915002852254,0.5835710211066744,0.632059326868226,0.6429080759514303,0.6352324586423275,0.06293460706421944
2014-10-04,0.6762692527096406,0.7030091272104962,0.674843126069595,0.6605818596691386,0.5382915002852254,0.5835710211066744,0.6383750305598566,0.6390592317931165,0.058447532552527506
2014-10-06,0.632059326868226,0.6762692527096406,0.7030091272104962,0.674843126069595,0.6605818596691386,0.5382915002852254,0.6383750305598567,0.643480224377258,0.058447532552527506
2014-10-07,0.7211922418710782,0.632059326868226,0.6762692527096406,0.7030091272104962,0.674843126069595,0.6605818596691386,0.6580352049547714,0.645239113899981,0.06006418539838059
2014-10-09,0.6324158585282373,0.7211922418710782,0.632059326868226,0.6762692527096406,0.7030091272104962,0.674843126069595,0.6714815418466303,0.6442170564746149,0.033412588640849825
2014-10-10,0.5700228180262408,0.6324158585282373,0.7211922418710782,0.632059326868226,0.6762692527096406,0.7030091272104962,0.6585445358976448,0.6393206883437916,0.05115648082976903
2014-10-11,0.5133342840844267,0.5700228180262408,0.6324158585282373,0.7211922418710782,0.632059326868226,0.6762692527096406,0.635471844185478,0.6344005514356341,0.07393222420509155
2014-10-12,0.5628921848260126,0.5133342840844267,0.5700228180262408,0.6324158585282373,0.7211922418710782,0.632059326868226,0.6154551381305519,0.631334379159536,0.07152818251195481
2014-11-02,0.6737735310895608,0.5628921848260126,0.5133342840844267,0.5700228180262408,0.6324158585282373,0.7211922418710782,0.6150986064705403,0.6304073968435063,0.07117990585164213
2014-11-03,0.7122789503707929,0.6737735310895608,0.5628921848260126,0.5133342840844267,0.5700228180262408,0.6324158585282373,0.6265585526851928,0.6318097547062179,0.08024599119349153
2014-11-04,0.6709212778094695,0.7122789503707929,0.6737735310895608,0.5628921848260126,0.5133342840844267,0.5700228180262408,0.6193769863906773,0.6350541928123217,0.07221265656168972
2014-11-06,0.6391899600684541,0.6709212778094695,0.7122789503707929,0.6737735310895608,0.5628921848260126,0.5133342840844267,0.6203447151821367,0.6395464917284656,0.07246147580199563
2014-11-07,0.7181617227609811,0.6391899600684541,0.6709212778094695,0.7122789503707929,0.6737735310895608,0.5628921848260126,0.6415074158585282,0.6417985833808708,0.07681671605332213
2014-11-08,0.6623645179691957,0.7181617227609811,0.6391899600684541,0.6709212778094695,0.7122789503707929,0.6737735310895608,0.6627974492706381,0.6414420517208596,0.05202348112816047
2014-11-09,0.6213633770678836,0.6623645179691957,0.7181617227609811,0.6391899600684541,0.6709212778094695,0.7122789503707929,0.6711504767337626,0.6407884103441719,0.03532224165476775
2014-11-11,0.5097689674843127,0.6213633770678836,0.6623645179691957,0.7181617227609811,0.6391899600684541,0.6709212778094695,0.6477212533615841,0.634240112188629,0.07033322601708236
2014-11-12,0.5600399315459214,0.5097689674843127,0.6213633770678836,0.6623645179691957,0.7181617227609811,0.6391899600684541,0.6259728221008883,0.6304965297585092,0.07058084514455831
2014-12-02,0.674843126069595,0.5600399315459214,0.5097689674843127,0.6213633770678836,0.6623645179691957,0.7181617227609811,0.626533086138049,0.631696853013881,0.0710113604488616
2014-12-03,0.7022960638904735,0.674843126069595,0.5600399315459214,0.5097689674843127,0.6213633770678836,0.6623645179691957,0.635548243826909,0.635999001711352,0.07666659500713453
2014-12-05,0.6484597832287508,0.7022960638904735,0.674843126069595,0.5600399315459214,0.5097689674843127,0.6213633770678836,0.6255908238937332,0.639802006084807,0.06820834529340196
2014-12-06,0.6438248716486024,0.6484597832287508,0.7022960638904735,0.674843126069595,0.5600399315459214,0.5097689674843127,0.6229423029907913,0.6395524339227989,0.06688963981407688
2014-12-08,0.670564746149458,0.6438248716486024,0.6484597832287508,0.7022960638904735,0.674843126069595,0.5600399315459214,0.6299710700024448,0.6397782373074729,0.06923982790771896
2014-12-09,0.6192241871078152,0.670564746149458,0.6438248716486024,0.6484597832287508,0.7022960638904735,0.674843126069595,0.6456075299486594,0.639053289598783,0.046044146382877994
2014-12-11,0.5115516257843696,0.6192241871078152,0.670564746149458,0.6438248716486024,0.6484597832287508,0.7022960638904735,0.6386806291255807,0.6349056379539836,0.06195923169925399
2014-12-12,0.563248716486024,0.5115516257843696,0.6192241871078152,0.670564746149458,0.6438248716486024,0.6484597832287508,0.6227385706136419,0.6300805761551627,0.06536676144216379
2015-01-04,0.5450656018254421,0.563248716486024,0.5115516257843696,0.6192241871078152,0.670564746149458,0.6438248716486024,0.6002770760329231,0.6271807853204031,0.06028950320592391
2015-01-05,0.5311608670849972,0.5450656018254421,0.563248716486024,0.5115516257843696,0.6192241871078152,0.670564746149458,0.583520088012387,0.6254337801863472,0.06096289269557693
2015-01-06,0.5468482601254991,0.5311608670849972,0.5450656018254421,0.563248716486024,0.5115516257843696,0.6192241871078152,0.5696662863662293,0.6257190055143564,0.055772614255970805
2015-01-07,0.5119081574443811,0.5468482601254991,0.5311608670849972,0.5450656018254421,0.563248716486024,0.5115516257843696,0.5470010594083612,0.6207632154401977,0.0370203135324276
2015-01-09,0.4780376497432971,0.5119081574443811,0.5468482601254991,0.5311608670849972,0.5450656018254421,0.563248716486024,0.5268315540705729,0.6142030328959879,0.02862146852503663
2015-01-10,0.4734027381631489,0.4780376497432971,0.5119081574443811,0.5468482601254991,0.5311608670849972,0.5450656018254421,0.521381712981827,0.6065494865944097,0.03494850389923209
2015-01-12,0.461280661722761,0.4734027381631489,0.4780376497432971,0.5119081574443811,0.5468482601254991,0.5311608670849972,0.5068148480156467,0.5993832002281803,0.035829045582673774
2015-02-01,0.5147604107244724,0.461280661722761,0.4734027381631489,0.4780376497432971,0.5119081574443811,0.5468482601254991,0.5024855350012224,0.5954732363567218,0.032070584096375594
2015-02-02,0.5685966913861951,0.5147604107244724,0.461280661722761,0.4734027381631489,0.4780376497432971,0.5119081574443811,0.5078335099013935,0.5903867180072258,0.03983160107546449
2015-02-03,0.547561323445522,0.5685966913861951,0.5147604107244724,0.461280661722761,0.4734027381631489,0.4780376497432971,0.5079353760899682,0.5875582335044686,0.03994874729432436
2015-02-04,0.5550484883057616,0.547561323445522,0.5685966913861951,0.5147604107244724,0.461280661722761,0.4734027381631489,0.5140982804987368,0.5870590891804526,0.04380526429175169
2015-02-06,0.5500570450656018,0.5550484883057616,0.547561323445522,0.5685966913861951,0.5147604107244724,0.461280661722761,0.5243867655447804,0.5882831812131585,0.042357801849084054
2015-02-07,0.5111950941243583,0.5500570450656018,0.5550484883057616,0.547561323445522,0.5685966913861951,0.5147604107244724,0.5297856735392389,0.5865599448564366,0.036823253429960505
2015-02-09,0.4737592698231602,0.5111950941243583,0.5500570450656018,0.5550484883057616,0.547561323445522,0.5685966913861951,0.5315683318392959,0.5798928028142233,0.033064301328574144
2015-02-10,0.4691243582430119,0.4737592698231602,0.5111950941243583,0.5500570450656018,0.5550484883057616,0.547561323445522,0.5250488957705158,0.5717876497432973,0.04057649244284898
2015-02-11,0.5037079292641187,0.4691243582430119,0.4737592698231602,0.5111950941243583,0.5500570450656018,0.5550484883057616,0.5157790726102192,0.5662138714584521,0.036139151051335756
2015-02-12,0.458784940102681,0.5037079292641187,0.4691243582430119,0.4737592698231602,0.5111950941243583,0.5500570450656018,0.5030967321326705,0.5602003707929264,0.03861898666130675
2015-03-02,0.5817883628066173,0.458784940102681,0.5037079292641187,0.4691243582430119,0.4737592698231602,0.5111950941243583,0.5069167142042214,0.555654592127781,0.04535011707435243
2015-03-03,0.5400741585852824,0.5817883628066173,0.458784940102681,0.5037079292641187,0.4691243582430119,0.4737592698231602,0.5054905875641758,0.5515782468149838,0.04390119554682707
2015-03-06,0.5464917284654878,0.5400741585852824,0.5817883628066173,0.458784940102681,0.5037079292641187,0.4691243582430119,0.5105329638986228,0.549082525194904,0.046609124766636215
2015-03-07,0.5122646891043925,0.5464917284654878,0.5400741585852824,0.5817883628066173,0.458784940102681,0.5037079292641187,0.516033738081656,0.5491657159155733,0.043728990667928416
2015-03-08,0.4798203080433542,0.5122646891043925,0.5464917284654878,0.5400741585852824,0.5817883628066173,0.458784940102681,0.5175617309102762,0.5464917284654878,0.04196809703556022
2015-03-09,0.4791072447233314,0.4798203080433542,0.5122646891043925,0.5464917284654878,0.5400741585852824,0.5817883628066173,0.5140473474044495,0.539967199087279,0.044287489694393195
2015-03-11,0.5029948659440959,0.4791072447233314,0.4798203080433542,0.5122646891043925,0.5464917284654878,0.5400741585852824,0.5203630510960802,0.5333238258223997,0.037765278043875576
2015-03-12,0.4512977752424414,0.5029948659440959,0.4791072447233314,0.4798203080433542,0.5122646891043925,0.5464917284654878,0.5017215385869122,0.5267517588895227,0.03445213792104422
2015-04-02,0.5746577296063891,0.4512977752424414,0.5029948659440959,0.4791072447233314,0.4798203080433542,0.5122646891043925,0.5066620487327845,0.5244461874881156,0.04242562680771261
2015-04-03,0.5365088419851683,0.5746577296063891,0.4512977752424414,0.5029948659440959,0.4791072447233314,0.4798203080433542,0.505235922092739,0.519977657349306,0.04100771000606782
2015-04-06,0.5418568168853394,0.5365088419851683,0.5746577296063891,0.4512977752424414,0.5029948659440959,0.4791072447233314,0.5094633689185885,0.5173987450085568,0.04331354850140116
2015-04-08,0.4730462065031374,0.5418568168853394,0.5365088419851683,0.5746577296063891,0.4512977752424414,0.5029948659440959,0.508495640127129,0.5161152310325157,0.04415375421928686
2015-04-09,0.4783941814033085,0.4730462065031374,0.5418568168853394,0.5365088419851683,0.5746577296063891,0.4512977752424414,0.5083937739385542,0.5132867465297585,0.04423360612662512
2015-04-11,0.4987164860239588,0.4783941814033085,0.4730462065031374,0.5418568168853394,0.5365088419851683,0.5746577296063891,0.507782576807106,0.5117417760030424,0.04435004364166843
2015-04-12,0.4584284084426697,0.4987164860239588,0.4783941814033085,0.4730462065031374,0.5418568168853394,0.5365088419851683,0.508801238692853,0.5093173607149648,0.04289443563173555
2015-05-01,0.5208214489446663,0.4584284084426697,0.4987164860239588,0.4783941814033085,0.4730462065031374,0.5418568168853394,0.501110341455464,0.5084498003422704,0.032743840148011835
2015-05-02,0.5607529948659441,0.5208214489446663,0.4584284084426697,0.4987164860239588,0.4783941814033085,0.4730462065031374,0.5045737918670035,0.5100779615896558,0.037976260678328384
2015-05-03,0.5318739304050201,0.5607529948659441,0.5208214489446663,0.4584284084426697,0.4987164860239588,0.4783941814033085,0.5031476652269579,0.5118725042783799,0.03650163238352731
2015-05-05,0.5400741585852824,0.5318739304050201,0.5607529948659441,0.5208214489446663,0.4584284084426697,0.4987164860239588,0.5127230869529785,0.5140948849591177,0.03607829953909368
2015-05-06,0.5304478037649744,0.5400741585852824,0.5318739304050201,0.5607529948659441,0.5208214489446663,0.4584284084426697,0.5201593187189308,0.5164004563605248,0.03306173824701275
2015-05-08,0.4723331431831146,0.5304478037649744,0.5400741585852824,0.5318739304050201,0.5607529948659441,0.5208214489446663,0.5163902697416674,0.5149862141091462,0.03716310692189907
2015-05-10,0.4983599543639475,0.4723331431831146,0.5304478037649744,0.5400741585852824,0.5318739304050201,0.5607529948659441,0.5220947763018499,0.512644989541738,0.028937588698901073
2015-05-11,0.490159726183685,0.4983599543639475,0.4723331431831146,0.5304478037649744,0.5400741585852824,0.5318739304050201,0.5177145301931383,0.5107316029663433,0.031379994715108994
2015-06-01,0.535439247005134,0.490159726183685,0.4983599543639475,0.4723331431831146,0.5304478037649744,0.5400741585852824,0.5140982804987368,0.5100779615896558,0.02670374418700156
2015-06-02,0.5685966913861951,0.535439247005134,0.490159726183685,0.4983599543639475,0.4723331431831146,0.5304478037649744,0.5193443892103333,0.5106959498003422,0.033516143336704524
2015-06-03,0.5247432972047918,0.5685966913861951,0.535439247005134,0.490159726183685,0.4983599543639475,0.4723331431831146,0.5171542661559775,0.51114755656969,0.03241871779605279
2015-06-05,0.539717626925271,0.5247432972047918,0.5685966913861951,0.535439247005134,0.490159726183685,0.4983599543639475,0.5184785266074484,0.5133461684730938,0.033231388345159506
2015-06-07,0.5104820308043354,0.539717626925271,0.5247432972047918,0.5685966913861951,0.535439247005134,0.490159726183685,0.5239283676961942,0.5147247575584711,0.026933848550919195
2015-06-08,0.4748288648031945,0.5104820308043354,0.539717626925271,0.5247432972047918,0.5685966913861951,0.535439247005134,0.5205667834732296,0.5137621220764403,0.03170307259340866
2015-06-10,0.5133342840844267,0.4748288648031945,0.5104820308043354,0.539717626925271,0.5247432972047918,0.5685966913861951,0.5238774346019069,0.5155804335424986,0.029101849624225757
2015-06-11,0.4922989161437535,0.5133342840844267,0.4748288648031945,0.5104820308043354,0.539717626925271,0.5247432972047918,0.5177145301931383,0.5125974519870697,0.030765682981772482
2015-07-01,0.5368653736451796,0.4922989161437535,0.5133342840844267,0.4748288648031945,0.5104820308043354,0.539717626925271,0.5131814848015647,0.5124904924890663,0.023498526441756287
2015-07-04,0.5557615516257843,0.5368653736451796,0.4922989161437535,0.5133342840844267,0.4748288648031945,0.5104820308043354,0.5176126640045636,0.5127994865944095,0.028445924167349028
2015-07-05,0.5375784369652026,0.5557615516257843,0.5368653736451796,0.4922989161437535,0.5133342840844267,0.4748288648031945,0.5173070654388395,0.5136432781897698,0.028179107453376866
2015-07-07,0.5111950941243583,0.5375784369652026,0.5557615516257843,0.5368653736451796,0.4922989161437535,0.5133342840844267,0.5174089316274142,0.5146891043924701,0.028151598651343628
2015-07-08,0.4805333713633771,0.5111950941243583,0.5375784369652026,0.5557615516257843,0.5368653736451796,0.4922989161437535,0.5182238611360117,0.5147366419471382,0.026761823315629173
2015-07-09,0.4730462065031374,0.4805333713633771,0.5111950941243583,0.5375784369652026,0.5557615516257843,0.5368653736451796,0.5124684214815418,0.5137383532991062,0.03183920025726137
2015-07-10,0.5186822589845979,0.4730462065031374,0.4805333713633771,0.5111950941243583,0.5375784369652026,0.5557615516257843,0.5162374704588053,0.5159845027571781,0.03059076864492552
2015-07-12,0.4712635482030804,0.5186822589845979,0.4730462065031374,0.4805333713633771,0.5111950941243583,0.5375784369652026,0.506865781109934,0.5125380300437345,0.033158996069844
2015-08-01,0.5382915002852254,0.4712635482030804,0.5186822589845979,0.4730462065031374,0.4805333713633771,0.5111950941243583,0.5043700594898542,0.5125974519870697,0.02929816031957937
2015-08-04,0.5550484883057616,0.5382915002852254,0.4712635482030804,0.5186822589845979,0.4730462065031374,0.4805333713633771,0.5068657811099341,0.5130371743677505,0.033096323100257556
2015-08-05,0.5361523103251569,0.5550484883057616,0.5382915002852254,0.4712635482030804,0.5186822589845979,0.4730462065031374,0.510431097710048,0.5151407111618178,0.0349336921457965
2015-08-06,0.5272390188248717,0.5361523103251569,0.5550484883057616,0.5382915002852254,0.4712635482030804,0.5186822589845979,0.5171033330616901,0.5167688724092032,0.03265776625605672
2015-08-07,0.4890901312036509,0.5272390188248717,0.5361523103251569,0.5550484883057616,0.5382915002852254,0.4712635482030804,0.5193953223046207,0.5164479939151929,0.029456506796536337
2015-08-09,0.4762549914432402,0.4890901312036509,0.5272390188248717,0.5361523103251569,0.5550484883057616,0.5382915002852254,0.5133342840844267,0.5170422133485454,0.03368862605616043
2015-08-10,0.5111950941243583,0.4762549914432402,0.4890901312036509,0.5272390188248717,0.5361523103251569,0.5550484883057616,0.5190387906446093,0.5167213348545351,0.02833249225339435
2015-08-12,0.4623502567027952,0.5111950941243583,0.4762549914432402,0.4890901312036509,0.5272390188248717,0.5361523103251569,0.5081900415614049,0.5134412435824302,0.033752620290890156
2015-09-01,0.5336565887050769,0.4623502567027952,0.5111950941243583,0.4762549914432402,0.4890901312036509,0.5272390188248717,0.5051340559041643,0.5135006655257653,0.029503937343944527
2015-09-02,0.5596833998859099,0.5336565887050769,0.4623502567027952,0.5111950941243583,0.4762549914432402,0.4890901312036509,0.508495640127129,0.5141543069024529,0.034538121438176035
2015-09-03,0.5222475755847119,0.5596833998859099,0.5336565887050769,0.4623502567027952,0.5111950941243583,0.4762549914432402,0.5077825768071061,0.5138809659631108,0.03413583958149942
2015-09-04,0.5357957786651455,0.5222475755847119,0.5596833998859099,0.5336565887050769,0.4623502567027952,0.5111950941243583,0.5144548121587482,0.5159963871458452,0.034436497468021514
2015-09-06,0.5297347404449515,0.5357957786651455,0.5222475755847119,0.5596833998859099,0.5336565887050769,0.4623502567027952,0.5220947763018499,0.5170422133485454,0.030223888697986454
2015-09-07,0.5029948659440959,0.5297347404449515,0.5357957786651455,0.5222475755847119,0.5596833998859099,0.5336565887050769,0.520923315133241,0.5174700513405591,0.030868802868988
2015-09-09,0.4812464346833998,0.5029948659440959,0.5297347404449515,0.5357957786651455,0.5222475755847119,0.5596833998859099,0.5236227691304702,0.5156636242631679,0.025198347328542214
2015-09-10,0.5247432972047918,0.4812464346833998,0.5029948659440959,0.5297347404449515,0.5357957786651455,0.5222475755847119,0.5223494417732867,0.5142018444571211,0.024829313181999317
2015-09-11,0.4816029663434112,0.5247432972047918,0.4812464346833998,0.5029948659440959,0.5297347404449515,0.5357957786651455,0.5111950941243582,0.5127638334284084,0.02271006858139197
2015-09-12,0.4634198516828293,0.4816029663434112,0.5247432972047918,0.4812464346833998,0.5029948659440959,0.5297347404449515,0.5027911335669465,0.5102205742536604,0.028167398005468698
2015-10-02,0.553622361665716,0.4634198516828293,0.4816029663434112,0.5247432972047918,0.4812464346833998,0.5029948659440959,0.5053377882813137,0.5116585852823731,0.03217017993609008
2015-10-03,0.5172561323445521,0.553622361665716,0.4634198516828293,0.4816029663434112,0.5247432972047918,0.4812464346833998,0.5035551299812566,0.5130728275337516,0.03091416454948026
2015-10-04,0.5447090701654307,0.5172561323445521,0.553622361665716,0.4634198516828293,0.4816029663434112,0.5247432972047918,0.5095143020128758,0.5141186537364518,0.034590133941458476
2015-10-06,0.5297347404449515,0.5447090701654307,0.5172561323445521,0.553622361665716,0.4634198516828293,0.4816029663434112,0.5164412028359547,0.5153665145464917,0.03279426860105105
2015-10-07,0.5054905875641758,0.5297347404449515,0.5447090701654307,0.5172561323445521,0.553622361665716,0.4634198516828293,0.5136908157444381,0.5143206883437916,0.03278928462754381
2015-10-08,0.4851682829435254,0.5054905875641758,0.5297347404449515,0.5447090701654307,0.5172561323445521,0.553622361665716,0.5142001466873116,0.5119675793877163,0.032230709968514674
2015-10-09,0.4794637763833428,0.4851682829435254,0.5054905875641758,0.5297347404449515,0.5447090701654307,0.5172561323445521,0.516492135930242,0.5100304240349877,0.028355236285300348
2015-10-11,0.4734027381631489,0.4794637763833428,0.4851682829435254,0.5054905875641758,0.5297347404449515,0.5447090701654307,0.5050321897155896,0.5087706788362806,0.027027290266308585
2015-10-12,0.4598545350827153,0.4734027381631489,0.4794637763833428,0.4851682829435254,0.5054905875641758,0.5297347404449515,0.4968319615353272,0.508081384293592,0.031101275493963156
2015-11-02,0.558970336565887,0.4598545350827153,0.4734027381631489,0.4794637763833428,0.4851682829435254,0.5054905875641758,0.49886928530682095,0.5109455219623502,0.03498485702824119
2015-11-03,0.5122646891043925,0.558970336565887,0.4598545350827153,0.4734027381631489,0.4794637763833428,0.4851682829435254,0.49637356368674107,0.5107316029663435,0.03298181687157431
2015-11-05,0.5390045636052482,0.5122646891043925,0.558970336565887,0.4598545350827153,0.4734027381631489,0.4794637763833428,0.5011612745497515,0.5129896368130823,0.03674377105355384
2015-11-06,0.5204649172846548,0.5390045636052482,0.5122646891043925,0.558970336565887,0.4598545350827153,0.4734027381631489,0.5062036508841985,0.5123954173797299,0.03660488172372753
2015-11-08,0.500499144324016,0.5204649172846548,0.5390045636052482,0.5122646891043925,0.558970336565887,0.4598545350827153,0.5092087034471519,0.5105771059136718,0.034865963145737
2015-11-09,0.4744723331431831,0.500499144324016,0.5204649172846548,0.5390045636052482,0.5122646891043925,0.558970336565887,0.5093615027300139,0.5085211066742726,0.0346847640785515
2015-11-11,0.4694808899030233,0.4744723331431831,0.500499144324016,0.5204649172846548,0.5390045636052482,0.5122646891043925,0.5107366962757721,0.506595835710211,0.032517898886398555
2015-11-12,0.4509412435824301,0.4694808899030233,0.4744723331431831,0.500499144324016,0.5204649172846548,0.5390045636052482,0.4953039687067068,0.505324206122837,0.03142798920690213
2015-12-01,0.5436394751853965,0.4509412435824301,0.4694808899030233,0.4744723331431831,0.500499144324016,0.5204649172846548,0.49978608100399313,0.5075703555809089,0.036134795947856804
2015-12-02,0.5568311466058187,0.5436394751853965,0.4509412435824301,0.4694808899030233,0.4744723331431831,0.500499144324016,0.5023327357183603,0.5090915573302909,0.039801576286816506
2015-12-03,0.5136908157444381,0.5568311466058187,0.5436394751853965,0.4509412435824301,0.4694808899030233,0.4744723331431831,0.5013650069269008,0.5108029092983456,0.03936721844784192
2015-12-05,0.5415002852253281,0.5136908157444381,0.5568311466058187,0.5436394751853965,0.4509412435824301,0.4694808899030233,0.5072223127699454,0.5110643658490207,0.04216752690912952
2015-12-06,0.5226041072447234,0.5415002852253281,0.5136908157444381,0.5568311466058187,0.5436394751853965,0.4509412435824301,0.5140982804987368,0.5098283894276477,0.03979465597299093
2015-12-08,0.5022818026240731,0.5226041072447234,0.5415002852253281,0.5136908157444381,0.5568311466058187,0.5436394751853965,0.5187841251731725,0.5091628636622932,0.03534804447126123
2015-12-10,0.5236737022247576,0.5022818026240731,0.5226041072447234,0.5415002852253281,0.5136908157444381,0.5568311466058187,0.5291744764077908,0.5087587944476136,0.018984384273266344
2015-12-11,0.4676982316029663,0.5236737022247576,0.5022818026240731,0.5226041072447234,0.5415002852253281,0.5136908157444381,0.5183257273245865,0.5066909108195474,0.02860263993172837
2016-01-02,0.4655590416428979,0.4676982316029663,0.5236737022247576,0.5022818026240731,0.5226041072447234,0.5415002852253281,0.5052868551870263,0.5054430500095075,0.028925872397831672
2016-01-03,0.4890901312036509,0.4655590416428979,0.4676982316029663,0.5236737022247576,0.5022818026240731,0.5226041072447234,0.5017724716811996,0.5057045065601825,0.029227520246663634
2016-01-04,0.5029948659440959,0.4890901312036509,0.4655590416428979,0.4676982316029663,0.5236737022247576,0.5022818026240731,0.4962716974981664,0.5049795588514927,0.023582737687634622
2016-01-06,0.5233171705647461,0.5029948659440959,0.4890901312036509,0.4655590416428979,0.4676982316029663,0.5236737022247576,0.4963735636867411,0.5063700323255371,0.023716598527735066
2016-01-07,0.6406160867084997,0.5233171705647461,0.5029948659440959,0.4890901312036509,0.4655590416428979,0.4676982316029663,0.5161356042702306,0.5122765734930596,0.05973844755617603
2016-01-08,0.6858956075299487,0.6406160867084997,0.5233171705647461,0.5029948659440959,0.4890901312036509,0.4655590416428979,0.5393101621709723,0.516685681688534,0.08795293016460136
2016-01-09,0.6195807187678265,0.6858956075299487,0.6406160867084997,0.5233171705647461,0.5029948659440959,0.4890901312036509,0.5610076603373809,0.5200965012359764,0.08605611659178952
2016-01-11,0.6049629207073588,0.6195807187678265,0.6858956075299487,0.6406160867084997,0.5233171705647461,0.5029948659440959,0.5809225002037325,0.5221049629207074,0.07580605889631412
2016-01-12,0.5357957786651455,0.6049629207073588,0.6195807187678265,0.6858956075299487,0.6406160867084997,0.5233171705647461,0.5875947355553744,0.5223069975280471,0.06803302791155771
2016-02-02,0.4630633200228179,0.5357957786651455,0.6049629207073588,0.6195807187678265,0.6858956075299487,0.6406160867084997,0.5818902289951919,0.5208927552766686,0.07734565606367254
2016-02-03,0.4830290929834569,0.4630633200228179,0.5357957786651455,0.6049629207073588,0.6195807187678265,0.6858956075299487,0.576134789340722,0.5208214489446663,0.08367093134400604
2016-02-06,0.5243867655447804,0.4830290929834569,0.4630633200228179,0.5357957786651455,0.6049629207073588,0.6195807187678265,0.5595306006030478,0.5223188819167143,0.08020294589658139
2016-02-08,0.6930262407301769,0.5243867655447804,0.4830290929834569,0.4630633200228179,0.5357957786651455,0.6049629207073588,0.5605492624887947,0.5296396653356151,0.08209829721741461
2016-02-09,0.6231460353679407,0.6930262407301769,0.5243867655447804,0.4830290929834569,0.4630633200228179,0.5357957786651455,0.5610585934316682,0.5350827153451226,0.08253545667811325
2016-02-11,0.6156588705077011,0.6231460353679407,0.6930262407301769,0.5243867655447804,0.4830290929834569,0.4630633200228179,0.5625865862602886,0.5369723331431832,0.08357617944431162
2016-02-12,0.5375784369652026,0.6156588705077011,0.6231460353679407,0.6930262407301769,0.5243867655447804,0.4830290929834569,0.5628412517317252,0.5378161247385435,0.08348360398015847
2016-03-02,0.4684112949229891,0.5375784369652026,0.6156588705077011,0.6231460353679407,0.6930262407301769,0.5243867655447804,0.5636052481460354,0.5354630157824681,0.08243620569288758
2016-03-03,0.488377067883628,0.4684112949229891,0.5375784369652026,0.6156588705077011,0.6231460353679407,0.6930262407301769,0.5643692445603455,0.534393420802434,0.08158537914908755
2016-03-05,0.5782230462065031,0.488377067883628,0.4684112949229891,0.5375784369652026,0.6156588705077011,0.6231460353679407,0.5720601417977346,0.5369842175318502,0.0797039568601737
2016-03-06,0.5286651454649174,0.5782230462065031,0.488377067883628,0.4684112949229891,0.5375784369652026,0.6156588705077011,0.5485799853312688,0.5387906446092413,0.05987129086211319
2016-03-08,0.6887478608100399,0.5286651454649174,0.5782230462065031,0.488377067883628,0.4684112949229891,0.5375784369652026,0.5579516746801402,0.5460995436394751,0.07635396342733086
2016-03-10,0.6384768967484312,0.6887478608100399,0.5286651454649174,0.5782230462065031,0.488377067883628,0.4684112949229891,0.5612113927145301,0.552350732078342,0.07964439402074919
2016-03-11,0.5989018824871649,0.6384768967484312,0.6887478608100399,0.5286651454649174,0.5782230462065031,0.488377067883628,0.5699718849319534,0.5541928123217341,0.07998355023399574
2016-04-01,0.4537934968625213,0.5989018824871649,0.6384768967484312,0.6887478608100399,0.5286651454649174,0.5782230462065031,0.5678836280661723,0.5507582239969576,0.08320311346586837
2016-04-02,0.4801768397033656,0.4537934968625213,0.5989018824871649,0.6384768967484312,0.6887478608100399,0.5286651454649174,0.5667121668975633,0.5496410914622553,0.08455582959052924
2016-04-03,0.5047775242441529,0.4801768397033656,0.4537934968625213,0.5989018824871649,0.6384768967484312,0.6887478608100399,0.5562199494743705,0.5484169994295492,0.08739843928755975
2016-04-04,0.4880205362236167,0.5047775242441529,0.4801768397033656,0.4537934968625213,0.5989018824871649,0.6384768967484312,0.5504135767256132,0.5472642137288458,0.0908174158515065
2016-04-05,0.5671705647461495,0.4880205362236167,0.5047775242441529,0.4801768397033656,0.4537934968625213,0.5989018824871649,0.5330453915736288,0.5494271724662484,0.06894401549775389
2016-04-07,0.6805476326297776,0.5671705647461495,0.4880205362236167,0.5047775242441529,0.4801768397033656,0.4537934968625213,0.5390554966995355,0.554656303479749,0.08052734827944874
2016-04-08,0.6734169994295494,0.6805476326297776,0.5671705647461495,0.4880205362236167,0.5047775242441529,0.4801768397033656,0.5497005134055905,0.5615135957406351,0.09361813551589793
2016-04-10,0.6227895037079292,0.6734169994295494,0.6805476326297776,0.5671705647461495,0.4880205362236167,0.5047775242441529,0.5738428000977915,0.5667546111428029,0.08626512081848012
2016-04-11,0.6071021106674274,0.6227895037079292,0.6734169994295494,0.6805476326297776,0.5671705647461495,0.4880205362236167,0.5919749816640861,0.5706883437915954,0.07602791588560037
2016-05-01,0.4541500285225328,0.6071021106674274,0.6227895037079292,0.6734169994295494,0.6805476326297776,0.5671705647461495,0.5847424822752831,0.56906018254421,0.08728079376315143
2016-05-02,0.4862378779235596,0.4541500285225328,0.6071021106674274,0.6227895037079292,0.6734169994295494,0.6805476326297776,0.5844878168038464,0.567824206122837,0.0876120140244346
2016-05-04,0.496220764403879,0.4862378779235596,0.4541500285225328,0.6071021106674274,0.6227895037079292,0.6734169994295494,0.574352131040665,0.563011028712683,0.0938325196363406
2016-05-05,0.5743011979463776,0.496220764403879,0.4862378779235596,0.4541500285225328,0.6071021106674274,0.6227895037079292,0.5591740689430365,0.5592912150598972,0.08158549043893172
2016-05-07,0.6580861380490588,0.5743011979463776,0.496220764403879,0.4862378779235596,0.4541500285225328,0.6071021106674274,0.5569839458886806,0.5605747290359384,0.07814060753613951
2016-05-08,0.6755561893896178,0.6580861380490588,0.5743011979463776,0.496220764403879,0.4862378779235596,0.4541500285225328,0.5645220438432076,0.5629278379920137,0.08752806437579572
2016-05-09,0.6484597832287508,0.6755561893896178,0.6580861380490588,0.5743011979463776,0.496220764403879,0.4862378779235596,0.5704302827805395,0.5666833048108005,0.0921548545576563
2016-05-10,0.5892755276668569,0.6484597832287508,0.6755561893896178,0.6580861380490588,0.5743011979463776,0.496220764403879,0.5897339255154429,0.5708903783989352,0.0765732053614031
2016-05-12,0.5472047917855106,0.5892755276668569,0.6484597832287508,0.6755561893896178,0.6580861380490588,0.5743011979463776,0.5984434846385788,0.5730295683590036,0.06550704171277938
2016-06-01,0.4539717626925271,0.5472047917855106,0.5892755276668569,0.6484597832287508,0.6755561893896178,0.6580861380490588,0.5924079129655285,0.5706824015972618,0.07736777119241452
2016-06-04,0.4919423844837421,0.4539717626925271,0.5472047917855106,0.5892755276668569,0.6484597832287508,0.6755561893896178,0.5806423681851519,0.5639796063890473,0.08632410352095322
2016-06-05,0.5718054763262977,0.4919423844837421,0.4539717626925271,0.5472047917855106,0.5892755276668569,0.6484597832287508,0.5683165593676147,0.5622682544209925,0.07929709885206344
2016-06-06,0.5393610952652595,0.5718054763262977,0.4919423844837421,0.4539717626925271,0.5472047917855106,0.5892755276668569,0.5488601173498492,0.5597249952462444,0.06379183335965459
2016-06-07,0.6830433542498574,0.5393610952652595,0.5718054763262977,0.4919423844837421,0.4539717626925271,0.5472047917855106,0.5538006274957217,0.5645738258223997,0.0734059206951095
2016-06-09,0.6534512264689105,0.6830433542498574,0.5393610952652595,0.5718054763262977,0.4919423844837421,0.4539717626925271,0.5629685844674436,0.5707418235405971,0.08207109564974348
2016-06-10,0.5878494010268113,0.6534512264689105,0.6830433542498574,0.5393610952652595,0.5718054763262977,0.4919423844837421,0.5687749572162007,0.5740575679787032,0.08220761174039319
2016-06-12,0.5532658300057045,0.5878494010268113,0.6534512264689105,0.6830433542498574,0.5393610952652595,0.5718054763262977,0.5829598239752262,0.57322566077201,0.06608181167758026
2016-07-01,0.4548630918425555,0.5532658300057045,0.5878494010268113,0.6534512264689105,0.6830433542498574,0.5393610952652595,0.5776627821693424,0.5707655923179312,0.07541996081473543
2016-07-03,0.5129777524244153,0.4548630918425555,0.5532658300057045,0.5878494010268113,0.6534512264689105,0.6830433542498574,0.5692588216119306,0.564906588705077,0.07935624540197074
2016-07-04,0.4972903593839132,0.5129777524244153,0.4548630918425555,0.5532658300057045,0.5878494010268113,0.6534512264689105,0.5632487164860239,0.5602003707929265,0.08348374899262415
2016-07-06,0.5361523103251569,0.4972903593839132,0.5129777524244153,0.4548630918425555,0.5532658300057045,0.5878494010268113,0.5422642816396382,0.5581087183875262,0.06470220568663289
2016-07-07,0.6659298345693098,0.5361523103251569,0.4972903593839132,0.5129777524244153,0.4548630918425555,0.5532658300057045,0.5440469399396953,0.5651799296444191,0.06834549450027473
2016-07-09,0.6648602395892756,0.6659298345693098,0.5361523103251569,0.4972903593839132,0.5129777524244153,0.4548630918425555,0.5550484883057616,0.5713360429739496,0.08150316867122116
2016-07-10,0.5725185396463206,0.6648602395892756,0.6659298345693098,0.5361523103251569,0.4972903593839132,0.5129777524244153,0.5577988753972781,0.5735940768206883,0.08175743741892016
2016-07-11,0.6042498573873359,0.5725185396463206,0.6648602395892756,0.6659298345693098,0.5361523103251569,0.4972903593839132,0.5791398419036753,0.5774683875261457,0.06889549050515757
2016-07-12,0.5525527666856817,0.6042498573873359,0.5725185396463206,0.6648602395892756,0.6659298345693098,0.5361523103251569,0.5847934153695704,0.5769811275907968,0.06401203260002923
2016-08-01,0.455219623502567,0.5525527666856817,0.6042498573873359,0.5725185396463206,0.6648602395892756,0.6659298345693098,0.5787833102436639,0.569470193953223,0.07468263418416697
2016-08-02,0.4873074729035938,0.455219623502567,0.5525527666856817,0.6042498573873359,0.5725185396463206,0.6648602395892756,0.5718054763262977,0.5632665430690246,0.0813168397810723
2016-08-03,0.5129777524244153,0.4873074729035938,0.455219623502567,0.5525527666856817,0.6042498573873359,0.5725185396463206,0.549955178877027,0.559606151359574,0.07180277198264437
2016-08-04,0.4951511694238448,0.5129777524244153,0.4873074729035938,0.455219623502567,0.5525527666856817,0.6042498573873359,0.5257110259962513,0.5558744533181214,0.05263028630434487
2016-08-06,0.5518397033656589,0.4951511694238448,0.5129777524244153,0.4873074729035938,0.455219623502567,0.5525527666856817,0.5227569065275853,0.5591307758128922,0.05008386119465198
2016-08-07,0.6577296063890473,0.5518397033656589,0.4951511694238448,0.5129777524244153,0.4873074729035938,0.455219623502567,0.530396870670687,0.5648471667617418,0.06610383778104763
2016-08-08,0.655590416428979,0.6577296063890473,0.5518397033656589,0.4951511694238448,0.5129777524244153,0.4873074729035938,0.5451165349197294,0.5701594884959118,0.08153134855008509
2016-08-09,0.6652167712492869,0.655590416428979,0.6577296063890473,0.5518397033656589,0.4951511694238448,0.5129777524244153,0.5751161274549751,0.5731900076060087,0.08157506563127152
2016-08-11,0.6056759840273818,0.6652167712492869,0.655590416428979,0.6577296063890473,0.5518397033656589,0.4951511694238448,0.5920259147583734,0.5714430024719529,0.07205195656556505
2016-08-12,0.5653879064460924,0.6056759840273818,0.6652167712492869,0.655590416428979,0.6577296063890473,0.5518397033656589,0.599513079618613,0.5677707263738353,0.06482987316111159
2016-09-02,0.5015687393040502,0.5653879064460924,0.6056759840273818,0.6652167712492869,0.655590416428979,0.6577296063890473,0.6004298753157852,0.5628743582430119,0.06313118170948546
2016-09-03,0.4990730176839703,0.5015687393040502,0.5653879064460924,0.6056759840273818,0.6652167712492869,0.655590416428979,0.5928917773612582,0.559867607910249,0.07237371064788806
2016-09-05,0.5725185396463206,0.4990730176839703,0.5015687393040502,0.5653879064460924,0.6056759840273818,0.6652167712492869,0.5807187678265829,0.5607113995056093,0.06658525058361768
2016-09-06,0.5625356531660012,0.5725185396463206,0.4990730176839703,0.5015687393040502,0.5653879064460924,0.6056759840273818,0.5674252302175862,0.5643301958547252,0.057863933025223885
2016-09-08,0.6570165430690246,0.5625356531660012,0.5725185396463206,0.4990730176839703,0.5015687393040502,0.5653879064460924,0.5662537690489773,0.5698326678075679,0.05559259552477616
2016-09-09,0.6466771249286937,0.6570165430690246,0.5625356531660012,0.5725185396463206,0.4990730176839703,0.5015687393040502,0.5721110748920218,0.5723283894276479,0.06220512971621573
2016-09-11,0.6252852253280091,0.6466771249286937,0.6570165430690246,0.5625356531660012,0.5725185396463206,0.4990730176839703,0.5806678347322957,0.5751925270964062,0.06517493291897213
2016-09-12,0.558970336565887,0.6252852253280091,0.6466771249286937,0.6570165430690246,0.5625356531660012,0.5725185396463206,0.5888680629125581,0.5710567598402739,0.05661277773849744
2016-10-02,0.4937250427837992,0.558970336565887,0.6252852253280091,0.6466771249286937,0.6570165430690246,0.5625356531660012,0.588104066498248,0.5657325537174368,0.058044520151318356
2016-10-03,0.4990730176839703,0.4937250427837992,0.558970336565887,0.6252852253280091,0.6466771249286937,0.6570165430690246,0.5776118490750549,0.5627733409393422,0.06724087365349313
2016-10-05,0.5621791215059897,0.4990730176839703,0.4937250427837992,0.558970336565887,0.6252852253280091,0.6466771249286937,0.5775609159807676,0.5630704506560182,0.06725433043800019
2016-10-06,0.5721620079863092,0.5621791215059897,0.4990730176839703,0.4937250427837992,0.558970336565887,0.6252852253280091,0.5654388395403798,0.5669804145274767,0.05748363266609117
2016-10-08,0.679656303479749,0.5721620079863092,0.5621791215059897,0.4990730176839703,0.4937250427837992,0.558970336565887,0.5701501507619591,0.5725363662293212,0.06597575694761236
2016-10-10,0.588562464346834,0.679656303479749,0.5721620079863092,0.5621791215059897,0.4990730176839703,0.4937250427837992,0.5649040420503627,0.5755787697280852,0.062213728759158954
2016-10-11,0.6231460353679407,0.588562464346834,0.679656303479749,0.5721620079863092,0.5621791215059897,0.4990730176839703,0.5740719990220846,0.5784785605628446,0.06581773970125132
2016-11-01,0.4527239018824872,0.6231460353679407,0.588562464346834,0.679656303479749,0.5721620079863092,0.5621791215059897,0.56821469317904,0.5713716961399505,0.075300974137968
2016-11-02,0.5126212207644039,0.4527239018824872,0.6231460353679407,0.588562464346834,0.679656303479749,0.5721620079863092,0.5701501507619591,0.5662970621791215,0.07337717759315675
2016-11-03,0.5072732458642327,0.5126212207644039,0.4527239018824872,0.6231460353679407,0.588562464346834,0.679656303479749,0.5623064542417081,0.5641222190530519,0.07720596262123763
2016-11-04,0.5094124358243013,0.5072732458642327,0.5126212207644039,0.4527239018824872,0.6231460353679407,0.588562464346834,0.5533422296471355,0.5609609716676174,0.0794802994167804
2016-11-05,0.5789361095265261,0.5094124358243013,0.5072732458642327,0.5126212207644039,0.4527239018824872,0.6231460353679407,0.5389536305109608,0.5618404164289789,0.05937632372652912
2016-11-07,0.684469480889903,0.5789361095265261,0.5094124358243013,0.5072732458642327,0.5126212207644039,0.4527239018824872,0.5526546328742564,0.5694820783418901,0.0801593111375753
2016-11-08,0.6751996577296064,0.684469480889903,0.5789361095265261,0.5094124358243013,0.5072732458642327,0.5126212207644039,0.5600908646402086,0.5757451511694238,0.08964211571896757
2016-11-10,0.5778665145464917,0.6751996577296064,0.684469480889903,0.5789361095265261,0.5094124358243013,0.5072732458642327,0.5779683807350665,0.5779081099068264,0.07611977779477555
2016-11-11,0.6174415288077582,0.5778665145464917,0.6751996577296064,0.684469480889903,0.5789361095265261,0.5094124358243013,0.5929427104555457,0.5819844552196235,0.071278313295665
2016-12-01,0.4495151169423845,0.6174415288077582,0.5778665145464917,0.6751996577296064,0.684469480889903,0.5789361095265261,0.584691549180996,0.578573635672181,0.08489133589341716
2016-12-02,0.5122646891043925,0.4495151169423845,0.6174415288077582,0.5778665145464917,0.6751996577296064,0.684469480889903,0.5850990139352946,0.5737248050960259,0.08447561425121226
2016-12-04,0.5236737022247576,0.5122646891043925,0.4495151169423845,0.6174415288077582,0.5778665145464917,0.6751996577296064,0.5772043843207563,0.5693275812892186,0.0876694432793315
2016-12-05,0.5689532230462065,0.5236737022247576,0.5122646891043925,0.4495151169423845,0.6174415288077582,0.5778665145464917,0.5607020617716568,0.5661187963491158,0.07390487341084287
2016-12-07,0.6801911009697662,0.5689532230462065,0.5236737022247576,0.5122646891043925,0.4495151169423845,0.6174415288077582,0.5614151250916796,0.5686026335805286,0.07520633137850957
2016-12-08,0.6630775812892186,0.6801911009697662,0.5689532230462065,0.5236737022247576,0.5122646891043925,0.4495151169423845,0.5735881346263548,0.5718589560752996,0.08462001864579548
2016-12-09,0.6220764403879064,0.6630775812892186,0.6801911009697662,0.5689532230462065,0.5236737022247576,0.5122646891043925,0.5742502648520904,0.5758758794447613,0.0850374545254756
2016-12-10,0.5764403879064461,0.6220764403879064,0.6630775812892186,0.6801911009697662,0.5689532230462065,0.5236737022247576,0.5923824464183848,0.5784547917855106,0.06523383514902296
2016-12-12,0.5557615516257843,0.5764403879064461,0.6220764403879064,0.6630775812892186,0.6801911009697662,0.5689532230462065,0.5985962839214408,0.5778962255181594,0.05800096544065112
2017-01-02,0.5821448944666288,0.5557615516257843,0.5764403879064461,0.6220764403879064,0.6630775812892186,0.6801911009697662,0.6069493113845653,0.5785498668948469,0.04891065910512305
2017-01-03,0.6081717056474615,0.5821448944666288,0.5557615516257843,0.5764403879064461,0.6220764403879064,0.6630775812892186,0.6125519517561732,0.5769217056474615,0.045991991892371714
2017-01-06,0.5653879064460924,0.6081717056474615,0.5821448944666288,0.5557615516257843,0.5764403879064461,0.6220764403879064,0.5961514953956483,0.5742120650313749,0.03754585594355765
2017-01-08,0.5514831717056474,0.5653879064460924,0.6081717056474615,0.5821448944666288,0.5557615516257843,0.5764403879064461,0.5802094368837095,0.5717519965772961,0.026442583560931255
2017-01-09,0.5785795778665146,0.5514831717056474,0.5653879064460924,0.6081717056474615,0.5821448944666288,0.5557615516257843,0.5739955993806536,0.5724056379539836,0.019038510860253006
2017-01-11,0.5586138049058758,0.5785795778665146,0.5514831717056474,0.5653879064460924,0.6081717056474615,0.5821448944666288,0.5714489446662865,0.5745685966913862,0.019832691166122855
2017-01-12,0.5400741585852824,0.5586138049058758,0.5785795778665146,0.5514831717056474,0.5653879064460924,0.6081717056474615,0.5692078885176433,0.5759353013880966,0.022594764902283706
2017-02-02,0.5860667427267542,0.5400741585852824,0.5586138049058758,0.5785795778665146,0.5514831717056474,0.5653879064460924,0.569768152554804,0.5767315554287887,0.02301375667478565
2017-02-03,0.6081717056474615,0.5860667427267542,0.5400741585852824,0.5586138049058758,0.5785795778665146,0.5514831717056474,0.5697681525548041,0.5779318786841604,0.02301375667478565
2017-02-05,0.558970336565887,0.6081717056474615,0.5860667427267542,0.5400741585852824,0.5586138049058758,0.5785795778665146,0.5688513568576318,0.5739090131203651,0.02334280992590869
2017-02-06,0.567527096406161,0.558970336565887,0.6081717056474615,0.5860667427267542,0.5400741585852824,0.5586138049058758,0.5711433461005623,0.5732078341890093,0.022108248682578283
2017-02-08,0.5489874500855677,0.567527096406161,0.558970336565887,0.6081717056474615,0.5860667427267542,0.5400741585852824,0.5669158992747128,0.5707358813462636,0.02324913976027562
2017-02-10,0.5457786651454649,0.5489874500855677,0.567527096406161,0.558970336565887,0.6081717056474615,0.5860667427267542,0.5650823078803684,0.5738377067883628,0.024486249513664644
2017-02-11,0.5636052481460353,0.5457786651454649,0.5489874500855677,0.567527096406161,0.558970336565887,0.6081717056474615,0.568443892103333,0.5755371743677505,0.021966379334297497
2017-03-01,0.5233171705647461,0.5636052481460353,0.5457786651454649,0.5489874500855677,0.567527096406161,0.558970336565887,0.5594796675087605,0.5760719718577677,0.02600796609054537
2017-03-02,0.5707358813462636,0.5233171705647461,0.5636052481460353,0.5457786651454649,0.5489874500855677,0.567527096406161,0.5541316926085893,0.5781160867084998,0.016401563564320362
2017-03-03,0.5842840844266971,0.5707358813462636,0.5233171705647461,0.5636052481460353,0.5457786651454649,0.5489874500855677,0.5577479423029909,0.5782943525385054,0.020034475070770757
2017-03-04,0.6021106674272676,0.5842840844266971,0.5707358813462636,0.5233171705647461,0.5636052481460353,0.5457786651454649,0.5626884524488632,0.5755490587564176,0.026171995816573007
2017-03-05,0.5554050199657731,0.6021106674272676,0.5842840844266971,0.5707358813462636,0.5233171705647461,0.5636052481460353,0.5636052481460354,0.5715559041642898,0.02572057384229116
2017-03-07,0.5422133485453509,0.5554050199657731,0.6021106674272676,0.5842840844266971,0.5707358813462636,0.5233171705647461,0.563095917203162,0.5703674652975851,0.026163899727310265
2017-03-08,0.5418568168853394,0.5422133485453509,0.5554050199657731,0.6021106674272676,0.5842840844266971,0.5707358813462636,0.559988998451634,0.5678479749001712,0.02735740987083599
2017-03-10,0.5468482601254991,0.5418568168853394,0.5422133485453509,0.5554050199657731,0.6021106674272676,0.5842840844266971,0.5633505826745987,0.571092413006275,0.023235466973355243
2017-03-11,0.5637835139760411,0.5468482601254991,0.5418568168853394,0.5422133485453509,0.5554050199657731,0.6021106674272676,0.5623573873359955,0.5728097071686632,0.023014710103891563
2017-04-01,0.5400741585852824,0.5637835139760411,0.5468482601254991,0.5418568168853394,0.5422133485453509,0.5554050199657731,0.5560416836443648,0.5733563890473474,0.02204014040110654
2017-04-04,0.608528237307473,0.5400741585852824,0.5637835139760411,0.5468482601254991,0.5418568168853394,0.5422133485453509,0.556958479341537,0.5746755561893896,0.024294067113842924
2017-04-05,0.5429264118653737,0.608528237307473,0.5400741585852824,0.5637835139760411,0.5468482601254991,0.5418568168853394,0.55517582104148,0.5701000665525766,0.024877870919458887
2017-04-07,0.5304478037649744,0.5429264118653737,0.608528237307473,0.5400741585852824,0.5637835139760411,0.5468482601254991,0.5534950289299976,0.565679073968435,0.026258727054929334
2017-04-08,0.5500570450656018,0.5304478037649744,0.5429264118653737,0.608528237307473,0.5400741585852824,0.5637835139760411,0.5546664900986065,0.5632784274576916,0.02583244079266794
2017-04-09,0.5892755276668569,0.5500570450656018,0.5304478037649744,0.5429264118653737,0.608528237307473,0.5400741585852824,0.5607275283188005,0.5637062654497053,0.028528925249010417
2017-04-10,0.5545136908157444,0.5892755276668569,0.5500570450656018,0.5304478037649744,0.5429264118653737,0.608528237307473,0.5594032678673295,0.5636646700893706,0.028578530762198528
2017-04-12,0.5368653736451796,0.5545136908157444,0.5892755276668569,0.5500570450656018,0.5304478037649744,0.5429264118653737,0.5589448700187434,0.5621553527286557,0.02896338445167722
2017-05-01,0.5461351968054764,0.5368653736451796,0.5545136908157444,0.5892755276668569,0.5500570450656018,0.5304478037649744,0.5500315785184582,0.5600874691005895,0.019073174407756643
2017-05-04,0.6056759840273818,0.5461351968054764,0.5368653736451796,0.5545136908157444,0.5892755276668569,0.5500570450656018,0.5589958031130308,0.5614304050199658,0.027886768383147926
2017-05-05,0.5347261836851113,0.6056759840273818,0.5461351968054764,0.5368653736451796,0.5545136908157444,0.5892755276668569,0.559607000244479,0.5608718387526146,0.02719510474330817
2017-05-06,0.5792926411865373,0.5347261836851113,0.6056759840273818,0.5461351968054764,0.5368653736451796,0.5545136908157444,0.5637835139760411,0.5608956075299487,0.027723823325582268
2017-05-07,0.5233171705647461,0.5792926411865373,0.5347261836851113,0.6056759840273818,0.5461351968054764,0.5368653736451796,0.5543608915328824,0.559719053051911,0.028803482919757362
2017-05-09,0.5921277809469481,0.5233171705647461,0.5792926411865373,0.5347261836851113,0.6056759840273818,0.5461351968054764,0.5597343329801973,0.5614541737972999,0.03215079378836517
2017-05-10,0.5486309184255562,0.5921277809469481,0.5233171705647461,0.5792926411865373,0.5347261836851113,0.6056759840273818,0.5614151250916796,0.56020631298726,0.031044490456395128
2017-05-12,0.5352609811751284,0.5486309184255562,0.5921277809469481,0.5233171705647461,0.5792926411865373,0.5347261836851113,0.5598616657159157,0.5577759555048488,0.03218755636767716
2017-06-01,0.5411437535653166,0.5352609811751284,0.5486309184255562,0.5921277809469481,0.5233171705647461,0.5792926411865373,0.5506427756499063,0.5571817360714965,0.025405792135270486
2017-06-02,0.5821448944666288,0.5411437535653166,0.5352609811751284,0.5486309184255562,0.5921277809469481,0.5233171705647461,0.557416877190123,0.5576689960068454,0.02674120438746282
2017-06-03,0.5896320593268682,0.5821448944666288,0.5411437535653166,0.5352609811751284,0.5486309184255562,0.5921277809469481,0.558893936924456,0.5590238163148887,0.028385879834927602
2017-06-04,0.6042498573873359,0.5896320593268682,0.5821448944666288,0.5411437535653166,0.5352609811751284,0.5486309184255562,0.5704557493276832,0.5609728560562846,0.02795911812542094
2017-06-06,0.5807187678265829,0.6042498573873359,0.5896320593268682,0.5821448944666288,0.5411437535653166,0.5352609811751284,0.5688258903104881,0.5615433067123027,0.026793442075124383
2017-06-07,0.5254563605248147,0.5807187678265829,0.6042498573873359,0.5896320593268682,0.5821448944666288,0.5411437535653166,0.5655152391818108,0.5616146130443052,0.030832038470625597
2017-06-09,0.5882059326868226,0.5254563605248147,0.5807187678265829,0.6042498573873359,0.5896320593268682,0.5821448944666288,0.5730788036834814,0.5621969480889903,0.02858549301636454
2017-06-10,0.5473830576155163,0.5882059326868226,0.5254563605248147,0.5807187678265829,0.6042498573873359,0.5896320593268682,0.57397013283351,0.560966913861951,0.02750043979131839
2017-06-11,0.5577224757558471,0.5473830576155163,0.5882059326868226,0.5254563605248147,0.5807187678265829,0.6042498573873359,0.5704812158748268,0.5594873074729035,0.02783761536194773
2017-06-12,0.5291999429549343,0.5577224757558471,0.5473830576155163,0.5882059326868226,0.5254563605248147,0.5807187678265829,0.561848056393122,0.5586138049058758,0.030180748733656674
2017-07-02,0.5821448944666288,0.5291999429549343,0.5577224757558471,0.5473830576155163,0.5882059326868226,0.5254563605248147,0.5586902045473067,0.559944856436585,0.025850565032551735
2017-07-03,0.5857102110667427,0.5821448944666288,0.5291999429549343,0.5577224757558471,0.5473830576155163,0.5882059326868226,0.5594032678673295,0.5614066362426317,0.02661695641280156
2017-07-04,0.6106674272675413,0.5857102110667427,0.5821448944666288,0.5291999429549343,0.5577224757558471,0.5473830576155163,0.5715762774020048,0.563533941814033,0.0279556810119631
2017-07-06,0.5821448944666288,0.6106674272675413,0.5857102110667427,0.5821448944666288,0.5291999429549343,0.5577224757558471,0.5707104147991199,0.564145987830386,0.02744395139945254
2017-07-07,0.5193953223046207,0.5821448944666288,0.6106674272675413,0.5857102110667427,0.5821448944666288,0.5291999429549343,0.5667121668975634,0.5634566932876973,0.032904391882808415
2017-07-08,0.5297347404449515,0.5193953223046207,0.5821448944666288,0.6106674272675413,0.5857102110667427,0.5821448944666288,0.5627139189960069,0.5608302433922799,0.03575567005693724
2017-07-09,0.5889189960068454,0.5297347404449515,0.5193953223046207,0.5821448944666288,0.6106674272675413,0.5857102110667427,0.571245212289137,0.562363329530329,0.03347846661565175
2017-07-11,0.5609312606959498,0.5889189960068454,0.5297347404449515,0.5193953223046207,0.5821448944666288,0.6106674272675413,0.56821469317904,0.5633794447613615,0.03328696582991483
2017-07-12,0.5218910439247005,0.5609312606959498,0.5889189960068454,0.5297347404449515,0.5193953223046207,0.5821448944666288,0.5590976693016054,0.5624405780566647,0.03629986002815005
2017-08-02,0.5871363377067883,0.5218910439247005,0.5609312606959498,0.5889189960068454,0.5297347404449515,0.5193953223046207,0.5557360850786407,0.5623692717246626,0.031500540413972086
2017-08-03,0.5750142612664004,0.5871363377067883,0.5218910439247005,0.5609312606959498,0.5889189960068454,0.5297347404449515,0.5547174231928939,0.5630526240730178,0.030606816881773906
2017-08-05,0.5386480319452367,0.5750142612664004,0.5871363377067883,0.5218910439247005,0.5609312606959498,0.5889189960068454,0.5574678102844104,0.563112046016353,0.027623316110498907
2017-08-06,0.5821448944666288,0.5386480319452367,0.5750142612664004,0.5871363377067883,0.5218910439247005,0.5609312606959498,0.56495497514465,0.5643123692717247,0.025902758589091066
2017-08-08,0.5390045636052482,0.5821448944666288,0.5386480319452367,0.5750142612664004,0.5871363377067883,0.5218910439247005,0.5578243419444219,0.5620899885909869,0.025063072003366618
2017-08-09,0.6038933257273247,0.5390045636052482,0.5821448944666288,0.5386480319452367,0.5750142612664004,0.5871363377067883,0.5639617798060468,0.5643955599923939,0.030599473817913975
2017-08-11,0.5605747290359384,0.6038933257273247,0.5390045636052482,0.5821448944666288,0.5386480319452367,0.5750142612664004,0.5694880205362237,0.5637716295873739,0.02464993822394363
2017-08-12,0.5188605248146035,0.5605747290359384,0.6038933257273247,0.5390045636052482,0.5821448944666288,0.5386480319452367,0.5597343329801973,0.5636230747290359,0.029528110911951937
2017-09-01,0.5436394751853965,0.5188605248146035,0.5605747290359384,0.6038933257273247,0.5390045636052482,0.5821448944666288,0.555252220682911,0.5620067978703175,0.02920159507246192
2017-09-02,0.5862450085567599,0.5436394751853965,0.5188605248146035,0.5605747290359384,0.6038933257273247,0.5390045636052482,0.5620517887702714,0.5632606008746911,0.030214824898799474
2017-09-03,0.5657444381061039,0.5862450085567599,0.5436394751853965,0.5188605248146035,0.5605747290359384,0.6038933257273247,0.5597088664330536,0.5642767161057235,0.029008882631116888
2017-09-05,0.5329435253850542,0.5657444381061039,0.5862450085567599,0.5436394751853965,0.5188605248146035,0.5605747290359384,0.5588430038301687,0.5640033751663814,0.02980927967522928
2017-09-06,0.5732316029663435,0.5329435253850542,0.5657444381061039,0.5862450085567599,0.5436394751853965,0.5188605248146035,0.5544627577214571,0.5637062654497053,0.023716215686003517
2017-09-08,0.5461351968054764,0.5732316029663435,0.5329435253850542,0.5657444381061039,0.5862450085567599,0.5436394751853965,0.5523999674028197,0.5622563700323256,0.023723967026897524
2017-09-10,0.5579007415858529,0.5461351968054764,0.5732316029663435,0.5329435253850542,0.5657444381061039,0.5862450085567599,0.5579771412272839,0.5607113995056096,0.018549887247484586
2017-09-11,0.5643183114660583,0.5579007415858529,0.5461351968054764,0.5732316029663435,0.5329435253850542,0.5657444381061039,0.5609312606959499,0.5601647176269253,0.01750306602183693
2017-10-01,0.5488091842555619,0.5643183114660583,0.5579007415858529,0.5461351968054764,0.5732316029663435,0.5329435253850542,0.5555832857957788,0.5609431450846168,0.013808795377853999
2017-10-02,0.5828579577866515,0.5488091842555619,0.5643183114660583,0.5579007415858529,0.5461351968054764,0.5732316029663435,0.5580280743215712,0.5607648792546112,0.017043653550563333
2017-10-03,0.5568311466058187,0.5828579577866515,0.5488091842555619,0.5643183114660583,0.5579007415858529,0.5461351968054764,0.5614405916388233,0.5610798155542879,0.013125026207174836
2017-10-04,0.5942669709070166,0.5568311466058187,0.5828579577866515,0.5488091842555619,0.5643183114660583,0.5579007415858529,0.5644456442017767,0.5622979653926603,0.01783689397019987
2017-10-05,0.535439247005134,0.5942669709070166,0.5568311466058187,0.5828579577866515,0.5488091842555619,0.5643183114660583,0.5629176513731562,0.5625059421943335,0.019994515826893787
2017-10-07,0.4972903593839132,0.535439247005134,0.5942669709070166,0.5568311466058187,0.5828579577866515,0.5488091842555619,0.5542590253443077,0.5596774576915763,0.03203033306098755
2017-10-08,0.5636052481460353,0.4972903593839132,0.535439247005134,0.5942669709070166,0.5568311466058187,0.5828579577866515,0.554157159155733,0.5589406255942195,0.03199412295595454
2017-10-10,0.565031374786081,0.5636052481460353,0.4972903593839132,0.535439247005134,0.5942669709070166,0.5568311466058187,0.5564746149458072,0.5574194238448374,0.03212941783629195
2017-10-11,0.5607529948659441,0.565031374786081,0.5636052481460353,0.4972903593839132,0.535439247005134,0.5942669709070166,0.5533167630999919,0.5567063605248147,0.03012810564992124
2017-11-01,0.5532658300057045,0.5607529948659441,0.565031374786081,0.5636052481460353,0.4972903593839132,0.535439247005134,0.5528074321571184,0.5578353774481841,0.03008890237558633
2017-11-04,0.5942669709070166,0.5532658300057045,0.5607529948659441,0.565031374786081,0.5636052481460353,0.4972903593839132,0.5528074321571184,0.5599864517969196,0.03008890237558633
2017-11-05,0.5382915002852254,0.5942669709070166,0.5532658300057045,0.5607529948659441,0.565031374786081,0.5636052481460353,0.5532148969114171,0.5582988686061989,0.029832723942451858
2017-11-07,0.5076297775242442,0.5382915002852254,0.5942669709070166,0.5532658300057045,0.5607529948659441,0.565031374786081,0.5546919566457501,0.5565221525004754,0.02669308830835343
2017-11-08,0.5639617798060468,0.5076297775242442,0.5382915002852254,0.5942669709070166,0.5532658300057045,0.5607529948659441,0.5547428897400375,0.5579245103631869,0.026713262865159907
2017-11-09,0.591058185966914,0.5639617798060468,0.5076297775242442,0.5382915002852254,0.5942669709070166,0.5532658300057045,0.5584610056230137,0.5580552386385244,0.02999379822809823
2017-11-10,0.5661009697661152,0.591058185966914,0.5639617798060468,0.5076297775242442,0.5382915002852254,0.5942669709070166,0.5592250020373238,0.5577581289218483,0.030129712900108598
2017-11-12,0.519217056474615,0.5661009697661152,0.591058185966914,0.5639617798060468,0.5076297775242442,0.5382915002852254,0.5543608915328825,0.5571104297394942,0.033779442901731856
2017-12-01,0.5575442099258414,0.519217056474615,0.5661009697661152,0.591058185966914,0.5639617798060468,0.5076297775242442,0.549114782821286,0.556290406921468,0.02907258538321869
2017-12-04,0.6074586423274386,0.5575442099258414,0.519217056474615,0.5661009697661152,0.591058185966914,0.5639617798060468,0.5589958031130308,0.5585722095455411,0.0357647682511816
2017-12-05,0.5357957786651455,0.6074586423274386,0.5575442099258414,0.519217056474615,0.5661009697661152,0.591058185966914,0.563019517561731,0.5563022913101351,0.030169389818727927
2017-12-06,0.5653879064460924,0.5357957786651455,0.6074586423274386,0.5575442099258414,0.519217056474615,0.5661009697661152,0.5632232499388803,0.5564627305571402,0.030181626176108634
2017-12-07,0.5190387906446092,0.5653879064460924,0.5357957786651455,0.6074586423274386,0.5575442099258414,0.519217056474615,0.5529347648928368,0.5564686727514736,0.031363714861418014
2017-12-09,0.5874928693667998,0.5190387906446092,0.5653879064460924,0.5357957786651455,0.6074586423274386,0.5575442099258414,0.5559907505500774,0.5579304525575205,0.03380738567028749
2017-12-10,0.5677053622361666,0.5874928693667998,0.5190387906446092,0.5653879064460924,0.5357957786651455,0.6074586423274386,0.5629176513731562,0.557312464346834,0.0297396755784482
2017-12-12,0.5172561323445521,0.5677053622361666,0.5874928693667998,0.5190387906446092,0.5653879064460924,0.5357957786651455,0.5571622117186863,0.5556961874881157,0.03447442208547825
2018-01-02,0.567527096406161,0.5172561323445521,0.5677053622361666,0.5874928693667998,0.5190387906446092,0.5653879064460924,0.5514577051585038,0.5568489731888192,0.02732771732662569
2018-01-03,0.5363305761551627,0.567527096406161,0.5172561323445521,0.5677053622361666,0.5874928693667998,0.5190387906446092,0.5515341047999348,0.5556189389617798,0.02727733502918872
2018-01-05,0.5340131203650884,0.5363305761551627,0.567527096406161,0.5172561323445521,0.5677053622361666,0.5874928693667998,0.5470519925026486,0.5552148697471002,0.027199110888545354
2018-01-06,0.5400741585852824,0.5340131203650884,0.5363305761551627,0.567527096406161,0.5172561323445521,0.5677053622361666,0.5500570450656018,0.5546206503137479,0.02462887228525566
2018-01-08,0.5063819167142042,0.5400741585852824,0.5340131203650884,0.5363305761551627,0.567527096406161,0.5172561323445521,0.538469766115231,0.5526894371553528,0.023114601306481686
2018-01-10,0.4734027381631489,0.5063819167142042,0.5400741585852824,0.5340131203650884,0.5363305761551627,0.567527096406161,0.5249979626762286,0.5501758889522723,0.029760937462896007
2018-01-11,0.4698374215630347,0.4734027381631489,0.5063819167142042,0.5400741585852824,0.5340131203650884,0.5363305761551627,0.5182238611360117,0.5464085377448185,0.03645959084908979
2018-02-01,0.5628921848260126,0.4698374215630347,0.4734027381631489,0.5063819167142042,0.5400741585852824,0.5340131203650884,0.5175617309102762,0.5466105723521582,0.03544289258186651
2018-02-02,0.5655661722760982,0.5628921848260126,0.4698374215630347,0.4734027381631489,0.5063819167142042,0.5400741585852824,0.5217382446418385,0.5456538790644608,0.039512120034631976
2018-02-03,0.540965487735311,0.5655661722760982,0.5628921848260126,0.4698374215630347,0.4734027381631489,0.5063819167142042,0.5227314399804417,0.5458380870888001,0.03995696648036252
2018-02-05,0.5375784369652026,0.540965487735311,0.5655661722760982,0.5628921848260126,0.4698374215630347,0.4734027381631489,0.5223749083204303,0.5471810230081765,0.0397872019812141
2018-02-07,0.5243867655447804,0.5375784369652026,0.540965487735311,0.5655661722760982,0.5628921848260126,0.4698374215630347,0.5249470295819412,0.5458737402548013,0.03915799148630771
2018-02-08,0.5054905875641758,0.5243867655447804,0.5375784369652026,0.540965487735311,0.5655661722760982,0.5628921848260126,0.5295310080678022,0.5438890473474044,0.033602427814727644
2018-02-10,0.4717983456930976,0.5054905875641758,0.5243867655447804,0.5375784369652026,0.540965487735311,0.5655661722760982,0.5298111400863826,0.5409238923749763,0.033025055255312165
2018-02-11,0.4830290929834569,0.4717983456930976,0.5054905875641758,0.5243867655447804,0.5375784369652026,0.540965487735311,0.5184021269660174,0.538582667807568,0.03348375475537579
2018-03-01,0.5652096406160867,0.4830290929834569,0.4717983456930976,0.5054905875641758,0.5243867655447804,0.5375784369652026,0.5183511938717301,0.5376140901312036,0.03340022205499617
2018-03-04,0.5436394751853965,0.5652096406160867,0.4830290929834569,0.4717983456930976,0.5054905875641758,0.5243867655447804,0.5187331920788851,0.5377923559612093,0.03371576887841741
2018-03-05,0.5416785510553337,0.5436394751853965,0.5652096406160867,0.4830290929834569,0.4717983456930976,0.5054905875641758,0.5193189226631897,0.5389273150789123,0.03413078548731883
2018-03-07,0.5226041072447234,0.5416785510553337,0.5436394751853965,0.5652096406160867,0.4830290929834569,0.4717983456930976,0.5190642571917529,0.5375487259935349,0.03409329976362439
2018-03-08,0.5022818026240731,0.5226041072447234,0.5416785510553337,0.5436394751853965,0.5652096406160867,0.4830290929834569,0.5186058593431667,0.5345895132154402,0.034326991097091065
2018-03-09,0.4725114090131203,0.5022818026240731,0.5226041072447234,0.5416785510553337,0.5436394751853965,0.5652096406160867,0.5187077255317415,0.5314698611903403,0.03416561694346063
2018-03-10,0.4799985738733599,0.4725114090131203,0.5022818026240731,0.5226041072447234,0.5416785510553337,0.5436394751853965,0.5182747942302991,0.5301625784369652,0.034707967101174804
2018-03-12,0.4675199657729605,0.4799985738733599,0.4725114090131203,0.5022818026240731,0.5226041072447234,0.5416785510553337,0.5043191263955668,0.5271617702985358,0.03224310271272545
2018-04-01,0.5653879064460924,0.4675199657729605,0.4799985738733599,0.4725114090131203,0.5022818026240731,0.5226041072447234,0.5074260451470948,0.5257594124358244,0.03731273574859215
2018-04-04,0.5415002852253281,0.5653879064460924,0.4675199657729605,0.4799985738733599,0.4725114090131203,0.5022818026240731,0.507400578599951,0.5259495626544971,0.037285512446448454
2018-04-05,0.5398958927552766,0.5415002852253281,0.5653879064460924,0.4675199657729605,0.4799985738733599,0.4725114090131203,0.5098708336728873,0.5250998288648032,0.03899431511619969
2018-04-06,0.5407872219053053,0.5398958927552766,0.5415002852253281,0.5653879064460924,0.4675199657729605,0.4799985738733599,0.5153716078559205,0.525824776573493,0.04043463804107706
2018-04-07,0.5267042213348546,0.5407872219053053,0.5398958927552766,0.5415002852253281,0.5653879064460924,0.4675199657729605,0.5231134381875967,0.5237984883057616,0.035780906561798075
2018-04-09,0.4627067883628066,0.5267042213348546,0.5407872219053053,0.5398958927552766,0.5415002852253281,0.5653879064460924,0.5206431831146606,0.5202985358433162,0.039642141599664206
2018-04-10,0.4762549914432402,0.4627067883628066,0.5267042213348546,0.5407872219053053,0.5398958927552766,0.5415002852253281,0.5218910439247005,0.5189318311466058,0.037785207834467836
2018-04-12,0.4732244723331432,0.4762549914432402,0.4627067883628066,0.5267042213348546,0.5407872219053053,0.5398958927552766,0.5087248390514221,0.5157884103441719,0.03612327751944031
2018-05-01,0.566279235596121,0.4732244723331432,0.4762549914432402,0.4627067883628066,0.5267042213348546,0.5407872219053053,0.5122646891043925,0.5167866989922039,0.040783803961503766
2018-05-02,0.5562963491158015,0.566279235596121,0.4732244723331432,0.4762549914432402,0.4627067883628066,0.5267042213348546,0.5146076114416104,0.5175294732838942,0.04304414529688918
2018-05-03,0.5432829435253851,0.5562963491158015,0.566279235596121,0.4732244723331432,0.4762549914432402,0.4627067883628066,0.5149641431016218,0.5176364327818976,0.04330666524595273
2018-05-04,0.5359740444951512,0.5432829435253851,0.5562963491158015,0.566279235596121,0.4732244723331432,0.4762549914432402,0.5162884035530927,0.5186228370412626,0.04386364171647961
2018-05-06,0.5388262977752425,0.5359740444951512,0.5432829435253851,0.5562963491158015,0.566279235596121,0.4732244723331432,0.5271626191834408,0.5208036223616657,0.03731251268750611
2018-05-07,0.5233171705647461,0.5388262977752425,0.5359740444951512,0.5432829435253851,0.5562963491158015,0.566279235596121,0.5338857876293701,0.5225862806617229,0.030166580774121453
2018-05-09,0.4598545350827153,0.5233171705647461,0.5388262977752425,0.5359740444951512,0.5432829435253851,0.5562963491158015,0.5319757965935946,0.5191516923369462,0.03472614359400978
2018-05-10,0.4764332572732458,0.4598545350827153,0.5233171705647461,0.5388262977752425,0.5359740444951512,0.5432829435253851,0.5191406568331839,0.5161805951701844,0.03649313257664234
2018-05-11,0.4799985738733599,0.4764332572732458,0.4598545350827153,0.5233171705647461,0.5388262977752425,0.5359740444951512,0.5082409746556923,0.5141483647081194,0.03490565388772845
2018-05-12,0.470907016543069,0.4799985738733599,0.4764332572732458,0.4598545350827153,0.5233171705647461,0.5388262977752425,0.49790155651536144,0.5119259840273817,0.03348628553529002
2018-06-02,0.5538006274957217,0.470907016543069,0.4799985738733599,0.4764332572732458,0.4598545350827153,0.5233171705647461,0.5004482112297286,0.512906446092413,0.037322427479024964
2018-06-03,0.5472047917855106,0.5538006274957217,0.470907016543069,0.4799985738733599,0.4764332572732458,0.4598545350827153,0.5016451389454811,0.5142969195664575,0.038860977437183426
2018-06-04,0.534904449515117,0.5472047917855106,0.5538006274957217,0.470907016543069,0.4799985738733599,0.4764332572732458,0.5033004645098199,0.5164004563605249,0.04016295446933042
2018-06-06,0.5445308043354251,0.534904449515117,0.5472047917855106,0.5538006274957217,0.470907016543069,0.4799985738733599,0.5153970744030641,0.5184505134055905,0.03756433106955211
2018-06-07,0.5249215630347975,0.5445308043354251,0.534904449515117,0.5472047917855106,0.5538006274957217,0.470907016543069,0.5223239752261429,0.517107577486214,0.03342438472507294
2018-06-08,0.5017470051340559,0.5249215630347975,0.5445308043354251,0.534904449515117,0.5472047917855106,0.5538006274957217,0.525430893977671,0.5157111618178362,0.029629766719450695
2018-06-09,0.4632415858528237,0.5017470051340559,0.5249215630347975,0.5445308043354251,0.534904449515117,0.5472047917855106,0.5243358324504931,0.5130965963110857,0.032025513712767566
2018-06-11,0.47875071306332,0.4632415858528237,0.5017470051340559,0.5249215630347975,0.5445308043354251,0.534904449515117,0.5136144161030071,0.511634816505039,0.033063042697279124
2018-06-12,0.4673416999429549,0.47875071306332,0.4632415858528237,0.5017470051340559,0.5249215630347975,0.5445308043354251,0.502205402982642,0.5104701464156683,0.03331836484104306
2018-07-02,0.5497005134055905,0.4673416999429549,0.47875071306332,0.4632415858528237,0.5017470051340559,0.5249215630347975,0.5043191263955668,0.513043116562084,0.03609239000439423
2018-07-03,0.548096120935539,0.5497005134055905,0.4673416999429549,0.47875071306332,0.4632415858528237,0.5017470051340559,0.5048284573384402,0.51531303479749,0.036773164988262996
2018-07-06,0.5516614375356532,0.548096120935539,0.5497005134055905,0.4673416999429549,0.47875071306332,0.4632415858528237,0.508648439409991,0.5181177505229131,0.04041666998480289
2018-07-08,0.5060253850541928,0.5516614375356532,0.548096120935539,0.5497005134055905,0.4673416999429549,0.47875071306332,0.5092596365414391,0.5161389998098498,0.0403271599163574
2018-07-09,0.4603893325727324,0.5060253850541928,0.5516614375356532,0.548096120935539,0.5497005134055905,0.4673416999429549,0.5088521717871404,0.5134353013880967,0.040880236442663885
2018-07-11,0.4776811180832858,0.4603893325727324,0.5060253850541928,0.5516614375356532,0.548096120935539,0.5497005134055905,0.5086993725042784,0.5113614755656969,0.04101328184870817
2018-07-12,0.4710852823730747,0.4776811180832858,0.4603893325727324,0.5060253850541928,0.5516614375356532,0.548096120935539,0.5092341699942955,0.5090380775812893,0.04040399395734455
2018-08-01,0.5668140330861381,0.4710852823730747,0.4776811180832858,0.4603893325727324,0.5060253850541928,0.5516614375356532,0.511678958520088,0.510375071306332,0.0436481636006876
2018-08-02,0.5374001711351968,0.5668140330861381,0.4710852823730747,0.4776811180832858,0.4603893325727324,0.5060253850541928,0.5101509656914677,0.5128648507320783,0.04232808531712413
2018-08-03,0.5422133485453509,0.5374001711351968,0.5668140330861381,0.4710852823730747,0.4776811180832858,0.4603893325727324,0.5088012386928531,0.5150634626354821,0.04091072724121182
2018-08-05,0.540965487735311,0.5422133485453509,0.5374001711351968,0.5668140330861381,0.4710852823730747,0.4776811180832858,0.5137926819330129,0.517321496482221,0.04261173084596299
2018-08-06,0.5507701083856247,0.540965487735311,0.5422133485453509,0.5374001711351968,0.5668140330861381,0.4710852823730747,0.5267042213348546,0.5168045255752044,0.03706529155921477
2018-08-08,0.5017470051340559,0.5507701083856247,0.540965487735311,0.5422133485453509,0.5374001711351968,0.5668140330861381,0.5301422051992503,0.5149862141091462,0.032608472536377366
2018-08-10,0.4703722190530519,0.5017470051340559,0.5507701083856247,0.540965487735311,0.5422133485453509,0.5374001711351968,0.5300403390106756,0.5125558566267351,0.03282411044773675
2018-08-11,0.4712635482030804,0.4703722190530519,0.5017470051340559,0.5507701083856247,0.540965487735311,0.5422133485453509,0.5163902697416674,0.5103988400836661,0.03479144814571177
2018-09-01,0.5627139189960069,0.4712635482030804,0.4703722190530519,0.5017470051340559,0.5507701083856247,0.540965487735311,0.5200065194360688,0.5111950941243583,0.038461220458972045
2018-09-02,0.5377567027952083,0.5627139189960069,0.4712635482030804,0.4703722190530519,0.5017470051340559,0.5507701083856247,0.519369855757477,0.5116764118653736,0.03806722396165029
2018-09-03,0.5423916143753565,0.5377567027952083,0.5627139189960069,0.4712635482030804,0.4703722190530519,0.5017470051340559,0.5195735881346264,0.5144276478417951,0.03820562947622166
2018-09-04,0.5372219053051911,0.5423916143753565,0.5377567027952083,0.5627139189960069,0.4712635482030804,0.4703722190530519,0.5176381305517073,0.5164539361095265,0.03667433024346638
2018-09-05,0.5407872219053053,0.5372219053051911,0.5423916143753565,0.5377567027952083,0.5627139189960069,0.4712635482030804,0.5232153043761715,0.518480224377258,0.03682313014311479
2018-09-07,0.532408727895037,0.5407872219053053,0.5372219053051911,0.5423916143753565,0.5377567027952083,0.5627139189960069,0.5320776627821694,0.5205302814223237,0.02851314046522154
2018-09-08,0.50656018254421,0.532408727895037,0.5407872219053053,0.5372219053051911,0.5423916143753565,0.5377567027952083,0.5371200391166164,0.5189555999239399,0.016597195682330496
2018-09-10,0.4653807758128921,0.50656018254421,0.532408727895037,0.5407872219053053,0.5372219053051911,0.5423916143753565,0.5232153043761715,0.5162281327248527,0.028257403459892933
2018-09-11,0.4659155733029093,0.4653807758128921,0.50656018254421,0.532408727895037,0.5407872219053053,0.5372219053051911,0.5129522858772716,0.513928503517779,0.034461053316018446
2018-10-01,0.5655661722760982,0.4659155733029093,0.4653807758128921,0.50656018254421,0.532408727895037,0.5407872219053053,0.5162629370059489,0.5146296824491349,0.03862255230042966
2018-10-04,0.5425698802053622,0.5655661722760982,0.4659155733029093,0.4653807758128921,0.50656018254421,0.532408727895037,0.5170269334202592,0.5152179596881536,0.039155460138354276
2018-10-05,0.5464917284654878,0.5425698802053622,0.5655661722760982,0.4659155733029093,0.4653807758128921,0.50656018254421,0.5178418629288567,0.516709450465868,0.03978666949979254
2018-10-07,0.5226041072447234,0.5464917284654878,0.5425698802053622,0.5655661722760982,0.4659155733029093,0.4653807758128921,0.5164412028359547,0.5186882011789313,0.03935866464203378
2018-10-08,0.5028166001140901,0.5226041072447234,0.5464917284654878,0.5425698802053622,0.5655661722760982,0.4659155733029093,0.5159064053459376,0.5194903974139571,0.03954031713171582
2018-10-09,0.4614589275527667,0.5028166001140901,0.5226041072447234,0.5464917284654878,0.5425698802053622,0.5655661722760982,0.5153461413087768,0.5192943050009508,0.04039412374972357
2018-10-10,0.4671634341129492,0.4614589275527667,0.5028166001140901,0.5226041072447234,0.5464917284654878,0.5425698802053622,0.5155244071387826,0.5165430690245294,0.04014158519009313
2018-10-12,0.472689674843126,0.4671634341129492,0.4614589275527667,0.5028166001140901,0.5226041072447234,0.5464917284654878,0.5022563360769293,0.5140295208214489,0.03597782936362049
2018-11-01,0.5611095265259556,0.472689674843126,0.4671634341129492,0.4614589275527667,0.5028166001140901,0.5226041072447234,0.5049048569798712,0.5143444571211256,0.03990789140702153
2018-11-04,0.5452438676554479,0.5611095265259556,0.472689674843126,0.4671634341129492,0.4614589275527667,0.5028166001140901,0.5047265911498656,0.5156517398745009,0.03969337524639723
2018-11-05,0.5521962350256704,0.5452438676554479,0.5611095265259556,0.472689674843126,0.4671634341129492,0.4614589275527667,0.5089540379757151,0.5187119699562655,0.04332444766338418
2018-11-06,0.5521962350256704,0.5521962350256704,0.5452438676554479,0.5611095265259556,0.472689674843126,0.4671634341129492,0.5160082715345123,0.5211958071876783,0.046090365183537804
2018-11-07,0.5220693097547062,0.5521962350256704,0.5521962350256704,0.5452438676554479,0.5611095265259556,0.472689674843126,0.5246668975633608,0.522895274767066,0.03933241495896825
2018-11-09,0.458250142612664,0.5220693097547062,0.5521962350256704,0.5521962350256704,0.5452438676554479,0.5611095265259556,0.5233935702061772,0.5192764784179502,0.04158409289320666
2018-11-10,0.4680547632629777,0.458250142612664,0.5220693097547062,0.5521962350256704,0.5521962350256704,0.5452438676554479,0.5227314399804417,0.5169649648222095,0.042551635934794343
2018-11-12,0.4766115231032515,0.4680547632629777,0.458250142612664,0.5220693097547062,0.5521962350256704,0.5521962350256704,0.5106602966343411,0.5147782373074729,0.041829080829914315
2018-12-01,0.565031374786081,0.4766115231032515,0.4680547632629777,0.458250142612664,0.5220693097547062,0.5521962350256704,0.5134870833672888,0.5155804335424985,0.045096725140946946
2018-12-02,0.5402524244152881,0.565031374786081,0.4766115231032515,0.4680547632629777,0.458250142612664,0.5220693097547062,0.5117808247086627,0.5152298440768207,0.04358878590429326
2018-12-03,0.5413220193953223,0.5402524244152881,0.565031374786081,0.4766115231032515,0.4680547632629777,0.458250142612664,0.5102273653328987,0.5165490112188629,0.042075879233950446
2018-12-04,0.5484526525955505,0.5413220193953223,0.5402524244152881,0.565031374786081,0.4766115231032515,0.4680547632629777,0.5139964143101622,0.5191516923369462,0.044429304344339865
2018-12-06,0.5555832857957788,0.5484526525955505,0.5413220193953223,0.5402524244152881,0.565031374786081,0.4766115231032515,0.5279011490506071,0.5219623502567028,0.03897051886042982
2018-12-07,0.5193953223046207,0.5555832857957788,0.5484526525955505,0.5413220193953223,0.5402524244152881,0.565031374786081,0.5352355146279847,0.5205183970336565,0.029513886023755136
2018-12-09,0.4593197375926982,0.5193953223046207,0.5555832857957788,0.5484526525955505,0.5413220193953223,0.5402524244152881,0.5327652595550486,0.5179038315269063,0.035379218262140494
2018-12-10,0.4751853964632058,0.4593197375926982,0.5193953223046207,0.5555832857957788,0.5484526525955505,0.5413220193953223,0.5199301197946378,0.5156636242631679,0.03792819369530033
2018-12-11,0.4594980034227039,0.4751853964632058,0.4593197375926982,0.5193953223046207,0.5555832857957788,0.5484526525955505,0.5083937739385543,0.5130728275337517,0.04269801118718853
2018-12-12,0.4771463205932686,0.4594980034227039,0.4751853964632058,0.4593197375926982,0.5193953223046207,0.5555832857957788,0.4992258169668324,0.5109514641566838,0.04131685471754632
2019-01-02,0.5254563605248147,0.4771463205932686,0.4594980034227039,0.4751853964632058,0.4593197375926982,0.5193953223046207,0.4959406323852987,0.5107197185776763,0.03748712647405807
2019-01-03,0.5094124358243013,0.5254563605248147,0.4771463205932686,0.4594980034227039,0.4751853964632058,0.4593197375926982,0.48934479667508757,0.5108147936870128,0.028140765059299112
2019-01-04,0.4919423844837421,0.5094124358243013,0.5254563605248147,0.4771463205932686,0.4594980034227039,0.4751853964632058,0.48542294841496203,0.5117001806427077,0.02499154211635193
2019-01-05,0.4851682829435254,0.4919423844837421,0.5094124358243013,0.5254563605248147,0.4771463205932686,0.4594980034227039,0.4891155977507945,0.5123419376307283,0.022251219777685363
2019-01-07,0.4987164860239588,0.4851682829435254,0.4919423844837421,0.5094124358243013,0.5254563605248147,0.4771463205932686,0.4924771819737593,0.510113614755657,0.02156279781581212
2019-01-08,0.5252780946948089,0.4987164860239588,0.4851682829435254,0.4919423844837421,0.5094124358243013,0.5254563605248147,0.5018743378697742,0.5095372219053051,0.018973021999525722
2019-01-10,0.5646748431260696,0.5252780946948089,0.4987164860239588,0.4851682829435254,0.4919423844837421,0.5094124358243013,0.5143784125173172,0.5101433257273246,0.027073415082100767
2019-01-11,0.600684540787222,0.5646748431260696,0.5252780946948089,0.4987164860239588,0.4851682829435254,0.4919423844837421,0.5251252954119469,0.5127460068454079,0.04265242710263679
2019-02-01,0.5051340559041643,0.600684540787222,0.5646748431260696,0.5252780946948089,0.4987164860239588,0.4851682829435254,0.5245140982804987,0.5128232553717437,0.04294476683985393
2019-02-04,0.4903379920136908,0.5051340559041643,0.600684540787222,0.5646748431260696,0.5252780946948089,0.4987164860239588,0.5242848993562057,0.5137858908537745,0.04315136144714044
2019-02-05,0.4778593839132914,0.4903379920136908,0.5051340559041643,0.600684540787222,0.5646748431260696,0.5252780946948089,0.5232407709233151,0.514142422513786,0.044327995938841076
2019-02-07,0.4955077010838561,0.4778593839132914,0.4903379920136908,0.5051340559041643,0.600684540787222,0.5646748431260696,0.5227823730747291,0.5149030233884769,0.0446393680072233
2019-02-08,0.5320521962350258,0.4955077010838561,0.4778593839132914,0.4903379920136908,0.5051340559041643,0.600684540787222,0.5237501018661886,0.5139344457121126,0.04477570873890469
2019-02-09,0.6088847689674843,0.5320521962350258,0.4955077010838561,0.4778593839132914,0.4903379920136908,0.5051340559041643,0.5300658055578192,0.5160558090891805,0.05373243102299299
2019-02-10,0.5700228180262408,0.6088847689674843,0.5320521962350258,0.4955077010838561,0.4778593839132914,0.4903379920136908,0.5256855594491077,0.5166500285225328,0.04795535432398756
2019-02-12,0.5562963491158015,0.5700228180262408,0.6088847689674843,0.5320521962350258,0.4955077010838561,0.4778593839132914,0.5329944584793416,0.5167866989922039,0.048199260300093055
2019-03-01,0.5085211066742727,0.5562963491158015,0.5700228180262408,0.6088847689674843,0.5320521962350258,0.4955077010838561,0.5355920462879961,0.5163350922228561,0.04595496117782155
2019-03-04,0.4953294352538505,0.5085211066742727,0.5562963491158015,0.5700228180262408,0.6088847689674843,0.5320521962350258,0.538087767908076,0.5175710686442289,0.04265279963205076
2019-03-05,0.4771463205932686,0.4953294352538505,0.5085211066742727,0.5562963491158015,0.5700228180262408,0.6088847689674843,0.5354647135522778,0.5178741205552386,0.04613061692936942
2019-03-06,0.4789289788933257,0.4771463205932686,0.4953294352538505,0.5085211066742727,0.5562963491158015,0.5700228180262408,0.5278756825034635,0.5179513690815745,0.050907912258104523
2019-03-07,0.500499144324016,0.4789289788933257,0.4771463205932686,0.4953294352538505,0.5085211066742727,0.5562963491158015,0.5123920218401108,0.515800294732839,0.036648077946562406
2019-03-09,0.613341414717627,0.500499144324016,0.4789289788933257,0.4771463205932686,0.4953294352538505,0.5085211066742727,0.5185803927960231,0.5182365944095836,0.04942989886485685
2019-03-10,0.5821448944666288,0.613341414717627,0.500499144324016,0.4789289788933257,0.4771463205932686,0.4953294352538505,0.5222730421318557,0.5195973569119604,0.05351384915520291
2019-03-12,0.5611095265259556,0.5821448944666288,0.613341414717627,0.500499144324016,0.4789289788933257,0.4771463205932686,0.5297856735392389,0.5200192527096407,0.054934008417761346
2019-04-01,0.5145821448944666,0.5611095265259556,0.5821448944666288,0.613341414717627,0.500499144324016,0.4789289788933257,0.5325360606307555,0.5186525480129303,0.05338138596842021
2019-04-02,0.5160082715345122,0.5145821448944666,0.5611095265259556,0.5821448944666288,0.613341414717627,0.500499144324016,0.538087767908076,0.5185396463205932,0.0484541510822255
2019-04-03,0.4951511694238448,0.5160082715345122,0.5145821448944666,0.5611095265259556,0.5821448944666288,0.613341414717627,0.5404052236981501,0.5197340273816314,0.045447815321396356
2019-04-04,0.4924771819737593,0.4951511694238448,0.5160082715345122,0.5145821448944666,0.5611095265259556,0.5821448944666288,0.5392592290766849,0.5203104202319833,0.04670551786056221
2019-04-06,0.4794637763833428,0.4924771819737593,0.4951511694238448,0.5160082715345122,0.5145821448944666,0.5611095265259556,0.5201338521717871,0.5209759459973379,0.03789304692799168
2019-04-07,0.4994295493439817,0.4794637763833428,0.4924771819737593,0.4951511694238448,0.5160082715345122,0.5145821448944666,0.5083173742971233,0.5217187202890283,0.026524180089363397
2019-04-09,0.6429335424985739,0.4994295493439817,0.4794637763833428,0.4924771819737593,0.4951511694238448,0.5160082715345122,0.5200065194360687,0.5256346263548203,0.05567650818524736
2019-04-10,0.5823231602966343,0.6429335424985739,0.4994295493439817,0.4794637763833428,0.4924771819737593,0.4951511694238448,0.5296838073506641,0.5280649838372314,0.060273863823820446
2019-04-11,0.603001996577296,0.5823231602966343,0.6429335424985739,0.4994295493439817,0.4794637763833428,0.4924771819737593,0.5421114823567762,0.5317669709070165,0.0657077352254222
2019-04-12,0.5653879064460924,0.603001996577296,0.5823231602966343,0.6429335424985739,0.4994295493439817,0.4794637763833428,0.5521453019313829,0.5344409583571021,0.06263228266578608
2019-05-02,0.5202866514546493,0.5653879064460924,0.603001996577296,0.5823231602966343,0.6429335424985739,0.4994295493439817,0.5561180832857958,0.5351599638714585,0.05899297291578188
2019-05-03,0.4933685111237877,0.5202866514546493,0.5653879064460924,0.603001996577296,0.5823231602966343,0.6429335424985739,0.5581044739630021,0.5340963110857578,0.056147174053278924
2019-05-04,0.4963990302338847,0.4933685111237877,0.5202866514546493,0.5653879064460924,0.603001996577296,0.5823231602966343,0.5576715426615598,0.5318204506560182,0.05668411583091034
2019-05-06,0.4837421563034796,0.4963990302338847,0.4933685111237877,0.5202866514546493,0.5653879064460924,0.603001996577296,0.5349299160622606,0.5279223711732268,0.048052416542761246
2019-05-07,0.4969338277239019,0.4837421563034796,0.4963990302338847,0.4933685111237877,0.5202866514546493,0.5653879064460924,0.5227314399804416,0.5276490302338848,0.04474030958863368
2019-05-08,0.5423916143753565,0.4969338277239019,0.4837421563034796,0.4963990302338847,0.4933685111237877,0.5202866514546493,0.5140728139515931,0.5293841509792736,0.030079143883091443
2019-05-09,0.6399030233884768,0.5423916143753565,0.4969338277239019,0.4837421563034796,0.4963990302338847,0.4933685111237877,0.5247178306576481,0.5347856056284465,0.05452112374261294
2019-05-11,0.5980105533371364,0.6399030233884768,0.5423916143753565,0.4969338277239019,0.4837421563034796,0.4963990302338847,0.5358212452122891,0.5382023673702225,0.060997957274788524
2019-05-12,0.5561180832857958,0.5980105533371364,0.6399030233884768,0.5423916143753565,0.4969338277239019,0.4837421563034796,0.5447854698068617,0.5390045636052482,0.058269103442992604
2019-06-02,0.5154734740444952,0.5561180832857958,0.5980105533371364,0.6399030233884768,0.5423916143753565,0.4969338277239019,0.5475103903512346,0.5358908537744819,0.05603228193567322
2019-06-03,0.4928337136337706,0.5154734740444952,0.5561180832857958,0.5980105533371364,0.6399030233884768,0.5423916143753565,0.5488091842555619,0.5333178836280662,0.05438909657515314
2019-06-06,0.4878422703936109,0.4928337136337706,0.5154734740444952,0.5561180832857958,0.5980105533371364,0.6399030233884768,0.5475103903512346,0.5310360810039931,0.05592129419831994
2019-06-08,0.5388262977752425,0.4878422703936109,0.4928337136337706,0.5154734740444952,0.5561180832857958,0.5980105533371364,0.5470010594083611,0.5320462540406921,0.05599187818961174
2019-06-09,0.6015758699372504,0.5388262977752425,0.4878422703936109,0.4928337136337706,0.5154734740444952,0.5561180832857958,0.5415257517724716,0.5355878018634722,0.04645486091564228
2019-06-11,0.5800057045065602,0.6015758699372504,0.5388262977752425,0.4878422703936109,0.4928337136337706,0.5154734740444952,0.5389536305109608,0.5390164479939152,0.04318986747737785
2019-06-12,0.5586138049058758,0.5800057045065602,0.6015758699372504,0.5388262977752425,0.4878422703936109,0.4928337136337706,0.5393101621709723,0.5416726088610002,0.04336512064376077
2019-07-01,0.516186537364518,0.5586138049058758,0.5800057045065602,0.6015758699372504,0.5388262977752425,0.4878422703936109,0.5394120283595469,0.5421955219623502,0.04330058470928475
2019-07-02,0.5147604107244724,0.516186537364518,0.5586138049058758,0.5800057045065602,0.6015758699372504,0.5388262977752425,0.5425444136582186,0.5389094884959118,0.04003982143381916
2019-07-03,0.4921206503137478,0.5147604107244724,0.516186537364518,0.5586138049058758,0.5800057045065602,0.6015758699372504,0.5431556107896667,0.5359086803574823,0.03908695498768491
2019-07-05,0.4833856246434683,0.4921206503137478,0.5147604107244724,0.516186537364518,0.5586138049058758,0.5800057045065602,0.5352355146279847,0.5333178836280662,0.04524259263777103
2019-07-06,0.4862378779235596,0.4833856246434683,0.4921206503137478,0.5147604107244724,0.516186537364518,0.5586138049058758,0.5187586586260289,0.5323730747290359,0.037373500651350054
2019-07-08,0.5543354249857387,0.4862378779235596,0.4833856246434683,0.4921206503137478,0.5147604107244724,0.516186537364518,0.51509147583734,0.5336506465107435,0.03109404919996936
2019-07-10,0.5759055904164291,0.5543354249857387,0.4862378779235596,0.4833856246434683,0.4921206503137478,0.5147604107244724,0.5175617309102762,0.5363424605438296,0.03550231836916137
2019-07-11,0.5796491728465488,0.5759055904164291,0.5543354249857387,0.4862378779235596,0.4833856246434683,0.4921206503137478,0.5266278216934236,0.5392481935729225,0.042505076033723166
2019-08-01,0.5122646891043925,0.5796491728465488,0.5759055904164291,0.5543354249857387,0.4862378779235596,0.4833856246434683,0.5262712900334121,0.5403415573302909,0.042631489266909066
2019-08-02,0.5172561323445521,0.5122646891043925,0.5796491728465488,0.5759055904164291,0.5543354249857387,0.4862378779235596,0.5298620731806699,0.5409357767636432,0.04026871008675295
2019-08-03,0.4935467769537935,0.5172561323445521,0.5122646891043925,0.5796491728465488,0.5759055904164291,0.5543354249857387,0.5313136663678591,0.5359562179121506,0.03845647904721369
2019-08-04,0.494438106103822,0.4935467769537935,0.5172561323445521,0.5122646891043925,0.5796491728465488,0.5759055904164291,0.5324851275364682,0.5330267161057235,0.03694991807901875
2019-08-05,0.4869509412435823,0.494438106103822,0.4935467769537935,0.5172561323445521,0.5122646891043925,0.5796491728465488,0.52285877271616,0.5291583475945997,0.039027849776635176
2019-08-07,0.4919423844837421,0.4869509412435823,0.494438106103822,0.4935467769537935,0.5172561323445521,0.5122646891043925,0.5108640290114905,0.5267101635291881,0.0323362010924618
2019-08-08,0.561466058185967,0.4919423844837421,0.4869509412435823,0.494438106103822,0.4935467769537935,0.5172561323445521,0.5082664412028359,0.528082810420232,0.025999091374353824
2019-08-10,0.5805405019965774,0.561466058185967,0.4919423844837421,0.4869509412435823,0.494438106103822,0.4935467769537935,0.5180201287588624,0.530988543449325,0.03785351028307004
2019-08-11,0.5539788933257273,0.5805405019965774,0.561466058185967,0.4919423844837421,0.4869509412435823,0.494438106103822,0.5232662374704588,0.532907872219053,0.040201838487934446
2019-09-01,0.5115516257843696,0.5539788933257273,0.5805405019965774,0.561466058185967,0.4919423844837421,0.4869509412435823,0.5258383587319697,0.5338348545350827,0.03852445553568667
2019-09-04,0.4985382201939533,0.5115516257843696,0.5539788933257273,0.5805405019965774,0.561466058185967,0.4919423844837421,0.5264240893162742,0.5338883342840844,0.037995004458455356
2019-09-05,0.4830290929834569,0.4985382201939533,0.5115516257843696,0.5539788933257273,0.5805405019965774,0.561466058185967,0.5258638252791134,0.5319095835710211,0.038696514055328625
2019-09-07,0.4903379920136908,0.4830290929834569,0.4985382201939533,0.5115516257843696,0.5539788933257273,0.5805405019965774,0.5256346263548204,0.526924082525195,0.03893493324069856
2019-09-08,0.5607529948659441,0.4903379920136908,0.4830290929834569,0.4985382201939533,0.5115516257843696,0.5539788933257273,0.5255327601662456,0.5256821639094885,0.038826343766220295
2019-09-09,0.6024671990872791,0.5607529948659441,0.4903379920136908,0.4830290929834569,0.4985382201939533,0.5115516257843696,0.5286651454649173,0.5272271344362046,0.0444771161923423
2019-09-10,0.588562464346834,0.6024671990872791,0.5607529948659441,0.4903379920136908,0.4830290929834569,0.4985382201939533,0.5336056556107897,0.5296634341129492,0.04940533993354317
2019-09-12,0.5472047917855106,0.588562464346834,0.6024671990872791,0.5607529948659441,0.4903379920136908,0.4830290929834569,0.5386989650395241,0.5314758033846739,0.04858375817467159
2019-10-01,0.5145821448944666,0.5472047917855106,0.588562464346834,0.6024671990872791,0.5607529948659441,0.4903379920136908,0.5409909542824546,0.5323671325347025,0.046715900995235426
2019-10-04,0.4981816885339418,0.5145821448944666,0.5472047917855106,0.588562464346834,0.6024671990872791,0.5607529948659441,0.5431556107896667,0.531012312226659,0.04384538770669583
2019-10-05,0.4821377638334284,0.4981816885339418,0.5145821448944666,0.5472047917855106,0.588562464346834,0.6024671990872791,0.5419841496210578,0.5270310420231984,0.04556749331856819
2019-10-06,0.4803551055333713,0.4821377638334284,0.4981816885339418,0.5145821448944666,0.5472047917855106,0.588562464346834,0.5304987368592616,0.5237093553907587,0.049968065240378556
2019-10-07,0.4928337136337706,0.4803551055333713,0.4821377638334284,0.4981816885339418,0.5145821448944666,0.5472047917855106,0.5148368103659033,0.5215166856816885,0.039797336786792266
2019-10-09,0.5960496292070736,0.4928337136337706,0.4803551055333713,0.4821377638334284,0.4981816885339418,0.5145821448944666,0.5159064053459376,0.524178788743107,0.042140656827644535
2019-10-10,0.5874928693667998,0.5960496292070736,0.4928337136337706,0.4803551055333713,0.4821377638334284,0.4981816885339418,0.5216618450004075,0.5266032040311847,0.049275022383163204
2019-10-12,0.5491657159155734,0.5874928693667998,0.5960496292070736,0.4928337136337706,0.4803551055333713,0.4821377638334284,0.5266023551462798,0.5285047062179121,0.05017244805565624
2019-11-01,0.5136908157444381,0.5491657159155734,0.5874928693667998,0.5960496292070736,0.4928337136337706,0.4803551055333713,0.5288179447477793,0.5295148792546112,0.049037840765142546
2019-11-02,0.5145821448944666,0.5136908157444381,0.5491657159155734,0.5874928693667998,0.5960496292070736,0.4928337136337706,0.5334528563279276,0.5304596881536414,0.045279687924464365
2019-11-03,0.4999643468339989,0.5145821448944666,0.5136908157444381,0.5491657159155734,0.5874928693667998,0.5960496292070736,0.5362541765137315,0.5286473188819167,0.04192985848696543
2019-11-04,0.4951511694238448,0.4999643468339989,0.5145821448944666,0.5136908157444381,0.5491657159155734,0.5874928693667998,0.5365852416265994,0.5259555048488306,0.04153719530489146
2019-11-06,0.4785724472333143,0.4951511694238448,0.4999643468339989,0.5145821448944666,0.5136908157444381,0.5491657159155734,0.5198027870589195,0.5225862806617227,0.03699087053261328
2019-11-07,0.4988947518539646,0.4785724472333143,0.4951511694238448,0.4999643468339989,0.5145821448944666,0.5136908157444381,0.5071459131285144,0.5221406160867085,0.02215013358129886
2019-11-09,0.6022889332572733,0.4988947518539646,0.4785724472333143,0.4951511694238448,0.4999643468339989,0.5145821448944666,0.5147349441773287,0.5249750427837993,0.04047045674142077
2019-11-10,0.5821448944666288,0.6022889332572733,0.4988947518539646,0.4785724472333143,0.4951511694238448,0.4999643468339989,0.5245140982804987,0.5279283133675604,0.04778551981190166
2019-11-11,0.5564746149458072,0.5821448944666288,0.6022889332572733,0.4988947518539646,0.4785724472333143,0.4951511694238448,0.5304987368592616,0.5299961969956265,0.04894359858923339
2019-11-12,0.5486309184255562,0.5564746149458072,0.5821448944666288,0.6022889332572733,0.4988947518539646,0.4785724472333143,0.5374511042294842,0.5320521962350256,0.04731267308549309
2019-12-02,0.5183257273245865,0.5486309184255562,0.5564746149458072,0.5821448944666288,0.6022889332572733,0.4988947518539646,0.5407617553581615,0.5329316409963871,0.04459205252039647
2019-12-03,0.5053123217341701,0.5183257273245865,0.5486309184255562,0.5564746149458072,0.5821448944666288,0.6022889332572733,0.5445817374297124,0.5310598497813273,0.039195478790962086
2019-12-04,0.4917641186537364,0.5053123217341701,0.5183257273245865,0.5486309184255562,0.5564746149458072,0.5821448944666288,0.5435630755439654,0.5281006370032325,0.04064654524847918
2019-12-06,0.4819594980034227,0.4917641186537364,0.5053123217341701,0.5183257273245865,0.5486309184255562,0.5564746149458072,0.5263731562219868,0.525699990492489,0.03694741975965577
2019-12-07,0.494438106103822,0.4819594980034227,0.4917641186537364,0.5053123217341701,0.5183257273245865,0.5486309184255562,0.5138436150273001,0.5251295398364708,0.02887070540286101
2019-12-08,0.5591486023958927,0.494438106103822,0.4819594980034227,0.4917641186537364,0.5053123217341701,0.5183257273245865,0.5142256132344553,0.5271498859098688,0.0295387430638628
2019-12-09,0.6031802624073018,0.5591486023958927,0.494438106103822,0.4819594980034227,0.4917641186537364,0.5053123217341701,0.5220183766604188,0.5311549248906636,0.04385456742126465
2019-12-11,0.5513049058756417,0.6031802624073018,0.5591486023958927,0.494438106103822,0.4819594980034227,0.4917641186537364,0.5267296878819981,0.5331871553527286,0.045144265901308094
2019-12-12,0.55593981745579,0.5513049058756417,0.6031802624073018,0.5591486023958927,0.494438106103822,0.4819594980034227,0.533962187270801,0.5330267161057235,0.04519659505566083
2020-01-04,0.4543282943525385,0.55593981745579,0.5513049058756417,0.6031802624073018,0.5591486023958927,0.494438106103822,0.5286142123706299,0.5280887526145654,0.05262614572834994
2020-01-05,0.4839204221334854,0.4543282943525385,0.55593981745579,0.5513049058756417,0.6031802624073018,0.5591486023958927,0.5288943443892103,0.5246006845407872,0.05234085478981419
2020-01-06,0.6021106674272676,0.4839204221334854,0.4543282943525385,0.55593981745579,0.5513049058756417,0.6031802624073018,0.5442761388639882,0.5264308803955124,0.05620585804930816
2020-01-07,0.6042498573873359,0.6021106674272676,0.4839204221334854,0.4543282943525385,0.55593981745579,0.5513049058756417,0.5507191752913373,0.5294198041452748,0.06060756084232216
2020-01-09,0.9844908727895038,0.6042498573873359,0.6021106674272676,0.4839204221334854,0.4543282943525385,0.55593981745579,0.6051921196316519,0.5456301102871268,0.17638701143643634
2020-01-10,0.7967769537934969,0.9844908727895038,0.6042498573873359,0.6021106674272676,0.4839204221334854,0.4543282943525385,0.6402595550484883,0.5561180832857958,0.18791270513561278
2020-01-12,0.7937464346833999,0.7967769537934969,0.9844908727895038,0.6042498573873359,0.6021106674272676,0.4839204221334854,0.6742319289381469,0.5665644609241302,0.19158838572434883
2020-02-01,0.5937321734169995,0.7937464346833999,0.7967769537934969,0.9844908727895038,0.6042498573873359,0.6021106674272676,0.6941467688044983,0.5699277429169044,0.1710667771531816
2020-02-03,0.5577224757558471,0.5937321734169995,0.7937464346833999,0.7967769537934969,0.9844908727895038,0.6042498573873359,0.7046899193219787,0.5686501711351968,0.15770300050664926
2020-02-04,0.4600328009127211,0.5577224757558471,0.5937321734169995,0.7937464346833999,0.7967769537934969,0.9844908727895038,0.684393081248472,0.5644015021867275,0.18058806228142976
2020-02-06,0.606032515687393,0.4600328009127211,0.5577224757558471,0.5937321734169995,0.7937464346833999,0.7967769537934969,0.6846477467199088,0.5662970621791216,0.18045741757824244
2020-02-07,0.5937321734169995,0.606032515687393,0.4600328009127211,0.5577224757558471,0.5937321734169995,0.7937464346833999,0.6288250753809795,0.5689651074348736,0.12378464102623313
2020-02-09,0.9424201369081574,0.5937321734169995,0.606032515687393,0.4600328009127211,0.5577224757558471,0.5937321734169995,0.6496312443973596,0.58322637383533,0.16280846445641495
2020-02-10,0.8055119794637764,0.9424201369081574,0.5937321734169995,0.606032515687393,0.4600328009127211,0.5577224757558471,0.651312036508842,0.5934112949229892,0.16459516834278837
2020-02-11,0.8094338277239019,0.8055119794637764,0.9424201369081574,0.5937321734169995,0.606032515687393,0.4600328009127211,0.6821265585526852,0.6038873835329911,0.17204153253046917
2020-02-12,0.8096120935539076,0.8094338277239019,0.8055119794637764,0.9424201369081574,0.5937321734169995,0.606032515687393,0.7181107896666938,0.6149220384103441,0.16797909844608402
2020-03-01,0.6038933257273247,0.8096120935539076,0.8094338277239019,0.8055119794637764,0.9424201369081574,0.5937321734169995,0.7386622932116372,0.6184219908727896,0.13710500586065144
2020-03-02,0.5882059326868226,0.6038933257273247,0.8096120935539076,0.8094338277239019,0.8055119794637764,0.9424201369081574,0.73611563849727,0.6179525575204412,0.14011171505677095
2020-03-03,0.5539788933257273,0.5882059326868226,0.6038933257273247,0.8096120935539076,0.8094338277239019,0.8055119794637764,0.7304365984842311,0.6170136908157444,0.14745775582746273
2020-03-04,0.4676982316029663,0.5539788933257273,0.5882059326868226,0.6038933257273247,0.8096120935539076,0.8094338277239019,0.6626191834406324,0.6140544780376498,0.14280683626748303
2020-03-06,0.5914147176269253,0.4676982316029663,0.5539788933257273,0.5882059326868226,0.6038933257273247,0.8096120935539076,0.6320338603210823,0.6154806046776955,0.1294000552373524
2020-03-07,0.5971192241871078,0.5914147176269253,0.4676982316029663,0.5539788933257273,0.5882059326868226,0.6038933257273247,0.6017032026729688,0.6181070545731128,0.10309775910986646
2020-03-08,0.8185253850541928,0.5971192241871078,0.5914147176269253,0.4676982316029663,0.5539788933257273,0.5882059326868226,0.6029765300301524,0.6285474900171136,0.10610473593589895
2020-03-09,0.913719338277239,0.8185253850541928,0.5971192241871078,0.5914147176269253,0.4676982316029663,0.5539788933257273,0.6472373889658545,0.6426126640045635,0.1583226541249509
2020-03-11,0.8163861950941245,0.913719338277239,0.8185253850541928,0.5971192241871078,0.5914147176269253,0.4676982316029663,0.6798345693097547,0.6537602205742536,0.16737430581115648
2020-03-12,0.8163861950941245,0.8163861950941245,0.913719338277239,0.8185253850541928,0.5971192241871078,0.5914147176269253,0.7173213267052401,0.6644918235405971,0.16383673069113702
2020-04-02,0.586779806046777,0.8163861950941245,0.8163861950941245,0.913719338277239,0.8185253850541928,0.5971192241871078,0.734332980197213,0.6654128636622932,0.1376943901465786
2020-04-03,0.5696662863662293,0.586779806046777,0.8163861950941245,0.8163861950941245,0.913719338277239,0.8185253850541928,0.731226061445685,0.6642957311275909,0.14164532592549975
2020-04-05,0.4869509412435823,0.5696662863662293,0.586779806046777,0.8163861950941245,0.8163861950941245,0.913719338277239,0.7154877353108955,0.6621505989731887,0.16346876170633984
2020-04-06,0.5874928693667998,0.4869509412435823,0.5696662863662293,0.586779806046777,0.8163861950941245,0.8163861950941245,0.6824830902126966,0.6632023673702225,0.162518203380341
2020-04-08,0.8220907016543069,0.5874928693667998,0.4869509412435823,0.5696662863662293,0.586779806046777,0.8163861950941245,0.6693932849808492,0.6754611142802814,0.143349038089003
2020-04-09,0.910688819167142,0.8220907016543069,0.5874928693667998,0.4869509412435823,0.5696662863662293,0.586779806046777,0.6828650884198516,0.6896867275147367,0.16260374796092472
2020-04-11,0.8094338277239019,0.910688819167142,0.8220907016543069,0.5874928693667998,0.4869509412435823,0.5696662863662293,0.6818718930812484,0.6965974995246245,0.16167082188213458
2020-04-12,0.8183471192241871,0.8094338277239019,0.910688819167142,0.8220907016543069,0.5874928693667998,0.4869509412435823,0.7149529378208784,0.7037340749191862,0.16265875402972013
2020-05-02,0.5828579577866515,0.8183471192241871,0.8094338277239019,0.910688819167142,0.8220907016543069,0.5874928693667998,0.7168374623095101,0.6903463110857577,0.16076029474889328
2020-05-03,0.5678836280661723,0.5828579577866515,0.8183471192241871,0.8094338277239019,0.910688819167142,0.8220907016543069,0.7283992747127374,0.6827165335615136,0.1434497228022015
2020-05-05,0.4805333713633771,0.5678836280661723,0.5828579577866515,0.8183471192241871,0.8094338277239019,0.910688819167142,0.7131193464265341,0.6722760981175128,0.16503307514395962
2020-05-06,0.5814318311466058,0.4805333713633771,0.5678836280661723,0.5828579577866515,0.8183471192241871,0.8094338277239019,0.6787395077825769,0.6718660867084997,0.16360955943595482
2020-05-08,0.9153237307472905,0.5814318311466058,0.4805333713633771,0.5678836280661723,0.5828579577866515,0.8183471192241871,0.6794016380083123,0.683786128541548,0.16471038735811205
2020-05-10,0.8072946377638334,0.9153237307472905,0.5814318311466058,0.4805333713633771,0.5678836280661723,0.5828579577866515,0.6790960394425882,0.6953615231032516,0.16443066700629325
2020-05-11,0.8306474614945808,0.8072946377638334,0.9153237307472905,0.5814318311466058,0.4805333713633771,0.5678836280661723,0.6808532311955016,0.7028486879634912,0.16622275303462083
2020-06-01,0.612093553907587,0.8306474614945808,0.8072946377638334,0.9153237307472905,0.5814318311466058,0.4805333713633771,0.6850297449270638,0.703460733979844,0.1636982684188935
2020-06-02,0.588027666856817,0.612093553907587,0.8306474614945808,0.8072946377638334,0.9153237307472905,0.5814318311466058,0.6879074647542988,0.6916476516447994,0.1614574041115266
2020-06-03,0.5778665145464917,0.588027666856817,0.612093553907587,0.8306474614945808,0.8072946377638334,0.9153237307472905,0.7018121994947437,0.6840594694808899,0.14385326124800005
2020-06-04,0.4735810039931545,0.5778665145464917,0.588027666856817,0.612093553907587,0.8306474614945808,0.8072946377638334,0.6864049384728222,0.6728643753565317,0.1633497904810309
2020-06-05,0.4921206503137478,0.4735810039931545,0.5778665145464917,0.588027666856817,0.612093553907587,0.8306474614945808,0.6259473555537446,0.6622813272485264,0.14133627756957162
2020-06-07,0.605497718197376,0.4921206503137478,0.4735810039931545,0.5778665145464917,0.588027666856817,0.612093553907587,0.5971192241871078,0.662334806997528,0.11659730052600933
2020-06-08,0.9488377067883628,0.605497718197376,0.4921206503137478,0.4735810039931545,0.5778665145464917,0.588027666856817,0.6140035449433624,0.674355866134246,0.15745077236568697
2020-06-10,0.8210211066742727,0.9488377067883628,0.605497718197376,0.4921206503137478,0.4735810039931545,0.5778665145464917,0.643850338195746,0.6832572732458643,0.17576560131721294
2020-06-11,0.8737877923559613,0.8210211066742727,0.9488377067883628,0.605497718197376,0.4921206503137478,0.4735810039931545,0.6846732132670523,0.6967935919376307,0.1929813427618772
2020-07-01,0.6015758699372504,0.8737877923559613,0.8210211066742727,0.9488377067883628,0.605497718197376,0.4921206503137478,0.6880602640371608,0.6971322970146416,0.19099213976475318
2020-07-02,0.5882059326868226,0.6015758699372504,0.8737877923559613,0.8210211066742727,0.9488377067883628,0.605497718197376,0.7044352538505418,0.6968351872979655,0.17366660452919275
2020-07-04,0.4921206503137478,0.5882059326868226,0.6015758699372504,0.8737877923559613,0.8210211066742727,0.9488377067883628,0.704435253850542,0.6859550294732839,0.17366660452919275
2020-07-05,0.4887335995436394,0.4921206503137478,0.5882059326868226,0.6015758699372504,0.8737877923559613,0.8210211066742727,0.6877546654714367,0.6717888381821641,0.18962744644921323
2020-07-07,0.5971192241871078,0.4887335995436394,0.4921206503137478,0.5882059326868226,0.6015758699372504,0.8737877923559613,0.6375091679569717,0.66447993915193,0.1517286883943796
2020-07-08,0.9647033656588704,0.5971192241871078,0.4887335995436394,0.4921206503137478,0.5882059326868226,0.6015758699372504,0.6580352049547713,0.6694238448374216,0.18644022870857463
2020-07-09,0.9112236166571592,0.9647033656588704,0.5971192241871078,0.4887335995436394,0.4921206503137478,0.5882059326868226,0.6633831798549424,0.6802386385244342,0.1940424095770361
2020-07-10,0.7935681688533942,0.9112236166571592,0.9647033656588704,0.5971192241871078,0.4887335995436394,0.4921206503137478,0.6908106511286773,0.6877020346073398,0.1973899967174703
2020-07-12,0.8014118653736452,0.7935681688533942,0.9112236166571592,0.9647033656588704,0.5971192241871078,0.4887335995436394,0.7212686415125091,0.6981840654116753,0.19535776621501175
2020-08-01,0.6113804905875643,0.8014118653736452,0.7935681688533942,0.9112236166571592,0.9647033656588704,0.5971192241871078,0.7383057615516257,0.6989803194523674,0.1763153900220662
2020-08-04,0.4917641186537364,0.6113804905875643,0.8014118653736452,0.7935681688533942,0.9112236166571592,0.9647033656588704,0.7387386928530681,0.6879694333523483,0.17560272690492182
2020-08-06,0.5832144894466629,0.4917641186537364,0.6113804905875643,0.8014118653736452,0.7935681688533942,0.9112236166571592,0.7367523021758616,0.6770536223616657,0.17753966218058523
2020-08-07,0.6136979463776383,0.5832144894466629,0.4917641186537364,0.6113804905875643,0.8014118653736452,0.7935681688533942,0.6866086708499715,0.670529092983457,0.149834347799624
2020-08-09,0.9056973759269824,0.6136979463776383,0.5832144894466629,0.4917641186537364,0.6113804905875643,0.8014118653736452,0.6858192078885177,0.6734407682068835,0.14846190012548402
2020-08-10,0.8088990302338848,0.9056973759269824,0.6136979463776383,0.5832144894466629,0.4917641186537364,0.6113804905875643,0.6880093309428734,0.6809754706217912,0.15041655623623976
2020-08-12,0.8272604107244724,0.8088990302338848,0.9056973759269824,0.6136979463776383,0.5832144894466629,0.4917641186537364,0.691701980278706,0.6896213633770678,0.15394053025493107
2020-09-01,0.5931973759269823,0.8272604107244724,0.8088990302338848,0.9056973759269824,0.6136979463776383,0.5832144894466629,0.6891043924700514,0.6933768301958547,0.15566550906047227
2020-09-03,0.556652880775813,0.5931973759269823,0.8272604107244724,0.8088990302338848,0.9056973759269824,0.6136979463776383,0.698374215630348,0.6925508651834951,0.14340456536001236
2020-09-04,0.4956859669138619,0.556652880775813,0.5931973759269823,0.8272604107244724,0.8088990302338848,0.9056973759269824,0.6858701409828051,0.6785629397223807,0.15817475391165728
2020-09-06,0.5832144894466629,0.4956859669138619,0.556652880775813,0.5931973759269823,0.8272604107244724,0.8088990302338848,0.6815153614212371,0.6710936014451416,0.1608892605868267
2020-09-07,0.6261765544780377,0.5832144894466629,0.4956859669138619,0.556652880775813,0.5931973759269823,0.8272604107244724,0.6415838154999592,0.6642779045445902,0.1271188646119949
2020-09-09,0.9007059326868226,0.6261765544780377,0.5832144894466629,0.4956859669138619,0.556652880775813,0.5931973759269823,0.6546990872789503,0.6738983171705648,0.14994501908952124
2020-09-10,0.8215559041642898,0.9007059326868226,0.6261765544780377,0.5832144894466629,0.4956859669138619,0.556652880775813,0.6538841577703529,0.6816825917474805,0.1488624592924909
2020-09-11,0.8497219053051911,0.8215559041642898,0.9007059326868226,0.6261765544780377,0.5832144894466629,0.4956859669138619,0.690530519110097,0.6907444381061038,0.1623930612190492
2020-09-12,0.8133556759840275,0.8497219053051911,0.8215559041642898,0.9007059326868226,0.6261765544780377,0.5832144894466629,0.7272023469969848,0.7020702605057996,0.15597973927391148
2020-10-01,0.593375641756988,0.8133556759840275,0.8497219053051911,0.8215559041642898,0.9007059326868226,0.6261765544780377,0.7411580148317171,0.705445426887241,0.134737091230385
2020-10-02,0.5887407301768397,0.593375641756988,0.8133556759840275,0.8497219053051911,0.8215559041642898,0.9007059326868226,0.7419474777931708,0.7048868606198898,0.1336693752058193
2020-10-03,0.563248716486024,0.5887407301768397,0.593375641756988,0.8133556759840275,0.8497219053051911,0.8215559041642898,0.7329577866514546,0.6920338942764784,0.14443548155213962
2020-10-06,0.5862450085567599,0.563248716486024,0.5887407301768397,0.593375641756988,0.8133556759840275,0.8497219053051911,0.6880347974900172,0.6842080243392279,0.1319269520471846
2020-10-07,0.6238590986879635,0.5862450085567599,0.563248716486024,0.5887407301768397,0.593375641756988,0.8133556759840275,0.6597923967076849,0.6758770678836281,0.11911865655326022
2020-10-08,0.962564175698802,0.6238590986879635,0.5862450085567599,0.563248716486024,0.5887407301768397,0.593375641756988,0.6759127210496292,0.6879100114090131,0.1521589103281229
2020-10-09,0.921028237307473,0.962564175698802,0.6238590986879635,0.5862450085567599,0.563248716486024,0.5887407301768397,0.6912945155244071,0.6990040882297014,0.17245717207172065
2020-10-11,0.8172775242441529,0.921028237307473,0.962564175698802,0.6238590986879635,0.5862450085567599,0.563248716486024,0.7232804987368594,0.7098426506940483,0.1720323361006969
2020-10-12,0.8062250427837993,0.8172775242441529,0.921028237307473,0.962564175698802,0.6238590986879635,0.5862450085567599,0.7543496862521393,0.7204256988020535,0.16309125010176168
2020-11-02,0.5858884768967484,0.8062250427837993,0.8172775242441529,0.921028237307473,0.962564175698802,0.6238590986879635,0.7575839377393857,0.7200513405590416,0.1588389702873553
2020-11-03,0.561466058185967,0.5858884768967484,0.8062250427837993,0.8172775242441529,0.921028237307473,0.962564175698802,0.7540440876864151,0.7066100969766115,0.16350147356623523
2020-11-05,0.5053123217341701,0.561466058185967,0.5858884768967484,0.8062250427837993,0.8172775242441529,0.921028237307473,0.7371088338358732,0.6930797204791787,0.18407794156384838
2020-11-06,0.5919495151169424,0.5053123217341701,0.561466058185967,0.5858884768967484,0.8062250427837993,0.8172775242441529,0.684163882324179,0.6863590986879636,0.16017025984073247
2020-11-08,0.9629207073588134,0.5919495151169424,0.5053123217341701,0.561466058185967,0.5858884768967484,0.8062250427837993,0.6901485209029419,0.6917427267541357,0.17091762459051993
2020-11-09,0.9128280091272104,0.9629207073588134,0.5919495151169424,0.5053123217341701,0.561466058185967,0.5858884768967484,0.7037985901719501,0.7017909773721239,0.1859198333610245
2020-11-11,0.8178123217341701,0.9128280091272104,0.9629207073588134,0.5919495151169424,0.5053123217341701,0.561466058185967,0.7054539157362889,0.7126592508081385,0.187032028760216
2020-11-12,0.8037293211637194,0.8178123217341701,0.9128280091272104,0.9629207073588134,0.5919495151169424,0.5053123217341701,0.7365740363458562,0.720009745198707,0.181873951998231
2020-12-02,0.5807187678265829,0.8037293211637194,0.8178123217341701,0.9128280091272104,0.9629207073588134,0.5919495151169424,0.7393244234373727,0.7189104392470053,0.1789058946292842
2020-12-03,0.5438177410154021,0.5807187678265829,0.8037293211637194,0.8178123217341701,0.9128280091272104,0.9629207073588134,0.7448251976204058,0.7068477847499525,0.170925570697908
2020-12-05,0.5067384483742157,0.5438177410154021,0.5807187678265829,0.8037293211637194,0.8178123217341701,0.9128280091272104,0.7326521880857305,0.6967757653546301,0.1859974708825512
2020-12-06,0.5830362236166572,0.5067384483742157,0.5438177410154021,0.5807187678265829,0.8037293211637194,0.8178123217341701,0.6783829761225654,0.688634959117703,0.16140821402802774
2020-12-08,0.8748573873359954,0.5830362236166572,0.5067384483742157,0.5438177410154021,0.5807187678265829,0.8037293211637194,0.6729586015809632,0.6980236261646701,0.15261466903132628
2020-12-10,0.8481175128351397,0.8748573873359954,0.5830362236166572,0.5067384483742157,0.5438177410154021,0.5807187678265829,0.6772879145953875,0.707739113899981,0.1577520557248697
2020-12-11,0.8179905875641758,0.8481175128351397,0.8748573873359954,0.5830362236166572,0.5067384483742157,0.5438177410154021,0.6793252383668813,0.7184826012549915,0.1597367754469149
2021-01-03,0.9133628066172276,0.8179905875641758,0.8481175128351397,0.8748573873359954,0.5830362236166572,0.5067384483742157,0.7268458153369733,0.7294875451606769,0.1743262914059895
2021-01-04,0.8215559041642898,0.9133628066172276,0.8179905875641758,0.8481175128351397,0.8748573873359954,0.5830362236166572,0.7665226957868144,0.7360001901502187,0.15641231638013356
2021-02-02,0.928871933827724,0.8215559041642898,0.9133628066172276,0.8179905875641758,0.8481175128351397,0.8748573873359954,0.8268274794230299,0.7369390568549153,0.11561547450871468
2021-02-03,0.8909013120365089,0.928871933827724,0.8215559041642898,0.9133628066172276,0.8179905875641758,0.8481175128351397,0.8708082063401515,0.739250570450656,0.04346028246624311
2021-03-02,0.910154021677125,0.8909013120365089,0.928871933827724,0.8215559041642898,0.9133628066172276,0.8179905875641758,0.8758505826745987,0.7412649743297205,0.04598277814642589
2021-03-03,0.9024885909868796,0.910154021677125,0.8909013120365089,0.928871933827724,0.8215559041642898,0.9133628066172276,0.8836178795534186,0.7442360714964823,0.04510107045085735
2021-04-01,0.9269110096976612,0.9024885909868796,0.910154021677125,0.8909013120365089,0.928871933827724,0.8215559041642898,0.8991779398582024,0.7553539170945047,0.03669056341419059
2021-04-02,0.8958927552766686,0.9269110096976612,0.9024885909868796,0.910154021677125,0.8909013120365089,0.928871933827724,0.8966822182381223,0.7655923179311656,0.03615514317916005
2021-04-03,0.8800270964061608,0.8958927552766686,0.9269110096976612,0.9024885909868796,0.910154021677125,0.8909013120365089,0.9050352457012468,0.7761515972618369,0.01820340999260237
2021-05-01,0.935467769537935,0.8800270964061608,0.8958927552766686,0.9269110096976612,0.9024885909868796,0.910154021677125,0.9059775079455628,0.7877923559612093,0.01974808265555948
2021-05-02,0.900527666856817,0.935467769537935,0.8800270964061608,0.8958927552766686,0.9269110096976612,0.9024885909868796,0.9073527014913211,0.7970146415668378,0.018837425492934642
2021-05-03,0.8586351968054764,0.900527666856817,0.935467769537935,0.8800270964061608,0.8958927552766686,0.9269110096976612,0.8999928693667998,0.7935503422703936,0.026189913964906508
2021-06-01,0.936002567027952,0.8586351968054764,0.900527666856817,0.935467769537935,0.8800270964061608,0.8958927552766686,0.9047805802298102,0.7940494865944097,0.029567673882759528
2021-06-04,0.847404449515117,0.936002567027952,0.8586351968054764,0.900527666856817,0.935467769537935,0.8800270964061608,0.8934225002037323,0.795053717436775,0.03450774460714092
2021-07-01,0.9219195664575014,0.847404449515117,0.936002567027952,0.8586351968054764,0.900527666856817,0.935467769537935,0.8971406160867085,0.7989102015592319,0.036179912824986164
2021-07-04,0.8454435253850542,0.9219195664575014,0.847404449515117,0.936002567027952,0.8586351968054764,0.900527666856817,0.8922001059408361,0.807562036508842,0.04095276282863376
2021-08-01,0.904627780946948,0.8454435253850542,0.9219195664575014,0.847404449515117,0.936002567027952,0.8586351968054764,0.8877943932849809,0.8190007606008748,0.03698931594540533
2021-08-02,0.9237022247575584,0.904627780946948,0.8454435253850542,0.9219195664575014,0.847404449515117,0.936002567027952,0.8911050444136581,0.8329470907016544,0.039284793906360214
2021-08-03,0.8515045636052482,0.9237022247575584,0.904627780946948,0.8454435253850542,0.9219195664575014,0.847404449515117,0.8900863825279112,0.8415989256512645,0.04034520534480642
2021-09-02,0.9399244152880776,0.8515045636052482,0.9237022247575584,0.904627780946948,0.8454435253850542,0.9219195664575014,0.8906466465650721,0.84083238258224,0.0411091024099486
2021-09-03,0.8728964632059326,0.9399244152880776,0.8515045636052482,0.9237022247575584,0.904627780946948,0.8454435253850542,0.8942883628066172,0.8395013310515308,0.0376211299870126
2021-10-02,0.9254848830576156,0.8728964632059326,0.9399244152880776,0.8515045636052482,0.9237022247575584,0.904627780946948,0.8947976937494906,0.8430904164289789,0.038078909437086306
2021-10-03,0.8689746149458072,0.9254848830576156,0.8728964632059326,0.9399244152880776,0.8515045636052482,0.9237022247575584,0.8981592779724554,0.8452652595550486,0.033793282833640165
2021-11-01,0.8466913861950941,0.8689746149458072,0.9254848830576156,0.8728964632059326,0.9399244152880776,0.8515045636052482,0.8898826501507618,0.8541310135006656,0.03868569969344797
2021-11-02,0.9217413006274956,0.8466913861950941,0.8689746149458072,0.9254848830576156,0.8728964632059326,0.9399244152880776,0.8896025181321816,0.8667284654877353,0.03840607771045494
2021-11-03,0.8905447803764974,0.9217413006274956,0.8466913861950941,0.8689746149458072,0.9254848830576156,0.8728964632059326,0.8951796919566457,0.8795220098878114,0.03459735171592309
2021-12-01,0.8646962350256703,0.8905447803764974,0.9217413006274956,0.8466913861950941,0.8689746149458072,0.9254848830576156,0.884432809062016,0.8889106769347784,0.02972244637568247
2021-12-02,0.9197803764974328,0.8646962350256703,0.8905447803764974,0.9217413006274956,0.8466913861950941,0.8689746149458072,0.8911305109608019,0.8904081099068264,0.03189276742498999
2021-12-03,0.8629135767256133,0.9197803764974328,0.8646962350256703,0.8905447803764974,0.9217413006274956,0.8466913861950941,0.882191752913373,0.8909013120365088,0.029324490366700925
