date,price,gold_price_lag_1,gold_price_lag_2,gold_price_lag_3,gold_price_lag_4,gold_price_lag_5,gold_MA7,gold_MA30,gold_volatility
1968-05-09,0.0034693264836374,0.0027020715882176,0.0040697868365747,0.0042032224705607,0.0014010741568535,0.0037361977516095,0.0032072207740219427,0.0030484482547730534,0.0009760789589723881
1968-05-11,0.0030189812189345,0.0034693264836374,0.0027020715882176,0.0040697868365747,0.0042032224705607,0.0014010741568535,0.003228665786626843,0.0030868109995440467,0.0009690297424378065
1968-05-12,0.00363612102612,0.0030189812189345,0.0034693264836374,0.0027020715882176,0.0040697868365747,0.0042032224705607,0.0032143691115569142,0.0031123861627247065,0.0009609988000911146
1968-06-05,0.0032358141241618,0.00363612102612,0.0030189812189345,0.0034693264836374,0.0027020715882176,0.0040697868365747,0.003476474821172385,0.0030890349267771464,0.0005435435642431571
1968-06-06,0.0042032224705607,0.0032358141241618,0.00363612102612,0.0030189812189345,0.0034693264836374,0.0027020715882176,0.003476474821172385,0.0031401852531384665,0.0005435435642431571
1968-06-08,0.002535277045735,0.0042032224705607,0.0032358141241618,0.00363612102612,0.0030189812189345,0.0034693264836374,0.0032572591367667145,0.00312350579889021,0.0005730158706676936
1968-06-09,0.0033358908496513,0.002535277045735,0.0042032224705607,0.0032358141241618,0.00363612102612,0.0030189812189345,0.003347804745542957,0.00313962927133019,0.0005181124893220416
1968-06-11,0.0030856990359275,0.0033358908496513,0.002535277045735,0.0042032224705607,0.0032358141241618,0.00363612102612,0.003293000824441543,0.0031891116522666865,0.0005233785900849393
1968-06-12,0.0037361977516095,0.0030856990359275,0.0033358908496513,0.002535277045735,0.0042032224705607,0.0032358141241618,0.0033954603291093998,0.0032124628882142466,0.0005309428740029696
1968-07-05,0.0029355839476932,0.0037361977516095,0.0030856990359275,0.0033358908496513,0.002535277045735,0.0042032224705607,0.0032953836036198575,0.0031768800524846334,0.0005438846800154522
1968-07-06,0.0042365813790572,0.0029355839476932,0.0037361977516095,0.0030856990359275,0.0033358908496513,0.002535277045735,0.0034383503543191996,0.0032302543060790533,0.0006473138803161451
1968-07-08,0.002535277045735,0.0042365813790572,0.0029355839476932,0.0037361977516095,0.0030856990359275,0.0033358908496513,0.003200072436486957,0.00322580645161285,0.0006254557060639663
1968-07-10,0.0032524935784101,0.002535277045735,0.0042365813790572,0.0029355839476932,0.0037361977516095,0.0030856990359275,0.0033025319411548286,0.003217466724488723,0.0005529434050855819
1968-07-11,0.0029355839476932,0.0032524935784101,0.002535277045735,0.0042365813790572,0.0029355839476932,0.0037361977516095,0.0032453452408751004,0.0032552734874514403,0.0005693745453965375
1968-08-04,0.00143443306535,0.0029355839476932,0.0032524935784101,0.002535277045735,0.0042365813790572,0.0029355839476932,0.0030094501022211715,0.00320968297917287,0.000895313224454629
1968-08-05,0.0032358141241618,0.00143443306535,0.0029355839476932,0.0032524935784101,0.002535277045735,0.0042365813790572,0.0029379667268715,0.003180771925142557,0.0008462489816023486
1968-08-07,0.0039697101110851,0.0032358141241618,0.00143443306535,0.0029355839476932,0.0032524935784101,0.002535277045735,0.0030856990359274853,0.0032007872702404633,0.0009317133787130119
1968-08-08,0.0023684825032524,0.0039697101110851,0.0032358141241618,0.00143443306535,0.0029355839476932,0.0032524935784101,0.0028188277679553715,0.00318466379780048,0.000806211964660279
1968-08-10,0.0031357373986723,0.0023684825032524,0.0039697101110851,0.0032358141241618,0.00143443306535,0.0029355839476932,0.002904607818374986,0.0031696522889770504,0.0008029518016240478
1968-08-11,0.0030023017646862,0.0031357373986723,0.0023684825032524,0.0039697101110851,0.0032358141241618,0.00143443306535,0.002868866130700143,0.003224138506188023,0.000790355078623268
1968-09-04,0.0017346632418187,0.0030023017646862,0.0031357373986723,0.0023684825032524,0.0039697101110851,0.0032358141241618,0.0026973060298609284,0.0031429651621798396,0.0008966513397522023
1968-09-05,0.0032024552156653,0.0017346632418187,0.0030023017646862,0.0031357373986723,0.0023684825032524,0.0039697101110851,0.0029498806227631143,0.0031107182172998766,0.0007115326006872745
1968-09-07,0.0032691730326583,0.0032024552156653,0.0017346632418187,0.0030023017646862,0.0031357373986723,0.0023684825032524,0.0029546461811197572,0.003108494290066777,0.0007138747034102212
1968-09-08,0.0024352003202455,0.0032691730326583,0.0032024552156653,0.0017346632418187,0.0030023017646862,0.0031357373986723,0.0027354304967141,0.0030973746539012734,0.0005716617822120025
1968-09-09,0.0034359675751409,0.0024352003202455,0.0032691730326583,0.0032024552156653,0.0017346632418187,0.0030023017646862,0.002887928364126743,0.0031162780353826297,0.0005991793458331399
1968-09-10,0.0026687126797211,0.0034359675751409,0.0024352003202455,0.0032691730326583,0.0032024552156653,0.0017346632418187,0.0028212105471337144,0.003080695199653017,0.000592956246249109
1968-09-12,0.0038029155686025,0.0026687126797211,0.0034359675751409,0.0024352003202455,0.0032691730326583,0.0032024552156653,0.0029355839476931855,0.00316075658004465,0.000701066384946132
1968-10-04,0.0018680988758047,0.0038029155686025,0.0026687126797211,0.0034359675751409,0.0024352003202455,0.0032691730326583,0.0029546461811197572,0.0030829191268861166,0.0006637939831394548
1968-10-05,0.0031357373986723,0.0018680988758047,0.0038029155686025,0.0026687126797211,0.0034359675751409,0.0024352003202455,0.0029451150644064714,0.0030517841456227032,0.0006601115472004851
1968-10-06,0.0042699402875537,0.0031357373986723,0.0018680988758047,0.0038029155686025,0.0026687126797211,0.0034359675751409,0.0030880818151058143,0.0031040464356005735,0.0008288099290494185
1968-10-07,0.0034693264836374,0.0042699402875537,0.0031357373986723,0.0018680988758047,0.0038029155686025,0.0026687126797211,0.0032358141241618003,0.0031040464356005735,0.00078399349443783
1968-10-09,0.0034192881208926,0.0034693264836374,0.0042699402875537,0.0031357373986723,0.0018680988758047,0.0038029155686025,0.003233431344983471,0.0031173899989991763,0.000783308831816064
1968-10-10,0.0027687894052106,0.0034192881208926,0.0034693264836374,0.0042699402875537,0.0031357373986723,0.0018680988758047,0.0032477280200534004,0.003088478944968863,0.0007721172787515375
1968-10-12,0.0038195950228508,0.0027687894052106,0.0034192881208926,0.0034693264836374,0.0042699402875537,0.0031357373986723,0.003250110799231729,0.0031079383082584966,0.0007741392493438878
1968-11-04,0.0020682523267838,0.0038195950228508,0.0027687894052106,0.0034192881208926,0.0034693264836374,0.0042699402875537,0.0032787041493716,0.0030367726367992666,0.0007161074056947551
1968-11-06,0.0044367348300363,0.0020682523267838,0.0038195950228508,0.0027687894052106,0.0034192881208926,0.0034693264836374,0.003464560925280743,0.0031001545629426434,0.0008322314658435952
1968-11-07,0.0028021483137071,0.0044367348300363,0.0020682523267838,0.0038195950228508,0.0027687894052106,0.0034192881208926,0.0032548763575883715,0.0030823631450778368,0.000778677993111759
1968-11-09,0.0034693264836374,0.0028021483137071,0.0044367348300363,0.0020682523267838,0.0038195950228508,0.0027687894052106,0.0032548763575883715,0.003095150726668167,0.000778677993111759
1968-11-10,0.0029189044934449,0.0034693264836374,0.0028021483137071,0.0044367348300363,0.0020682523267838,0.0038195950228508,0.0031833929822387003,0.00306790761806268,0.0007840188408304676
1968-11-11,0.0031023784901758,0.0029189044934449,0.0034693264836374,0.0028021483137071,0.0044367348300363,0.0020682523267838,0.003231048565805157,0.003073467436145434,0.0007645132542983582
1968-11-12,0.0040364279280781,0.0031023784901758,0.0029189044934449,0.0034693264836374,0.0028021483137071,0.0044367348300363,0.0032620246951233427,0.0030667956544461303,0.0007960753143755339
1968-12-06,0.0046702471895119,0.0040364279280781,0.0031023784901758,0.0029189044934449,0.0034693264836374,0.0028021483137071,0.0036337382469416426,0.00313796132590536,0.0007520213661638785
1968-12-07,0.0029355839476932,0.0046702471895119,0.0040364279280781,0.0031023784901758,0.0029189044934449,0.0034693264836374,0.0034192881208926287,0.0031273976715481305,0.0006968872132756068
1968-12-08,0.002468559228742,0.0029355839476932,0.0046702471895119,0.0040364279280781,0.0031023784901758,0.0029189044934449,0.003371632537326186,0.0031118301809164232,0.0007550979219505034
1968-12-09,0.0034693264836374,0.002468559228742,0.0029355839476932,0.0046702471895119,0.0040364279280781,0.0031023784901758,0.0033716325373261856,0.0031796599615260034,0.0007550979219505034
1968-12-11,0.003185775761417,0.0034693264836374,0.002468559228742,0.0029355839476932,0.0046702471895119,0.0040364279280781,0.003409757004179343,0.0031779920161011765,0.0007348971543724933
1968-12-12,0.0040531073823264,0.003185775761417,0.0034693264836374,0.002468559228742,0.0029355839476932,0.0046702471895119,0.0035455754173437143,0.003180771925142553,0.000756167379369833
1969-01-04,0.0055042199019248,0.0040531073823264,0.003185775761417,0.0034693264836374,0.002468559228742,0.0029355839476932,0.0037552599850361004,0.0032852965050982996,0.0010581677039365025
1969-01-05,0.0058044500783934,0.0055042199019248,0.0040531073823264,0.003185775761417,0.0034693264836374,0.002468559228742,0.003917288969162028,0.0033742535944223367,0.0012842973468273479
1969-01-07,0.0041698635620642,0.0058044500783934,0.0055042199019248,0.0040531073823264,0.003185775761417,0.0034693264836374,0.0040936146283578854,0.0034131723210016037,0.0012096095829903957
1969-01-08,0.0043566734496447,0.0041698635620642,0.0058044500783934,0.0055042199019248,0.0040531073823264,0.003185775761417,0.004363345231343986,0.00350057266126247,0.0009745122509832405
1969-01-10,0.0039029922940921,0.0043566734496447,0.0041698635620642,0.0058044500783934,0.0055042199019248,0.0040531073823264,0.004425297489980371,0.0035239238972100306,0.0009204920326500272
1969-01-12,0.0004336658104546,0.0039029922940921,0.0043566734496447,0.0041698635620642,0.0058044500783934,0.0055042199019248,0.004032138925557171,0.00342940698980324,0.0017511199866081378
1969-02-01,0.0046035293725189,0.0004336658104546,0.0039029922940921,0.0043566734496447,0.0041698635620642,0.0058044500783934,0.004110770638441814,0.00350168462487902,0.001764525148011618
1969-02-04,0.0055709377189178,0.0046035293725189,0.0004336658104546,0.0039029922940921,0.0043566734496447,0.0041698635620642,0.0041203017551551,0.0035728502963382498,0.0017734638961411275
1969-02-05,0.0058044500783934,0.0055709377189178,0.0046035293725189,0.0004336658104546,0.0039029922940921,0.0043566734496447,0.0041203017551551,0.0036773748762939933,0.0017734638961411275
1969-02-06,0.0051873102712079,0.0058044500783934,0.0055709377189178,0.0046035293725189,0.0004336658104546,0.0039029922940921,0.004265651285032771,0.00372352136638084,0.0018193043792098069
1969-02-07,0.004219901924809,0.0051873102712079,0.0058044500783934,0.0055709377189178,0.0046035293725189,0.0004336658104546,0.004246112495770529,0.00380191480134765,0.0018188983004729946
1969-02-09,0.0038863128398438,0.004219901924809,0.0051873102712079,0.0058044500783934,0.0055709377189178,0.0046035293725189,0.0042437297165921995,0.0038269339827200336,0.001819433553835284
1969-02-10,0.0039863895653334,0.0038863128398438,0.004219901924809,0.0051873102712079,0.0058044500783934,0.0055709377189178,0.0047512616815748865,0.0038174822919793566,0.00077551561956903
1969-02-12,0.0002668712679721,0.0039863895653334,0.0038863128398438,0.004219901924809,0.0051873102712079,0.0058044500783934,0.0041317390952110575,0.003710733784790513,0.0018712661381420472
1969-03-01,0.0047703239150015,0.0002668712679721,0.0039863895653334,0.0038863128398438,0.004219901924809,0.0051873102712079,0.0040173656946515856,0.00375576831126081,0.0017914031152907748
1969-03-02,0.0050205157287253,0.0047703239150015,0.0002668712679721,0.0039863895653334,0.0038863128398438,0.004219901924809,0.0039053750732704283,0.0038308258553779668,0.0016822404123741168
1969-03-03,0.0052039897254561,0.0050205157287253,0.0047703239150015,0.0002668712679721,0.0039863895653334,0.0038863128398438,0.003907757852448742,0.00387697234546481,0.0016843692810590294
1969-03-04,0.0056543349901591,0.0052039897254561,0.0050205157287253,0.0047703239150015,0.0002668712679721,0.0039863895653334,0.004112676861784471,0.003996508434243987,0.0018111577523417062
1969-03-06,0.0049304466757847,0.0056543349901591,0.0052039897254561,0.0050205157287253,0.0047703239150015,0.0002668712679721,0.004261838838347457,0.004012965495768934,0.0018322807351631616
1969-03-07,0.0044367348300363,0.0049304466757847,0.0056543349901591,0.0052039897254561,0.0050205157287253,0.0047703239150015,0.004326173876162158,0.004067451712979907,0.0018289003745862726
1969-03-09,0.0039530306568369,0.0044367348300363,0.0049304466757847,0.0056543349901591,0.0052039897254561,0.0050205157287253,0.004852768074571414,0.00408357518541989,0.0005461146902822749
1969-03-10,0.0040364279280781,0.0039530306568369,0.0044367348300363,0.0049304466757847,0.0056543349901591,0.0052039897254561,0.0047479257907252145,0.00412082596657433,0.0006287710756716312
1969-03-11,0.0031023784901758,0.0040364279280781,0.0039530306568369,0.0044367348300363,0.0049304466757847,0.0056543349901591,0.004473906185218142,0.00412082596657433,0.0008641018292846419
1969-03-12,0.0003169096307168,0.0031023784901758,0.0040364279280781,0.0039530306568369,0.0044367348300363,0.0049304466757847,0.0037757518859696713,0.003996842023328953,0.0017231605761765302
1969-04-02,0.0050705540914701,0.0003169096307168,0.0031023784901758,0.0040364279280781,0.0039530306568369,0.0044367348300363,0.0036923546147283855,0.00401018558672756,0.0016286214398381802
1969-04-03,0.0053040664509457,0.0050705540914701,0.0003169096307168,0.0031023784901758,0.0040364279280781,0.0039530306568369,0.003745728868322814,0.004089135003502643,0.0016812320968329795
1969-04-06,0.0047870033692497,0.0053040664509457,0.0050705540914701,0.0003169096307168,0.0031023784901758,0.0040364279280781,0.003795767231067585,0.0041664164748529,0.001710189300606915
1969-04-07,0.0044700937385328,0.0047870033692497,0.0053040664509457,0.0050705540914701,0.0003169096307168,0.0031023784901758,0.0038696333855955715,0.004199775383349413,0.0017291749311716305
1969-04-08,0.0042699402875537,0.0044700937385328,0.0047870033692497,0.0053040664509457,0.0050705540914701,0.0003169096307168,0.0039029922940920854,0.004235914200887303,0.0017351710354926249
1969-04-09,0.0040197484738299,0.0042699402875537,0.0044700937385328,0.0047870033692497,0.0053040664509457,0.0050705540914701,0.004034045148899814,0.004234802237270754,0.0016988886917476455
1969-04-11,0.0031023784901758,0.0040197484738299,0.0042699402875537,0.0044700937385328,0.0047870033692497,0.0053040664509457,0.004431969271679672,0.00415474085687912,0.0007370931388114596
1969-04-12,0.0002335123594756,0.0031023784901758,0.0040197484738299,0.0042699402875537,0.0044700937385328,0.0047870033692497,0.0037409633099661716,0.003969042932915193,0.001690003104997136
1969-05-02,0.0052206691797044,0.0002335123594756,0.0031023784901758,0.0040197484738299,0.0042699402875537,0.0044700937385328,0.003729049414074557,0.004004069786836533,0.0016773941801988708
1969-05-03,0.0054041431764352,0.0052206691797044,0.0002335123594756,0.0031023784901758,0.0040197484738299,0.0042699402875537,0.0038172122436724854,0.004038985444396217,0.001756614697097804
1969-05-05,0.0057377322614004,0.0054041431764352,0.0052206691797044,0.0002335123594756,0.0031023784901758,0.0040197484738299,0.003998303461225,0.004100143443306493,0.0018950266424248537
1969-05-06,0.0044700937385328,0.0057377322614004,0.0054041431764352,0.0052206691797044,0.0002335123594756,0.0031023784901758,0.004026896811364871,0.0042346910409090995,0.0019013079838030265
1969-05-08,0.0041365046535677,0.0044700937385328,0.0057377322614004,0.0054041431764352,0.0052206691797044,0.0002335123594756,0.004043576265613129,0.004219123550277394,0.0019017469007302859
1969-05-09,0.0040030690195816,0.0041365046535677,0.0044700937385328,0.0057377322614004,0.0054041431764352,0.0052206691797044,0.004172246341242528,0.004166861260299521,0.0018574060457431415
1969-05-11,0.0030023017646862,0.0040030690195816,0.0041365046535677,0.0044700937385328,0.0057377322614004,0.0054041431764352,0.004567787684844042,0.004073456316509279,0.0009539145283322818
1969-05-12,0.000200153450979,0.0030023017646862,0.0040030690195816,0.0041365046535677,0.0044700937385328,0.0057377322614004,0.003850571152168986,0.003907217755834983,0.0018488237357611181
1969-06-01,0.0047703239150015,0.000200153450979,0.0030023017646862,0.0040030690195816,0.0041365046535677,0.0044700937385328,0.003760025543392743,0.003925565155508067,0.0017740661766479182
1969-06-02,0.0051539513627114,0.0047703239150015,0.000200153450979,0.0030023017646862,0.0040030690195816,0.0041365046535677,0.0036766282721514575,0.003967819772936986,0.0016766476666309521
1969-06-03,0.0055709377189178,0.0051539513627114,0.0047703239150015,0.000200153450979,0.0030023017646862,0.0040030690195816,0.003833891697920743,0.004020638044723133,0.0018098150331958285
1969-06-05,0.0056543349901591,0.0055709377189178,0.0051539513627114,0.0047703239150015,0.000200153450979,0.0030023017646862,0.0040507246031480865,0.004200220168796034,0.0019384661610018128
1969-06-06,0.0038195950228508,0.0056543349901591,0.0055709377189178,0.0051539513627114,0.0047703239150015,0.000200153450979,0.004024514032186543,0.004168529205724343,0.0019404573006608116
1969-06-08,0.0040697868365747,0.0038195950228508,0.0056543349901591,0.0055709377189178,0.0051539513627114,0.0047703239150015,0.004177011899599186,0.004136838242652657,0.0018879702382964183
1969-06-10,0.0039029922940921,0.0040697868365747,0.0038195950228508,0.0056543349901591,0.0055709377189178,0.0051539513627114,0.004705988877186771,0.00409347166160719,0.0007839596979729273
1969-06-11,0.0027354304967141,0.0039029922940921,0.0040697868365747,0.0038195950228508,0.0056543349901591,0.0055709377189178,0.004415289817431429,0.0039961748451590225,0.0010781911224080204
1969-07-01,0.004803682823498,0.0027354304967141,0.0039029922940921,0.0040697868365747,0.0038195950228508,0.0056543349901591,0.004365251454686658,0.003991949383416133,0.0010458392135106614
1969-07-02,0.0050872335457183,0.004803682823498,0.0027354304967141,0.0039029922940921,0.0040697868365747,0.0038195950228508,0.0042961508585153,0.004013632673938867,0.0009658185205975731
1969-07-03,0.0057377322614004,0.0050872335457183,0.004803682823498,0.0027354304967141,0.0039029922940921,0.0040697868365747,0.004308064754406914,0.004073122727424316,0.0009856750400667592
1969-07-05,0.0058044500783934,0.0057377322614004,0.0050872335457183,0.004803682823498,0.0027354304967141,0.0039029922940921,0.004591615476627286,0.004132056799101494,0.001100537064524818
1969-07-07,0.0046368882810154,0.0058044500783934,0.0057377322614004,0.0050872335457183,0.004803682823498,0.0027354304967141,0.004672629968690243,0.004183207125462813,0.0010763280203331695
1969-07-08,0.0041031457450712,0.0046368882810154,0.0058044500783934,0.0057377322614004,0.0050872335457183,0.004803682823498,0.004701223318830114,0.004309414995941293,0.0010549201484164978
1969-07-10,0.0039196717483403,0.0041031457450712,0.0046368882810154,0.0058044500783934,0.0057377322614004,0.0050872335457183,0.004870400640490999,0.004271052251170301,0.0007329476779771195
1969-07-11,0.0024185208659972,0.0039196717483403,0.0041031457450712,0.0046368882810154,0.0058044500783934,0.0057377322614004,0.0045296632179908855,0.004174867398338683,0.001184470557938273
1969-08-01,0.0050371951829736,0.0024185208659972,0.0039196717483403,0.0041031457450712,0.0046368882810154,0.0058044500783934,0.004522514880455929,0.004183207125462813,0.001180689724253454
1969-08-04,0.0056543349901591,0.0050371951829736,0.0024185208659972,0.0039196717483403,0.0041031457450712,0.0046368882810154,0.004510600984564315,0.004222681833850357,0.0011667218492509921
1969-08-05,0.0058211295326416,0.0056543349901591,0.0050371951829736,0.0024185208659972,0.0039196717483403,0.0041031457450712,0.004512983763742629,0.004274388142019954,0.0011698175851662265
1969-08-07,0.004803682823498,0.0058211295326416,0.0056543349901591,0.0050371951829736,0.0024185208659972,0.0039196717483403,0.004536811555525857,0.00430051928700889,0.001174451528991161
1969-08-08,0.0041698635620642,0.004803682823498,0.0058211295326416,0.0056543349901591,0.0050371951829736,0.0024185208659972,0.004546342672239142,0.004336102122738503,0.0011706100448872574
1969-08-09,0.0040097408012809,0.0041698635620642,0.004803682823498,0.0058211295326416,0.0056543349901591,0.0050371951829736,0.004559209679802085,0.004461976404132013,0.0011630443861561464
1969-08-10,0.0038863128398438,0.0040097408012809,0.0041698635620642,0.004803682823498,0.0058211295326416,0.0056543349901591,0.004768894247494457,0.004417497859469993,0.0007829965622736457
1969-08-12,0.0001000767254895,0.0038863128398438,0.0040097408012809,0.0041698635620642,0.004803682823498,0.0058211295326416,0.004063591610711014,0.00424069564443847,0.0019114658726929917
1969-09-01,0.0050705540914701,0.0001000767254895,0.0038863128398438,0.0040097408012809,0.0041698635620642,0.004803682823498,0.003980194339469729,0.00421845637210746,0.0018419660646197679
1969-09-04,0.0056710144444073,0.0050705540914701,0.0001000767254895,0.0038863128398438,0.0040097408012809,0.0041698635620642,0.003958749326864829,0.004258487062303277,0.0018176745638822877
1969-09-05,0.0057544117156486,0.0056710144444073,0.0050705540914701,0.0001000767254895,0.0038863128398438,0.0040097408012809,0.0040945677400292,0.004312417297705973,0.0019237554085861355
1969-09-06,0.0042365813790572,0.0057544117156486,0.0056710144444073,0.0050705540914701,0.0001000767254895,0.0038863128398438,0.004104098856742486,0.004320201043021827,0.001924355812124319
1969-09-07,0.0046202088267671,0.0042365813790572,0.0057544117156486,0.0056710144444073,0.0050705540914701,0.0001000767254895,0.004191308574669086,0.004374131278424524,0.0019331795512472166
1969-09-09,0.0041031457450712,0.0046202088267671,0.0042365813790572,0.0057544117156486,0.0056710144444073,0.0050705540914701,0.004222284703987286,0.00450423102156093,0.001929211095513339
1969-09-10,0.0039296794208893,0.0041031457450712,0.0046202088267671,0.0042365813790572,0.0057544117156486,0.0056710144444073,0.0047693708033301144,0.004476209538423857,0.000744874658287962
1969-09-12,6.671781699302964e-05,0.0039296794208893,0.0041031457450712,0.0046202088267671,0.0042365813790572,0.0057544117156486,0.0040545370498333904,0.0043066350868999105,0.0019050963322205185
1969-10-01,0.004937118457484,6.671781699302964e-05,0.0039296794208893,0.0041031457450712,0.0046202088267671,0.0042365813790572,0.003949694765987204,0.004285507778185451,0.0018195860176071148
1969-10-02,0.0050371951829736,0.004937118457484,6.671781699302964e-05,0.0039296794208893,0.0041031457450712,0.0046202088267671,0.003847235261319347,0.004264936451279267,0.0017184066210058709
1969-10-03,0.0059545651666277,0.0050371951829736,0.004937118457484,6.671781699302964e-05,0.0039296794208893,0.0041031457450712,0.004092661516686561,0.004336102122738498,0.001896713758642618
1969-10-04,0.005664342662708,0.0059545651666277,0.0050371951829736,0.004937118457484,6.671781699302964e-05,0.0039296794208893,0.004241823493249547,0.004389253983609608,0.001984156785092266
1969-10-06,0.004937118457484,0.005664342662708,0.0059545651666277,0.0050371951829736,0.004937118457484,6.671781699302964e-05,0.004360962452165661,0.004423724855722671,0.0019994213252711697
1969-10-07,0.0046702471895119,0.004937118457484,0.005664342662708,0.0059545651666277,0.0050371951829736,0.004937118457484,0.004466757847683175,0.004488218745482598,0.0019923778570422736
1969-10-09,0.0040364279280781,0.0046702471895119,0.004937118457484,0.005664342662708,0.0059545651666277,0.0050371951829736,0.0050338592921239005,0.004462643582301935,0.0006312712546149037
1969-10-10,0.0038896487306935,0.0040364279280781,0.0046702471895119,0.004937118457484,0.005664342662708,0.0059545651666277,0.004884220759725257,0.004422724088467775,0.0007674782916117301
1969-10-11,0.0021516495980251,0.0038896487306935,0.0040364279280781,0.0046702471895119,0.004937118457484,0.005664342662708,0.004471999961875472,0.004303187999688598,0.0012772496261433098
1969-10-12,0.0001000767254895,0.0021516495980251,0.0038896487306935,0.0040364279280781,0.0046702471895119,0.004937118457484,0.0036356444702843,0.004113042221258468,0.0019064574164842129
1969-11-02,0.0051039129999666,0.0001000767254895,0.0021516495980251,0.0038896487306935,0.0040364279280781,0.0046702471895119,0.003555583089892671,0.0041286097118901745,0.001816718957906749
1969-11-03,0.0053707842679387,0.0051039129999666,0.0001000767254895,0.0021516495980251,0.0038896487306935,0.0040364279280781,0.003617535348529057,0.004170864329319091,0.0018780422164464089
1969-11-04,0.0056710144444073,0.0053707842679387,0.0051039129999666,0.0001000767254895,0.0021516495980251,0.0038896487306935,0.0037605020992284,0.004229242419187992,0.0020053159823726196
1969-11-06,0.0043366581045468,0.0056710144444073,0.0053707842679387,0.0051039129999666,0.0001000767254895,0.0021516495980251,0.0038033921244382146,0.004293180327139644,0.0020153865193619377
1969-11-07,0.0046635754078126,0.0043366581045468,0.0056710144444073,0.0053707842679387,0.0051039129999666,0.0001000767254895,0.003913953078312372,0.004280726334634278,0.002041960085382754
1969-11-08,0.0042032224705607,0.0046635754078126,0.0043366581045468,0.0056710144444073,0.0053707842679387,0.0051039129999666,0.004207034917246028,0.0042323559173143305,0.00188831010942977
1969-11-09,0.0040197484738299,0.0042032224705607,0.0046635754078126,0.0043366581045468,0.0056710144444073,0.0053707842679387,0.0047669880241518,0.0041723098820206075,0.0006281492213592567
1969-11-11,0.0023017646862594,0.0040197484738299,0.0042032224705607,0.0046635754078126,0.0043366581045468,0.0056710144444073,0.004366681122193628,0.0040889126107793205,0.0010961688603069288
1969-11-12,0.000200153450979,0.0023017646862594,0.0040197484738299,0.0042032224705607,0.0046635754078126,0.0043366581045468,0.003628019576913672,0.003956588940409814,0.0018139230312692425
1969-12-02,0.0050705540914701,0.000200153450979,0.0023017646862594,0.0040197484738299,0.0042032224705607,0.0046635754078126,0.003542239526494072,0.003991949383416121,0.00171257461433292
1969-12-03,0.0053040664509457,0.0050705540914701,0.000200153450979,0.0023017646862594,0.0040197484738299,0.0042032224705607,0.003680440718836772,0.004039207837119518,0.0018228506569637046
1969-12-05,0.0057377322614004,0.0053040664509457,0.0050705540914701,0.000200153450979,0.0023017646862594,0.0040197484738299,0.003833891697920743,0.004227129688316548,0.0019594970170565664
1969-12-06,0.0044033759215398,0.0057377322614004,0.0053040664509457,0.0050705540914701,0.000200153450979,0.0023017646862594,0.003862485048060614,0.004204890415985538,0.001967229666423831
1969-12-08,0.0041365046535677,0.0044033759215398,0.0057377322614004,0.0053040664509457,0.0050705540914701,0.000200153450979,0.0038791645023088716,0.004153740089624218,0.0019692791782996615
1969-12-09,0.0041031457450712,0.0041365046535677,0.0044033759215398,0.0057377322614004,0.0053040664509457,0.0050705540914701,0.0041365046535677,0.004098697890604971,0.0018424066071217183
1969-12-11,0.0019014577843012,0.0041031457450712,0.0041365046535677,0.0044033759215398,0.0057377322614004,0.0053040664509457,0.004379548129756585,0.004020860437446438,0.0012552460206579164
1969-12-12,0.0002668712679721,0.0019014577843012,0.0041031457450712,0.0041365046535677,0.0044033759215398,0.0057377322614004,0.0036933077263997284,0.0038757491854866043,0.0019405323980033332
1970-01-04,0.0003169096307168,0.0002668712679721,0.0019014577843012,0.0041031457450712,0.0041365046535677,0.0044033759215398,0.0029808567520813144,0.0037495413150081245,0.002154313951988078
1970-01-05,0.000650498715682,0.0003169096307168,0.0002668712679721,0.0019014577843012,0.0041031457450712,0.0041365046535677,0.0022541091026929715,0.0036402352915012146,0.0019139611022288337
1970-01-06,0.0003335890849651,0.000650498715682,0.0003169096307168,0.0002668712679721,0.0019014577843012,0.0041031457450712,0.0016727109831823001,0.0036491310004336166,0.0017645757503043876
1970-01-07,0.0003936351202588,0.0003335890849651,0.000650498715682,0.0003169096307168,0.0002668712679721,0.0019014577843012,0.001138015335566743,0.0034976815558594434,0.0014286838485824958
1970-01-09,0.0006838576241785,0.0003936351202588,0.0003335890849651,0.000650498715682,0.0003169096307168,0.0002668712679721,0.0006495456040106429,0.0033525703038996065,0.00057603057877785
1970-01-10,0.0009840878006471,0.0006838576241785,0.0003936351202588,0.0003335890849651,0.000650498715682,0.0003169096307168,0.0005184927492029143,0.0031868877250335868,0.0002630835687953449
1970-01-12,0.0017013043333222,0.0009840878006471,0.0006838576241785,0.0003936351202588,0.0003335890849651,0.000650498715682,0.0007234117585386428,0.0030547864473873935,0.0004927922239681073
1970-02-01,0.0001167561797378,0.0017013043333222,0.0009840878006471,0.0006838576241785,0.0003936351202588,0.0003335890849651,0.0006948184083987858,0.0028941077047958536,0.0005250601568203964
1970-02-02,5.671014444407277e-05,0.0001167561797378,0.0017013043333222,0.0009840878006471,0.0006838576241785,0.0003936351202588,0.0006099914696505104,0.002740323136626926,0.000578644632493974
1970-02-03,6.671781699302964e-05,5.671014444407277e-05,0.0001167561797378,0.0017013043333222,0.0009840878006471,0.0006838576241785,0.0005718670027973574,0.002607999466257423,0.0006079406937751243
1970-02-04,0.0003169096307168,6.671781699302964e-05,5.671014444407277e-05,0.0001167561797378,0.0017013043333222,0.0009840878006471,0.0005609062185770718,0.0024889081629248665,0.0006123652244884307
1970-02-06,0.0002335123594756,0.0003169096307168,6.671781699302964e-05,5.671014444407277e-05,0.0001167561797378,0.0017013043333222,0.0004965711807623718,0.002424970254973217,0.0006208923310016872
1970-02-07,0.0003602762117623,0.0002335123594756,0.0003169096307168,6.671781699302964e-05,5.671014444407277e-05,0.0001167561797378,0.0004074552394931146,0.00243364357118231,0.00058286019295268
1970-02-09,0.0008006138039163,0.0003602762117623,0.0002335123594756,0.0003169096307168,6.671781699302964e-05,5.671014444407277e-05,0.00027878516386370037,0.0022902002646473,0.0002591628470713002
1970-02-10,0.0009507288921506,0.0008006138039163,0.0003602762117623,0.0002335123594756,0.0003169096307168,6.671781699302964e-05,0.0003979241227798146,0.0021428650854543635,0.0003485418744279591
1970-02-11,0.0018347399673082,0.0009507288921506,0.0008006138039163,0.0003602762117623,0.0002335123594756,0.0003169096307168,0.0006519283831889756,0.0020149892695510603,0.000608998395087186
1970-02-12,0.0017680221503152,0.0018347399673082,0.0009507288921506,0.0008006138039163,0.0003602762117623,0.0002335123594756,0.0008949718593778572,0.0019293680710766735,0.000672678383072402
1970-03-02,6.671781699302964e-05,0.0017680221503152,0.0018347399673082,0.0009507288921506,0.0008006138039163,0.0003602762117623,0.0008592301717030329,0.0017761394847160212,0.0007138958587887913
1970-03-03,7.338959869233191e-05,6.671781699302964e-05,0.0017680221503152,0.0018347399673082,0.0009507288921506,0.0008006138039163,0.0008363554915911374,0.0016384783889870755,0.0007393965616066326
1970-03-04,0.0002935583947693,7.338959869233191e-05,6.671781699302964e-05,0.0017680221503152,0.0018347399673082,0.0009507288921506,0.0008268243748778516,0.0015142720530183888,0.0007469476737841726
1970-03-06,0.0001501150882343,0.0002935583947693,7.338959869233191e-05,6.671781699302964e-05,0.0017680221503152,0.0018347399673082,0.0007338959869232802,0.0014425503997508855,0.0007899771760220004
1970-03-07,0.0003002301764686,0.0001501150882343,0.0002935583947693,7.338959869233191e-05,6.671781699302964e-05,0.0017680221503152,0.0006409675989687088,0.0014458862906005386,0.0007984342345248099
1970-03-08,0.0002835507222203,0.0003002301764686,0.0001501150882343,0.0002935583947693,7.338959869233191e-05,6.671781699302964e-05,0.0004193691353847231,0.0012863195116255455,0.0006033098380464143
1970-03-09,0.0009173699836541,0.0002835507222203,0.0003002301764686,0.0001501150882343,0.0002935583947693,7.338959869233191e-05,0.0002978473972902802,0.0011400962960491587,0.0002914514609361904
1970-03-11,0.0016846248790739,0.0009173699836541,0.0002835507222203,0.0003002301764686,0.0001501150882343,0.0002935583947693,0.0005289769775875475,0.0010049927166382755,0.0005781361496749758
1970-03-12,0.0017680221503152,0.0016846248790739,0.0009173699836541,0.0002835507222203,0.0003002301764686,0.0001501150882343,0.0007710673421051,0.0009171475909307888,0.0006979574143493559
1970-04-02,6.671781699302964e-05,0.0017680221503152,0.0016846248790739,0.0009173699836541,0.0002835507222203,0.0003002301764686,0.0007386615452799185,0.0007814880297116331,0.0007284240777798055
1970-04-03,5.3374253594421633e-05,6.671781699302964e-05,0.0017680221503152,0.0016846248790739,0.0009173699836541,0.0002835507222203,0.0007248414260456502,0.0006464956466624073,0.0007422381235954884
1970-04-05,0.0006938652967274,5.3374253594421633e-05,6.671781699302964e-05,0.0017680221503152,0.0016846248790739,0.0009173699836541,0.0007810750146540503,0.0006062425637432806,0.0007192628036882641
1970-04-06,0.0001934816692797,0.0006938652967274,5.3374253594421633e-05,6.671781699302964e-05,0.0017680221503152,0.0016846248790739,0.0007682080070911074,0.0006037962437868672,0.0007303664015864636
1970-04-08,0.0002735430496714,0.0001934816692797,0.0006938652967274,5.3374253594421633e-05,6.671781699302964e-05,0.0017680221503152,0.0006762327308078646,0.0006023506910853539,0.0007487588005173814
1970-04-09,0.0009006905294058,0.0002735430496714,0.0001934816692797,0.0006938652967274,5.3374253594421633e-05,6.671781699302964e-05,0.0005642421094267073,0.0006106904182094804,0.0006204261615802002
1970-04-11,0.0015345097908396,0.0009006905294058,0.0002735430496714,0.0001934816692797,0.0006938652967274,5.3374253594421633e-05,0.0005308832009301931,0.0006507211084052972,0.000546826450402554
1970-04-12,0.0017613503686159,0.0015345097908396,0.0009006905294058,0.0002735430496714,0.0001934816692797,0.0006938652967274,0.000772973565447746,0.0006963116166838672,0.0006686380107004091
1970-05-01,0.0001834739967308,0.0017613503686159,0.0015345097908396,0.0009006905294058,0.0002735430496714,0.0001934816692797,0.0007915592430386573,0.0006796321624356105,0.0006467520540023429
1970-05-02,6.671781699302964e-05,0.0001834739967308,0.0017613503686159,0.0015345097908396,0.0009006905294058,0.0002735430496714,0.0007019667459337471,0.0006490531629804748,0.0007034904160850423
1970-05-03,6.004603529372737e-05,6.671781699302964e-05,0.0001834739967308,0.0017613503686159,0.0015345097908396,0.0009006905294058,0.0006829045125071796,0.0005943445530461924,0.0007211511789617218
1970-05-05,0.0008806751843079,6.004603529372737e-05,6.671781699302964e-05,0.0001834739967308,0.0017613503686159,0.0015345097908396,0.0007696376745981082,0.0006198085198651957,0.0006999085748668307
1970-05-06,0.0002068252326783,0.0008806751843079,6.004603529372737e-05,6.671781699302964e-05,0.0001834739967308,0.0017613503686159,0.0006705140607798939,0.00062481235613967,0.0007268696166145757
1970-05-08,0.0002802148313707,0.0002068252326783,0.0008806751843079,6.004603529372737e-05,6.671781699302964e-05,0.0001834739967308,0.000491329066570051,0.0006319289232855923,0.0006259833157002746
1970-05-10,0.0012176001601227,0.0002802148313707,0.0002068252326783,0.0008806751843079,6.004603529372737e-05,6.671781699302964e-05,0.0004136504653567367,0.0006619519409324557,0.00045155444619768444
1970-05-11,0.001234279614371,0.0012176001601227,0.0002802148313707,0.0002068252326783,0.0008806751843079,6.004603529372737e-05,0.0005637655535910511,0.0006953108494289691,0.0005301128374819491
1970-06-01,0.0001000767254895,0.001234279614371,0.0012176001601227,0.0002802148313707,0.0002068252326783,0.0008806751843079,0.0005685311119476897,0.0006866375332198756,0.0005250253368176309
1970-06-02,6.671781699302964e-05,0.0001000767254895,0.001234279614371,0.0012176001601227,0.0002802148313707,0.0002068252326783,0.0005694842236190186,0.0006621743336557666,0.0005239533657148095
1970-06-03,3.335890849651829e-05,6.671781699302964e-05,0.0001000767254895,0.001234279614371,0.0012176001601227,0.0002802148313707,0.00044843904136024966,0.0006315953342006307,0.0005377716000818535
1970-06-04,0.0002535277045735,3.335890849651829e-05,6.671781699302964e-05,0.0001000767254895,0.001234279614371,0.0012176001601227,0.00045511082305956397,0.0005788882587761407,0.0005345545452512273
1970-06-05,0.0008840110751576,0.0002535277045735,3.335890849651829e-05,6.671781699302964e-05,0.0001000767254895,0.001234279614371,0.0005413674293148355,0.000549421222937554,0.0005501176805276408
1970-06-07,0.0003002301764686,0.0008840110751576,0.0002535277045735,3.335890849651829e-05,6.671781699302964e-05,0.0001000767254895,0.0004103145745071069,0.0005572049682534063,0.0004648313830118485
1970-06-08,0.0002835507222203,0.0003002301764686,0.0008840110751576,0.0002535277045735,3.335890849651829e-05,6.671781699302964e-05,0.00027449616134272113,0.000564210339037672,0.0002899521470988757
1970-06-10,0.0012843179771157,0.0002835507222203,0.0003002301764686,0.0008840110751576,0.0002535277045735,3.335890849651829e-05,0.0004436734830036068,0.0005972356584492185,0.00046429241549206056
1970-06-11,0.0014677919738466,0.0012843179771157,0.0002835507222203,0.0003002301764686,0.0008840110751576,0.0002535277045735,0.0006438269339826883,0.0006411582213029618,0.0005656409291057824
1970-07-01,6.671781699302964e-05,0.0014677919738466,0.0012843179771157,0.0002835507222203,0.0003002301764686,0.0008840110751576,0.0006485924923393327,0.0006333744759871096,0.0005597503480755748
1970-07-04,0.0002668712679721,6.671781699302964e-05,0.0014677919738466,0.0012843179771157,0.0002835507222203,0.0003002301764686,0.0006504987156819899,0.0006328184941788363,0.0005582013053568122
1970-07-05,0.0008840110751576,0.0002668712679721,6.671781699302964e-05,0.0014677919738466,0.0012843179771157,0.0002835507222203,0.0006504987156819899,0.0006317065305622862,0.0005582013053568122
1970-07-07,0.0002668712679721,0.0008840110751576,0.0002668712679721,6.671781699302964e-05,0.0014677919738466,0.0012843179771157,0.000645733157325347,0.0005844480768588928,0.0005618207274954148
1970-07-08,0.0002668712679721,0.0002668712679721,0.0008840110751576,0.0002668712679721,6.671781699302964e-05,0.0014677919738466,0.0006433503781470328,0.0005344097141141229,0.0005636452268508187
1970-07-09,0.0008172932581645,0.0002668712679721,0.0002668712679721,0.0008840110751576,0.0002668712679721,6.671781699302964e-05,0.0005766325611540041,0.0005594288954865052,0.0004990713782217882
1970-07-10,0.0011842412516262,0.0008172932581645,0.0002668712679721,0.0002668712679721,0.0008840110751576,0.0002668712679721,0.0005361253151225184,0.0005971244620875646,0.00041991483390494555
1970-07-12,0.0016679454248256,0.0011842412516262,0.0008172932581645,0.0002668712679721,0.0002668712679721,0.0008840110751576,0.0007648721162414571,0.0006295937996908378,0.0005404270648714754
1970-08-01,3.335890849651829e-05,0.0016679454248256,0.0011842412516262,0.0008172932581645,0.0002668712679721,0.0002668712679721,0.0007315132077449453,0.0006242563743313984,0.000581905703338798
1970-08-04,0.0003169096307168,3.335890849651829e-05,0.0016679454248256,0.0011842412516262,0.0008172932581645,0.0002668712679721,0.0006504987156819741,0.0006257019270329117,0.0005964314121672477
1970-08-05,0.0008673316209093,0.0003169096307168,3.335890849651829e-05,0.0016679454248256,0.0011842412516262,0.0008172932581645,0.0007362787661015739,0.0006245899634163618,0.0005748509295637595
1970-08-06,0.0004169863562064,0.0008673316209093,0.0003169096307168,3.335890849651829e-05,0.0016679454248256,0.0011842412516262,0.0007577237787064741,0.0005873391822619218,0.0005569420333510236
1970-08-07,0.0002668712679721,0.0004169863562064,0.0008673316209093,0.0003169096307168,3.335890849651829e-05,0.0016679454248256,0.0006790920658218454,0.0005375232122404618,0.0005852654115288464
1970-08-09,0.000783934349668,0.0002668712679721,0.0004169863562064,0.0008673316209093,0.0003169096307168,3.335890849651829e-05,0.0006219053655421025,0.0005575385573383684,0.0005459147652233603
1970-08-10,0.0012176001601227,0.000783934349668,0.0002668712679721,0.0004169863562064,0.0008673316209093,0.0003169096307168,0.0005575703277274026,0.0005959013021093574,0.0004122735920808584
1970-08-12,0.0016512659705774,0.0012176001601227,0.000783934349668,0.0002668712679721,0.0004169863562064,0.0008673316209093,0.0007886999080246714,0.0006489419666188132,0.0005110843790872167
1970-09-01,0.0,0.0016512659705774,0.0012176001601227,0.000783934349668,0.0002668712679721,0.0004169863562064,0.0007434271036365571,0.0006195861271418833,0.000570432225994396
1970-09-02,7.338959869233191e-05,0.0,0.0016512659705774,0.0012176001601227,0.000783934349668,0.0002668712679721,0.0006300068147484188,0.0006151382726756842,0.0006185879541111541
1970-09-03,3.335890849651829e-05,7.338959869233191e-05,0.0,0.0016512659705774,0.0012176001601227,0.000783934349668,0.0005752028936470071,0.0006069097419132116,0.0006564415513114675
1970-09-04,0.0003269173032658,3.335890849651829e-05,7.338959869233191e-05,0.0,0.0016512659705774,0.0012176001601227,0.0005837808986889643,0.0005772203133513149,0.0006521190240970011
1970-09-06,0.0004069786836574,0.0003269173032658,3.335890849651829e-05,7.338959869233191e-05,0.0,0.0016512659705774,0.0005299300892588785,0.0005496436156608615,0.0006483894895691777
1970-09-07,0.0002668712679721,0.0004069786836574,0.0003269173032658,3.335890849651829e-05,7.338959869233191e-05,0.0,0.00039411167609450714,0.0005552034337436149,0.0005758525431503267
1970-09-09,0.0009006905294058,0.0002668712679721,0.0004069786836574,0.0003269173032658,3.335890849651829e-05,7.338959869233191e-05,0.0002868866130699928,0.000583002524157374,0.00031234105937188794
1970-09-10,0.0013510357941088,0.0009006905294058,0.0002668712679721,0.0004069786836574,0.0003269173032658,3.335890849651829e-05,0.0004798917265141071,0.0006269250870111167,0.000478660345522634
1970-09-11,0.0016179070620809,0.0013510357941088,0.0009006905294058,0.0002668712679721,0.0004069786836574,0.0003269173032658,0.0007005370784267598,0.00067240439892803,0.000600519037038245
1970-09-12,0.0014677919738466,0.0016179070620809,0.0013510357941088,0.0009006905294058,0.0002668712679721,0.0004069786836574,0.0009054560877624857,0.0006918637622176633,0.0005792738909583767
1970-10-02,8.339727124128532e-05,0.0014677919738466,0.0016179070620809,0.0013510357941088,0.0009006905294058,0.0002668712679721,0.0008706675117589835,0.0006846359987100862,0.000625293438046919
1970-10-03,4.003069019581709e-05,8.339727124128532e-05,0.0014677919738466,0.0016179070620809,0.0013510357941088,0.0009006905294058,0.0008182463698359002,0.00067651866430927,0.0006833332116878652
1970-10-04,0.0003169096307168,4.003069019581709e-05,8.339727124128532e-05,0.0014677919738466,0.0016179070620809,0.0013510357941088,0.0008253947073708574,0.0006442717194293067,0.0006768347904157234
1970-10-06,0.0004336658104546,0.0003169096307168,4.003069019581709e-05,8.339727124128532e-05,0.0014677919738466,0.0016179070620809,0.0007586768903778288,0.00060980084731624,0.0006910445233166577
1970-10-07,0.0003002301764686,0.0004336658104546,0.0003169096307168,4.003069019581709e-05,8.339727124128532e-05,0.0014677919738466,0.0006085618021435145,0.0006175845926320924,0.0006540639290736189
1970-10-08,0.0002535277045735,0.0003002301764686,0.0004336658104546,0.0003169096307168,4.003069019581709e-05,8.339727124128532e-05,0.0004136504653567431,0.0006171398071854723,0.00048444746741598346
1970-10-09,0.0008506521666611,0.0002535277045735,0.0003002301764686,0.0004336658104546,0.0003169096307168,4.003069019581709e-05,0.0003254876357588146,0.0006160278435689224,0.0002687884755333331
1970-10-11,0.0016179070620809,0.0008506521666611,0.0002535277045735,0.0003002301764686,0.0004336658104546,0.0003169096307168,0.0005447033201644738,0.0006610623700392157,0.0005336720407381277
1970-10-12,0.0015011508823431,0.0016179070620809,0.0008506521666611,0.0002535277045735,0.0003002301764686,0.0004336658104546,0.0007534347761855142,0.0007022050238515824,0.0005865081433113126
1970-11-02,6.671781699302964e-05,0.0015011508823431,0.0016179070620809,0.0008506521666611,0.0002535277045735,0.0003002301764686,0.0007176930885106899,0.0006771858424792,0.0006239704206095667
1970-11-03,6.004603529372737e-05,6.671781699302964e-05,0.0015011508823431,0.0016179070620809,0.0008506521666611,0.0002535277045735,0.0006643188349162796,0.0006397126686014509,0.0006668234386592097
1970-11-05,0.0008006138039163,6.004603529372737e-05,6.671781699302964e-05,0.0015011508823431,0.0016179070620809,0.0008506521666611,0.0007358022102659509,0.000610801614571141,0.0006478384117942488
1970-11-06,0.0005003836274477,0.0008006138039163,6.004603529372737e-05,6.671781699302964e-05,0.0015011508823431,0.0016179070620809,0.0007710673421051223,0.000626369105202847,0.000623470856095988
1970-11-08,0.0002168329052273,0.0005003836274477,0.0008006138039163,6.004603529372737e-05,6.671781699302964e-05,0.0015011508823431,0.0006805217333288652,0.000623033214353197,0.0006552032720521948
1970-11-09,0.0009507288921506,0.0002168329052273,0.0005003836274477,0.0008006138039163,6.004603529372737e-05,6.671781699302964e-05,0.0005852105661959652,0.0006258131233945736,0.0005333040237214166
1970-11-11,0.0015345097908396,0.0009507288921506,0.0002168329052273,0.0005003836274477,0.0008006138039163,6.004603529372737e-05,0.000589976124552608,0.0006630639045490137,0.0005429153512357856
1970-11-12,0.0015178303365913,0.0015345097908396,0.0009507288921506,0.0002168329052273,0.0005003836274477,0.0008006138039163,0.0007972779130666466,0.0007047625401696536,0.0005852119891351128
1970-12-01,5.003836274477397e-05,0.0015178303365913,0.0015345097908396,0.0009507288921506,0.0002168329052273,0.0005003836274477,0.0007958482455596533,0.0006802993406055461,0.0005873216367092847
1970-12-02,6.671781699302964e-05,5.003836274477397e-05,0.0015178303365913,0.0015345097908396,0.0009507288921506,0.0002168329052273,0.0006910059617134717,0.0006419365958345572,0.0006486325834170879
1970-12-03,6.004603529372737e-05,6.671781699302964e-05,5.003836274477397e-05,0.0015178303365913,0.0015345097908396,0.0009507288921506,0.0006281005914057614,0.0005888959313251013,0.0006902196902380404
1970-12-05,0.000717216532675,6.004603529372737e-05,6.671781699302964e-05,5.003836274477397e-05,0.0015178303365913,0.0015345097908396,0.0006995839667554329,0.0006128031490809346,0.0006660143586274776
1970-12-06,0.0004837041731994,0.000717216532675,6.004603529372737e-05,6.671781699302964e-05,5.003836274477397e-05,0.0015178303365913,0.0006328661497624043,0.0006264803015645035,0.000660028054627436
1970-12-08,0.0002335123594756,0.0004837041731994,0.000717216532675,6.004603529372737e-05,6.671781699302964e-05,5.003836274477397e-05,0.0004470093738532615,0.0006331520832638063,0.0005351861364101542
1970-12-10,0.0015278380091403,0.0002335123594756,0.0004837041731994,0.000717216532675,6.004603529372737e-05,6.671781699302964e-05,0.00044843904136026154,0.000673182773459623,0.0005385263689933125
1970-12-11,0.0016345865163291,0.0015278380091403,0.0002335123594756,0.0004837041731994,0.000717216532675,6.004603529372737e-05,0.0006748030633008795,0.0007141030345486798,0.0006620173637270237
1971-01-02,0.0021850085065216,0.0016345865163291,0.0015278380091403,0.0002335123594756,0.0004837041731994,0.000717216532675,0.000977416018947818,0.0007780409425003297,0.0008061774563472418
1971-01-03,0.0025286052640357,0.0021850085065216,0.0016345865163291,0.0015278380091403,0.0002335123594756,0.0004837041731994,0.0013300673373395286,0.0008323047669879929,0.0008749868825071972
1971-01-04,0.0026687126797211,0.0025286052640357,0.0021850085065216,0.0016345865163291,0.0015278380091403,0.0002335123594756,0.001608852501203257,0.0008762273298417363,0.0009544587766657968
1971-01-06,0.0039630383293858,0.0026687126797211,0.0025286052640357,0.0021850085065216,0.0016345865163291,0.0015278380091403,0.002105900237801314,0.0009543983720852329,0.0011556229434473216
1971-01-07,0.0035627314274276,0.0039630383293858,0.0026687126797211,0.0025286052640357,0.0021850085065216,0.0016345865163291,0.002581502961794457,0.0010242296872045996,0.0009170533804174194
1971-01-09,0.0041365046535677,0.0035627314274276,0.0039630383293858,0.0026687126797211,0.0025286052640357,0.0021850085065216,0.0029541696252840853,0.0011593332666154801,0.0009470637737801869
1971-01-10,0.005003836274477,0.0041365046535677,0.0035627314274276,0.0039630383293858,0.0026687126797211,0.0025286052640357,0.003435491019305214,0.0013247934527581863,0.0010181454177914146
1971-01-11,0.0048370417319945,0.005003836274477,0.0041365046535677,0.0035627314274276,0.0039630383293858,0.0026687126797211,0.0038143529086584857,0.0014754645228007763,0.0009674368297766556
1971-01-12,0.0057644193881976,0.0048370417319945,0.005003836274477,0.0041365046535677,0.0035627314274276,0.0039630383293858,0.0042766120692530425,0.001653156308725543,0.0010222060837345684
1971-02-02,0.002401841411749,0.0057644193881976,0.0048370417319945,0.005003836274477,0.0041365046535677,0.0035627314274276,0.004238487602399885,0.001723210016568223,0.001094583780280193
1971-02-03,0.0025419488274343,0.002401841411749,0.0057644193881976,0.0048370417319945,0.005003836274477,0.0041365046535677,0.004035474816406814,0.0017994907206635828,0.0012716494594512493
1971-02-04,0.0026520332254728,0.0025419488274343,0.002401841411749,0.0057644193881976,0.0048370417319945,0.005003836274477,0.003905375073270414,0.0018595367559573063,0.0013707964113298826
1971-02-06,0.0038029155686025,0.0026520332254728,0.0025419488274343,0.002401841411749,0.0057644193881976,0.0048370417319945,0.0038577194897039574,0.0019323703728413597,0.0013672159359188222
1971-02-07,0.0036528004803682,0.0038029155686025,0.0026520332254728,0.0025419488274343,0.002401841411749,0.0057644193881976,0.0036647143762598426,0.0020040920261088628,0.0012703889031789905
1971-02-08,0.0049704773659805,0.0036528004803682,0.0038029155686025,0.0026520332254728,0.0025419488274343,0.002401841411749,0.0036837766096864144,0.0021675506777417784,0.0012917333165840812
1971-02-09,0.0043199786502985,0.0049704773659805,0.0036528004803682,0.0038029155686025,0.0026520332254728,0.0025419488274343,0.003477427932843686,0.002309548431575271,0.000982265238848863
1971-02-11,0.0049537979117323,0.0043199786502985,0.0049704773659805,0.0036528004803682,0.0038029155686025,0.0026520332254728,0.0038419931471270143,0.002447987901835805,0.000990075534041868
1971-02-12,0.0059045268038829,0.0049537979117323,0.0043199786502985,0.0049704773659805,0.0036528004803682,0.0038029155686025,0.004322361429476814,0.0026281260077169783,0.001066938878593129
1971-03-02,0.0026853921339693,0.0059045268038829,0.0049537979117323,0.0043199786502985,0.0049704773659805,0.0036528004803682,0.004327126987833457,0.002710411315341711,0.0010582741150445
1971-03-03,0.0026086666444273,0.0026853921339693,0.0059045268038829,0.0049537979117323,0.0043199786502985,0.0049704773659805,0.004156519998665571,0.002765675907084268,0.0012378897192383677
1971-03-05,0.0030223171097841,0.0026086666444273,0.0026853921339693,0.0059045268038829,0.0049537979117323,0.0043199786502985,0.004066450945724985,0.002815269484382418,0.001301929436255175
1971-03-06,0.0038029155686025,0.0030223171097841,0.0026086666444273,0.0026853921339693,0.0059045268038829,0.0049537979117323,0.0038996564032424143,0.002891438992116124,0.001240132098648339
1971-03-08,0.0049037595489875,0.0038029155686025,0.0030223171097841,0.0026086666444273,0.0026853921339693,0.0059045268038829,0.0039830536744837,0.0030532296983242155,0.0012916676774980382
1971-03-09,0.0045368115555259,0.0049037595489875,0.0038029155686025,0.0030223171097841,0.0026086666444273,0.0026853921339693,0.003923484195025643,0.0032022328229419773,0.0012483252842003768
1971-03-11,0.004870400640491,0.0045368115555259,0.0049037595489875,0.0038029155686025,0.0030223171097841,0.0026086666444273,0.003775751885969657,0.0033625779764485534,0.001014005521159804
1971-03-12,0.0059378857123794,0.004870400640491,0.0045368115555259,0.0049037595489875,0.0038029155686025,0.0030223171097841,0.0042403938257425285,0.0035366002824386996,0.0011650419556684846
1971-04-01,0.0016946325516229,0.0059378857123794,0.004870400640491,0.0045368115555259,0.0049037595489875,0.0038029155686025,0.004109817526770472,0.003576964561719483,0.0014049289562346
1971-04-02,0.0023751542849517,0.0016946325516229,0.0059378857123794,0.004870400640491,0.0045368115555259,0.0049037595489875,0.004017365694651557,0.00364835262590202,0.0015060721678777172
1971-04-03,0.0025686359542315,0.0023751542849517,0.0016946325516229,0.0059378857123794,0.004870400640491,0.0045368115555259,0.0038410400354557,0.0036830458907383934,0.001604406125160462
1971-04-05,0.0031690963071688,0.0025686359542315,0.0023751542849517,0.0016946325516229,0.0059378857123794,0.004870400640491,0.003593231000910171,0.0037341962170997166,0.0015457999263078735
1971-04-06,0.0038029155686025,0.0031690963071688,0.0025686359542315,0.0023751542849517,0.0016946325516229,0.0059378857123794,0.003488388717063972,0.0037881264525024133,0.001495195889983725
1971-04-08,0.0050705540914701,0.0038029155686025,0.0031690963071688,0.0025686359542315,0.0023751542849517,0.0016946325516229,0.003516982067203843,0.00387285808008356,0.001527592427880934
1971-04-10,0.0050872335457183,0.0050705540914701,0.0038029155686025,0.0031690963071688,0.0025686359542315,0.0023751542849517,0.0033954603291094,0.003953475442283467,0.0013230504066399657
1971-04-11,0.004870400640491,0.0050872335457183,0.0050705540914701,0.0038029155686025,0.0031690963071688,0.0025686359542315,0.0038491414846619854,0.00398372085265364,0.0011793092560340261
1971-05-01,0.001741335023518,0.004870400640491,0.0050872335457183,0.0050705540914701,0.0038029155686025,0.0031690963071688,0.003758595875885743,0.003923007639189987,0.001326489237929399
1971-05-02,0.0023417953764552,0.001741335023518,0.004870400640491,0.0050872335457183,0.0050705540914701,0.0038029155686025,0.003726190079060557,0.00386318399661957,0.0013626818093024774
1971-05-03,0.0025686359542315,0.0023417953764552,0.001741335023518,0.004870400640491,0.0050872335457183,0.0050705540914701,0.003640410028640943,0.0037820106526113865,0.0014212366001890438
1971-05-04,0.0026620408980218,0.0025686359542315,0.0023417953764552,0.001741335023518,0.004870400640491,0.0050872335457183,0.0034774279328437,0.003709510624812297,0.0014642595855174551
1971-05-05,0.0034693264836374,0.0026620408980218,0.0025686359542315,0.0023417953764552,0.001741335023518,0.004870400640491,0.0032486811317247424,0.003633007527993623,0.0012884147744226188
1971-05-07,0.0036027621176235,0.0034693264836374,0.0026620408980218,0.0025686359542315,0.0023417953764552,0.001741335023518,0.003036613784854057,0.00367303821818944,0.00103201794509713
1971-05-08,0.0052373486339526,0.0036027621176235,0.0034693264836374,0.0026620408980218,0.0025686359542315,0.0023417953764552,0.003089034926777143,0.003762884878406717,0.0011439398327200414
1971-05-10,0.0050205157287253,0.0052373486339526,0.0036027621176235,0.0034693264836374,0.0026620408980218,0.0025686359542315,0.0035574893132353284,0.0038418342951818,0.0011711651263455226
1971-05-11,0.0049537979117323,0.0050205157287253,0.0052373486339526,0.0036027621176235,0.0034693264836374,0.0026620408980218,0.003930632532560629,0.0038801970399527934,0.0011348187401828411
1971-06-01,0.0016812889882243,0.0049537979117323,0.0050205157287253,0.0052373486339526,0.0036027621176235,0.0034693264836374,0.0038038686802738856,0.0038144799902146633,0.0013428148060301202
1971-06-04,0.0026353537712246,0.0016812889882243,0.0049537979117323,0.0050205157287253,0.0052373486339526,0.0036027621176235,0.0038000562335885717,0.0037366425370561336,0.001346629390048966
1971-06-05,0.0036027621176235,0.0026353537712246,0.0016812889882243,0.0049537979117323,0.0050205157287253,0.0052373486339526,0.0038191184670151577,0.0037127353193003,0.0013421042870775174
1971-06-07,0.0036027621176235,0.0036027621176235,0.0026353537712246,0.0016812889882243,0.0049537979117323,0.0050205157287253,0.0038191184670151577,0.0036677007928300064,0.0013421042870775174
1971-06-08,0.0051105847816659,0.0036027621176235,0.0036027621176235,0.0026353537712246,0.0016812889882243,0.0049537979117323,0.0038010093452599146,0.0036412360587561063,0.0013204592861186626
1971-06-09,0.0045534910097741,0.0051105847816659,0.0036027621176235,0.0036027621176235,0.0026353537712246,0.0016812889882243,0.0037342915282668854,0.0037035060212829334,0.0012589380660017295
1971-06-10,0.0050371951829736,0.0045534910097741,0.0051105847816659,0.0036027621176235,0.0036027621176235,0.0026353537712246,0.0037462054241585003,0.00378445697256781,0.0012727214183196219
1971-06-12,0.0060546418921172,0.0050371951829736,0.0045534910097741,0.0051105847816659,0.0036027621176235,0.0036027621176235,0.0043709701247146284,0.003885534465312247,0.0011584185609183322
1971-07-01,0.0016612736431263,0.0060546418921172,0.0050371951829736,0.0045534910097741,0.0051105847816659,0.0036027621176235,0.0042318158207005855,0.0038141464011297063,0.0014286441606893875
1971-07-04,0.0026687126797211,0.0016612736431263,0.0060546418921172,0.0050371951829736,0.0045534910097741,0.0051105847816659,0.004098380186714529,0.0037396448388208265,0.0015367222811499058
1971-07-05,0.0032524935784101,0.0026687126797211,0.0016612736431263,0.0060546418921172,0.0050371951829736,0.0045534910097741,0.004048341823969757,0.0036968342395836337,0.0015610601224686717
1971-07-06,0.003702838843113,0.0032524935784101,0.0026687126797211,0.0016612736431263,0.0060546418921172,0.0050371951829736,0.0038472352613193425,0.0036579155130043667,0.001490489712454144
1971-07-07,0.0035694032091269,0.003702838843113,0.0032524935784101,0.0026687126797211,0.0016612736431263,0.0060546418921172,0.0037066512897983147,0.0035789660962292835,0.0014588468044571777
1971-07-09,0.0045034526470293,0.0035694032091269,0.003702838843113,0.0032524935784101,0.0026687126797211,0.0016612736431263,0.0036304023560919858,0.0036725934327428303,0.0013900390908909205
1971-07-10,0.0051005771091169,0.0045034526470293,0.0035694032091269,0.003702838843113,0.0032524935784101,0.0026687126797211,0.003494107387091943,0.0037634408602150032,0.0011363460660973987
1971-07-12,0.0059378857123794,0.0051005771091169,0.0045034526470293,0.0035694032091269,0.003702838843113,0.0032524935784101,0.004105051968413815,0.0038757491854866,0.0011363460660973822
1971-08-01,0.0017346632418187,0.0059378857123794,0.0051005771091169,0.0045034526470293,0.0035694032091269,0.003702838843113,0.003971616334427757,0.0038279347499749297,0.001364962208000406
1971-08-02,0.002535277045735,0.0017346632418187,0.0059378857123794,0.0051005771091169,0.0045034526470293,0.0035694032091269,0.0038691568297598857,0.0037856801325460133,0.0014520777262804346
1971-08-03,0.0025953230810287,0.002535277045735,0.0017346632418187,0.0059378857123794,0.0051005771091169,0.0045034526470293,0.003710940292319272,0.003703172432197967,0.0015313905324162594
1971-08-04,0.0027220869333155,0.0025953230810287,0.002535277045735,0.0017346632418187,0.0059378857123794,0.0051005771091169,0.0035898951100605003,0.00362433421178454,0.0015772431879338784
1971-08-06,0.0035193648463822,0.0027220869333155,0.0025953230810287,0.002535277045735,0.0017346632418187,0.0059378857123794,0.0034493111385394855,0.0035792996853142465,0.00152524405788629
1971-08-07,0.0035860826633752,0.0035193648463822,0.0027220869333155,0.0025953230810287,0.002535277045735,0.0017346632418187,0.0032329547891478136,0.0036407912733094866,0.001349232699948931
1971-08-09,0.0043366581045468,0.0035860826633752,0.0035193648463822,0.0027220869333155,0.0025953230810287,0.002535277045735,0.0030042079880288714,0.0037072866975792064,0.0008619558464602539
1971-08-10,0.0050371951829736,0.0043366581045468,0.0035860826633752,0.0035193648463822,0.0027220869333155,0.0025953230810287,0.0034759982653367145,0.0037895720052039433,0.0009505259859086796
1971-08-11,0.005003836274477,0.0050371951829736,0.0043366581045468,0.0035860826633752,0.0035193648463822,0.0027220869333155,0.003828649583728429,0.0038676318510857833,0.0009999824833421612
1971-08-12,0.0057043733529038,0.005003836274477,0.0050371951829736,0.0043366581045468,0.0035860826633752,0.0035193648463822,0.004272799622567729,0.0039421334133946636,0.0010500912975330771
1971-09-02,0.0026353537712246,0.0057043733529038,0.005003836274477,0.0050371951829736,0.0043366581045468,0.0035860826633752,0.004260409170840458,0.0039098864685147,0.0010717271735647953
1971-09-03,0.0026086666444273,0.0026353537712246,0.0057043733529038,0.005003836274477,0.0050371951829736,0.0043366581045468,0.004130309427704043,0.0038222637355305234,0.0012214895202131903
1971-09-06,0.0033525703038996,0.0026086666444273,0.0026353537712246,0.0057043733529038,0.005003836274477,0.0050371951829736,0.004096950519207529,0.003766665554703,0.0012418484572198284
1971-09-07,0.0035627314274276,0.0033525703038996,0.0026086666444273,0.0026353537712246,0.0057043733529038,0.005003836274477,0.003986389565333357,0.0037202966718928436,0.001251365240054346
1971-09-08,0.0060312906561697,0.0035627314274276,0.0033525703038996,0.0026086666444273,0.0026353537712246,0.0057043733529038,0.004128403204361372,0.0038652967274910234,0.0014336284208054718
1971-09-09,0.0045701704640224,0.0060312906561697,0.0035627314274276,0.0033525703038996,0.0026086666444273,0.0026353537712246,0.004066450945725,0.00392979061725095,0.001398430749605455
1971-09-11,0.0050838976548687,0.0045701704640224,0.0060312906561697,0.0035627314274276,0.0033525703038996,0.0026086666444273,0.003977811560291414,0.00397916180182579,0.0012929978588607615
1971-09-12,0.0058378089868899,0.0050838976548687,0.0045701704640224,0.0060312906561697,0.0035627314274276,0.0033525703038996,0.004435305162529314,0.00405366336413467,0.0013053323661694793
1971-10-02,0.0026353537712246,0.0058378089868899,0.0050838976548687,0.0045701704640224,0.0060312906561697,0.0035627314274276,0.0044391176092146425,0.003971155663786627,0.0012991324354490977
1971-10-03,0.0026320178803749,0.0026353537712246,0.0058378089868899,0.0050838976548687,0.0045701704640224,0.0060312906561697,0.004336181548711114,0.00390710655947332,0.0014222824417368027
1971-10-05,0.0032958601594555,0.0026320178803749,0.0026353537712246,0.0058378089868899,0.0050838976548687,0.0045701704640224,0.004298057081857957,0.003849062058689383,0.0014497812043233853
1971-10-06,0.0032358141241618,0.0032958601594555,0.0026320178803749,0.0026353537712246,0.0058378089868899,0.0050838976548687,0.0038987032915711144,0.0037551011330908698,0.0012661668249612376
1971-10-08,0.0055709377189178,0.0032358141241618,0.0032958601594555,0.0026320178803749,0.0026353537712246,0.0058378089868899,0.004041670042270457,0.003885423268950587,0.001403655581299511
1971-10-09,0.0045034526470293,0.0055709377189178,0.0032358141241618,0.0032958601594555,0.0026320178803749,0.0026353537712246,0.003958749326864829,0.00394658126786086,0.0013478605150244324
1971-10-11,0.0051539513627114,0.0045034526470293,0.0055709377189178,0.0032358141241618,0.0032958601594555,0.0026320178803749,0.003861055380553614,0.004009963194004236,0.0012063168294654052
1971-10-12,0.0058644961136871,0.0051539513627114,0.0045034526470293,0.0055709377189178,0.0032358141241618,0.0032958601594555,0.0043223614294768285,0.004082018436356707,0.0012749515807122178
1971-11-01,0.0019014577843012,0.0058644961136871,0.0051539513627114,0.0045034526470293,0.0055709377189178,0.0032358141241618,0.0042179957014662995,0.004026420255529183,0.0014537467058097079
1971-11-02,0.0027020715882176,0.0019014577843012,0.0058644961136871,0.0051539513627114,0.0045034526470293,0.0055709377189178,0.004133168762718028,0.00396637422023546,0.0015317527868666744
1971-11-03,0.0027354304967141,0.0027020715882176,0.0019014577843012,0.0058644961136871,0.0051539513627114,0.0045034526470293,0.004061685387368357,0.0038875359998220334,0.0015911346791255894
1971-11-05,0.0035360443006304,0.0027354304967141,0.0027020715882176,0.0019014577843012,0.0058644961136871,0.0051539513627114,0.0037709863276130145,0.0038074746194304,0.0014489750257266737
1971-11-06,0.0031357373986723,0.0035360443006304,0.0027354304967141,0.0027020715882176,0.0019014577843012,0.0058644961136871,0.003575598434990586,0.00385417709132552,0.0014257729508138576
1971-11-08,0.0053040664509457,0.0031357373986723,0.0035360443006304,0.0027354304967141,0.0027020715882176,0.0019014577843012,0.0035970434475954857,0.00394647007149921,0.0014543128699039912
1971-11-10,0.0050772258731694,0.0053040664509457,0.0031357373986723,0.0035360443006304,0.0027354304967141,0.0027020715882176,0.0034845762703786714,0.0040292001645705665,0.001268280456613361
1971-11-11,0.0051439436901624,0.0050772258731694,0.0053040664509457,0.0031357373986723,0.0035360443006304,0.0027354304967141,0.003947788542644558,0.00410992872313213,0.0011829686335937373
1971-12-01,0.0020348934182873,0.0051439436901624,0.0050772258731694,0.0053040664509457,0.0031357373986723,0.0035360443006304,0.003852477375511657,0.0040604463421956335,0.0013191067826741159
1971-12-02,0.0026353537712246,0.0020348934182873,0.0051439436901624,0.0050772258731694,0.0053040664509457,0.0031357373986723,0.0038381807004417286,0.004028755379123947,0.0013336929680924884
1971-12-03,0.0027621176235113,0.0026353537712246,0.0020348934182873,0.0051439436901624,0.0050772258731694,0.0053040664509457,0.003727619746567571,0.003976270696422763,0.0013936451526259705
1971-12-05,0.003702838843113,0.0027621176235113,0.0026353537712246,0.0020348934182873,0.0051439436901624,0.0050772258731694,0.003808634238630528,0.003931792151760744,0.0013697826355900209
1971-12-07,0.0036528004803682,0.003702838843113,0.0027621176235113,0.0026353537712246,0.0020348934182873,0.0051439436901624,0.0035727390999765996,0.00388675762529045,0.0012011291809573795
1971-12-08,0.0055709377189178,0.0036528004803682,0.003702838843113,0.0027621176235113,0.0026353537712246,0.0020348934182873,0.003643269363654943,0.0038823097708242504,0.0013134409959751241
1971-12-10,0.0050772258731694,0.0055709377189178,0.0036528004803682,0.003702838843113,0.0027621176235113,0.0026353537712246,0.003633738246941657,0.003963705507555743,0.0013009186139729889
1971-12-11,0.0052039897254561,0.0050772258731694,0.0055709377189178,0.0036528004803682,0.003702838843113,0.0027621176235113,0.004086466290822914,0.00405021627692337,0.0011992345884448271
1972-01-02,0.0088067518430796,0.0052039897254561,0.0050772258731694,0.0055709377189178,0.0036528004803682,0.003702838843113,0.004968094586802201,0.00423202232822937,0.0019732997142326313
1972-01-03,0.0087567134803349,0.0088067518430796,0.0052039897254561,0.0050772258731694,0.0055709377189178,0.0036528004803682,0.0058244654234912855,0.00440515506332628,0.002149308891306125
1972-01-05,0.0103079027254228,0.0087567134803349,0.0088067518430796,0.0052039897254561,0.0050772258731694,0.0055709377189178,0.006768045978106971,0.00454770879896805,0.002486117224171284
1972-01-06,0.016229108983554,0.0103079027254228,0.0087567134803349,0.0088067518430796,0.0052039897254561,0.0050772258731694,0.008564661478562085,0.004936340082952437,0.0039643587333568105
1972-01-08,0.0229509290456016,0.016229108983554,0.0103079027254228,0.0087567134803349,0.0088067518430796,0.0052039897254561,0.011047517382374058,0.005531907795976867,0.006443952455444706
1972-01-09,0.0213163425292724,0.0229509290456016,0.016229108983554,0.0103079027254228,0.0087567134803349,0.0088067518430796,0.01336739119038877,0.006047858914056283,0.006846882834364517
1972-01-11,0.0194148847449711,0.0213163425292724,0.0229509290456016,0.016229108983554,0.0103079027254228,0.0087567134803349,0.015397519050319487,0.006607176613181167,0.006087691793097431
1972-01-12,0.0195483203789572,0.0194148847449711,0.0213163425292724,0.0229509290456016,0.016229108983554,0.0103079027254228,0.01693202884115914,0.007171053363133909,0.005472169670386501
1972-02-02,0.0095740067384995,0.0195483203789572,0.0194148847449711,0.0213163425292724,0.0229509290456016,0.016229108983554,0.017048785020896944,0.00738032491576871,0.005273789424830716
1972-02-03,0.0088901491143209,0.0095740067384995,0.0195483203789572,0.0194148847449711,0.0213163425292724,0.0229509290456016,0.01684624879073953,0.007568802748774013,0.005593356604754254
1972-02-05,0.010324582179671,0.0088901491143209,0.0095740067384995,0.0195483203789572,0.0194148847449711,0.0213163425292724,0.016002744961613385,0.007727257564132453,0.006122153917314669
1972-02-06,0.0163458651632918,0.010324582179671,0.0088901491143209,0.0095740067384995,0.0195483203789572,0.0194148847449711,0.0150591644069977,0.00812200464800787,0.005330613959170476
1972-02-08,0.0234179537645528,0.0163458651632918,0.010324582179671,0.0088901491143209,0.0095740067384995,0.0195483203789572,0.01535939458346633,0.00873080472806925,0.005781850704983158
1972-02-10,0.0195149614704606,0.0234179537645528,0.0163458651632918,0.010324582179671,0.0088901491143209,0.0095740067384995,0.015373691258536257,0.0091858202399617,0.005793661628395873
1972-02-11,0.0194148847449711,0.0195149614704606,0.0234179537645528,0.0163458651632918,0.010324582179671,0.0088901491143209,0.015354629025109673,0.009769601138650698,0.005777834993989454
1972-03-01,0.0060713213463655,0.0194148847449711,0.0195149614704606,0.0234179537645528,0.0163458651632918,0.010324582179671,0.014854245397661957,0.009881909463922292,0.006471885149398986
1972-03-02,0.0087400340260866,0.0060713213463655,0.0194148847449711,0.0195149614704606,0.0234179537645528,0.0163458651632918,0.014832800385057058,0.010082062914901378,0.0064951482061798285
1972-03-03,0.0087900723888314,0.0087400340260866,0.0060713213463655,0.0194148847449711,0.0195149614704606,0.0234179537645528,0.014613584700651399,0.010257197184508076,0.0066954691515533505
1972-03-05,0.0103746205424158,0.0087900723888314,0.0087400340260866,0.0060713213463655,0.0194148847449711,0.0195149614704606,0.013760549754811972,0.010498493289299526,0.0068172597642333875
1972-03-07,0.0204156519998665,0.0103746205424158,0.0087900723888314,0.0087400340260866,0.0060713213463655,0.0194148847449711,0.013331649502713927,0.011002212807596886,0.006172350036780102
1972-03-08,0.0227507755946225,0.0204156519998665,0.0103746205424158,0.0087900723888314,0.0087400340260866,0.0060713213463655,0.013793908663308485,0.011591331131645323,0.006801693840301283
1972-03-10,0.0194816025619641,0.0227507755946225,0.0204156519998665,0.0103746205424158,0.0087900723888314,0.0087400340260866,0.01380343978002177,0.012069253094038713,0.006810923682610103
1972-03-11,0.0195149614704606,0.0194816025619641,0.0227507755946225,0.0204156519998665,0.0103746205424158,0.0087900723888314,0.015723959797749643,0.012651922029111157,0.006128473614215952
1972-04-01,0.006324849050939,0.0195149614704606,0.0194816025619641,0.0227507755946225,0.0204156519998665,0.0103746205424158,0.015378933372728557,0.012774905205101637,0.00663430345564902
1972-04-02,0.0080728558561563,0.006324849050939,0.0195149614704606,0.0194816025619641,0.0227507755946225,0.0204156519998665,0.015276473868060686,0.01295192981285647,0.006757416764960089
1972-04-04,0.009013577075758,0.0080728558561563,0.006324849050939,0.0195149614704606,0.0194816025619641,0.0227507755946225,0.015082039087109572,0.013128954420611303,0.00693910613874699
1972-04-05,0.0103412616339193,0.009013577075758,0.0080728558561563,0.006324849050939,0.0195149614704606,0.0194816025619641,0.01364284046340283,0.013351903125729673,0.006688742525529632
1972-04-07,0.0200820629149014,0.0103412616339193,0.009013577075758,0.0080728558561563,0.006324849050939,0.0195149614704606,0.013261595794871243,0.013835607298929126,0.006136330749198614
1972-04-08,0.0224171865096574,0.0200820629149014,0.0103412616339193,0.009013577075758,0.0080728558561563,0.006324849050939,0.013680964930256001,0.01441360598681206,0.006706123995192337
1972-04-09,0.0213163425292724,0.0224171865096574,0.0200820629149014,0.0103412616339193,0.009013577075758,0.0080728558561563,0.01393830508151483,0.014950684413605937,0.0069956236558729986
1972-04-10,0.0202154985488874,0.0213163425292724,0.0224171865096574,0.0200820629149014,0.0103412616339193,0.009013577075758,0.01592268358122174,0.015330975970466197,0.006422702454240988
1972-04-12,0.0190145778430129,0.0202154985488874,0.0213163425292724,0.0224171865096574,0.0200820629149014,0.0103412616339193,0.017485786722201257,0.015672904782555463,0.005451966246254498
1972-05-01,0.0064215898855789,0.0190145778430129,0.0202154985488874,0.0213163425292724,0.0224171865096574,0.0200820629149014,0.017115502837889957,0.015543361021227334,0.006164710860523839
1972-05-04,0.0090069052940587,0.0064215898855789,0.0190145778430129,0.0202154985488874,0.0213163425292724,0.0224171865096574,0.016924880503624156,0.015302620898244157,0.006424258868813446
1972-05-05,0.010774927444374,0.0090069052940587,0.0064215898855789,0.0190145778430129,0.0202154985488874,0.0213163425292724,0.015595289722120242,0.014896754178203237,0.006622009418223569
1972-05-06,0.0164125829802848,0.010774927444374,0.0090069052940587,0.0064215898855789,0.0190145778430129,0.0202154985488874,0.014737489217924157,0.014733295526570316,0.005945376256179923
1972-05-07,0.0207492410848317,0.0164125829802848,0.010774927444374,0.0090069052940587,0.0064215898855789,0.0190145778430129,0.014656474725861198,0.014777774071232338,0.005843784435147699
1972-05-09,0.0213830603462654,0.0207492410848317,0.0164125829802848,0.010774927444374,0.0090069052940587,0.0064215898855789,0.014823269268343769,0.014838932070142611,0.006042190061761395
1972-05-10,0.0204823698168595,0.0213830603462654,0.0207492410848317,0.0164125829802848,0.010774927444374,0.0090069052940587,0.015032953836036141,0.01520254417275461,0.00623429951396983
1972-05-12,0.0188144243920338,0.0204823698168595,0.0213830603462654,0.0207492410848317,0.0164125829802848,0.010774927444374,0.0168033587655297,0.015533353348678372,0.005023321241259342
1972-06-01,0.0069052940587783,0.0188144243920338,0.0204823698168595,0.0213830603462654,0.0207492410848317,0.0164125829802848,0.016503128589061073,0.015419377077981949,0.005597001710015708
1972-06-03,0.0089068285685692,0.0069052940587783,0.0188144243920338,0.0204823698168595,0.0213830603462654,0.0207492410848317,0.016236257321088958,0.015171409191491196,0.0059491107540421495
1972-06-04,0.0089335156953664,0.0089068285685692,0.0069052940587783,0.0188144243920338,0.0204823698168595,0.0213830603462654,0.015167819137529185,0.014688594589184983,0.006553110406930313
1972-06-06,0.0177469393201454,0.0089335156953664,0.0089068285685692,0.0069052940587783,0.0188144243920338,0.0204823698168595,0.014738918885431143,0.014629660517507808,0.006216529551811982
1972-06-07,0.0207492410848317,0.0177469393201454,0.0089335156953664,0.0089068285685692,0.0069052940587783,0.0188144243920338,0.014648373276654901,0.01467413906216983,0.006107282615171549
1972-06-09,0.0214164192547619,0.0207492410848317,0.0177469393201454,0.0089335156953664,0.0089068285685692,0.0069052940587783,0.014781808910640959,0.015185642325783044,0.006264179926390871
1972-06-10,0.0204156519998665,0.0214164192547619,0.0207492410848317,0.0177469393201454,0.0089335156953664,0.0089068285685692,0.015010555711759913,0.015574829591575707,0.006462089774746249
1972-06-11,0.0194482436534676,0.0204156519998665,0.0214164192547619,0.0207492410848317,0.0177469393201454,0.0089335156953664,0.016802405653858384,0.01593010196706358,0.005508695396688397
1972-06-12,0.0188144243920338,0.0194482436534676,0.0204156519998665,0.0214164192547619,0.0207492410848317,0.0177469393201454,0.018217776485781902,0.016211428762050846,0.0042770610936128765
1972-07-01,0.0073056009607365,0.0188144243920338,0.0194482436534676,0.0204156519998665,0.0214164192547619,0.0207492410848317,0.01798521723797763,0.015774427060746513,0.004869274402306776
1972-07-02,0.0084564833038663,0.0073056009607365,0.0188144243920338,0.0194482436534676,0.0204156519998665,0.0214164192547619,0.01665800923565204,0.015297950651054638,0.006064495385447153
1972-07-03,0.0089268439136671,0.0084564833038663,0.0073056009607365,0.0188144243920338,0.0194482436534676,0.0204156519998665,0.014969095354057101,0.014946125362778073,0.006373569828814812
1972-07-04,0.0089735463855622,0.0089268439136671,0.0084564833038663,0.0073056009607365,0.0188144243920338,0.0194482436534676,0.01319154208702857,0.014594744859948126,0.005999932038640453
1972-07-06,0.0199819861894118,0.0089735463855622,0.0089268439136671,0.0084564833038663,0.0073056009607365,0.0188144243920338,0.013129589828392185,0.015049982764563886,0.00591453868739569
1972-07-07,0.0202822163658805,0.0199819861894118,0.0089735463855622,0.0089268439136671,0.0084564833038663,0.0073056009607365,0.013248728787308315,0.015456961448221361,0.006069403167955404
1972-07-08,0.0217500083397271,0.0202822163658805,0.0199819861894118,0.0089735463855622,0.0089268439136671,0.0084564833038663,0.01366809792269307,0.01588150915702033,0.0065965852536627135
1972-07-09,0.021483137071755,0.0217500083397271,0.0202822163658805,0.0199819861894118,0.0089735463855622,0.0089268439136671,0.015693460224267142,0.016252905004948186,0.006493181605795475
1972-07-11,0.0193314874737298,0.021483137071755,0.0217500083397271,0.0202822163658805,0.0199819861894118,0.0089735463855622,0.01724703224853336,0.0162278858235758,0.005729088776794908
1972-07-12,0.0188144243920338,0.0193314874737298,0.021483137071755,0.0217500083397271,0.0202822163658805,0.0199819861894118,0.018659543745442885,0.016107793752988347,0.004400750170443207
1972-08-02,0.0088067518430796,0.0188144243920338,0.0193314874737298,0.021483137071755,0.0217500083397271,0.0202822163658805,0.018635715953659655,0.01569080739678192,0.004461961479102483
1972-08-03,0.0088234312973279,0.0088067518430796,0.0188144243920338,0.0193314874737298,0.021483137071755,0.0217500083397271,0.017041636683361956,0.015311071821729937,0.005717450874810499
1972-08-05,0.0114587850685525,0.0088234312973279,0.0088067518430796,0.0188144243920338,0.0193314874737298,0.021483137071755,0.015781146498029384,0.015059212062581257,0.005854919497855606
1972-08-06,0.0197484738299362,0.0114587850685525,0.0088234312973279,0.0088067518430796,0.0188144243920338,0.0193314874737298,0.015495212996630687,0.015503441527393167,0.0055560861923492424
1972-08-08,0.0208159589018247,0.0197484738299362,0.0114587850685525,0.0088234312973279,0.0088067518430796,0.0188144243920338,0.015399901829497785,0.015897076647652032,0.005440773158737143
1972-08-09,0.021483137071755,0.0208159589018247,0.0197484738299362,0.0114587850685525,0.0088234312973279,0.0088067518430796,0.015707280343501388,0.016254016968564735,0.005751798122726764
1972-08-11,0.0191813723854955,0.021483137071755,0.0208159589018247,0.0197484738299362,0.0114587850685525,0.0088234312973279,0.015759701485424486,0.016346309948738424,0.005786403969834396
1972-08-12,0.0188144243920338,0.0191813723854955,0.021483137071755,0.0208159589018247,0.0197484738299362,0.0114587850685525,0.017189368992417943,0.016281816058978493,0.0049594187236006
1972-09-02,0.0088067518430796,0.0188144243920338,0.0191813723854955,0.021483137071755,0.0208159589018247,0.0197484738299362,0.017186986213239615,0.015862605775538965,0.004964109881049466
1972-09-03,0.0090402642025552,0.0088067518430796,0.0188144243920338,0.0191813723854955,0.021483137071755,0.0208159589018247,0.016841483232382857,0.015481202255062157,0.005485974639382785
1972-09-05,0.0125429495946892,0.0090402642025552,0.0088067518430796,0.0188144243920338,0.0191813723854955,0.021483137071755,0.01581212262734757,0.01527215309515067,0.0055254746519708825
1972-09-06,0.0184141174900757,0.0125429495946892,0.0090402642025552,0.0088067518430796,0.0188144243920338,0.0191813723854955,0.015469002425669143,0.015655780542860584,0.005229612800704082
1972-09-08,0.0201821396403909,0.0184141174900757,0.0125429495946892,0.0090402642025552,0.0088067518430796,0.0188144243920338,0.015283145649759985,0.01603162424525464,0.004998252160292526
1972-09-10,0.0204156519998665,0.0201821396403909,0.0184141174900757,0.0125429495946892,0.0090402642025552,0.0088067518430796,0.01545947130895584,0.01641436212207131,0.00517725735840992
1972-09-11,0.0188144243920338,0.0204156519998665,0.0201821396403909,0.0184141174900757,0.0125429495946892,0.0090402642025552,0.01545947130895584,0.016449944957800923,0.00517725735840992
1972-10-01,0.0072388831437435,0.0188144243920338,0.0204156519998665,0.0201821396403909,0.0184141174900757,0.0125429495946892,0.015235490066193543,0.01599959969309798,0.005534621077693171
1972-10-02,0.0090402642025552,0.0072388831437435,0.0188144243920338,0.0204156519998665,0.0201821396403909,0.0184141174900757,0.015235490066193541,0.015587061191357759,0.005534621077693171
1972-10-03,0.0090069052940587,0.0090402642025552,0.0072388831437435,0.0188144243920338,0.0204156519998665,0.0201821396403909,0.014730340880389185,0.0152067696344975,0.005965895392638374
1972-10-04,0.0089902258398105,0.0090069052940587,0.0090402642025552,0.0072388831437435,0.0188144243920338,0.0204156519998665,0.013384070644637014,0.01485816904070893,0.006058644688249473
1972-10-05,0.012142642692731,0.0089902258398105,0.0090069052940587,0.0090402642025552,0.0072388831437435,0.0188144243920338,0.012235571080685598,0.014635776317398838,0.005265249207471704
1972-10-07,0.0204823698168595,0.012142642692731,0.0089902258398105,0.0090069052940587,0.0090402642025552,0.0072388831437435,0.012245102197398886,0.01507500194593627,0.005282556593102748
1972-10-08,0.0212496247122794,0.0204823698168595,0.012142642692731,0.0089902258398105,0.0090069052940587,0.0090402642025552,0.01259298795743397,0.015501439992883373,0.005838245813396075
1972-10-10,0.020248857457384,0.0212496247122794,0.0204823698168595,0.012142642692731,0.0089902258398105,0.0090069052940587,0.01445155571652547,0.015878840444340604,0.005919975587001488
1972-10-11,0.0186142709410548,0.020248857457384,0.0212496247122794,0.0204823698168595,0.012142642692731,0.0089902258398105,0.01581927096488256,0.01620019792952369,0.005556201833558065
1972-11-01,0.0069052940587783,0.0186142709410548,0.020248857457384,0.0212496247122794,0.0204823698168595,0.012142642692731,0.01551904078841393,0.015764308191835906,0.006022844898508067
1972-11-02,0.0089068285685692,0.0069052940587783,0.0186142709410548,0.020248857457384,0.0212496247122794,0.0204823698168595,0.015507126892522314,0.015385128598592196,0.006037975602380556
1972-11-04,0.0090903025653,0.0089068285685692,0.0069052940587783,0.0186142709410548,0.020248857457384,0.0212496247122794,0.015071078302889312,0.014963138406111295,0.006419602897347535
1972-11-05,0.012075924875738,0.0090903025653,0.0089068285685692,0.0069052940587783,0.0186142709410548,0.020248857457384,0.013870157597014815,0.01464956466624406,0.006011949248070059
1972-11-07,0.0202154985488874,0.012075924875738,0.0090903025653,0.0089068285685692,0.0069052940587783,0.0186142709410548,0.013722425287958815,0.014679031702082648,0.005809693704096164
1972-11-08,0.0205490876338526,0.0202154985488874,0.012075924875738,0.0090903025653,0.0089068285685692,0.0069052940587783,0.013765315313168614,0.014736853810143273,0.0058667334843077465
1972-11-09,0.0215832137972445,0.0205490876338526,0.0202154985488874,0.012075924875738,0.0090903025653,0.0089068285685692,0.014189450006909998,0.015162735875282104,0.006362118423560498
1972-11-10,0.0200820629149014,0.0215832137972445,0.0205490876338526,0.0202154985488874,0.012075924875738,0.0090903025653,0.01607184555778473,0.015538023595867886,0.005769450767469136
1972-11-12,0.0186809887580478,0.0200820629149014,0.0215832137972445,0.0205490876338526,0.0202154985488874,0.012075924875738,0.01746815415628167,0.015778763718851063,0.004856984469427809
1972-12-01,0.0069319811855756,0.0186809887580478,0.0200820629149014,0.0215832137972445,0.0205490876338526,0.0202154985488874,0.017159822530606758,0.015351547297372377,0.0055030121095323995
1972-12-04,0.0093571738332721,0.0069319811855756,0.0186809887580478,0.0200820629149014,0.0215832137972445,0.0205490876338526,0.0167714295245402,0.014969587795087289,0.005995529182992241
1972-12-05,0.012009207058745,0.0093571738332721,0.0069319811855756,0.0186809887580478,0.0200820629149014,0.0215832137972445,0.015599102168805572,0.014653790127986956,0.006012139281915383
1972-12-06,0.0175467858691663,0.012009207058745,0.0093571738332721,0.0069319811855756,0.0186809887580478,0.0200820629149014,0.015170201916707527,0.014599303910775983,0.005699098469343284
1972-12-07,0.0201487807318944,0.0175467858691663,0.012009207058745,0.0093571738332721,0.0069319811855756,0.0186809887580478,0.0149652829073718,0.014643782455438004,0.0054504422330675
1972-12-09,0.0213163425292724,0.0201487807318944,0.0175467858691663,0.012009207058745,0.0093571738332721,0.0069319811855756,0.015141608566567656,0.01506076881164443,0.005659517186781935
1972-12-10,0.019865230009674,0.0213163425292724,0.0201487807318944,0.0175467858691663,0.012009207058745,0.0093571738332721,0.015310785888228541,0.015421601005215058,0.005798934519370235
1972-12-12,0.0186809887580478,0.019865230009674,0.0213163425292724,0.0201487807318944,0.0175467858691663,0.012009207058745,0.016989215541438858,0.015626202310660343,0.0045313696566779745
1973-01-02,0.0211495479867898,0.0186809887580478,0.019865230009674,0.0213163425292724,0.0201487807318944,0.0175467858691663,0.018673840420512813,0.01571738332721748,0.003224759534473058
1973-01-03,0.0338926510324582,0.0211495479867898,0.0186809887580478,0.019865230009674,0.0213163425292724,0.0201487807318944,0.021800046702471845,0.016174400373619724,0.005495106048491416
1973-01-05,0.0372285418821096,0.0338926510324582,0.0211495479867898,0.0186809887580478,0.019865230009674,0.0213163425292724,0.024611726132892312,0.01673483003636116,0.007591514892308266
1973-01-06,0.0552757113787236,0.0372285418821096,0.0338926510324582,0.0211495479867898,0.0186809887580478,0.019865230009674,0.029629859082439345,0.01795020626925082,0.013477617813556622
1973-01-08,0.0551089168362411,0.0552757113787236,0.0372285418821096,0.0338926510324582,0.0211495479867898,0.0186809887580478,0.034457369697720584,0.019545874059000736,0.015847244276356094
1973-01-10,0.0412649698101878,0.0551089168362411,0.0552757113787236,0.0372285418821096,0.0338926510324582,0.0211495479867898,0.03751447538350827,0.020620030912588492,0.01457625077151344
1973-01-11,0.0414317643526703,0.0412649698101878,0.0551089168362411,0.0552757113787236,0.0372285418821096,0.0338926510324582,0.04076458618274005,0.021700859547875546,0.011982660474409233
1973-02-01,0.0201487807318944,0.0414317643526703,0.0412649698101878,0.0551089168362411,0.0552757113787236,0.0372285418821096,0.04062161943204071,0.02207281137761168,0.012258490573106918
1973-02-02,0.0213497014377689,0.0201487807318944,0.0414317643526703,0.0412649698101878,0.0551089168362411,0.0552757113787236,0.03882976948994225,0.022379713335779605,0.014173192246491708
1973-02-03,0.0342929579344163,0.0213497014377689,0.0201487807318944,0.0414317643526703,0.0412649698101878,0.0551089168362411,0.038410400354557485,0.0228400662730315,0.014271556249362757
1973-02-04,0.0362611335357107,0.0342929579344163,0.0213497014377689,0.0201487807318944,0.0414317643526703,0.0412649698101878,0.03569403209126993,0.02334044990047921,0.012183280502369607
1973-02-05,0.0371618240651165,0.0362611335357107,0.0342929579344163,0.0213497014377689,0.0201487807318944,0.0414317643526703,0.03313016169539499,0.02390421545407029,0.008848696576017877
1973-02-07,0.0574440404309971,0.0371618240651165,0.0362611335357107,0.0342929579344163,0.0213497014377689,0.0201487807318944,0.035441457498367746,0.02519854110373504,0.01263191437490621
1973-02-08,0.0541748673983387,0.0574440404309971,0.0371618240651165,0.0362611335357107,0.0342929579344163,0.0213497014377689,0.03726190079060608,0.02677419354838705,0.014429427907691568
1973-02-10,0.0419321479801181,0.0541748673983387,0.0574440404309971,0.0371618240651165,0.0362611335357107,0.0342929579344163,0.04037381039749518,0.027875037528772014,0.012318108616428187
1973-02-11,0.0424325316075658,0.0419321479801181,0.0541748673983387,0.0574440404309971,0.0371618240651165,0.0362611335357107,0.043385643278894735,0.02898644516351421,0.009029935856985498
1973-03-01,0.0202822163658805,0.0424325316075658,0.0419321479801181,0.0541748673983387,0.0574440404309971,0.0371618240651165,0.041384108769103915,0.02925998821318562,0.012330766906953696
1973-03-04,0.0367615171631584,0.0202822163658805,0.0424325316075658,0.0419321479801181,0.0541748673983387,0.0574440404309971,0.04145559214445359,0.029811522166994658,0.012297524031856199
1973-03-05,0.0369616706141375,0.0367615171631584,0.0202822163658805,0.0424325316075658,0.0419321479801181,0.0541748673983387,0.041426998794313726,0.030358608266337486,0.012309398490775813
1973-03-07,0.0581112186009273,0.0369616706141375,0.0367615171631584,0.0202822163658805,0.0424325316075658,0.0419321479801181,0.04152230996144662,0.031576208426460244,0.012455800024234824
1973-03-08,0.0541081495813457,0.0581112186009273,0.0369616706141375,0.0367615171631584,0.0202822163658805,0.0424325316075658,0.041512778844733325,0.03271041131534173,0.012444525160427223
1973-03-09,0.0464356006271474,0.0541081495813457,0.0581112186009273,0.0369616706141375,0.0367615171631584,0.0202822163658805,0.04215612922288037,0.03363556504431171,0.012585429701823856
1973-03-10,0.0428661974180204,0.0464356006271474,0.0541081495813457,0.0581112186009273,0.0369616706141375,0.0367615171631584,0.04221808148151675,0.03483337225205987,0.012588084158337594
1973-03-12,0.0436000934049437,0.0428661974180204,0.0464356006271474,0.0541081495813457,0.0581112186009273,0.0369616706141375,0.04554920677281149,0.03597480290444892,0.0081015655411503
1973-04-01,0.0200153450979084,0.0436000934049437,0.0428661974180204,0.0464356006271474,0.0541081495813457,0.0581112186009273,0.04315689647777577,0.03624167417242104,0.012439887116507297
1973-04-04,0.0369283117056409,0.0200153450979084,0.0436000934049437,0.0428661974180204,0.0464356006271474,0.0541081495813457,0.043152130919419114,0.03688772503363686,0.012442662058532183
1973-04-05,0.0369616706141375,0.0369283117056409,0.0200153450979084,0.0436000934049437,0.0428661974180204,0.0464356006271474,0.040130766921306286,0.03744815469637829,0.010642415501830305
1973-04-06,0.0591119858558228,0.0369616706141375,0.0369283117056409,0.0200153450979084,0.0436000934049437,0.0428661974180204,0.040845600674803015,0.038708009473929966,0.011838556932262326
1973-04-07,0.0591119858558228,0.0591119858558228,0.0369616706141375,0.0369283117056409,0.0200153450979084,0.0436000934049437,0.04265651285032807,0.040016234668801595,0.013664830095250689
1973-04-09,0.0468359075291056,0.0591119858558228,0.0591119858558228,0.0369616706141375,0.0369283117056409,0.0200153450979084,0.04322361429476882,0.04095473196117019,0.013757044456795412
1973-04-10,0.0427661206925309,0.0468359075291056,0.0591119858558228,0.0591119858558228,0.0369616706141375,0.0369283117056409,0.0431044753358527,0.0416752843846949,0.01375685185857361
1973-04-12,0.0471027787970777,0.0427661206925309,0.0468359075291056,0.0591119858558228,0.0591119858558228,0.0369616706141375,0.04697410872144831,0.042115621976848885,0.009251719623970091
1973-05-01,0.020248857457384,0.0471027787970777,0.0427661206925309,0.0468359075291056,0.0591119858558228,0.0591119858558228,0.0445913295431259,0.0415496324960247,0.013460704892137935
1973-05-02,0.0218167261567201,0.020248857457384,0.0471027787970777,0.0427661206925309,0.0468359075291056,0.0591119858558228,0.04242776604920913,0.04043433298862457,0.01588944761075352
1973-05-03,0.0327584481435767,0.0218167261567201,0.020248857457384,0.0471027787970777,0.0427661206925309,0.0468359075291056,0.03866297494745969,0.039689317365535756,0.01432226836186331
1973-05-04,0.0373619775160956,0.0327584481435767,0.0218167261567201,0.020248857457384,0.0471027787970777,0.0427661206925309,0.03555583089892723,0.039559217622399355,0.011155823325309603
1973-05-06,0.0607799312806485,0.0373619775160956,0.0327584481435767,0.0218167261567201,0.020248857457384,0.0471027787970777,0.03754783429200479,0.04020415651999863,0.014305901655443688
1973-05-07,0.0587783967708576,0.0607799312806485,0.0373619775160956,0.0327584481435767,0.0218167261567201,0.020248857457384,0.03983530230319431,0.041491810387964075,0.016405444390742204
1973-05-09,0.0475030856990359,0.0587783967708576,0.0607799312806485,0.0373619775160956,0.0327584481435767,0.0218167261567201,0.03989248900347405,0.042363589863339636,0.01643566969192303
1973-05-10,0.0424325316075658,0.0475030856990359,0.0587783967708576,0.0607799312806485,0.0373619775160956,0.0327584481435767,0.04306158531064288,0.04263490898577795,0.013970592838860155
1973-05-11,0.0420989425226006,0.0424325316075658,0.0475030856990359,0.0587783967708576,0.0607799312806485,0.0373619775160956,0.04595904479148295,0.042829502618674284,0.010503019614860356
1973-05-12,0.0467691897121126,0.0420989425226006,0.0424325316075658,0.0475030856990359,0.0587783967708576,0.0607799312806485,0.047960579301273794,0.04314974814024082,0.008758216393339568
1973-06-02,0.0226173399606364,0.0467691897121126,0.0420989425226006,0.0424325316075658,0.0475030856990359,0.0587783967708576,0.04585420250763677,0.04198885812456213,0.012643376292575828
1973-06-03,0.0320912699736464,0.0226173399606364,0.0467691897121126,0.0420989425226006,0.0424325316075658,0.0475030856990359,0.04175582232092218,0.041252738210405725,0.011605987505735178
1973-06-04,0.0372619007906061,0.0320912699736464,0.0226173399606364,0.0467691897121126,0.0420989425226006,0.0424325316075658,0.03868203718088626,0.04109706330408866,0.008873968297845383
1973-06-06,0.0577776295159622,0.0372619007906061,0.0320912699736464,0.0226173399606364,0.0467691897121126,0.0420989425226006,0.04014982915473287,0.041608566567701864,0.011137277770513399
1973-06-07,0.0614471094505787,0.0577776295159622,0.0372619007906061,0.0320912699736464,0.0226173399606364,0.0467691897121126,0.04286619741802043,0.04298072967052514,0.013789770112566026
1973-06-08,0.0537745604963805,0.0614471094505787,0.0577776295159622,0.0372619007906061,0.0320912699736464,0.0226173399606364,0.04453414284284613,0.04354783111496587,0.01437518678103535
1973-06-09,0.0471027787970777,0.0537745604963805,0.0614471094505787,0.0577776295159622,0.0372619007906061,0.0320912699736464,0.04458179842641258,0.04388586805439721,0.014384381163336844
1973-06-11,0.0420989425226006,0.0471027787970777,0.0537745604963805,0.0614471094505787,0.0577776295159622,0.0372619007906061,0.047364884506693176,0.043352125518452994,0.010885546147265543
1973-06-12,0.0472695733395603,0.0420989425226006,0.0471027787970777,0.0537745604963805,0.0614471094505787,0.0577776295159622,0.04953321355896658,0.04312417297706014,0.008609925635639365
1973-07-02,0.0225172632351469,0.0472695733395603,0.0420989425226006,0.0471027787970777,0.0537745604963805,0.0614471094505787,0.04742683676532956,0.04232689506399346,0.012864703709311226
1973-07-03,0.0317576808886813,0.0225172632351469,0.0472695733395603,0.0420989425226006,0.0471027787970777,0.0537745604963805,0.04370970124714657,0.04195661117968216,0.01313181549562349
1973-07-05,0.0369616706141375,0.0317576808886813,0.0225172632351469,0.0472695733395603,0.0420989425226006,0.0471027787970777,0.04021178141336925,0.04173533041998862,0.010645340410798678
1973-07-06,0.0557760950061714,0.0369616706141375,0.0317576808886813,0.0225172632351469,0.0472695733395603,0.0420989425226006,0.04049771491476796,0.04292735541693072,0.011088028154731148
1973-07-08,0.0533742535944224,0.0557760950061714,0.0369616706141375,0.0317576808886813,0.0225172632351469,0.0472695733395603,0.0413936398858172,0.0434755534798901,0.011931930681743988
1973-07-09,0.0469359842545951,0.0533742535944224,0.0557760950061714,0.0369616706141375,0.0317576808886813,0.0225172632351469,0.0420846458475307,0.04380803060123869,0.012118192407715401
1973-07-11,0.0416986356206425,0.0469359842545951,0.0533742535944224,0.0557760950061714,0.0369616706141375,0.0317576808886813,0.04128879760197102,0.04322758559339935,0.011901928647425184
1973-07-12,0.0482703405944557,0.0416986356206425,0.0469359842545951,0.0533742535944224,0.0557760950061714,0.0369616706141375,0.04496780865330084,0.042866197418020446,0.008675261927177453
1973-08-01,0.0201487807318944,0.0482703405944557,0.0416986356206425,0.0469359842545951,0.0533742535944224,0.0557760950061714,0.04330939434518843,0.04197662652478007,0.012067762305106691
1973-08-02,0.0227507755946225,0.0201487807318944,0.0482703405944557,0.0416986356206425,0.0469359842545951,0.0533742535944224,0.04127926648525772,0.041309448354849794,0.01430208957219788
1973-08-03,0.0325916536010941,0.0227507755946225,0.0201487807318944,0.0482703405944557,0.0416986356206425,0.0469359842545951,0.037967203427389525,0.04082574418165033,0.013011705277379217
1973-08-05,0.0376955666010608,0.0325916536010941,0.0227507755946225,0.0201487807318944,0.0482703405944557,0.0416986356206425,0.03572739099976645,0.04140730115310623,0.011131083498411659
1973-08-06,0.0549421222937585,0.0376955666010608,0.0325916536010941,0.0227507755946225,0.0201487807318944,0.0482703405944557,0.036871125005361216,0.042511481024340846,0.012765987118843867
1973-08-08,0.0526069986990025,0.0549421222937585,0.0376955666010608,0.0325916536010941,0.0227507755946225,0.0201487807318944,0.03842946258798407,0.04317309937618837,0.014054278783361083
1973-08-10,0.0439336824899089,0.0526069986990025,0.0549421222937585,0.0376955666010608,0.0325916536010941,0.0227507755946225,0.037809940001620246,0.043392156208648815,0.013637591502094397
1973-08-11,0.0420989425226006,0.0439336824899089,0.0526069986990025,0.0549421222937585,0.0376955666010608,0.0325916536010941,0.040945677400292556,0.042769456583380557,0.011206787113979289
1973-09-01,0.0201821396403909,0.0420989425226006,0.0439336824899089,0.0526069986990025,0.0549421222937585,0.0376955666010608,0.040578729406830896,0.04148291467903165,0.01192112940180768
1973-09-02,0.0221503152416852,0.0201821396403909,0.0420989425226006,0.0439336824899089,0.0526069986990025,0.0549421222937585,0.03908710964120105,0.04063782233045331,0.013619339921149465
1973-09-03,0.0320078727024051,0.0221503152416852,0.0201821396403909,0.0420989425226006,0.0439336824899089,0.0526069986990025,0.0382745819413931,0.04029033370028128,0.01388330120498037
1973-09-04,0.0374286953330887,0.0320078727024051,0.0221503152416852,0.0201821396403909,0.0420989425226006,0.0439336824899089,0.03577266380415456,0.040134658793964224,0.011800902340411177
1973-09-05,0.0385962571304666,0.0374286953330887,0.0320078727024051,0.0221503152416852,0.0201821396403909,0.0420989425226006,0.03377112929436372,0.03986222770790935,0.009417206251067279
1973-09-07,0.0607799312806485,0.0385962571304666,0.0374286953330887,0.0320078727024051,0.0221503152416852,0.0201821396403909,0.036177736264469365,0.04113431408524308,0.01364892083019126
1973-09-08,0.050105080561764,0.0607799312806485,0.0385962571304666,0.0374286953330887,0.0320078727024051,0.0221503152416852,0.03732147027006415,0.041734774438180335,0.014534508260619793
1973-09-10,0.0431664275944891,0.050105080561764,0.0607799312806485,0.0385962571304666,0.0374286953330887,0.0320078727024051,0.04060493997779246,0.04193159199830977,0.012466289482094368
1973-09-11,0.0424325316075658,0.0431664275944891,0.050105080561764,0.0607799312806485,0.0385962571304666,0.0374286953330887,0.04350239945863254,0.04142008873469656,0.009455600259644786
1973-10-01,0.0200820629149014,0.0424325316075658,0.0431664275944891,0.050105080561764,0.0607799312806485,0.0385962571304666,0.04179871234613202,0.040041253850173986,0.012466758651523814
1973-10-04,0.0374286953330887,0.0200820629149014,0.0424325316075658,0.0431664275944891,0.050105080561764,0.0607799312806485,0.041798712346132014,0.03949639167806426,0.012466758651523814
1973-10-05,0.0399639723788237,0.0374286953330887,0.0200820629149014,0.0424325316075658,0.0431664275944891,0.050105080561764,0.04199410023875445,0.03925843146412246,0.01241882807132833
1973-10-07,0.0587783967708576,0.0399639723788237,0.0374286953330887,0.0200820629149014,0.0424325316075658,0.0431664275944891,0.04170816673735576,0.03981441327239769,0.011927535372432001
1973-10-08,0.0479367515094906,0.0587783967708576,0.0399639723788237,0.0374286953330887,0.0200820629149014,0.0424325316075658,0.04139840544417384,0.03983665254472869,0.011699088585879636
1973-10-09,0.04660239516963,0.0479367515094906,0.0587783967708576,0.0399639723788237,0.0374286953330887,0.0200820629149014,0.04188925795490826,0.04063949027587814,0.011856651409435011
1973-10-10,0.0457684224572172,0.04660239516963,0.0479367515094906,0.0587783967708576,0.0399639723788237,0.0374286953330887,0.04236581379057275,0.04110651499482933,0.011948808368702884
1973-10-12,0.0471027787970777,0.0457684224572172,0.04660239516963,0.0479367515094906,0.0587783967708576,0.0399639723788237,0.04622591605945507,0.04144455193426067,0.006809487086559986
1973-11-01,0.0200987423691496,0.0471027787970777,0.0457684224572172,0.04660239516963,0.0479367515094906,0.0587783967708576,0.04375020849317806,0.040255306846359945,0.01183602483346987
1973-11-04,0.0375954898755712,0.0200987423691496,0.0471027787970777,0.0457684224572172,0.04660239516963,0.0479367515094906,0.043411853849856276,0.03972934805573158,0.011995085753804665
1973-11-05,0.0412316109016913,0.0375954898755712,0.0200987423691496,0.0471027787970777,0.0457684224572172,0.04660239516963,0.04090517015426109,0.03953920227730145,0.009898914665831397
1973-11-06,0.0537745604963805,0.0412316109016913,0.0375954898755712,0.0200987423691496,0.0471027787970777,0.0457684224572172,0.04173914286667393,0.03994173310649272,0.010795373757585179
1973-11-07,0.0561096840911365,0.0537745604963805,0.0412316109016913,0.0375954898755712,0.0200987423691496,0.0471027787970777,0.04309732699831771,0.040203044556382066,0.012035981822362074
1973-11-09,0.0452680388297695,0.0561096840911365,0.0537745604963805,0.0412316109016913,0.0375954898755712,0.0200987423691496,0.04302584362296804,0.04104035315964458,0.012018947682467694
1973-11-10,0.0459352169996997,0.0452680388297695,0.0561096840911365,0.0537745604963805,0.0412316109016913,0.0375954898755712,0.042859049080485476,0.04181316787314715,0.011960901098014464
1973-11-12,0.0462020882676718,0.0459352169996997,0.0452680388297695,0.0561096840911365,0.0537745604963805,0.0412316109016913,0.046588098494560075,0.04226684902869974,0.006508745567101967
1973-12-01,0.0201821396403909,0.0462020882676718,0.0459352169996997,0.0452680388297695,0.0561096840911365,0.0537745604963805,0.04410047703239146,0.04168306813001075,0.011742177840333282
1973-12-02,0.0224505454181539,0.0201821396403909,0.0462020882676718,0.0459352169996997,0.0452680388297695,0.0561096840911365,0.0414174676776004,0.040600015567490585,0.014360662787885125
1973-12-03,0.0317576808886813,0.0224505454181539,0.0201821396403909,0.0462020882676718,0.0459352169996997,0.0452680388297695,0.0382721991622148,0.03990503830714655,0.01359372743757445
1973-12-04,0.0373619775160956,0.0317576808886813,0.0224505454181539,0.0201821396403909,0.0462020882676718,0.0459352169996997,0.03559395536578038,0.0396859814746861,0.011114392020453804
1973-12-06,0.0549421222937585,0.0373619775160956,0.0317576808886813,0.0224505454181539,0.0201821396403909,0.0462020882676718,0.036975967289207386,0.04011408746705803,0.012965159941262983
1973-12-07,0.0574440404309971,0.0549421222937585,0.0373619775160956,0.0317576808886813,0.0224505454181539,0.0201821396403909,0.03862008492224987,0.04135615082674492,0.01487909180157911
1973-12-09,0.0449344497448043,0.0574440404309971,0.0549421222937585,0.0373619775160956,0.0317576808886813,0.0224505454181539,0.038438993704697375,0.042115621976848885,0.014778808630477813
1973-12-10,0.044717616839577,0.0449344497448043,0.0574440404309971,0.0549421222937585,0.0373619775160956,0.0317576808886813,0.04194406187600967,0.04253928011475461,0.012453841275976879
1973-12-11,0.0414317643526703,0.044717616839577,0.0449344497448043,0.0574440404309971,0.0549421222937585,0.0373619775160956,0.04465566458094059,0.04267271574874066,0.009123090808651056
1973-12-12,0.0461020115421823,0.0414317643526703,0.044717616839577,0.0449344497448043,0.0574440404309971,0.0549421222937585,0.04670485467429787,0.04292290756246452,0.007138211626554575
1974-01-02,0.0637822330453347,0.0461020115421823,0.0414317643526703,0.044717616839577,0.0449344497448043,0.0574440404309971,0.0504791768927606,0.04302298428795406,0.008269959011644757
1974-01-03,0.0884678253327551,0.0637822330453347,0.0461020115421823,0.0414317643526703,0.044717616839577,0.0449344497448043,0.05526856304118869,0.0443017424469871,0.01669832987267307
1974-01-04,0.0928712012542949,0.0884678253327551,0.0637822330453347,0.0461020115421823,0.0414317643526703,0.044717616839577,0.06032958601594551,0.045958568235647285,0.02199595927693203
1974-01-05,0.0898021816726156,0.0928712012542949,0.0884678253327551,0.0637822330453347,0.0461020115421823,0.0414317643526703,0.06673926200563284,0.04753755657114895,0.02326287957583877
1974-01-07,0.0721219601694632,0.0898021816726156,0.0928712012542949,0.0884678253327551,0.0637822330453347,0.0461020115421823,0.07065416819561658,0.04927221981296768,0.021149091971557878
1974-01-08,0.0830636821563198,0.0721219601694632,0.0898021816726156,0.0928712012542949,0.0884678253327551,0.0637822330453347,0.07660158502470937,0.050793386040408714,0.0170105326642853
1974-01-10,0.0806284818360743,0.0830636821563198,0.0721219601694632,0.0898021816726156,0.0928712012542949,0.0884678253327551,0.0815339379238368,0.05214886968898373,0.010423087423271029
1974-01-11,0.0886346198752377,0.0806284818360743,0.0830636821563198,0.0721219601694632,0.0898021816726156,0.0928712012542949,0.08508427889953722,0.053144077125796406,0.007058171616104037
1974-02-01,0.0544417386663108,0.0886346198752377,0.0806284818360743,0.0830636821563198,0.0721219601694632,0.0898021816726156,0.08022340937575947,0.053360910031023744,0.013298040188708728
1974-02-04,0.0948060179470927,0.0544417386663108,0.0886346198752377,0.0806284818360743,0.0830636821563198,0.0721219601694632,0.08049981176044486,0.05496769745693916,0.013620929254626445
1974-02-05,0.0899022583981052,0.0948060179470927,0.0544417386663108,0.0886346198752377,0.0806284818360743,0.0830636821563198,0.0805141084355148,0.05643882532163544,0.013632368151963399
1974-02-07,0.0681188911498815,0.0899022583981052,0.0948060179470927,0.0544417386663108,0.0886346198752377,0.0806284818360743,0.07994224143271743,0.05713936240006223,0.014118385203582632
1974-02-08,0.081128865463522,0.0681188911498815,0.0899022583981052,0.0948060179470927,0.0544417386663108,0.0886346198752377,0.07966583904803202,0.05917369983654131,0.01406593225368862
1974-02-09,0.0824632218033826,0.081128865463522,0.0681188911498815,0.0899022583981052,0.0948060179470927,0.0544417386663108,0.0799279447576475,0.060669290900801684,0.014103902972307694
1974-02-10,0.0794609200386963,0.0824632218033826,0.081128865463522,0.0681188911498815,0.0899022583981052,0.0948060179470927,0.07861741620957016,0.06194360120536852,0.013576388813372432
1974-02-12,0.1006438269339827,0.0794609200386963,0.0824632218033826,0.081128865463522,0.0681188911498815,0.0899022583981052,0.0852177145335233,0.06350591008662193,0.010814048102967764
1974-03-01,0.0576108349734796,0.1006438269339827,0.0794609200386963,0.0824632218033826,0.081128865463522,0.0681188911498815,0.07990411696586427,0.0635559484493667,0.013989435425555157
1974-03-04,0.0964739633719184,0.0576108349734796,0.1006438269339827,0.0794609200386963,0.0824632218033826,0.081128865463522,0.0808429319621233,0.06526281260077166,0.014959128672237748
1974-03-05,0.0894685925876505,0.0964739633719184,0.0576108349734796,0.1006438269339827,0.0794609200386963,0.0824632218033826,0.08389288931037601,0.06671392512037003,0.014083313481134611
1974-03-06,0.0804616872935917,0.0894685925876505,0.0964739633719184,0.0576108349734796,0.1006438269339827,0.0794609200386963,0.08379757814324311,0.06785591175456736,0.014107374203889448
1974-03-07,0.0677853020649164,0.0804616872935917,0.0894685925876505,0.0964739633719184,0.0576108349734796,0.1006438269339827,0.08170073246631937,0.06944268383538486,0.015372828775626502
1974-03-09,0.0819628381759348,0.0677853020649164,0.0804616872935917,0.0894685925876505,0.0964739633719184,0.0576108349734796,0.08205814934306774,0.0714264269273109,0.015341126095748687
1974-03-10,0.0805617640190813,0.0819628381759348,0.0677853020649164,0.0804616872935917,0.0894685925876505,0.0964739633719184,0.07918928321236753,0.07305322969832423,0.012982680172106322
1974-03-12,0.0988090869666744,0.0805617640190813,0.0819628381759348,0.0677853020649164,0.0804616872935917,0.0894685925876505,0.08507474778282391,0.07510146668001019,0.010709313121419832
1974-04-01,0.0557760950061714,0.0988090869666744,0.0805617640190813,0.0819628381759348,0.0677853020649164,0.0804616872935917,0.0792607665877172,0.07512926577042395,0.014023721702389934
1974-04-02,0.0657837675551256,0.0557760950061714,0.0988090869666744,0.0805617640190813,0.0819628381759348,0.0677853020649164,0.07587722015449937,0.07540725667456158,0.014007615240384201
1974-04-03,0.0874670580778597,0.0657837675551256,0.0557760950061714,0.0988090869666744,0.0805617640190813,0.0819628381759348,0.07687798740939479,0.07682501028566341,0.014626323112724486
1974-04-04,0.094305634319645,0.0874670580778597,0.0657837675551256,0.0557760950061714,0.0988090869666744,0.0805617640190813,0.08066660630292745,0.07847794420166568,0.015297856521958388
1974-04-06,0.0797945091236614,0.094305634319645,0.0874670580778597,0.0657837675551256,0.0557760950061714,0.0988090869666744,0.08035684500974553,0.0797567023606987,0.01528918548631001
1974-04-07,0.0627814657904393,0.0797945091236614,0.094305634319645,0.0874670580778597,0.0657837675551256,0.0557760950061714,0.07781680240565383,0.08031268416897394,0.01666455522407054
1974-04-09,0.0813957367314941,0.0627814657904393,0.0797945091236614,0.094305634319645,0.0874670580778597,0.0657837675551256,0.07532918094348522,0.0808998009585126,0.01411299248293984
1974-04-10,0.0827968108883477,0.0813957367314941,0.0627814657904393,0.0797945091236614,0.094305634319645,0.0874670580778597,0.07918928321236754,0.08071076714369901,0.011285676331667192
1974-04-11,0.0896353871301331,0.0827968108883477,0.0813957367314941,0.0627814657904393,0.0797945091236614,0.094305634319645,0.08259665743736862,0.08060290667289363,0.010102316440951463
1974-04-12,0.0929712779797845,0.0896353871301331,0.0827968108883477,0.0813957367314941,0.0627814657904393,0.0797945091236614,0.083382974566215,0.08070854321646591,0.010738751257704588
1974-05-02,0.0701204256596724,0.0929712779797845,0.0896353871301331,0.0827968108883477,0.0813957367314941,0.0627814657904393,0.0799279447576475,0.0806418253994729,0.01052738303989261
1974-05-03,0.0827968108883477,0.0701204256596724,0.0929712779797845,0.0896353871301331,0.0827968108883477,0.0813957367314941,0.08035684500974553,0.0806329296905405,0.010582057627854686
1974-05-04,0.0923040998098542,0.0827968108883477,0.0701204256596724,0.0929712779797845,0.0896353871301331,0.0827968108883477,0.08457436415537624,0.08102211695633316,0.0079708879700382
1974-05-06,0.084631550855656,0.0923040998098542,0.0827968108883477,0.0701204256596724,0.0929712779797845,0.0896353871301331,0.0850366233159708,0.0808886813223471,0.00784871691725636
1974-05-07,0.0661173566400907,0.084631550855656,0.0923040998098542,0.0827968108883477,0.0701204256596724,0.0929712779797845,0.08265384413764838,0.08127786858813975,0.010667650311705303
1974-05-08,0.0791940487707242,0.0661173566400907,0.084631550855656,0.0923040998098542,0.0827968108883477,0.0701204256596724,0.08116222437201852,0.08075746961559416,0.010250579770477289
1974-05-09,0.0817960436334523,0.0791940487707242,0.0661173566400907,0.084631550855656,0.0923040998098542,0.0827968108883477,0.0795657623225425,0.08048726245677237,0.008884006753736936
1974-05-11,0.0926376888948193,0.0817960436334523,0.0791940487707242,0.0661173566400907,0.084631550855656,0.0923040998098542,0.08278251421327777,0.08130455571493699,0.00897015316250565
1974-05-12,0.0958067852019882,0.0926376888948193,0.0817960436334523,0.0791940487707242,0.0661173566400907,0.084631550855656,0.08464108197236928,0.08179381970621917,0.010232573789451088
1974-06-02,0.0687860693198118,0.0958067852019882,0.0926376888948193,0.0817960436334523,0.0791940487707242,0.0661173566400907,0.08128136333093464,0.08133791462343348,0.011119644902358509
1974-06-03,0.083463989058278,0.0687860693198118,0.0958067852019882,0.0926376888948193,0.0817960436334523,0.0791940487707242,0.08111456878845207,0.08147135025741954,0.011069661032196169
1974-06-05,0.0874670580778597,0.083463989058278,0.0687860693198118,0.0958067852019882,0.0926376888948193,0.0817960436334523,0.08416452613670479,0.08103212462888211,0.008995799402798084
1974-06-06,0.0827968108883477,0.0874670580778597,0.083463989058278,0.0687860693198118,0.0958067852019882,0.0926376888948193,0.08467920643922243,0.08187165715937773,0.00876410454097242
1974-06-08,0.0801280982086266,0.0827968108883477,0.0874670580778597,0.083463989058278,0.0687860693198118,0.0958067852019882,0.08444092852139018,0.08132679498726798,0.008877496777711755
1974-06-09,0.0814624545484871,0.0801280982086266,0.0827968108883477,0.0874670580778597,0.083463989058278,0.0687860693198118,0.08284446647191415,0.08105992371929588,0.00813124922023687
1974-06-11,0.095473196117023,0.0814624545484871,0.0801280982086266,0.0827968108883477,0.0874670580778597,0.083463989058278,0.0827968108883477,0.08156030734674359,0.008043118088323743
1974-06-12,0.0974080128098208,0.095473196117023,0.0814624545484871,0.0801280982086266,0.0827968108883477,0.0874670580778597,0.08688565995834899,0.0825477310382404,0.006931883182865203
1974-07-01,0.0577776295159622,0.0974080128098208,0.095473196117023,0.0814624545484871,0.0801280982086266,0.0827968108883477,0.08321618002373245,0.08174155741624131,0.013099745864697657
1974-07-02,0.0694532474897421,0.0577776295159622,0.0974080128098208,0.095473196117023,0.0814624545484871,0.0801280982086266,0.08064277851114421,0.08137127353193001,0.013872104085821214
1974-07-03,0.0874670580778597,0.0694532474897421,0.0577776295159622,0.0974080128098208,0.095473196117023,0.0814624545484871,0.0813099566810745,0.08099320590230286,0.0141033487734697
1974-07-05,0.0854655235680688,0.0874670580778597,0.0694532474897421,0.0577776295159622,0.0974080128098208,0.095473196117023,0.08207244601813767,0.08198285352103277,0.014172913700295942
1974-07-06,0.0804616872935917,0.0854655235680688,0.0874670580778597,0.0694532474897421,0.0577776295159622,0.0974080128098208,0.08192947926743832,0.08247211751231497,0.014185134673131318
1974-07-08,0.0797945091236614,0.0804616872935917,0.0854655235680688,0.0874670580778597,0.0694532474897421,0.0577776295159622,0.07968966683981524,0.08221636588050836,0.012866732216623494
1974-07-10,0.0817960436334523,0.0797945091236614,0.0804616872935917,0.0854655235680688,0.0874670580778597,0.0694532474897421,0.07745938552890545,0.08179937952430193,0.010400278392180858
1974-07-11,0.0949728124895753,0.0817960436334523,0.0797945091236614,0.0804616872935917,0.0854655235680688,0.0874670580778597,0.08277298309656447,0.08230532296983241,0.007860270501978704
1974-08-01,0.0611135203656136,0.0949728124895753,0.0817960436334523,0.0797945091236614,0.0804616872935917,0.0854655235680688,0.08158159350740325,0.08224972478900487,0.010428200701873449
1974-08-02,0.0721219601694632,0.0611135203656136,0.0949728124895753,0.0817960436334523,0.0797945091236614,0.0804616872935917,0.07938943666334662,0.08194059890360385,0.010596314827546397
1974-08-03,0.0867998799079294,0.0721219601694632,0.0611135203656136,0.0949728124895753,0.0817960436334523,0.0797945091236614,0.07958005899761242,0.08207403453758991,0.010734933678059977
1974-08-04,0.0881342362477899,0.0867998799079294,0.0721219601694632,0.0611135203656136,0.0949728124895753,0.0817960436334523,0.08067613741964073,0.08202399617484514,0.011220663758282526
1974-08-05,0.0819628381759348,0.0881342362477899,0.0867998799079294,0.0721219601694632,0.0611135203656136,0.0949728124895753,0.08098589871282265,0.08165704818138347,0.011222198514783918
1974-08-07,0.0707876038296027,0.0819628381759348,0.0881342362477899,0.0867998799079294,0.0721219601694632,0.0611135203656136,0.07941326445512985,0.08167928745371447,0.011843866705350868
1974-08-08,0.0781265636988357,0.0707876038296027,0.0819628381759348,0.0881342362477899,0.0867998799079294,0.0721219601694632,0.0770066574850242,0.08152361254739741,0.009666754326425645
1974-08-10,0.0801948160256196,0.0781265636988357,0.0707876038296027,0.0819628381759348,0.0881342362477899,0.0867998799079294,0.07973255686502505,0.0811199697545896,0.006661277287667625
1974-08-11,0.0988090869666744,0.0801948160256196,0.0781265636988357,0.0707876038296027,0.0819628381759348,0.0881342362477899,0.08354500355034092,0.08159255429162354,0.00885517985114917
1974-09-01,0.0594455749407879,0.0988090869666744,0.0801948160256196,0.0781265636988357,0.0707876038296027,0.0819628381759348,0.07963724569789214,0.08137016156831346,0.0124751720118222
1974-09-04,0.0901357707575808,0.0594455749407879,0.0988090869666744,0.0801948160256196,0.0781265636988357,0.0707876038296027,0.07992317919929084,0.081734885634542,0.012722862457014253
1974-09-05,0.0876338526203422,0.0901357707575808,0.0594455749407879,0.0988090869666744,0.0801948160256196,0.0781265636988357,0.08073332411992047,0.08192947926743832,0.013050717138142046
1974-09-07,0.0737899055942889,0.0876338526203422,0.0901357707575808,0.0594455749407879,0.0988090869666744,0.0801948160256196,0.0811622243720185,0.0813012198240873,0.0127143837684193
1974-09-08,0.0796277145811789,0.0737899055942889,0.0876338526203422,0.0901357707575808,0.0594455749407879,0.0988090869666744,0.08137667449806753,0.08076191747006035,0.012667220757026131
1974-09-09,0.0804616872935917,0.0796277145811789,0.0737899055942889,0.0876338526203422,0.0901357707575808,0.0594455749407879,0.08141479896492068,0.081151104735853,0.01266347193080719
1974-09-10,0.0805951229275778,0.0804616872935917,0.0796277145811789,0.0737899055942889,0.0876338526203422,0.0901357707575808,0.0788128041021926,0.08105547586482967,0.010106920903623778
1974-09-12,0.0971411415418487,0.0805951229275778,0.0804616872935917,0.0796277145811789,0.0737899055942889,0.0876338526203422,0.08419788504520129,0.08137794531362931,0.007860701956408419
1974-10-01,0.0567768622610668,0.0971411415418487,0.0805951229275778,0.0804616872935917,0.0796277145811789,0.0737899055942889,0.07943232668855642,0.08051061369271992,0.012439346111737016
1974-10-04,0.0923040998098542,0.0567768622610668,0.0971411415418487,0.0805951229275778,0.0804616872935917,0.0796277145811789,0.08009950485848671,0.08091648041276085,0.013062194933145234
1974-10-05,0.0886012609667411,0.0923040998098542,0.0567768622610668,0.0971411415418487,0.0805951229275778,0.0804616872935917,0.08221541276883704,0.08115444062670266,0.013069397900456924
1974-10-06,0.0817293258164593,0.0886012609667411,0.0923040998098542,0.0567768622610668,0.0971411415418487,0.0805951229275778,0.08251564294530565,0.08069631161668386,0.013024106497732281
1974-10-07,0.0692864529472595,0.0817293258164593,0.0886012609667411,0.0923040998098542,0.0567768622610668,0.0971411415418487,0.08091918089582963,0.07975892628793183,0.013968512191371154
1974-10-09,0.0797945091236614,0.0692864529472595,0.0817293258164593,0.0886012609667411,0.0923040998098542,0.0567768622610668,0.08080480749527015,0.08049282227485512,0.01397488402544569
1974-10-10,0.0822964272609,0.0797945091236614,0.0692864529472595,0.0817293258164593,0.0886012609667411,0.0923040998098542,0.07868413402656319,0.08092092826722705,0.01208065001607676
1974-10-12,0.095473196117023,0.0822964272609,0.0797945091236614,0.0692864529472595,0.0817293258164593,0.0886012609667411,0.08421218172027121,0.08118779953519915,0.008790918603955688
1974-11-01,0.0581112186009273,0.095473196117023,0.0822964272609,0.0797945091236614,0.0692864529472595,0.0817293258164593,0.07932748440471024,0.08027598936962779,0.012331806854259227
1974-11-02,0.0734563165093238,0.0581112186009273,0.095473196117023,0.0822964272609,0.0797945091236614,0.0692864529472595,0.07716392091079348,0.0800424770101522,0.01174834309971981
1974-11-03,0.0871334689928945,0.0734563165093238,0.0581112186009273,0.095473196117023,0.0822964272609,0.0797945091236614,0.07793594136456992,0.08028710900579329,0.01226457127579074
1974-11-04,0.0924708943523368,0.0871334689928945,0.0734563165093238,0.0581112186009273,0.095473196117023,0.0822964272609,0.08124800442243811,0.08064293736308945,0.012663471930807203
1974-11-06,0.0816292490909697,0.0924708943523368,0.0871334689928945,0.0734563165093238,0.0581112186009273,0.095473196117023,0.08151011013205357,0.08019815191646924,0.012647351047727204
1974-11-07,0.0681188911498815,0.0816292490909697,0.0924708943523368,0.0871334689928945,0.0734563165093238,0.0581112186009273,0.07948474783047951,0.08043166427594485,0.013599783914824914
1974-11-09,0.078727024051773,0.0681188911498815,0.0816292490909697,0.0924708943523368,0.0871334689928945,0.0734563165093238,0.0770924375354438,0.08065183307202185,0.011651940911702114
1974-11-10,0.0814624545484871,0.078727024051773,0.0681188911498815,0.0816292490909697,0.0924708943523368,0.0871334689928945,0.0804283283850952,0.08047391889337377,0.00811910877896002
1974-11-11,0.0981419087967441,0.0814624545484871,0.078727024051773,0.0681188911498815,0.0816292490909697,0.0924708943523368,0.08395484156901238,0.0808075079783389,0.009777759447995412
1974-11-12,0.0933048670647496,0.0981419087967441,0.0814624545484871,0.078727024051773,0.0681188911498815,0.0816292490909697,0.08483646986499169,0.08118557560796606,0.010372286024485018
1974-12-02,0.0744570837642192,0.0933048670647496,0.0981419087967441,0.0814624545484871,0.078727024051773,0.0681188911498815,0.08226306835240346,0.08130789160578662,0.01039708577281277
1974-12-03,0.0854655235680688,0.0744570837642192,0.0933048670647496,0.0981419087967441,0.0814624545484871,0.078727024051773,0.08281110756341761,0.08155252360142771,0.010459030540780455
1974-12-06,0.081128865463522,0.0854655235680688,0.0744570837642192,0.0933048670647496,0.0981419087967441,0.0814624545484871,0.08466967532250912,0.08158365858269115,0.008357997324443344
1974-12-07,0.0681188911498815,0.081128865463522,0.0854655235680688,0.0744570837642192,0.0933048670647496,0.0981419087967441,0.08315422776509605,0.0805606520554647,0.010341453791745508
1974-12-08,0.0782933582413183,0.0681188911498815,0.081128865463522,0.0854655235680688,0.0744570837642192,0.0933048670647496,0.0827014997212148,0.08118891149881571,0.010496072410665372
1974-12-09,0.0797277913066684,0.0782933582413183,0.0681188911498815,0.081128865463522,0.0854655235680688,0.0744570837642192,0.08007091150834682,0.08084197885045198,0.007989597040265113
1974-12-11,0.0968075524568836,0.0797277913066684,0.0782933582413183,0.0681188911498815,0.081128865463522,0.0854655235680688,0.08057129513579454,0.08114776884500335,0.009002100211838986
1974-12-12,0.0939720452346799,0.0968075524568836,0.0797277913066684,0.0782933582413183,0.0681188911498815,0.081128865463522,0.08335914677443179,0.0818205068330164,0.009781091917121357
1975-01-04,0.0949728124895753,0.0939720452346799,0.0968075524568836,0.0797277913066684,0.0782933582413183,0.0681188911498815,0.08471733090607557,0.08233201009662959,0.010735814778466562
1975-01-05,0.0874670580778597,0.0949728124895753,0.0939720452346799,0.0968075524568836,0.0797277913066684,0.0782933582413183,0.0856227869938381,0.08256552245610521,0.01064965785009101
1975-01-07,0.0878006471628248,0.0874670580778597,0.0949728124895753,0.0939720452346799,0.0968075524568836,0.0797277913066684,0.08843446642425858,0.0828057065972801,0.007342901227347217
1975-01-08,0.0879674417053074,0.0878006471628248,0.0874670580778597,0.0949728124895753,0.0939720452346799,0.0968075524568836,0.08981647834768558,0.08249991660272872,0.005880979635259435
1975-01-09,0.0801280982086266,0.0879674417053074,0.0878006471628248,0.0874670580778597,0.0949728124895753,0.0939720452346799,0.08987366504796535,0.08327829113431405,0.005767375776707572
1975-01-10,0.0724555492544284,0.0801280982086266,0.0879674417053074,0.0878006471628248,0.0874670580778597,0.0949728124895753,0.08639480744761459,0.08261667278246652,0.007854622332013535
1975-01-12,0.0687193515028188,0.0724555492544284,0.0801280982086266,0.0879674417053074,0.0878006471628248,0.0874670580778597,0.08278727977163443,0.08195394246700244,0.009434669846858604
1975-02-01,0.0934716616072322,0.0687193515028188,0.0724555492544284,0.0801280982086266,0.0879674417053074,0.0878006471628248,0.08257282964558542,0.08234535366002821,0.009123457461476659
1975-02-04,0.0949728124895753,0.0934716616072322,0.0687193515028188,0.0724555492544284,0.0801280982086266,0.0879674417053074,0.08364508027583051,0.08320156564477206,0.010174993112149843
1975-02-05,0.0871334689928945,0.0949728124895753,0.0934716616072322,0.0687193515028188,0.0724555492544284,0.0801280982086266,0.0835497691086976,0.08344619764041318,0.010132615976413122
1975-02-06,0.084631550855656,0.0871334689928945,0.0949728124895753,0.0934716616072322,0.0687193515028188,0.0724555492544284,0.08307321327303312,0.08352403509357172,0.009967314261110732
1975-02-07,0.0867998799079294,0.084631550855656,0.0871334689928945,0.0949728124895753,0.0934716616072322,0.0687193515028188,0.08402632494436209,0.08323492455326859,0.009957739953903024
1975-02-09,0.0762918237315275,0.0867998799079294,0.084631550855656,0.0871334689928945,0.0949728124895753,0.0934716616072322,0.08457436415537625,0.08384094472428859,0.009298536982094338
1975-02-10,0.0732228041498482,0.0762918237315275,0.0867998799079294,0.084631550855656,0.0871334689928945,0.0949728124895753,0.08521771453352331,0.08383316097897273,0.008096871107894811
1975-02-12,0.0696534009407212,0.0732228041498482,0.0762918237315275,0.0867998799079294,0.084631550855656,0.0871334689928945,0.08181510586687887,0.0832504920439003,0.009003998422723064
1975-03-01,0.0928044834373019,0.0696534009407212,0.0732228041498482,0.0762918237315275,0.0867998799079294,0.084631550855656,0.08150534457369696,0.0832616116800658,0.008499033640984205
1975-03-02,0.094305634319645,0.0928044834373019,0.0696534009407212,0.0732228041498482,0.0762918237315275,0.0867998799079294,0.0825299396203756,0.08368415785435498,0.009645590573054565
1975-03-03,0.0980418320712546,0.094305634319645,0.0928044834373019,0.0696534009407212,0.0732228041498482,0.0762918237315275,0.08444569407974682,0.08468158921840074,0.011319126413591372
1975-03-04,0.0938719685091903,0.0980418320712546,0.094305634319645,0.0928044834373019,0.0696534009407212,0.0732228041498482,0.08545599245135553,0.08518642070031465,0.011866642853737884
1975-03-06,0.086966674450412,0.0938719685091903,0.0980418320712546,0.094305634319645,0.0928044834373019,0.0696534009407212,0.08698097112548188,0.08536989469704549,0.011157393122873203
1975-03-07,0.0861327017379991,0.086966674450412,0.0938719685091903,0.0980418320712546,0.094305634319645,0.0928044834373019,0.08882524220950345,0.08496958779508731,0.009438816834353483
1975-03-09,0.0770257197184508,0.0861327017379991,0.086966674450412,0.0938719685091903,0.0980418320712546,0.094305634319645,0.08987843060632196,0.0844269495502107,0.007052805259634548
1975-03-10,0.0693865296727491,0.0770257197184508,0.0861327017379991,0.086966674450412,0.0938719685091903,0.0980418320712546,0.08653300863995728,0.08425793108049501,0.01025886327322541
1975-03-11,0.0722887547119458,0.0693865296727491,0.0770257197184508,0.0861327017379991,0.086966674450412,0.0938719685091903,0.08338774012457166,0.08381870545195759,0.010837448313789794
1975-03-12,0.0697534776662107,0.0722887547119458,0.0693865296727491,0.0770257197184508,0.0861327017379991,0.086966674450412,0.07934654663813683,0.08343952585871388,0.009674138240367076
1975-04-02,0.0929712779797845,0.0697534776662107,0.0722887547119458,0.0693865296727491,0.0770257197184508,0.0861327017379991,0.07921787656250744,0.08426793875304399,0.009452188775127303
1975-04-03,0.096640757914401,0.0929712779797845,0.0697534776662107,0.0722887547119458,0.0693865296727491,0.0770257197184508,0.08059988848593444,0.08487951874214673,0.01130049012980531
1975-04-04,0.0925709710778263,0.096640757914401,0.0929712779797845,0.0697534776662107,0.0722887547119458,0.0693865296727491,0.08151964124876689,0.08530762473451865,0.012062197443317652
1975-04-06,0.0873002635353771,0.0925709710778263,0.096640757914401,0.0929712779797845,0.0697534776662107,0.0722887547119458,0.0829874332226135,0.08499071510380178,0.012049336173415475
1975-04-07,0.0862994962804817,0.0873002635353771,0.0925709710778263,0.096640757914401,0.0929712779797845,0.0697534776662107,0.08540357130943245,0.08473496347199518,0.010458171724098632
1975-04-08,0.0878006471628248,0.0862994962804817,0.0873002635353771,0.0925709710778263,0.096640757914401,0.0929712779797845,0.08761955594527229,0.08449589129443684,0.008714103298501016
1975-04-09,0.0789605364112486,0.0878006471628248,0.0862994962804817,0.0873002635353771,0.0925709710778263,0.096640757914401,0.0889348500517063,0.08421234057221645,0.005763179878819609
1975-04-11,0.0727891383393935,0.0789605364112486,0.0878006471628248,0.0862994962804817,0.0873002635353771,0.0925709710778263,0.08605168724593615,0.08371195694476875,0.008015488296836036
1975-04-12,0.0693531707642526,0.0727891383393935,0.0789605364112486,0.0878006471628248,0.0862994962804817,0.0873002635353771,0.08215346051020066,0.08309148124673359,0.008620007241926393
1975-05-02,0.0934716616072322,0.0693531707642526,0.0727891383393935,0.0789605364112486,0.0878006471628248,0.0862994962804817,0.08228213058583009,0.08353626669335376,0.008806138075540433
1975-05-03,0.0958067852019882,0.0934716616072322,0.0693531707642526,0.0727891383393935,0.0789605364112486,0.0878006471628248,0.08349734796677452,0.08431464122493909,0.010105161701157904
1975-05-05,0.085799112653034,0.0958067852019882,0.0934716616072322,0.0693531707642526,0.0727891383393935,0.0789605364112486,0.08342586459142484,0.08488396659661294,0.010083782974224261
1975-05-06,0.0864662908229642,0.085799112653034,0.0958067852019882,0.0934716616072322,0.0693531707642526,0.0727891383393935,0.08323524225715905,0.08465045423713734,0.009999559868894992
1975-05-08,0.0875004169863562,0.0864662908229642,0.085799112653034,0.0958067852019882,0.0934716616072322,0.0693531707642526,0.08445522519646012,0.08440137438703003,0.009911670580902044
1975-05-09,0.0789605364112486,0.0875004169863562,0.0864662908229642,0.085799112653034,0.0958067852019882,0.0934716616072322,0.08533685349243943,0.08412894330097516,0.00892655612344166
1975-05-11,0.074056776862261,0.0789605364112486,0.0875004169863562,0.0864662908229642,0.085799112653034,0.0958067852019882,0.08600879722072634,0.08377645083452867,0.007601555564040763
1975-05-12,0.0687860693198118,0.074056776862261,0.0789605364112486,0.0875004169863562,0.0864662908229642,0.085799112653034,0.08248228403680913,0.08317599048159142,0.009133964334671988
1975-06-01,0.0924708943523368,0.0687860693198118,0.074056776862261,0.0789605364112486,0.0875004169863562,0.0864662908229642,0.08200572820114467,0.08371529283561839,0.008378704089191688
1975-06-02,0.0924041765353437,0.0924708943523368,0.0687860693198118,0.074056776862261,0.0789605364112486,0.0875004169863562,0.08294930875576033,0.08435467191513492,0.009207982457296277
1975-06-03,0.0971411415418487,0.0924041765353437,0.0924708943523368,0.0687860693198118,0.074056776862261,0.0789605364112486,0.08447428742988669,0.0852709299351725,0.010657404944253051
1975-06-05,0.0861327017379991,0.0971411415418487,0.0924041765353437,0.0924708943523368,0.0687860693198118,0.074056776862261,0.08427889953726424,0.0850485372118624,0.010605087802555476
1975-06-06,0.086966674450412,0.0861327017379991,0.0971411415418487,0.0924041765353437,0.0924708943523368,0.0687860693198118,0.08542263354285902,0.08480390521622129,0.010364921442974325
1975-06-08,0.0866998031824398,0.086966674450412,0.0861327017379991,0.0971411415418487,0.0924041765353437,0.0924708943523368,0.08722878016002741,0.08442583758659414,0.009075634818013073
1975-06-10,0.0706208092871201,0.0866998031824398,0.086966674450412,0.0861327017379991,0.0971411415418487,0.0924041765353437,0.08749088586964289,0.08365079894585846,0.008459837485220263
1975-06-11,0.074056776862261,0.0706208092871201,0.0866998031824398,0.086966674450412,0.0861327017379991,0.0971411415418487,0.08486029765677493,0.08322046902625344,0.009457342311424668
1975-07-01,0.0898021816726156,0.074056776862261,0.0706208092871201,0.0866998031824398,0.086966674450412,0.0861327017379991,0.08448858410495662,0.08334278502407398,0.009157809544427522
1975-07-02,0.093138072522267,0.0898021816726156,0.074056776862261,0.0706208092871201,0.0866998031824398,0.086966674450412,0.08391671710215923,0.08387986345086786,0.008322960921622782
1975-07-03,0.095473196117023,0.093138072522267,0.0898021816726156,0.074056776862261,0.0706208092871201,0.0866998031824398,0.08525107344201978,0.08474941899901033,0.00941459985377134
1975-07-04,0.0918704339993995,0.095473196117023,0.093138072522267,0.0898021816726156,0.074056776862261,0.0706208092871201,0.08595161052044657,0.08540214164192546,0.009740341578718134
1975-07-05,0.086966674450412,0.0918704339993995,0.095473196117023,0.093138072522267,0.0898021816726156,0.074056776862261,0.08598973498729974,0.08597591486806548,0.009744279626343843
1975-07-07,0.0851319344831037,0.086966674450412,0.0918704339993995,0.095473196117023,0.093138072522267,0.0898021816726156,0.08806275287244025,0.08571460341817613,0.007119878686710551
1975-07-08,0.0870000333589085,0.0851319344831037,0.086966674450412,0.0918704339993995,0.095473196117023,0.093138072522267,0.08991178951481847,0.08539324593299305,0.0037679678058067587
1975-07-10,0.0717883710844981,0.0870000333589085,0.0851319344831037,0.086966674450412,0.0918704339993995,0.095473196117023,0.08733838800223026,0.08470049259988209,0.00782384179522266
1975-07-11,0.0731894452413517,0.0717883710844981,0.0870000333589085,0.0851319344831037,0.086966674450412,0.0918704339993995,0.08448858410495665,0.08423013199008127,0.008916104975158585
1975-08-01,0.0968075524568836,0.0731894452413517,0.0717883710844981,0.0870000333589085,0.0851319344831037,0.086966674450412,0.08467920643922244,0.08458040052929465,0.009199841390373581
1975-08-04,0.0928044834373019,0.0968075524568836,0.0731894452413517,0.0717883710844981,0.0870000333589085,0.0851319344831037,0.08481264207320849,0.08474719507177722,0.009327416814982717
1975-08-05,0.0876338526203422,0.0928044834373019,0.0968075524568836,0.0731894452413517,0.0717883710844981,0.0870000333589085,0.0849079532403414,0.08503630561208034,0.009356459538572713
1975-08-07,0.0861327017379991,0.0876338526203422,0.0928044834373019,0.0968075524568836,0.0731894452413517,0.0717883710844981,0.08505091999104072,0.08548109105870053,0.009368091013510141
1975-08-08,0.0863662140974747,0.0861327017379991,0.0876338526203422,0.0928044834373019,0.0968075524568836,0.0731894452413517,0.08496037438226448,0.08604819250314127,0.009349156303638625
1975-08-09,0.0782933582413183,0.0863662140974747,0.0861327017379991,0.0876338526203422,0.0928044834373019,0.0968075524568836,0.0858896582618102,0.08554224905761079,0.00805546186535343
1975-08-10,0.0696534009407212,0.0782933582413183,0.0863662140974747,0.0861327017379991,0.0876338526203422,0.0928044834373019,0.08538450907600585,0.08467046958223524,0.009035828741895048
1975-08-12,0.0682856856923641,0.0696534009407212,0.0782933582413183,0.0863662140974747,0.0861327017379991,0.0876338526203422,0.0813099566810745,0.08408668868354624,0.009447638212867511
1975-09-01,0.0961403742869533,0.0682856856923641,0.0696534009407212,0.0782933582413183,0.0863662140974747,0.0861327017379991,0.08178651251673899,0.08440915813234588,0.010179837994544236
1975-09-04,0.0922040230843646,0.0961403742869533,0.0682856856923641,0.0696534009407212,0.0782933582413183,0.0863662140974747,0.08243939401159935,0.08456594500227949,0.01074805385473782
1975-09-05,0.0873002635353771,0.0922040230843646,0.0961403742869533,0.0682856856923641,0.0696534009407212,0.0782933582413183,0.08260618855408189,0.0848439359064171,0.010823714377972415
1975-09-06,0.087033392267405,0.0873002635353771,0.0922040230843646,0.0961403742869533,0.0682856856923641,0.0696534009407212,0.0827014997212148,0.08527648975325523,0.010865200632583786
1975-09-07,0.0873669813523701,0.087033392267405,0.0873002635353771,0.0922040230843646,0.0961403742869533,0.0682856856923641,0.08399773159422219,0.08589585348767385,0.010792659517634029
1975-09-09,0.0757914401040798,0.0873669813523701,0.087033392267405,0.0873002635353771,0.0922040230843646,0.0961403742869533,0.08487459433184485,0.08533987167939862,0.009618473346303086
1975-09-10,0.0701204256596724,0.0757914401040798,0.0873669813523701,0.087033392267405,0.0873002635353771,0.0922040230843646,0.08513670004146033,0.0845970799835429,0.009102223946359138
1975-09-12,0.0682856856923641,0.0701204256596724,0.0757914401040798,0.0873669813523701,0.087033392267405,0.0873002635353771,0.08115745881366188,0.08363523145522675,0.009566767105170912
1975-10-01,0.0949728124895753,0.0682856856923641,0.0701204256596724,0.0757914401040798,0.0873669813523701,0.087033392267405,0.0815530001572634,0.08392990181361262,0.010139694615633186
1975-10-02,0.0928044834373019,0.0949728124895753,0.0682856856923641,0.0701204256596724,0.0757914401040798,0.0873669813523701,0.0823393172861098,0.08412449544650895,0.010848327203333877
1975-10-03,0.094305634319645,0.0928044834373019,0.0949728124895753,0.0682856856923641,0.0701204256596724,0.0757914401040798,0.08337820900785838,0.08437802315108246,0.01168845976461394
1975-10-04,0.0918037161824065,0.094305634319645,0.0928044834373019,0.0949728124895753,0.0682856856923641,0.0701204256596724,0.08401202826929215,0.085084120047592,0.012055339953404217
1975-10-06,0.0874003402608666,0.0918037161824065,0.094305634319645,0.0928044834373019,0.0949728124895753,0.0682856856923641,0.08567044257740454,0.08552890549421219,0.011522713443467652
1975-10-07,0.0856323181105514,0.0874003402608666,0.0918037161824065,0.094305634319645,0.0928044834373019,0.0949728124895753,0.0878864272132444,0.0853899100421434,0.009313626778282926
1975-10-09,0.0767254895419822,0.0856323181105514,0.0874003402608666,0.0918037161824065,0.094305634319645,0.0928044834373019,0.08909211347747556,0.08484282394280057,0.006463533199806992
1975-10-10,0.0716215765420155,0.0767254895419822,0.0856323181105514,0.0874003402608666,0.0918037161824065,0.094305634319645,0.08575622262782415,0.08404776995696699,0.008596544210387554
1975-10-11,0.0729225739733795,0.0716215765420155,0.0767254895419822,0.0856323181105514,0.0874003402608666,0.0918037161824065,0.08291594984726382,0.08341617462276632,0.009146565341138065
1975-10-12,0.0697201187577142,0.0729225739733795,0.0716215765420155,0.0767254895419822,0.0856323181105514,0.0874003402608666,0.07940373333841656,0.08284128943300972,0.008756077293006585
1975-11-02,0.093138072522267,0.0697201187577142,0.0729225739733795,0.0716215765420155,0.0767254895419822,0.0856323181105514,0.07959435567268235,0.08310816070098183,0.009079569350398652
1975-11-03,0.0960736564699603,0.093138072522267,0.0697201187577142,0.0729225739733795,0.0716215765420155,0.0767254895419822,0.08083340084541,0.08341061480468356,0.01075886306205238
1975-11-04,0.0914034092804483,0.0960736564699603,0.093138072522267,0.0697201187577142,0.0729225739733795,0.0716215765420155,0.08165784244110956,0.08406444941121524,0.011390466409195325
1975-11-06,0.0866330853654468,0.0914034092804483,0.0960736564699603,0.093138072522267,0.0697201187577142,0.0729225739733795,0.08307321327303308,0.08451257074868507,0.011290544458422296
1975-11-07,0.0870000333589085,0.0866330853654468,0.0914034092804483,0.0960736564699603,0.093138072522267,0.0697201187577142,0.08527013567544636,0.08418565344541924,0.010127133691867365
1975-11-08,0.0847316275811455,0.0870000333589085,0.0866330853654468,0.0914034092804483,0.0960736564699603,0.093138072522267,0.08695714333369867,0.08391655825021402,0.00859514172838353
1975-11-09,0.075224338659639,0.0847316275811455,0.0870000333589085,0.0866330853654468,0.0914034092804483,0.0960736564699603,0.08774346046254507,0.08350290778485725,0.006824885772947934
1975-11-11,0.0729559328818761,0.075224338659639,0.0847316275811455,0.0870000333589085,0.0866330853654468,0.0914034092804483,0.08486029765677493,0.0830636821563198,0.008275013929543495
1975-11-12,0.0702538612936584,0.0729559328818761,0.075224338659639,0.0847316275811455,0.0870000333589085,0.0866330853654468,0.0811717554887318,0.08252660372952593,0.008197827936749802
1975-12-02,0.0934049437902392,0.0702538612936584,0.0729559328818761,0.075224338659639,0.0847316275811455,0.0870000333589085,0.08145768899013049,0.08303032324782329,0.00863730424977772
1975-12-03,0.0951396070320579,0.0934049437902392,0.0702538612936584,0.0729559328818761,0.075224338659639,0.0847316275811455,0.08267290637107494,0.08387986345086787,0.009980740026864296
1975-12-05,0.0870667511759015,0.0951396070320579,0.0934049437902392,0.0702538612936584,0.0729559328818761,0.075224338659639,0.08268243748778824,0.08450589896698577,0.00998559159662786
1975-12-06,0.0871334689928945,0.0870667511759015,0.0951396070320579,0.0934049437902392,0.0702538612936584,0.0729559328818761,0.08302555768946665,0.08420566879051714,0.010108252555206284
1975-12-08,0.085799112653034,0.0871334689928945,0.0870667511759015,0.0951396070320579,0.0934049437902392,0.0702538612936584,0.08453623968852308,0.08399217177613945,0.009521196409307677
1975-12-09,0.0754578510191146,0.085799112653034,0.0871334689928945,0.0870667511759015,0.0951396070320579,0.0934049437902392,0.08489365656527144,0.08359742469226404,0.009049295494843406
1975-12-11,0.072689061613904,0.0754578510191146,0.085799112653034,0.0871334689928945,0.0870667511759015,0.0951396070320579,0.08524154232530652,0.08311928033714734,0.008417440768387914
1975-12-12,0.069253094038763,0.072689061613904,0.0754578510191146,0.085799112653034,0.0871334689928945,0.0870667511759015,0.08179127807509565,0.08251548409336043,0.009405485508430164
1976-01-03,0.0649831537512092,0.069253094038763,0.072689061613904,0.0754578510191146,0.085799112653034,0.0871334689928945,0.07748321332068868,0.08215520788159808,0.009176038994236893
1976-01-04,0.0629149014244253,0.0649831537512092,0.069253094038763,0.072689061613904,0.0754578510191146,0.085799112653034,0.07403294907047779,0.08191502374042317,0.009506659066614496
1976-01-06,0.0612135970911031,0.0629149014244253,0.0649831537512092,0.069253094038763,0.072689061613904,0.0754578510191146,0.07033011022736474,0.08167928745371447,0.008553697583502034
1976-01-07,0.0587116789538646,0.0612135970911031,0.0629149014244253,0.0649831537512092,0.069253094038763,0.072689061613904,0.06646047684176912,0.08047058300252412,0.006189694735866998
1976-01-09,0.0472362144310638,0.0587116789538646,0.0612135970911031,0.0629149014244253,0.0649831537512092,0.069253094038763,0.06242881447204757,0.07895164070231618,0.008212930236764934
1976-01-10,0.0541081495813457,0.0472362144310638,0.0587116789538646,0.0612135970911031,0.0629149014244253,0.0649831537512092,0.059774398467396385,0.07761172454437287,0.007295576981694123
1976-01-11,0.0585115255028855,0.0541081495813457,0.0472362144310638,0.0587116789538646,0.0612135970911031,0.0629149014244253,0.05823988867655675,0.07650198485505551,0.005980785863601286
1976-01-12,0.0637822330453347,0.0585115255028855,0.0541081495813457,0.0472362144310638,0.0587116789538646,0.0612135970911031,0.05806832857571753,0.07571471461453778,0.005768574700264864
1976-02-01,0.070353938019148,0.0637822330453347,0.0585115255028855,0.0541081495813457,0.0472362144310638,0.0587116789538646,0.05913104808924934,0.07520543527815766,0.007293833538256861
1976-02-02,0.0637155152283417,0.070353938019148,0.0637822330453347,0.0585115255028855,0.0541081495813457,0.0472362144310638,0.05948846496599771,0.07477176946770298,0.007472016092735698
1976-02-03,0.064382693398272,0.0637155152283417,0.070353938019148,0.0637822330453347,0.0585115255028855,0.0541081495813457,0.06029860988662734,0.07453047336291152,0.007678344861060994
1976-02-04,0.0628481836074323,0.064382693398272,0.0637155152283417,0.070353938019148,0.0637822330453347,0.0585115255028855,0.06252889119753713,0.07419466035071329,0.005079319949101297
1976-02-06,0.0613803916335857,0.0628481836074323,0.064382693398272,0.0637155152283417,0.070353938019148,0.0637822330453347,0.06356778291928569,0.07391666944657567,0.0035974999811708534
1976-02-07,0.0589451913133402,0.0613803916335857,0.0628481836074323,0.064382693398272,0.0637155152283417,0.070353938019148,0.06362973517792207,0.07277690673961143,0.003498280153760095
1976-02-08,0.0513727190846315,0.0589451913133402,0.0613803916335857,0.0628481836074323,0.064382693398272,0.0637155152283417,0.0618569474692502,0.07128687549343381,0.0057971190876250685
1976-02-09,0.0475030856990359,0.0513727190846315,0.0589451913133402,0.0613803916335857,0.0628481836074323,0.064382693398272,0.05859253999494847,0.06982353137405341,0.006593930852206284
1976-02-11,0.0584448076858925,0.0475030856990359,0.0513727190846315,0.0589451913133402,0.0613803916335857,0.0628481836074323,0.05783958177459859,0.06888392211806825,0.006200643401079416
1976-02-12,0.0640157454048103,0.0584448076858925,0.0475030856990359,0.0513727190846315,0.0589451913133402,0.0613803916335857,0.05778716063267548,0.06811777918626499,0.0061373355125080445
1976-03-02,0.0645828468492511,0.0640157454048103,0.0584448076858925,0.0475030856990359,0.0513727190846315,0.0589451913133402,0.058034969667221034,0.0674461531618685,0.0064049311151445016
1976-03-03,0.0649497948427127,0.0645828468492511,0.0640157454048103,0.0584448076858925,0.0475030856990359,0.0513727190846315,0.058544884411382024,0.06710366836797096,0.0068427787154155695
1976-03-05,0.0623477999799846,0.0649497948427127,0.0645828468492511,0.0640157454048103,0.0584448076858925,0.0475030856990359,0.0590309713637598,0.06675006393790792,0.0069951135423013625
1976-03-06,0.0615805450845648,0.0623477999799846,0.0649497948427127,0.0645828468492511,0.0640157454048103,0.0584448076858925,0.06048923222089313,0.0664609533976048,0.006144855652129451
1976-03-08,0.0511725656336524,0.0615805450845648,0.0623477999799846,0.0649497948427127,0.0645828468492511,0.0640157454048103,0.06101344364012405,0.0650532074590519,0.004878391084489203
1976-03-09,0.0483704173199453,0.0511725656336524,0.0615805450845648,0.0623477999799846,0.0649497948427127,0.0645828468492511,0.05957424501641732,0.06349423446864814,0.0068500775245898685
1976-03-11,0.0606798545551589,0.0483704173199453,0.0511725656336524,0.0615805450845648,0.0623477999799846,0.0649497948427127,0.05909768918075283,0.06261467124795674,0.006601099416736927
1976-03-12,0.0641491810387964,0.0606798545551589,0.0483704173199453,0.0511725656336524,0.0615805450845648,0.0623477999799846,0.05903573692211644,0.061848528316153464,0.006542818325270994
1976-04-02,0.063281849417887,0.0641491810387964,0.0606798545551589,0.0483704173199453,0.0511725656336524,0.0615805450845648,0.0587974590042842,0.061097952874981896,0.006318053306474204
1976-04-03,0.0649497948427127,0.063281849417887,0.0641491810387964,0.0606798545551589,0.0483704173199453,0.0511725656336524,0.059169172556102496,0.0607476843357685,0.006630559352643068
1976-04-05,0.0619474930780264,0.0649497948427127,0.063281849417887,0.0641491810387964,0.0606798545551589,0.0483704173199453,0.059221593698025585,0.06038963205123925,0.006654209389454317
1976-04-06,0.0611802381826066,0.0619474930780264,0.0649497948427127,0.063281849417887,0.0641491810387964,0.0606798545551589,0.06065126120501905,0.06012053685603403,0.0056334241624470755
1976-04-08,0.0523734863395269,0.0611802381826066,0.0619474930780264,0.0649497948427127,0.063281849417887,0.0641491810387964,0.06122312820781641,0.059700214608977946,0.004199722488376597
1976-04-10,0.0530073056009607,0.0523734863395269,0.0611802381826066,0.0619474930780264,0.0649497948427127,0.063281849417887,0.060127049785788096,0.05936996141486247,0.005238016376633
1976-04-11,0.0594455749407879,0.0530073056009607,0.0523734863395269,0.0611802381826066,0.0619474930780264,0.0649497948427127,0.05945510605750117,0.059311027343185295,0.00492861040086868
1976-05-01,0.06918637622177,0.0594455749407879,0.0530073056009607,0.0523734863395269,0.0611802381826066,0.0619474930780264,0.06029860988662732,0.05966018391878214,0.006066580121133384
1976-05-02,0.0626146712479567,0.06918637622177,0.0594455749407879,0.0530073056009607,0.0523734863395269,0.0611802381826066,0.05996502080166217,0.0601727991460119,0.00582769269933446
1976-05-03,0.0659172031891116,0.0626146712479567,0.06918637622177,0.0594455749407879,0.0530073056009607,0.0523734863395269,0.060532122246102917,0.06056643426627076,0.006231894624913576
1976-05-04,0.0616139039930613,0.0659172031891116,0.0626146712479567,0.06918637622177,0.0594455749407879,0.0530073056009607,0.060594074504739304,0.060669846882609964,0.006241559562062081
1976-05-05,0.0616139039930613,0.0616139039930613,0.0659172031891116,0.0626146712479567,0.06918637622177,0.0594455749407879,0.06191413416952992,0.06059756924753417,0.005082756377753834
1976-05-07,0.0588784734963472,0.0616139039930613,0.0616139039930613,0.0659172031891116,0.0626146712479567,0.06918637622177,0.06275287244029944,0.06021505376344082,0.0036507017987056902
1976-05-08,0.0518397438035827,0.0588784734963472,0.0616139039930613,0.0616139039930613,0.0659172031891116,0.0626146712479567,0.0616663251349844,0.059819194715948855,0.005475092180394121
1976-05-10,0.0530740234179537,0.0518397438035827,0.0588784734963472,0.0616139039930613,0.0616139039930613,0.0659172031891116,0.059364560448724936,0.05944223904993824,0.005164775601048588
1976-05-11,0.0614471094505787,0.0530740234179537,0.0518397438035827,0.0588784734963472,0.0616139039930613,0.0616139039930613,0.05919776590624236,0.059395536578043126,0.005060113458167155
1976-06-01,0.0694532474897421,0.0614471094505787,0.0530740234179537,0.0518397438035827,0.0588784734963472,0.0616139039930613,0.05970291509204671,0.059664631773248336,0.005942310499976759
1976-06-02,0.0638489508623278,0.0694532474897421,0.0614471094505787,0.0530740234179537,0.0518397438035827,0.0588784734963472,0.06002220750194193,0.059828090424881256,0.006119510124679602
1976-06-04,0.0623144410714881,0.0638489508623278,0.0694532474897421,0.0614471094505787,0.0530740234179537,0.0518397438035827,0.060122284227431474,0.06019281449110981,0.00615550098904707
1976-06-05,0.0613803916335857,0.0623144410714881,0.0638489508623278,0.0694532474897421,0.0614471094505787,0.0530740234179537,0.06047970110417982,0.06065539135559481,0.006143868161306915
1976-06-07,0.0589785502218367,0.0613803916335857,0.0623144410714881,0.0638489508623278,0.0694532474897421,0.0614471094505787,0.06149953059250183,0.06067318277345961,0.0049464957700676975
1976-06-08,0.0519731794375688,0.0589785502218367,0.0613803916335857,0.0623144410714881,0.0638489508623278,0.0694532474897421,0.06134226716673256,0.06027176390788489,0.005266181334751723
1976-06-09,0.0525402808820095,0.0519731794375688,0.0589785502218367,0.0613803916335857,0.0623144410714881,0.0638489508623278,0.060069863085508386,0.059870345042310175,0.006225309640672275
1976-06-10,0.0536077659538979,0.0525402808820095,0.0519731794375688,0.0589785502218367,0.0613803916335857,0.0623144410714881,0.05780622286610206,0.059492277412683016,0.005006149683037125
1976-06-12,0.0661173566400907,0.0536077659538979,0.0525402808820095,0.0519731794375688,0.0589785502218367,0.0613803916335857,0.05813028083435391,0.05961792930135322,0.005510512618306459
1976-07-01,0.0690195816792874,0.0661173566400907,0.0536077659538979,0.0525402808820095,0.0519731794375688,0.0589785502218367,0.05908815806403953,0.05986589718784397,0.0067926611180804545
1976-07-04,0.0619141341695299,0.0690195816792874,0.0661173566400907,0.0536077659538979,0.0525402808820095,0.0519731794375688,0.05916440699774584,0.06022394947237322,0.006825596180343282
1976-07-05,0.0622810821629916,0.0619141341695299,0.0690195816792874,0.0661173566400907,0.0536077659538979,0.0525402808820095,0.05963619727505369,0.060687638300474765,0.006924035410400426
1976-07-06,0.0615138272675718,0.0622810821629916,0.0619141341695299,0.0690195816792874,0.0661173566400907,0.0536077659538979,0.06099914696505412,0.06071543739088852,0.006047779581462951
1976-07-07,0.0589785502218367,0.0615138272675718,0.0622810821629916,0.0619141341695299,0.0690195816792874,0.0661173566400907,0.06191889972788657,0.0605430830303232,0.004933940395708326
1976-07-09,0.0506054641892117,0.0589785502218367,0.0615138272675718,0.0622810821629916,0.0619141341695299,0.0690195816792874,0.061489999475788544,0.06012053685603403,0.005826574151610338
1976-07-10,0.0537745604963805,0.0506054641892117,0.0589785502218367,0.0615138272675718,0.0622810821629916,0.0619141341695299,0.059726742883829946,0.059748029044489614,0.006055931606293578
1976-07-12,0.0666844580845314,0.0537745604963805,0.0506054641892117,0.0589785502218367,0.0615138272675718,0.0622810821629916,0.0593931537988648,0.059905927878039784,0.0054972693511277405
1976-08-01,0.0673182773459652,0.0666844580845314,0.0537745604963805,0.0506054641892117,0.0589785502218367,0.0615138272675718,0.06016517425264127,0.06011052918348507,0.006239657496653602
1976-08-03,0.0652833839276779,0.0673182773459652,0.0666844580845314,0.0537745604963805,0.0506054641892117,0.0589785502218367,0.06059407450473931,0.06054085910309011,0.0065068075897744765
1976-08-04,0.0622477232544951,0.0652833839276779,0.0673182773459652,0.0666844580845314,0.0537745604963805,0.0506054641892117,0.06069891678858551,0.060848873024874586,0.006529968552419641
1976-08-06,0.0617139807185509,0.0622477232544951,0.0652833839276779,0.0673182773459652,0.0666844580845314,0.0537745604963805,0.06108969257383039,0.060924486550800024,0.00649159314589686
1976-08-07,0.0588451145878506,0.0617139807185509,0.0622477232544951,0.0652833839276779,0.0673182773459652,0.0666844580845314,0.06226678548792165,0.060579777829669376,0.004800432981280705
1976-08-09,0.0511725656336524,0.0588451145878506,0.0617139807185509,0.0622477232544951,0.0652833839276779,0.0673182773459652,0.06189507193610335,0.060198374309192566,0.005601511298484147
1976-08-10,0.0527737932414851,0.0511725656336524,0.0588451145878506,0.0617139807185509,0.0622477232544951,0.0652833839276779,0.05990783410138246,0.05976026064427168,0.006067361848807528
1976-08-11,0.064449411215265,0.0527737932414851,0.0511725656336524,0.0588451145878506,0.0617139807185509,0.0622477232544951,0.059497996082711,0.059854777551678465,0.005558968159882284
1976-08-12,0.0672182006204757,0.064449411215265,0.0527737932414851,0.0511725656336524,0.0588451145878506,0.0617139807185509,0.059774398467396406,0.06004158743925895,0.005930272895012561
1976-09-01,0.0678186609734129,0.0672182006204757,0.064449411215265,0.0527737932414851,0.0511725656336524,0.0588451145878506,0.060570246712956084,0.060339593688494474,0.006647907219687355
1976-09-02,0.0635153617773626,0.0678186609734129,0.0672182006204757,0.064449411215265,0.0527737932414851,0.0511725656336524,0.060827586864214904,0.06072878095428714,0.0067338699868936015
1976-09-03,0.0653834606531674,0.0635153617773626,0.0678186609734129,0.0672182006204757,0.064449411215265,0.0527737932414851,0.0617616363021173,0.06113909552879426,0.006865234654760051
1976-09-04,0.0619141341695299,0.0653834606531674,0.0635153617773626,0.0678186609734129,0.0672182006204757,0.064449411215265,0.06329614609295695,0.061154663019425966,0.005069524584548567
1976-09-06,0.0614471094505787,0.0619141341695299,0.0653834606531674,0.0635153617773626,0.0678186609734129,0.0672182006204757,0.0645351912656846,0.060887791751453854,0.0024546850943185073
1976-09-07,0.0584448076858925,0.0614471094505787,0.0619141341695299,0.0653834606531674,0.0635153617773626,0.0678186609734129,0.06367739076148853,0.06070765364557267,0.003368667775015672
1976-09-08,0.0519064616205757,0.0584448076858925,0.0614471094505787,0.0619141341695299,0.0653834606531674,0.0635153617773626,0.06148999947578853,0.060360720997208926,0.005173847849137826
1976-09-09,0.0514394369016245,0.0519064616205757,0.0584448076858925,0.0614471094505787,0.0619141341695299,0.0653834606531674,0.0591501103226759,0.06002935583947689,0.005526428810118728
1976-09-11,0.0638155919538312,0.0514394369016245,0.0519064616205757,0.0584448076858925,0.0614471094505787,0.0619141341695299,0.05919300034788571,0.0601905905638767,0.005566969763225883
1976-09-12,0.0677853020649164,0.0638155919538312,0.0514394369016245,0.0519064616205757,0.0584448076858925,0.0614471094505787,0.05953612054956413,0.060717661318121625,0.006063945961770671
1976-10-02,0.0631150548754044,0.0677853020649164,0.0638155919538312,0.0514394369016245,0.0519064616205757,0.0584448076858925,0.05970768065040334,0.06107015378456812,0.006158685409216598
1976-10-03,0.0660506388230977,0.0631150548754044,0.0677853020649164,0.0638155919538312,0.0514394369016245,0.0519064616205757,0.06036532770362034,0.06148491621354145,0.006605003710844534
1976-10-05,0.0624145177969776,0.0660506388230977,0.0631150548754044,0.0677853020649164,0.0638155919538312,0.0514394369016245,0.060932429148061074,0.06136148825210434,0.006583008414140066
1976-10-06,0.0612135970911031,0.0624145177969776,0.0660506388230977,0.0631150548754044,0.0677853020649164,0.0638155919538312,0.06226201992956499,0.061101288765831534,0.005263906704546017
1976-10-08,0.0523734863395269,0.0612135970911031,0.0624145177969776,0.0660506388230977,0.0631150548754044,0.0677853020649164,0.06239545556355104,0.060783267171498095,0.004946083306528381
1976-10-09,0.0539079961303666,0.0523734863395269,0.0612135970911031,0.0624145177969776,0.0660506388230977,0.0631150548754044,0.06098008473162753,0.06050416430374394,0.005813485738216019
1976-10-11,0.0676185075224338,0.0539079961303666,0.0523734863395269,0.0612135970911031,0.0624145177969776,0.0660506388230977,0.0609562569398443,0.060707653645572665,0.005781196508526851
1976-10-12,0.0685525569603362,0.0676185075224338,0.0539079961303666,0.0523734863395269,0.0612135970911031,0.0624145177969776,0.061733042951977415,0.06102678720352265,0.006446613947588371
1976-11-02,0.0640157454048103,0.0685525569603362,0.0676185075224338,0.0539079961303666,0.0523734863395269,0.0612135970911031,0.06144234389222208,0.061473796577375936,0.00626272761547636
1976-11-03,0.0658838442806151,0.0640157454048103,0.0685525569603362,0.0676185075224338,0.0539079961303666,0.0523734863395269,0.06193796196131314,0.06187743937018376,0.006485790697363511
1976-11-05,0.0620142108950195,0.0658838442806151,0.0640157454048103,0.0685525569603362,0.0676185075224338,0.0539079961303666,0.06205233536187262,0.0617217644638667,0.006477942398779756
1976-11-06,0.0604463421956833,0.0620142108950195,0.0658838442806151,0.0640157454048103,0.0685525569603362,0.0676185075224338,0.06320560048418068,0.0614926999588573,0.005022804311132869
1976-11-08,0.0524735630650165,0.0604463421956833,0.0620142108950195,0.0658838442806151,0.0640157454048103,0.0685525569603362,0.06300068147484496,0.061065705930101924,0.005474312996945784
1976-11-10,0.0531073823264502,0.0524735630650165,0.0604463421956833,0.0620142108950195,0.0658838442806151,0.0640157454048103,0.06092766358970445,0.06076102789916709,0.006141116148554584
1976-11-11,0.0655836141041465,0.0531073823264502,0.0524735630650165,0.0604463421956833,0.0620142108950195,0.0658838442806151,0.060503528895963055,0.06089001567868694,0.0056059416382770524
1976-12-01,0.0678853787904059,0.0655836141041465,0.0531073823264502,0.0524735630650165,0.0604463421956833,0.0620142108950195,0.061056333665333855,0.06119135781877212,0.006172200865958103
1976-12-02,0.064315975581279,0.0678853787904059,0.0655836141041465,0.0531073823264502,0.0524735630650165,0.0604463421956833,0.06083235242257156,0.06162947148369301,0.00599368577029432
1976-12-03,0.065683690829636,0.064315975581279,0.0678853787904059,0.0655836141041465,0.0531073823264502,0.0524735630650165,0.061356563841802485,0.06205980140329804,0.006268449120858747
1976-12-04,0.0615805450845648,0.065683690829636,0.064315975581279,0.0678853787904059,0.0655836141041465,0.0531073823264502,0.06151859282592842,0.0619641725322747,0.0062556456727095216
1976-12-05,0.062047569803516,0.0615805450845648,0.065683690829636,0.064315975581279,0.0678853787904059,0.0655836141041465,0.0628863080742855,0.061791818171709374,0.004833414165264087
1976-12-07,0.0580111418754378,0.062047569803516,0.0615805450845648,0.065683690829636,0.064315975581279,0.0678853787904059,0.06358684515271228,0.06146490086844354,0.003288260590211014
1976-12-08,0.0522400507055409,0.0580111418754378,0.062047569803516,0.0615805450845648,0.065683690829636,0.064315975581279,0.06168062181005434,0.06108905716604948,0.005231360438278267
1976-12-10,0.0532408179604363,0.0522400507055409,0.0580111418754378,0.062047569803516,0.0615805450845648,0.065683690829636,0.05958854169148726,0.06068430240962511,0.005264606308300383
1976-12-11,0.0671848417119791,0.0532408179604363,0.0522400507055409,0.0580111418754378,0.062047569803516,0.0615805450845648,0.0599983797101587,0.06085999266104008,0.005780366913044399
1977-01-02,0.0651833072021883,0.0671848417119791,0.0532408179604363,0.0522400507055409,0.0580111418754378,0.062047569803516,0.05992689633480903,0.06098453258609374,0.005700888693268255
1977-01-03,0.0710544750975748,0.0651833072021883,0.0671848417119791,0.0532408179604363,0.0522400507055409,0.0580111418754378,0.06128031490809617,0.061404854833149815,0.007109466147920445
1977-01-04,0.0756580044700937,0.0710544750975748,0.0651833072021883,0.0671848417119791,0.0532408179604363,0.0522400507055409,0.06322466271760728,0.06219657292813375,0.00897155608656914
1977-01-06,0.072689061613904,0.0756580044700937,0.0710544750975748,0.0651833072021883,0.0671848417119791,0.0532408179604363,0.06532150839453102,0.0629048937518764,0.00926057617028036
1977-01-07,0.0718217299929946,0.072689061613904,0.0756580044700937,0.0710544750975748,0.0651833072021883,0.0671848417119791,0.06811889114988155,0.06317176501984852,0.0074263104301996756
1977-01-08,0.0729225739733795,0.0718217299929946,0.072689061613904,0.0756580044700937,0.0710544750975748,0.0651833072021883,0.070930570580302,0.06334300741679727,0.0035888725698629983
1977-01-09,0.0737398672315442,0.0729225739733795,0.0718217299929946,0.072689061613904,0.0756580044700937,0.0710544750975748,0.07186700279738274,0.0636971678286686,0.0032914881076213528
1977-01-11,0.0851319344831037,0.0737398672315442,0.0729225739733795,0.0718217299929946,0.072689061613904,0.0756580044700937,0.07471680669465637,0.06433321101733548,0.004820793742094234
1977-01-12,0.0836641425092571,0.0851319344831037,0.0737398672315442,0.0729225739733795,0.0718217299929946,0.072689061613904,0.07651818775346812,0.06504153184107812,0.005528225201060246
1977-02-02,0.0648497181172232,0.0836641425092571,0.0851319344831037,0.0737398672315442,0.0729225739733795,0.0718217299929946,0.07497414684591519,0.06516273587528214,0.007095685019120413
1977-02-03,0.0734896754178203,0.0648497181172232,0.0836641425092571,0.0851319344831037,0.0737398672315442,0.0729225739733795,0.07508852024647465,0.06586660884455858,0.007059071555138641
1977-02-05,0.0756913633785902,0.0734896754178203,0.0648497181172232,0.0836641425092571,0.0851319344831037,0.0737398672315442,0.07564132501584545,0.06659272108616603,0.006910563132068642
1977-02-06,0.0714214230910364,0.0756913633785902,0.0734896754178203,0.0648497181172232,0.0836641425092571,0.0851319344831037,0.07542687488979645,0.06671948493845277,0.007031231990696917
1977-02-08,0.073990059045268,0.0714214230910364,0.0756913633785902,0.0734896754178203,0.0648497181172232,0.0836641425092571,0.07546261657747126,0.0669007350079505,0.007021856859079605
1977-02-09,0.0743903659472262,0.073990059045268,0.0714214230910364,0.0756913633785902,0.0734896754178203,0.0648497181172232,0.07392810678663163,0.06724655569269772,0.00558285788616989
1977-02-11,0.0844647563131734,0.0743903659472262,0.073990059045268,0.0714214230910364,0.0756913633785902,0.0734896754178203,0.07404248018719109,0.06786591942711631,0.005818774724869217
1977-02-12,0.0826300163458651,0.0844647563131734,0.0743903659472262,0.073990059045268,0.0714214230910364,0.0756913633785902,0.07658252279128279,0.06855311294214449,0.004953534488624431
1977-03-02,0.0654501784701604,0.0826300163458651,0.0844647563131734,0.0743903659472262,0.073990059045268,0.0714214230910364,0.07543402322733139,0.06871990748462707,0.006485304542446526
1977-03-03,0.0732561630583447,0.0654501784701604,0.0826300163458651,0.0844647563131734,0.0743903659472262,0.073990059045268,0.07508613746729631,0.06941266081773802,0.006534328956845626
1977-03-05,0.0756246455615972,0.0732561630583447,0.0654501784701604,0.0826300163458651,0.0844647563131734,0.0743903659472262,0.07568659782023357,0.07016323625890958,0.006331412698568185
1977-03-06,0.0710878340060713,0.0756246455615972,0.0732561630583447,0.0654501784701604,0.0826300163458651,0.0844647563131734,0.07527199424320548,0.07034671025564039,0.00655219851752623
1977-03-08,0.0741234946792541,0.0710878340060713,0.0756246455615972,0.0732561630583447,0.0654501784701604,0.0826300163458651,0.07523386977635231,0.07055464745193535,0.006558956229840141
1977-03-10,0.0804283283850952,0.0741234946792541,0.0710878340060713,0.0756246455615972,0.0732561630583447,0.0654501784701604,0.07465723721519828,0.07109172587872921,0.005738249430473097
1977-03-11,0.0862994962804817,0.0804283283850952,0.0741234946792541,0.0710878340060713,0.0756246455615972,0.0732561630583447,0.07518144863442923,0.07177891939375741,0.0066785532983119665
1977-04-01,0.0672515595289722,0.0862994962804817,0.0804283283850952,0.0741234946792541,0.0710878340060713,0.0756246455615972,0.07543878878568806,0.071967953208571,0.006262858765386485
1977-04-02,0.0650832304766988,0.0672515595289722,0.0862994962804817,0.0804283283850952,0.0741234946792541,0.0710878340060713,0.07427122698831008,0.07206914189767707,0.00739675298651835
1977-04-03,0.0737231877772959,0.0650832304766988,0.0672515595289722,0.0862994962804817,0.0804283283850952,0.0741234946792541,0.07399959016198132,0.07259287676107236,0.007373644820640754
1977-04-04,0.0769923608099543,0.0737231877772959,0.0650832304766988,0.0672515595289722,0.0862994962804817,0.0804283283850952,0.07484309399110746,0.07341795376455279,0.0073225870760432014
1977-04-05,0.0755245688361076,0.0769923608099543,0.0737231877772959,0.0650832304766988,0.0672515595289722,0.0862994962804817,0.07504324744208654,0.0741607454604085,0.007318786828937635
1977-04-07,0.0704540147446375,0.0755245688361076,0.0769923608099543,0.0737231877772959,0.0650832304766988,0.0672515595289722,0.07361834549344971,0.07426971789483044,0.007062074588138174
1977-04-08,0.0746238783067018,0.0704540147446375,0.0755245688361076,0.0769923608099543,0.0737231877772959,0.0650832304766988,0.07195040006862401,0.07458440359831424,0.004471439035781546
1977-04-10,0.080028021483137,0.0746238783067018,0.0704540147446375,0.0755245688361076,0.0769923608099543,0.0737231877772959,0.07377560891921899,0.07488352181116631,0.004827210308334752
1977-04-11,0.0874003402608666,0.080028021483137,0.0746238783067018,0.0704540147446375,0.0755245688361076,0.0769923608099543,0.07696376745981438,0.07527493300419207,0.005457977848215221
1977-05-01,0.0654835373786569,0.0874003402608666,0.080028021483137,0.0746238783067018,0.0704540147446375,0.0755245688361076,0.07578667454572309,0.07503474886301717,0.00695620376700277
1977-05-04,0.0758915168295693,0.0654835373786569,0.0874003402608666,0.080028021483137,0.0746238783067018,0.0704540147446375,0.0756294111199538,0.07517040842423633,0.006936819818061617
1977-05-05,0.0747573139406878,0.0758915168295693,0.0654835373786569,0.0874003402608666,0.080028021483137,0.0746238783067018,0.07551980327775099,0.07523156642314661,0.006944809567362874
1977-05-07,0.0709543983720852,0.0747573139406878,0.0758915168295693,0.0654835373786569,0.0874003402608666,0.080028021483137,0.07559128665310065,0.07513871746116464,0.006886305479493378
1977-05-08,0.0737565466857924,0.0709543983720852,0.0747573139406878,0.0758915168295693,0.0654835373786569,0.0874003402608666,0.07546738213582789,0.07475953786792093,0.006914358785341256
1977-05-09,0.0753577742936251,0.0737565466857924,0.0709543983720852,0.0747573139406878,0.0758915168295693,0.0654835373786569,0.07480020396589761,0.07448265892739986,0.006620005540334816
1977-05-10,0.0801614571171231,0.0753577742936251,0.0737565466857924,0.0709543983720852,0.0747573139406878,0.0758915168295693,0.07376607780250569,0.07499305022739652,0.0045723903735979884
1977-05-12,0.0831303999733128,0.0801614571171231,0.0753577742936251,0.0737565466857924,0.0709543983720852,0.0747573139406878,0.07628705817317082,0.0753144077125796,0.004083364258640589
1977-06-01,0.0651833072021883,0.0831303999733128,0.0801614571171231,0.0753577742936251,0.0737565466857924,0.0709543983720852,0.07475731394068783,0.07496413917336621,0.005870820396472864
1977-06-04,0.0758581579210728,0.0651833072021883,0.0831303999733128,0.0801614571171231,0.0753577742936251,0.0737565466857924,0.0749145773664571,0.07511203033436743,0.005885546246801113
1977-06-05,0.0756246455615972,0.0758581579210728,0.0651833072021883,0.0831303999733128,0.0801614571171231,0.0753577742936251,0.07558175553638738,0.0751665165515784,0.0056205459393887025
1977-06-07,0.070487373653134,0.0756246455615972,0.0758581579210728,0.0651833072021883,0.0831303999733128,0.0801614571171231,0.07511473081743618,0.07503641680844199,0.0059250566065934835
1977-06-09,0.0749908263001634,0.070487373653134,0.0756246455615972,0.0758581579210728,0.0651833072021883,0.0831303999733128,0.07506230967551308,0.07472061914134166,0.005924171125050061
1977-06-10,0.0794609200386963,0.0749908263001634,0.070487373653134,0.0756246455615972,0.0758581579210728,0.0651833072021883,0.07496223295002355,0.07461498259776936,0.005828824669293591
1977-06-12,0.0833639123327884,0.0794609200386963,0.0749908263001634,0.070487373653134,0.0756246455615972,0.0758581579210728,0.07499559185852005,0.07521210705985697,0.005883772264531018
1977-07-01,0.0653167428361744,0.0833639123327884,0.0794609200386963,0.0749908263001634,0.070487373653134,0.0756246455615972,0.07501465409194664,0.07494745971911797,0.00584678403062262
1977-07-02,0.0662841511825733,0.0653167428361744,0.0833639123327884,0.0794609200386963,0.0749908263001634,0.070487373653134,0.07364693884358957,0.07463610990648382,0.006677386818473826
1977-07-03,0.0756580044700937,0.0662841511825733,0.0653167428361744,0.0833639123327884,0.0794609200386963,0.0749908263001634,0.07365170440194621,0.07478844892195124,0.0066790452219235245
1977-07-04,0.0759248757380658,0.0756580044700937,0.0662841511825733,0.0653167428361744,0.0833639123327884,0.0794609200386963,0.07442849041407933,0.07484849495724497,0.006564911953382096
1977-07-07,0.0710878340060713,0.0759248757380658,0.0756580044700937,0.0662841511825733,0.0653167428361744,0.0833639123327884,0.07387092008635189,0.07453714514461084,0.006674029075815783
1977-07-09,0.075224338659639,0.0710878340060713,0.0759248757380658,0.0756580044700937,0.0662841511825733,0.0653167428361744,0.07326569417505799,0.07416797322391606,0.006261995663929135
1977-07-10,0.0794275611301998,0.075224338659639,0.0710878340060713,0.0759248757380658,0.0756580044700937,0.0662841511825733,0.07270335828897391,0.074573839943957,0.005308116129110054
1977-07-11,0.0877339293458318,0.0794275611301998,0.075224338659639,0.0710878340060713,0.0759248757380658,0.0756580044700937,0.07590581350463924,0.07532886323959476,0.006691070213725597
1977-07-12,0.0836641425092571,0.0877339293458318,0.0794275611301998,0.075224338659639,0.0710878340060713,0.0759248757380658,0.07838866940845121,0.0756602283973268,0.005672826935788001
1977-08-02,0.0665843813590419,0.0836641425092571,0.0877339293458318,0.0794275611301998,0.075224338659639,0.0710878340060713,0.07709243753544381,0.07531329574896306,0.007225060075045059
1977-08-03,0.0756246455615972,0.0665843813590419,0.0836641425092571,0.0877339293458318,0.0794275611301998,0.075224338659639,0.077049547510234,0.0753166316398127,0.007234031775527105
1977-08-06,0.071654935450512,0.0756246455615972,0.0665843813590419,0.0836641425092571,0.0877339293458318,0.0794275611301998,0.07713056200229697,0.07535666233000853,0.0071589240614975055
1977-08-07,0.0714881409080295,0.071654935450512,0.0756246455615972,0.0665843813590419,0.0836641425092571,0.0877339293458318,0.07659681946635276,0.07525213775005278,0.007457772489377938
1977-08-08,0.073990059045268,0.0714881409080295,0.071654935450512,0.0756246455615972,0.0665843813590419,0.0836641425092571,0.07582003345421964,0.07505087233545714,0.0073967171657984936
1977-08-09,0.0751242619341495,0.073990059045268,0.0714881409080295,0.071654935450512,0.0756246455615972,0.0665843813590419,0.0740186523954079,0.07464166972456658,0.005229673597901921
1977-08-11,0.0866664442739433,0.0751242619341495,0.073990059045268,0.0714881409080295,0.071654935450512,0.0756246455615972,0.07444755264750591,0.07534776662107613,0.006187896620637608
1977-08-12,0.0840644494112152,0.0866664442739433,0.0751242619341495,0.073990059045268,0.0714881409080295,0.071654935450512,0.07694470522638783,0.07562019770713098,0.006010341520562625
1977-09-02,0.0675184307969443,0.0840644494112152,0.0866664442739433,0.0751242619341495,0.073990059045268,0.0714881409080295,0.07578667454572312,0.07537890160233954,0.007005593929875387
1977-09-03,0.074056776862261,0.0675184307969443,0.0840644494112152,0.0866664442739433,0.0751242619341495,0.073990059045268,0.07612979474740154,0.07548231421867872,0.006826019284040959
1977-09-05,0.0749908263001634,0.074056776862261,0.0675184307969443,0.0840644494112152,0.0866664442739433,0.0751242619341495,0.07663017837484924,0.0755234568724911,0.006551931622729256
1977-09-06,0.0705207325616305,0.0749908263001634,0.074056776862261,0.0675184307969443,0.0840644494112152,0.0866664442739433,0.07613456030575817,0.07536222214809128,0.006906548644956198
1977-09-08,0.0744570837642192,0.0705207325616305,0.0749908263001634,0.074056776862261,0.0675184307969443,0.0840644494112152,0.07603924913862527,0.07517207636966114,0.006927386716607189
1977-09-09,0.075090903025653,0.0744570837642192,0.0705207325616305,0.0749908263001634,0.074056776862261,0.0675184307969443,0.07438560038886952,0.07490409313807249,0.005111299980132808
1977-09-11,0.0884678253327551,0.075090903025653,0.0744570837642192,0.0705207325616305,0.0749908263001634,0.074056776862261,0.07501465409194664,0.07568024374242471,0.006565202535144169
1977-09-12,0.0824965807118791,0.0884678253327551,0.075090903025653,0.0744570837642192,0.0705207325616305,0.0749908263001634,0.07715438979408018,0.07590152450211825,0.006142039374906437
1977-10-01,0.0641158221302999,0.0824965807118791,0.0884678253327551,0.075090903025653,0.0744570837642192,0.0705207325616305,0.07573425340380002,0.07551789705440835,0.00788077212139376
1977-10-02,0.0673516362544617,0.0641158221302999,0.0824965807118791,0.0884678253327551,0.075090903025653,0.0744570837642192,0.07464294054012835,0.07541337247445261,0.008505079417864306
1977-10-03,0.0748240317576809,0.0673516362544617,0.0641158221302999,0.0824965807118791,0.0884678253327551,0.075090903025653,0.07525769756813556,0.07540781265636984,0.008310765783125005
1977-10-05,0.0751242619341495,0.0748240317576809,0.0673516362544617,0.0641158221302999,0.0824965807118791,0.0884678253327551,0.07535300873526847,0.0752632573862183,0.00830387660962339
1977-10-06,0.0701204256596724,0.0751242619341495,0.0748240317576809,0.0673516362544617,0.0641158221302999,0.0824965807118791,0.07464294054012836,0.07482180783044776,0.008539204186523635
1977-10-08,0.0740234179537645,0.0701204256596724,0.0751242619341495,0.0748240317576809,0.0673516362544617,0.0641158221302999,0.07257945377170115,0.07511203033436743,0.006013298790128258
1977-10-10,0.0815625312739767,0.0740234179537645,0.0701204256596724,0.0751242619341495,0.0748240317576809,0.0673516362544617,0.07244601813771509,0.07562130967074755,0.005761657938786843
1977-10-11,0.0880675184307969,0.0815625312739767,0.0740234179537645,0.0701204256596724,0.0751242619341495,0.0748240317576809,0.07586768903778608,0.07603496013610431,0.006974531010129726
1977-11-01,0.063281849417887,0.0880675184307969,0.0815625312739767,0.0740234179537645,0.0701204256596724,0.0751242619341495,0.07528629091827542,0.07561352592543168,0.007909683246749169
1977-11-02,0.066784534810021,0.063281849417887,0.0880675184307969,0.0815625312739767,0.0740234179537645,0.0701204256596724,0.074137791354324,0.07547008261889668,0.00854606487452302
1977-11-03,0.0743236481302331,0.066784534810021,0.063281849417887,0.0880675184307969,0.0815625312739767,0.0740234179537645,0.07402341795376452,0.07544005960124982,0.008536013888718181
1977-11-05,0.0752576975681355,0.0743236481302331,0.066784534810021,0.063281849417887,0.0880675184307969,0.0815625312739767,0.07475731394068783,0.075301064149181,0.008363622348517154
1977-11-07,0.0707208860126096,0.0752576975681355,0.0743236481302331,0.066784534810021,0.063281849417887,0.0880675184307969,0.07428552366337997,0.07473396270474028,0.008503892416322316
1977-11-08,0.0736898288687994,0.0707208860126096,0.0752576975681355,0.0743236481302331,0.066784534810021,0.063281849417887,0.07316085189121178,0.07440148558339167,0.00787869409365249
1977-11-10,0.0813623778229976,0.0736898288687994,0.0707208860126096,0.0752576975681355,0.0743236481302331,0.066784534810021,0.07220297466152617,0.07489408546552354,0.005931224473151167
1977-11-11,0.0887680555092237,0.0813623778229976,0.0736898288687994,0.0707208860126096,0.0752576975681355,0.0743236481302331,0.07584386124600284,0.07533219913044441,0.0072237984529880265
1977-12-01,0.0637822330453347,0.0887680555092237,0.0813623778229976,0.0736898288687994,0.0707208860126096,0.0752576975681355,0.0754149609939048,0.0750697757169385,0.007908048388931345
1977-12-04,0.0765920539079961,0.0637822330453347,0.0887680555092237,0.0813623778229976,0.0736898288687994,0.0707208860126096,0.07573901896215665,0.07523990615027072,0.007902350546140835
1977-12-05,0.0749241084831704,0.0765920539079961,0.0637822330453347,0.0887680555092237,0.0813623778229976,0.0736898288687994,0.07569136337859021,0.07527104113153414,0.007906741599698931
1977-12-07,0.0713213463655469,0.0749241084831704,0.0765920539079961,0.0637822330453347,0.0887680555092237,0.0813623778229976,0.07577714342900983,0.07514427727924738,0.007846860011873862
1977-12-08,0.0733895986923308,0.0713213463655469,0.0749241084831704,0.0765920539079961,0.0637822330453347,0.0887680555092237,0.07573425340380004,0.07470171575986032,0.007860978344457833
1977-12-09,0.0756580044700937,0.0733895986923308,0.0713213463655469,0.0749241084831704,0.0765920539079961,0.0637822330453347,0.07491934292481375,0.07442150092848959,0.007466049368003591
1977-12-10,0.0819628381759348,0.0756580044700937,0.0733895986923308,0.0713213463655469,0.0749241084831704,0.0765920539079961,0.0739471690200582,0.07490298117445594,0.005562665568953975
1977-12-12,0.0826633752543617,0.0819628381759348,0.0756580044700937,0.0733895986923308,0.0713213463655469,0.0749241084831704,0.0766444750499192,0.07518986778752597,0.004230397901099693
1978-01-02,0.0944057110451346,0.0826633752543617,0.0819628381759348,0.0756580044700937,0.0733895986923308,0.0713213463655469,0.07918928321236755,0.07583703061235833,0.007932044864826727
1978-01-03,0.0984754978817093,0.0944057110451346,0.0826633752543617,0.0819628381759348,0.0756580044700937,0.0733895986923308,0.08255376741215882,0.07676885612302761,0.010424587103834409
1978-01-06,0.0988090869666744,0.0984754978817093,0.0944057110451346,0.0826633752543617,0.0819628381759348,0.0756580044700937,0.0864805874980342,0.07758058956310947,0.010662713984220876
1978-01-08,0.1135537245221336,0.0988090869666744,0.0984754978817093,0.0944057110451346,0.0826633752543617,0.0819628381759348,0.09221831975943458,0.07886268361299216,0.012995451620636422
1978-01-09,0.1154885412149314,0.1135537245221336,0.0988090869666744,0.0984754978817093,0.0944057110451346,0.0826633752543617,0.09790839643726855,0.07976337414239802,0.013253370218262076
1978-01-11,0.1284985155285719,0.1154885412149314,0.1135537245221336,0.0988090869666744,0.0984754978817093,0.0944057110451346,0.10455635034478813,0.08129677196962112,0.015416649292852762
1978-01-12,0.1065817126463622,0.1284985155285719,0.1154885412149314,0.1135537245221336,0.0988090869666744,0.0984754978817093,0.1079732556865025,0.08271230165348986,0.012035444125968532
1978-02-02,0.0933715848817426,0.1065817126463622,0.1284985155285719,0.1154885412149314,0.1135537245221336,0.0988090869666744,0.10782552337744648,0.08357963327439923,0.012234440735787338
1978-02-03,0.0996430596790873,0.0933715848817426,0.1065817126463622,0.1284985155285719,0.1154885412149314,0.1135537245221336,0.10799231791992905,0.08440693420511279,0.01209286451571871
1978-02-05,0.0894018747706575,0.0996430596790873,0.0933715848817426,0.1065817126463622,0.1284985155285719,0.1154885412149314,0.10664843046335522,0.08488285463299637,0.013699482012391916
1978-02-06,0.0999766487640524,0.0894018747706575,0.0996430596790873,0.0933715848817426,0.1065817126463622,0.1284985155285719,0.10470884821220076,0.08587806206980904,0.013518817590609846
1978-02-08,0.1123194449077626,0.0999766487640524,0.0894018747706575,0.0996430596790873,0.0933715848817426,0.1065817126463622,0.1042561201683195,0.08715459630160897,0.013145564754867283
1978-02-10,0.121559862561297,0.1123194449077626,0.0999766487640524,0.0894018747706575,0.0996430596790873,0.0933715848817426,0.10326488403013737,0.088487840677853,0.011118177014651313
1978-02-11,0.1244954465089902,0.121559862561297,0.1123194449077626,0.0999766487640524,0.0894018747706575,0.0996430596790873,0.10582398886765565,0.0897021049471261,0.013757273645166327
1978-03-01,0.0896020282216366,0.1244954465089902,0.121559862561297,0.1123194449077626,0.0999766487640524,0.0894018747706575,0.1052854807733548,0.09057944424058442,0.014385381319746924
1978-03-02,0.0936384561497147,0.0896020282216366,0.1244954465089902,0.121559862561297,0.1123194449077626,0.0999766487640524,0.10442768026915872,0.09147457495190754,0.01494601780369826
1978-03-03,0.099109317143143,0.0936384561497147,0.0896020282216366,0.1244954465089902,0.121559862561297,0.1123194449077626,0.10581445775094235,0.09230076391900455,0.013719504255525495
1978-03-04,0.0990759582346465,0.099109317143143,0.0936384561497147,0.0896020282216366,0.1244954465089902,0.121559862561297,0.10568578767531293,0.09309470594122156,0.013787435416285498
1978-03-05,0.0904360009340494,0.0990759582346465,0.099109317143143,0.0936384561497147,0.0896020282216366,0.1244954465089902,0.1025595813933539,0.0937518764386029,0.014495393978228176
1978-03-07,0.098975881509157,0.0904360009340494,0.0990759582346465,0.099109317143143,0.0936384561497147,0.0896020282216366,0.09933329838590534,0.09459474485994815,0.01182982520013403
1978-03-08,0.1116189078293358,0.098975881509157,0.0904360009340494,0.0990759582346465,0.099109317143143,0.0936384561497147,0.09749379286024043,0.09560329586015942,0.007458603787686354
1978-03-10,0.1244287286919972,0.1116189078293358,0.098975881509157,0.0904360009340494,0.0990759582346465,0.099109317143143,0.10246903578457765,0.09679198496625188,0.01171696879762216
1978-03-11,0.1202922240384294,0.1244287286919972,0.1116189078293358,0.098975881509157,0.0904360009340494,0.0990759582346465,0.10627671691153691,0.09867565133268837,0.012661766600801838
1978-04-01,0.0913700503719518,0.1202922240384294,0.1244287286919972,0.1116189078293358,0.098975881509157,0.0904360009340494,0.10517110737279531,0.09916825121482023,0.01368820953373378
1978-04-04,0.0971411415418487,0.0913700503719518,0.1202922240384294,0.1244287286919972,0.1116189078293358,0.098975881509157,0.1048947049881099,0.09990881898344282,0.013850374253177403
1978-04-05,0.0923374587183507,0.0971411415418487,0.0913700503719518,0.1202922240384294,0.1244287286919972,0.1116189078293358,0.10516634181443865,0.10060935606186963,0.013534591526387904
1978-04-07,0.0997431364045768,0.0923374587183507,0.0971411415418487,0.0913700503719518,0.1202922240384294,0.1244287286919972,0.10527594965664148,0.10148780731894448,0.013479096580074203
1978-04-08,0.1111852420188811,0.0997431364045768,0.0923374587183507,0.0971411415418487,0.0913700503719518,0.1202922240384294,0.10521399739800509,0.10267204857057075,0.013446040426802428
1978-04-09,0.1178236648096874,0.1111852420188811,0.0997431364045768,0.0923374587183507,0.0971411415418487,0.0913700503719518,0.10427041684338942,0.1038674094583625,0.012030110990391366
1978-04-10,0.1258298028488508,0.1178236648096874,0.1111852420188811,0.0997431364045768,0.0923374587183507,0.0971411415418487,0.10506149953059248,0.10530629037817879,0.013367058758120746
1978-04-12,0.1096507322280415,0.1258298028488508,0.1178236648096874,0.1111852420188811,0.0997431364045768,0.0923374587183507,0.10767302551003387,0.10581445775094236,0.0119578033110666
1978-05-01,0.0872669046268806,0.1096507322280415,0.1258298028488508,0.1178236648096874,0.1111852420188811,0.0997431364045768,0.106262420236467,0.10544083797578141,0.013841332420632865
1978-05-04,0.0957400673849951,0.0872669046268806,0.1096507322280415,0.1258298028488508,0.1178236648096874,0.1111852420188811,0.10674850718884477,0.10533853732305877,0.013320762563530483
1978-05-05,0.0920038696333856,0.0957400673849951,0.0872669046268806,0.1096507322280415,0.1258298028488508,0.1178236648096874,0.10564289765010315,0.10462020882676715,0.01428535847931613
1978-05-06,0.0988424458751709,0.0920038696333856,0.0957400673849951,0.0872669046268806,0.1096507322280415,0.1258298028488508,0.10387964105814455,0.10406533898210849,0.014248940591454911
1978-05-07,0.0996097007705908,0.0988424458751709,0.0920038696333856,0.0957400673849951,0.0872669046268806,0.1096507322280415,0.10127764619541647,0.10310237849017577,0.012875026205079505
1978-05-09,0.1164559495613303,0.0996097007705908,0.0988424458751709,0.0920038696333856,0.0957400673849951,0.0872669046268806,0.09993852429719927,0.10343151972067471,0.010079827736737684
1978-05-10,0.1252960603129065,0.1164559495613303,0.0996097007705908,0.0988424458751709,0.0920038696333856,0.0957400673849951,0.10217357116646568,0.10449566890171351,0.013682879640601324
1978-05-12,0.1077492744437402,0.1252960603129065,0.1164559495613303,0.0996097007705908,0.0988424458751709,0.0920038696333856,0.10509962399744563,0.10476587606053527,0.012057324434281447
1978-06-01,0.0900690529405878,0.1077492744437402,0.1252960603129065,0.1164559495613303,0.0996097007705908,0.0988424458751709,0.104289479076816,0.10478811533286628,0.012948596177757092
1978-06-02,0.0938719685091903,0.0900690529405878,0.1077492744437402,0.1252960603129065,0.1164559495613303,0.0996097007705908,0.10455635034478812,0.10458462599103753,0.0126694293673272
1978-06-03,0.0997431364045768,0.0938719685091903,0.0900690529405878,0.1077492744437402,0.1252960603129065,0.1164559495613303,0.10468502042041752,0.10416541570759802,0.012606143179616523
1978-06-04,0.0974747306268139,0.0997431364045768,0.0938719685091903,0.0900690529405878,0.1077492744437402,0.1252960603129065,0.10438002468559225,0.10336257797644859,0.012774110065297103
1978-06-06,0.0975080895353104,0.0974747306268139,0.0997431364045768,0.0938719685091903,0.0900690529405878,0.1077492744437402,0.10167318753901798,0.10246299941065924,0.011755665921167783
1978-06-07,0.0986422924241919,0.0975080895353104,0.0974747306268139,0.0997431364045768,0.0938719685091903,0.0900690529405878,0.09786550641205875,0.10276434155074443,0.005459414584827601
1978-06-09,0.1181572538946525,0.0986422924241919,0.0975080895353104,0.0974747306268139,0.0997431364045768,0.0938719685091903,0.09935236061933193,0.10358163480890901,0.008920222745832753
1978-06-10,0.1255629315808786,0.1181572538946525,0.0986422924241919,0.0975080895353104,0.0974747306268139,0.0997431364045768,0.10442291471080208,0.10446342195683353,0.012235623128948894
1978-06-11,0.116822897554792,0.1255629315808786,0.1181572538946525,0.0986422924241919,0.0975080895353104,0.0974747306268139,0.10770161886017372,0.1050549866008384,0.012010069682077974
1978-06-12,0.1076491977182506,0.116822897554792,0.1255629315808786,0.1181572538946525,0.0986422924241919,0.0975080895353104,0.10883105619069856,0.10562875982697843,0.01149772837567787
1978-07-02,0.0936050972412182,0.1076491977182506,0.116822897554792,0.1255629315808786,0.1181572538946525,0.0986422924241919,0.10827825142132774,0.1054497336847138,0.012205948622374353
1978-07-03,0.1009774160189478,0.0936050972412182,0.1076491977182506,0.116822897554792,0.1255629315808786,0.1181572538946525,0.1087738694904188,0.1050950172910342,0.011757957874428506
1978-07-04,0.0962070921039463,0.1009774160189478,0.0936050972412182,0.1076491977182506,0.116822897554792,0.1255629315808786,0.10842598373038372,0.10415429607143252,0.012137581505246605
1978-07-06,0.0987757280581779,0.0962070921039463,0.1009774160189478,0.0936050972412182,0.1076491977182506,0.116822897554792,0.10565719432517306,0.10343707953875746,0.011752246316592179
1978-07-07,0.0994429062281082,0.0987757280581779,0.0962070921039463,0.1009774160189478,0.0936050972412182,0.1076491977182506,0.10192576213192014,0.10370617473396267,0.007890982810412442
1978-07-08,0.1128531874437068,0.0994429062281082,0.0987757280581779,0.0962070921039463,0.1009774160189478,0.0936050972412182,0.10135866068747941,0.10422990959735795,0.006693758412190564
1978-07-09,0.1171564866397571,0.1128531874437068,0.0994429062281082,0.0987757280581779,0.0962070921039463,0.1009774160189478,0.10271684481912317,0.1050572105280715,0.008812171599738683
1978-07-11,0.1210594789338492,0.1171564866397571,0.1128531874437068,0.0994429062281082,0.0987757280581779,0.0962070921039463,0.1066388993466419,0.10576775527904725,0.010096838697870534
1978-07-12,0.1090169129666077,0.1210594789338492,0.1171564866397571,0.1128531874437068,0.0994429062281082,0.0987757280581779,0.10778739891059332,0.10569547764397146,0.009798351108843997
1978-08-02,0.0932715081562531,0.1090169129666077,0.1210594789338492,0.1171564866397571,0.1128531874437068,0.0994429062281082,0.10736802977520857,0.10487707242219033,0.010419713624239527
1978-08-03,0.1034793341561864,0.0932715081562531,0.1090169129666077,0.1210594789338492,0.1171564866397571,0.1128531874437068,0.10803997350349549,0.10413205679910151,0.00991258743778168
1978-08-05,0.0916035627314274,0.1034793341561864,0.0932715081562531,0.1090169129666077,0.1210594789338492,0.1171564866397571,0.10692006728968395,0.1035304844825477,0.011379975410829366
1978-08-06,0.0985422156987023,0.0916035627314274,0.1034793341561864,0.0932715081562531,0.1090169129666077,0.1210594789338492,0.10487564275468332,0.10390632818494175,0.011421849112335358
1978-08-08,0.1147880041365046,0.0985422156987023,0.0916035627314274,0.1034793341561864,0.0932715081562531,0.1090169129666077,0.10453728811136154,0.10454125940999208,0.011025623319125023
1978-08-09,0.1140874670580778,0.1147880041365046,0.0985422156987023,0.0916035627314274,0.1034793341561864,0.0932715081562531,0.10354128641482276,0.10527737932414846,0.009492674457482544
1978-08-11,0.1226940654501784,0.1140874670580778,0.1147880041365046,0.0985422156987023,0.0916035627314274,0.1034793341561864,0.10549516534104715,0.10607243330998205,0.01190789772076074
1978-08-12,0.1114854721953497,0.1226940654501784,0.1140874670580778,0.1147880041365046,0.0985422156987023,0.0916035627314274,0.10809716020377523,0.10646829235747403,0.010722729045865543
1978-09-01,0.0903025653000633,0.1114854721953497,0.1226940654501784,0.1140874670580778,0.1147880041365046,0.0985422156987023,0.10621476465290049,0.10559651288209845,0.012651619846604872
1978-09-02,0.0920372285418821,0.0903025653000633,0.1114854721953497,0.1226940654501784,0.1140874670580778,0.1147880041365046,0.10627671691153688,0.10448788515639765,0.01256893890025963
1978-09-03,0.1023451312673049,0.0920372285418821,0.0903025653000633,0.1114854721953497,0.1226940654501784,0.1140874670580778,0.1068199905641944,0.10430774705051646,0.012257230405667018
1978-09-05,0.0919371518163925,0.1023451312673049,0.0920372285418821,0.0903025653000633,0.1114854721953497,0.1226940654501784,0.10355558308989267,0.10437001701304328,0.012811800153909264
1978-09-06,0.097674884077793,0.0919371518163925,0.1023451312673049,0.0920372285418821,0.0903025653000633,0.1114854721953497,0.10121092837842341,0.10449678086533006,0.012041826688960318
1978-09-08,0.1154551823064349,0.097674884077793,0.0919371518163925,0.1023451312673049,0.0920372285418821,0.0903025653000633,0.10017680221503147,0.10502051572872531,0.010032623561087391
1978-09-10,0.125129265770424,0.1154551823064349,0.097674884077793,0.0919371518163925,0.1023451312673049,0.0920372285418821,0.10212591558289925,0.10594233356684565,0.013367044882999597
1978-09-11,0.119291456783534,0.125129265770424,0.1154551823064349,0.097674884077793,0.0919371518163925,0.1023451312673049,0.10626718579482364,0.10666844580845311,0.013582345731669531
1978-10-01,0.0922040230843646,0.119291456783534,0.125129265770424,0.1154551823064349,0.097674884077793,0.0919371518163925,0.10629101358660685,0.10645383683045886,0.013553336496365526
1978-10-02,0.0932047903392601,0.0922040230843646,0.119291456783534,0.125129265770424,0.1154551823064349,0.097674884077793,0.10498525059688615,0.10562208804527913,0.014410075837220222
1978-10-03,0.1007439036594722,0.0932047903392601,0.0922040230843646,0.119291456783534,0.125129265770424,0.1154551823064349,0.1062433580030404,0.10479478711456558,0.013432287073482565
1978-10-04,0.0959402208359742,0.1007439036594722,0.0932047903392601,0.0922040230843646,0.119291456783534,0.125129265770424,0.10599554896849485,0.10409869789060497,0.013631238883530237
1978-10-05,0.0927711245288054,0.0959402208359742,0.1007439036594722,0.0932047903392601,0.0922040230843646,0.119291456783534,0.10275496928597637,0.10360276211762347,0.013703742086991674
1978-10-07,0.1008439803849618,0.0927711245288054,0.0959402208359742,0.1007439036594722,0.0932047903392601,0.0922040230843646,0.0992856428023389,0.10384405822241492,0.009535411499388937
1978-10-08,0.114487773960036,0.1008439803849618,0.0927711245288054,0.0959402208359742,0.1007439036594722,0.0932047903392601,0.09859940239898203,0.10429440348711787,0.007885853919343155
1978-10-10,0.1270307235547253,0.114487773960036,0.1008439803849618,0.0927711245288054,0.0959402208359742,0.1007439036594722,0.10357464532331928,0.10532185786881049,0.012697033795427254
1978-10-11,0.1143209794175534,0.1270307235547253,0.114487773960036,0.1008439803849618,0.0927711245288054,0.0959402208359742,0.10659124376307547,0.105840032914123,0.012325709879899017
1978-11-01,0.0915702038229309,0.1143209794175534,0.1270307235547253,0.114487773960036,0.1008439803849618,0.0927711245288054,0.10528071521499814,0.1055776095006171,0.013484290880685139
1978-11-04,0.0965406811889115,0.0915702038229309,0.1143209794175534,0.1270307235547253,0.114487773960036,0.1008439803849618,0.10536649526541776,0.10503385929212392,0.013416708832290646
1978-11-05,0.0937051739667078,0.0965406811889115,0.0915702038229309,0.1143209794175534,0.1270307235547253,0.114487773960036,0.10549993089940381,0.10425214886968895,0.013274454604633857
1978-11-07,0.1004770323915001,0.0937051739667078,0.0965406811889115,0.0915702038229309,0.1143209794175534,0.1270307235547253,0.10544750975748071,0.1035660673182773,0.01329661152761506
1978-11-08,0.1175901524502118,0.1004770323915001,0.0937051739667078,0.0965406811889115,0.0915702038229309,0.1143209794175534,0.1058907066846487,0.10385184196773078,0.013693926261883468
1978-11-09,0.1139206725155953,0.1175901524502118,0.1004770323915001,0.0937051739667078,0.0965406811889115,0.0915702038229309,0.10401784225048726,0.1045401474463755,0.010940508736291512
1978-11-10,0.1276979017246556,0.1139206725155953,0.1175901524502118,0.1004770323915001,0.0937051739667078,0.0965406811889115,0.10592883115150187,0.10534743303199116,0.013827483620260242
1978-11-12,0.1148213630450011,0.1276979017246556,0.1139206725155953,0.1175901524502118,0.1004770323915001,0.0937051739667078,0.10925042532608331,0.10612135970911028,0.012535761174224861
1978-12-01,0.0925042532608333,0.1148213630450011,0.1276979017246556,0.1139206725155953,0.1175901524502118,0.1004770323915001,0.10867379276492928,0.10592009429451466,0.013288096153674066
1978-12-04,0.0968075524568836,0.0925042532608333,0.1148213630450011,0.1276979017246556,0.1139206725155953,0.1175901524502118,0.10911698969209725,0.10532074590519394,0.012746333734606373
1978-12-05,0.0932715081562531,0.0968075524568836,0.0925042532608333,0.1148213630450011,0.1276979017246556,0.1139206725155953,0.10808762908706197,0.10462688060846646,0.013807168924173838
1978-12-06,0.0971745004503452,0.0932715081562531,0.0968075524568836,0.0925042532608333,0.1148213630450011,0.1276979017246556,0.10517110737279531,0.10377622844180535,0.013620347622887736
1978-12-07,0.1010107749274444,0.0971745004503452,0.0932715081562531,0.0968075524568836,0.0925042532608333,0.1148213630450011,0.10332683628877375,0.1034270718662085,0.013102336568070921
1978-12-09,0.1154885412149314,0.1010107749274444,0.0971745004503452,0.0932715081562531,0.0968075524568836,0.0925042532608333,0.10158264193024173,0.10426660439670413,0.009684094173493944
1978-12-10,0.1271975180972078,0.1154885412149314,0.1010107749274444,0.0971745004503452,0.0932715081562531,0.0968075524568836,0.10335066408055697,0.10543861404854832,0.013049054293914645
1978-12-12,0.1114187543783567,0.1271975180972078,0.1154885412149314,0.1010107749274444,0.0971745004503452,0.0932715081562531,0.1060527356687746,0.10574106815225005,0.012369370942651444
1979-01-02,0.1297327951429429,0.1114187543783567,0.1271975180972078,0.1154885412149314,0.1010107749274444,0.0971745004503452,0.11075634176678308,0.10700092292980172,0.014366700252688666
1979-01-03,0.1427094105480869,0.1297327951429429,0.1114187543783567,0.1271975180972078,0.1154885412149314,0.1010107749274444,0.11781889925133074,0.10850207381214484,0.016353050823932267
1979-01-05,0.1417086432931915,0.1427094105480869,0.1297327951429429,0.1114187543783567,0.1271975180972078,0.1154885412149314,0.12418091965745166,0.10937718917837007,0.015629753519579667
1979-01-06,0.1602561964172532,0.1417086432931915,0.1427094105480869,0.1297327951429429,0.1114187543783567,0.1271975180972078,0.13264455129885291,0.11054808686659771,0.01697485264076632
1979-01-08,0.1702638689662075,0.1602561964172532,0.1417086432931915,0.1427094105480869,0.1297327951429429,0.1114187543783567,0.14046959812046378,0.11224716727268681,0.020087884443486935
1979-01-10,0.2534276278480168,0.1702638689662075,0.1602561964172532,0.1417086432931915,0.1427094105480869,0.1297327951429429,0.15850247094200792,0.11762128743147524,0.04605832437408481
1979-01-11,0.2292424191880442,0.2534276278480168,0.1702638689662075,0.1602561964172532,0.1417086432931915,0.1427094105480869,0.17533442305767757,0.12215587505976802,0.04749083612152068
1979-02-01,0.1280314908096207,0.2292424191880442,0.2534276278480168,0.1702638689662075,0.1602561964172532,0.1417086432931915,0.17509137958148865,0.1230654612981063,0.04776665945510167
1979-02-02,0.1303666144043767,0.1280314908096207,0.2292424191880442,0.2534276278480168,0.1702638689662075,0.1602561964172532,0.17332812298953007,0.12421300775038639,0.04936238736460845
1979-02-03,0.1421756680121426,0.1303666144043767,0.1280314908096207,0.2292424191880442,0.2534276278480168,0.1702638689662075,0.1733948408065231,0.12585982586649763,0.04931281867490303
1979-02-04,0.1366380892017213,0.1421756680121426,0.1303666144043767,0.1280314908096207,0.2292424191880442,0.2534276278480168,0.17002082549001854,0.12705296282705628,0.051135883471786124
1979-02-05,0.1410414651232612,0.1366380892017213,0.1421756680121426,0.1303666144043767,0.1280314908096207,0.2292424191880442,0.16584619636959763,0.12793808586583044,0.052292483573524735
1979-02-07,0.1651933148747373,0.1410414651232612,0.1366380892017213,0.1421756680121426,0.1303666144043767,0.1280314908096207,0.153241294516272,0.1292101722431642,0.03564818202245752
1979-02-08,0.1711979184041098,0.1651933148747373,0.1410414651232612,0.1366380892017213,0.1421756680121426,0.1303666144043767,0.14494922297570995,0.13110607020938275,0.016781525189306506
1979-02-10,0.2609333822597325,0.1711979184041098,0.1651933148747373,0.1410414651232612,0.1366380892017213,0.1421756680121426,0.16393520746858306,0.13675150949060946,0.045336813259404474
1979-02-11,0.2254395036194416,0.2609333822597325,0.1711979184041098,0.1651933148747373,0.1410414651232612,0.1366380892017213,0.1775170487850209,0.14104813690496046,0.047779393970268286
1979-03-01,0.1225606298161924,0.2254395036194416,0.2609333822597325,0.1711979184041098,0.1651933148747373,0.1410414651232612,0.17471490047131372,0.14200998543327661,0.050684405020572164
1979-03-04,0.1368382426527004,0.1225606298161924,0.2254395036194416,0.2609333822597325,0.1711979184041098,0.1651933148747373,0.1747434938214536,0.14322202577531665,0.05065939432742109
1979-03-05,0.1411749007572472,0.1368382426527004,0.1225606298161924,0.2254395036194416,0.2609333822597325,0.1711979184041098,0.1747625560548802,0.1440081840522178,0.05064462222204539
1979-03-07,0.1644260599793175,0.1411749007572472,0.1368382426527004,0.1225606298161924,0.2254395036194416,0.2609333822597325,0.17465294821267735,0.1456916969676752,0.05066960830926338
1979-03-08,0.1678620275544584,0.1644260599793175,0.1411749007572472,0.1368382426527004,0.1225606298161924,0.2254395036194416,0.17417639237701282,0.14703050116200198,0.05072317825123873
1979-03-09,0.1921473129399206,0.1678620275544584,0.1644260599793175,0.1411749007572472,0.1368382426527004,0.1225606298161924,0.16434981104561117,0.14960803282516594,0.03549011989077867
1979-03-10,0.2449211061814057,0.1921473129399206,0.1678620275544584,0.1644260599793175,0.1411749007572472,0.1368382426527004,0.16713289712589172,0.15468859458918505,0.041357900783593735
1979-03-12,0.2627681222270407,0.2449211061814057,0.1921473129399206,0.1678620275544584,0.1644260599793175,0.1411749007572472,0.18716253889887008,0.16022061358152362,0.0493524048105338
1979-04-01,0.1255962904893752,0.2627681222270407,0.2449211061814057,0.1921473129399206,0.1678620275544584,0.1644260599793175,0.1855565457326808,0.16129810632596098,0.051403263216283676
1979-04-04,0.1366714481102178,0.1255962904893752,0.2627681222270407,0.2449211061814057,0.1921473129399206,0.1678620275544584,0.1849131953545337,0.16261467124795675,0.052075102618820514
1979-04-05,0.1424758981886112,0.1366714481102178,0.1255962904893752,0.2627681222270407,0.2449211061814057,0.1921473129399206,0.18177745795586137,0.16399684202332898,0.05413450749167373
1979-04-06,0.1587884044434066,0.1424758981886112,0.1366714481102178,0.1255962904893752,0.2627681222270407,0.2449211061814057,0.18048122608285397,0.1654401707976115,0.05462960928967991
1979-04-07,0.1658604930446676,0.1587884044434066,0.1424758981886112,0.1366714481102178,0.1255962904893752,0.2627681222270407,0.17672596609781782,0.16672893662919347,0.0545974963955755
1979-04-09,0.1935483870967742,0.1658604930446676,0.1587884044434066,0.1424758981886112,0.1366714481102178,0.1255962904893752,0.16938700622858477,0.1694665910531407,0.04679870737085896
1979-04-10,0.2329118991226607,0.1935483870967742,0.1658604930446676,0.1587884044434066,0.1424758981886112,0.1366714481102178,0.1651218314993876,0.17290589451913135,0.03725755237374114
1979-04-12,0.2644027087433699,0.2329118991226607,0.1935483870967742,0.1658604930446676,0.1587884044434066,0.1424758981886112,0.18495131982138685,0.17696233779230744,0.048081034372031414
1979-05-01,0.1271641591887113,0.2644027087433699,0.2329118991226607,0.1935483870967742,0.1658604930446676,0.1587884044434066,0.18359313568974306,0.17647752165549144,0.04977652135679089
1979-05-02,0.1389064949794842,0.1271641591887113,0.2644027087433699,0.2329118991226607,0.1935483870967742,0.1658604930446676,0.18308322094558208,0.17576586494089913,0.050283630565717656
1979-05-03,0.1356039630383294,0.1389064949794842,0.1271641591887113,0.2644027087433699,0.2329118991226607,0.1935483870967742,0.17977115788771392,0.1746105347433032,0.0528487062406631
1979-05-04,0.1372719084631551,0.1356039630383294,0.1389064949794842,0.1271641591887113,0.2644027087433699,0.2329118991226607,0.17568707437606926,0.17073867743047447,0.055157102815859976
1979-05-06,0.1600226840577776,0.1372719084631551,0.1356039630383294,0.1389064949794842,0.1271641591887113,0.2644027087433699,0.17089768822764118,0.16843135292613223,0.054802090958316806
1979-05-07,0.1690295893518364,0.1600226840577776,0.1372719084631551,0.1356039630383294,0.1389064949794842,0.1271641591887113,0.16177164397466628,0.16979795621087276,0.047599631817464
1979-05-09,0.1962170997764953,0.1690295893518364,0.1600226840577776,0.1372719084631551,0.1356039630383294,0.1389064949794842,0.1520308426936842,0.1719929723899434,0.02443877110118812
1979-05-10,0.233579077292591,0.1962170997764953,0.1690295893518364,0.1600226840577776,0.1372719084631551,0.1356039630383294,0.16723297385138128,0.17503975269929167,0.03650924602784139
1979-05-11,0.2309103646128699,0.233579077292591,0.1962170997764953,0.1690295893518364,0.1600226840577776,0.1372719084631551,0.1803763837990078,0.17818216187966332,0.040907876964957186
1979-05-12,0.2612002535277046,0.2309103646128699,0.233579077292591,0.1962170997764953,0.1690295893518364,0.1600226840577776,0.1983187110117757,0.18218745482647808,0.04530482848284567
1979-06-02,0.1398405444173867,0.2612002535277046,0.2309103646128699,0.233579077292591,0.1962170997764953,0.1690295893518364,0.19868565900523733,0.1813423624778997,0.04473478552197364
1979-06-03,0.1366714481102178,0.1398405444173867,0.2612002535277046,0.2309103646128699,0.233579077292591,0.1962170997764953,0.19534976815558597,0.18019148013477,0.04878566346957616
1979-06-04,0.1366714481102178,0.1366714481102178,0.1398405444173867,0.2612002535277046,0.2309103646128699,0.233579077292591,0.19072717654964041,0.1760494156631195,0.053042531236732124
1979-06-06,0.1635253694499116,0.1366714481102178,0.1366714481102178,0.1398405444173867,0.2612002535277046,0.2309103646128699,0.1860569293601285,0.17398561119080183,0.05391069978951967
1979-06-07,0.170363945691697,0.1635253694499116,0.1366714481102178,0.1366714481102178,0.1398405444173867,0.2612002535277046,0.1770261962742865,0.17557905505331867,0.04975811076699463
1979-06-08,0.1653267505087233,0.170363945691697,0.1635253694499116,0.1366714481102178,0.1366714481102178,0.1398405444173867,0.16765710854512267,0.17652867198185274,0.04373048578536909
1979-06-09,0.2005537578810421,0.1653267505087233,0.170363945691697,0.1635253694499116,0.1366714481102178,0.1366714481102178,0.15899332345274234,0.17850796721931256,0.023382948493705258
1979-06-11,0.2331120525736398,0.2005537578810421,0.1653267505087233,0.170363945691697,0.1635253694499116,0.1366714481102178,0.17231782461792133,0.18079750030578998,0.03455559391321343
1979-06-12,0.2661040130766922,0.2331120525736398,0.2005537578810421,0.1653267505087233,0.170363945691697,0.1635253694499116,0.1908081910417034,0.1840722331565311,0.04527041686404148
1979-07-02,0.1445775094238916,0.2661040130766922,0.2331120525736398,0.2005537578810421,0.1653267505087233,0.170363945691697,0.19193762837222825,0.18248657303933016,0.04376837413227575
1979-07-03,0.1383393935350435,0.1445775094238916,0.2661040130766922,0.2331120525736398,0.2005537578810421,0.1653267505087233,0.18833963181296134,0.1789338492844514,0.04737952917841022
1979-07-06,0.160890015678687,0.1383393935350435,0.1445775094238916,0.2661040130766922,0.2331120525736398,0.2005537578810421,0.1869862132396742,0.17553791239950628,0.04810830256229881
1979-07-08,0.166927978116556,0.160890015678687,0.1383393935350435,0.1445775094238916,0.2661040130766922,0.2331120525736398,0.18721496004079316,0.17691563532041232,0.04799181674570816
1979-07-09,0.1963171765019848,0.166927978116556,0.160890015678687,0.1383393935350435,0.1445775094238916,0.2661040130766922,0.18660973412949924,0.17890382626680454,0.04782197816760834
1979-07-11,0.2402508589918938,0.1963171765019848,0.166927978116556,0.160890015678687,0.1383393935350435,0.1445775094238916,0.1876295636178213,0.18216299162691393,0.04903956543055354
1979-07-12,0.2638689662074257,0.2402508589918938,0.1963171765019848,0.166927978116556,0.160890015678687,0.1383393935350435,0.18731027120792604,0.18566567701904796,0.0484471662768681
1979-08-01,0.1255629315808786,0.2638689662074257,0.2402508589918938,0.1963171765019848,0.166927978116556,0.160890015678687,0.18459390294463848,0.18432242497025494,0.05166843321778679
1979-08-02,0.1438436134369684,0.1255629315808786,0.2638689662074257,0.2402508589918938,0.1963171765019848,0.166927978116556,0.1853802200734849,0.18266559918159478,0.050883101875659004
1979-08-03,0.1363045001167562,0.1438436134369684,0.1255629315808786,0.2638689662074257,0.2402508589918938,0.1963171765019848,0.18186800356463764,0.17944535254806462,0.05362966663963347
1979-08-05,0.1428094872735764,0.1363045001167562,0.1438436134369684,0.1255629315808786,0.2638689662074257,0.2402508589918938,0.1784225048727834,0.17539224516573818,0.055491906270329294
1979-08-06,0.1635253694499116,0.1428094872735764,0.1363045001167562,0.1438436134369684,0.1255629315808786,0.2638689662074257,0.17373796100820155,0.17660428550777818,0.05511231060547506
1979-08-08,0.1695299729792841,0.1635253694499116,0.1428094872735764,0.1363045001167562,0.1438436134369684,0.1255629315808786,0.16363497729211443,0.17762506810777148,0.046732305540771145
1979-08-10,0.2249057610834973,0.1695299729792841,0.1635253694499116,0.1428094872735764,0.1363045001167562,0.1438436134369684,0.15806880513155325,0.18060179470927712,0.033150743560852736
1979-08-11,0.2365813790572772,0.2249057610834973,0.1695299729792841,0.1635253694499116,0.1428094872735764,0.1363045001167562,0.1739285833424673,0.18391211039574784,0.04070359379440321
1979-09-01,0.1261633919338159,0.2365813790572772,0.2249057610834973,0.1695299729792841,0.1635253694499116,0.1428094872735764,0.17140283741344556,0.18278346732494913,0.04334444915496334
1979-09-02,0.1413416952997297,0.1261633919338159,0.2365813790572772,0.2249057610834973,0.1695299729792841,0.1635253694499116,0.17212243672529887,0.1818605375232122,0.04270168196781934
1979-09-03,0.1375054208226306,0.1413416952997297,0.1261633919338159,0.2365813790572772,0.2249057610834973,0.1695299729792841,0.17136471294659233,0.17990348155808342,0.04335064710100906
1979-09-04,0.1369716782866865,0.1375054208226306,0.1413416952997297,0.1261633919338159,0.2365813790572772,0.2249057610834973,0.16757132849470308,0.17668323492455326,0.045270241866515785
1979-09-05,0.1421423091036461,0.1369716782866865,0.1375054208226306,0.1413416952997297,0.1261633919338159,0.2365813790572772,0.16365880508389763,0.17372429974091244,0.046245743326296336
1979-09-07,0.1687627180838643,0.1421423091036461,0.1369716782866865,0.1375054208226306,0.1413416952997297,0.1261633919338159,0.1556383703696643,0.17064304855945112,0.03798372755200017
1979-09-08,0.1749341161557194,0.1687627180838643,0.1421423091036461,0.1369716782866865,0.1375054208226306,0.1413416952997297,0.14683161852658463,0.17181283428406224,0.017954685351022934
1979-09-10,0.2341128198285352,0.1749341161557194,0.1687627180838643,0.1421423091036461,0.1369716782866865,0.1375054208226306,0.1622529653686874,0.17506088000800613,0.0352617150688392
1979-09-11,0.2365813790572772,0.2341128198285352,0.1749341161557194,0.1687627180838643,0.1421423091036461,0.1369716782866865,0.17585863447690847,0.17839121103957475,0.04330504885877334
1979-10-01,0.123961703973046,0.2365813790572772,0.2341128198285352,0.1749341161557194,0.1687627180838643,0.1421423091036461,0.17392381778411067,0.17707242219034594,0.04554865773476649
1979-10-04,0.1366714481102178,0.123961703973046,0.2365813790572772,0.2341128198285352,0.1749341161557194,0.1687627180838643,0.17388092775890085,0.17594933893762993,0.04558937537891341
1979-10-05,0.1450111752343463,0.1366714481102178,0.123961703973046,0.2365813790572772,0.2341128198285352,0.1749341161557194,0.17429076577757233,0.1752721530951507,0.04526826300126715
1979-10-07,0.1705307402341795,0.1450111752343463,0.1366714481102178,0.123961703973046,0.2365813790572772,0.2341128198285352,0.1745433403704745,0.1742713858402553,0.04523720027849417
1979-10-08,0.1793708509857557,0.1705307402341795,0.1450111752343463,0.1366714481102178,0.123961703973046,0.2365813790572772,0.17517715963190825,0.1724800124539925,0.04527465405583409
1979-10-09,0.2010875004169863,0.1793708509857557,0.1705307402341795,0.1450111752343463,0.1366714481102178,0.123961703973046,0.17045925685882984,0.17031279536533564,0.039456493487565455
1979-10-10,0.2522600660506389,0.2010875004169863,0.1793708509857557,0.1705307402341795,0.1450111752343463,0.1366714481102178,0.17269906928645293,0.17390221391956054,0.04401705974664364
1979-10-12,0.2643693498348734,0.2522600660506389,0.2010875004169863,0.1793708509857557,0.1705307402341795,0.1450111752343463,0.19275730440957112,0.1781032124628882,0.0497272381376498
1979-11-01,0.1239283450645495,0.2643693498348734,0.2522600660506389,0.2010875004169863,0.1793708509857557,0.1705307402341795,0.1909368611173328,0.1768711567757503,0.0522898867660155
1979-11-04,0.1357373986723154,0.1239283450645495,0.2643693498348734,0.2522600660506389,0.2010875004169863,0.1793708509857557,0.18961203589418554,0.1758314707942756,0.05374464228384268
1979-11-05,0.1445107916068986,0.1357373986723154,0.1239283450645495,0.2643693498348734,0.2522600660506389,0.2010875004169863,0.18589490037600256,0.17410459129777273,0.05613113539186973
1979-11-06,0.1650932381492478,0.1445107916068986,0.1357373986723154,0.1239283450645495,0.2643693498348734,0.2522600660506389,0.18385524139935858,0.17159933726968454,0.05666458422454752
1979-11-07,0.1703973046001935,0.1650932381492478,0.1445107916068986,0.1357373986723154,0.1239283450645495,0.2643693498348734,0.17947092771124531,0.1684836152161101,0.05629514558478718
1979-11-09,0.2032224705607632,0.1703973046001935,0.1650932381492478,0.1445107916068986,0.1357373986723154,0.1239283450645495,0.17246555692697735,0.17107226651543958,0.04819614626233075
1979-11-10,0.2445875170964406,0.2032224705607632,0.1703973046001935,0.1650932381492478,0.1445107916068986,0.1357373986723154,0.16963958082148695,0.174430396637422,0.042104192365342206
1979-11-12,0.273943356573373,0.2445875170964406,0.2032224705607632,0.1703973046001935,0.1650932381492478,0.1445107916068986,0.1910702967513189,0.17901835851930922,0.05197981908594244
1979-12-01,0.1218934516462621,0.273943356573373,0.2445875170964406,0.2032224705607632,0.1703973046001935,0.1650932381492478,0.18909259003331122,0.1783211573317321,0.05463170107650304
1979-12-02,0.1396737498749041,0.1218934516462621,0.273943356573373,0.2445875170964406,0.2032224705607632,0.1703973046001935,0.18840158407159777,0.1775261033458985,0.055315879519461285
1979-12-03,0.1368382426527004,0.1396737498749041,0.1218934516462621,0.273943356573373,0.2445875170964406,0.2032224705607632,0.18436515614351956,0.17643637900167905,0.05825308160344422
1979-12-04,0.1328018147246222,0.1368382426527004,0.1396737498749041,0.1218934516462621,0.273943356573373,0.2445875170964406,0.17899437187558082,0.1733662474563832,0.06140343249602229
1979-12-06,0.1620242185675685,0.1328018147246222,0.1368382426527004,0.1396737498749041,0.1218934516462621,0.273943356573373,0.17310890730512443,0.1708810087733929,0.06066410748085066
1979-12-07,0.1706975347766621,0.1620242185675685,0.1328018147246222,0.1368382426527004,0.1396737498749041,0.1218934516462621,0.16255319554515607,0.17236548020148781,0.05195745907814751
1979-12-09,0.2016212429529306,0.1706975347766621,0.1620242185675685,0.1328018147246222,0.1368382426527004,0.1396737498749041,0.15222146502795,0.17437479845659448,0.02759467668816782
1979-12-10,0.2402508589918938,0.2016212429529306,0.1706975347766621,0.1620242185675685,0.1328018147246222,0.1368382426527004,0.16912966607732596,0.17779964639556992,0.03957476480461519
1979-12-11,0.2390832971945158,0.2402508589918938,0.2016212429529306,0.1706975347766621,0.1620242185675685,0.1328018147246222,0.18333102998012762,0.18120336702583092,0.04474200190406635
1979-12-12,0.2744437402008207,0.2390832971945158,0.2402508589918938,0.2016212429529306,0.1706975347766621,0.1620242185675685,0.20298895820128765,0.1856134147290701,0.050737868998328946
1980-01-02,0.4280615138272676,0.2744437402008207,0.2390832971945158,0.2402508589918938,0.2016212429529306,0.1706975347766621,0.2451689152159513,0.19425670792051683,0.09011415618835301
1980-01-04,0.3166427594489109,0.4280615138272676,0.2744437402008207,0.2390832971945158,0.2402508589918938,0.2016212429529306,0.2672572781990002,0.1989803293636232,0.08515042204536494
1980-01-05,0.3036327851352704,0.3166427594489109,0.4280615138272676,0.2744437402008207,0.2390832971945158,0.2402508589918938,0.28624802825022994,0.2012976615405144,0.07413773172227886
1980-01-07,0.417053074023418,0.3036327851352704,0.3166427594489109,0.4280615138272676,0.2744437402008207,0.2390832971945158,0.31702400411744247,0.20731338470605243,0.07777806242279324
1980-01-08,0.3917003035660674,0.417053074023418,0.3036327851352704,0.3166427594489109,0.4280615138272676,0.2744437402008207,0.3386596390566101,0.21623800469248647,0.07382670130987976
1980-01-09,0.3962037562130968,0.3917003035660674,0.417053074023418,0.3036327851352704,0.3166427594489109,0.4280615138272676,0.36110541891640746,0.22488908162924912,0.06133443470551523
1980-01-10,0.4317309937618842,0.3962037562130968,0.3917003035660674,0.417053074023418,0.3036327851352704,0.3166427594489109,0.38357502656798786,0.23444640891350038,0.05246430480528233
1980-01-12,0.400373619775161,0.4317309937618842,0.3962037562130968,0.3917003035660674,0.417053074023418,0.3036327851352704,0.3796196131319727,0.24210783823153306,0.04951203185275739
1980-02-01,0.3500016679454248,0.400373619775161,0.4317309937618842,0.3962037562130968,0.3917003035660674,0.417053074023418,0.3843851714886175,0.24779553213018873,0.04370509608202125
1980-02-04,0.3106381559195383,0.3500016679454248,0.400373619775161,0.4317309937618842,0.3962037562130968,0.3917003035660674,0.3853859387435129,0.2514472206469405,0.04157618749382217
1980-02-05,0.3186442939587017,0.3106381559195383,0.3500016679454248,0.400373619775161,0.4317309937618842,0.3962037562130968,0.3713275415914106,0.2536600282438759,0.04553322262822891
1980-02-06,0.3513360242852854,0.3186442939587017,0.3106381559195383,0.3500016679454248,0.400373619775161,0.4317309937618842,0.3655612159798703,0.2565589173922229,0.045076793611547095
1980-02-07,0.4180538412783134,0.3513360242852854,0.3186442939587017,0.3106381559195383,0.3500016679454248,0.400373619775161,0.36868265670347267,0.26636310059934837,0.04820064077587417
1980-02-09,0.4037095106248124,0.4180538412783134,0.3513360242852854,0.3186442939587017,0.3106381559195383,0.3500016679454248,0.364679587683891,0.27529550433109834,0.04297174728042494
1980-02-10,0.4208893485005171,0.4037095106248124,0.4180538412783134,0.3513360242852854,0.3186442939587017,0.3106381559195383,0.3676104060732276,0.28450812289421895,0.046376667616210926
1980-02-12,0.3950361944157188,0.4208893485005171,0.4037095106248124,0.4180538412783134,0.3513360242852854,0.3186442939587017,0.37404390985469815,0.29217288810310127,0.04664966631984499
1980-03-01,0.3997064416052307,0.3950361944157188,0.4208893485005171,0.4037095106248124,0.4180538412783134,0.3513360242852854,0.38676795066694,0.2998165260032692,0.03777590856647748
1980-03-03,0.3995396470627482,0.3997064416052307,0.3950361944157188,0.4208893485005171,0.4037095106248124,0.4180538412783134,0.3983244296818037,0.30636043188666867,0.022911182797617734
1980-03-04,0.3007972779130667,0.3995396470627482,0.3997064416052307,0.3950361944157188,0.4208893485005171,0.4037095106248124,0.3911046087714868,0.30823409058055623,0.04100465049985279
1980-03-06,0.3453314207559129,0.3007972779130667,0.3995396470627482,0.3997064416052307,0.3950361944157188,0.4208893485005171,0.380715691554001,0.31061369271997424,0.042232895112360974
1980-03-07,0.419388197618174,0.3453314207559129,0.3007972779130667,0.3995396470627482,0.3997064416052307,0.3950361944157188,0.38295550398162403,0.3205301842523713,0.044033007069083696
1980-03-09,0.401541181572539,0.419388197618174,0.3453314207559129,0.3007972779130667,0.3995396470627482,0.3997064416052307,0.38019148013477005,0.3292590986422924,0.041805913309849445
1980-03-10,0.4173866631083832,0.401541181572539,0.419388197618174,0.3453314207559129,0.3007972779130667,0.3995396470627482,0.38338440423372205,0.3386107126574818,0.04392827310944848
1980-03-11,0.4040430997097775,0.4173866631083832,0.401541181572539,0.419388197618174,0.3453314207559129,0.3007972779130667,0.38400392682008594,0.34765208882365367,0.044226397108966746
1980-03-12,0.3952029889582013,0.4040430997097775,0.4173866631083832,0.401541181572539,0.419388197618174,0.3453314207559129,0.38338440423372205,0.35542471450334145,0.04400230853623881
1980-04-01,0.3690162457884378,0.3952029889582013,0.4040430997097775,0.4173866631083832,0.401541181572539,0.419388197618174,0.39312997107306075,0.362035338203734,0.026889269765636215
1980-04-02,0.4235580611802382,0.3690162457884378,0.3952029889582013,0.4040430997097775,0.4173866631083832,0.401541181572539,0.40430520541939297,0.36943323214464424,0.018731271479607244
1980-04-03,0.3978717016379224,0.4235580611802382,0.3690162457884378,0.3952029889582013,0.4040430997097775,0.4173866631083832,0.4012314202793571,0.37468726023284515,0.01757327240956391
1980-04-06,0.3580078059845882,0.3978717016379224,0.4235580611802382,0.3690162457884378,0.3952029889582013,0.4040430997097775,0.3950123666239355,0.3786514105258476,0.023980436127343203
1980-04-07,0.4213897321279648,0.3580078059845882,0.3978717016379224,0.4235580611802382,0.3690162457884378,0.3952029889582013,0.39558423362673295,0.38354961025675244,0.024641546710865145
1980-04-08,0.3975381125529573,0.4213897321279648,0.3580078059845882,0.3978717016379224,0.4235580611802382,0.3690162457884378,0.3946549497471871,0.3825321635476088,0.024390760523773702
1980-04-09,0.4085465523568069,0.3975381125529573,0.4213897321279648,0.3580078059845882,0.3978717016379224,0.4235580611802382,0.3965611730898451,0.38559562331120534,0.024955612787609528
1980-04-11,0.4077125796443941,0.4085465523568069,0.3975381125529573,0.4213897321279648,0.3580078059845882,0.3978717016379224,0.4020892207835532,0.38906494979484274,0.0219408725388952
1980-04-12,0.398038496180405,0.4077125796443941,0.4085465523568069,0.3975381125529573,0.4213897321279648,0.3580078059845882,0.39844356864071984,0.38843113053340894,0.019794246350958722
1980-05-02,0.4317309937618842,0.398038496180405,0.4077125796443941,0.4085465523568069,0.3975381125529573,0.4213897321279648,0.40328061037271434,0.38976548687326956,0.023433665106435773
1980-05-03,0.4060446342195684,0.4317309937618842,0.398038496180405,0.4077125796443941,0.4085465523568069,0.3975381125529573,0.4101430144062829,0.390093516140152,0.012404198541518202
1980-05-06,0.3648463822263736,0.4060446342195684,0.4317309937618842,0.398038496180405,0.4077125796443941,0.4085465523568069,0.40206539299176997,0.3878640290889682,0.019965575799618142
1980-05-08,0.3973713180104747,0.3648463822263736,0.4060446342195684,0.4317309937618842,0.398038496180405,0.4077125796443941,0.40204156519998674,0.38776395236347866,0.0199719778668118
1980-05-09,0.4110484704940454,0.3973713180104747,0.3648463822263736,0.4060446342195684,0.4317309937618842,0.398038496180405,0.402398982076735,0.38979884578176605,0.020129558103999613
1980-05-11,0.4117156486639757,0.4110484704940454,0.3973713180104747,0.3648463822263736,0.4060446342195684,0.4317309937618842,0.4029708490795324,0.393168095539914,0.020361202448440745
1980-05-12,0.388364412716416,0.4117156486639757,0.4110484704940454,0.3973713180104747,0.3648463822263736,0.4060446342195684,0.40158883715610544,0.39549209949850445,0.021067833183517428
1980-06-02,0.4497448043500017,0.388364412716416,0.4117156486639757,0.4110484704940454,0.3973713180104747,0.3648463822263736,0.4041622386686936,0.3987723921673283,0.025907567666637828
1980-06-03,0.3943690162457885,0.4497448043500017,0.388364412716416,0.4117156486639757,0.4110484704940454,0.3973713180104747,0.40249429324386793,0.3979828979995775,0.026140969993612387
1980-06-05,0.3186442939587017,0.3943690162457885,0.4497448043500017,0.388364412716416,0.4117156486639757,0.4110484704940454,0.39589399491991484,0.39514739077737376,0.03959926658333161
1980-06-06,0.3750208493178104,0.3186442939587017,0.3943690162457885,0.4497448043500017,0.388364412716416,0.4117156486639757,0.3927010708209627,0.3936184408046169,0.04035416925450545
1980-06-08,0.3955365780431665,0.3750208493178104,0.3186442939587017,0.3943690162457885,0.4497448043500017,0.388364412716416,0.39048508618512295,0.39363512025886516,0.03959754362841845
1980-06-10,0.4273943356573373,0.3955365780431665,0.3750208493178104,0.3186442939587017,0.3943690162457885,0.4497448043500017,0.39272489861274595,0.3945580500606021,0.041400948789216914
1980-06-11,0.3983720852653701,0.4273943356573373,0.3955365780431665,0.3750208493178104,0.3186442939587017,0.3943690162457885,0.3941545661197395,0.3945191313340228,0.04139806879444537
1980-07-01,0.3993728525202656,0.3983720852653701,0.4273943356573373,0.3955365780431665,0.3750208493178104,0.3186442939587017,0.3869585730012058,0.39780498382092944,0.0338065090063646
1980-07-02,0.4432398171931815,0.3993728525202656,0.3983720852653701,0.4273943356573373,0.3955365780431665,0.3750208493178104,0.39394011599369044,0.401068597035505,0.040059852071637224
1980-07-03,0.3830269873569737,0.4432398171931815,0.3993728525202656,0.3983720852653701,0.4273943356573373,0.3955365780431665,0.403137643622015,0.39985655669346504,0.02410471754452872
1980-07-05,0.316976348533876,0.3830269873569737,0.4432398171931815,0.3993728525202656,0.3983720852653701,0.4273943356573373,0.394845572081453,0.3970377289255096,0.04007935866023149
1980-07-07,0.4220569102978951,0.316976348533876,0.3830269873569737,0.4432398171931815,0.3993728525202656,0.3983720852653701,0.3986341909749856,0.39719340383182666,0.041387667144815635
1980-07-08,0.3967041398405445,0.4220569102978951,0.316976348533876,0.3830269873569737,0.4432398171931815,0.3993728525202656,0.3942498772868724,0.39694877183618554,0.03941162620294
1980-07-10,0.4291623578076526,0.3967041398405445,0.4220569102978951,0.316976348533876,0.3830269873569737,0.4432398171931815,0.3986484876500556,0.3980807507978339,0.041605512385916234
1980-07-11,0.3743536711478801,0.4291623578076526,0.3967041398405445,0.4220569102978951,0.316976348533876,0.3830269873569737,0.39507431888257194,0.39825866497648205,0.042595779511448766
1980-08-01,0.383694165526904,0.3743536711478801,0.4291623578076526,0.3967041398405445,0.4220569102978951,0.316976348533876,0.38656779721596085,0.3969298684547041,0.03694470841668947
1980-08-02,0.438402775461187,0.383694165526904,0.3743536711478801,0.4291623578076526,0.3967041398405445,0.4220569102978951,0.39447862408799134,0.3982809042488131,0.041684785878855456
1980-08-04,0.328985555592621,0.438402775461187,0.383694165526904,0.3743536711478801,0.4291623578076526,0.3967041398405445,0.3961942250963834,0.3973134959024141,0.038052298528318124
1980-08-05,0.3208126230109751,0.328985555592621,0.438402775461187,0.383694165526904,0.3743536711478801,0.4291623578076526,0.3817307554839663,0.3939609255985144,0.04516087597735924
1980-08-07,0.4354004736965007,0.3208126230109751,0.328985555592621,0.438402775461187,0.383694165526904,0.3743536711478801,0.3872588031776743,0.39522300430329926,0.04946269562180205
1980-08-08,0.3970377289255096,0.4354004736965007,0.3208126230109751,0.328985555592621,0.438402775461187,0.383694165526904,0.3826695704802253,0.39483937685558934,0.046317098444571825
1980-08-09,0.4250592120625813,0.3970377289255096,0.4354004736965007,0.3208126230109751,0.328985555592621,0.438402775461187,0.3899132191823255,0.3954175979361956,0.04870331278274581
1980-08-10,0.4283951029122327,0.4250592120625813,0.3970377289255096,0.4354004736965007,0.3208126230109751,0.328985555592621,0.39629906738022963,0.39642948482725654,0.050643856821715016
1980-08-12,0.3885312072588985,0.4283951029122327,0.4250592120625813,0.3970377289255096,0.4354004736965007,0.3208126230109751,0.38917455763704556,0.3949894919438236,0.04711883619424967
1980-09-01,0.3818260666510992,0.3885312072588985,0.4283951029122327,0.4250592120625813,0.3970377289255096,0.4354004736965007,0.396723202073971,0.39418220635820794,0.0394831577355547
1980-09-04,0.3463321880108083,0.3818260666510992,0.3885312072588985,0.4283951029122327,0.4250592120625813,0.3970377289255096,0.4003688542168043,0.39356506655102247,0.031720974387180245
1980-09-05,0.315808786736498,0.3463321880108083,0.3818260666510992,0.3885312072588985,0.4283951029122327,0.4250592120625813,0.38328432750823244,0.3908463155085566,0.04065575927906805
1980-09-06,0.3928678653634453,0.315808786736498,0.3463321880108083,0.3818260666510992,0.3885312072588985,0.4283951029122327,0.38268863271365194,0.3902402953375366,0.0404506875850186
1980-09-07,0.4243920338926511,0.3928678653634453,0.315808786736498,0.3463321880108083,0.3818260666510992,0.3885312072588985,0.38259332154651904,0.39066284151182573,0.04033483366894187
1980-09-09,0.4240584448076859,0.4243920338926511,0.3928678653634453,0.315808786736498,0.3463321880108083,0.3818260666510992,0.3819737989601552,0.3918526425815348,0.03953955710372684
1980-09-10,0.4370684191213264,0.4240584448076859,0.4243920338926511,0.3928678653634453,0.315808786736498,0.3463321880108083,0.3889076863690735,0.3914300964072456,0.044788624784766716
1980-09-12,0.3796910965073223,0.4370684191213264,0.4240584448076859,0.4243920338926511,0.3928678653634453,0.315808786736498,0.3886026906342482,0.3909408324159634,0.04485210975105782
1980-10-01,0.3789238416119025,0.3796910965073223,0.4370684191213264,0.4240584448076859,0.4243920338926511,0.3928678653634453,0.3932586411486902,0.3929501506710701,0.04128238142100138
1980-10-03,0.367014711278647,0.3789238416119025,0.3796910965073223,0.4370684191213264,0.4240584448076859,0.4243920338926511,0.4005737732261401,0.392683279403098,0.027510894509007743
1980-10-04,0.3276511992527605,0.367014711278647,0.3789238416119025,0.3796910965073223,0.4370684191213264,0.4240584448076859,0.3912571066388994,0.39042043344341776,0.03914037715911041
1980-10-06,0.3796910965073223,0.3276511992527605,0.367014711278647,0.3789238416119025,0.3796910965073223,0.4370684191213264,0.38487125844099523,0.38883032547175056,0.036382712311275024
1980-10-07,0.414717950428662,0.3796910965073223,0.3276511992527605,0.367014711278647,0.3789238416119025,0.3796910965073223,0.38353690210113467,0.3893751876438603,0.03484474238228496
1980-10-09,0.4347332955265704,0.414717950428662,0.3796910965073223,0.3276511992527605,0.367014711278647,0.3789238416119025,0.38320331301616956,0.3905538690774038,0.03425299218966742
1980-10-10,0.4338993228141576,0.4347332955265704,0.414717950428662,0.3796910965073223,0.3276511992527605,0.367014711278647,0.3909473453457175,0.39024251926476966,0.039110024996279524
1980-10-11,0.3853621109517297,0.4338993228141576,0.4347332955265704,0.414717950428662,0.3796910965073223,0.3276511992527605,0.39186709810854986,0.3903203567179282,0.03885501451216479
1980-10-12,0.3630116422590653,0.3853621109517297,0.4338993228141576,0.4347332955265704,0.414717950428662,0.3796910965073223,0.3912952311057526,0.3918548665087679,0.03930856542472522
1980-11-01,0.3923674817359976,0.3630116422590653,0.3853621109517297,0.4338993228141576,0.4347332955265704,0.414717950428662,0.4005404143176436,0.39086521889003795,0.027758641108247287
1980-11-02,0.4507455716048971,0.3923674817359976,0.3630116422590653,0.3853621109517297,0.4338993228141576,0.4347332955265704,0.41069105361729713,0.3926665999488497,0.03159079073295286
1980-11-03,0.3571738332721754,0.4507455716048971,0.3923674817359976,0.3630116422590653,0.3853621109517297,0.4338993228141576,0.4024704654520847,0.3902669824643338,0.03733340515290112
1980-11-04,0.3306535010174468,0.3571738332721754,0.4507455716048971,0.3923674817359976,0.3630116422590653,0.3853621109517297,0.3876019233793528,0.3888103101266527,0.04268483379077121
1980-11-06,0.3743536711478801,0.3306535010174468,0.3571738332721754,0.4507455716048971,0.3923674817359976,0.3630116422590653,0.3790954017127417,0.3884989603140186,0.03754444217898238
1980-11-07,0.42172332121293,0.3743536711478801,0.3306535010174468,0.3571738332721754,0.4507455716048971,0.3923674817359976,0.38428986032148466,0.3879429785057433,0.04091964056894249
1980-11-08,0.388364412716416,0.42172332121293,0.3743536711478801,0.3306535010174468,0.3571738332721754,0.4507455716048971,0.3879116846725347,0.38992227374320315,0.039829884169316154
1980-11-09,0.4263935684024419,0.388364412716416,0.42172332121293,0.3743536711478801,0.3306535010174468,0.3571738332721754,0.39277255419631246,0.3934416385895854,0.04245413783894309
1980-11-11,0.3760216165727058,0.4263935684024419,0.388364412716416,0.42172332121293,0.3743536711478801,0.3306535010174468,0.38209770347742794,0.3914623433521255,0.03400043876336604
1980-11-12,0.3490009006905294,0.3760216165727058,0.4263935684024419,0.388364412716416,0.42172332121293,0.3743536711478801,0.38093014168005,0.3898611157442929,0.035120828723755264
1980-12-02,0.4400707208860127,0.3490009006905294,0.3760216165727058,0.4263935684024419,0.388364412716416,0.42172332121293,0.3965611730898451,0.39036149937174064,0.03331766091585272
1980-12-03,0.3674817359975982,0.4400707208860127,0.3490009006905294,0.3760216165727058,0.4263935684024419,0.388364412716416,0.39557946806837624,0.3883310538079195,0.03417136588645957
1980-12-05,0.3191446775861494,0.3674817359975982,0.4400707208860127,0.3490009006905294,0.3760216165727058,0.4263935684024419,0.3809253761216933,0.38601816948549444,0.042153830871034574
1980-12-06,0.3703506021282984,0.3191446775861494,0.3674817359975982,0.4400707208860127,0.3490009006905294,0.3760216165727058,0.37835197460910514,0.3856356540014011,0.04217385160412695
1980-12-08,0.3803582746772526,0.3703506021282984,0.3191446775861494,0.3674817359975982,0.4400707208860127,0.3490009006905294,0.3717755040769352,0.38676985689028254,0.036663067947407826
1980-12-09,0.4340661173566401,0.3803582746772526,0.3703506021282984,0.3191446775861494,0.3674817359975982,0.4400707208860127,0.38006757561749727,0.390711767910954,0.043676586378928337
1980-12-11,0.3900323581412416,0.4340661173566401,0.3803582746772526,0.3703506021282984,0.3191446775861494,0.3674817359975982,0.38592921239617045,0.3906172510035472,0.04151207110778731
1980-12-12,0.3521699969976983,0.3900323581412416,0.4340661173566401,0.3803582746772526,0.3703506021282984,0.3191446775861494,0.37337196612641127,0.3882098497737154,0.03522334200393484
1981-01-04,0.3198118557560797,0.3521699969976983,0.3900323581412416,0.4340661173566401,0.3803582746772526,0.3703506021282984,0.3665619832347658,0.3847349634719952,0.04072972394246638
1981-01-05,0.3019648397104447,0.3198118557560797,0.3521699969976983,0.3900323581412416,0.4340661173566401,0.3803582746772526,0.36410772068109365,0.3802315108249658,0.04441412822951729
1981-01-06,0.299129332488241,0.3019648397104447,0.3198118557560797,0.3521699969976983,0.3900323581412416,0.4340661173566401,0.3539332535896568,0.37754611869099647,0.050488063964898446
1981-01-07,0.2582646695800114,0.299129332488241,0.3019648397104447,0.3198118557560797,0.3521699969976983,0.3900323581412416,0.33649131000433663,0.3735241462899334,0.060026263796550246
1981-01-09,0.2579310804950462,0.2582646695800114,0.299129332488241,0.3019648397104447,0.3198118557560797,0.3521699969976983,0.3113291618812518,0.36988802526381337,0.048024030123426945
1981-01-10,0.268105547586483,0.2579310804950462,0.2582646695800114,0.299129332488241,0.3019648397104447,0.3198118557560797,0.2939110460877149,0.3679031702082708,0.035090827962018435
1981-01-12,0.2452546952663709,0.268105547586483,0.2579310804950462,0.2582646695800114,0.299129332488241,0.3019648397104447,0.27863743155466814,0.3634219568335724,0.028072968166752237
1981-02-02,0.3059679087300264,0.2452546952663709,0.268105547586483,0.2579310804950462,0.2582646695800114,0.299129332488241,0.2766597248366605,0.35979695544361795,0.025009304126753572
1981-02-03,0.2872869199719786,0.3059679087300264,0.2452546952663709,0.268105547586483,0.2579310804950462,0.2582646695800114,0.2745628791597368,0.35488207625846485,0.02307452730662676
1981-02-04,0.3233145411482137,0.2872869199719786,0.3059679087300264,0.2452546952663709,0.268105547586483,0.2579310804950462,0.2780179089683043,0.3511959168696001,0.028531433435178426
1981-02-06,0.2929579344163859,0.3233145411482137,0.2872869199719786,0.3059679087300264,0.2452546952663709,0.268105547586483,0.28297408965921494,0.3481157776517553,0.02752369878234503
1981-02-07,0.2532608333055343,0.2929579344163859,0.3233145411482137,0.2872869199719786,0.3059679087300264,0.2452546952663709,0.28230691148928466,0.3444574173533042,0.028278181742990034
1981-02-09,0.2636020949394536,0.2532608333055343,0.2929579344163859,0.3233145411482137,0.2872869199719786,0.3059679087300264,0.2816635611111376,0.34016523779341945,0.02870315750237549
1981-02-10,0.266937985789105,0.2636020949394536,0.2532608333055343,0.2929579344163859,0.3233145411482137,0.2872869199719786,0.2847611740429568,0.3340383182662263,0.025057594055070045
1981-02-11,0.2636020949394536,0.266937985789105,0.2636020949394536,0.2532608333055343,0.2929579344163859,0.3233145411482137,0.2787089149300178,0.3309192603218023,0.024182880545272522
1981-02-12,0.2480902024885746,0.2636020949394536,0.266937985789105,0.2636020949394536,0.2532608333055343,0.2929579344163859,0.2731093838609601,0.3281671503708399,0.026310043749235037
1981-03-02,0.3011308669980319,0.2480902024885746,0.2636020949394536,0.266937985789105,0.2636020949394536,0.2532608333055343,0.26994028755379124,0.3257263902325116,0.0197806888642033
1981-03-03,0.2909563999065951,0.3011308669980319,0.2480902024885746,0.2636020949394536,0.266937985789105,0.2636020949394536,0.2696543540523926,0.3213674928556338,0.019403378216256154
1981-03-04,0.3256496647429696,0.2909563999065951,0.3011308669980319,0.2480902024885746,0.2636020949394536,0.266937985789105,0.27999561568631187,0.3192770012565189,0.027009510574385144
1981-03-06,0.2939587016712813,0.3256496647429696,0.2909563999065951,0.3011308669980319,0.2480902024885746,0.2636020949394536,0.28433227379085874,0.3148625056988135,0.026368086746238077
1981-03-07,0.2529272442205691,0.2939587016712813,0.3256496647429696,0.2909563999065951,0.3011308669980319,0.2480902024885746,0.2823307392810679,0.3107593599537424,0.028364671795528883
1981-03-08,0.2385829135670681,0.2529272442205691,0.2939587016712813,0.3256496647429696,0.2909563999065951,0.3011308669980319,0.27875657051358427,0.3070787603829602,0.032406313673899616
1981-03-09,0.2679387530440004,0.2385829135670681,0.2529272442205691,0.2939587016712813,0.3256496647429696,0.2909563999065951,0.2815920777357879,0.3013410281215599,0.03005920084903781
1981-03-11,0.2624345331420756,0.2679387530440004,0.2385829135670681,0.2529272442205691,0.2939587016712813,0.3256496647429696,0.2760640300420799,0.2978394546930424,0.02941843351821854
1981-03-12,0.2545951896453948,0.2624345331420756,0.2679387530440004,0.2385829135670681,0.2529272442205691,0.2939587016712813,0.270869571433337,0.2956878050950173,0.02956043811731666
1981-04-02,0.3136404576842246,0.2545951896453948,0.2624345331420756,0.2679387530440004,0.2385829135670681,0.2529272442205691,0.2691539704249449,0.2937974669468815,0.025983341105602582
1981-04-03,0.2872869199719786,0.3136404576842246,0.2545951896453948,0.2624345331420756,0.2679387530440004,0.2385829135670681,0.2682008587536159,0.2906950884567057,0.02502656689775454
1981-04-06,0.2852853854621877,0.2872869199719786,0.3136404576842246,0.2545951896453948,0.2624345331420756,0.2679387530440004,0.2728234503595614,0.2857357307268906,0.02472176363716469
1981-04-08,0.2377489408546552,0.2852853854621877,0.2872869199719786,0.3136404576842246,0.2545951896453948,0.2624345331420756,0.27270431140064527,0.28065961681733775,0.024915527563221747
1981-04-09,0.2699402875537913,0.2377489408546552,0.2852853854621877,0.2872869199719786,0.3136404576842246,0.2545951896453948,0.27299024490204393,0.27791862650254084,0.024863152314642954
1981-04-11,0.2644360676518665,0.2699402875537913,0.2377489408546552,0.2852853854621877,0.2872869199719786,0.3136404576842246,0.27327617840344265,0.2760727668990671,0.024732693107249015
1981-04-12,0.2609333822597325,0.2644360676518665,0.2699402875537913,0.2377489408546552,0.2852853854621877,0.2872869199719786,0.2741816344912052,0.27470505165071,0.024041155583023995
1981-05-01,0.3753544384027755,0.2609333822597325,0.2644360676518665,0.2699402875537913,0.2377489408546552,0.2852853854621877,0.28299791745099817,0.2772458885145278,0.043974827226426164
1981-05-02,0.3093037995796778,0.3753544384027755,0.2609333822597325,0.2644360676518665,0.2699402875537913,0.2377489408546552,0.2861431859663838,0.27894719284785,0.04510555669994199
1981-05-03,0.2846182072922574,0.3093037995796778,0.3753544384027755,0.2609333822597325,0.2644360676518665,0.2699402875537913,0.28604787479925087,0.2798367637410904,0.04510837619923741
1981-05-05,0.294459085298729,0.2846182072922574,0.3093037995796778,0.3753544384027755,0.2609333822597325,0.2644360676518665,0.29414932400554716,0.28071521499816526,0.03976413942900972
1981-05-06,0.283617440037362,0.294459085298729,0.2846182072922574,0.3093037995796778,0.3753544384027755,0.2609333822597325,0.2961032029317715,0.2819939731571983,0.038698062701653935
1981-05-08,0.2385161957500751,0.283617440037362,0.294459085298729,0.2846182072922574,0.3093037995796778,0.3753544384027755,0.2924003640886585,0.2797455827245333,0.04321018238793045
1981-05-10,0.2711078493511692,0.2385161957500751,0.283617440037362,0.294459085298729,0.2846182072922574,0.3093037995796778,0.2938538593874351,0.27920628037050627,0.04213298563344517
1981-05-11,0.2626013276845582,0.2711078493511692,0.2385161957500751,0.283617440037362,0.294459085298729,0.2846182072922574,0.27774627214197556,0.27718250658838445,0.022983061372241816
1981-06-01,0.3765220002001535,0.2626013276845582,0.2711078493511692,0.2385161957500751,0.283617440037362,0.294459085298729,0.2873488722306149,0.27996797544784335,0.043367853064312706
1981-06-02,0.3106381559195383,0.3765220002001535,0.2626013276845582,0.2711078493511692,0.2385161957500751,0.283617440037362,0.2910660077487979,0.28188055286831015,0.044201882699271125
1981-06-03,0.288287687226874,0.3106381559195383,0.3765220002001535,0.2626013276845582,0.2711078493511692,0.2385161957500751,0.2901843794528186,0.28270340594455756,0.0441844690199651
1981-06-04,0.3328218300697201,0.288287687226874,0.3106381559195383,0.3765220002001535,0.2626013276845582,0.2711078493511692,0.2972135780288698,0.28489953408724467,0.046802001183939956
1981-06-05,0.2982953597758281,0.3328218300697201,0.288287687226874,0.3106381559195383,0.3765220002001535,0.2626013276845582,0.3057534586039773,0.28605597624845713,0.03913192331212152
1981-06-07,0.2460886679787837,0.2982953597758281,0.3328218300697201,0.288287687226874,0.3106381559195383,0.3765220002001535,0.30217928983649367,0.28598925843146417,0.043699715399216806
1981-06-08,0.2390832971945158,0.2460886679787837,0.2982953597758281,0.3328218300697201,0.288287687226874,0.3106381559195383,0.2988195711950591,0.2839210061046803,0.04794730786631739
1981-06-10,0.2722754111485472,0.2390832971945158,0.2460886679787837,0.2982953597758281,0.3328218300697201,0.288287687226874,0.2839272013305439,0.283298306479412,0.0339315786737981
1981-06-11,0.2624345331420756,0.2722754111485472,0.2390832971945158,0.2460886679787837,0.2982953597758281,0.3328218300697201,0.2770409695051921,0.28119113542604884,0.03246698465958332
1981-07-01,0.367014711278647,0.2624345331420756,0.2722754111485472,0.2390832971945158,0.2460886679787837,0.2982953597758281,0.2882876872268739,0.2836263357462944,0.0472722531194579
1981-07-04,0.3198118557560797,0.367014711278647,0.2624345331420756,0.2722754111485472,0.2390832971945158,0.2460886679787837,0.28642911946778243,0.28585582279747807,0.045450153820504956
1981-07-05,0.2954598525536245,0.3198118557560797,0.367014711278647,0.2624345331420756,0.2722754111485472,0.2390832971945158,0.28602404700746764,0.28775172076369665,0.04533927066936209
1981-07-07,0.2469226406911966,0.2954598525536245,0.3198118557560797,0.367014711278647,0.2624345331420756,0.2722754111485472,0.2861431859663838,0.28705118368526983,0.0452177747279445
1981-07-08,0.2417520098742369,0.2469226406911966,0.2954598525536245,0.3198118557560797,0.367014711278647,0.2624345331420756,0.28652443063491534,0.2863617662430085,0.044763841172731585
1981-07-09,0.2679387530440004,0.2417520098742369,0.2469226406911966,0.2954598525536245,0.3198118557560797,0.367014711278647,0.2859049080485515,0.2868065516896287,0.04502317006603501
1981-07-10,0.273943356573373,0.2679387530440004,0.2417520098742369,0.2469226406911966,0.2954598525536245,0.3198118557560797,0.287549025681594,0.28548331498593366,0.044226337199822684
1981-07-12,0.2547619841878774,0.273943356573373,0.2679387530440004,0.2417520098742369,0.2469226406911966,0.2954598525536245,0.27151292181148406,0.284399150459797,0.027975917988646192
1981-08-01,0.3601761350368616,0.2547619841878774,0.273943356573373,0.2679387530440004,0.2417520098742369,0.2469226406911966,0.27727924742302434,0.28689550877895276,0.0408075497624745
1981-08-04,0.3159755812789806,0.3601761350368616,0.2547619841878774,0.273943356573373,0.2679387530440004,0.2417520098742369,0.2802100658123609,0.2895030634597636,0.0430082950945879
1981-08-05,0.3007972779130667,0.3159755812789806,0.3601761350368616,0.2547619841878774,0.273943356573373,0.2679387530440004,0.28790644255834236,0.2905316298050728,0.040823648798681854
1981-08-06,0.2926243453314208,0.3007972779130667,0.3159755812789806,0.3601761350368616,0.2547619841878774,0.273943356573373,0.29517391905222573,0.29147123906105793,0.03540653248457907
1981-08-07,0.2420855989592021,0.2926243453314208,0.3007972779130667,0.3159755812789806,0.3601761350368616,0.2547619841878774,0.291480611325826,0.2908429796177069,0.039797125240733686
1981-08-09,0.2696066984688261,0.2420855989592021,0.2926243453314208,0.3007972779130667,0.3159755812789806,0.3601761350368616,0.29086108873946215,0.2873180549532419,0.04014783756388783
1981-08-10,0.2724422056910298,0.2696066984688261,0.2420855989592021,0.2926243453314208,0.3007972779130667,0.3159755812789806,0.293386834668484,0.2860893351569537,0.0379968141694751
1981-08-12,0.253761216932982,0.2724422056910298,0.2696066984688261,0.2420855989592021,0.2926243453314208,0.3007972779130667,0.2781847035107869,0.2850607688116445,0.026312838175972963
1981-09-01,0.3621776695466525,0.253761216932982,0.2724422056910298,0.2696066984688261,0.2420855989592021,0.2926243453314208,0.28478500183474,0.2873180549532419,0.03974064471148094
1981-09-02,0.3186442939587017,0.3621776695466525,0.253761216932982,0.2724422056910298,0.2696066984688261,0.2420855989592021,0.287334575555545,0.28848561675061996,0.04147382597761197
1981-09-03,0.2931247289588685,0.3186442939587017,0.3621776695466525,0.253761216932982,0.2724422056910298,0.2696066984688261,0.28740605893089466,0.29030590119091304,0.04148489261238972
1981-09-04,0.312306101344364,0.2931247289588685,0.3186442939587017,0.3621776695466525,0.253761216932982,0.2724422056910298,0.29743755927163207,0.29167917625735285,0.03694055792060262
1981-09-06,0.2839510291223271,0.312306101344364,0.2931247289588685,0.3186442939587017,0.3621776695466525,0.253761216932982,0.2994867493649894,0.2923908329719452,0.035509539420378176
1981-09-07,0.2477566134036095,0.2839510291223271,0.312306101344364,0.2931247289588685,0.3186442939587017,0.3621776695466525,0.29596023618107214,0.28809865341206037,0.03962976553147914
1981-09-09,0.268105547586483,0.2477566134036095,0.2839510291223271,0.312306101344364,0.2931247289588685,0.3186442939587017,0.29800942627442945,0.28668089980095857,0.03739171496336665
1981-09-10,0.2792807819328152,0.268105547586483,0.2477566134036095,0.2839510291223271,0.312306101344364,0.2931247289588685,0.286167013758167,0.2863806696244899,0.024631760060959386
1981-09-11,0.263435300396971,0.2792807819328152,0.268105547586483,0.2477566134036095,0.2839510291223271,0.312306101344364,0.27828001467791974,0.28406778530206495,0.021082636630937082
1981-09-12,0.2504253260833306,0.263435300396971,0.2792807819328152,0.268105547586483,0.2477566134036095,0.2839510291223271,0.27218009998141435,0.28247211751231505,0.022218313855011492
1981-10-02,0.3233145411482137,0.2504253260833306,0.263435300396971,0.2792807819328152,0.268105547586483,0.2477566134036095,0.2737527342391072,0.28504631328462937,0.0256555506075551
1981-10-03,0.3017980451679621,0.3233145411482137,0.2504253260833306,0.263435300396971,0.2792807819328152,0.268105547586483,0.2763023079599122,0.2871368048837442,0.0276474098404873
1981-10-04,0.3059679087300264,0.3017980451679621,0.3233145411482137,0.2504253260833306,0.263435300396971,0.2792807819328152,0.28461820729225745,0.2882598881364602,0.026354593352764473
1981-10-06,0.287120125429496,0.3059679087300264,0.3017980451679621,0.3233145411482137,0.2504253260833306,0.263435300396971,0.287334575555545,0.28908274121270755,0.025328931457760717
1981-10-07,0.2545951896453948,0.287120125429496,0.3059679087300264,0.3017980451679621,0.3233145411482137,0.2504253260833306,0.2838080623716278,0.28533542382493243,0.028193611404457832
1981-10-08,0.239416886279481,0.2545951896453948,0.287120125429496,0.3059679087300264,0.3017980451679621,0.3233145411482137,0.2803768603548435,0.2826555915090459,0.032255215075915764
1981-10-09,0.2779464255929546,0.239416886279481,0.2545951896453948,0.287120125429496,0.3059679087300264,0.3017980451679621,0.2843084459990755,0.28207181061035685,0.029560684604527775
1981-10-11,0.2559295459852554,0.2779464255929546,0.239416886279481,0.2545951896453948,0.287120125429496,0.3059679087300264,0.2746820181186529,0.2823720407868255,0.02542378858727286
1981-10-12,0.2472562297761617,0.2559295459852554,0.2779464255929546,0.239416886279481,0.2545951896453948,0.287120125429496,0.26689033020553854,0.28255551478355634,0.02404903427133365
1981-11-02,0.3109717450045035,0.2472562297761617,0.2559295459852554,0.2779464255929546,0.239416886279481,0.2545951896453948,0.2676051639590353,0.28398994784890635,0.025438400672269768
1981-11-03,0.294459085298729,0.3109717450045035,0.2472562297761617,0.2559295459852554,0.2779464255929546,0.239416886279481,0.2686535867974971,0.28467380547308496,0.026505591892922797
1981-11-05,0.3056343196450612,0.294459085298729,0.3109717450045035,0.2472562297761617,0.2559295459852554,0.2779464255929546,0.2759448910831638,0.2863695499883244,0.028905226325927326
1981-11-06,0.2864529472595657,0.3056343196450612,0.294459085298729,0.3109717450045035,0.2472562297761617,0.2559295459852554,0.282664328366033,0.2839121103957479,0.024059443404472833
1981-11-08,0.2442539280114755,0.2864529472595657,0.3056343196450612,0.294459085298729,0.3109717450045035,0.2472562297761617,0.2778511144258217,0.28152138862016435,0.028178218394650196
1981-11-09,0.2757780965406812,0.2442539280114755,0.2864529472595657,0.3056343196450612,0.294459085298729,0.3109717450045035,0.2806866216480254,0.2806874159077515,0.026556648518425447
1981-11-11,0.2515928878807086,0.2757780965406812,0.2442539280114755,0.2864529472595657,0.3056343196450612,0.294459085298729,0.28130614423438927,0.27931970065939443,0.02568300692857429
1981-11-12,0.2500917369983654,0.2515928878807086,0.2757780965406812,0.2442539280114755,0.2864529472595657,0.3056343196450612,0.27260900023351237,0.2795865719273666,0.024229837745363053
1981-12-01,0.3516696133702506,0.2500917369983654,0.2515928878807086,0.2757780965406812,0.2442539280114755,0.2864529472595657,0.2807819328151583,0.28232200242408073,0.03835815160282244
1981-12-02,0.303799579677753,0.3516696133702506,0.2500917369983654,0.2515928878807086,0.2757780965406812,0.2442539280114755,0.28051982710554285,0.2833672482236382,0.038165815433966445
1981-12-03,0.2956266470961071,0.303799579677753,0.3516696133702506,0.2500917369983654,0.2515928878807086,0.2757780965406812,0.2818303556536202,0.284762762562409,0.03855897756765064
1981-12-05,0.2996297161156887,0.2956266470961071,0.303799579677753,0.3516696133702506,0.2500917369983654,0.2515928878807086,0.2897411825256507,0.28267783078137687,0.03508924230276807
1981-12-06,0.2916235780765254,0.2996297161156887,0.2956266470961071,0.303799579677753,0.3516696133702506,0.2500917369983654,0.29200482274505696,0.281777140251971,0.03454522814557781
1981-12-08,0.2552623678153251,0.2916235780765254,0.2996297161156887,0.2956266470961071,0.303799579677753,0.3516696133702506,0.2925290341642879,0.2805150615471862,0.03385064415260762
1981-12-10,0.276612069253094,0.2552623678153251,0.2916235780765254,0.2996297161156887,0.2956266470961071,0.303799579677753,0.29631765305782054,0.2793252604774772,0.029515947120924223
1981-12-11,0.2512592987957434,0.276612069253094,0.2552623678153251,0.2916235780765254,0.2996297161156887,0.2956266470961071,0.2819733224043195,0.2782355361332577,0.02142134384117201
1982-01-02,0.2299095973579745,0.2512592987957434,0.276612069253094,0.2552623678153251,0.2916235780765254,0.2996297161156887,0.27141761064435116,0.27764063559840324,0.026481214837405044
1982-01-03,0.2177335957567469,0.2299095973579745,0.2512592987957434,0.276612069253094,0.2552623678153251,0.2916235780765254,0.26029003188158545,0.275961570537412,0.0306503490471368
1982-01-04,0.1948827434366347,0.2177335957567469,0.2299095973579745,0.2512592987957434,0.276612069253094,0.2552623678153251,0.2453261786417206,0.27314830258753936,0.03366439186999707
1982-01-06,0.1893785235347099,0.1948827434366347,0.2177335957567469,0.2299095973579745,0.2512592987957434,0.276612069253094,0.23071974227860406,0.2706797433587973,0.03238570341678303
1982-01-07,0.1837075090903026,0.1893785235347099,0.1948827434366347,0.2177335957567469,0.2299095973579745,0.2512592987957434,0.22049761960360084,0.26845581612569636,0.03456725274021339
1982-01-09,0.2470894352336792,0.1837075090903026,0.1893785235347099,0.1948827434366347,0.2177335957567469,0.2299095973579745,0.2162801004579702,0.26591497926187857,0.027698227069817304
1982-01-10,0.2449211061814057,0.2470894352336792,0.1837075090903026,0.1893785235347099,0.1948827434366347,0.2177335957567469,0.21537464437020765,0.26401908129566004,0.026439158566652233
1982-01-11,0.2617673549721453,0.2449211061814057,0.2470894352336792,0.1837075090903026,0.1893785235347099,0.1948827434366347,0.21992575260080346,0.2625457295037307,0.03159695467928273
1982-01-12,0.270440671181239,0.2617673549721453,0.2449211061814057,0.2470894352336792,0.1837075090903026,0.1893785235347099,0.22745533480430233,0.2619897476954554,0.03683362245845565
1982-02-02,0.2296760849984989,0.270440671181239,0.2617673549721453,0.2449211061814057,0.2470894352336792,0.1837075090903026,0.23242581217028294,0.2611591108738922,0.0339394386291529
1982-02-03,0.2177335957567469,0.2296760849984989,0.270440671181239,0.2617673549721453,0.2449211061814057,0.2470894352336792,0.23647653677343108,0.26043633452313447,0.029323615461394024
1982-02-04,0.1953831270640825,0.2177335957567469,0.2296760849984989,0.270440671181239,0.2617673549721453,0.2449211061814057,0.23814448219825676,0.25768422457217205,0.025961093607237466
1982-02-06,0.1892117289922273,0.1953831270640825,0.2177335957567469,0.2296760849984989,0.270440671181239,0.2617673549721453,0.22987623844947794,0.2554602973390711,0.031304220845316665
1982-02-07,0.1853754545151282,0.1892117289922273,0.1953831270640825,0.2177335957567469,0.2296760849984989,0.270440671181239,0.22136971678286685,0.25339760483037,0.03446537104119365
1982-02-08,0.2111285318744371,0.1853754545151282,0.1892117289922273,0.1953831270640825,0.2177335957567469,0.2296760849984989,0.21413559919748,0.25006949772603443,0.029534602030006598
1982-02-09,0.2500917369983654,0.2111285318744371,0.1853754545151282,0.1892117289922273,0.1953831270640825,0.2177335957567469,0.2112286085999266,0.2485905861160223,0.02344207348815846
1982-02-11,0.2642692731093839,0.2500917369983654,0.2111285318744371,0.1853754545151282,0.1892117289922273,0.1953831270640825,0.21617049261576732,0.24721175123149974,0.03054840977664832
1982-02-12,0.2744437402008207,0.2642692731093839,0.2500917369983654,0.2111285318744371,0.1853754545151282,0.1892117289922273,0.2242719418220636,0.24681144432954155,0.037711903022070704
1982-03-02,0.228908830103079,0.2744437402008207,0.2642692731093839,0.2500917369983654,0.2111285318744371,0.1853754545151282,0.22906132797049167,0.24629994106592834,0.03549529394707328
1982-03-03,0.2127297594822697,0.228908830103079,0.2744437402008207,0.2642692731093839,0.2500917369983654,0.2111285318744371,0.23242104661192628,0.24419832983064796,0.0320395874386792
1982-03-06,0.1904460086065984,0.2127297594822697,0.228908830103079,0.2744437402008207,0.2642692731093839,0.2500917369983654,0.23314541148213633,0.24216010052151093,0.030833299445022836
1982-03-08,0.2097274577175835,0.1904460086065984,0.2127297594822697,0.228908830103079,0.2744437402008207,0.2642692731093839,0.23294525803115723,0.24081462454548488,0.031004116041341755
1982-03-09,0.2802815491877106,0.2097274577175835,0.1904460086065984,0.2127297594822697,0.228908830103079,0.2744437402008207,0.23725808834392084,0.23843502240606687,0.03555289592369886
1982-03-11,0.2619341495146279,0.2802815491877106,0.2097274577175835,0.1904460086065984,0.2127297594822697,0.228908830103079,0.23692449925895567,0.23703950806729607,0.035267018048244954
1982-03-12,0.2711078493511692,0.2619341495146279,0.2802815491877106,0.2097274577175835,0.1904460086065984,0.2127297594822697,0.23644794342329117,0.23622221480913144,0.03469340383154744
1982-04-01,0.2402508589918938,0.2711078493511692,0.2619341495146279,0.2802815491877106,0.2097274577175835,0.1904460086065984,0.23806823326455046,0.23424291957167165,0.03454716625979642
1982-04-02,0.2327451045801781,0.2402508589918938,0.2711078493511692,0.2619341495146279,0.2802815491877106,0.2097274577175835,0.24092756827853737,0.23228030378846004,0.032888972437104445
1982-04-03,0.2078927177502752,0.2327451045801781,0.2402508589918938,0.2711078493511692,0.2619341495146279,0.2802815491877106,0.2434199552990626,0.23070131545295838,0.028837292345457316
1982-04-05,0.2047236214431064,0.2078927177502752,0.2327451045801781,0.2402508589918938,0.2711078493511692,0.2619341495146279,0.24270512154556592,0.22830503385929213,0.02985571282142358
1982-04-06,0.1893785235347099,0.2047236214431064,0.2078927177502752,0.2327451045801781,0.2402508589918938,0.2711078493511692,0.22971897502370867,0.226242341350591,0.030548976139711238
1982-04-08,0.2077259232077926,0.1893785235347099,0.2047236214431064,0.2078927177502752,0.2327451045801781,0.2402508589918938,0.22197494269416077,0.22550288554558495,0.027765464948257313
1982-04-10,0.2352470227174167,0.2077259232077926,0.1893785235347099,0.2047236214431064,0.2078927177502752,0.2327451045801781,0.21685196746076754,0.22608666644427394,0.019165584292515386
1982-04-11,0.2600994095473196,0.2352470227174167,0.2077259232077926,0.1893785235347099,0.2047236214431064,0.2078927177502752,0.2196874746829712,0.2282605553146301,0.024050191064158493
1982-05-01,0.2459218734363012,0.2600994095473196,0.2352470227174167,0.2077259232077926,0.1893785235347099,0.2047236214431064,0.22156987023384594,0.23014533364468315,0.02570151820963698
1982-05-02,0.2330786936651433,0.2459218734363012,0.2600994095473196,0.2352470227174167,0.2077259232077926,0.1893785235347099,0.22516786679311282,0.23179103979717783,0.025226235323938372
1982-05-03,0.205157287253561,0.2330786936651433,0.2459218734363012,0.2600994095473196,0.2352470227174167,0.2077259232077926,0.22522981905174919,0.2303933015311739,0.025168124518635725
1982-05-04,0.2018881142209027,0.205157287253561,0.2330786936651433,0.2459218734363012,0.2600994095473196,0.2352470227174167,0.227016903435491,0.2289588684658238,0.02250100386912887
1982-05-05,0.2024885745738399,0.2018881142209027,0.205157287253561,0.2330786936651433,0.2459218734363012,0.2600994095473196,0.22626871077349778,0.22698290911921362,0.023321483312941815
1982-05-07,0.187043399939954,0.2024885745738399,0.2018881142209027,0.205157287253561,0.2330786936651433,0.2459218734363012,0.21938247894814597,0.22420300007783747,0.027047560293099994
1982-05-08,0.2078927177502752,0.187043399939954,0.2024885745738399,0.2018881142209027,0.205157287253561,0.2330786936651433,0.21192438011999676,0.22347688783623,0.020306840452198657
1982-05-10,0.2370817626847249,0.2078927177502752,0.187043399939954,0.2024885745738399,0.2018881142209027,0.205157287253561,0.21066150715548587,0.22412182673382924,0.01798196792971028
1982-05-11,0.2552623678153251,0.2370817626847249,0.2078927177502752,0.187043399939954,0.2024885745738399,0.2018881142209027,0.21383060346265467,0.22611780142553733,0.023652030725047853
1982-06-01,0.2445875170964406,0.2552623678153251,0.2370817626847249,0.2078927177502752,0.187043399939954,0.2024885745738399,0.2194634934402089,0.2279636610290111,0.025836558466090613
1982-06-04,0.2072255395803449,0.2445875170964406,0.2552623678153251,0.2370817626847249,0.2078927177502752,0.187043399939954,0.2202259827772721,0.2286919971978517,0.02530471086010176
1982-06-05,0.1998865797111119,0.2072255395803449,0.2445875170964406,0.2552623678153251,0.2370817626847249,0.2078927177502752,0.21985426922545376,0.2283172654590742,0.025625764446615094
1982-06-07,0.1842078927177503,0.1998865797111119,0.2072255395803449,0.2445875170964406,0.2552623678153251,0.2370817626847249,0.219449196765139,0.22612113731638703,0.026245765530882863
1982-06-08,0.2067251559528972,0.1842078927177503,0.1998865797111119,0.2072255395803449,0.2445875170964406,0.2552623678153251,0.2192824022226564,0.22420300007783744,0.02633500684844942
1982-06-09,0.2929579344163859,0.2067251559528972,0.1842078927177503,0.1998865797111119,0.2072255395803449,0.2445875170964406,0.22726471247003652,0.22482013988502295,0.0383545768394941
1982-06-10,0.2462554625212663,0.2929579344163859,0.2067251559528972,0.1842078927177503,0.1998865797111119,0.2072255395803449,0.22597801171374243,0.22539836096562918,0.037397932380549496
1982-06-12,0.2737765620308904,0.2462554625212663,0.2929579344163859,0.2067251559528972,0.1842078927177503,0.1998865797111119,0.23014787527580668,0.22743325438391657,0.041247839266620144
1982-07-01,0.2412516262467892,0.2737765620308904,0.2462554625212663,0.2929579344163859,0.2067251559528972,0.1842078927177503,0.23500874479958447,0.2291267749719229,0.04008484524353611
1982-07-04,0.2128965540247523,0.2412516262467892,0.2737765620308904,0.2462554625212663,0.2929579344163859,0.2067251559528972,0.23686731255867596,0.2292324115154952,0.03845337326066502
1982-07-05,0.2000533742535944,0.2128965540247523,0.2412516262467892,0.2737765620308904,0.2462554625212663,0.2929579344163859,0.23913095277808225,0.22655813901769134,0.035162372353107
1982-07-06,0.1937151816392567,0.2000533742535944,0.2128965540247523,0.2412516262467892,0.2737765620308904,0.2462554625212663,0.2372723850189907,0.22428417342184562,0.03743133994049263
1982-07-07,0.1813723854955466,0.1937151816392567,0.2000533742535944,0.2128965540247523,0.2412516262467892,0.2737765620308904,0.2213315923160137,0.22129299129332486,0.03329614264315636
1982-07-09,0.2976281816058979,0.1813723854955466,0.1937151816392567,0.2000533742535944,0.2128965540247523,0.2412516262467892,0.2286705521852468,0.22320556871379166,0.04373165633917466
1982-07-10,0.2559295459852554,0.2976281816058979,0.1813723854955466,0.1937151816392567,0.2000533742535944,0.2128965540247523,0.2261209784644418,0.22397838342729426,0.04110503807867292
1982-07-12,0.2799479601027455,0.2559295459852554,0.2976281816058979,0.1813723854955466,0.1937151816392567,0.2000533742535944,0.2316490261581498,0.22638022483904324,0.04581163826573695
1982-08-01,0.2437535443840278,0.2799479601027455,0.2559295459852554,0.2976281816058979,0.1813723854955466,0.1937151816392567,0.23605716763804632,0.22768122227040732,0.045186796328801834
1982-08-02,0.230076391900457,0.2437535443840278,0.2799479601027455,0.2559295459852554,0.2976281816058979,0.1813723854955466,0.24034617015902668,0.2290378178825989,0.04254763431876863
1982-08-03,0.1972178670313907,0.230076391900457,0.2437535443840278,0.2799479601027455,0.2559295459852554,0.2976281816058979,0.2408465537864744,0.22868754934338548,0.041923851347130885
1982-08-04,0.2112286085999266,0.1972178670313907,0.230076391900457,0.2437535443840278,0.2799479601027455,0.2559295459852554,0.24511172851567156,0.22788693553946918,0.03595914312461593
1982-08-06,0.1960503052340128,0.2112286085999266,0.1972178670313907,0.230076391900457,0.2437535443840278,0.2799479601027455,0.23060060331968796,0.22575196539569226,0.03144676976948278
1982-08-07,0.185875838142576,0.1960503052340128,0.2112286085999266,0.1972178670313907,0.230076391900457,0.2437535443840278,0.22059293077073377,0.2237504308859014,0.03314380457006411
1982-08-09,0.2822830836975015,0.185875838142576,0.1960503052340128,0.2112286085999266,0.1972178670313907,0.230076391900457,0.2209265198556989,0.22539057722031336,0.03384510594274152
1982-08-10,0.2656036294492445,0.2822830836975015,0.185875838142576,0.1960503052340128,0.2112286085999266,0.1972178670313907,0.2240479605793013,0.2274054552935028,0.03714771079786842
1982-08-11,0.2484237915735397,0.2656036294492445,0.2822830836975015,0.185875838142576,0.1960503052340128,0.2112286085999266,0.22666901767545597,0.2289566445385907,0.03827415158103683
1982-08-12,0.2736097674884078,0.2484237915735397,0.2656036294492445,0.2822830836975015,0.185875838142576,0.1960503052340128,0.23758214631217273,0.23132735096907628,0.03935279142522003
1982-09-02,0.2292424191880442,0.2736097674884078,0.2484237915735397,0.2656036294492445,0.2822830836975015,0.185875838142576,0.24015554782476092,0.23273398494401262,0.03790456984076471
1982-09-03,0.1963838943189779,0.2292424191880442,0.2736097674884078,0.2484237915735397,0.2656036294492445,0.2822830836975015,0.24020320340832738,0.23235035749630273,0.03784003131195746
1982-09-06,0.1942155652667044,0.1963838943189779,0.2292424191880442,0.2736097674884078,0.2484237915735397,0.2656036294492445,0.24139459299748856,0.23092148424903539,0.03592740875523378
1982-09-07,0.1958835106915302,0.1942155652667044,0.1963838943189779,0.2292424191880442,0.2736097674884078,0.2484237915735397,0.22905179685377838,0.22894218901157556,0.03434542624477614
1982-09-08,0.2008873469660073,0.1958835106915302,0.1942155652667044,0.1963838943189779,0.2292424191880442,0.2736097674884078,0.21980661364188733,0.22748551667389447,0.031455088901097904
1982-09-09,0.2876205090569437,0.2008873469660073,0.1958835106915302,0.1942155652667044,0.1963838943189779,0.2292424191880442,0.22540614471094506,0.23016534898978108,0.03978449029436563
1982-09-11,0.2497581479134003,0.2876205090569437,0.2008873469660073,0.1958835106915302,0.1942155652667044,0.1963838943189779,0.221998770485944,0.231827734596524,0.035788716623238626
1982-09-12,0.2686059312139307,0.2497581479134003,0.2876205090569437,0.2008873469660073,0.1958835106915302,0.1942155652667044,0.2276221293467849,0.2346410025463967,0.039965391811105914
1982-10-02,0.2316776195082897,0.2686059312139307,0.2497581479134003,0.2876205090569437,0.2008873469660073,0.1958835106915302,0.2326640900881152,0.23547275133157644,0.03751902928663679
1982-10-03,0.1988858124562164,0.2316776195082897,0.2686059312139307,0.2497581479134003,0.2876205090569437,0.2008873469660073,0.23333126825804548,0.23233701393290412,0.03675511856311316
1982-10-05,0.1962170997764953,0.1988858124562164,0.2316776195082897,0.2686059312139307,0.2497581479134003,0.2876205090569437,0.23337892384161193,0.23066906850807845,0.03669864552783229
1982-10-06,0.1947159488941522,0.1962170997764953,0.1988858124562164,0.2316776195082897,0.2686059312139307,0.2497581479134003,0.23249729554563262,0.2280337147368538,0.037670558101837684
1982-10-08,0.2023884978483504,0.1947159488941522,0.1962170997764953,0.1988858124562164,0.2316776195082897,0.2686059312139307,0.220321293944405,0.22673827712357253,0.029845746799820744
1982-10-09,0.2789471928478501,0.2023884978483504,0.1947159488941522,0.1962170997764953,0.1988858124562164,0.2316776195082897,0.22449115750646925,0.22893996508434247,0.03604017417640923
1982-10-11,0.2509257097107783,0.2789471928478501,0.2023884978483504,0.1947159488941522,0.1962170997764953,0.1988858124562164,0.22196541157744745,0.23063570959958193,0.03291752692080488
1982-10-12,0.2674383694165527,0.2509257097107783,0.2789471928478501,0.2023884978483504,0.1947159488941522,0.1962170997764953,0.2270740901357708,0.23309314919215846,0.037175606264840635
1982-11-01,0.2357474063448644,0.2674383694165527,0.2509257097107783,0.2789471928478501,0.2023884978483504,0.1947159488941522,0.23234003211986334,0.23490564988713572,0.03506824443760874
1982-11-02,0.2302431864429396,0.2357474063448644,0.2674383694165527,0.2509257097107783,0.2789471928478501,0.2023884978483504,0.2372009016436411,0.23265948338170375,0.03139220912008331
1982-11-03,0.1980518397438035,0.2302431864429396,0.2357474063448644,0.2674383694165527,0.2509257097107783,0.2789471928478501,0.23767745747930555,0.23073022650698868,0.030656464407727898
1982-11-05,0.1983854288287687,0.1980518397438035,0.2302431864429396,0.2357474063448644,0.2674383694165527,0.2509257097107783,0.2371055904765082,0.22801147546452283,0.03145148772435343
1982-11-06,0.1937151816392567,0.1983854288287687,0.1980518397438035,0.2302431864429396,0.2357474063448644,0.2674383694165527,0.22492958887528053,0.2263435300396971,0.02895225744094775
1982-11-08,0.1992194015411816,0.1937151816392567,0.1983854288287687,0.1980518397438035,0.2302431864429396,0.2357474063448644,0.21754297342248102,0.22531496369438794,0.027786927636598374
1982-11-10,0.2636020949394536,0.1992194015411816,0.1937151816392567,0.1983854288287687,0.1980518397438035,0.2302431864429396,0.21699493421146684,0.22752777129132337,0.026653548198947427
1982-11-11,0.244420722553958,0.2636020949394536,0.1992194015411816,0.1937151816392567,0.1983854288287687,0.1980518397438035,0.21823397938419453,0.22863417508979106,0.027845531700419923
1982-12-01,0.2362477899723121,0.244420722553958,0.2636020949394536,0.1992194015411816,0.1937151816392567,0.1983854288287687,0.2190917798883906,0.2299740912477344,0.028364788558658205
1982-12-02,0.2285752410181139,0.2362477899723121,0.244420722553958,0.2636020949394536,0.1992194015411816,0.1937151816392567,0.22345226578472066,0.231397404676919,0.02689958944175814
1982-12-03,0.1923808252993962,0.2285752410181139,0.2362477899723121,0.244420722553958,0.2636020949394536,0.1992194015411816,0.22259446528052457,0.22840066273031548,0.027908973526247355
1982-12-05,0.197885045201321,0.1923808252993962,0.2285752410181139,0.2362477899723121,0.244420722553958,0.2636020949394536,0.2231901600751052,0.22614337658871803,0.027225978007325936
1982-12-07,0.2055575941555192,0.197885045201321,0.1923808252993962,0.2285752410181139,0.2362477899723121,0.244420722553958,0.22409561616286772,0.22471450334145068,0.026388426856803444
1982-12-08,0.2000533742535944,0.2055575941555192,0.197885045201321,0.1923808252993962,0.2285752410181139,0.2362477899723121,0.21501722749345925,0.2222626235669569,0.020890356534098042
1982-12-10,0.2711078493511692,0.2000533742535944,0.2055575941555192,0.197885045201321,0.1923808252993962,0.2285752410181139,0.21882967417877516,0.22365813790572772,0.028279235807813812
1982-12-11,0.2422523935016846,0.2711078493511692,0.2000533742535944,0.2055575941555192,0.197885045201321,0.1923808252993962,0.2196874746829712,0.2251870878784846,0.028978076017314027
1983-01-02,0.3159755812789806,0.2422523935016846,0.2711078493511692,0.2000533742535944,0.2055575941555192,0.197885045201321,0.23217323757738076,0.2292457550788938,0.046796581951427406
1983-01-03,0.2529272442205691,0.3159755812789806,0.2422523935016846,0.2711078493511692,0.2000533742535944,0.2055575941555192,0.24082272599469118,0.23114721286319512,0.04370949107782761
1983-01-06,0.250258531540848,0.2529272442205691,0.3159755812789806,0.2422523935016846,0.2711078493511692,0.2000533742535944,0.2483046526146236,0.2327929190156898,0.039405272647336106
1983-01-07,0.2544283951029122,0.250258531540848,0.2529272442205691,0.3159755812789806,0.2422523935016846,0.2711078493511692,0.2552861956071083,0.23168651521722208,0.03460647504858695
1983-01-08,0.2510925042532608,0.2544283951029122,0.250258531540848,0.2529272442205691,0.3159755812789806,0.2422523935016846,0.26257749989277496,0.2317309937618841,0.02510122625467323
1983-01-09,0.2546619074623878,0.2510925042532608,0.2544283951029122,0.250258531540848,0.2529272442205691,0.3159755812789806,0.260228079622949,0.231266192970166,0.024938860804447183
1983-01-11,0.2287420355605965,0.2546619074623878,0.2510925042532608,0.2544283951029122,0.250258531540848,0.2529272442205691,0.25829802848850786,0.23116834017190957,0.026999539091241358
1983-01-12,0.2430863662140975,0.2287420355605965,0.2546619074623878,0.2510925042532608,0.2544283951029122,0.250258531540848,0.24788528347923885,0.23264169196383894,0.009305629386678517
1983-02-02,0.3091370050371952,0.2430863662140975,0.2287420355605965,0.2546619074623878,0.2510925042532608,0.2544283951029122,0.25591524931018544,0.23640568880586227,0.025148088054119437
1983-02-03,0.2636020949394536,0.3091370050371952,0.2430863662140975,0.2287420355605965,0.2546619074623878,0.2510925042532608,0.2578214726528434,0.238701893674039,0.025153566097235885
1983-02-06,0.2519264769656737,0.2636020949394536,0.3091370050371952,0.2430863662140975,0.2287420355605965,0.2546619074623878,0.257464055776095,0.24035315964461643,0.02522748202382174
1983-02-08,0.2530940387630517,0.2519264769656737,0.2636020949394536,0.3091370050371952,0.2430863662140975,0.2287420355605965,0.2577499892774937,0.23949138784178983,0.025154466699737105
1983-02-09,0.2552623678153251,0.2530940387630517,0.2519264769656737,0.2636020949394536,0.3091370050371952,0.2430863662140975,0.25783576932791336,0.23963594311194136,0.02514320210783292
1983-02-11,0.2322447209527304,0.2552623678153251,0.2530940387630517,0.2519264769656737,0.2636020949394536,0.3091370050371952,0.25833615295536105,0.23846282149648063,0.02449417413524804
1983-02-12,0.2440871334689929,0.2322447209527304,0.2552623678153251,0.2530940387630517,0.2519264769656737,0.2636020949394536,0.25847911970606036,0.23874081240061826,0.024393041643172776
1983-03-02,0.3126396904293292,0.2440871334689929,0.2322447209527304,0.2552623678153251,0.2530940387630517,0.2519264769656737,0.2589795033335081,0.24148736253349792,0.025610923034449083
1983-03-03,0.2632685058544884,0.3126396904293292,0.2440871334689929,0.2322447209527304,0.2552623678153251,0.2530940387630517,0.25893184774994166,0.24366125140385406,0.025601196469911162
1983-03-05,0.2659372185342096,0.2632685058544884,0.3126396904293292,0.2440871334689929,0.2322447209527304,0.2552623678153251,0.26093338225973245,0.24591297772736873,0.02550975166934135
1983-03-06,0.2512592987957434,0.2659372185342096,0.2632685058544884,0.3126396904293292,0.2440871334689929,0.2322447209527304,0.260671276550117,0.2478311149659183,0.025612940316621743
1983-03-08,0.2509257097107783,0.2512592987957434,0.2659372185342096,0.2632685058544884,0.3126396904293292,0.2440871334689929,0.26005175396375313,0.24955465857157152,0.02581720805861394
1983-03-10,0.2362477899723121,0.2509257097107783,0.2512592987957434,0.2659372185342096,0.2632685058544884,0.3126396904293292,0.26062362096655056,0.24864284840600018,0.025133900696728523
1983-03-11,0.2287420355605965,0.2362477899723121,0.2509257097107783,0.2512592987957434,0.2659372185342096,0.2632685058544884,0.25843146412249396,0.24812022550622143,0.027384968484053723
1983-04-01,0.276612069253094,0.2287420355605965,0.2362477899723121,0.2509257097107783,0.2512592987957434,0.2659372185342096,0.2532846610973175,0.2494657014822475,0.01686314782376854
1983-04-02,0.3093037995796778,0.276612069253094,0.2287420355605965,0.2362477899723121,0.2509257097107783,0.2512592987957434,0.2598611316294874,0.2521566534342996,0.027208796049270418
1983-04-03,0.2519264769656737,0.3093037995796778,0.276612069253094,0.2287420355605965,0.2362477899723121,0.2509257097107783,0.2578595971196965,0.25414150848984224,0.027202660484187326
1983-04-05,0.2654368349067619,0.2519264769656737,0.3093037995796778,0.276612069253094,0.2287420355605965,0.2362477899723121,0.2598849594212706,0.2563932348133569,0.027157087386340206
1983-04-07,0.2542616005604297,0.2654368349067619,0.2519264769656737,0.3093037995796778,0.276612069253094,0.2287420355605965,0.2603615152569351,0.2580167016935206,0.027002495696716675
1983-04-08,0.2529272442205691,0.2542616005604297,0.2654368349067619,0.2519264769656737,0.3093037995796778,0.276612069253094,0.2627442944352575,0.25977916402575313,0.02519544213265101
1983-04-10,0.2392500917369984,0.2529272442205691,0.2542616005604297,0.2654368349067619,0.2519264769656737,0.3093037995796778,0.26424544531760064,0.25871723877194736,0.023053964227456675
1983-04-11,0.2309103646128699,0.2392500917369984,0.2529272442205691,0.2542616005604297,0.2654368349067619,0.2519264769656737,0.2577166303689972,0.25833917114232025,0.025327283856223393
1983-05-01,0.2796143710177803,0.2309103646128699,0.2392500917369984,0.2529272442205691,0.2542616005604297,0.2654368349067619,0.2534752834315833,0.25712713080028027,0.01602695488153027
1983-05-04,0.2614337658871802,0.2796143710177803,0.2309103646128699,0.2392500917369984,0.2529272442205691,0.2542616005604297,0.25483346756322706,0.2574106815225006,0.016274753911230698
1983-05-05,0.2661040130766922,0.2614337658871802,0.2796143710177803,0.2309103646128699,0.2392500917369984,0.2529272442205691,0.25492877873035996,0.25793886424036205,0.016348985171592965
1983-05-07,0.2507589151682957,0.2661040130766922,0.2614337658871802,0.2796143710177803,0.2309103646128699,0.2392500917369984,0.2544283951029122,0.2578165482425415,0.016426228243469197
1983-05-08,0.2500917369983654,0.2507589151682957,0.2661040130766922,0.2614337658871802,0.2796143710177803,0.2309103646128699,0.25402332264259747,0.25778318933404504,0.01650419345447645
1983-05-09,0.2563298528872136,0.2500917369983654,0.2507589151682957,0.2661040130766922,0.2614337658871802,0.2796143710177803,0.2564632885211996,0.25783878751487255,0.015164256798222973
1983-05-10,0.2365813790572772,0.2563298528872136,0.2500917369983654,0.2507589151682957,0.2661040130766922,0.2614337658871802,0.25727343344182924,0.2581000989647619,0.013647174100489849
1983-05-12,0.2417520098742369,0.2365813790572772,0.2563298528872136,0.2500917369983654,0.2507589151682957,0.2661040130766922,0.2518645247070373,0.25805562042009983,0.010444098871750006
1983-06-01,0.2799479601027455,0.2417520098742369,0.2365813790572772,0.2563298528872136,0.2500917369983654,0.2507589151682957,0.2545094095949752,0.2570826522556182,0.014734405665117294
1983-06-04,0.2626013276845582,0.2799479601027455,0.2417520098742369,0.2365813790572772,0.2563298528872136,0.2500917369983654,0.2540090259675275,0.2570492933471217,0.014328921126364158
1983-06-05,0.2644360676518665,0.2626013276845582,0.2799479601027455,0.2417520098742369,0.2365813790572772,0.2563298528872136,0.2559629048937519,0.25746627970332814,0.014738523003480056
1983-06-06,0.2487573806585049,0.2644360676518665,0.2626013276845582,0.2799479601027455,0.2417520098742369,0.2365813790572772,0.2557722825594861,0.2573217244331765,0.014835424782556396
1983-06-07,0.251359375521233,0.2487573806585049,0.2644360676518665,0.2626013276845582,0.2799479601027455,0.2417520098742369,0.255062214364346,0.25719162469004014,0.014922982593073113
1983-06-09,0.2557627514427728,0.251359375521233,0.2487573806585049,0.2644360676518665,0.2626013276845582,0.2799479601027455,0.2578024104194168,0.25797555903970826,0.012533696012806685
1983-06-10,0.2395836808219635,0.2557627514427728,0.251359375521233,0.2487573806585049,0.2644360676518665,0.2626013276845582,0.2574926491262349,0.25782544395147394,0.013014071234128392
1983-06-12,0.2415852153317543,0.2395836808219635,0.2557627514427728,0.251359375521233,0.2487573806585049,0.2644360676518665,0.2520122570160933,0.25545696144822144,0.00961560256067732
1983-07-01,0.2869533308870134,0.2415852153317543,0.2395836808219635,0.2557627514427728,0.251359375521233,0.2487573806585049,0.2554911146164441,0.25624645561597226,0.01622134370634457
1983-07-02,0.303799579677753,0.2869533308870134,0.2415852153317543,0.2395836808219635,0.2557627514427728,0.251359375521233,0.261114473477285,0.25750853432075704,0.02453274141314505
1983-07-03,0.2574306968675985,0.303799579677753,0.2869533308870134,0.2415852153317543,0.2395836808219635,0.2557627514427728,0.26235351865001266,0.25771424758981887,0.02401825085243572
1983-07-04,0.2607665877172499,0.2574306968675985,0.303799579677753,0.2869533308870134,0.2415852153317543,0.2395836808219635,0.2636974061065865,0.2580422768567013,0.023559368894493265
1983-07-06,0.2437535443840278,0.2607665877172499,0.2574306968675985,0.303799579677753,0.2869533308870134,0.2415852153317543,0.2619818050981943,0.2582924686704251,0.024645686046701528
1983-07-07,0.2517596824231911,0.2437535443840278,0.2607665877172499,0.2574306968675985,0.303799579677753,0.2869533308870134,0.2637212338983697,0.25905972356584495,0.023187983875665237
1983-07-09,0.2524268605931214,0.2517596824231911,0.2437535443840278,0.2607665877172499,0.2574306968675985,0.303799579677753,0.2652700403642793,0.25825354994384586,0.02178249877540661
1983-07-10,0.2418520865997264,0.2524268605931214,0.2517596824231911,0.2437535443840278,0.2607665877172499,0.2574306968675985,0.25882700546609544,0.2560051595111808,0.02095435554220339
1983-07-11,0.2295760082730093,0.2418520865997264,0.2524268605931214,0.2517596824231911,0.2437535443840278,0.2607665877172499,0.24822363812256062,0.255260143888092,0.010650342009747961
1983-07-12,0.2434199552990626,0.2295760082730093,0.2418520865997264,0.2524268605931214,0.2517596824231911,0.2437535443840278,0.24622210361276978,0.2545262479011687,0.009923382863424136
1983-08-02,0.3084698268672649,0.2434199552990626,0.2295760082730093,0.2418520865997264,0.2524268605931214,0.2517596824231911,0.25303685206277193,0.2563331887780632,0.02558968744816863
1983-08-03,0.2552623678153251,0.3084698268672649,0.2434199552990626,0.2295760082730093,0.2418520865997264,0.2524268605931214,0.2546809696958144,0.2564110262312217,0.025261445859706962
1983-08-04,0.2577642859525637,0.2552623678153251,0.3084698268672649,0.2434199552990626,0.2295760082730093,0.2418520865997264,0.2555387702000105,0.2570281660384072,0.02524766012066727
1983-08-06,0.245588284351336,0.2577642859525637,0.2552623678153251,0.3084698268672649,0.2434199552990626,0.2295760082730093,0.25456183073689825,0.2575174300296894,0.02551899084222541
1983-08-07,0.2609333822597325,0.245588284351336,0.2577642859525637,0.2552623678153251,0.3084698268672649,0.2434199552990626,0.25728773011689915,0.2568947304044212,0.02494780799455825
1983-08-08,0.2492577642859526,0.2609333822597325,0.245588284351336,0.2577642859525637,0.2552623678153251,0.3084698268672649,0.26009940954731964,0.2564888636843803,0.02226941391818608
1983-08-09,0.2529272442205691,0.2492577642859526,0.2609333822597325,0.245588284351336,0.2577642859525637,0.2552623678153251,0.26145759367896343,0.25604963805584285,0.02135370338709195
1983-08-11,0.2317443373252827,0.2529272442205691,0.2492577642859526,0.2609333822597325,0.245588284351336,0.2577642859525637,0.25049680945868025,0.25541581879440906,0.009726594888811734
1983-08-12,0.2442539280114755,0.2317443373252827,0.2529272442205691,0.2492577642859526,0.2609333822597325,0.245588284351336,0.24892417520098745,0.25522122516151274,0.009717601397638526
1983-09-02,0.3051339360176135,0.2442539280114755,0.2317443373252827,0.2529272442205691,0.2492577642859526,0.2609333822597325,0.25569126806742315,0.25684802793252604,0.023549329408222415
1983-09-03,0.2609333822597325,0.3051339360176135,0.2442539280114755,0.2317443373252827,0.2529272442205691,0.2492577642859526,0.2578834249114798,0.2576597613726079,0.023163175204394714
1983-09-05,0.2662708076191747,0.2609333822597325,0.3051339360176135,0.2442539280114755,0.2317443373252827,0.2529272442205691,0.25864591424854294,0.25847705463077253,0.0233672574779047
1983-09-06,0.2487573806585049,0.2662708076191747,0.2609333822597325,0.3051339360176135,0.2442539280114755,0.2317443373252827,0.25857443087319326,0.25743736864929784,0.023401503868920915
1983-09-08,0.2522600660506389,0.2487573806585049,0.2662708076191747,0.2609333822597325,0.3051339360176135,0.2442539280114755,0.2584791197060604,0.25709265992816716,0.02342967917142485
1983-09-09,0.2534276278480168,0.2522600660506389,0.2487573806585049,0.2662708076191747,0.2609333822597325,0.3051339360176135,0.26157673263787956,0.2567257119347055,0.020564134378297877
1983-09-11,0.2322447209527304,0.2534276278480168,0.2522600660506389,0.2487573806585049,0.2662708076191747,0.2609333822597325,0.2598611316294874,0.25617528994451305,0.022645772519410495
1983-09-12,0.2360809954298295,0.2322447209527304,0.2534276278480168,0.2522600660506389,0.2487573806585049,0.2662708076191747,0.24999642583123255,0.25566601060813293,0.012326578297261505
1983-10-01,0.2929579344163859,0.2360809954298295,0.2322447209527304,0.2534276278480168,0.2522600660506389,0.2487573806585049,0.25457136185361157,0.2569058500405867,0.020376584281320012
1983-10-02,0.3076358541548521,0.2929579344163859,0.2360809954298295,0.2322447209527304,0.2534276278480168,0.2522600660506389,0.2604806542158512,0.25917425581834963,0.028652388731868365
1983-10-03,0.2667711912466224,0.3076358541548521,0.2929579344163859,0.2360809954298295,0.2322447209527304,0.2534276278480168,0.26305405572843943,0.26001378834884525,0.028229816465552865
1983-10-05,0.2727757947759949,0.2667711912466224,0.3076358541548521,0.2929579344163859,0.2360809954298295,0.2322447209527304,0.265984874117776,0.2595412038118113,0.027986334010245712
1983-10-06,0.2510925042532608,0.2727757947759949,0.2667711912466224,0.3076358541548521,0.2929579344163859,0.2360809954298295,0.2656512850328109,0.25778430129766156,0.02817424539822701
1983-10-08,0.24909096974347,0.2510925042532608,0.2727757947759949,0.2667711912466224,0.3076358541548521,0.2929579344163859,0.2680578920029165,0.25750631039352395,0.025431056609465544
1983-10-10,0.2442539280114755,0.24909096974347,0.2510925042532608,0.2727757947759949,0.2667711912466224,0.3076358541548521,0.2692254538002945,0.25695588840333144,0.023857200957111805
1983-10-11,0.2314441071488141,0.2442539280114755,0.24909096974347,0.2510925042532608,0.2727757947759949,0.2667711912466224,0.2604377641906414,0.2565455738288243,0.024962075644615198
1983-11-01,0.2999633052006539,0.2314441071488141,0.2442539280114755,0.24909096974347,0.2510925042532608,0.2727757947759949,0.2593416857686131,0.2581523612547397,0.02260099667211874
1983-11-02,0.3133068685992595,0.2999633052006539,0.2314441071488141,0.2442539280114755,0.24909096974347,0.2510925042532608,0.26598963967613265,0.26018169485494436,0.03058460035061378
1983-11-03,0.257263902325116,0.3133068685992595,0.2999633052006539,0.2314441071488141,0.2442539280114755,0.24909096974347,0.2637736550402928,0.26069542204579066,0.030572915975789643
1983-11-04,0.2614337658871802,0.257263902325116,0.3133068685992595,0.2999633052006539,0.2314441071488141,0.2442539280114755,0.26525097813085274,0.2617573472995964,0.030104277821555184
1983-11-05,0.2722754111485472,0.2614337658871802,0.257263902325116,0.3133068685992595,0.2999633052006539,0.2314441071488141,0.26856304118872093,0.26271919582791253,0.029294520861954818
1983-11-07,0.2639356840244187,0.2722754111485472,0.2614337658871802,0.257263902325116,0.3133068685992595,0.2999633052006539,0.27137472061914136,0.26123472439981765,0.02745952893961951
1983-11-08,0.251426093338226,0.2639356840244187,0.2722754111485472,0.2614337658871802,0.257263902325116,0.3133068685992595,0.27422929007477165,0.26110684858391436,0.023347406166966782
1983-11-10,0.2429195716716149,0.251426093338226,0.2639356840244187,0.2722754111485472,0.2614337658871802,0.257263902325116,0.26608018528490895,0.2606120247745494,0.02281743419041872
1983-11-11,0.2315775427828001,0.2429195716716149,0.251426093338226,0.2639356840244187,0.2722754111485472,0.2614337658871802,0.254404567311129,0.2601450000555982,0.013721298258979477
1983-12-01,0.2972945925209327,0.2315775427828001,0.2429195716716149,0.251426093338226,0.2639356840244187,0.2722754111485472,0.2601232373391028,0.2613570403976382,0.021338932779564945
1983-12-04,0.2654368349067619,0.2972945925209327,0.2315775427828001,0.2429195716716149,0.251426093338226,0.2639356840244187,0.26069510434190024,0.2618963427516652,0.02143333822179146
1983-12-05,0.2701070820962739,0.2654368349067619,0.2972945925209327,0.2315775427828001,0.2429195716716149,0.251426093338226,0.2603853430487183,0.26246900401418866,0.021252992256306374
1983-12-07,0.2629349167695233,0.2701070820962739,0.2654368349067619,0.2972945925209327,0.2315775427828001,0.2429195716716149,0.26024237629801894,0.26350868999566335,0.021228480899297977
1983-12-08,0.2518931180571772,0.2629349167695233,0.2701070820962739,0.2654368349067619,0.2972945925209327,0.2315775427828001,0.260309094115012,0.2637633296638534,0.021196865007301408
1983-12-09,0.2540948060179471,0.2518931180571772,0.2629349167695233,0.2701070820962739,0.2654368349067619,0.2972945925209327,0.261905556164488,0.2620620253305312,0.020059177305506815
1983-12-10,0.2400840644494112,0.2540948060179471,0.2518931180571772,0.2629349167695233,0.2701070820962739,0.2654368349067619,0.26312077354543245,0.2613670480701871,0.01807519200936857
1983-12-12,0.2377489408546552,0.2400840644494112,0.2540948060179471,0.2518931180571772,0.2629349167695233,0.2701070820962739,0.2546142518788214,0.2604163191780365,0.012447416142316682
1984-01-02,0.2290089068285686,0.2377489408546552,0.2400840644494112,0.2540948060179471,0.2518931180571772,0.2629349167695233,0.2494102621533652,0.2597580367170386,0.014597738637812194
1984-01-03,0.2387497081095507,0.2290089068285686,0.2377489408546552,0.2400840644494112,0.2540948060179471,0.2518931180571772,0.24493063729811904,0.2593076914523357,0.011714546689856302
1984-01-05,0.2279080628481836,0.2387497081095507,0.2290089068285686,0.2377489408546552,0.2400840644494112,0.2540948060179471,0.23992680102364194,0.2584570392856746,0.010113760793094779
1984-01-06,0.239416886279481,0.2279080628481836,0.2387497081095507,0.2290089068285686,0.2377489408546552,0.2400840644494112,0.23814448219825676,0.25869611146323296,0.008646382588609046
1984-01-08,0.2028888814757981,0.239416886279481,0.2279080628481836,0.2387497081095507,0.2290089068285686,0.2377489408546552,0.2308293501208069,0.2575897076647652,0.01330742926830873
1984-01-10,0.2071588217633519,0.2028888814757981,0.239416886279481,0.2279080628481836,0.2387497081095507,0.2290089068285686,0.22612574402279845,0.2547297372429974,0.015178399375025495
1984-01-11,0.1994195549921606,0.2071588217633519,0.2028888814757981,0.239416886279481,0.2279080628481836,0.2387497081095507,0.2206501174710135,0.2511225272709077,0.017080921474617938
1984-02-02,0.232411515495213,0.1994195549921606,0.2071588217633519,0.2028888814757981,0.239416886279481,0.2279080628481836,0.22113620442339127,0.24997720474586071,0.017403804329394736
1984-02-03,0.2429195716716149,0.232411515495213,0.1994195549921606,0.2071588217633519,0.2028888814757981,0.239416886279481,0.22173189921797185,0.24898199730904805,0.018162002649147097
1984-02-04,0.2350468692664376,0.2429195716716149,0.232411515495213,0.1994195549921606,0.2071588217633519,0.2028888814757981,0.22275172870629387,0.2484471428094873,0.018757279059400726
1984-02-05,0.2284751642926243,0.2350468692664376,0.2429195716716149,0.232411515495213,0.1994195549921606,0.2071588217633519,0.22118862556531435,0.24775994929445908,0.017554393107518322
1984-02-07,0.2235714047436368,0.2284751642926243,0.2350468692664376,0.2429195716716149,0.232411515495213,0.1994195549921606,0.22414327174643417,0.2470705318521978,0.015591812855477323
1984-02-08,0.2062247723254495,0.2235714047436368,0.2284751642926243,0.2350468692664376,0.2429195716716149,0.232411515495213,0.2240098361124481,0.24622988735808565,0.015764433669468593
1984-02-10,0.2070587450378623,0.2062247723254495,0.2235714047436368,0.2284751642926243,0.2350468692664376,0.2429195716716149,0.2251011489761198,0.2431330686859926,0.013936911603087722
1984-02-11,0.2056243119725123,0.2070587450378623,0.2062247723254495,0.2235714047436368,0.2284751642926243,0.2350468692664376,0.22127440561573394,0.23954365013176768,0.015214154582665609
1984-03-01,0.2322447209527304,0.2056243119725123,0.2070587450378623,0.2062247723254495,0.2235714047436368,0.2284751642926243,0.21974942694160762,0.23870967741935484,0.01306636064672788
1984-03-02,0.2323114387697235,0.2322447209527304,0.2056243119725123,0.2070587450378623,0.2062247723254495,0.2235714047436368,0.21935865115636272,0.2377389331821063,0.01256385120620556
1984-03-04,0.2305100577109117,0.2323114387697235,0.2322447209527304,0.2056243119725123,0.2070587450378623,0.2062247723254495,0.2196493502161181,0.23634675473418512,0.012830651175783778
1984-03-05,0.2292424191880442,0.2305100577109117,0.2323114387697235,0.2322447209527304,0.2056243119725123,0.2070587450378623,0.2204594951367477,0.2351903125729726,0.013290371042000074
1984-03-07,0.2224705607632519,0.2292424191880442,0.2305100577109117,0.2323114387697235,0.2322447209527304,0.2056243119725123,0.22278032205643375,0.23422512815380683,0.011715496595719297
1984-03-08,0.2097274577175835,0.2224705607632519,0.2292424191880442,0.2305100577109117,0.2323114387697235,0.2322447209527304,0.22316156672496534,0.2331187243553391,0.011148310887921054
1984-03-09,0.2065583614104146,0.2097274577175835,0.2224705607632519,0.2292424191880442,0.2305100577109117,0.2323114387697235,0.22329500235895142,0.23228475164292622,0.010906385751080301
1984-03-10,0.2092270740901358,0.2065583614104146,0.2097274577175835,0.2224705607632519,0.2292424191880442,0.2305100577109117,0.22000676709286646,0.229349167695233,0.011223615026815919
1984-03-12,0.1965506888614605,0.2092270740901358,0.2065583614104146,0.2097274577175835,0.2224705607632519,0.2292424191880442,0.21489808853454315,0.2270529628270563,0.01272733076400053
1984-04-01,0.2262401174233579,0.1965506888614605,0.2092270740901358,0.2065583614104146,0.2097274577175835,0.2224705607632519,0.2142880970648926,0.22559073067129243,0.011931841858776748
1984-04-04,0.2310771591553524,0.2262401174233579,0.1965506888614605,0.2092270740901358,0.2065583614104146,0.2097274577175835,0.21455020277450806,0.22452880541748677,0.012328645916120078
1984-04-05,0.2280414984821697,0.2310771591553524,0.2262401174233579,0.1965506888614605,0.2092270740901358,0.2065583614104146,0.21534605102006776,0.22373375143165317,0.013081936840177636
1984-04-06,0.2375821463121727,0.2280414984821697,0.2310771591553524,0.2262401174233579,0.1965506888614605,0.2092270740901358,0.2193252922478662,0.22318332944146071,0.015159470344970227
1984-04-07,0.2229042265737065,0.2375821463121727,0.2280414984821697,0.2310771591553524,0.2262401174233579,0.1965506888614605,0.22166041584262222,0.22261066817893718,0.014086056221911522
1984-04-09,0.2043566734496447,0.2229042265737065,0.2375821463121727,0.2280414984821697,0.2310771591553524,0.2262401174233579,0.22096464432255206,0.22149759259877017,0.01489935517023319
1984-04-10,0.2077259232077926,0.2043566734496447,0.2229042265737065,0.2375821463121727,0.2280414984821697,0.2310771591553524,0.22256110637202808,0.22078815981141098,0.012201956024225767
1984-04-12,0.1982186342862861,0.2077259232077926,0.2043566734496447,0.2229042265737065,0.2375821463121727,0.2280414984821697,0.21855803735244642,0.21943712401730217,0.015056423207407613
1984-05-01,0.2270740901357708,0.1982186342862861,0.2077259232077926,0.2043566734496447,0.2229042265737065,0.2375821463121727,0.21798617034964904,0.2194093249268884,0.0145698364210305
1984-05-03,0.2474897421356374,0.2270740901357708,0.1982186342862861,0.2077259232077926,0.2043566734496447,0.2229042265737065,0.22076449087157296,0.2196784201220936,0.018207134452525517
1984-05-04,0.2310438002468559,0.2474897421356374,0.2270740901357708,0.1982186342862861,0.2077259232077926,0.2043566734496447,0.21983044143367056,0.2206169174144622,0.017348016207821216
1984-05-06,0.239416886279481,0.2310438002468559,0.2474897421356374,0.2270740901357708,0.1982186342862861,0.2077259232077926,0.2221893928202098,0.2216921862316665,0.018889812524142346
1984-05-07,0.2201020782599994,0.239416886279481,0.2310438002468559,0.2474897421356374,0.2270740901357708,0.1982186342862861,0.22443873636454617,0.22238160367392779,0.01728141718939883
1984-05-09,0.2023884978483504,0.2201020782599994,0.239416886279481,0.2310438002468559,0.2474897421356374,0.2270740901357708,0.22367624702748298,0.22138083641903236,0.018233254625952513
1984-05-10,0.2060913366914635,0.2023884978483504,0.2201020782599994,0.239416886279481,0.2310438002468559,0.2474897421356374,0.2248009187996512,0.22015322858636066,0.016568012677084694
1984-05-11,0.2051906461620576,0.2060913366914635,0.2023884978483504,0.2201020782599994,0.239416886279481,0.2310438002468559,0.22167471251769214,0.219158021149548,0.018064595158228152
1984-05-12,0.1968175601294325,0.2051906461620576,0.2060913366914635,0.2023884978483504,0.2201020782599994,0.239416886279481,0.21443582937394862,0.2181027676774416,0.016034493318470035
1984-06-01,0.2270740901357708,0.1968175601294325,0.2051906461620576,0.2060913366914635,0.2023884978483504,0.2201020782599994,0.2138687279295079,0.2182195238571794,0.015407138854606903
1984-06-02,0.2307769289788838,0.2270740901357708,0.1968175601294325,0.2051906461620576,0.2060913366914635,0.2023884978483504,0.21263444831513684,0.21903792907896055,0.013208547173430715
1984-06-03,0.2452546952663709,0.2307769289788838,0.2270740901357708,0.1968175601294325,0.2051906461620576,0.2060913366914635,0.21622767931604706,0.22031112741991082,0.018095718469577613
1984-06-04,0.2304099809854222,0.2452546952663709,0.2307769289788838,0.2270740901357708,0.1968175601294325,0.2051906461620576,0.22023074833562875,0.22113731638700784,0.017617098547991636
1984-06-06,0.2380158121226274,0.2304099809854222,0.2452546952663709,0.2307769289788838,0.2270740901357708,0.1968175601294325,0.2247913876829379,0.22132968609267104,0.017478379410807446
1984-06-07,0.2123961703973046,0.2380158121226274,0.2304099809854222,0.2452546952663709,0.2307769289788838,0.2270740901357708,0.2258207482879732,0.22066584381359045,0.016304384592148554
1984-06-08,0.2097274577175835,0.2123961703973046,0.2380158121226274,0.2304099809854222,0.2452546952663709,0.2307769289788838,0.22766501937199474,0.21997309048047947,0.012838727018776294
1984-06-09,0.2038896487306935,0.2097274577175835,0.2123961703973046,0.2380158121226274,0.2304099809854222,0.2452546952663709,0.22435295631412652,0.21912799813190115,0.01569038021979212
1984-06-11,0.2076258464823031,0.2038896487306935,0.2097274577175835,0.2123961703973046,0.2380158121226274,0.2304099809854222,0.22104565881461502,0.21863317432253618,0.016528205437605942
1984-06-12,0.1973846615738733,0.2076258464823031,0.2038896487306935,0.2097274577175835,0.2123961703973046,0.2380158121226274,0.2142070825728297,0.21822174778441247,0.014637235163144342
1984-07-02,0.230076391900457,0.1973846615738733,0.2076258464823031,0.2038896487306935,0.2097274577175835,0.2123961703973046,0.2141594269892632,0.2190056821340806,0.014576105352663913
1984-07-03,0.2427527771291324,0.230076391900457,0.1973846615738733,0.2076258464823031,0.2038896487306935,0.2097274577175835,0.21483613627590678,0.2201232055687138,0.015916574672811473
1984-07-06,0.238382760116089,0.2427527771291324,0.230076391900457,0.1973846615738733,0.2076258464823031,0.2038896487306935,0.2185485062357331,0.2215176079438681,0.018129360724356714
1984-07-08,0.204890415985589,0.238382760116089,0.2427527771291324,0.230076391900457,0.1973846615738733,0.2076258464823031,0.2178575002740196,0.2208059512292758,0.018607491454119347
1984-07-09,0.2033892651032458,0.204890415985589,0.238382760116089,0.2427527771291324,0.230076391900457,0.1973846615738733,0.21778601689866997,0.21988302142753888,0.018670947183617056
1984-07-11,0.2086266137371985,0.2033892651032458,0.204890415985589,0.238382760116089,0.2427527771291324,0.230076391900457,0.21792898364936927,0.21923585860270653,0.01858381078314593
1984-07-12,0.1948827434366347,0.2086266137371985,0.2033892651032458,0.204890415985589,0.238382760116089,0.2427527771291324,0.21757156677262093,0.21781254517352192,0.01906267701547312
1984-08-02,0.2344130500050039,0.1948827434366347,0.2086266137371985,0.2033892651032458,0.204890415985589,0.238382760116089,0.21819108935898474,0.21819617262123184,0.01959971164040116
1984-08-03,0.2417520098742369,0.2344130500050039,0.1948827434366347,0.2086266137371985,0.2033892651032458,0.204890415985589,0.21804812260828538,0.21944268383538493,0.019393252998944545
1984-08-05,0.2245721719985322,0.2417520098742369,0.2344130500050039,0.1948827434366347,0.2086266137371985,0.2033892651032458,0.2160751814486344,0.22000422546174292,0.017599279490095147
1984-08-06,0.2342462554625213,0.2245721719985322,0.2417520098742369,0.2344130500050039,0.1948827434366347,0.2086266137371985,0.2202688728024819,0.2212051461676174,0.017983267470894612
1984-08-08,0.2065583614104146,0.2342462554625213,0.2245721719985322,0.2417520098742369,0.2344130500050039,0.1948827434366347,0.22072160084636314,0.22052128854343886,0.01752146151323334
1984-08-10,0.2046235447176169,0.2065583614104146,0.2342462554625213,0.2245721719985322,0.2417520098742369,0.2344130500050039,0.2201497338435658,0.21909241529617152,0.018039674591621122
1984-08-11,0.2082930246522334,0.2046235447176169,0.2065583614104146,0.2342462554625213,0.2245721719985322,0.2417520098742369,0.22206548830293701,0.2183340561096841,0.015432914494747773
1984-09-01,0.2204023084364679,0.2082930246522334,0.2046235447176169,0.2065583614104146,0.2342462554625213,0.2245721719985322,0.22006395379314617,0.21770023684825032,0.014441318056984101
1984-09-02,0.2322447209527304,0.2204023084364679,0.2082930246522334,0.2046235447176169,0.2065583614104146,0.2342462554625213,0.2187057696615024,0.2181049916046747,0.012358510336398183
1984-09-03,0.2435200320245522,0.2322447209527304,0.2204023084364679,0.2082930246522334,0.2046235447176169,0.2065583614104146,0.22141260680807667,0.21947604274388144,0.015526540907346524
1984-09-04,0.2318444140507722,0.2435200320245522,0.2322447209527304,0.2204023084364679,0.2082930246522334,0.2046235447176169,0.22106948660639822,0.22033447865585837,0.015219158866039289
1984-09-05,0.2253060679854555,0.2318444140507722,0.2435200320245522,0.2322447209527304,0.2204023084364679,0.2082930246522334,0.22374773040283263,0.22100499271663832,0.013825711060884396
1984-09-07,0.2025552923908329,0.2253060679854555,0.2318444140507722,0.2435200320245522,0.2322447209527304,0.2204023084364679,0.22345226578472066,0.221196250458685,0.014315932694148343
1984-09-08,0.206391566867932,0.2025552923908329,0.2253060679854555,0.2318444140507722,0.2435200320245522,0.2322447209527304,0.22318062895839189,0.2205068330164237,0.014665287378016182
1984-09-10,0.2042232378156587,0.206391566867932,0.2025552923908329,0.2253060679854555,0.2318444140507722,0.2435200320245522,0.22086933315541915,0.21962170997764954,0.016353862536991785
1984-09-11,0.2080928712012543,0.2042232378156587,0.206391566867932,0.2025552923908329,0.2253060679854555,0.2318444140507722,0.21741906890520823,0.2183829825088123,0.01609969558731846
1984-10-01,0.2244053774560496,0.2080928712012543,0.2042232378156587,0.206391566867932,0.2025552923908329,0.2253060679854555,0.21468840396685077,0.2181828290578332,0.012045425842735791
1984-10-02,0.2286753177436034,0.2244053774560496,0.2080928712012543,0.2042232378156587,0.206391566867932,0.2025552923908329,0.2142356759229695,0.21787147924519912,0.011331549163168014
1984-10-04,0.2311438769723455,0.2286753177436034,0.2244053774560496,0.2080928712012543,0.2042232378156587,0.206391566867932,0.21506964863538233,0.21849640279770044,0.012442461891559032
1984-10-05,0.2247389665410148,0.2311438769723455,0.2286753177436034,0.2244053774560496,0.2080928712012543,0.2042232378156587,0.2182387449425512,0.2189967864251482,0.011514292164185449
1984-10-07,0.206391566867932,0.2247389665410148,0.2311438769723455,0.2286753177436034,0.2244053774560496,0.2080928712012543,0.2182387449425512,0.21908018369638943,0.011514292164185449
1984-10-08,0.2080595122927578,0.206391566867932,0.2247389665410148,0.2311438769723455,0.2286753177436034,0.2244053774560496,0.21878678415356534,0.21909463922340458,0.010805503634185084
1984-10-09,0.2025219334823365,0.2080595122927578,0.206391566867932,0.2247389665410148,0.2311438769723455,0.2286753177436034,0.21799093590800567,0.21926588162035338,0.011876485344623636
1984-10-10,0.2020549087633852,0.2025219334823365,0.2080595122927578,0.206391566867932,0.2247389665410148,0.2311438769723455,0.21479801180905359,0.21833183218245097,0.012830653240810053
1984-10-12,0.194382359809187,0.2020549087633852,0.2025219334823365,0.2080595122927578,0.206391566867932,0.2247389665410148,0.20989901781842266,0.2167194849384528,0.013190730376873969
1984-11-01,0.2220702538612937,0.194382359809187,0.2020549087633852,0.2025219334823365,0.2080595122927578,0.206391566867932,0.2086027859454153,0.21617573472995963,0.01102274643720403
1984-11-04,0.2332454882076258,0.2220702538612937,0.194382359809187,0.2020549087633852,0.2025219334823365,0.2080595122927578,0.2098180033263597,0.21712090380402752,0.013326382427993994
1984-11-05,0.2252393501684625,0.2332454882076258,0.2220702538612937,0.194382359809187,0.2020549087633852,0.2025219334823365,0.21251054379786405,0.21784923997286806,0.014381028382263876
1984-11-06,0.2319111318677653,0.2252393501684625,0.2332454882076258,0.2220702538612937,0.194382359809187,0.2020549087633852,0.21591791802286514,0.2186253905772203,0.015896454563953555
1984-11-07,0.2030556760182807,0.2319111318677653,0.2252393501684625,0.2332454882076258,0.2220702538612937,0.194382359809187,0.21599416695657145,0.21889782166327518,0.01582259869352595
1984-11-09,0.2037562130967075,0.2030556760182807,0.2319111318677653,0.2252393501684625,0.2332454882076258,0.2220702538612937,0.21623721043276037,0.2178759270996653,0.015584067084038316
1984-11-10,0.2022884211228608,0.2037562130967075,0.2030556760182807,0.2319111318677653,0.2252393501684625,0.2332454882076258,0.2173666477632852,0.21656047414128607,0.01393546858395889
1984-11-12,0.1947159488941522,0.2022884211228608,0.2037562130967075,0.2030556760182807,0.2319111318677653,0.2252393501684625,0.21345888991083642,0.2155652667044734,0.016068706423917528
1984-12-01,0.2225706374887414,0.1947159488941522,0.2022884211228608,0.2037562130967075,0.2030556760182807,0.2319111318677653,0.21193391123671004,0.21517607943868075,0.014285514276692111
1984-12-03,0.2407512426193415,0.2225706374887414,0.1947159488941522,0.2022884211228608,0.2037562130967075,0.2030556760182807,0.21414989587254993,0.21631584214564498,0.01752847814464278
1984-12-04,0.2315108249658071,0.2407512426193415,0.2225706374887414,0.1947159488941522,0.2022884211228608,0.2037562130967075,0.2140927091722702,0.21721208482058466,0.017461399042248707
1984-12-06,0.2269072955932882,0.2315108249658071,0.2407512426193415,0.2225706374887414,0.1947159488941522,0.2022884211228608,0.21750008339727125,0.21783256051861982,0.01727487997841065
1984-12-07,0.2043233145411482,0.2269072955932882,0.2315108249658071,0.2407512426193415,0.2225706374887414,0.1947159488941522,0.2175810978893342,0.21729659405544247,0.017200853626222867
1984-12-09,0.2025552923908329,0.2043233145411482,0.2269072955932882,0.2315108249658071,0.2407512426193415,0.2225706374887414,0.21761922235618733,0.21630694643671255,0.01716156017914559
1984-12-10,0.202822163658805,0.2025552923908329,0.2043233145411482,0.2269072955932882,0.2315108249658071,0.2407512426193415,0.21877725303685205,0.214950350824521,0.015556995490293712
1984-12-11,0.2073923341228275,0.202822163658805,0.2025552923908329,0.2043233145411482,0.2269072955932882,0.2315108249658071,0.21660892398457862,0.2141352814935895,0.015991850575822683
1984-12-12,0.193214798011809,0.2073923341228275,0.202822163658805,0.2025552923908329,0.2043233145411482,0.2269072955932882,0.2098180033263597,0.21306557249446798,0.01400031586727247
1985-01-02,0.1792707742602662,0.193214798011809,0.2073923341228275,0.202822163658805,0.2025552923908329,0.2043233145411482,0.20235513893985385,0.21228942189011574,0.01442652271152115
1985-01-03,0.1683624111819061,0.1792707742602662,0.193214798011809,0.2073923341228275,0.202822163658805,0.2025552923908329,0.19399158402394212,0.2110217833672482,0.0147862612670626
1985-01-04,0.1909463922340461,0.1683624111819061,0.1792707742602662,0.193214798011809,0.2073923341228275,0.202822163658805,0.19208059512292755,0.21057922184786113,0.014075786070681065
1985-01-05,0.1852086599726457,0.1909463922340461,0.1683624111819061,0.1792707742602662,0.193214798011809,0.2073923341228275,0.18960250477747223,0.20981641480690752,0.013436791584918359
1985-01-07,0.1861427094105481,0.1852086599726457,0.1909463922340461,0.1683624111819061,0.1792707742602662,0.193214798011809,0.18721972559914982,0.20854099253872413,0.012115771782631362
1985-01-08,0.1916135704039764,0.1861427094105481,0.1852086599726457,0.1909463922340461,0.1683624111819061,0.1792707742602662,0.18496561649645682,0.20730560096073655,0.008732661277490209
1985-01-10,0.1917136471294659,0.1916135704039764,0.1861427094105481,0.1852086599726457,0.1909463922340461,0.1683624111819061,0.18475116637040778,0.20599125996597392,0.00851196449788104
1985-01-11,0.1925476198418788,0.1917136471294659,0.1916135704039764,0.1861427094105481,0.1852086599726457,0.1909463922340461,0.18664785859635244,0.2049182150760027,0.008566301583640959
1985-02-01,0.1805384127831337,0.1925476198418788,0.1917136471294659,0.1916135704039764,0.1861427094105481,0.1852086599726457,0.1883872873965278,0.2040564432731761,0.004510683430726229
1985-02-04,0.1893785235347099,0.1805384127831337,0.1925476198418788,0.1917136471294659,0.1916135704039764,0.1861427094105481,0.1881633061537655,0.20343374364790784,0.004399999022837582
1985-02-05,0.1857090436000934,0.1893785235347099,0.1805384127831337,0.1925476198418788,0.1917136471294659,0.1916135704039764,0.18823478952911518,0.20287331398516642,0.004347751333005801
1985-02-07,0.182373152750442,0.1857090436000934,0.1893785235347099,0.1805384127831337,0.1925476198418788,0.1917136471294659,0.1876962814348143,0.20221725545140162,0.004854030964932054
1985-02-08,0.1905460853320879,0.182373152750442,0.1857090436000934,0.1893785235347099,0.1805384127831337,0.1925476198418788,0.18754378356740165,0.2020893796354983,0.004725518310886697
1985-02-09,0.1999866564366014,0.1905460853320879,0.182373152750442,0.1857090436000934,0.1893785235347099,0.1805384127831337,0.1887256420398496,0.2013532597213419,0.006603571468149144
1985-02-10,0.1935150281882777,0.1999866564366014,0.1905460853320879,0.182373152750442,0.1857090436000934,0.1893785235347099,0.1888638432321923,0.20002891105403028,0.0067062153407904425
1985-02-12,0.1912132635020182,0.1935150281882777,0.1999866564366014,0.1905460853320879,0.182373152750442,0.1857090436000934,0.19038882190631864,0.19889470816514884,0.005623877798113855
1985-03-01,0.1784034426393568,0.1912132635020182,0.1935150281882777,0.1999866564366014,0.1905460853320879,0.182373152750442,0.1888209532069825,0.19711111852420188,0.007247863323001134
1985-03-04,0.1910464689595356,0.1784034426393568,0.1912132635020182,0.1935150281882777,0.1999866564366014,0.1905460853320879,0.18958344254404566,0.1967108116222437,0.007145958595981666
1985-03-05,0.1853754545151282,0.1910464689595356,0.1784034426393568,0.1912132635020182,0.1935150281882777,0.1999866564366014,0.1900123427961437,0.19609811966952437,0.006718377059639338
1985-03-06,0.1889448577242553,0.1853754545151282,0.1910464689595356,0.1784034426393568,0.1912132635020182,0.1935150281882777,0.18978359599502473,0.1956533342229042,0.0067244319398717
1985-03-07,0.1837742269072956,0.1889448577242553,0.1853754545151282,0.1910464689595356,0.1784034426393568,0.1912132635020182,0.18746753463369537,0.19528861015667565,0.005256250284752541
1985-03-09,0.195683357240551,0.1837742269072956,0.1889448577242553,0.1853754545151282,0.1910464689595356,0.1784034426393568,0.18777729592687725,0.19439236748173597,0.005715839115112476
1985-03-10,0.1934816692797811,0.195683357240551,0.1837742269072956,0.1889448577242553,0.1853754545151282,0.1910464689595356,0.18810135389512908,0.19281671503708397,0.006000330656770625
1985-03-12,0.1919471594889416,0.1934816692797811,0.195683357240551,0.1837742269072956,0.1889448577242553,0.1853754545151282,0.1900361705879269,0.19149792618785513,0.004292628107988654
1985-04-01,0.1789705440837976,0.1919471594889416,0.1934816692797811,0.195683357240551,0.1837742269072956,0.1889448577242553,0.1883110384628215,0.18990003447087211,0.005932323288935377
1985-04-02,0.17770290556093,0.1789705440837976,0.1919471594889416,0.1934816692797811,0.195683357240551,0.1837742269072956,0.18721496004079316,0.18901268750486483,0.0071491243382930825
1985-04-03,0.1692964606198085,0.17770290556093,0.1789705440837976,0.1919471594889416,0.1934816692797811,0.195683357240551,0.18440804616872936,0.18790405977916402,0.009743276228032964
1985-04-04,0.1880441671948494,0.1692964606198085,0.17770290556093,0.1789705440837976,0.1919471594889416,0.1934816692797811,0.18501803763837987,0.18741145989703217,0.009830256117752153
1985-04-06,0.1873102712079261,0.1880441671948494,0.1692964606198085,0.17770290556093,0.1789705440837976,0.1919471594889416,0.18382188249086204,0.18674205779986877,0.008768251389777182
1985-04-07,0.1839076625412816,0.1873102712079261,0.1880441671948494,0.1692964606198085,0.17770290556093,0.1789705440837976,0.18245416724250493,0.1864318199508512,0.007690846908409168
1985-04-09,0.1942155652667044,0.1839076625412816,0.1873102712079261,0.1880441671948494,0.1692964606198085,0.17770290556093,0.1827782252107568,0.1869299796510658,0.008189151805251744
1985-04-10,0.195549921606565,0.1942155652667044,0.1839076625412816,0.1873102712079261,0.1880441671948494,0.1692964606198085,0.18514670771400926,0.18783622999855443,0.009235105769303838
1985-04-11,0.1937818994562498,0.195549921606565,0.1942155652667044,0.1839076625412816,0.1873102712079261,0.1880441671948494,0.1874437068419121,0.1879307469059612,0.009073275615760828
1985-04-12,0.19301464456083,0.1937818994562498,0.195549921606565,0.1942155652667044,0.1839076625412816,0.1873102712079261,0.19083201883348663,0.18819094639223402,0.004383571165044629
1985-05-02,0.1782366480968742,0.19301464456083,0.1937818994562498,0.195549921606565,0.1942155652667044,0.1839076625412816,0.189430944676633,0.18792741101511157,0.006486195117795582
1985-05-03,0.1687960769923608,0.1782366480968742,0.19301464456083,0.1937818994562498,0.195549921606565,0.1942155652667044,0.18678605978869509,0.18716682790139105,0.010204222643348174
1985-05-06,0.1863428628615271,0.1687960769923608,0.1782366480968742,0.19301464456083,0.1937818994562498,0.195549921606565,0.1871339455487302,0.18698780175912644,0.01013098415602854
1985-05-07,0.1846081996197084,0.1863428628615271,0.1687960769923608,0.1782366480968742,0.19301464456083,0.1937818994562498,0.1857614647420165,0.1867231544183874,0.009651124023765164
1985-05-08,0.1927144143843613,0.1846081996197084,0.1863428628615271,0.1687960769923608,0.1782366480968742,0.19301464456083,0.18535639228170167,0.18712902113842833,0.009221769575174607
1985-05-09,0.1940487707242219,0.1927144143843613,0.1846081996197084,0.1863428628615271,0.1687960769923608,0.1782366480968742,0.1853945167485548,0.18728469604474537,0.009262867645429926
1985-05-11,0.1932815158288021,0.1940487707242219,0.1927144143843613,0.1846081996197084,0.1863428628615271,0.1687960769923608,0.18543264121540795,0.18753711178570234,0.009299933103631421
1985-05-12,0.1920805951229276,0.1932815158288021,0.1940487707242219,0.1927144143843613,0.1846081996197084,0.1863428628615271,0.18741034793341557,0.18786069319811854,0.008981149161340542
1985-06-02,0.1787703906328185,0.1920805951229276,0.1932815158288021,0.1940487707242219,0.1927144143843613,0.1846081996197084,0.18883524988205241,0.18746817004147626,0.005743280161720031
1985-06-03,0.1684624879073956,0.1787703906328185,0.1920805951229276,0.1932815158288021,0.1940487707242219,0.1927144143843613,0.1862809106028908,0.18641736442383602,0.009670199027945619
1985-06-06,0.1867431697634853,0.1684624879073956,0.1787703906328185,0.1920805951229276,0.1932815158288021,0.1940487707242219,0.18658590633771602,0.1861916358096763,0.009642277221961525
1985-06-08,0.1900790606131367,0.1867431697634853,0.1684624879073956,0.1787703906328185,0.1920805951229276,0.1932815158288021,0.1862094272275411,0.18615382904671354,0.00941180482534436
1985-06-09,0.188477833005304,0.1900790606131367,0.1867431697634853,0.1684624879073956,0.1787703906328185,0.1920805951229276,0.18541357898198138,0.1864896420589118,0.008857662951047517
1985-06-11,0.193148080194816,0.188477833005304,0.1900790606131367,0.1867431697634853,0.1684624879073956,0.1787703906328185,0.1853945167485548,0.1865596957667545,0.00883803044547386
1985-06-12,0.1917470060379624,0.193148080194816,0.188477833005304,0.1900790606131367,0.1867431697634853,0.1684624879073956,0.18534686116498836,0.18677208081751565,0.008796772814428444
1985-07-01,0.1757013710511392,0.1917470060379624,0.193148080194816,0.188477833005304,0.1900790606131367,0.1867431697634853,0.18490842979617703,0.1863306312617451,0.00924427058697944
1985-07-02,0.1779697768289021,0.1757013710511392,0.1917470060379624,0.193148080194816,0.188477833005304,0.1900790606131367,0.18626661392782082,0.18613714959246533,0.0068007656867287766
1985-07-03,0.1699302798812423,0.1779697768289021,0.1757013710511392,0.1917470060379624,0.193148080194816,0.188477833005304,0.18386477251607183,0.18527871368048834,0.00916305346669668
1985-07-05,0.185875838142576,0.1699302798812423,0.1779697768289021,0.1757013710511392,0.1917470060379624,0.193148080194816,0.18326431216313457,0.18502518597591483,0.008819225523006397
1985-07-06,0.1864095806785202,0.185875838142576,0.1699302798812423,0.1779697768289021,0.1757013710511392,0.1917470060379624,0.1829688475450226,0.18484060001556746,0.008648441594030406
1985-07-08,0.1909797511425426,0.1864095806785202,0.185875838142576,0.1699302798812423,0.1779697768289021,0.1757013710511392,0.18265908625184069,0.18524090691752565,0.008252872093307792
1985-07-10,0.1940487707242219,0.1909797511425426,0.1864095806785202,0.185875838142576,0.1699302798812423,0.1779697768289021,0.1829879097784492,0.18578576908963537,0.008708589042729155
1985-07-11,0.1922140307569136,0.1940487707242219,0.1909797511425426,0.1864095806785202,0.185875838142576,0.1699302798812423,0.18534686116498839,0.18654968809420552,0.008642069957164584
1985-08-01,0.1782032891883778,0.1922140307569136,0.1940487707242219,0.1909797511425426,0.1864095806785202,0.185875838142576,0.1853802200734849,0.18622165882732314,0.008609236284683004
1985-08-02,0.1767354972145312,0.1782032891883778,0.1922140307569136,0.1940487707242219,0.1909797511425426,0.1864095806785202,0.18635239397824047,0.18586916636087664,0.006759295119680898
1985-08-03,0.1708643293191447,0.1767354972145312,0.1782032891883778,0.1922140307569136,0.1940487707242219,0.1909797511425426,0.18420789271775032,0.18543438858680542,0.008959066775393446
1985-08-05,0.1854421723321213,0.1708643293191447,0.1767354972145312,0.1782032891883778,0.1922140307569136,0.1940487707242219,0.18406969152540759,0.18514194215565266,0.00892684700046858
1985-08-07,0.1830403309203723,0.1854421723321213,0.1708643293191447,0.1767354972145312,0.1782032891883778,0.1922140307569136,0.18293548863652612,0.18472495579944623,0.00839084153715078
1985-08-08,0.1918804416719485,0.1830403309203723,0.1854421723321213,0.1708643293191447,0.1767354972145312,0.1782032891883778,0.1826257273433442,0.18466157387330284,0.007940117671707636
1985-08-10,0.1944490776261801,0.1918804416719485,0.1830403309203723,0.1854421723321213,0.1708643293191447,0.1767354972145312,0.1829450197532394,0.18470938830881453,0.008420364480454896
1985-08-11,0.1915134936784868,0.1944490776261801,0.1918804416719485,0.1830403309203723,0.1854421723321213,0.1708643293191447,0.1848464775375407,0.18515194982820163,0.008670266937661111
1985-09-01,0.1772025219334823,0.1915134936784868,0.1944490776261801,0.1918804416719485,0.1830403309203723,0.1854421723321213,0.1849131953545337,0.1854321646595723,0.008598954095592432
1985-09-04,0.1922807485739067,0.1772025219334823,0.1915134936784868,0.1944490776261801,0.1918804416719485,0.1830403309203723,0.18797268381949972,0.1856300941833183,0.006258846873530649
1985-09-05,0.1869433232144644,0.1922807485739067,0.1772025219334823,0.1915134936784868,0.1944490776261801,0.1918804416719485,0.18818713394554873,0.18570793163647684,0.006182949107415428
1985-09-07,0.1867765286719819,0.1869433232144644,0.1922807485739067,0.1772025219334823,0.1915134936784868,0.1944490776261801,0.18872087648149297,0.18551000211273086,0.005814912097135202
1985-09-08,0.1913133402275078,0.1867765286719819,0.1869433232144644,0.1922807485739067,0.1772025219334823,0.1915134936784868,0.18863986198943,0.18541882109617372,0.0057673114595775685
1985-09-09,0.1897788304366681,0.1913133402275078,0.1867765286719819,0.1869433232144644,0.1922807485739067,0.1772025219334823,0.18797268381949972,0.18530206491643592,0.005228219337836487
1985-09-10,0.1945825132601661,0.1897788304366681,0.1913133402275078,0.1867765286719819,0.1869433232144644,0.1922807485739067,0.18841111518831105,0.1853854621876772,0.005683493951614964
1985-09-12,0.188477833005304,0.1945825132601661,0.1897788304366681,0.1913133402275078,0.1867765286719819,0.1869433232144644,0.19002187391285702,0.18570904360009338,0.002887406674459558
1985-10-01,0.1794042098942522,0.188477833005304,0.1945825132601661,0.1897788304366681,0.1913133402275078,0.1867765286719819,0.18818236838719207,0.18607376766632194,0.004725260385193009
1985-10-04,0.1950495379791173,0.1794042098942522,0.188477833005304,0.1945825132601661,0.1897788304366681,0.1913133402275078,0.18934039906785677,0.18635064660684303,0.0053261001071755664
1985-10-05,0.1865430163125063,0.1950495379791173,0.1794042098942522,0.188477833005304,0.1945825132601661,0.1897788304366681,0.18930704015936026,0.18623277846348868,0.005345530582732789
1985-10-06,0.1848750708876805,0.1865430163125063,0.1950495379791173,0.1794042098942522,0.188477833005304,0.1945825132601661,0.1883872873965278,0.1861126863929012,0.005494598543328425
1985-10-07,0.1867765286719819,0.1848750708876805,0.1865430163125063,0.1950495379791173,0.1794042098942522,0.188477833005304,0.18795838714442975,0.18590030134214006,0.0054850424271599306
1985-10-09,0.1913133402275078,0.1867765286719819,0.1848750708876805,0.1865430163125063,0.1950495379791173,0.1794042098942522,0.18749136242547856,0.18588584581512493,0.004939028604596888
1985-10-10,0.1938819761817393,0.1913133402275078,0.1867765286719819,0.1848750708876805,0.1865430163125063,0.1950495379791173,0.18826338287925506,0.18649186598614492,0.005508459134998148
1985-10-12,0.1882109617373319,0.1938819761817393,0.1913133402275078,0.1867765286719819,0.1848750708876805,0.1865430163125063,0.18952149028540927,0.1868332388164259,0.0039263361745112335
1985-11-01,0.1797044400707209,0.1882109617373319,0.1938819761817393,0.1913133402275078,0.1867765286719819,0.1848750708876805,0.18732933344135266,0.1871590441560752,0.004558380500843617
1985-11-02,0.1769690095740067,0.1797044400707209,0.1882109617373319,0.1938819761817393,0.1913133402275078,0.1867765286719819,0.18596161819299556,0.18686214987045624,0.0060318114712453
1985-11-03,0.1708643293191447,0.1769690095740067,0.1797044400707209,0.1882109617373319,0.1938819761817393,0.1913133402275078,0.18396008368320474,0.18634397482514373,0.008336676608862104
1985-11-04,0.1983854288287687,0.1708643293191447,0.1769690095740067,0.1797044400707209,0.1882109617373319,0.1938819761817393,0.18561849799131716,0.1865908307480179,0.009982542389565884
1985-11-06,0.1868766053974714,0.1983854288287687,0.1708643293191447,0.1769690095740067,0.1797044400707209,0.1882109617373319,0.1849846787298834,0.18635175857045955,0.009697477623193583
1985-11-07,0.1859091970510725,0.1868766053974714,0.1983854288287687,0.1708643293191447,0.1769690095740067,0.1797044400707209,0.18384571028264524,0.18614159744693154,0.008914954868336097
1985-11-09,0.1907128798745705,0.1859091970510725,0.1868766053974714,0.1983854288287687,0.1708643293191447,0.1769690095740067,0.18420312715939363,0.18655858380313795,0.00916575957937972
1985-11-10,0.1939486939987323,0.1907128798745705,0.1859091970510725,0.1868766053974714,0.1983854288287687,0.1708643293191447,0.18623802057768096,0.18713235702927802,0.009572697642546271
1985-11-11,0.1922807485739067,0.1939486939987323,0.1907128798745705,0.1859091970510725,0.1868766053974714,0.1983854288287687,0.18842541186338096,0.18784623767110337,0.008821625635585587
1985-11-12,0.1872101944824365,0.1922807485739067,0.1939486939987323,0.1907128798745705,0.1859091970510725,0.1868766053974714,0.19076053545813693,0.18790517174278057,0.004506328713866591
1985-12-02,0.1785368782733429,0.1872101944824365,0.1922807485739067,0.1939486939987323,0.1907128798745705,0.1859091970510725,0.18792502823593327,0.18775505665454625,0.0051127304914980985
1985-12-03,0.1691630249858224,0.1785368782733429,0.1872101944824365,0.1922807485739067,0.1939486939987323,0.1907128798745705,0.18539451674855484,0.18699780943167538,0.008783784636730999
1985-12-04,0.1968175601294325,0.1691630249858224,0.1785368782733429,0.1872101944824365,0.1922807485739067,0.1939486939987323,0.18695285433117767,0.18707675884845046,0.00979924612223266
1985-12-06,0.1865430163125063,0.1968175601294325,0.1691630249858224,0.1785368782733429,0.1872101944824365,0.1922807485739067,0.1863571595365971,0.18691107626958442,0.009658308655255462
1985-12-07,0.1873102712079261,0.1865430163125063,0.1968175601294325,0.1691630249858224,0.1785368782733429,0.1872101944824365,0.18540881342362475,0.18724800124539925,0.009098342893071215
1985-12-08,0.1946492310771591,0.1873102712079261,0.1865430163125063,0.1968175601294325,0.1691630249858224,0.1785368782733429,0.18574716806694655,0.18732695066217434,0.00943433003317199
1985-12-09,0.1897121126196751,0.1946492310771591,0.1873102712079261,0.1865430163125063,0.1968175601294325,0.1691630249858224,0.1861045849436949,0.187419243642348,0.00954572862852078
1985-12-11,0.1922807485739067,0.1897121126196751,0.1946492310771591,0.1873102712079261,0.1865430163125063,0.1968175601294325,0.1880679949866326,0.18760271763907885,0.009134326925193443
1985-12-12,0.1885445508222971,0.1922807485739067,0.1897121126196751,0.1946492310771591,0.1873102712079261,0.1865430163125063,0.19083678439184326,0.18751042465890516,0.003868277428822569
1986-01-04,0.1989525302732095,0.1885445508222971,0.1922807485739067,0.1897121126196751,0.1946492310771591,0.1873102712079261,0.19114178012666858,0.18781621465345652,0.004457688444283219
1986-01-05,0.2069586683123728,0.1989525302732095,0.1885445508222971,0.1922807485739067,0.1897121126196751,0.1946492310771591,0.1940583018409352,0.18822875315519674,0.006936720508639764
1986-01-07,0.2069586683123728,0.2069586683123728,0.1989525302732095,0.1885445508222971,0.1922807485739067,0.1897121126196751,0.196865215712999,0.18884478099876573,0.007685925749565413
1986-01-08,0.2175668012142643,0.2069586683123728,0.2069586683123728,0.1989525302732095,0.1885445508222971,0.1922807485739067,0.20013915430401405,0.19011686737609945,0.010824779172826713
1986-01-09,0.2380825299396204,0.2175668012142643,0.2069586683123728,0.2069586683123728,0.1989525302732095,0.1885445508222971,0.20704921392114908,0.19155130044144955,0.016831464353971554
1986-01-10,0.2602662040898022,0.2380825299396204,0.2175668012142643,0.2069586683123728,0.2069586683123728,0.1989525302732095,0.21676142185199132,0.1940087400340261,0.024676036781489673
1986-01-12,0.2406178069853555,0.2602662040898022,0.2380825299396204,0.2175668012142643,0.2069586683123728,0.2069586683123728,0.22420045844671393,0.1958668312372819,0.022505559276803474
1986-02-01,0.1944157187176836,0.2406178069853555,0.2602662040898022,0.2380825299396204,0.2175668012142643,0.2069586683123728,0.22355234251021022,0.196121470905472,0.02340133063870469
1986-02-04,0.2005537578810421,0.1944157187176836,0.2406178069853555,0.2602662040898022,0.2380825299396204,0.2175668012142643,0.22263735530573442,0.19642948482725642,0.02426746146057315
1986-02-05,0.2046235447176169,0.2005537578810421,0.1944157187176836,0.2406178069853555,0.2602662040898022,0.2380825299396204,0.22230376622076928,0.1967875371117857,0.024533498489371388
1986-02-06,0.2047903392600994,0.2046235447176169,0.2005537578810421,0.1944157187176836,0.2406178069853555,0.2602662040898022,0.22047855737017427,0.1973401830292113,0.025404451262733958
1986-02-07,0.205090569436568,0.2047903392600994,0.2046235447176169,0.2005537578810421,0.1944157187176836,0.2406178069853555,0.21576542015545255,0.1981863873414062,0.024643158446612686
1986-02-09,0.2390832971945158,0.205090569436568,0.2047903392600994,0.2046235447176169,0.2005537578810421,0.1944157187176836,0.21273929059898306,0.20025686359542316,0.01889891067204031
1986-02-10,0.264469426560363,0.2390832971945158,0.205090569436568,0.2047903392600994,0.2046235447176169,0.2005537578810421,0.2161466648239841,0.20337703350346376,0.02569220648514443
1986-02-12,0.2365813790572772,0.264469426560363,0.2390832971945158,0.205090569436568,0.2047903392600994,0.2046235447176169,0.2221703305867832,0.20465023184441403,0.024670794227925386
1986-03-01,0.1947159488941522,0.2365813790572772,0.264469426560363,0.2390832971945158,0.205090569436568,0.2047903392600994,0.22133635787437037,0.20491154329430342,0.025604318685873255
1986-03-02,0.2084264602862194,0.1947159488941522,0.2365813790572772,0.264469426560363,0.2390832971945158,0.205090569436568,0.2218796315270279,0.205662118735475,0.025228185694109558
1986-03-03,0.2006204756980352,0.2084264602862194,0.1947159488941522,0.2365813790572772,0.264469426560363,0.2390832971945158,0.22128393673244726,0.20599237192959047,0.025742934146601924
1986-03-04,0.2000533742535944,0.2006204756980352,0.2084264602862194,0.1947159488941522,0.2365813790572772,0.264469426560363,0.2205643374205939,0.2061958612714192,0.026334637607340068
1986-03-06,0.205023851619575,0.2000533742535944,0.2006204756980352,0.2084264602862194,0.1947159488941522,0.2365813790572772,0.2156987023384595,0.20662063137294148,0.02547519323451605
1986-03-07,0.20612469559996,0.205023851619575,0.2000533742535944,0.2006204756980352,0.2084264602862194,0.1947159488941522,0.2073637407726876,0.20725111474352562,0.013666807697210185
1986-03-09,0.2469226406911966,0.20612469559996,0.205023851619575,0.2000533742535944,0.2006204756980352,0.2084264602862194,0.20884106386324755,0.20953064015745407,0.01740042426221909
1986-03-10,0.2676051639590353,0.2469226406911966,0.20612469559996,0.205023851619575,0.2000533742535944,0.2006204756980352,0.21925380887251653,0.2128120447898945,0.02680600792052848
1986-03-11,0.2477232544951129,0.2676051639590353,0.2469226406911966,0.20612469559996,0.205023851619575,0.2000533742535944,0.2248676366166442,0.21450890126875052,0.02823722362082916
1986-03-12,0.2367481735997598,0.2477232544951129,0.2676051639590353,0.2469226406911966,0.20612469559996,0.205023851619575,0.23002873631689055,0.21618240651165896,0.02630211804671311
1986-04-02,0.202622010207826,0.2367481735997598,0.2477232544951129,0.2676051639590353,0.2469226406911966,0.20612469559996,0.23039568431035223,0.2166927978116556,0.025827866836170187
1986-04-03,0.201654601861427,0.202622010207826,0.2367481735997598,0.2477232544951129,0.2676051639590353,0.2469226406911966,0.22991436291633108,0.2169263101711312,0.026404451853486003
1986-04-04,0.1998865797111119,0.201654601861427,0.202622010207826,0.2367481735997598,0.2477232544951129,0.2676051639590353,0.22902320350363853,0.2172654590741791,0.027426662221284388
1986-04-06,0.2040564432731761,0.1998865797111119,0.201654601861427,0.202622010207826,0.2367481735997598,0.2477232544951129,0.22289946101534985,0.21765798223082142,0.027549284666867128
1986-04-07,0.2060913366914635,0.2040564432731761,0.1998865797111119,0.201654601861427,0.202622010207826,0.2367481735997598,0.21411177140569676,0.21824287509312695,0.019566669197069765
1986-04-08,0.2167661874103479,0.2060913366914635,0.2040564432731761,0.1998865797111119,0.201654601861427,0.202622010207826,0.20968933325073033,0.2188366636643649,0.013150004277689017
1986-04-09,0.2472562297761617,0.2167661874103479,0.2060913366914635,0.2040564432731761,0.1998865797111119,0.201654601861427,0.21119048413307343,0.22017991571315784,0.016836727565735246
1986-04-11,0.2489241752009874,0.2472562297761617,0.2167661874103479,0.2060913366914635,0.2040564432731761,0.1998865797111119,0.21780507913209649,0.22157876594277834,0.02138923014794362
1986-04-12,0.2364145845147947,0.2489241752009874,0.2472562297761617,0.2167661874103479,0.2060913366914635,0.2040564432731761,0.22277079093972046,0.22220702538612938,0.02104702162679979
1986-05-02,0.2017546785869166,0.2364145845147947,0.2489241752009874,0.2472562297761617,0.2167661874103479,0.2060913366914635,0.22303766220769256,0.22099609700770592,0.02071776222274134
1986-05-03,0.2045568269006238,0.2017546785869166,0.2364145845147947,0.2489241752009874,0.2472562297761617,0.2167661874103479,0.22310914558304223,0.21913911776806663,0.020642080246447158
1986-05-06,0.2047236214431064,0.2045568269006238,0.2017546785869166,0.2364145845147947,0.2489241752009874,0.2472562297761617,0.2229137576904198,0.21794264491665832,0.0208355757653201
1986-05-08,0.2158988557894385,0.2047236214431064,0.2045568269006238,0.2017546785869166,0.2364145845147947,0.2489241752009874,0.22278985317314698,0.2186587494857168,0.020880756958104305
1986-05-09,0.257464055776095,0.2158988557894385,0.2047236214431064,0.2045568269006238,0.2017546785869166,0.2364145845147947,0.22424811403028036,0.22055575941555192,0.023111494744095587
1986-05-11,0.2470894352336792,0.257464055776095,0.2158988557894385,0.2047236214431064,0.2045568269006238,0.2017546785869166,0.22398600832066487,0.22197128909942065,0.022793216093951497
1986-05-12,0.235914200887347,0.2470894352336792,0.257464055776095,0.2158988557894385,0.2047236214431064,0.2045568269006238,0.22391452494531522,0.22300875115366223,0.02274848237435235
1986-06-01,0.195549921606565,0.235914200887347,0.2470894352336792,0.257464055776095,0.2158988557894385,0.2047236214431064,0.22302813109097927,0.2226907295593288,0.023850062108581205
1986-06-02,0.2016212429529306,0.195549921606565,0.235914200887347,0.2470894352336792,0.257464055776095,0.2158988557894385,0.22260876195559454,0.22144199441794266,0.024251417358783292
1986-06-03,0.2065583614104146,0.2016212429529306,0.195549921606565,0.235914200887347,0.2470894352336792,0.257464055776095,0.22287086766521,0.21951162557961104,0.024034848568095013
1986-06-05,0.2038229309137005,0.2065583614104146,0.2016212429529306,0.195549921606565,0.235914200887347,0.2470894352336792,0.22114573554010455,0.21841967730815848,0.025031400457217908
1986-06-06,0.2046569036261133,0.2038229309137005,0.2065583614104146,0.2016212429529306,0.195549921606565,0.235914200887347,0.21360185666153578,0.21875104246589053,0.019638043378774984
1986-06-08,0.2185008506521666,0.2046569036261133,0.2038229309137005,0.2065583614104146,0.2016212429529306,0.195549921606565,0.20951777314989112,0.21908685547808873,0.013538467066498583
1986-06-10,0.2682056243119725,0.2185008506521666,0.2046569036261133,0.2038229309137005,0.2065583614104146,0.2016212429529306,0.21413083363912327,0.22133969376522,0.02482697031538723
1986-06-11,0.2492911231944491,0.2682056243119725,0.2185008506521666,0.2046569036261133,0.2038229309137005,0.2065583614104146,0.22180814815167813,0.22298095206324847,0.02638395438211973
1986-07-01,0.1968842779464256,0.2492911231944491,0.2682056243119725,0.2185008506521666,0.2046569036261133,0.2038229309137005,0.22113143886503459,0.22270963294081017,0.02704058958097774
1986-07-02,0.2016879607699236,0.1968842779464256,0.2492911231944491,0.2682056243119725,0.2185008506521666,0.2046569036261133,0.22043566734496442,0.22256174177980895,0.02753617764929442
1986-07-03,0.2057911065149948,0.2016879607699236,0.1968842779464256,0.2492911231944491,0.2682056243119725,0.2185008506521666,0.2207168352880065,0.2211906906406022,0.02734767887616694
1986-07-04,0.2019881909463922,0.2057911065149948,0.2016879607699236,0.1968842779464256,0.2492911231944491,0.2682056243119725,0.22033559061947489,0.21900345820684744,0.02762606414509282
1986-07-05,0.2051906461620576,0.2019881909463922,0.2057911065149948,0.2016879607699236,0.1968842779464256,0.2492911231944491,0.2184341328351736,0.21758570459574558,0.028224961767983975
1986-07-07,0.2067918737698902,0.2051906461620576,0.2019881909463922,0.2057911065149948,0.2016879607699236,0.1968842779464256,0.20966073990059045,0.2165871612680833,0.01779243597736052
1986-07-08,0.2181005437502085,0.2067918737698902,0.2051906461620576,0.2019881909463922,0.2057911065149948,0.2016879607699236,0.2052049428371275,0.21710311238616273,0.006596827327806026
1986-07-10,0.2676051639590353,0.2181005437502085,0.2067918737698902,0.2051906461620576,0.2019881909463922,0.2057911065149948,0.2153079265532146,0.219301464456083,0.023703624746806047
1986-07-11,0.2490576108349735,0.2676051639590353,0.2181005437502085,0.2067918737698902,0.2051906461620576,0.2019881909463922,0.2220750194196503,0.22094049882687836,0.02583329201167895
1986-08-01,0.1986189411882443,0.2490576108349735,0.2676051639590353,0.2181005437502085,0.2067918737698902,0.2051906461620576,0.22105042437297165,0.22075924875738065,0.02671400094334969
1986-08-04,0.2031557527437702,0.1986189411882443,0.2490576108349735,0.2676051639590353,0.2181005437502085,0.2067918737698902,0.22121721891545423,0.2206613959591242,0.026578446358467046
1986-08-05,0.2070587450378623,0.2031557527437702,0.1986189411882443,0.2490576108349735,0.2676051639590353,0.2181005437502085,0.22148409018342632,0.22033781454670803,0.026399481280845644
1986-08-07,0.2087934082796811,0.2070587450378623,0.2031557527437702,0.1986189411882443,0.2490576108349735,0.2676051639590353,0.22177002368482504,0.21905572049682534,0.026224084190096548
1986-08-08,0.2227707909397204,0.2087934082796811,0.2070587450378623,0.2031557527437702,0.1986189411882443,0.2490576108349735,0.2224372018547553,0.21818394102144978,0.026174529969643298
1986-08-09,0.2559962638022484,0.2227707909397204,0.2087934082796811,0.2070587450378623,0.2031557527437702,0.1986189411882443,0.22077878754664287,0.21883666366436488,0.023012495108857216
1986-08-10,0.2690062381158889,0.2559962638022484,0.2227707909397204,0.2087934082796811,0.2070587450378623,0.2031557527437702,0.2236285914439165,0.22107838231533064,0.027829226402222983
1986-08-12,0.2366480968742703,0.2690062381158889,0.2559962638022484,0.2227707909397204,0.2087934082796811,0.2070587450378623,0.22906132797049164,0.22214809131445218,0.025768901106588478
1986-09-01,0.1992194015411816,0.2366480968742703,0.2690062381158889,0.2559962638022484,0.2227707909397204,0.2087934082796811,0.22849899208440758,0.22196461731772135,0.02646206649492314
1986-09-04,0.2021216265803783,0.1992194015411816,0.2366480968742703,0.2690062381158889,0.2559962638022484,0.2227707909397204,0.22779368944762415,0.221505376344086,0.027184691874719013
1986-09-05,0.2071254628548554,0.2021216265803783,0.1992194015411816,0.2366480968742703,0.2690062381158889,0.2559962638022484,0.2275554115297919,0.21982742324671137,0.027385556732843496
1986-09-06,0.2047569803516029,0.2071254628548554,0.2021216265803783,0.1992194015411816,0.2366480968742703,0.2690062381158889,0.2249820100172037,0.21841634141730884,0.02872377472869083
1986-09-07,0.2089602028221637,0.2047569803516029,0.2071254628548554,0.2021216265803783,0.1992194015411816,0.2366480968742703,0.21826257273433444,0.21751787481513604,0.02559000427950469
1986-09-09,0.2497581479134003,0.2089602028221637,0.2047569803516029,0.2071254628548554,0.2021216265803783,0.1992194015411816,0.21551284556255038,0.21932481569203058,0.01954999828227051
1986-09-10,0.2674383694165527,0.2497581479134003,0.2089602028221637,0.2047569803516029,0.2071254628548554,0.2021216265803783,0.21991145592573355,0.22151871990748465,0.02710271008784298
1986-09-12,0.2347799979984655,0.2674383694165527,0.2497581479134003,0.2089602028221637,0.2047569803516029,0.2071254628548554,0.22499154113391695,0.2224594411270863,0.025883079844087793
1986-10-01,0.203856289822197,0.2347799979984655,0.2674383694165527,0.2497581479134003,0.2089602028221637,0.2047569803516029,0.22523935016846247,0.22246055309070287,0.025634738554003653
1986-10-02,0.2036561363712179,0.203856289822197,0.2347799979984655,0.2674383694165527,0.2497581479134003,0.2089602028221637,0.22474373209937143,0.22242719418220636,0.02607310769006823
1986-10-03,0.203722854188211,0.2036561363712179,0.203856289822197,0.2347799979984655,0.2674383694165527,0.2497581479134003,0.22459599979031544,0.2219345943000745,0.026207810402595573
1986-10-04,0.2020215498548887,0.203722854188211,0.2036561363712179,0.203856289822197,0.2347799979984655,0.2674383694165527,0.22360476365213328,0.21972845848483838,0.027016494209022045
1986-10-06,0.2086933315541915,0.2020215498548887,0.203722854188211,0.2036561363712179,0.203856289822197,0.2347799979984655,0.21773836131510343,0.21837519876349645,0.02475477839499332
1986-10-07,0.2080928712012543,0.2086933315541915,0.2020215498548887,0.203722854188211,0.2036561363712179,0.203856289822197,0.20926043299863228,0.2187488185386574,0.011522529487840957
1986-10-09,0.2559295459852554,0.2080928712012543,0.2086933315541915,0.2020215498548887,0.203722854188211,0.2036561363712179,0.21228179699674513,0.22055687137916846,0.019405624361263772
1986-10-10,0.2641024785669013,0.2559295459852554,0.2080928712012543,0.2086933315541915,0.2020215498548887,0.203722854188211,0.22088839538884578,0.2225005837808987,0.026942372628660918
1986-10-11,0.2507589151682957,0.2641024785669013,0.2559295459852554,0.2080928712012543,0.2086933315541915,0.2020215498548887,0.22761736378842828,0.22412627458829545,0.027789964460081577
1986-10-12,0.2379157353971378,0.2507589151682957,0.2641024785669013,0.2559295459852554,0.2080928712012543,0.2086933315541915,0.23250206110398924,0.22521711089613147,0.025825632428071916
1986-11-02,0.2007539113320212,0.2379157353971378,0.2507589151682957,0.2641024785669013,0.2559295459852554,0.2080928712012543,0.23232096988643675,0.22501584548153583,0.026078195335032053
1986-11-03,0.2054908763385262,0.2007539113320212,0.2379157353971378,0.2507589151682957,0.2641024785669013,0.2559295459852554,0.23186347628419884,0.22459552323447976,0.026584949236520238
1986-11-04,0.2048570570770924,0.2054908763385262,0.2007539113320212,0.2379157353971378,0.2507589151682957,0.2641024785669013,0.23140121712360426,0.22250391967174832,0.02709048536266909
1986-11-06,0.2084931781032125,0.2048570570770924,0.2054908763385262,0.2007539113320212,0.2379157353971378,0.2507589151682957,0.22462459314045533,0.22115177191402297,0.025836173897146077
1986-11-07,0.2089602028221637,0.2084931781032125,0.2048570570770924,0.2054908763385262,0.2007539113320212,0.2379157353971378,0.21674712517692135,0.22149648063515362,0.01939731710635109
1986-11-08,0.2355806118023818,0.2089602028221637,0.2084931781032125,0.2048570570770924,0.2054908763385262,0.2007539113320212,0.21457879612464792,0.22257730927044067,0.015397631145988789
1986-11-09,0.2449211061814057,0.2355806118023818,0.2089602028221637,0.2084931781032125,0.2048570570770924,0.2054908763385262,0.21557956337954337,0.22383938797522546,0.017279827201734387
1986-11-11,0.2475898188611269,0.2449211061814057,0.2355806118023818,0.2089602028221637,0.2084931781032125,0.2048570570770924,0.22227040731227277,0.22513260166127363,0.019506577174412676
1986-11-12,0.2358474830703539,0.2475898188611269,0.2449211061814057,0.2355806118023818,0.2089602028221637,0.2084931781032125,0.22660706541681955,0.22556849139896143,0.018503051190725144
1986-12-02,0.2017213196784201,0.2358474830703539,0.2475898188611269,0.2449211061814057,0.2355806118023818,0.2089602028221637,0.22615910293129496,0.2237593265948338,0.01914423414355077
1986-12-03,0.20612469559996,0.2017213196784201,0.2358474830703539,0.2475898188611269,0.2449211061814057,0.2355806118023818,0.22582074828797313,0.22166327517763618,0.01952563014643554
1986-12-05,0.2070253861293658,0.20612469559996,0.2017213196784201,0.2358474830703539,0.2475898188611269,0.2449211061814057,0.22554434590328776,0.22067585148613938,0.019815626211877647
1986-12-06,0.2091269973646463,0.2070253861293658,0.20612469559996,0.2017213196784201,0.2358474830703539,0.2475898188611269,0.22176525812646838,0.22100610468025483,0.02010301147374302
1986-12-08,0.2329118991226607,0.2091269973646463,0.2070253861293658,0.20612469559996,0.2017213196784201,0.2358474830703539,0.22004965711807625,0.22203244709833095,0.01822195434311464
1986-12-09,0.2565967241551857,0.2329118991226607,0.2091269973646463,0.2070253861293658,0.20612469559996,0.2017213196784201,0.22133635787437034,0.2236814891416753,0.020647340945923208
1986-12-11,0.2482569970310572,0.2565967241551857,0.2329118991226607,0.2091269973646463,0.2070253861293658,0.20612469559996,0.22310914558304226,0.22513148969765712,0.02254634025421902
1986-12-12,0.2379157353971378,0.2482569970310572,0.2565967241551857,0.2329118991226607,0.2091269973646463,0.2070253861293658,0.22827977640000194,0.2260966741168229,0.02091519701410733
1987-01-04,0.256096340527738,0.2379157353971378,0.2482569970310572,0.2565967241551857,0.2329118991226607,0.2091269973646463,0.23541858281825595,0.2263079472039675,0.020618957829743868
1987-01-05,0.2814491109850886,0.256096340527738,0.2379157353971378,0.2482569970310572,0.2565967241551857,0.2329118991226607,0.24605054351193062,0.22677497192291868,0.02262820629092995
1987-01-06,0.2722086933315542,0.2814491109850886,0.256096340527738,0.2379157353971378,0.2482569970310572,0.2565967241551857,0.255062214364346,0.2280225951006883,0.017438670537527998
1987-01-07,0.2741101511158555,0.2722086933315542,0.2814491109850886,0.256096340527738,0.2379157353971378,0.2482569970310572,0.2609476789348024,0.2303643904771436,0.015568986037480153
1987-01-09,0.2794475764752978,0.2741101511158555,0.2722086933315542,0.2814491109850886,0.256096340527738,0.2379157353971378,0.26421208640910415,0.23289077181394627,0.016847753885004743
1987-01-10,0.2802148313707175,0.2794475764752978,0.2741101511158555,0.2722086933315542,0.2814491109850886,0.256096340527738,0.2687774913147699,0.23544050438669648,0.016117813030900652
1987-01-12,0.3021649931614238,0.2802148313707175,0.2794475764752978,0.2741101511158555,0.2722086933315542,0.2814491109850886,0.27795595670966794,0.23877861916358095,0.013731175560246906
1987-02-01,0.2459218734363012,0.3021649931614238,0.2802148313707175,0.2794475764752978,0.2741101511158555,0.2722086933315542,0.2765024614108912,0.24001957055965129,0.0166574419057302
1987-02-02,0.2480902024885746,0.2459218734363012,0.3021649931614238,0.2802148313707175,0.2794475764752978,0.2741101511158555,0.27173690305424636,0.2413528149358953,0.01953046984825404
1987-02-03,0.2464222570637489,0.2480902024885746,0.2459218734363012,0.3021649931614238,0.2802148313707175,0.2794475764752978,0.2680531264445599,0.24103590530517843,0.021734200237372693
1987-02-04,0.2560629816192414,0.2464222570637489,0.2480902024885746,0.2459218734363012,0.3021649931614238,0.2802148313707175,0.26547495937361504,0.24076792207358977,0.02196512450337558
1987-02-06,0.2802815491877106,0.2560629816192414,0.2464222570637489,0.2480902024885746,0.2459218734363012,0.3021649931614238,0.2655940983325311,0.24175200987423692,0.02205561863904019
1987-02-07,0.2744437402008207,0.2802815491877106,0.2560629816192414,0.2464222570637489,0.2480902024885746,0.2459218734363012,0.2647696567368316,0.2429696100343597,0.02151934896906614
1987-02-09,0.2856856923641459,0.2744437402008207,0.2802815491877106,0.2560629816192414,0.2464222570637489,0.2480902024885746,0.2624154709086491,0.2458006694020972,0.017218054013031437
1987-02-10,0.2798478833772559,0.2856856923641459,0.2744437402008207,0.2802815491877106,0.2560629816192414,0.2464222570637489,0.26726204375735685,0.24827923630338816,0.016563985391128078
1987-02-11,0.2898221970177136,0.2798478833772559,0.2856856923641459,0.2744437402008207,0.2802815491877106,0.2560629816192414,0.2732237572615196,0.2511114076347422,0.016014579265888017
1987-02-12,0.3042332454882077,0.2898221970177136,0.2798478833772559,0.2856856923641459,0.2744437402008207,0.2802815491877106,0.2814824698935851,0.25430274321424207,0.014745757023842827
1987-03-02,0.2462554625212663,0.3042332454882077,0.2898221970177136,0.2798478833772559,0.2856856923641459,0.2744437402008207,0.2800813957367315,0.2555459185375455,0.01772791914827257
1987-03-03,0.2461220268872803,0.2462554625212663,0.3042332454882077,0.2898221970177136,0.2798478833772559,0.2856856923641459,0.2752014639795272,0.2558972990403754,0.021879127182204347
1987-03-04,0.2560629816192414,0.2461220268872803,0.2462554625212663,0.3042332454882077,0.2898221970177136,0.2798478833772559,0.2725756413250159,0.2562686948883033,0.02305652469826404
1987-03-06,0.2789471928478501,0.2560629816192414,0.2461220268872803,0.2462554625212663,0.3042332454882077,0.2898221970177136,0.2716129985369736,0.25731394068786073,0.022553109355356073
1987-03-07,0.2730093071354706,0.2789471928478501,0.2560629816192414,0.2461220268872803,0.2462554625212663,0.3042332454882077,0.2706360590738614,0.2585526681566979,0.022283446486631112
1987-03-08,0.2921239617039731,0.2730093071354706,0.2789471928478501,0.2560629816192414,0.2461220268872803,0.2462554625212663,0.2709648826004699,0.26156608955754973,0.022628069293815858
1987-03-09,0.286085999266104,0.2921239617039731,0.2730093071354706,0.2789471928478501,0.2560629816192414,0.2461220268872803,0.2683724188544551,0.2642314663464212,0.018916462150990236
1987-03-11,0.2864529472595657,0.286085999266104,0.2921239617039731,0.2730093071354706,0.2789471928478501,0.2560629816192414,0.2741149166742122,0.2668790517174278,0.017097304969660908
1987-03-12,0.3043666811221937,0.2864529472595657,0.286085999266104,0.2921239617039731,0.2730093071354706,0.2789471928478501,0.2824355815649141,0.27005370784267946,0.015279835008832955
1987-04-02,0.24545484871735,0.3043666811221937,0.2864529472595657,0.286085999266104,0.2921239617039731,0.2730093071354706,0.28092013400750104,0.2704718061625024,0.018514969854761934
1987-04-03,0.2479567668545885,0.24545484871735,0.3043666811221937,0.2864529472595657,0.286085999266104,0.2921239617039731,0.27649293029417793,0.2701838075858158,0.022369304863807837
1987-04-06,0.2787803983053675,0.2479567668545885,0.24545484871735,0.3043666811221937,0.2864529472595657,0.286085999266104,0.27731737188987754,0.2712012542949595,0.022325821196233612
1987-04-08,0.2925576275144277,0.2787803983053675,0.2479567668545885,0.24545484871735,0.3043666811221937,0.2864529472595657,0.2773793241485139,0.27302265069886916,0.022374305112187166
1987-04-09,0.2867865363445308,0.2925576275144277,0.2787803983053675,0.2479567668545885,0.24545484871735,0.3043666811221937,0.2774794008740034,0.2740456572260956,0.02242125672124633
1987-04-11,0.2877205857824332,0.2867865363445308,0.2925576275144277,0.2787803983053675,0.2479567668545885,0.24545484871735,0.2776604920915559,0.27425470638600713,0.022510754071300727
1987-04-12,0.3011308669980319,0.2877205857824332,0.2867865363445308,0.2925576275144277,0.2787803983053675,0.2479567668545885,0.27719823293096135,0.2752187788415563,0.02189576242921977
1987-05-01,0.2428862127631184,0.3011308669980319,0.2877205857824332,0.2867865363445308,0.2925576275144277,0.2787803983053675,0.2768312849374997,0.2741779808964651,0.022528782349834034
1987-05-02,0.2428528538546219,0.2428862127631184,0.3011308669980319,0.2877205857824332,0.2867865363445308,0.2925576275144277,0.27610215450893305,0.2729581568091092,0.02367259586898472
1987-05-03,0.2507589151682957,0.2428528538546219,0.2428862127631184,0.3011308669980319,0.2877205857824332,0.2867865363445308,0.27209908548935136,0.27197629293569514,0.025446956695816463
1987-05-05,0.2831170564099143,0.2507589151682957,0.2428528538546219,0.2428862127631184,0.3011308669980319,0.2877205857824332,0.2707504324744209,0.2713413617106449,0.024411053907346724
1987-05-06,0.2792807819328152,0.2831170564099143,0.2507589151682957,0.2428528538546219,0.2428862127631184,0.3011308669980319,0.2696781818441758,0.2724533253271953,0.02374503282041413
1987-05-08,0.2901557861026788,0.2792807819328152,0.2831170564099143,0.2507589151682957,0.2428528538546219,0.2428862127631184,0.2700260676042109,0.27385551144766546,0.024069054359757036
1987-05-10,0.281282316442606,0.2901557861026788,0.2792807819328152,0.2831170564099143,0.2507589151682957,0.2428528538546219,0.26719056038200717,0.2750175134269607,0.020731739558663236
1987-05-11,0.2819828535210328,0.281282316442606,0.2901557861026788,0.2792807819328152,0.2831170564099143,0.2507589151682957,0.27277579477599495,0.2758815091570204,0.01820520471023826
1987-06-01,0.2447209527304267,0.2819828535210328,0.281282316442606,0.2901557861026788,0.2792807819328152,0.2831170564099143,0.27304266604396704,0.2746961559417776,0.017700141704480834
1987-06-02,0.2453214130833639,0.2447209527304267,0.2819828535210328,0.281282316442606,0.2901557861026788,0.2792807819328152,0.27226588003183394,0.273725411704529,0.018918459394677862
1987-06-03,0.2477899723121059,0.2453214130833639,0.2447209527304267,0.2819828535210328,0.281282316442606,0.2901557861026788,0.26721915373214705,0.2724622210361277,0.020209257535088506
1987-06-04,0.2578977215865497,0.2477899723121059,0.2453214130833639,0.2447209527304267,0.2819828535210328,0.281282316442606,0.2641644308255377,0.2717305489764375,0.01969167099248581
1987-06-05,0.2811155219001234,0.2578977215865497,0.2477899723121059,0.2453214130833639,0.2447209527304267,0.2819828535210328,0.2628729645108869,0.2714403264725178,0.017919659509604807
1987-06-07,0.2725089235080228,0.2811155219001234,0.2578977215865497,0.2477899723121059,0.2453214130833639,0.2447209527304267,0.2616196226630893,0.27038284907317833,0.01668150966578226
1987-06-08,0.2894218901157555,0.2725089235080228,0.2811155219001234,0.2578977215865497,0.2477899723121059,0.2453214130833639,0.2626823421766212,0.27182172999299464,0.018348641564441576
1987-06-10,0.2822830836975015,0.2894218901157555,0.2725089235080228,0.2811155219001234,0.2578977215865497,0.2477899723121059,0.26804836088620326,0.27302709855333535,0.017701479897415166
1987-06-11,0.283617440037362,0.2822830836975015,0.2894218901157555,0.2725089235080228,0.2811155219001234,0.2578977215865497,0.2735192218796315,0.273945580500606,0.015255732105604086
1987-07-01,0.2438536211095173,0.283617440037362,0.2822830836975015,0.2894218901157555,0.2725089235080228,0.2811155219001234,0.27295688599354745,0.2727757947759949,0.016392397662077434
1987-07-04,0.2559295459852554,0.2438536211095173,0.283617440037362,0.2822830836975015,0.2894218901157555,0.2725089235080228,0.2726757180505054,0.27220646940432114,0.016707596545213206
1987-07-05,0.2811155219001234,0.2559295459852554,0.2438536211095173,0.283617440037362,0.2822830836975015,0.2894218901157555,0.2726757180505054,0.27183952141085943,0.016707596545213206
1987-07-07,0.2732761784034427,0.2811155219001234,0.2559295459852554,0.2438536211095173,0.283617440037362,0.2822830836975015,0.27278532589270826,0.2714125273821041,0.016708836629002948
1987-07-08,0.2863528705340762,0.2732761784034427,0.2811155219001234,0.2559295459852554,0.2438536211095173,0.283617440037362,0.27234689452389693,0.2714091914912544,0.016233036134993835
1987-07-09,0.285952563632118,0.2863528705340762,0.2732761784034427,0.2811155219001234,0.2559295459852554,0.2438536211095173,0.27287110594312786,0.27079538757491856,0.016660990197986825
1987-07-10,0.282316442605998,0.285952563632118,0.2863528705340762,0.2732761784034427,0.2811155219001234,0.2559295459852554,0.2726852491672187,0.27202410737120686,0.016527857570812963
1987-07-12,0.2977282583313874,0.282316442605998,0.285952563632118,0.2863528705340762,0.2732761784034427,0.2811155219001234,0.28038162591320015,0.2736831570871001,0.013040133445846737
1987-08-01,0.2453547719918604,0.2977282583313874,0.282316442605998,0.285952563632118,0.2863528705340762,0.2732761784034427,0.27887094391414374,0.27256896954331655,0.01649884664565626
1987-08-04,0.257263902325116,0.2453547719918604,0.2977282583313874,0.282316442605998,0.285952563632118,0.2863528705340762,0.2754635696891427,0.2713925120370062,0.01832041832651795
1987-08-05,0.2789471928478501,0.257263902325116,0.2453547719918604,0.2977282583313874,0.282316442605998,0.285952563632118,0.2762737146097723,0.2711312005871168,0.01833295289944616
1987-08-06,0.2813156753511026,0.2789471928478501,0.257263902325116,0.2453547719918604,0.2977282583313874,0.282316442605998,0.2755541152979189,0.27091770357273914,0.017966590262035478
1987-08-07,0.2745438169263102,0.2813156753511026,0.2789471928478501,0.257263902325116,0.2453547719918604,0.2977282583313874,0.27392429433994636,0.2700314685703484,0.017373777915863784
1987-08-09,0.2815825466190746,0.2745438169263102,0.2813156753511026,0.2789471928478501,0.257263902325116,0.2453547719918604,0.2738194520561002,0.27132134636554694,0.01731681594355874
1987-08-10,0.282383160422991,0.2815825466190746,0.2745438169263102,0.2813156753511026,0.2789471928478501,0.257263902325116,0.27162729521204354,0.27263902325115924,0.01453329458301327
1987-08-12,0.2998298695666678,0.282383160422991,0.2815825466190746,0.2745438169263102,0.2813156753511026,0.2789471928478501,0.27940945200844464,0.274274721731105,0.0125731584580444
1987-09-01,0.2449211061814057,0.2998298695666678,0.282383160422991,0.2815825466190746,0.2745438169263102,0.2813156753511026,0.277646195416486,0.2730015233901547,0.016460877822439095
1987-09-02,0.2475231010441339,0.2449211061814057,0.2998298695666678,0.282383160422991,0.2815825466190746,0.2745438169263102,0.2731570394445265,0.27194293402719866,0.019959974795311107
1987-09-03,0.2469226406911966,0.2475231010441339,0.2449211061814057,0.2998298695666678,0.282383160422991,0.2815825466190746,0.2682437487788257,0.2705018291801492,0.021768099461175194
1987-09-04,0.2575974914100811,0.2469226406911966,0.2475231010441339,0.2449211061814057,0.2998298695666678,0.282383160422991,0.2658228451336501,0.2697123350123984,0.02189264503965394
1987-09-06,0.2787136804883744,0.2575974914100811,0.2469226406911966,0.2475231010441339,0.2449211061814057,0.2998298695666678,0.2654130071149786,0.26960336257797646,0.02157296578210709
1987-09-07,0.2730093071354706,0.2787136804883744,0.2575974914100811,0.2469226406911966,0.2475231010441339,0.2449211061814057,0.26407388521676145,0.2705463077248113,0.020613596056614596
1987-09-09,0.2824832371484805,0.2730093071354706,0.2787136804883744,0.2575974914100811,0.2469226406911966,0.2475231010441339,0.2615957948713061,0.2717850351936485,0.016160390639384875
1987-09-10,0.2849851552857191,0.2824832371484805,0.2730093071354706,0.2787136804883744,0.2575974914100811,0.2469226406911966,0.2673192304576366,0.27302487462610225,0.016363894641452
1987-09-11,0.285952563632118,0.2849851552857191,0.2824832371484805,0.2730093071354706,0.2787136804883744,0.2575974914100811,0.2728091536844915,0.27396003602762126,0.015005564818854417
1987-09-12,0.2997631517496747,0.285952563632118,0.2849851552857191,0.2824832371484805,0.2730093071354706,0.2787136804883744,0.2803577981214169,0.2745816236892729,0.012964914706604031
1987-10-02,0.2454882076258465,0.2997631517496747,0.285952563632118,0.2849851552857191,0.2824832371484805,0.2730093071354706,0.2786279004379548,0.2736809331598671,0.01676028558758797
1987-10-03,0.2473229475931548,0.2454882076258465,0.2997631517496747,0.285952563632118,0.2849851552857191,0.2824832371484805,0.27414351002435206,0.27227763507578034,0.02051287177437553
1987-10-04,0.2646695800113421,0.2473229475931548,0.2454882076258465,0.2997631517496747,0.285952563632118,0.2849851552857191,0.27295212043519085,0.27169051828624174,0.02082946838903142
1987-10-06,0.2807152149981653,0.2646695800113421,0.2473229475931548,0.2454882076258465,0.2997631517496747,0.285952563632118,0.27269954584228867,0.2715937774516018,0.02070498093911394
1987-10-07,0.2734429729459252,0.2807152149981653,0.2646695800113421,0.2473229475931548,0.2454882076258465,0.2997631517496747,0.2710506626508895,0.27258008917948207,0.020011505807677157
1987-10-08,0.2843513360242853,0.2734429729459252,0.2807152149981653,0.2646695800113421,0.2473229475931548,0.2454882076258465,0.27082191584977056,0.27352748218078304,0.01982102070943221
1987-10-09,0.283750875671348,0.2843513360242853,0.2734429729459252,0.2807152149981653,0.2646695800113421,0.2473229475931548,0.26853444783858105,0.2736153273064906,0.016583990619072862
1987-10-11,0.282449878239984,0.283750875671348,0.2843513360242853,0.2734429729459252,0.2807152149981653,0.2646695800113421,0.27381468649774354,0.27392111730104196,0.013647442021310886
1987-10-12,0.3022984287954098,0.282449878239984,0.283750875671348,0.2843513360242853,0.2734429729459252,0.2807152149981653,0.28166832666949426,0.2744526359097531,0.01151281705904283
1987-11-02,0.245588284351336,0.3022984287954098,0.282449878239984,0.283750875671348,0.2843513360242853,0.2734429729459252,0.27894242728949337,0.27310715993372703,0.017107835015633083
1987-11-03,0.2483904326650432,0.245588284351336,0.3022984287954098,0.282449878239984,0.283750875671348,0.2843513360242853,0.2743246012419045,0.27197629293569514,0.020563233739551483
1987-11-05,0.2789471928478501,0.2483904326650432,0.245588284351336,0.3022984287954098,0.282449878239984,0.283750875671348,0.2751109183707509,0.27135025741957725,0.0206290350124844
1987-11-06,0.2816159055275712,0.2789471928478501,0.2483904326650432,0.245588284351336,0.3022984287954098,0.282449878239984,0.27472014258550603,0.27255896187076767,0.020449951559747645
1987-11-08,0.2844180538412783,0.2816159055275712,0.2789471928478501,0.2483904326650432,0.245588284351336,0.3022984287954098,0.27481545375263894,0.2734641002546397,0.02050054822804829
1987-11-09,0.2835173633118725,0.2844180538412783,0.2816159055275712,0.2789471928478501,0.2483904326650432,0.245588284351336,0.27496795162005155,0.2736164392701071,0.020570654135727562
1987-11-11,0.284851719651733,0.2835173633118725,0.2844180538412783,0.2816159055275712,0.2789471928478501,0.2483904326650432,0.2724755645995263,0.27373430741346144,0.017541193449900832
1987-11-12,0.3059679087300264,0.284851719651733,0.2835173633118725,0.2844180538412783,0.2816159055275712,0.2789471928478501,0.2811012252250535,0.274781777140252,0.01695168592158734
1987-12-01,0.2509924275277713,0.3059679087300264,0.284851719651733,0.2835173633118725,0.2844180538412783,0.2816159055275712,0.2814729387768718,0.2737621065038752,0.016123143229658323
1987-12-02,0.2451212596323849,0.2509924275277713,0.3059679087300264,0.284851719651733,0.2835173633118725,0.2844180538412783,0.27664066260323394,0.2725200431441884,0.02125771788716599
1987-12-03,0.2501918137238549,0.2451212596323849,0.2509924275277713,0.3059679087300264,0.284851719651733,0.2835173633118725,0.27215150663127446,0.27086544128276124,0.023256054172788324
1987-12-05,0.2840844647563132,0.2501918137238549,0.2451212596323849,0.2509924275277713,0.3059679087300264,0.284851719651733,0.272103851047708,0.2721708865685915,0.02322705228069973
1987-12-06,0.2805817793641792,0.2840844647563132,0.2501918137238549,0.2451212596323849,0.2509924275277713,0.3059679087300264,0.2716844819123233,0.27327284251259304,0.02301214048763227
1987-12-08,0.2858858458151249,0.2805817793641792,0.2840844647563132,0.2501918137238549,0.2451212596323849,0.2509924275277713,0.27183221422137926,0.2745716160167239,0.02311385397008626
1987-12-10,0.28478500183474,0.2858858458151249,0.2805817793641792,0.2840844647563132,0.2501918137238549,0.2451212596323849,0.26880608466490974,0.27547786636421256,0.018902946502349822
1987-12-11,0.2852520265536912,0.28478500183474,0.2858858458151249,0.2805817793641792,0.2840844647563132,0.2501918137238549,0.273700313097184,0.2756958112330565,0.01793226440062209
1988-01-02,0.2787470393968709,0.2852520265536912,0.28478500183474,0.2858858458151249,0.2805817793641792,0.2840844647563132,0.27850399592068203,0.2758870689751031,0.012757848616450853
1988-01-03,0.2631350702205024,0.2787470393968709,0.2852520265536912,0.28478500183474,0.2858858458151249,0.2805817793641792,0.28035303256306027,0.27524213007750387,0.008033968185346742
1988-01-06,0.2814491109850886,0.2631350702205024,0.2787470393968709,0.2852520265536912,0.28478500183474,0.2858858458151249,0.27997655345288536,0.27512426193414957,0.007890432126639027
1988-01-07,0.268172265403476,0.2814491109850886,0.2631350702205024,0.2787470393968709,0.2852520265536912,0.28478500183474,0.2782037657442134,0.27453158532652816,0.009041837930791231
1988-01-08,0.2666711145211329,0.268172265403476,0.2814491109850886,0.2631350702205024,0.2787470393968709,0.2852520265536912,0.275458804130786,0.2734285174189101,0.009235556193349932
1988-01-09,0.2638689662074257,0.2666711145211329,0.268172265403476,0.2814491109850886,0.2631350702205024,0.2787470393968709,0.2724707990411697,0.2740412093716294,0.009097821605295014
1988-01-11,0.2508589918937852,0.2638689662074257,0.2666711145211329,0.268172265403476,0.2814491109850886,0.2631350702205024,0.2675575083754688,0.2741590775149837,0.010257920541869596
1988-01-12,0.2600994095473196,0.2508589918937852,0.2638689662074257,0.2666711145211329,0.268172265403476,0.2814491109850886,0.26489356125410435,0.27400673849951634,0.009238424620873605
1988-02-02,0.2808820095406478,0.2600994095473196,0.2508589918937852,0.2638689662074257,0.2666711145211329,0.268172265403476,0.26742883829983943,0.27401229831759905,0.010951679603750271
1988-02-03,0.2628681989525303,0.2808820095406478,0.2600994095473196,0.2508589918937852,0.2638689662074257,0.2666711145211329,0.2647744222951882,0.27365980585115257,0.009078781412965241
1988-02-06,0.2794142175668012,0.2628681989525303,0.2808820095406478,0.2600994095473196,0.2508589918937852,0.2638689662074257,0.26638041546137753,0.2734952352359031,0.010640092426945873
1988-02-08,0.2654368349067619,0.2794142175668012,0.2628681989525303,0.2808820095406478,0.2600994095473196,0.2508589918937852,0.2662040898021817,0.27288476721041693,0.010644698244327818
1988-02-09,0.2627681222270407,0.2654368349067619,0.2794142175668012,0.2628681989525303,0.2808820095406478,0.2600994095473196,0.26604682637641236,0.27222870867665205,0.010692969284813694
1988-02-11,0.2534276278480168,0.2627681222270407,0.2654368349067619,0.2794142175668012,0.2628681989525303,0.2808820095406478,0.266413774369874,0.2705996819784057,0.010113265646119295
1988-02-12,0.2597658204623545,0.2534276278480168,0.2627681222270407,0.2654368349067619,0.2794142175668012,0.2628681989525303,0.2663661187863076,0.2710722665154396,0.010148703060289163
1988-03-02,0.2738766387563799,0.2597658204623545,0.2534276278480168,0.2627681222270407,0.2654368349067619,0.2794142175668012,0.26536535153141216,0.27192180671848415,0.008724134369429336
1988-03-03,0.2630016345865164,0.2738766387563799,0.2597658204623545,0.2534276278480168,0.2627681222270407,0.2654368349067619,0.2653844137648388,0.27139028810977306,0.008717912270982828
1988-03-05,0.2742102278413451,0.2630016345865164,0.2738766387563799,0.2597658204623545,0.2534276278480168,0.2627681222270407,0.26464098666120217,0.27114343218689885,0.007452100135418882
1988-03-06,0.2867531774360343,0.2742102278413451,0.2630016345865164,0.2738766387563799,0.2597658204623545,0.2534276278480168,0.26768617845109827,0.2712212696400574,0.011229470407086092
1988-03-08,0.2663375254361678,0.2867531774360343,0.2742102278413451,0.2630016345865164,0.2738766387563799,0.2597658204623545,0.2681960931952593,0.2706486083775339,0.011048510686583033
1988-03-10,0.240918037161824,0.2663375254361678,0.2867531774360343,0.2742102278413451,0.2630016345865164,0.2738766387563799,0.26640900881151747,0.2691841522945369,0.014352970705498925
1988-03-11,0.2591987190179137,0.240918037161824,0.2663375254361678,0.2867531774360343,0.2742102278413451,0.2630016345865164,0.2663279943194544,0.26762517930413315,0.014398246377408164
1988-04-01,0.2972945925209327,0.2591987190179137,0.240918037161824,0.2663375254361678,0.2867531774360343,0.2742102278413451,0.26967341628581915,0.2691685848039052,0.01856278636983471
1988-04-02,0.2724422056910298,0.2972945925209327,0.2591987190179137,0.240918037161824,0.2663375254361678,0.2867531774360343,0.2710220693007496,0.2700792830058601,0.018338864450110792
1988-04-03,0.2648030156453281,0.2724422056910298,0.2972945925209327,0.2591987190179137,0.240918037161824,0.2663375254361678,0.26967818184417575,0.27056632306990913,0.018410837998919276
1988-04-05,0.2724422056910298,0.2648030156453281,0.2724422056910298,0.2972945925209327,0.2591987190179137,0.240918037161824,0.2676337573091751,0.270178247767733,0.016934089811892695
1988-04-07,0.2686392901224272,0.2724422056910298,0.2648030156453281,0.2724422056910298,0.2972945925209327,0.2591987190179137,0.2679625808357836,0.2697801647930079,0.016927070977834382
1988-04-08,0.2656703472662375,0.2686392901224272,0.2724422056910298,0.2648030156453281,0.2724422056910298,0.2972945925209327,0.2714986251364141,0.26910631484137837,0.01228465247415366
1988-04-10,0.2425859825866498,0.2656703472662375,0.2686392901224272,0.2724422056910298,0.2648030156453281,0.2724422056910298,0.269125377074805,0.267699680866442,0.016076396686951534
1988-04-11,0.2575974914100811,0.2425859825866498,0.2656703472662375,0.2686392901224272,0.2724422056910298,0.2648030156453281,0.2634543626303976,0.26677786302832174,0.010527486229431041
1988-05-01,0.2939587016712813,0.2575974914100811,0.2425859825866498,0.2656703472662375,0.2686392901224272,0.2724422056910298,0.26652814777043354,0.2672849184374687,0.015537932561391344
1988-05-02,0.2714080795276379,0.2939587016712813,0.2575974914100811,0.2425859825866498,0.2656703472662375,0.2686392901224272,0.26747172832504923,0.2675606854143732,0.015616067222354878
1988-05-04,0.2793474997498082,0.2714080795276379,0.2939587016712813,0.2575974914100811,0.2425859825866498,0.2656703472662375,0.2684581989048747,0.26749063170653054,0.016189944230972583
1988-05-05,0.2735096907629183,0.2793474997498082,0.2714080795276379,0.2939587016712813,0.2575974914100811,0.2425859825866498,0.2691539704249449,0.26766854588517863,0.016303281137641387
1988-05-07,0.2686059312139307,0.2735096907629183,0.2793474997498082,0.2714080795276379,0.2939587016712813,0.2575974914100811,0.26957333956032964,0.2677330397749386,0.01623635569989346
1988-05-08,0.2655035527237549,0.2686059312139307,0.2735096907629183,0.2793474997498082,0.2714080795276379,0.2939587016712813,0.27284727815134463,0.26778752599214956,0.011510361199566903
1988-05-09,0.2618674316976349,0.2655035527237549,0.2686059312139307,0.2735096907629183,0.2793474997498082,0.2714080795276379,0.2734572696209952,0.26815447398561115,0.010648371510929703
1988-05-10,0.2405510891683624,0.2618674316976349,0.2655035527237549,0.2686059312139307,0.2735096907629183,0.2793474997498082,0.2658276106920067,0.2675028633063126,0.01248567861771035
1988-05-12,0.2629349167695233,0.2405510891683624,0.2618674316976349,0.2655035527237549,0.2686059312139307,0.2735096907629183,0.26461715886941894,0.26690462688060845,0.012263242595038271
1988-06-01,0.29789505287387,0.2629349167695233,0.2405510891683624,0.2618674316976349,0.2655035527237549,0.2686059312139307,0.2672668093157135,0.2680721886779865,0.01704705970822515
1988-06-04,0.2768455816125697,0.29789505287387,0.2629349167695233,0.2405510891683624,0.2618674316976349,0.2655035527237549,0.267743365151378,0.2679865674795121,0.017295486115720043
1988-06-05,0.2721419755145612,0.2768455816125697,0.29789505287387,0.2629349167695233,0.2405510891683624,0.2618674316976349,0.26824851433718233,0.2682100721664388,0.01737632758904
1988-06-06,0.2866531007105448,0.2721419755145612,0.2768455816125697,0.29789505287387,0.2629349167695233,0.2405510891683624,0.2712698783352952,0.26900623811588886,0.01861412575322634
1988-06-07,0.2681389064949795,0.2866531007105448,0.2721419755145612,0.2768455816125697,0.29789505287387,0.2629349167695233,0.27216580330634443,0.2694966140707876,0.01823317615573375
1988-06-09,0.2625679687760617,0.2681389064949795,0.2866531007105448,0.2721419755145612,0.2768455816125697,0.29789505287387,0.27531107182173004,0.26959001901457785,0.01302607356908552
1988-06-10,0.2460886679787837,0.2625679687760617,0.2681389064949795,0.2866531007105448,0.2721419755145612,0.2768455816125697,0.2729044648516244,0.2686637533219913,0.016724776672586705
1988-06-12,0.2621009440571105,0.2460886679787837,0.2625679687760617,0.2681389064949795,0.2866531007105448,0.2721419755145612,0.26779102073494443,0.26863373030434445,0.012828771863837818
1988-07-01,0.2992961270307236,0.2621009440571105,0.2460886679787837,0.2625679687760617,0.2681389064949795,0.2866531007105448,0.2709982415089664,0.26946992694399036,0.01744537722709996
1988-07-03,0.2675384461420422,0.2992961270307236,0.2621009440571105,0.2460886679787837,0.2625679687760617,0.2681389064949795,0.27034059445574943,0.26882943590085734,0.017481808061306194
1988-07-04,0.2750775594622544,0.2675384461420422,0.2992961270307236,0.2621009440571105,0.2460886679787837,0.2625679687760617,0.26868694570599366,0.2691207703683936,0.016180650874842342
1988-07-06,0.2865530239850552,0.2750775594622544,0.2675384461420422,0.2992961270307236,0.2621009440571105,0.2460886679787837,0.2713175339188616,0.27064193659583463,0.017518262956498817
1988-07-07,0.2708743369916936,0.2865530239850552,0.2750775594622544,0.2675384461420422,0.2992961270307236,0.2621009440571105,0.2725041579496662,0.2710311238616273,0.017103226884972206
1988-07-09,0.2617673549721453,0.2708743369916936,0.2865530239850552,0.2750775594622544,0.2675384461420422,0.2992961270307236,0.27474397037728926,0.26984688261000106,0.013768961042097577
1988-07-10,0.2461887447042733,0.2617673549721453,0.2708743369916936,0.2865530239850552,0.2750775594622544,0.2675384461420422,0.27247079904116966,0.2689717672437758,0.01711183495086285
1988-07-11,0.257330620142109,0.2461887447042733,0.2617673549721453,0.2708743369916936,0.2865530239850552,0.2750775594622544,0.26647572662851043,0.2687226873936685,0.0130059596277411
1988-07-12,0.2586649764819695,0.257330620142109,0.2461887447042733,0.2617673549721453,0.2708743369916936,0.2865530239850552,0.26520808810564295,0.2682634464200332,0.013313902559262496
1988-08-01,0.2995629982986957,0.2586649764819695,0.257330620142109,0.2461887447042733,0.2617673549721453,0.2708743369916936,0.26870600793942023,0.2692942366925754,0.018532697660775463
1988-08-02,0.27167495079561,0.2995629982986957,0.2586649764819695,0.257330620142109,0.2461887447042733,0.2617673549721453,0.26658056891235665,0.26949439014355453,0.01692848436836596
1988-08-03,0.2678386763185109,0.27167495079561,0.2995629982986957,0.2586649764819695,0.257330620142109,0.2461887447042733,0.266146903101902,0.27033614660128324,0.01683880154949794
1988-08-04,0.276545351436101,0.2678386763185109,0.27167495079561,0.2995629982986957,0.2586649764819695,0.257330620142109,0.2682580454538956,0.27096774193548395,0.01712220905464474
1988-08-06,0.2821830069720119,0.276545351436101,0.2678386763185109,0.27167495079561,0.2995629982986957,0.2586649764819695,0.27340008292071544,0.27057521877884155,0.014610423961440983
1988-08-07,0.2698735697367982,0.2821830069720119,0.276545351436101,0.2678386763185109,0.27167495079561,0.2995629982986957,0.2751919328628139,0.2705240684524802,0.012990512613292371
1988-08-08,0.2649364512793142,0.2698735697367982,0.2821830069720119,0.276545351436101,0.2678386763185109,0.27167495079561,0.27608785783386314,0.2700437001701304,0.011824665972418137
1988-08-09,0.2624345331420756,0.2649364512793142,0.2698735697367982,0.2821830069720119,0.276545351436101,0.2678386763185109,0.27078379138291736,0.2696745282494357,0.0067987199902989365
1988-08-11,0.2558294692597659,0.2624345331420756,0.2649364512793142,0.2698735697367982,0.2821830069720119,0.276545351436101,0.2685201511635111,0.26924864618429684,0.008796824017817163
1988-08-12,0.2590652833839277,0.2558294692597659,0.2624345331420756,0.2649364512793142,0.2698735697367982,0.2821830069720119,0.2672668093157135,0.2690340372063026,0.00950647790592997
1988-09-02,0.269339827200854,0.2590652833839277,0.2558294692597659,0.2624345331420756,0.2649364512793142,0.2698735697367982,0.2662374487106782,0.2692831170564099,0.008689339345250546
1988-09-03,0.2679387530440004,0.269339827200854,0.2590652833839277,0.2558294692597659,0.2624345331420756,0.2649364512793142,0.26420255529239084,0.27019603918559787,0.0053646338667232615
1988-09-05,0.2732094605864496,0.2679387530440004,0.269339827200854,0.2590652833839277,0.2558294692597659,0.2624345331420756,0.26467911112805537,0.2705385239794954,0.006055988483034728
1988-09-06,0.2805817793641792,0.2732094605864496,0.2679387530440004,0.269339827200854,0.2590652833839277,0.2558294692597659,0.26691415799732177,0.2699614148625057,0.008543131457102116
1988-09-08,0.2607999466257464,0.2805817793641792,0.2732094605864496,0.2679387530440004,0.269339827200854,0.2590652833839277,0.26668064563784616,0.26942656036294493,0.008706754238887678
1988-09-09,0.2632017880374954,0.2607999466257464,0.2805817793641792,0.2732094605864496,0.2679387530440004,0.269339827200854,0.26773383403466466,0.26912855411370945,0.007543599904105253
1988-09-11,0.257464055776095,0.2632017880374954,0.2607999466257464,0.2805817793641792,0.2732094605864496,0.2679387530440004,0.2675050872335457,0.2681555859492278,0.007867588538660174
1988-09-12,0.2567635186976683,0.257464055776095,0.2632017880374954,0.2607999466257464,0.2805817793641792,0.2732094605864496,0.2657084717330906,0.26777640635598404,0.008763693376177169
1988-10-02,0.2710077726256797,0.2567635186976683,0.257464055776095,0.2632017880374954,0.2607999466257464,0.2805817793641792,0.266146903101902,0.2680577331509713,0.008968247787966642
1988-10-03,0.271875104246589,0.2710077726256797,0.2567635186976683,0.257464055776095,0.2632017880374954,0.2607999466257464,0.26595628076763617,0.2689172810265648,0.008805822149099394
1988-10-05,0.2747106114687928,0.271875104246589,0.2710077726256797,0.2567635186976683,0.257464055776095,0.2632017880374954,0.26511754249686664,0.2693376032736209,0.007337844210542643
1988-10-06,0.2820162124295293,0.2747106114687928,0.271875104246589,0.2710077726256797,0.2567635186976683,0.257464055776095,0.26814843761169277,0.26876160612024774,0.00936022507703402
1988-10-08,0.2617339960636488,0.2820162124295293,0.2747106114687928,0.271875104246589,0.2710077726256797,0.2567635186976683,0.26793875304400044,0.26856812445096795,0.009504830578836256
1988-10-10,0.2480902024885746,0.2617339960636488,0.2820162124295293,0.2747106114687928,0.271875104246589,0.2710077726256797,0.2665996311457832,0.26766854588517863,0.011645770119685121
1988-10-11,0.2563298528872136,0.2480902024885746,0.2617339960636488,0.2820162124295293,0.2747106114687928,0.271875104246589,0.2665376788871468,0.26666110684858396,0.011707804668219407
1988-11-01,0.2995629982986957,0.2563298528872136,0.2480902024885746,0.2617339960636488,0.2820162124295293,0.2747106114687928,0.27061699684043483,0.26761739555881736,0.01720775154957088
1988-11-02,0.2706741835407146,0.2995629982986957,0.2563298528872136,0.2480902024885746,0.2617339960636488,0.2820162124295293,0.2704454367395956,0.2679142898444363,0.017199102139096395
1988-11-03,0.2714747973446309,0.2706741835407146,0.2995629982986957,0.2563298528872136,0.2480902024885746,0.2617339960636488,0.2699831775790011,0.26875715826578156,0.017108607820870748
1988-11-04,0.2761450445341429,0.2714747973446309,0.2706741835407146,0.2995629982986957,0.2563298528872136,0.2480902024885746,0.26914443930823156,0.26938430574551603,0.016555346935159743
1988-11-05,0.2763451979851219,0.2761450445341429,0.2714747973446309,0.2706741835407146,0.2995629982986957,0.2563298528872136,0.271231753868442,0.2699736464622878,0.0163855381093095
1988-11-07,0.2681389064949795,0.2763451979851219,0.2761450445341429,0.2714747973446309,0.2706741835407146,0.2995629982986957,0.2740958544407856,0.2689261767354972,0.013086430343290928
1988-11-08,0.2622343796910965,0.2681389064949795,0.2763451979851219,0.2761450445341429,0.2714747973446309,0.2706741835407146,0.2749393582699117,0.2686114910320134,0.01188564425295336
1988-11-10,0.2484237915735397,0.2622343796910965,0.2681389064949795,0.2763451979851219,0.2761450445341429,0.2714747973446309,0.2676337573091751,0.267964328207181,0.009753291982936793
1988-11-11,0.2571304666911299,0.2484237915735397,0.2622343796910965,0.2681389064949795,0.2763451979851219,0.2761450445341429,0.26569894061637733,0.26731716538234873,0.010373287326277647
1988-12-01,0.2972278747039397,0.2571304666911299,0.2484237915735397,0.2622343796910965,0.2681389064949795,0.2763451979851219,0.26937795166770717,0.26781866097341295,0.015872396622559366
1988-12-02,0.2726757180505054,0.2972278747039397,0.2571304666911299,0.2484237915735397,0.2622343796910965,0.2681389064949795,0.2688823335986161,0.2679120659172032,0.0156788610535687
1988-12-04,0.2774794008740034,0.2726757180505054,0.2972278747039397,0.2571304666911299,0.2484237915735397,0.2622343796910965,0.269044362582742,0.26833016423702616,0.015774407282932286
1988-12-05,0.2776128365079895,0.2774794008740034,0.2726757180505054,0.2972278747039397,0.2571304666911299,0.2484237915735397,0.27039778115602914,0.2688361076825566,0.016087097586814345
1988-12-07,0.2661373719851887,0.2776128365079895,0.2774794008740034,0.2726757180505054,0.2972278747039397,0.2571304666911299,0.2709553514837566,0.2691797044400707,0.015822463054883475
1988-12-08,0.265770423991727,0.2661373719851887,0.2776128365079895,0.2774794008740034,0.2726757180505054,0.2972278747039397,0.273433441829212,0.26940320912699733,0.012769284641456232
1988-12-09,0.2565300063381926,0.265770423991727,0.2661373719851887,0.2776128365079895,0.2774794008740034,0.2726757180505054,0.27334766177879233,0.268976215098242,0.012898419845430418
1988-12-10,0.247856690129099,0.2565300063381926,0.265770423991727,0.2661373719851887,0.2776128365079895,0.2774794008740034,0.26629463541095794,0.2683068130010786,0.01102666621370974
1988-12-12,0.2569303132401508,0.247856690129099,0.2565300063381926,0.265770423991727,0.2661373719851887,0.2776128365079895,0.26404529186662157,0.267764174756202,0.011113652985811231
1989-01-02,0.2387830670180472,0.2569303132401508,0.247856690129099,0.2565300063381926,0.265770423991727,0.2661373719851887,0.2585172441729136,0.26637088434466427,0.012811903556747916
1989-01-03,0.2329452580311573,0.2387830670180472,0.2569303132401508,0.247856690129099,0.2565300063381926,0.265770423991727,0.2521361615333661,0.26544239472484465,0.012839564864914036
1989-01-06,0.2178336724822364,0.2329452580311573,0.2387830670180472,0.2569303132401508,0.247856690129099,0.2565300063381926,0.24523563303294432,0.263930124206336,0.01651480326561923
1989-01-08,0.2229042265737065,0.2178336724822364,0.2329452580311573,0.2387830670180472,0.2569303132401508,0.247856690129099,0.23911189054465568,0.2627781298995897,0.015550696027827072
1989-01-09,0.2164993161423758,0.2229042265737065,0.2178336724822364,0.2329452580311573,0.2387830670180472,0.2569303132401508,0.23339322051668185,0.2614359898144133,0.015437834135541026
1989-01-11,0.2256062981619241,0.2164993161423758,0.2229042265737065,0.2178336724822364,0.2329452580311573,0.2387830670180472,0.2302145930927997,0.2599226073322881,0.014204921900580455
1989-01-12,0.2528271674950796,0.2256062981619241,0.2164993161423758,0.2229042265737065,0.2178336724822364,0.2329452580311573,0.22962842941493242,0.25928767610723774,0.012947796082189952
1989-02-02,0.2376488641291657,0.2528271674950796,0.2256062981619241,0.2164993161423758,0.2229042265737065,0.2178336724822364,0.2294664004308065,0.2580522845292502,0.012820613284439477
1989-02-03,0.2328451813056677,0.2376488641291657,0.2528271674950796,0.2256062981619241,0.2164993161423758,0.2229042265737065,0.22945210375573658,0.25641325015845484,0.012816142354905776
1989-02-05,0.2285418821096174,0.2328451813056677,0.2376488641291657,0.2528271674950796,0.2256062981619241,0.2164993161423758,0.23098184798821955,0.2553068463599871,0.011796756372251858
1989-02-06,0.2179003902992294,0.2285418821096174,0.2328451813056677,0.2376488641291657,0.2528271674950796,0.2256062981619241,0.23026701423472282,0.254300519287009,0.012498536060436926
1989-02-08,0.2234046102011542,0.2179003902992294,0.2285418821096174,0.2328451813056677,0.2376488641291657,0.2528271674950796,0.2312534848145483,0.2532030111974736,0.011460160199928557
1989-02-10,0.2212362811488808,0.2234046102011542,0.2179003902992294,0.2285418821096174,0.2328451813056677,0.2376488641291657,0.2306291966698278,0.25059212062581315,0.011928517183795083
1989-02-11,0.2264069119658405,0.2212362811488808,0.2234046102011542,0.2179003902992294,0.2285418821096174,0.2328451813056677,0.22685487445136512,0.24911654490665067,0.006820268263612615
1989-03-01,0.2513260166127365,0.2264069119658405,0.2212362811488808,0.2234046102011542,0.2179003902992294,0.2285418821096174,0.22880875337758952,0.2484449188822542,0.011065708597848946
1989-03-02,0.2369149681422424,0.2513260166127365,0.2264069119658405,0.2212362811488808,0.2234046102011542,0.2179003902992294,0.22939015149710018,0.24713724966919084,0.01141454657891681
1989-03-03,0.2345131267304934,0.2369149681422424,0.2513260166127365,0.2264069119658405,0.2212362811488808,0.2234046102011542,0.2302431864429396,0.24574284729403656,0.011562748199642647
1989-03-04,0.2338793074690596,0.2345131267304934,0.2369149681422424,0.2513260166127365,0.2264069119658405,0.2212362811488808,0.23252588889577247,0.24460086065983921,0.010219136636920315
1989-03-05,0.2293091370050372,0.2338793074690596,0.2345131267304934,0.2369149681422424,0.2513260166127365,0.2264069119658405,0.23336939272489862,0.24350335257030392,0.00956341813333227
1989-03-07,0.2265737065083231,0.2293091370050372,0.2338793074690596,0.2345131267304934,0.2369149681422424,0.2513260166127365,0.2341318820619618,0.24277501640146337,0.0085989633393781
1989-03-08,0.2230710211161891,0.2265737065083231,0.2293091370050372,0.2338793074690596,0.2345131267304934,0.2369149681422424,0.2336553262262973,0.24163970154896533,0.009171793415103506
1989-03-10,0.2205691029789505,0.2230710211161891,0.2265737065083231,0.2293091370050372,0.2338793074690596,0.2345131267304934,0.22926148142147076,0.23908440915813234,0.006172325354079289
1989-03-11,0.2305767755279048,0.2205691029789505,0.2230710211161891,0.2265737065083231,0.2293091370050372,0.2338793074690596,0.22835602533370825,0.2376811110740457,0.005259923734760456
1989-04-01,0.2498248657303933,0.2305767755279048,0.2205691029789505,0.2230710211161891,0.2265737065083231,0.2293091370050372,0.23054341661940822,0.23675929323592534,0.009622103305097022
1989-04-04,0.234679921272976,0.2498248657303933,0.2305767755279048,0.2205691029789505,0.2230710211161891,0.2265737065083231,0.23065779001996772,0.23532819606142488,0.009672987871289363
1989-04-05,0.2290756246455616,0.234679921272976,0.2498248657303933,0.2305767755279048,0.2205691029789505,0.2230710211161891,0.23062443111147118,0.2340928044834373,0.009678814999338523
1989-04-07,0.227741268305701,0.2290756246455616,0.234679921272976,0.2498248657303933,0.2305767755279048,0.2205691029789505,0.23079122565395374,0.2328251659605698,0.00960716983791045
1989-04-08,0.2239049938286019,0.227741268305701,0.2290756246455616,0.234679921272976,0.2498248657303933,0.2305767755279048,0.23091036461286987,0.2317376655435834,0.009500048647012154
1989-04-09,0.2161323681489142,0.2239049938286019,0.227741268305701,0.2290756246455616,0.234679921272976,0.2498248657303933,0.23027654535143613,0.23068018814424393,0.010409458399999646
1989-04-10,0.2209026920639157,0.2161323681489142,0.2239049938286019,0.227741268305701,0.2290756246455616,0.234679921272976,0.2288945334280091,0.2294792674383694,0.010989011433317954
1989-04-12,0.2493244821029456,0.2209026920639157,0.2161323681489142,0.2239049938286019,0.227741268305701,0.2290756246455616,0.22882305005265943,0.22983064794119937,0.010830654467384133
1989-05-01,0.2484237915735397,0.2493244821029456,0.2209026920639157,0.2161323681489142,0.2239049938286019,0.227741268305701,0.2307864600955971,0.23034659905927876,0.01308128263239286
1989-05-04,0.2322447209527304,0.2484237915735397,0.2493244821029456,0.2209026920639157,0.2161323681489142,0.2239049938286019,0.23123918813947836,0.2308269673416286,0.01306703587830587
1989-05-05,0.2273743203122394,0.2322447209527304,0.2484237915735397,0.2493244821029456,0.2209026920639157,0.2161323681489142,0.23118676699755528,0.23097597046624635,0.013084132146708893
1989-05-06,0.2203689495279714,0.2273743203122394,0.2322447209527304,0.2484237915735397,0.2493244821029456,0.2209026920639157,0.23068161781175092,0.2311049582457662,0.013474555086142634
1989-05-07,0.2326450278546886,0.2203689495279714,0.2273743203122394,0.2322447209527304,0.2484237915735397,0.2493244821029456,0.2330405691982901,0.23133958256885834,0.011850482130513715
1989-05-09,0.2159322146979351,0.2326450278546886,0.2203689495279714,0.2273743203122394,0.2322447209527304,0.2484237915735397,0.23233050100315003,0.23010975080895354,0.01280912379804686
1989-05-10,0.2210361276979017,0.2159322146979351,0.2326450278546886,0.2203689495279714,0.2273743203122394,0.2322447209527304,0.22828930751671517,0.2295559929279114,0.010869611124725731
1989-05-12,0.2460886679787837,0.2210361276979017,0.2159322146979351,0.2326450278546886,0.2203689495279714,0.2273743203122394,0.22795571843175003,0.22999744248368195,0.010161458957727125
1989-06-01,0.2478233312206025,0.2460886679787837,0.2210361276979017,0.2159322146979351,0.2326450278546886,0.2203689495279714,0.23018123418430322,0.23064015745404812,0.012656931840209306
1989-06-02,0.2355138939853888,0.2478233312206025,0.2460886679787837,0.2210361276979017,0.2159322146979351,0.2326450278546886,0.23134403042332455,0.23122727424358674,0.012729764144586453
1989-06-03,0.2350802281749341,0.2355138939853888,0.2478233312206025,0.2460886679787837,0.2210361276979017,0.2159322146979351,0.2334456416586049,0.23161646150937942,0.0117959792270545
1989-06-04,0.2331454114821363,0.2350802281749341,0.2355138939853888,0.2478233312206025,0.2460886679787837,0.2210361276979017,0.23351712503395458,0.23201343252048795,0.011791834336634468
1989-06-06,0.2201687960769923,0.2331454114821363,0.2350802281749341,0.2355138939853888,0.2478233312206025,0.2460886679787837,0.2341223509452485,0.231805495324193,0.010806393691755815
1989-06-07,0.2339126663775561,0.2201687960769923,0.2331454114821363,0.2350802281749341,0.2355138939853888,0.2478233312206025,0.2359618564709134,0.23122505031635365,0.009181295591338665
1989-06-09,0.21703305867832,0.2339126663775561,0.2201687960769923,0.2331454114821363,0.2350802281749341,0.2355138939853888,0.2318110551422757,0.23056232000088958,0.01033537731355569
1989-06-10,0.2189011575541248,0.21703305867832,0.2339126663775561,0.2201687960769923,0.2331454114821363,0.2350802281749341,0.22767931604706462,0.23004192102834395,0.008482273085215604
1989-06-11,0.230076391900457,0.2189011575541248,0.21703305867832,0.2339126663775561,0.2201687960769923,0.2331454114821363,0.2269025300349315,0.22991515717605718,0.007872264877062066
1989-06-12,0.2454882076258465,0.230076391900457,0.2189011575541248,0.21703305867832,0.2339126663775561,0.2201687960769923,0.22838938424220473,0.23045445953008417,0.010286826870455928
1989-07-02,0.2375821463121727,0.2454882076258465,0.230076391900457,0.2189011575541248,0.21703305867832,0.2339126663775561,0.2290232035036385,0.23082140752354582,0.010754749599993268
1989-07-03,0.2374153517696901,0.2375821463121727,0.2454882076258465,0.230076391900457,0.2189011575541248,0.21703305867832,0.23148699717402388,0.23129955187866252,0.01035634669049283
1989-07-04,0.2317443373252827,0.2374153517696901,0.2375821463121727,0.2454882076258465,0.230076391900457,0.2189011575541248,0.23117723588084196,0.23167205969020693,0.0103039975179482
1989-07-06,0.2263735530573439,0.2317443373252827,0.2374153517696901,0.2375821463121727,0.2454882076258465,0.230076391900457,0.23251159222070256,0.23153195227452156,0.008637015892267216
1989-07-07,0.2326116689461921,0.2263735530573439,0.2317443373252827,0.2374153517696901,0.2375821463121727,0.2454882076258465,0.23447023670528358,0.23095817904838153,0.006264986394752832
1989-07-08,0.2209694098809087,0.2326116689461921,0.2263735530573439,0.2317443373252827,0.2374153517696901,0.2375821463121727,0.23316923927391953,0.2305011620019793,0.008027230943446598
1989-07-09,0.2163658805083897,0.2209694098809087,0.2326116689461921,0.2263735530573439,0.2317443373252827,0.2374153517696901,0.22900890682856856,0.23007750386407355,0.008124612215084022
1989-07-11,0.2329786169396537,0.2163658805083897,0.2209694098809087,0.2326116689461921,0.2263735530573439,0.2317443373252827,0.22835125977535156,0.23025208215187198,0.007475366295033461
1989-07-12,0.2475898188611269,0.2329786169396537,0.2163658805083897,0.2209694098809087,0.2326116689461921,0.2263735530573439,0.22980475507412823,0.23104157631962283,0.01007027357622116
1989-08-02,0.2372819161357041,0.2475898188611269,0.2329786169396537,0.2163658805083897,0.2209694098809087,0.2326116689461921,0.23059583776133127,0.2317465612525158,0.010458072917651103
1989-08-03,0.2399839877239217,0.2372819161357041,0.2475898188611269,0.2329786169396537,0.2163658805083897,0.2209694098809087,0.2325401855708424,0.2323826044411827,0.010801805309558023
1989-08-05,0.2290756246455616,0.2399839877239217,0.2372819161357041,0.2475898188611269,0.2329786169396537,0.2163658805083897,0.23203503638503806,0.23170764252593656,0.010880302004893741
1989-08-06,0.2265737065083231,0.2290756246455616,0.2399839877239217,0.2372819161357041,0.2475898188611269,0.2329786169396537,0.2328356501889544,0.23097930635709601,0.010109211864750212
1989-08-08,0.2208359742469226,0.2265737065083231,0.2290756246455616,0.2399839877239217,0.2372819161357041,0.2475898188611269,0.2334742350087448,0.23059901480023573,0.008972749137777378
1989-08-09,0.2166327517763619,0.2208359742469226,0.2265737065083231,0.2290756246455616,0.2399839877239217,0.2372819161357041,0.23113911141398888,0.23024096251570647,0.011017271798662328
1989-08-11,0.2323781565867165,0.2166327517763619,0.2208359742469226,0.2265737065083231,0.2290756246455616,0.2399839877239217,0.2289660168033588,0.23064126941766463,0.008427482259796061
1989-08-12,0.2498248657303933,0.2323781565867165,0.2166327517763619,0.2208359742469226,0.2265737065083231,0.2290756246455616,0.23075786674545726,0.23121393068018817,0.011325465824012471
1989-09-01,0.2452213363578744,0.2498248657303933,0.2323781565867165,0.2166327517763619,0.2208359742469226,0.2265737065083231,0.2315060594074505,0.23219023473551945,0.012177500810162742
1989-09-02,0.2394502451879774,0.2452213363578744,0.2498248657303933,0.2323781565867165,0.2166327517763619,0.2208359742469226,0.23298814805636706,0.2328040386518553,0.012460444903307033
1989-09-03,0.2379157353971378,0.2394502451879774,0.2452213363578744,0.2498248657303933,0.2323781565867165,0.2166327517763619,0.23460843789762628,0.23253160756580044,0.01222248478263155
1989-09-05,0.2276411915802115,0.2379157353971378,0.2394502451879774,0.2452213363578744,0.2498248657303933,0.2323781565867165,0.23558061180238182,0.23185886957778742,0.011169756167884279
1989-09-06,0.2224038429462588,0.2276411915802115,0.2379157353971378,0.2394502451879774,0.2452213363578744,0.2498248657303933,0.2364050533980814,0.23142186787648308,0.009647353932633168
1989-09-08,0.2199686426260133,0.2224038429462588,0.2276411915802115,0.2379157353971378,0.2394502451879774,0.2452213363578744,0.2346322656894095,0.23091814835818572,0.01147728840455199
1989-09-10,0.2188344397371318,0.2199686426260133,0.2224038429462588,0.2276411915802115,0.2379157353971378,0.2394502451879774,0.23020506197608645,0.23044111596668557,0.010582408157770217
1989-09-11,0.2349801514494446,0.2188344397371318,0.2199686426260133,0.2224038429462588,0.2276411915802115,0.2379157353971378,0.22874203556059644,0.230934827812434,0.008701092207574805
1989-10-01,0.2465890516062315,0.2349801514494446,0.2188344397371318,0.2199686426260133,0.2224038429462588,0.2276411915802115,0.22976186504891846,0.23135737398672315,0.010414924360749422
1989-10-02,0.2366480968742703,0.2465890516062315,0.2349801514494446,0.2188344397371318,0.2199686426260133,0.2224038429462588,0.22958077383136596,0.23201120859325483,0.010259377219030596
1989-10-03,0.2392500917369984,0.2366480968742703,0.2465890516062315,0.2349801514494446,0.2188344397371318,0.2199686426260133,0.23123918813947839,0.23268950639935063,0.010816733093252113
1989-10-04,0.231243953697835,0.2392500917369984,0.2366480968742703,0.2465890516062315,0.2349801514494446,0.2188344397371318,0.23250206110398924,0.2327284251259299,0.010105963998383165
1989-10-05,0.2283750875671348,0.231243953697835,0.2392500917369984,0.2366480968742703,0.2465890516062315,0.2349801514494446,0.23370298180986376,0.23215798779063948,0.008780972877543775
1989-10-07,0.232411515495213,0.2283750875671348,0.231243953697835,0.2392500917369984,0.2366480968742703,0.2465890516062315,0.23564256406101822,0.23198563343007417,0.006012395456711426
1989-10-08,0.2208026153384261,0.232411515495213,0.2283750875671348,0.231243953697835,0.2392500917369984,0.2366480968742703,0.23361720175944417,0.23143187554903205,0.008245847795709143
1989-10-10,0.2181672615672015,0.2208026153384261,0.232411515495213,0.2283750875671348,0.231243953697835,0.2392500917369984,0.2295569460395827,0.23097930635709601,0.007778132414463418
1989-10-11,0.2338125896520666,0.2181672615672015,0.2208026153384261,0.232411515495213,0.2283750875671348,0.231243953697835,0.22915187357926792,0.23122727424358674,0.007412529478873366
1989-11-01,0.2461220268872803,0.2338125896520666,0.2181672615672015,0.2208026153384261,0.232411515495213,0.2283750875671348,0.23013357860073677,0.23167761950828972,0.009209953309174984
1989-11-04,0.233579077292591,0.2461220268872803,0.2338125896520666,0.2181672615672015,0.2208026153384261,0.232411515495213,0.2304671676857019,0.23209794175534576,0.009298736440857276
1989-11-05,0.2291423424625546,0.233579077292591,0.2461220268872803,0.2338125896520666,0.2181672615672015,0.2208026153384261,0.23057677552790473,0.23252382382048462,0.009274456514849812
1989-11-07,0.2294092137305267,0.2291423424625546,0.233579077292591,0.2461220268872803,0.2338125896520666,0.2181672615672015,0.23014787527580668,0.2324048437135137,0.009244840936925711
1989-11-08,0.2181672615672015,0.2294092137305267,0.2291423424625546,0.233579077292591,0.2461220268872803,0.2338125896520666,0.22977139616563175,0.23142409180371618,0.00972977877094473
1989-11-09,0.215798779063949,0.2181672615672015,0.2294092137305267,0.2291423424625546,0.233579077292591,0.2461220268872803,0.22943304152230998,0.2307079872346577,0.010228948067684386
1989-11-10,0.2176001601227608,0.215798779063949,0.2181672615672015,0.2294092137305267,0.2291423424625546,0.233579077292591,0.22711698016098056,0.22996185964795232,0.01088635177808367
1989-11-12,0.2539280114754645,0.2176001601227608,0.215798779063949,0.2181672615672015,0.2294092137305267,0.2291423424625546,0.22823212081643546,0.2307902725422824,0.013291668809975123
1989-12-01,0.2463555392467558,0.2539280114754645,0.2176001601227608,0.215798779063949,0.2181672615672015,0.2294092137305267,0.23005732966703044,0.23144966696689684,0.014925143210529906
1989-12-04,0.2350802281749341,0.2463555392467558,0.2539280114754645,0.2176001601227608,0.215798779063949,0.2181672615672015,0.23090559905451322,0.2319244754311639,0.01503282397671363
1989-12-05,0.2284418053841279,0.2350802281749341,0.2463555392467558,0.2539280114754645,0.2176001601227608,0.215798779063949,0.23076739786217051,0.23231811055142276,0.015053306356160702
1989-12-06,0.216832905227341,0.2284418053841279,0.2350802281749341,0.2463555392467558,0.2539280114754645,0.2176001601227608,0.23057677552790473,0.23179993550611025,0.015246663491469442
1989-12-07,0.230076391900457,0.216832905227341,0.2284418053841279,0.2350802281749341,0.2463555392467558,0.2539280114754645,0.23261643450454872,0.23114165304511236,0.013829342168203869
1989-12-09,0.2159655736064316,0.230076391900457,0.216832905227341,0.2284418053841279,0.2350802281749341,0.2463555392467558,0.2323829221450731,0.23016646095339763,0.014135565104944084
1989-12-10,0.2190012342796143,0.2159655736064316,0.230076391900457,0.216832905227341,0.2284418053841279,0.2350802281749341,0.22739338254566596,0.22948482725645214,0.011101766848811829
1989-12-12,0.2539280114754645,0.2190012342796143,0.2159655736064316,0.230076391900457,0.216832905227341,0.2284418053841279,0.22847516429262432,0.2300185697923964,0.013390461446127296
1990-01-02,0.2541281649264436,0.2539280114754645,0.2190012342796143,0.2159655736064316,0.230076391900457,0.216832905227341,0.23119629811426856,0.23090146890393742,0.016524952517045412
1990-01-03,0.2477899723121059,0.2541281649264436,0.2539280114754645,0.2190012342796143,0.2159655736064316,0.230076391900457,0.23396032196112254,0.23174767321613238,0.017572366244311948
1990-01-05,0.2232378156586716,0.2477899723121059,0.2541281649264436,0.2539280114754645,0.2190012342796143,0.2159655736064316,0.23487530916559834,0.2318566456505543,0.016675789131194642
1990-01-06,0.2192013877305935,0.2232378156586716,0.2477899723121059,0.2541281649264436,0.2539280114754645,0.2190012342796143,0.23332173714133214,0.23186887725033636,0.017674080659161828
1990-01-08,0.2240050705540914,0.2192013877305935,0.2232378156586716,0.2477899723121059,0.2541281649264436,0.2539280114754645,0.23447023670528352,0.23150304122049123,0.01658598438334902
1990-01-10,0.2411181906128032,0.2240050705540914,0.2192013877305935,0.2232378156586716,0.2477899723121059,0.2541281649264436,0.23762980189573907,0.23132067918737695,0.01519646097808195
1990-01-11,0.2305100577109117,0.2411181906128032,0.2240050705540914,0.2192013877305935,0.2232378156586716,0.2477899723121059,0.2342843799293744,0.2311160778819317,0.013492656906453735
1990-02-01,0.2429195716716149,0.2305100577109117,0.2411181906128032,0.2240050705540914,0.2192013877305935,0.2232378156586716,0.23268315232154174,0.23123839387975223,0.011218689516623389
1990-02-02,0.2555625979917937,0.2429195716716149,0.2305100577109117,0.2411181906128032,0.2240050705540914,0.2192013877305935,0.23379352741864,0.23204901535621753,0.01317685129801058
1990-02-03,0.2469559995996931,0.2555625979917937,0.2429195716716149,0.2305100577109117,0.2411181906128032,0.2240050705540914,0.2371818394102145,0.23266837909063615,0.013059093108322853
1990-02-04,0.2225039196717483,0.2469559995996931,0.2555625979917937,0.2429195716716149,0.2305100577109117,0.2411181906128032,0.23765362968752232,0.23233812589652064,0.012341164583460873
1990-02-05,0.2233045334756647,0.2225039196717483,0.2469559995996931,0.2555625979917937,0.2429195716716149,0.2305100577109117,0.2375535529620328,0.23242152316776196,0.012472431919222931
1990-02-07,0.2151649598025152,0.2233045334756647,0.2225039196717483,0.2469559995996931,0.2555625979917937,0.2429195716716149,0.2338459485605631,0.23232144644227237,0.014864316876188107
1990-02-08,0.2307102111618908,0.2151649598025152,0.2233045334756647,0.2225039196717483,0.2469559995996931,0.2555625979917937,0.23387454191070295,0.2322180338259332,0.014857021097724146
1990-02-10,0.2354805350768923,0.2307102111618908,0.2151649598025152,0.2233045334756647,0.2225039196717483,0.2469559995996931,0.23281182239717116,0.2318633174322536,0.014359941368916308
1990-02-11,0.2285752410181139,0.2354805350768923,0.2307102111618908,0.2151649598025152,0.2233045334756647,0.2225039196717483,0.22895648568664548,0.23169652288977105,0.010275804755800937
1990-03-01,0.2402508589918938,0.2285752410181139,0.2354805350768923,0.2307102111618908,0.2151649598025152,0.2233045334756647,0.22799860845695985,0.23206680677408234,0.008472609259827554
1990-03-04,0.2269072955932882,0.2402508589918938,0.2285752410181139,0.2354805350768923,0.2307102111618908,0.2151649598025152,0.22862766216003697,0.23198340950284105,0.00815414051273852
1990-03-05,0.2235046869266437,0.2269072955932882,0.2402508589918938,0.2285752410181139,0.2354805350768923,0.2307102111618908,0.22865625551017682,0.23216132368148915,0.008132686089712002
1990-03-07,0.2182339793841946,0.2235046869266437,0.2269072955932882,0.2402508589918938,0.2285752410181139,0.2354805350768923,0.22909468687898818,0.23224249702549732,0.0073269675801261955
1990-03-08,0.2295760082730093,0.2182339793841946,0.2235046869266437,0.2269072955932882,0.2402508589918938,0.2285752410181139,0.22893265789486225,0.2326416919638389,0.007297770222873287
1990-03-09,0.234746639089969,0.2295760082730093,0.2182339793841946,0.2235046869266437,0.2269072955932882,0.2402508589918938,0.2288278156110161,0.23200231288432244,0.007192535943252393
1990-03-10,0.2365146612402842,0.234746639089969,0.2295760082730093,0.2182339793841946,0.2235046869266437,0.2269072955932882,0.22996201849989756,0.23167428361744002,0.00775042287256066
1990-03-12,0.2306768522533943,0.2365146612402842,0.234746639089969,0.2295760082730093,0.2182339793841946,0.2235046869266437,0.22859430325154048,0.23152750442005537,0.006350466673695841
1990-04-01,0.2412516262467892,0.2306768522533943,0.2365146612402842,0.234746639089969,0.2295760082730093,0.2182339793841946,0.23064349334489775,0.23195449844881075,0.007852156096028757
1990-04-04,0.2264069119658405,0.2412516262467892,0.2306768522533943,0.2365146612402842,0.234746639089969,0.2295760082730093,0.23105809692192586,0.23227363200676074,0.007480206369255376
1990-04-05,0.2244387363645462,0.2264069119658405,0.2412516262467892,0.2306768522533943,0.2365146612402842,0.234746639089969,0.23194449077626184,0.2320857101555637,0.005910146770201197
1990-04-06,0.2149314474430397,0.2244387363645462,0.2264069119658405,0.2412516262467892,0.2306768522533943,0.2365146612402842,0.22985241065769474,0.23205123928345064,0.008782324565135032
1990-04-07,0.2185675684691597,0.2149314474430397,0.2244387363645462,0.2264069119658405,0.2412516262467892,0.2306768522533943,0.22754111485472198,0.23203678375643552,0.009387712907973536
1990-04-09,0.231177235880842,0.2185675684691597,0.2149314474430397,0.2244387363645462,0.2264069119658405,0.2412516262467892,0.2267786255176588,0.23127842456994807,0.00873118962221069
1990-04-10,0.2407512426193415,0.231177235880842,0.2185675684691597,0.2149314474430397,0.2244387363645462,0.2264069119658405,0.22821782414136554,0.23083252715971134,0.010189380432192578
1990-04-12,0.2286419588351069,0.2407512426193415,0.231177235880842,0.2185675684691597,0.2149314474430397,0.2244387363645462,0.2264164430825538,0.23019426004381136,0.00847079215533627
1990-05-01,0.2469226406911966,0.2286419588351069,0.2407512426193415,0.231177235880842,0.2185675684691597,0.2149314474430397,0.22934726147189038,0.2309837542115622,0.011481159152695087
1990-05-02,0.2589318477499416,0.2469226406911966,0.2286419588351069,0.2407512426193415,0.231177235880842,0.2185675684691597,0.23427484881266114,0.2323081028788738,0.015663590480499187
1990-05-03,0.2457217199853221,0.2589318477499416,0.2469226406911966,0.2286419588351069,0.2407512426193415,0.231177235880842,0.23867345917584432,0.2330319911932482,0.013500109083832576
1990-05-04,0.2291757013710511,0.2457217199853221,0.2589318477499416,0.2469226406911966,0.2286419588351069,0.2407512426193415,0.2401889067332574,0.2326339082185231,0.01127979140444518
1990-05-06,0.2156319845214664,0.2291757013710511,0.2457217199853221,0.2589318477499416,0.2469226406911966,0.2286419588351069,0.23796815653906087,0.23213797244554157,0.014437868389269802
1990-05-07,0.2166994695933549,0.2156319845214664,0.2291757013710511,0.2457217199853221,0.2589318477499416,0.2469226406911966,0.23453218896391995,0.23126396904293292,0.016394524623470408
1990-05-09,0.2324448744037095,0.2166994695933549,0.2156319845214664,0.2291757013710511,0.2457217199853221,0.2589318477499416,0.23507546261657744,0.23049337825666344,0.016228979599514047
1990-05-10,0.240651165893852,0.2324448744037095,0.2166994695933549,0.2156319845214664,0.2291757013710511,0.2457217199853221,0.2341795376455282,0.2302832171331354,0.01562792767706195
1990-05-11,0.2281749341161557,0.240651165893852,0.2324448744037095,0.2166994695933549,0.2156319845214664,0.2291757013710511,0.22978569284070163,0.230472250947949,0.011207363975934286
1990-05-12,0.2275744737632185,0.2281749341161557,0.240651165893852,0.2324448744037095,0.2166994695933549,0.2156319845214664,0.22719322909468684,0.23061458229086745,0.008732282008617252
1990-06-02,0.2576308503185776,0.2275744737632185,0.2281749341161557,0.240651165893852,0.2324448744037095,0.2166994695933549,0.23125825037290496,0.2320301119747362,0.014516452148993476
1990-06-03,0.2471561530506722,0.2576308503185776,0.2275744737632185,0.2281749341161557,0.240651165893852,0.2324448744037095,0.23576170301993435,0.23257831003769558,0.013729286354649765
1990-06-04,0.2287086766520999,0.2471561530506722,0.2576308503185776,0.2275744737632185,0.2281749341161557,0.240651165893852,0.23747730402832648,0.23235258142353582,0.011523405550182402
1990-06-06,0.2165660339593688,0.2287086766520999,0.2471561530506722,0.2576308503185776,0.2275744737632185,0.2281749341161557,0.23520889825056354,0.23195227452157766,0.013980161345074333
1990-06-07,0.2176668779397538,0.2165660339593688,0.2287086766520999,0.2471561530506722,0.2576308503185776,0.2275744737632185,0.2319254285428352,0.231199475153173,0.015139933144053798
1990-06-08,0.2317443373252827,0.2176668779397538,0.2165660339593688,0.2287086766520999,0.2471561530506722,0.2576308503185776,0.2324353432869962,0.2313607098775728,0.015052419229140818
1990-06-09,0.2352470227174167,0.2317443373252827,0.2176668779397538,0.2165660339593688,0.2287086766520999,0.2471561530506722,0.23353142170902452,0.2317521210705986,0.014918219963300297
1990-06-11,0.2297428028154919,0.2352470227174167,0.2317443373252827,0.2176668779397538,0.2165660339593688,0.2287086766520999,0.22954741492286942,0.23213574851830848,0.010470472168189618
1990-06-12,0.2235714047436368,0.2297428028154919,0.2352470227174167,0.2317443373252827,0.2176668779397538,0.2165660339593688,0.2261781651647215,0.23193559506732936,0.007117664132614689
1990-07-02,0.2594322313773893,0.2235714047436368,0.2297428028154919,0.2352470227174167,0.2317443373252827,0.2176668779397538,0.23056724441119142,0.23275844814357674,0.014540450308790875
1990-07-03,0.2439203389265103,0.2594322313773893,0.2235714047436368,0.2297428028154919,0.2352470227174167,0.2317443373252827,0.23447500226364018,0.23300530406645095,0.01380775995639006
1990-07-06,0.212095940220836,0.2439203389265103,0.2594322313773893,0.2235714047436368,0.2297428028154919,0.2352470227174167,0.2336791540180805,0.23238594033203233,0.015043277367307406
1990-07-08,0.232411515495213,0.212095940220836,0.2439203389265103,0.2594322313773893,0.2235714047436368,0.2297428028154919,0.23377446518521341,0.23209126997364649,0.015031084269818593
1990-07-09,0.2333122060246189,0.232411515495213,0.212095940220836,0.2439203389265103,0.2594322313773893,0.2235714047436368,0.23349806280052804,0.2323214464422724,0.015017275806308385
1990-07-11,0.233579077292591,0.2333122060246189,0.232411515495213,0.212095940220836,0.2439203389265103,0.2594322313773893,0.23404610201154216,0.23262612447320724,0.014927120691387344
1990-07-12,0.224105147279581,0.233579077292591,0.2333122060246189,0.232411515495213,0.212095940220836,0.2439203389265103,0.2341223509452485,0.2329319144677586,0.014865935297635234
1990-08-01,0.2466557694232245,0.224105147279581,0.233579077292591,0.2333122060246189,0.232411515495213,0.212095940220836,0.23229714209465352,0.23386818783289412,0.01168441278982115
1990-08-02,0.2555959569002902,0.2466557694232245,0.224105147279581,0.233579077292591,0.2333122060246189,0.232411515495213,0.23396508751947925,0.23468214520020905,0.01418576038751258
1990-08-03,0.2440537745604964,0.2555959569002902,0.2466557694232245,0.224105147279581,0.233579077292591,0.2333122060246189,0.238530492425145,0.23479222959824755,0.010685163667477406
1990-08-05,0.2240050705540914,0.2440537745604964,0.2555959569002902,0.2466557694232245,0.224105147279581,0.233579077292591,0.2373295717192705,0.23463766665554703,0.011891781921948699
1990-08-06,0.2125629649397872,0.2240050705540914,0.2440537745604964,0.2555959569002902,0.2466557694232245,0.224105147279581,0.2343653944214374,0.23349234413050007,0.015188965394594514
1990-08-08,0.2334122827501084,0.2125629649397872,0.2240050705540914,0.2440537745604964,0.2555959569002902,0.2466557694232245,0.23434156662965416,0.23264169196383894,0.015190535273838636
1990-08-10,0.2374487106781866,0.2334122827501084,0.2125629649397872,0.2240050705540914,0.2440537745604964,0.2555959569002902,0.2362477899723121,0.2323659249869344,0.014514064572209256
1990-08-11,0.2334122827501084,0.2374487106781866,0.2334122827501084,0.2125629649397872,0.2240050705540914,0.2440537745604964,0.23435586330472408,0.23250714436623635,0.013775623287685725
1990-09-01,0.2458885145278047,0.2334122827501084,0.2374487106781866,0.2334122827501084,0.2125629649397872,0.2240050705540914,0.23296908582294046,0.23351569536644762,0.011597450780108947
1990-09-02,0.2539280114754645,0.2458885145278047,0.2334122827501084,0.2374487106781866,0.2334122827501084,0.2125629649397872,0.2343796910965073,0.2347566467625179,0.013598301223664813
1990-09-03,0.243119725122594,0.2539280114754645,0.2458885145278047,0.2334122827501084,0.2374487106781866,0.2334122827501084,0.23711035603486483,0.2351124751198141,0.013076967687223892
1990-09-04,0.2280414984821697,0.243119725122594,0.2539280114754645,0.2458885145278047,0.2334122827501084,0.2374487106781866,0.23932157511234806,0.23469215287275802,0.008864591007976754
1990-09-05,0.2237715581946159,0.2280414984821697,0.243119725122594,0.2539280114754645,0.2458885145278047,0.2334122827501084,0.2379443287472777,0.23454537367537334,0.010528465221332373
1990-09-07,0.2170664175868166,0.2237715581946159,0.2280414984821697,0.243119725122594,0.2539280114754645,0.2458885145278047,0.2350325725913677,0.23419510513615993,0.013174373794568836
1990-09-08,0.2326450278546886,0.2170664175868166,0.2237715581946159,0.2280414984821697,0.243119725122594,0.2539280114754645,0.23492296474916485,0.23336224438736367,0.013193279114891418
1990-09-10,0.2415852153317543,0.2326450278546886,0.2170664175868166,0.2237715581946159,0.2280414984821697,0.243119725122594,0.23430820772115765,0.23317654646339972,0.01268774014730735
1990-09-11,0.2340461020115422,0.2415852153317543,0.2326450278546886,0.2170664175868166,0.2237715581946159,0.2280414984821697,0.23146793494059734,0.2333544606420478,0.009349995134072612
1990-10-01,0.2496580711879107,0.2340461020115422,0.2415852153317543,0.2326450278546886,0.2170664175868166,0.2237715581946159,0.2324019843784997,0.23445752854966587,0.010905229310033864
1990-10-04,0.2270407312272742,0.2496580711879107,0.2340461020115422,0.2415852153317543,0.2326450278546886,0.2170664175868166,0.23225901762780035,0.23476999032591653,0.010978238166810754
1990-10-05,0.2247389665410148,0.2270407312272742,0.2496580711879107,0.2340461020115422,0.2415852153317543,0.2326450278546886,0.23239721882014308,0.23453647796644095,0.010859026838029593
1990-10-07,0.2128965540247523,0.2247389665410148,0.2270407312272742,0.2496580711879107,0.2340461020115422,0.2415852153317543,0.23180152402556245,0.2337914623433521,0.011904265889466331
1990-10-08,0.2364813023317877,0.2128965540247523,0.2247389665410148,0.2270407312272742,0.2496580711879107,0.2340461020115422,0.23234956323657663,0.23401607899389534,0.012037134734165211
1990-10-09,0.2332454882076258,0.2364813023317877,0.2128965540247523,0.2247389665410148,0.2270407312272742,0.2496580711879107,0.23115817364741537,0.23433854844269497,0.011364603113095808
1990-10-10,0.2381158888481169,0.2332454882076258,0.2364813023317877,0.2128965540247523,0.2247389665410148,0.2270407312272742,0.23173957176692603,0.2336280036917192,0.011637788504646402
1990-10-12,0.2262734763318544,0.2381158888481169,0.2332454882076258,0.2364813023317877,0.2128965540247523,0.2247389665410148,0.22839891535891801,0.23303977493856404,0.00859568117161333
1990-11-01,0.2516596056977016,0.2262734763318544,0.2381158888481169,0.2332454882076258,0.2364813023317877,0.2128965540247523,0.23191589742612193,0.23435856378779288,0.01221982896564913
1990-11-04,0.2265737065083231,0.2516596056977016,0.2262734763318544,0.2381158888481169,0.2332454882076258,0.2364813023317877,0.23217800313573742,0.23416397015489654,0.01205884938368102
1990-11-05,0.2226039963972379,0.2265737065083231,0.2516596056977016,0.2262734763318544,0.2381158888481169,0.2332454882076258,0.23356478061752103,0.23380702983398385,0.009822765678695009
1990-11-06,0.2133635787437035,0.2226039963972379,0.2265737065083231,0.2516596056977016,0.2262734763318544,0.2381158888481169,0.2302622486763662,0.23313317988235424,0.012262108241460457
1990-11-07,0.2130967074757314,0.2133635787437035,0.2226039963972379,0.2265737065083231,0.2516596056977016,0.2262734763318544,0.22738385142895273,0.23276623188889262,0.013722947222105247
1990-11-09,0.2292424191880442,0.2130967074757314,0.2133635787437035,0.2226039963972379,0.2265737065083231,0.2516596056977016,0.22611621290608516,0.23218578688105324,0.012954696559808531
1990-11-10,0.2355806118023818,0.2292424191880442,0.2130967074757314,0.2133635787437035,0.2226039963972379,0.2265737065083231,0.22744580368758907,0.23151860871112298,0.013441976608740877
1990-11-12,0.2249724789004904,0.2355806118023818,0.2292424191880442,0.2130967074757314,0.2133635787437035,0.2226039963972379,0.2236333570022732,0.23088256552245612,0.008187249136294072
1990-12-01,0.2544283951029122,0.2249724789004904,0.2355806118023818,0.2292424191880442,0.2130967074757314,0.2133635787437035,0.2276125982300716,0.23189667634075012,0.014323840742375053
1990-12-02,0.256163058344731,0.2544283951029122,0.2249724789004904,0.2355806118023818,0.2292424191880442,0.2130967074757314,0.23240674993685637,0.23335001278758158,0.017607715770852763
1990-12-03,0.244420722553958,0.256163058344731,0.2544283951029122,0.2249724789004904,0.2355806118023818,0.2292424191880442,0.2368434847668927,0.23371696078104326,0.015832933952636064
1990-12-04,0.2272408846782533,0.244420722553958,0.256163058344731,0.2544283951029122,0.2249724789004904,0.2355806118023818,0.23886408151011013,0.23337669991437882,0.012934524882697068
1990-12-06,0.2140641158221303,0.2272408846782533,0.244420722553958,0.256163058344731,0.2544283951029122,0.2249724789004904,0.23669575245783672,0.23273176101677953,0.015776363965223493
1990-12-07,0.2111952496914301,0.2140641158221303,0.2272408846782533,0.244420722553958,0.256163058344731,0.2544283951029122,0.23321212929912935,0.23157531885556706,0.01851776016987501
1990-12-09,0.2316109016912967,0.2111952496914301,0.2140641158221303,0.2272408846782533,0.244420722553958,0.256163058344731,0.23416047541210164,0.2308314151960948,0.018192586489027312
1990-12-10,0.2357474063448644,0.2316109016912967,0.2111952496914301,0.2140641158221303,0.2272408846782533,0.244420722553958,0.23149176273238056,0.23058567123683715,0.01595669560920162
1990-12-11,0.2307102111618908,0.2357474063448644,0.2316109016912967,0.2111952496914301,0.2140641158221303,0.2272408846782533,0.2278556417062605,0.23067462832616117,0.0117408487160387
1990-12-12,0.224171865096574,0.2307102111618908,0.2357474063448644,0.2316109016912967,0.2111952496914301,0.2140641158221303,0.2249629477837771,0.23068797188955978,0.009198548174870874
1991-01-02,0.2199019248090202,0.224171865096574,0.2307102111618908,0.2357474063448644,0.2316109016912967,0.2111952496914301,0.2239145249453152,0.23078248879696656,0.009313165905237335
1991-01-03,0.2215031524168529,0.2199019248090202,0.224171865096574,0.2307102111618908,0.2357474063448644,0.2316109016912967,0.224977244458847,0.23041109294903872,0.00837942821534454
1991-01-05,0.214564499449578,0.2215031524168529,0.2199019248090202,0.224171865096574,0.2307102111618908,0.2357474063448644,0.22545856585286814,0.22951040241963286,0.007507208648639335
1991-01-07,0.2228375087567135,0.214564499449578,0.2215031524168529,0.2199019248090202,0.224171865096574,0.2307102111618908,0.22420522400507054,0.22913678264447188,0.007025806403130554
1991-01-08,0.2191680288220969,0.2228375087567135,0.214564499449578,0.2215031524168529,0.2199019248090202,0.224171865096574,0.22183674150181804,0.22812044789894473,0.004984227293078703
1991-01-10,0.2128631951162558,0.2191680288220969,0.2228375087567135,0.214564499449578,0.2215031524168529,0.2199019248090202,0.21928716778101306,0.2276478633619108,0.004190046103072981
1991-01-11,0.2153984721619908,0.2128631951162558,0.2191680288220969,0.2228375087567135,0.214564499449578,0.2215031524168529,0.21803382593321546,0.22733651354927667,0.0037772243626750753
1991-02-01,0.2374487106781866,0.2153984721619908,0.2128631951162558,0.2191680288220969,0.2228375087567135,0.214564499449578,0.22054050962881064,0.2281549187710578,0.00831733388290521
1991-02-04,0.2152316776195083,0.2374487106781866,0.2153984721619908,0.2128631951162558,0.2191680288220969,0.2228375087567135,0.21964458465776143,0.22744659794731514,0.008531378384213032
1991-02-05,0.2129966307502419,0.2152316776195083,0.2374487106781866,0.2153984721619908,0.2128631951162558,0.2191680288220969,0.21942060341499908,0.22677163603206904,0.008705777344786971
1991-02-07,0.221636588050839,0.2129966307502419,0.2152316776195083,0.2374487106781866,0.2153984721619908,0.2128631951162558,0.2192490433141599,0.2262223260054931,0.008638794965895388
1991-02-08,0.2154318310704874,0.221636588050839,0.2129966307502419,0.2152316776195083,0.2374487106781866,0.2153984721619908,0.2187153007782157,0.2258609378301142,0.008759214663039685
1991-02-09,0.2088601260966741,0.2154318310704874,0.221636588050839,0.2129966307502419,0.2152316776195083,0.2374487106781866,0.21814343377541828,0.22443428851007993,0.00931782479374868
1991-02-10,0.2142309103646129,0.2088601260966741,0.2154318310704874,0.221636588050839,0.2129966307502419,0.2152316776195083,0.21797663923293573,0.22402286197195626,0.00938535592973685
1991-02-12,0.2224705607632519,0.2142309103646129,0.2088601260966741,0.2154318310704874,0.221636588050839,0.2129966307502419,0.21583690353080218,0.22401841411749007,0.004787029659991775
1991-03-01,0.2344464089135003,0.2224705607632519,0.2142309103646129,0.2088601260966741,0.2154318310704874,0.221636588050839,0.21858186514422964,0.22472117512314999,0.008472481043202107
1991-03-04,0.2163658805083897,0.2344464089135003,0.2224705607632519,0.2142309103646129,0.2088601260966741,0.2154318310704874,0.21906318653825077,0.2248301475575719,0.008193408558557075
1991-03-05,0.2138973212796477,0.2163658805083897,0.2344464089135003,0.2224705607632519,0.2142309103646129,0.2088601260966741,0.21795757699950916,0.2243186442939587,0.008309621172718613
1991-03-06,0.2189011575541248,0.2138973212796477,0.2163658805083897,0.2344464089135003,0.2224705607632519,0.2142309103646129,0.21845319506860017,0.22376266248568347,0.008237013162920753
1991-03-07,0.2230710211161891,0.2189011575541248,0.2138973212796477,0.2163658805083897,0.2344464089135003,0.2224705607632519,0.22048332292853093,0.22369928055954008,0.007159349671220058
1991-03-09,0.208459819194716,0.2230710211161891,0.2189011575541248,0.2138973212796477,0.2163658805083897,0.2344464089135003,0.21965888133283135,0.22216699469593357,0.008248755237846158
1991-03-10,0.2147646529005571,0.208459819194716,0.2230710211161891,0.2189011575541248,0.2138973212796477,0.2163658805083897,0.21855803735244642,0.2207870478477944,0.00832482939051543
1991-03-12,0.2188344397371318,0.2147646529005571,0.208459819194716,0.2230710211161891,0.2189011575541248,0.2138973212796477,0.21632775604153662,0.2199341717539002,0.004630220848273345
1991-04-01,0.2351803049004237,0.2188344397371318,0.2147646529005571,0.208459819194716,0.2230710211161891,0.2189011575541248,0.21901553095468432,0.2201988190946392,0.008499822328910455
1991-04-02,0.2216699469593355,0.2351803049004237,0.2188344397371318,0.2147646529005571,0.208459819194716,0.2230710211161891,0.22012590605178256,0.22045234679921272,0.008222947583770259
1991-04-03,0.220535744070454,0.2216699469593355,0.2351803049004237,0.2188344397371318,0.2147646529005571,0.208459819194716,0.22035941841125814,0.22076369661184683,0.00820556177192681
1991-04-04,0.2158321379724455,0.220535744070454,0.2216699469593355,0.2351803049004237,0.2188344397371318,0.2147646529005571,0.2193252922478662,0.22023773782121847,0.008262818571236388
1991-04-06,0.2185008506521666,0.2158321379724455,0.220535744070454,0.2216699469593355,0.2351803049004237,0.2188344397371318,0.2207597253132163,0.2196628526314619,0.006805182292319926
1991-04-07,0.2230710211161891,0.2185008506521666,0.2158321379724455,0.220535744070454,0.2216699469593355,0.2351803049004237,0.22194634934402085,0.21940821296327184,0.00629030596914375
1991-04-09,0.2093605097241218,0.2230710211161891,0.2185008506521666,0.2158321379724455,0.220535744070454,0.2216699469593355,0.22059293077073372,0.21891450111752342,0.00788780577650719
1991-04-10,0.2144310638155919,0.2093605097241218,0.2230710211161891,0.2185008506521666,0.2158321379724455,0.220535744070454,0.21762875347290064,0.21873213908440914,0.00477803255901015
1991-04-11,0.2144644227240885,0.2144310638155919,0.2093605097241218,0.2230710211161891,0.2185008506521666,0.2158321379724455,0.21659939286786534,0.21849751476131699,0.004532148723590159
1991-04-12,0.2204023084364679,0.2144644227240885,0.2144310638155919,0.2093605097241218,0.2230710211161891,0.2185008506521666,0.21658033063443874,0.21869210839421332,0.004513073504960069
1991-05-02,0.2213029989658738,0.2204023084364679,0.2144644227240885,0.2144310638155919,0.2093605097241218,0.2230710211161891,0.21736188220492852,0.218640958067852,0.004824849542990565
1991-05-03,0.2199019248090202,0.2213029989658738,0.2204023084364679,0.2144644227240885,0.2144310638155919,0.2093605097241218,0.2175620356559076,0.21866542126741614,0.0049083122719560295
1991-05-04,0.2158988557894385,0.2199019248090202,0.2213029989658738,0.2204023084364679,0.2144644227240885,0.2144310638155919,0.21653744060922894,0.2187666099565222,0.004274300284902001
1991-05-06,0.2185008506521666,0.2158988557894385,0.2199019248090202,0.2213029989658738,0.2204023084364679,0.2144644227240885,0.21784320359894965,0.2188700225728614,0.002887599369803216
1991-05-07,0.2235046869266437,0.2185008506521666,0.2158988557894385,0.2199019248090202,0.2213029989658738,0.2204023084364679,0.21913943547195705,0.21840522178114333,0.0031272340497454794
1991-05-08,0.214564499449578,0.2235046869266437,0.2185008506521666,0.2158988557894385,0.2199019248090202,0.2213029989658738,0.21915373214702694,0.2183829825088123,0.0031024297322965765
1991-05-09,0.2084931781032125,0.214564499449578,0.2235046869266437,0.2185008506521666,0.2158988557894385,0.2199019248090202,0.21745242781370472,0.218232867420578,0.004992958978926837
1991-05-11,0.2145978583580745,0.2084931781032125,0.214564499449578,0.2235046869266437,0.2185008506521666,0.2158988557894385,0.21649455058401915,0.21799824309748583,0.004769290710027291
1991-05-12,0.2200687193515028,0.2145978583580745,0.2084931781032125,0.214564499449578,0.2235046869266437,0.2185008506521666,0.21651837837580237,0.21815280604018636,0.004789525240636089
1991-06-02,0.2174000066717817,0.2200687193515028,0.2145978583580745,0.2084931781032125,0.214564499449578,0.2235046869266437,0.2167328285018514,0.21843746872602327,0.0047907697781856655
1991-06-03,0.2210361276979017,0.2174000066717817,0.2200687193515028,0.2145978583580745,0.2084931781032125,0.214564499449578,0.2170950109369564,0.21866430930379957,0.005036253555274636
1991-06-06,0.2201354371684958,0.2210361276979017,0.2174000066717817,0.2200687193515028,0.2145978583580745,0.2084931781032125,0.21661368954293528,0.218586471850641,0.004448251578323695
1991-06-08,0.2148980885345431,0.2201354371684958,0.2210361276979017,0.2174000066717817,0.2200687193515028,0.2145978583580745,0.21666134512650173,0.21793486117134242,0.0044243617623171225
1991-06-09,0.2089268439136671,0.2148980885345431,0.2201354371684958,0.2210361276979017,0.2174000066717817,0.2200687193515028,0.2167232973851381,0.21768689328485172,0.004291979961464244
1991-06-11,0.2132301431097175,0.2089268439136671,0.2148980885345431,0.2201354371684958,0.2210361276979017,0.2174000066717817,0.21652790949251566,0.2176646540125207,0.004433658246333789
1991-06-12,0.2220702538612937,0.2132301431097175,0.2089268439136671,0.2148980885345431,0.2201354371684958,0.2210361276979017,0.21681384299391437,0.21777029055609295,0.0047531023824055356
1991-07-01,0.2376488641291657,0.2220702538612937,0.2132301431097175,0.2089268439136671,0.2148980885345431,0.2201354371684958,0.21970653691639777,0.21825621865652553,0.00922616446571666
1991-07-02,0.219501617907062,0.2376488641291657,0.2220702538612937,0.2132301431097175,0.2089268439136671,0.2148980885345431,0.21948732123199213,0.21862427861360376,0.009207519173939808
1991-07-03,0.2212362811488808,0.219501617907062,0.2376488641291657,0.2220702538612937,0.2132301431097175,0.2089268439136671,0.21964458465776143,0.21883999955521452,0.009229808051985311
1991-07-05,0.2143309870901024,0.2212362811488808,0.219501617907062,0.2376488641291657,0.2220702538612937,0.2132301431097175,0.21956357016569844,0.2186898844669802,0.00928076227371071
1991-07-06,0.221569870233846,0.2143309870901024,0.2212362811488808,0.219501617907062,0.2376488641291657,0.2220702538612937,0.22136971678286685,0.21823620331142765,0.008008801675559257
1991-07-08,0.2147646529005571,0.221569870233846,0.2143309870901024,0.2212362811488808,0.219501617907062,0.2376488641291657,0.22158893246727254,0.21800602684280168,0.007766200769631907
1991-07-10,0.2166994695933549,0.2147646529005571,0.221569870233846,0.2143309870901024,0.2212362811488808,0.219501617907062,0.22082167757185273,0.2178781510268984,0.007973264312214868
1991-07-11,0.2132301431097175,0.2166994695933549,0.2147646529005571,0.221569870233846,0.2143309870901024,0.2212362811488808,0.2173332888547887,0.21779141786480744,0.0034334836517350155
1991-08-01,0.2367148146912633,0.2132301431097175,0.2166994695933549,0.2147646529005571,0.221569870233846,0.2143309870901024,0.21979231696681742,0.21839854999944397,0.008158298617575273
1991-08-02,0.2235714047436368,0.2367148146912633,0.2132301431097175,0.2166994695933549,0.2147646529005571,0.221569870233846,0.22012590605178256,0.21841522945369227,0.008274101342177648
1991-08-03,0.2225706374887414,0.2235714047436368,0.2367148146912633,0.2132301431097175,0.2166994695933549,0.2147646529005571,0.22130299896587388,0.21885556704584624,0.007889458262468086
1991-08-04,0.2175668012142643,0.2225706374887414,0.2235714047436368,0.2367148146912633,0.2132301431097175,0.2166994695933549,0.22073113196307648,0.218960091625802,0.008011034476838735
1991-08-05,0.2148313707175501,0.2175668012142643,0.2225706374887414,0.2235714047436368,0.2367148146912633,0.2132301431097175,0.22074066307978976,0.21897232322558405,0.008002788209847298
1991-08-07,0.2237381992861193,0.2148313707175501,0.2175668012142643,0.2225706374887414,0.2235714047436368,0.2367148146912633,0.2217461958930418,0.2190835195872391,0.007851157235654325
1991-08-08,0.2152983954365013,0.2237381992861193,0.2148313707175501,0.2175668012142643,0.2225706374887414,0.2235714047436368,0.22204166051115376,0.21888336613626,0.007508704947913373
1991-08-10,0.2152983954365013,0.2152983954365013,0.2237381992861193,0.2148313707175501,0.2175668012142643,0.2225706374887414,0.21898217204618778,0.21872991515717602,0.004141875230935484
1991-08-11,0.212162658037829,0.2152983954365013,0.2152983954365013,0.2237381992861193,0.2148313707175501,0.2175668012142643,0.21735235108821524,0.2186053752321224,0.0042774852940589666
1991-09-01,0.2349801514494446,0.212162658037829,0.2152983954365013,0.2152983954365013,0.2237381992861193,0.2148313707175501,0.2191251387968871,0.21915468525869833,0.007866497329844227
1991-09-04,0.2195683357240551,0.2349801514494446,0.212162658037829,0.2152983954365013,0.2152983954365013,0.2237381992861193,0.21941107229828583,0.21902347355194535,0.007836733834608254
1991-09-05,0.2147980118090536,0.2195683357240551,0.2349801514494446,0.212162658037829,0.2152983954365013,0.2152983954365013,0.21940630673992917,0.21903125729726122,0.007839992396912337
1991-09-07,0.2230376622076926,0.2147980118090536,0.2195683357240551,0.2349801514494446,0.212162658037829,0.2152983954365013,0.21930623001443966,0.2195160734340772,0.007779719647331808
1991-09-08,0.2156987023384595,0.2230376622076926,0.2147980118090536,0.2195683357240551,0.2349801514494446,0.212162658037829,0.2193634167147194,0.2195527682334234,0.007746750420278452
1991-09-09,0.2105947893384929,0.2156987023384595,0.2230376622076926,0.2147980118090536,0.2195683357240551,0.2349801514494446,0.2186914729864325,0.21923697056632305,0.0083394316542691
1991-09-10,0.2153317543449978,0.2105947893384929,0.2156987023384595,0.2230376622076926,0.2147980118090536,0.2195683357240551,0.21914420103031373,0.21916802882209693,0.00800525106666282
1991-09-12,0.224038429462588,0.2153317543449978,0.2105947893384929,0.2156987023384595,0.2230376622076926,0.2147980118090536,0.21758109788933422,0.2192681055475865,0.004840409316482615
1991-10-01,0.2372819161357041,0.224038429462588,0.2153317543449978,0.2105947893384929,0.2156987023384595,0.2230376622076926,0.22011160937671262,0.21983965484649343,0.008943583181598734
1991-10-04,0.2191346699136004,0.2372819161357041,0.224038429462588,0.2153317543449978,0.2105947893384929,0.2156987023384595,0.22073113196307648,0.21998087422579535,0.008659864459250226
1991-10-05,0.2146979350835641,0.2191346699136004,0.2372819161357041,0.224038429462588,0.2153317543449978,0.2105947893384929,0.21953974237391524,0.22017324393145857,0.008860991606107017
1991-10-06,0.2250391967174834,0.2146979350835641,0.2191346699136004,0.2372819161357041,0.224038429462588,0.2153317543449978,0.2208740987137758,0.22056687905171743,0.008889412195527363
1991-10-07,0.224171865096574,0.2250391967174834,0.2146979350835641,0.2191346699136004,0.2372819161357041,0.224038429462588,0.2228136809649303,0.22063693275956012,0.007670366156098708
1991-10-09,0.2113620442339127,0.224171865096574,0.2250391967174834,0.2146979350835641,0.2191346699136004,0.2372819161357041,0.2222465795204895,0.21976070542971834,0.008425325229596678
1991-10-10,0.2165660339593688,0.2113620442339127,0.224171865096574,0.2250391967174834,0.2146979350835641,0.2191346699136004,0.2211790944486011,0.2196628526314619,0.00863131732271978
1991-10-12,0.2222704073122727,0.2165660339593688,0.2113620442339127,0.224171865096574,0.2250391967174834,0.2146979350835641,0.21903459318811086,0.219697323503575,0.005110377191541134
1991-11-01,0.2373152750442006,0.2222704073122727,0.2165660339593688,0.2113620442339127,0.224171865096574,0.2250391967174834,0.2216318224924823,0.22046346643537826,0.008598932526726352
1991-11-02,0.2214697935083564,0.2373152750442006,0.2222704073122727,0.2165660339593688,0.2113620442339127,0.224171865096574,0.22259923083888125,0.22046013054452857,0.008052392501885509
1991-11-03,0.2208026153384261,0.2214697935083564,0.2373152750442006,0.2222704073122727,0.2165660339593688,0.2113620442339127,0.22199400492758734,0.22066139595912423,0.007997462670209295
1991-11-04,0.218067184841712,0.2208026153384261,0.2214697935083564,0.2373152750442006,0.2222704073122727,0.2165660339593688,0.22112190774832133,0.22070698646740278,0.008053047265982887
1991-11-06,0.2244053774560496,0.218067184841712,0.2208026153384261,0.2214697935083564,0.2373152750442006,0.2222704073122727,0.22298524106576947,0.2210794942789472,0.006835344196981422
1991-11-07,0.2224372018547553,0.2244053774560496,0.218067184841712,0.2208026153384261,0.2214697935083564,0.2373152750442006,0.22382397933653894,0.2206035738510636,0.006251684248280956
1991-11-09,0.2070587450378623,0.2224372018547553,0.2244053774560496,0.218067184841712,0.2208026153384261,0.2214697935083564,0.22165088472590888,0.2200531518608711,0.008945245006788954
1991-11-10,0.2153984721619908,0.2070587450378623,0.2224372018547553,0.2244053774560496,0.218067184841712,0.2208026153384261,0.21851991288559322,0.21981407968331276,0.0058481207175263075
1991-11-11,0.2134970143776896,0.2153984721619908,0.2070587450378623,0.2224372018547553,0.2244053774560496,0.218067184841712,0.21738094443835512,0.2196784201220936,0.0059532913225384355
1991-11-12,0.2212362811488808,0.2134970143776896,0.2153984721619908,0.2070587450378623,0.2224372018547553,0.2244053774560496,0.21744289669699146,0.21989191713647127,0.005996929606789803
1991-12-02,0.2198352069920272,0.2212362811488808,0.2134970143776896,0.2153984721619908,0.2070587450378623,0.2224372018547553,0.21769547128989367,0.2197618173933349,0.00606445715677274
1991-12-03,0.2197351302665376,0.2198352069920272,0.2212362811488808,0.2134970143776896,0.2153984721619908,0.2070587450378623,0.21702829311996338,0.2199097085543361,0.005426590775175997
1991-12-04,0.218200620475698,0.2197351302665376,0.2198352069920272,0.2212362811488808,0.2134970143776896,0.2153984721619908,0.2164230672086695,0.22000644938897598,0.004936957456253283
1991-12-06,0.2249057610834973,0.218200620475698,0.2197351302665376,0.2198352069920272,0.2212362811488808,0.2134970143776896,0.2189726409294745,0.22043121949049826,0.003763964578734178
1991-12-07,0.2221369716782867,0.2249057610834973,0.218200620475698,0.2197351302665376,0.2198352069920272,0.2212362811488808,0.21993528371751675,0.22000311349812632,0.003553311011053359
1991-12-08,0.2156987023384595,0.2221369716782867,0.2249057610834973,0.218200620475698,0.2197351302665376,0.2198352069920272,0.2202498105690553,0.21987412571860648,0.0029314653490045634
1991-12-09,0.2076258464823031,0.2156987023384595,0.2221369716782867,0.2249057610834973,0.218200620475698,0.2197351302665376,0.2183054627595442,0.21963505354104812,0.005530052151393015
1991-12-11,0.2133969376522,0.2076258464823031,0.2156987023384595,0.2221369716782867,0.2249057610834973,0.218200620475698,0.21738570999671175,0.21931369605586504,0.005763690167508383
1991-12-12,0.2165660339593688,0.2133969376522,0.2076258464823031,0.2156987023384595,0.2221369716782867,0.2249057610834973,0.21693298195283048,0.21934260710989537,0.005672126299018471
1992-01-04,0.2062247723254495,0.2165660339593688,0.2133969376522,0.2076258464823031,0.2156987023384595,0.2221369716782867,0.21522214650279498,0.21919693987612726,0.00689937486240207
1992-01-05,0.2018881142209027,0.2062247723254495,0.2165660339593688,0.2133969376522,0.2076258464823031,0.2156987023384595,0.21193391123671004,0.2187488185386574,0.006999343163739497
1992-01-06,0.201454448410448,0.2018881142209027,0.2062247723254495,0.2165660339593688,0.2133969376522,0.2076258464823031,0.20897926505559022,0.21799601917025271,0.006305447231111508
1992-01-07,0.2059245421489809,0.201454448410448,0.2018881142209027,0.2062247723254495,0.2165660339593688,0.2133969376522,0.20758295645709327,0.2169507733706953,0.005613744137205736
1992-01-09,0.2046902625346098,0.2059245421489809,0.201454448410448,0.2018881142209027,0.2062247723254495,0.2165660339593688,0.20716358732170853,0.21646929312472896,0.005718675323024017
1992-01-10,0.2092604329986323,0.2046902625346098,0.2059245421489809,0.201454448410448,0.2018881142209027,0.2062247723254495,0.20657265808548456,0.21628804305523122,0.005152947515995145
1992-01-12,0.1999866564366014,0.2092604329986323,0.2046902625346098,0.2059245421489809,0.201454448410448,0.2018881142209027,0.2042041755822321,0.2154529583792018,0.003254665866118139
1992-02-01,0.2108283016979684,0.1999866564366014,0.2092604329986323,0.2046902625346098,0.2059245421489809,0.201454448410448,0.20486182263544908,0.21500817293258162,0.004089128625039364
1992-02-03,0.2105280715214998,0.2108283016979684,0.1999866564366014,0.2092604329986323,0.2046902625346098,0.2059245421489809,0.20609610224982006,0.21498037384216787,0.00433830129988444
1992-02-04,0.2038896487306935,0.2105280715214998,0.2108283016979684,0.1999866564366014,0.2092604329986323,0.2046902625346098,0.20644398800985517,0.21455782766787868,0.0039875110086522985
1992-02-06,0.2028888814757981,0.2038896487306935,0.2105280715214998,0.2108283016979684,0.1999866564366014,0.2092604329986323,0.2060103221994005,0.21391177680666287,0.004212164140612084
1992-02-07,0.2082930246522334,0.2028888814757981,0.2038896487306935,0.2105280715214998,0.2108283016979684,0.1999866564366014,0.20652500250191813,0.21294436846026396,0.004243973428241505
1992-02-09,0.203856289822197,0.2082930246522334,0.2028888814757981,0.2038896487306935,0.2105280715214998,0.2108283016979684,0.20575298204814166,0.21235725167072533,0.0041540181562538065
1992-02-10,0.2088934850051706,0.203856289822197,0.2082930246522334,0.2028888814757981,0.2038896487306935,0.2105280715214998,0.20702538612936583,0.2119602806596168,0.003386600158426381
1992-02-11,0.2032224705607632,0.2088934850051706,0.203856289822197,0.2082930246522334,0.2028888814757981,0.2038896487306935,0.20593883882405079,0.21146545685025184,0.003176745411882513
1992-02-12,0.2006538346065317,0.2032224705607632,0.2088934850051706,0.203856289822197,0.2082930246522334,0.2028888814757981,0.20452823355048394,0.2106737387552679,0.002985850817735836
1992-03-01,0.212229375854822,0.2006538346065317,0.2032224705607632,0.2088934850051706,0.203856289822197,0.2082930246522334,0.20571962313964515,0.2103334778886035,0.004132307038893266
1992-03-02,0.2144977816325849,0.212229375854822,0.2006538346065317,0.2032224705607632,0.2088934850051706,0.203856289822197,0.20737803744775754,0.21058144577509422,0.005037300381824982
1992-03-03,0.2111285318744371,0.2144977816325849,0.212229375854822,0.2006538346065317,0.2032224705607632,0.2088934850051706,0.20778310990807233,0.21043911443217575,0.005233335325804343
1992-03-04,0.2039563665476866,0.2111285318744371,0.2144977816325849,0.212229375854822,0.2006538346065317,0.2032224705607632,0.2077974065831423,0.21012109283784233,0.005220941961448241
1992-03-06,0.2034893418287353,0.2039563665476866,0.2111285318744371,0.2144977816325849,0.212229375854822,0.2006538346065317,0.2070253861293658,0.2095295281938375,0.005427327991170268
1992-03-07,0.207358975214331,0.2034893418287353,0.2039563665476866,0.2111285318744371,0.2144977816325849,0.212229375854822,0.2076163153655898,0.2091136538012476,0.005163010556877409
1992-03-08,0.2129299129332488,0.207358975214331,0.2034893418287353,0.2039563665476866,0.2111285318744371,0.2144977816325849,0.20937004084083508,0.20888681322347133,0.004437893223059959
1992-03-09,0.2027888047503085,0.2129299129332488,0.207358975214331,0.2034893418287353,0.2039563665476866,0.2111285318744371,0.2080213878259046,0.208373086032625,0.004840354577747834
1992-03-11,0.202622010207826,0.2027888047503085,0.2129299129332488,0.207358975214331,0.2034893418287353,0.2039563665476866,0.20632484905093904,0.2076302943367693,0.004235486785258566
1992-03-12,0.2003869633385596,0.202622010207826,0.2027888047503085,0.2129299129332488,0.207358975214331,0.2034893418287353,0.2047903392600994,0.2069052940587784,0.004150023410090902
1992-04-02,0.2142309103646129,0.2003869633385596,0.202622010207826,0.2027888047503085,0.2129299129332488,0.207358975214331,0.20625813123394598,0.20685636765965015,0.0054265419493869215
1992-04-03,0.2103279180705207,0.2142309103646129,0.2003869633385596,0.202622010207826,0.2027888047503085,0.2129299129332488,0.20723507069705824,0.20694643671259078,0.005460467627920308
1992-04-06,0.2024885745738399,0.2103279180705207,0.2142309103646129,0.2003869633385596,0.202622010207826,0.2027888047503085,0.20653929917698807,0.20658282460997873,0.0057449314958887545
1992-04-08,0.2120292224038429,0.2024885745738399,0.2103279180705207,0.2142309103646129,0.2003869633385596,0.202622010207826,0.20641062910135863,0.20643159755812784,0.00558582802413453
1992-04-09,0.2049237748940854,0.2120292224038429,0.2024885745738399,0.2103279180705207,0.2142309103646129,0.2003869633385596,0.20671562483618391,0.20638823097708242,0.005410650227517918
1992-04-11,0.2020882676718818,0.2049237748940854,0.2120292224038429,0.2024885745738399,0.2103279180705207,0.2142309103646129,0.2066393759024776,0.20639490275878172,0.005481253986825009
1992-04-12,0.2006204756980352,0.2020882676718818,0.2049237748940854,0.2120292224038429,0.2024885745738399,0.2103279180705207,0.2066727348109741,0.20636710366836797,0.005437394883162878
1992-05-02,0.2130967074757314,0.2006204756980352,0.2020882676718818,0.2049237748940854,0.2120292224038429,0.2024885745738399,0.20651070582684822,0.2066061758459263,0.0051857049030439
1992-05-03,0.2101611235280381,0.2130967074757314,0.2006204756980352,0.2020882676718818,0.2049237748940854,0.2120292224038429,0.20648687803506496,0.20678853787904058,0.0051655860878027735
1992-05-05,0.201387730593455,0.2101611235280381,0.2130967074757314,0.2006204756980352,0.2020882676718818,0.2049237748940854,0.20632961460929566,0.20652611446553465,0.005321989436145225
1992-05-06,0.2027554458418121,0.201387730593455,0.2101611235280381,0.2130967074757314,0.2006204756980352,0.2020882676718818,0.2050047893861484,0.20661840744570836,0.004794866171476478
1992-05-08,0.2107282249724789,0.2027554458418121,0.201387730593455,0.2101611235280381,0.2130967074757314,0.2006204756980352,0.20583399654020465,0.20661507155485873,0.005258049537721642
1992-05-10,0.209894252260066,0.2107282249724789,0.2027554458418121,0.201387730593455,0.2101611235280381,0.2130967074757314,0.20694913719565952,0.20659394424614425,0.005158050837159977
1992-05-11,0.2022550622143644,0.209894252260066,0.2107282249724789,0.2027554458418121,0.201387730593455,0.2101611235280381,0.20718264955513513,0.20653945802893328,0.004851694172428774
1992-06-01,0.209827534443073,0.2022550622143644,0.209894252260066,0.2107282249724789,0.2027554458418121,0.201387730593455,0.20671562483618391,0.20677074646117577,0.004315208925459002
1992-06-02,0.2141975514561163,0.209827534443073,0.2022550622143644,0.209894252260066,0.2107282249724789,0.2027554458418121,0.20729225739733795,0.2069675640213052,0.005058102367465725
1992-06-03,0.209827534443073,0.2141975514561163,0.209827534443073,0.2022550622143644,0.209894252260066,0.2107282249724789,0.2084979436615691,0.20716660550866775,0.004375972933820065
1992-06-04,0.2030556760182807,0.209827534443073,0.2141975514561163,0.209827534443073,0.2022550622143644,0.209894252260066,0.2085408336867789,0.2069720118757714,0.00431130207935274
1992-06-05,0.2013543716849585,0.2030556760182807,0.209827534443073,0.2141975514561163,0.209827534443073,0.2022550622143644,0.2072017117885617,0.2069097419132446,0.004930040178596135
1992-06-07,0.2079594355672682,0.2013543716849585,0.2030556760182807,0.209827534443073,0.2141975514561163,0.209827534443073,0.20692530940387632,0.20715326194526915,0.004806616276233919
1992-06-08,0.2092937919071288,0.2079594355672682,0.2013543716849585,0.2030556760182807,0.209827534443073,0.2141975514561163,0.20793084221712838,0.2070554091470127,0.004384483759979303
1992-06-10,0.2104279947960103,0.2092937919071288,0.2079594355672682,0.2013543716849585,0.2030556760182807,0.209827534443073,0.20801662226754797,0.20691974958579354,0.004433377364418729
1992-06-11,0.2016212429529306,0.2104279947960103,0.2092937919071288,0.2079594355672682,0.2013543716849585,0.2030556760182807,0.20622000676709287,0.20660283995507667,0.004042095357617491
1992-07-01,0.2100276878940521,0.2016212429529306,0.2104279947960103,0.2092937919071288,0.2079594355672682,0.2013543716849585,0.20624860011723276,0.20680521733328883,0.004072461701362189
1992-07-02,0.2143643459985989,0.2100276878940521,0.2016212429529306,0.2104279947960103,0.2092937919071288,0.2079594355672682,0.20786412440013535,0.2071677174722843,0.00477686790346794
1992-07-04,0.2027220869333155,0.2143643459985989,0.2100276878940521,0.2016212429529306,0.2104279947960103,0.2092937919071288,0.20805951229275776,0.20701315452958377,0.004485295153804222
1992-07-05,0.2009207058745038,0.2027220869333155,0.2143643459985989,0.2100276878940521,0.2016212429529306,0.2104279947960103,0.2070539794795057,0.2066128476276256,0.0052373992234864995
1992-07-07,0.2072922573973379,0.2009207058745038,0.2027220869333155,0.2143643459985989,0.2100276878940521,0.2016212429529306,0.206768045978107,0.20676296271585992,0.005148621411628815
1992-07-08,0.2101611235280381,0.2072922573973379,0.2009207058745038,0.2027220869333155,0.2143643459985989,0.2100276878940521,0.20672992151125386,0.20701426649320032,0.005117899800814467
1992-07-09,0.2055575941555192,0.2101611235280381,0.2072922573973379,0.2009207058745038,0.2027220869333155,0.2143643459985989,0.20729225739733792,0.20718662085376566,0.0046586763767968815
1992-07-10,0.2103279180705207,0.2055575941555192,0.2101611235280381,0.2072922573973379,0.2009207058745038,0.2027220869333155,0.20733514742254774,0.20705652111062928,0.004689338481116311
1992-07-12,0.1999532975281049,0.2103279180705207,0.2055575941555192,0.2101611235280381,0.2072922573973379,0.2009207058745038,0.20527642621247716,0.20671070042588202,0.004229915610659701
1992-08-01,0.2106281482469894,0.1999532975281049,0.2103279180705207,0.2055575941555192,0.2101611235280381,0.2072922573973379,0.206405863543002,0.20698201954832035,0.004482186877636851
1992-08-04,0.2018881142209027,0.2106281482469894,0.1999532975281049,0.2103279180705207,0.2055575941555192,0.2101611235280381,0.20654406473534467,0.20664398260888905,0.004295916715099948
1992-08-05,0.2014878073189445,0.2018881142209027,0.2106281482469894,0.1999532975281049,0.2103279180705207,0.2055575941555192,0.20571485758128852,0.20652945035638434,0.00467122856447707
1992-08-06,0.202688728024819,0.2014878073189445,0.2018881142209027,0.2106281482469894,0.1999532975281049,0.2103279180705207,0.20464737250940004,0.20654946570148222,0.004326926668777928
1992-08-07,0.2085598959202055,0.202688728024819,0.2014878073189445,0.2018881142209027,0.2106281482469894,0.1999532975281049,0.2050762727614981,0.20681411304222125,0.004573937297216011
1992-08-09,0.2049904927110785,0.2085598959202055,0.202688728024819,0.2014878073189445,0.2018881142209027,0.2106281482469894,0.2043137834244349,0.20654390588339946,0.003955655534263588
1992-08-10,0.2105614304299963,0.2049904927110785,0.2085598959202055,0.202688728024819,0.2014878073189445,0.2018881142209027,0.20582923098184797,0.2065572494467981,0.0040378717784173845
1992-08-12,0.2003869633385596,0.2105614304299963,0.2049904927110785,0.2085598959202055,0.202688728024819,0.2014878073189445,0.20436620456635798,0.20652389053830159,0.0038607425263841315
1992-09-01,0.2112619675084231,0.2003869633385596,0.2105614304299963,0.2049904927110785,0.2085598959202055,0.202688728024819,0.2057053264645752,0.20680744126052195,0.0044401553973392105
1992-09-03,0.2094272275411148,0.2112619675084231,0.2003869633385596,0.2105614304299963,0.2049904927110785,0.2085598959202055,0.20683952935345667,0.20676407467947647,0.004190267418731349
1992-09-04,0.2025219334823365,0.2094272275411148,0.2112619675084231,0.2003869633385596,0.2105614304299963,0.2049904927110785,0.20681570156167345,0.20651833072021883,0.004218185912090518
1992-09-06,0.2020882676718818,0.2025219334823365,0.2094272275411148,0.2112619675084231,0.2003869633385596,0.2105614304299963,0.20589118324048436,0.20651277090213607,0.0044736605569388145
1992-09-07,0.2083931013777229,0.2020882676718818,0.2025219334823365,0.2094272275411148,0.2112619675084231,0.2003869633385596,0.20637727019286214,0.2064649564666244,0.004543791000384362
1992-09-09,0.2057577476064983,0.2083931013777229,0.2020882676718818,0.2025219334823365,0.2094272275411148,0.2112619675084231,0.2056910297895053,0.20618362967163714,0.004152436032773247
1992-09-10,0.2102945591620242,0.2057577476064983,0.2083931013777229,0.2020882676718818,0.2025219334823365,0.2094272275411148,0.2071064006214288,0.20619919716226884,0.0037079371997161357
1992-09-11,0.1998865797111119,0.2102945591620242,0.2057577476064983,0.2083931013777229,0.2020882676718818,0.2025219334823365,0.20548134522181294,0.20609356061869655,0.004059232935014492
1992-09-12,0.1992194015411816,0.1998865797111119,0.2102945591620242,0.2057577476064983,0.2083931013777229,0.2020882676718818,0.20402308436467959,0.20602239494723731,0.004235180248303374
1992-10-01,0.2154985488874804,0.1992194015411816,0.1998865797111119,0.2102945591620242,0.2057577476064983,0.2083931013777229,0.20587688656541445,0.2062736987245777,0.005958149380751342
1992-10-02,0.213330219835207,0.2154985488874804,0.1992194015411816,0.1998865797111119,0.2102945591620242,0.2057577476064983,0.20748287973160376,0.2064082463221803,0.006273506590168645
1992-10-03,0.2091269973646463,0.213330219835207,0.2154985488874804,0.1992194015411816,0.1998865797111119,0.2102945591620242,0.20758772201544998,0.20636487974113485,0.006297340518507004
1992-10-04,0.2048236981685959,0.2091269973646463,0.213330219835207,0.2154985488874804,0.1992194015411816,0.1998865797111119,0.2074542863814639,0.2064716282483237,0.006352235454885393
1992-10-06,0.2019881909463922,0.2048236981685959,0.2091269973646463,0.213330219835207,0.2154985488874804,0.1992194015411816,0.20626766235065935,0.20620364501673505,0.006507174058295805
1992-10-07,0.2093605097241218,0.2019881909463922,0.2048236981685959,0.2091269973646463,0.213330219835207,0.2154985488874804,0.20762108092394646,0.20603685047425246,0.005917279523155462
1992-10-08,0.2104613537045068,0.2093605097241218,0.2019881909463922,0.2048236981685959,0.2091269973646463,0.213330219835207,0.2092270740901358,0.2062948260332922,0.004645959111587044
1992-10-09,0.2050572105280715,0.2104613537045068,0.2093605097241218,0.2019881909463922,0.2048236981685959,0.2091269973646463,0.20773545432450594,0.20643270952174445,0.003915598628460226
1992-10-11,0.1971177903059012,0.2050572105280715,0.2104613537045068,0.2093605097241218,0.2019881909463922,0.2048236981685959,0.20541939296317652,0.20609356061869655,0.004758779293777599
1992-10-12,0.1993528371751676,0.1971177903059012,0.2050572105280715,0.2104613537045068,0.2093605097241218,0.2019881909463922,0.20402308436467956,0.20573328440693422,0.004920787657426343
1992-11-02,0.2142309103646129,0.1993528371751676,0.1971177903059012,0.2050572105280715,0.2104613537045068,0.2093605097241218,0.20536697182125344,0.20602239494723734,0.006274304765300381
1992-11-03,0.2095606631751009,0.2142309103646129,0.1993528371751676,0.1971177903059012,0.2050572105280715,0.2104613537045068,0.2064487535682118,0.20599681978405665,0.00624740648138459
1992-11-05,0.2009874236914968,0.2095606631751009,0.2142309103646129,0.1993528371751676,0.1971177903059012,0.2050572105280715,0.20525259842069393,0.20603129065616974,0.006396780656629186
1992-11-06,0.2023884978483504,0.2009874236914968,0.2095606631751009,0.2142309103646129,0.1993528371751676,0.1971177903059012,0.20409933329838587,0.20575663564288177,0.0060176769327217145
1992-11-08,0.2089935617306602,0.2023884978483504,0.2009874236914968,0.2095606631751009,0.2142309103646129,0.1993528371751676,0.20466166918446999,0.205993483893207,0.006299431265576778
1992-11-09,0.2035560596457284,0.2089935617306602,0.2023884978483504,0.2009874236914968,0.2095606631751009,0.2142309103646129,0.20558142194730245,0.20606242563743313,0.005423523662755927
1992-11-11,0.1976515328418454,0.2035560596457284,0.2089935617306602,0.2023884978483504,0.2009874236914968,0.2095606631751009,0.20533837847111355,0.20589451913133405,0.005775841000304475
1992-11-12,0.20028688661307,0.1976515328418454,0.2035560596457284,0.2089935617306602,0.2023884978483504,0.2009874236914968,0.203346375078036,0.2056187521544295,0.004450204853964973
1992-12-02,0.2150315241685292,0.20028688661307,0.1976515328418454,0.2035560596457284,0.2089935617306602,0.2023884978483504,0.20412792664852578,0.2059534532030112,0.00595084744897613
1992-12-03,0.2086266137371985,0.2150315241685292,0.20028688661307,0.1976515328418454,0.2035560596457284,0.2089935617306602,0.20521923951219745,0.20588895931325127,0.0059793281743534404
1992-12-05,0.2003869633385596,0.2086266137371985,0.2150315241685292,0.20028688661307,0.1976515328418454,0.2035560596457284,0.20493330601079876,0.20588895931325127,0.006181689108164692
1992-12-06,0.2032891883777563,0.2003869633385596,0.2086266137371985,0.2150315241685292,0.20028688661307,0.1976515328418454,0.2041183955318125,0.20562320000889572,0.005928020665158626
1992-12-08,0.2080928712012543,0.2032891883777563,0.2003869633385596,0.2086266137371985,0.2150315241685292,0.20028688661307,0.20476651146831618,0.2055787214642337,0.006101754247310754
1992-12-10,0.2078927177502752,0.2080928712012543,0.2032891883777563,0.2003869633385596,0.2086266137371985,0.2150315241685292,0.20622953788380619,0.20575774760649831,0.005284498559982401
1992-12-11,0.1989525302732095,0.2078927177502752,0.2080928712012543,0.2032891883777563,0.2003869633385596,0.2086266137371985,0.20603891554954037,0.20565322302654257,0.005551890484354374
1993-01-02,0.196717483403943,0.1989525302732095,0.2078927177502752,0.2080928712012543,0.2032891883777563,0.2003869633385596,0.20342262401174235,0.20526403576074992,0.0048827612627991715
1993-01-03,0.1958835106915302,0.196717483403943,0.1989525302732095,0.2078927177502752,0.2080928712012543,0.2032891883777563,0.20160218071950403,0.204934894530251,0.004993441856199897
1993-01-04,0.2011208593254829,0.1958835106915302,0.196717483403943,0.1989525302732095,0.2078927177502752,0.2080928712012543,0.2017070230033502,0.20462910453569957,0.004971330189153165
1993-01-06,0.2284751642926243,0.2011208593254829,0.1958835106915302,0.196717483403943,0.1989525302732095,0.2078927177502752,0.20530501956261707,0.20558205735508334,0.011340898180366528
1993-01-07,0.2295760082730093,0.2284751642926243,0.2011208593254829,0.1958835106915302,0.196717483403943,0.1989525302732095,0.20837403914429634,0.20659394424614427,0.014646230670360735
1993-01-09,0.222937585482203,0.2295760082730093,0.2284751642926243,0.2011208593254829,0.1958835106915302,0.196717483403943,0.21052330596314314,0.20684191213263503,0.015634375660374976
1993-01-10,0.2128965540247523,0.222937585482203,0.2295760082730093,0.2284751642926243,0.2011208593254829,0.1958835106915302,0.2125153093562207,0.20682745660561988,0.014779350050026535
1993-01-11,0.2190679520966074,0.2128965540247523,0.222937585482203,0.2295760082730093,0.2284751642926243,0.2011208593254829,0.21570823345517276,0.2071588217633519,0.013118546663409704
1993-01-12,0.2256396570704207,0.2190679520966074,0.2128965540247523,0.222937585482203,0.2295760082730093,0.2284751642926243,0.21995911150929998,0.2078526870600794,0.010097040755531469
1993-02-02,0.19665076558695,0.2256396570704207,0.2190679520966074,0.2128965540247523,0.222937585482203,0.2295760082730093,0.21932052668950958,0.20767477288143132,0.01152711370641373
1993-02-03,0.1963171765019848,0.19665076558695,0.2256396570704207,0.2190679520966074,0.2128965540247523,0.222937585482203,0.2147265284337039,0.20723999510736008,0.0135083868564966
1993-02-04,0.2036227774627214,0.1963171765019848,0.19665076558695,0.2256396570704207,0.2190679520966074,0.2128965540247523,0.2110189240322342,0.20701204256596725,0.012257113676906574
1993-02-06,0.2229042265737065,0.2036227774627214,0.1963171765019848,0.19665076558695,0.2256396570704207,0.2190679520966074,0.21101415847387758,0.20760694310082173,0.012251712675521413
1993-02-07,0.2356473296193749,0.2229042265737065,0.2036227774627214,0.1963171765019848,0.19665076558695,0.2256396570704207,0.2142642692731094,0.2088912610779375,0.015437691683687955
1993-02-08,0.2473229475931548,0.2356473296193749,0.2229042265737065,0.2036227774627214,0.1963171765019848,0.19665076558695,0.21830069720118758,0.2104902647585371,0.01994026720730847
1993-02-09,0.2230710211161891,0.2473229475931548,0.2356473296193749,0.2229042265737065,0.2036227774627214,0.1963171765019848,0.21793374920772593,0.21078493511692298,0.019805885658374586
1993-02-11,0.2189011575541248,0.2230710211161891,0.2473229475931548,0.2356473296193749,0.2229042265737065,0.2036227774627214,0.22111237663160804,0.2110962849295571,0.017468464067585506
1993-02-12,0.2266737832338126,0.2189011575541248,0.2230710211161891,0.2473229475931548,0.2356473296193749,0.2229042265737065,0.22544903473615485,0.21195249691430096,0.013634297993174236
1993-03-02,0.195683357240551,0.2266737832338126,0.2189011575541248,0.2230710211161891,0.2473229475931548,0.2356473296193749,0.22431483184727338,0.21172899222737435,0.01589533279222867
1993-03-03,0.1965840477699569,0.195683357240551,0.2266737832338126,0.2189011575541248,0.2230710211161891,0.2473229475931548,0.2205548063038806,0.21131534176201755,0.019078834962467078
1993-03-06,0.2267071421423091,0.1965840477699569,0.195683357240551,0.2266737832338126,0.2189011575541248,0.2230710211161891,0.21927763666429972,0.21208704451190355,0.018178102675896108
1993-03-08,0.2460886679787837,0.2267071421423091,0.1965840477699569,0.195683357240551,0.2266737832338126,0.2189011575541248,0.21910131100510388,0.2137016156831348,0.017863999184840877
1993-03-09,0.2187677219201388,0.2460886679787837,0.2267071421423091,0.1965840477699569,0.195683357240551,0.2266737832338126,0.21848655397709674,0.21431764352670382,0.017778460756128156
1993-03-11,0.2192681055475865,0.2187677219201388,0.2460886679787837,0.2267071421423091,0.1965840477699569,0.195683357240551,0.21853897511901982,0.21445886290600571,0.017780427872811633
1993-03-12,0.2280748573906662,0.2192681055475865,0.2187677219201388,0.2460886679787837,0.2267071421423091,0.1965840477699569,0.2187391285699989,0.21510713769445464,0.017894781408035194
1993-04-01,0.1957167161490476,0.2280748573906662,0.2192681055475865,0.2187677219201388,0.2460886679787837,0.2267071421423091,0.21874389412835554,0.2149514627881376,0.017887621105851053
1993-04-02,0.195549921606565,0.1957167161490476,0.2280748573906662,0.2192681055475865,0.2187677219201388,0.2460886679787837,0.21859616181929956,0.21469348722909787,0.018104100501574655
1993-04-03,0.1955832805150615,0.195549921606565,0.1957167161490476,0.2280748573906662,0.2192681055475865,0.2187677219201388,0.2141498958725499,0.21427650087289143,0.019544694368995967
1993-04-05,0.2143309870901024,0.1955832805150615,0.195549921606565,0.1957167161490476,0.2280748573906662,0.2192681055475865,0.20961308431702402,0.21449110985088565,0.013710333600411266
1993-04-06,0.2286419588351069,0.2143309870901024,0.1955832805150615,0.195549921606565,0.1957167161490476,0.2280748573906662,0.21102368959059084,0.21548075746961556,0.015232648651954178
1993-04-08,0.2453547719918604,0.2286419588351069,0.2143309870901024,0.1955832805150615,0.195549921606565,0.1957167161490476,0.21475035622548713,0.21710200042254615,0.020023477988936614
1993-04-10,0.2113954031424092,0.2453547719918604,0.2286419588351069,0.2143309870901024,0.1955832805150615,0.195549921606565,0.21236757704716472,0.21761906350424212,0.019146835888473494
1993-04-11,0.2249057610834973,0.2113954031424092,0.2453547719918604,0.2286419588351069,0.2143309870901024,0.1955832805150615,0.21653744060922894,0.2184118935628426,0.01806399966156324
1993-05-01,0.1959502285085232,0.2249057610834973,0.2113954031424092,0.2453547719918604,0.2286419588351069,0.2143309870901024,0.2165946273095087,0.2173277290367059,0.017986953413512363
1993-05-02,0.1953831270640825,0.1959502285085232,0.2249057610834973,0.2113954031424092,0.2453547719918604,0.2286419588351069,0.21656603395936885,0.2161879663297417,0.018026038038009846
1993-05-03,0.196717483403943,0.1953831270640825,0.1959502285085232,0.2249057610834973,0.2113954031424092,0.2453547719918604,0.21404981914706034,0.21531396292713303,0.01955453250893663
1993-05-04,0.2030556760182807,0.196717483403943,0.1953831270640825,0.1959502285085232,0.2249057610834973,0.2113954031424092,0.21039463588751375,0.21498593366025062,0.0187469843783512
1993-05-05,0.2130633485672349,0.2030556760182807,0.196717483403943,0.1953831270640825,0.1959502285085232,0.2249057610834973,0.20578157539828154,0.21478578020927153,0.01114035577741329
1993-05-07,0.2353137405344098,0.2130633485672349,0.2030556760182807,0.196717483403943,0.1953831270640825,0.1959502285085232,0.2091984807399959,0.2151082496580712,0.015830098872987
1993-05-08,0.2354138172598993,0.2353137405344098,0.2130633485672349,0.2030556760182807,0.196717483403943,0.1953831270640825,0.21069963162233907,0.21640035138050281,0.017927182420525538
1993-05-10,0.2127631183907662,0.2354138172598993,0.2353137405344098,0.2130633485672349,0.2030556760182807,0.196717483403943,0.21310147303408805,0.21694854944346223,0.01670645787059658
1993-05-11,0.2287420355605965,0.2127631183907662,0.2354138172598993,0.2353137405344098,0.2130633485672349,0.2030556760182807,0.2178670313907329,0.2177858580467247,0.015526042608956818
1993-06-01,0.1966174066784535,0.2287420355605965,0.2127631183907662,0.2354138172598993,0.2353137405344098,0.2130633485672349,0.217852734715663,0.21690963071688293,0.015548792740775808
1993-06-04,0.2024885745738399,0.1966174066784535,0.2287420355605965,0.2127631183907662,0.2354138172598993,0.2353137405344098,0.21777172022360003,0.21580433888203177,0.015639950242397154
1993-06-05,0.2138973212796477,0.2024885745738399,0.1966174066784535,0.2287420355605965,0.2127631183907662,0.2354138172598993,0.21789085918251613,0.2146901513382482,0.015601234493834507
1993-06-07,0.2380158121226274,0.2138973212796477,0.2024885745738399,0.1966174066784535,0.2287420355605965,0.2127631183907662,0.21827686940940436,0.2151883110384628,0.01612867537112274
1993-06-08,0.2298428795409814,0.2380158121226274,0.2138973212796477,0.2024885745738399,0.1966174066784535,0.2287420355605965,0.21748102116384466,0.21555303510469137,0.015255976987647581
1993-06-09,0.2197351302665376,0.2298428795409814,0.2380158121226274,0.2138973212796477,0.2024885745738399,0.1966174066784535,0.21847702286038342,0.21532174667244888,0.015123641915336132
1993-06-10,0.2143977049070954,0.2197351302665376,0.2298428795409814,0.2380158121226274,0.2138973212796477,0.2024885745738399,0.21642783276702612,0.21594555826133366,0.014458119735159983
1993-06-12,0.2282416519331487,0.2143977049070954,0.2197351302665376,0.2298428795409814,0.2380158121226274,0.2138973212796477,0.22094558208912543,0.21700081173344007,0.011961509705266653
1993-07-01,0.1963171765019848,0.2282416519331487,0.2143977049070954,0.2197351302665376,0.2298428795409814,0.2380158121226274,0.22006395379314614,0.21598781287876262,0.01365602823392545
1993-07-04,0.201387730593455,0.1963171765019848,0.2282416519331487,0.2143977049070954,0.2197351302665376,0.2298428795409814,0.21827686940940433,0.21449778163258498,0.01531524787611159
1993-07-05,0.2152316776195083,0.201387730593455,0.1963171765019848,0.2282416519331487,0.2143977049070954,0.2197351302665376,0.21502199305181588,0.2143799134892306,0.012601776977338278
1993-07-06,0.2254395036194416,0.2152316776195083,0.201387730593455,0.1963171765019848,0.2282416519331487,0.2143977049070954,0.21439293934873876,0.21458562675829246,0.011824583065883063
1993-07-07,0.240784601527838,0.2254395036194416,0.2152316776195083,0.201387730593455,0.1963171765019848,0.2282416519331487,0.21740000667178166,0.21500928489619817,0.015511330480588163
1993-07-09,0.2134302965606965,0.240784601527838,0.2254395036194416,0.2152316776195083,0.201387730593455,0.1963171765019848,0.217261805479439,0.2155997375765865,0.015546807416963983
1993-07-10,0.2150982419855222,0.2134302965606965,0.240784601527838,0.2254395036194416,0.2152316776195083,0.201387730593455,0.21538417548692093,0.21625134825588505,0.014774216523415163
1993-07-12,0.2281749341161557,0.2150982419855222,0.2134302965606965,0.240784601527838,0.2254395036194416,0.2152316776195083,0.21993528371751675,0.21733773670925488,0.0126802326241686
1993-08-01,0.1962838175934884,0.2281749341161557,0.2150982419855222,0.2134302965606965,0.240784601527838,0.2254395036194416,0.21920615328895007,0.21673616439270108,0.01400231231541958
1993-08-02,0.1955165626980685,0.1962838175934884,0.2281749341161557,0.2150982419855222,0.2134302965606965,0.240784601527838,0.21638970830017298,0.21563198452146645,0.016664644260450636
1993-08-03,0.1952163325215999,0.1955165626980685,0.1962838175934884,0.2281749341161557,0.2150982419855222,0.2134302965606965,0.21207211242905274,0.2139607032057911,0.01780535414681017
1993-08-04,0.2018881142209027,0.1952163325215999,0.1955165626980685,0.1962838175934884,0.2281749341161557,0.2150982419855222,0.20651547138520485,0.21364379357507424,0.01268435249421135
1993-08-06,0.2270740901357708,0.2018881142209027,0.1952163325215999,0.1955165626980685,0.1962838175934884,0.2281749341161557,0.20846458475307258,0.21371607121015,0.01479642685731006
1993-08-07,0.2403842946258799,0.2270740901357708,0.2018881142209027,0.1952163325215999,0.1955165626980685,0.1962838175934884,0.2120768779874094,0.2151972067473952,0.019136036334941077
1993-08-09,0.2113954031424092,0.2403842946258799,0.2270740901357708,0.2018881142209027,0.1952163325215999,0.1955165626980685,0.20967980213401707,0.21573094928333944,0.017786804603341817
1993-08-10,0.2158988557894385,0.2113954031424092,0.2403842946258799,0.2270740901357708,0.2018881142209027,0.1952163325215999,0.21248195044772422,0.21637032836285594,0.016844793895739448
1993-08-11,0.2273409614037428,0.2158988557894385,0.2113954031424092,0.2403842946258799,0.2270740901357708,0.2018881142209027,0.2170282931199634,0.2171798378757047,0.015762633512945767
1993-08-12,0.2317776962337793,0.2273409614037428,0.2158988557894385,0.2113954031424092,0.2403842946258799,0.2270740901357708,0.22225134507884617,0.21780364946458952,0.013175640757939497
1993-09-02,0.1955832805150615,0.2317776962337793,0.2273409614037428,0.2158988557894385,0.2113954031424092,0.2403842946258799,0.2213506545494403,0.2164793007972779,0.01490207395459664
1993-09-03,0.1948493845281382,0.1955832805150615,0.2317776962337793,0.2273409614037428,0.2158988557894385,0.2113954031424092,0.21674712517692132,0.21512715303955252,0.01757670365348754
1993-09-06,0.2245388130900357,0.1948493845281382,0.1955832805150615,0.2317776962337793,0.2273409614037428,0.2158988557894385,0.214483484957515,0.2155196761961949,0.014831100316628033
1993-09-07,0.2389832204690263,0.2245388130900357,0.1948493845281382,0.1955832805150615,0.2317776962337793,0.2273409614037428,0.21842460171846032,0.21586104902647588,0.01732889302669936
1993-09-08,0.2313773893318211,0.2389832204690263,0.2245388130900357,0.1948493845281382,0.1955832805150615,0.2317776962337793,0.22063582079594354,0.21701971511492146,0.017930012488298508
1993-09-09,0.2124295293058011,0.2313773893318211,0.2389832204690263,0.2245388130900357,0.1948493845281382,0.1955832805150615,0.2185056162105233,0.21735108027265346,0.017886363499436415
1993-09-11,0.2275744737632185,0.2124295293058011,0.2313773893318211,0.2389832204690263,0.2245388130900357,0.1948493845281382,0.21790515585758605,0.21780698535543913,0.017431313758688415
1993-09-12,0.2319111318677653,0.2275744737632185,0.2124295293058011,0.2313773893318211,0.2389832204690263,0.2245388130900357,0.2230948489079723,0.21760349601361045,0.01490232109221588
1993-10-02,0.1967842012209361,0.2319111318677653,0.2275744737632185,0.2124295293058011,0.2313773893318211,0.2389832204690263,0.22337125129265775,0.21650154006960892,0.014296760584972062
1993-10-03,0.1942822830836975,0.1967842012209361,0.2319111318677653,0.2275744737632185,0.2124295293058011,0.2313773893318211,0.21904888986318086,0.2156531118301809,0.01798336913171915
1993-10-05,0.2147646529005571,0.1942822830836975,0.1967842012209361,0.2319111318677653,0.2275744737632185,0.2124295293058011,0.21558909449625668,0.215665343429963,0.01569286065778434
1993-10-06,0.224105147279581,0.2147646529005571,0.1942822830836975,0.1967842012209361,0.2319111318677653,0.2275744737632185,0.2145502027745081,0.21552745994151074,0.014681581902022877
1993-10-08,0.2304766988024152,0.224105147279581,0.2147646529005571,0.1942822830836975,0.1967842012209361,0.2319111318677653,0.21712836984545295,0.21666611068485836,0.015789872727590273
1993-10-09,0.2112286085999266,0.2304766988024152,0.224105147279581,0.2147646529005571,0.1942822830836975,0.1967842012209361,0.21479324625069698,0.2169941399517408,0.01518462470612365
1993-10-11,0.2268405777762951,0.2112286085999266,0.2304766988024152,0.224105147279581,0.2147646529005571,0.1942822830836975,0.21406888138048694,0.21738110329030036,0.014328760253578534
1993-10-12,0.2317776962337793,0.2268405777762951,0.2112286085999266,0.2304766988024152,0.224105147279581,0.2147646529005571,0.2190679520966074,0.21759237637744494,0.013365298484907664
1993-11-01,0.1958167928745371,0.2317776962337793,0.2268405777762951,0.2112286085999266,0.2304766988024152,0.224105147279581,0.21928716778101306,0.21609344942233488,0.01289533410244812
1993-11-02,0.1982186342862861,0.1958167928745371,0.2317776962337793,0.2268405777762951,0.2112286085999266,0.2304766988024152,0.21692345083611717,0.21558639401318788,0.015177053446392435
1993-11-03,0.1948160256196417,0.1982186342862861,0.1958167928745371,0.2317776962337793,0.2268405777762951,0.2112286085999266,0.21273929059898303,0.21491032013432518,0.016816008323190943
1993-11-05,0.2137972445541582,0.1948160256196417,0.1982186342862861,0.1958167928745371,0.2317776962337793,0.2268405777762951,0.21035651142066056,0.21443106381559193,0.014963449780834278
1993-11-06,0.2238049171031124,0.2137972445541582,0.1948160256196417,0.1982186342862861,0.1958167928745371,0.2317776962337793,0.21215312692111568,0.2153484337992461,0.015816306180519865
1993-11-08,0.2275744737632185,0.2238049171031124,0.2137972445541582,0.1948160256196417,0.1982186342862861,0.1958167928745371,0.21225796920496193,0.21641703083475108,0.015931902113084588
1993-11-10,0.2178336724822364,0.2275744737632185,0.2238049171031124,0.2137972445541582,0.1948160256196417,0.1982186342862861,0.21026596581188434,0.2171709421667723,0.013815722992155659
1993-11-11,0.2280748573906662,0.2178336724822364,0.2275744737632185,0.2238049171031124,0.2137972445541582,0.1948160256196417,0.2148742607427599,0.21804383360576443,0.013570608904772992
1993-12-01,0.1963505354104813,0.2280748573906662,0.2178336724822364,0.2275744737632185,0.2238049171031124,0.2137972445541582,0.21460738947478783,0.21701971511492144,0.013965365026201118
1993-12-02,0.1963505354104813,0.1963505354104813,0.2280748573906662,0.2178336724822364,0.2275744737632185,0.2238049171031124,0.21482660515919344,0.21555192314107482,0.013610454133709288
1993-12-03,0.1948827434366347,0.1963505354104813,0.1963505354104813,0.2280748573906662,0.2178336724822364,0.2275744737632185,0.21212453357097585,0.21500150115088232,0.015583412503006586
1993-12-05,0.2143643459985989,0.1948827434366347,0.1963505354104813,0.1963505354104813,0.2280748573906662,0.2178336724822364,0.21077588055604535,0.21495035082452102,0.014792508334759173
1993-12-07,0.2391833739200053,0.2143643459985989,0.1948827434366347,0.1963505354104813,0.1963505354104813,0.2280748573906662,0.21243429486415774,0.21534509790839645,0.017409051268259937
1993-12-08,0.2277746272141976,0.2391833739200053,0.2143643459985989,0.1948827434366347,0.1963505354104813,0.1963505354104813,0.21385443125443793,0.21521166227441038,0.018305306164896187
1993-12-10,0.2172999299462922,0.2277746272141976,0.2391833739200053,0.2143643459985989,0.1948827434366347,0.1963505354104813,0.2123151559052416,0.21593555058878472,0.017337679411610244
1993-12-11,0.2280748573906662,0.2172999299462922,0.2277746272141976,0.2391833739200053,0.2143643459985989,0.1948827434366347,0.21684720190241089,0.217043066350869,0.016599667472590413
1994-01-02,0.2313440304233245,0.2280748573906662,0.2172999299462922,0.2277746272141976,0.2391833739200053,0.2143643459985989,0.22184627261853135,0.21726990692864528,0.014539621183244332
1994-01-03,0.231110518063849,0.2313440304233245,0.2280748573906662,0.2172999299462922,0.2277746272141976,0.2391833739200053,0.22702166899384765,0.21700748351513935,0.00856061474768968
1994-01-06,0.2344464089135003,0.231110518063849,0.2313440304233245,0.2280748573906662,0.2172999299462922,0.2277746272141976,0.22989053512454788,0.21710978416786203,0.006794739834208536
1994-01-07,0.2333122060246189,0.2344464089135003,0.231110518063849,0.2313440304233245,0.2280748573906662,0.2172999299462922,0.22905179685377838,0.21780587339182264,0.005736397565103226
1994-01-08,0.2328118223971712,0.2333122060246189,0.2344464089135003,0.231110518063849,0.2313440304233245,0.2280748573906662,0.22977139616563175,0.21798045167962105,0.005864006164175097
1994-01-09,0.2342462554625213,0.2328118223971712,0.2333122060246189,0.2344464089135003,0.231110518063849,0.2313440304233245,0.23219229981080733,0.21805828913277955,0.002227887063758902
1994-01-11,0.2332454882076258,0.2342462554625213,0.2328118223971712,0.2333122060246189,0.2344464089135003,0.231110518063849,0.2329309613560873,0.21927366536566922,0.001298551255558868
1994-01-12,0.2303099042599327,0.2332454882076258,0.2342462554625213,0.2328118223971712,0.2333122060246189,0.2344464089135003,0.23278322904703133,0.22047458607154374,0.0015446805953470068
1994-02-02,0.2333789238416119,0.2303099042599327,0.2332454882076258,0.2342462554625213,0.2328118223971712,0.2333122060246189,0.23310728701528313,0.22109506176957888,0.0013624747176474985
1994-02-03,0.2282082930246523,0.2333789238416119,0.2303099042599327,0.2332454882076258,0.2342462554625213,0.2328118223971712,0.23221612760259056,0.22123183329441462,0.0021519666628265688
1994-02-06,0.232411515495213,0.2282082930246523,0.2333789238416119,0.2303099042599327,0.2332454882076258,0.2342462554625213,0.23208745752696117,0.22129632718417455,0.0021018507602551207
1994-02-08,0.2302431864429396,0.232411515495213,0.2282082930246523,0.2333789238416119,0.2303099042599327,0.2332454882076258,0.2317205095334995,0.22193014644560832,0.0021771822488073655
1994-02-09,0.2347132801814724,0.2302431864429396,0.232411515495213,0.2282082930246523,0.2333789238416119,0.2303099042599327,0.23178722735049254,0.2221925698591142,0.002272548497861661
1994-02-11,0.2328118223971712,0.2347132801814724,0.2302431864429396,0.232411515495213,0.2282082930246523,0.2333789238416119,0.23172527509185614,0.2222270407312273,0.0022317132341387186
1994-02-12,0.2295760082730093,0.2328118223971712,0.2347132801814724,0.2302431864429396,0.232411515495213,0.2282082930246523,0.23162043280800998,0.22335234791117636,0.0023245929282328104
1994-03-02,0.2340127431030457,0.2295760082730093,0.2328118223971712,0.2347132801814724,0.2302431864429396,0.232411515495213,0.2317109784167862,0.224545484871735,0.0024150866780006017
1994-03-03,0.2287086766520999,0.2340127431030457,0.2295760082730093,0.2328118223971712,0.2347132801814724,0.2302431864429396,0.23178246179213588,0.22567523990615027,0.0022987352969566816
1994-03-05,0.2269740134102812,0.2287086766520999,0.2340127431030457,0.2295760082730093,0.2328118223971712,0.2347132801814724,0.23100567578000275,0.2261144655346877,0.0028927148583964184
1994-03-06,0.2322113620442339,0.2269740134102812,0.2287086766520999,0.2340127431030457,0.2295760082730093,0.2328118223971712,0.2312868437230448,0.22639468036605842,0.00290188723090069
1994-03-08,0.2292090602795476,0.2322113620442339,0.2269740134102812,0.2287086766520999,0.2340127431030457,0.2295760082730093,0.2305005265941984,0.22644916658326938,0.002542123516858379
1994-03-10,0.2390165793775228,0.2292090602795476,0.2322113620442339,0.2269740134102812,0.2287086766520999,0.2340127431030457,0.23138692044853434,0.22715526347977896,0.004091771419859869
1994-03-11,0.2327784634886747,0.2390165793775228,0.2292090602795476,0.2322113620442339,0.2269740134102812,0.2287086766520999,0.23184441405077225,0.22731205034971255,0.004034175803200602
1994-04-01,0.2396503986389566,0.2327784634886747,0.2390165793775228,0.2292090602795476,0.2322113620442339,0.2269740134102812,0.23264979341304523,0.22875537912399507,0.00498896681953615
1994-04-02,0.235914200887347,0.2396503986389566,0.2327784634886747,0.2390165793775228,0.2292090602795476,0.2322113620442339,0.23367915401808054,0.23007416797322391,0.004779219106490961
1994-04-03,0.227541114854722,0.235914200887347,0.2396503986389566,0.2327784634886747,0.2390165793775228,0.2292090602795476,0.23376016851014353,0.2311627803538268,0.004649664546541401
1994-04-05,0.2270073723187777,0.227541114854722,0.235914200887347,0.2396503986389566,0.2327784634886747,0.2390165793775228,0.2330167414065069,0.23158421456449946,0.005307996330953682
1994-04-07,0.2346465623644795,0.2270073723187777,0.227541114854722,0.235914200887347,0.2396503986389566,0.2327784634886747,0.23379352741864004,0.23143298751264857,0.005049472835957563
1994-04-08,0.2285752410181139,0.2346465623644795,0.2270073723187777,0.227541114854722,0.235914200887347,0.2396503986389566,0.2323019076530102,0.2314596746394458,0.004784676757501089
1994-04-10,0.2385495546585715,0.2285752410181139,0.2346465623644795,0.2270073723187777,0.227541114854722,0.235914200887347,0.23312634924870976,0.23216799546318845,0.0053448861863653035
1994-04-11,0.2327784634886747,0.2385495546585715,0.2285752410181139,0.2346465623644795,0.2270073723187777,0.227541114854722,0.23214464422724093,0.23232478233312207,0.004513284851092306
1994-05-01,0.2404176535343763,0.2327784634886747,0.2385495546585715,0.2285752410181139,0.2346465623644795,0.2270073723187777,0.23278799460538796,0.23262723643682381,0.005378262862383608
1994-05-04,0.2334122827501084,0.2404176535343763,0.2327784634886747,0.2385495546585715,0.2285752410181139,0.2346465623644795,0.23362673287615743,0.2327039619263658,0.004856093832548517
1994-05-05,0.2265737065083231,0.2334122827501084,0.2404176535343763,0.2327784634886747,0.2385495546585715,0.2285752410181139,0.2335647806175211,0.23244153851285987,0.004956347177162748
1994-05-07,0.2351135870834306,0.2265737065083231,0.2334122827501084,0.2404176535343763,0.2327784634886747,0.2385495546585715,0.23363149843451408,0.2325015845481536,0.0049764387349200525
1994-05-08,0.2291089835540581,0.2351135870834306,0.2265737065083231,0.2334122827501084,0.2404176535343763,0.2327784634886747,0.2337077473682204,0.2323781565867165,0.004889382363487261
1994-05-09,0.2348467158154585,0.2291089835540581,0.2351135870834306,0.2265737065083231,0.2334122827501084,0.2404176535343763,0.23317877039063278,0.23239817193181442,0.004459667292625067
1994-05-10,0.2393835273709844,0.2348467158154585,0.2291089835540581,0.2351135870834306,0.2265737065083231,0.2334122827501084,0.23412235094524844,0.23260277323725967,0.005023911953408323
1994-05-12,0.2279747806651766,0.2393835273709844,0.2348467158154585,0.2291089835540581,0.2351135870834306,0.2265737065083231,0.23234479767821994,0.23252493578410113,0.004609447982738838
1994-06-01,0.2340127431030457,0.2279747806651766,0.2393835273709844,0.2348467158154585,0.2291089835540581,0.2351135870834306,0.23243057772863956,0.2325460630928156,0.00463812236211297
1994-06-04,0.2328451813056677,0.2340127431030457,0.2279747806651766,0.2393835273709844,0.2348467158154585,0.2291089835540581,0.23332650269968877,0.2327006260355161,0.0038583947230696595
1994-06-05,0.2258398105213997,0.2328451813056677,0.2340127431030457,0.2279747806651766,0.2393835273709844,0.2348467158154585,0.23200167747654152,0.23248156920305568,0.004652848860441776
1994-06-06,0.2291757013710511,0.2258398105213997,0.2328451813056677,0.2340127431030457,0.2279747806651766,0.2393835273709844,0.2320112085932548,0.23244598636732602,0.004645999032016971
1994-06-07,0.2339126663775561,0.2291757013710511,0.2258398105213997,0.2328451813056677,0.2340127431030457,0.2279747806651766,0.23187777295926876,0.23241929924052884,0.0045636726265221245
1994-06-09,0.2353137405344098,0.2339126663775561,0.2291757013710511,0.2258398105213997,0.2328451813056677,0.2340127431030457,0.23129637483975807,0.23250269651177013,0.0036070764830454087
1994-06-10,0.238249324482103,0.2353137405344098,0.2339126663775561,0.2291757013710511,0.2258398105213997,0.2328451813056677,0.23276416681360473,0.23279180705207328,0.004088513023219304
1994-06-12,0.2274076792207359,0.238249324482103,0.2353137405344098,0.2339126663775561,0.2291757013710511,0.2258398105213997,0.23182058625898902,0.23257163825599628,0.004494371279479353
1994-07-01,0.2372485572272075,0.2274076792207359,0.238249324482103,0.2353137405344098,0.2339126663775561,0.2291757013710511,0.23244963996206616,0.23285630094183318,0.0049470420973803395
1994-07-02,0.2325783100376956,0.2372485572272075,0.2274076792207359,0.238249324482103,0.2353137405344098,0.2339126663775561,0.23341228275010842,0.23304311082941367,0.004014127050630144
1994-07-03,0.2285752410181139,0.2325783100376956,0.2372485572272075,0.2274076792207359,0.238249324482103,0.2353137405344098,0.23332650269968885,0.2329219067952097,0.004124644212695486
1994-07-04,0.2331120525736398,0.2285752410181139,0.2325783100376956,0.2372485572272075,0.2274076792207359,0.238249324482103,0.23321212929912935,0.2330520065383461,0.004116774047802391
1994-07-06,0.2305767755279048,0.2331120525736398,0.2285752410181139,0.2325783100376956,0.2372485572272075,0.2274076792207359,0.2325354200124858,0.2327706797433588,0.004103042425420247
1994-07-07,0.2322447209527304,0.2305767755279048,0.2331120525736398,0.2285752410181139,0.2325783100376956,0.2372485572272075,0.2316776195082897,0.232752888325494,0.0032479427486030374
1994-07-09,0.2367148146912633,0.2322447209527304,0.2305767755279048,0.2331120525736398,0.2285752410181139,0.2325783100376956,0.23300721028979363,0.23265503552723754,0.0031107624016605646
1994-07-10,0.238249324482103,0.2367148146912633,0.2322447209527304,0.2305767755279048,0.2331120525736398,0.2285752410181139,0.23315017704049296,0.23273287298039608,0.0033518332604853323
1994-07-11,0.2320445675017514,0.238249324482103,0.2367148146912633,0.2322447209527304,0.2305767755279048,0.2331120525736398,0.23307392810678668,0.23288298806863042,0.0033730144905460536
1994-07-12,0.2282416519331487,0.2320445675017514,0.238249324482103,0.2367148146912633,0.2322447209527304,0.2305767755279048,0.23302627252322017,0.23292413072244275,0.003448675364895057
1994-08-02,0.2306101344364012,0.2282416519331487,0.2320445675017514,0.238249324482103,0.2367148146912633,0.2322447209527304,0.23266885564647183,0.23278958312484016,0.003565957279273817
1994-08-03,0.2276411915802115,0.2306101344364012,0.2282416519331487,0.2320445675017514,0.238249324482103,0.2367148146912633,0.23224948651108707,0.23275844814357677,0.00399928788128376
1994-08-04,0.2338793074690596,0.2276411915802115,0.2306101344364012,0.2282416519331487,0.2320445675017514,0.238249324482103,0.2324829988705627,0.23260277323725967,0.004046406200457526
1994-08-06,0.2312105947893385,0.2338793074690596,0.2276411915802115,0.2306101344364012,0.2282416519331487,0.2320445675017514,0.23169668174171626,0.2325505109472818,0.00359682970244539
1994-08-07,0.2323447976782199,0.2312105947893385,0.2338793074690596,0.2276411915802115,0.2306101344364012,0.2282416519331487,0.23085317791259014,0.2322814157520766,0.0022407416877045973
1994-08-08,0.2286419588351069,0.2323447976782199,0.2312105947893385,0.2338793074690596,0.2276411915802115,0.2306101344364012,0.2303670909602123,0.23212240495490988,0.0023072948390072843
1994-08-09,0.2379157353971378,0.2286419588351069,0.2323447976782199,0.2312105947893385,0.2338793074690596,0.2276411915802115,0.23174910288363934,0.23250047258453704,0.0034408453400914508
1994-08-11,0.2333455649331154,0.2379157353971378,0.2286419588351069,0.2323447976782199,0.2312105947893385,0.2338793074690596,0.23213987866888422,0.23244153851285984,0.003445262493092409
1994-08-12,0.2277079093972045,0.2333455649331154,0.2379157353971378,0.2286419588351069,0.2323447976782199,0.2312105947893385,0.23214940978559753,0.23239483604096473,0.0034308048639223156
1994-09-02,0.2307435700703873,0.2277079093972045,0.2333455649331154,0.2379157353971378,0.2286419588351069,0.2323447976782199,0.2317014473000729,0.23225806451612904,0.003371490241135359
1994-09-03,0.2271074490442673,0.2307435700703873,0.2277079093972045,0.2333455649331154,0.2379157353971378,0.2286419588351069,0.2311152836222056,0.23184886190523846,0.0038004483828164423
1994-09-05,0.2309103646128699,0.2271074490442673,0.2307435700703873,0.2277079093972045,0.2333455649331154,0.2379157353971378,0.23091036461286985,0.2319467147034949,0.0037615775025568424
1994-09-06,0.2319444907762618,0.2309103646128699,0.2271074490442673,0.2307435700703873,0.2277079093972045,0.2333455649331154,0.23138215489017774,0.23187777295926879,0.003634612348319609
1994-09-08,0.2293424959135337,0.2319444907762618,0.2309103646128699,0.2271074490442673,0.2307435700703873,0.2277079093972045,0.23015740639252,0.23176101677953095,0.002244805628475082
1994-09-09,0.2374153517696901,0.2293424959135337,0.2319444907762618,0.2309103646128699,0.2271074490442673,0.2307435700703873,0.23073880451203066,0.23214686815447397,0.003424961402756422
1994-09-11,0.2326450278546886,0.2374153517696901,0.2293424959135337,0.2319444907762618,0.2309103646128699,0.2271074490442673,0.23144410714881408,0.23226251237059525,0.003197586674120491
1994-09-12,0.2279080628481836,0.2326450278546886,0.2374153517696901,0.2293424959135337,0.2319444907762618,0.2309103646128699,0.23103903468849932,0.23206235891961619,0.0034691890128699344
1994-10-01,0.2327117456716816,0.2279080628481836,0.2326450278546886,0.2374153517696901,0.2293424959135337,0.2319444907762618,0.23183964849241562,0.2319756257575252,0.003029448617496064
1994-10-02,0.2319111318677653,0.2327117456716816,0.2279080628481836,0.2326450278546886,0.2374153517696901,0.2293424959135337,0.23198261524311498,0.23176435267038062,0.0030017722114839595
1994-10-03,0.2305767755279048,0.2319111318677653,0.2327117456716816,0.2279080628481836,0.2326450278546886,0.2374153517696901,0.23178722735049254,0.2318699892139529,0.00304881166160486
1994-10-05,0.2303432631684291,0.2305767755279048,0.2319111318677653,0.2327117456716816,0.2279080628481836,0.2326450278546886,0.23193019410119184,0.231639812745327,0.0029364593079993784
1994-10-06,0.232278079861227,0.2303432631684291,0.2305767755279048,0.2319111318677653,0.2327117456716816,0.2279080628481836,0.23119629811426856,0.23162980507277803,0.0017320799741738049
1994-10-08,0.2291089835540581,0.232278079861227,0.2303432631684291,0.2305767755279048,0.2319111318677653,0.2327117456716816,0.2306911489284642,0.23164759649064282,0.0017546338903341534
1994-10-10,0.2377155819461587,0.2291089835540581,0.232278079861227,0.2303432631684291,0.2305767755279048,0.2319111318677653,0.2320922230853178,0.23180104746972677,0.002778742823456792
1994-10-11,0.2330453347566468,0.2377155819461587,0.2291089835540581,0.232278079861227,0.2303432631684291,0.2305767755279048,0.23213987866888425,0.23188333277735154,0.0027939573581203647
1994-11-01,0.2338793074690596,0.2330453347566468,0.2377155819461587,0.2291089835540581,0.232278079861227,0.2303432631684291,0.2324210466119263,0.2319378189945625,0.002865225002231322
1994-11-02,0.2314774660573106,0.2338793074690596,0.2330453347566468,0.2377155819461587,0.2291089835540581,0.232278079861227,0.23254971668755567,0.23176324070676407,0.0027877769636284314
1994-11-03,0.234679921272976,0.2314774660573106,0.2338793074690596,0.2330453347566468,0.2377155819461587,0.2291089835540581,0.23316923927391953,0.23164426059979315,0.00269607366344117
1994-11-04,0.2314107482403176,0.234679921272976,0.2314774660573106,0.2338793074690596,0.2330453347566468,0.2377155819461587,0.23304533475664677,0.2316231332910787,0.0027629554979776267
1994-11-05,0.2305767755279048,0.2314107482403176,0.234679921272976,0.2314774660573106,0.2338793074690596,0.2330453347566468,0.23325501932433917,0.23170097074423726,0.002452709014301629
1994-11-07,0.2340794609200387,0.2305767755279048,0.2314107482403176,0.234679921272976,0.2314774660573106,0.2338793074690596,0.23273557346346488,0.23181661496035852,0.001580559293304249
1994-11-08,0.2286419588351069,0.2340794609200387,0.2305767755279048,0.2314107482403176,0.234679921272976,0.2314774660573106,0.23210651976038774,0.231849973868855,0.0021939604529694085
1994-11-10,0.2353470994429062,0.2286419588351069,0.2340794609200387,0.2305767755279048,0.2314107482403176,0.234679921272976,0.23231620432808012,0.23189890026798324,0.002447161005069608
1994-11-11,0.2337792307435701,0.2353470994429062,0.2286419588351069,0.2340794609200387,0.2305767755279048,0.2314107482403176,0.2326450278546886,0.23198452146645762,0.0024702115945944396
1994-12-01,0.2343129732795143,0.2337792307435701,0.2353470994429062,0.2286419588351069,0.2340794609200387,0.2305767755279048,0.23259260671276552,0.23205012731983413,0.0024232790049839594
1994-12-04,0.228908830103079,0.2343129732795143,0.2337792307435701,0.2353470994429062,0.2286419588351069,0.2340794609200387,0.23223518983601715,0.2320590230287665,0.002784267698775175
1994-12-05,0.2297428028154919,0.228908830103079,0.2343129732795143,0.2337792307435701,0.2353470994429062,0.2286419588351069,0.232116050877101,0.23178659194271165,0.002883145738964794
1994-12-07,0.2344464089135003,0.2297428028154919,0.228908830103079,0.2343129732795143,0.2337792307435701,0.2353470994429062,0.23216847201902407,0.23182328674205782,0.0029277844257197916
1994-12-08,0.2290422657370651,0.2344464089135003,0.2297428028154919,0.228908830103079,0.2343129732795143,0.2337792307435701,0.23222565871930384,0.23186776528671985,0.002850307238150562
1994-12-09,0.2376488641291657,0.2290422657370651,0.2344464089135003,0.2297428028154919,0.228908830103079,0.2343129732795143,0.23255448224591233,0.23209794175534576,0.0033579854689023917
1994-12-10,0.2355138939853888,0.2376488641291657,0.2290422657370651,0.2344464089135003,0.2297428028154919,0.228908830103079,0.23280229128045787,0.2323781565867165,0.0035233658669464535
1994-12-12,0.2283417286586383,0.2355138939853888,0.2376488641291657,0.2290422657370651,0.2344464089135003,0.2297428028154919,0.23194925633461844,0.23229253538824207,0.0038080051790779688
1995-01-02,0.227741268305701,0.2283417286586383,0.2355138939853888,0.2376488641291657,0.2290422657370651,0.2344464089135003,0.23178246179213585,0.23215242797255672,0.00398483896181455
1995-01-03,0.2273743203122394,0.227741268305701,0.2283417286586383,0.2355138939853888,0.2376488641291657,0.2290422657370651,0.23144410714881408,0.23208682211918027,0.004276754314951649
1995-01-05,0.2350468692664376,0.2273743203122394,0.227741268305701,0.2283417286586383,0.2355138939853888,0.2376488641291657,0.2315298871992337,0.2320078727024052,0.004352362122904097
1995-01-06,0.2325783100376956,0.2350468692664376,0.2273743203122394,0.227741268305701,0.2283417286586383,0.2355138939853888,0.23203503638503806,0.23200564877517207,0.004218669543491219
1995-01-08,0.2321446442272409,0.2325783100376956,0.2350468692664376,0.2273743203122394,0.227741268305701,0.2283417286586383,0.23124871925619164,0.23214686815447397,0.00343879644283645
1995-01-09,0.231243953697835,0.2321446442272409,0.2325783100376956,0.2350468692664376,0.2273743203122394,0.227741268305701,0.2306387277865411,0.2320979417553458,0.002891239813073862
1995-01-11,0.2315441838743036,0.231243953697835,0.2321446442272409,0.2325783100376956,0.2350468692664376,0.2273743203122394,0.23109622138877903,0.2320857101555637,0.002715208675249018
1995-01-12,0.2343796910965073,0.2315441838743036,0.231243953697835,0.2321446442272409,0.2325783100376956,0.2350468692664376,0.23204456750175134,0.23221247400785047,0.0024988026993903365
1995-02-02,0.2275077559462254,0.2343796910965073,0.2315441838743036,0.231243953697835,0.2321446442272409,0.2325783100376956,0.2320636297351779,0.23211795710044367,0.0024574036529397478
1995-02-03,0.2267405010508056,0.2275077559462254,0.2343796910965073,0.2315441838743036,0.231243953697835,0.2321446442272409,0.23087700570437336,0.23193337114009627,0.0027632239937258247
1995-02-05,0.2359475597958435,0.2267405010508056,0.2275077559462254,0.2343796910965073,0.2315441838743036,0.231243953697835,0.23135832709839446,0.23216132368148915,0.003341826631413941
1995-02-06,0.2330119758481502,0.2359475597958435,0.2267405010508056,0.2275077559462254,0.2343796910965073,0.2315441838743036,0.23148223161566725,0.23200453681155553,0.003391548924931236
1995-02-08,0.2320112085932548,0.2330119758481502,0.2359475597958435,0.2267405010508056,0.2275077559462254,0.2343796910965073,0.23159183945787007,0.23197006593944244,0.003394961162870627
1995-02-10,0.232411515495213,0.2320112085932548,0.2330119758481502,0.2359475597958435,0.2267405010508056,0.2275077559462254,0.2317157439751428,0.23192113954031424,0.003408731416772366
1995-02-11,0.2316109016912967,0.232411515495213,0.2320112085932548,0.2330119758481502,0.2359475597958435,0.2267405010508056,0.2313202026315413,0.23192558739478045,0.0032024965830767757
1995-03-01,0.2308436467958768,0.2316109016912967,0.232411515495213,0.2320112085932548,0.2330119758481502,0.2359475597958435,0.2317967584672058,0.23179771157887713,0.0027579740049628394
1995-03-02,0.2273409614037428,0.2308436467958768,0.2316109016912967,0.232411515495213,0.2320112085932548,0.2330119758481502,0.2318825385176254,0.23166205201765797,0.0025779644606685054
1995-03-03,0.2284084464756313,0.2273409614037428,0.2308436467958768,0.2316109016912967,0.232411515495213,0.2320112085932548,0.23080552232902365,0.2315897743825822,0.002133095364062772
1995-03-04,0.238449477933082,0.2284084464756313,0.2273409614037428,0.2308436467958768,0.2316109016912967,0.232411515495213,0.23158230834115676,0.2317354416163503,0.003573943190589222
1995-03-05,0.236047636521333,0.238449477933082,0.2284084464756313,0.2273409614037428,0.2308436467958768,0.2316109016912967,0.23215894090231082,0.23198229753922447,0.003959505106569629
1995-03-07,0.2332454882076258,0.236047636521333,0.238449477933082,0.2284084464756313,0.2273409614037428,0.2308436467958768,0.23227807986122692,0.23191224383138181,0.00398086080755351
1995-03-08,0.2329118991226607,0.2332454882076258,0.236047636521333,0.238449477933082,0.2284084464756313,0.2273409614037428,0.23246393663713608,0.23188333277735154,0.003974886110996751
1995-03-10,0.2317109784167862,0.2329118991226607,0.2332454882076258,0.236047636521333,0.238449477933082,0.2284084464756313,0.23258784115440884,0.23179659961526058,0.003929216592368656
1995-03-11,0.2319444907762618,0.2317109784167862,0.2329118991226607,0.2332454882076258,0.236047636521333,0.238449477933082,0.23324548820762583,0.2318977883043667,0.003227205014749765
1995-04-01,0.2273076024952464,0.2319444907762618,0.2317109784167862,0.2329118991226607,0.2332454882076258,0.236047636521333,0.23308822478185656,0.2318166149603585,0.0035160940631138006
1995-04-04,0.2380491710311238,0.2273076024952464,0.2319444907762618,0.2317109784167862,0.2329118991226607,0.2332454882076258,0.23303103808157682,0.23193670703094593,0.003416200737411759
1995-04-05,0.2369816859592354,0.2380491710311238,0.2273076024952464,0.2319444907762618,0.2317109784167862,0.2329118991226607,0.23316447371556287,0.23220135437168493,0.003568512339368358
1995-04-07,0.2334122827501084,0.2369816859592354,0.2380491710311238,0.2273076024952464,0.2319444907762618,0.2317109784167862,0.2331883015073461,0.23206013499238304,0.003569700116288831
1995-04-08,0.2329118991226607,0.2334122827501084,0.2369816859592354,0.2380491710311238,0.2273076024952464,0.2319444907762618,0.23318830150734612,0.2319734018302921,0.003569700116288831
1995-04-09,0.2300430329919605,0.2329118991226607,0.2334122827501084,0.2369816859592354,0.2380491710311238,0.2273076024952464,0.23295002358951386,0.2320301119747362,0.003736516860180559
1995-04-10,0.2319111318677653,0.2300430329919605,0.2329118991226607,0.2334122827501084,0.2369816859592354,0.2380491710311238,0.2329452580311572,0.232169107426805,0.0037380340259653296
1995-04-12,0.2341795376455283,0.2319111318677653,0.2300430329919605,0.2329118991226607,0.2334122827501084,0.2369816859592354,0.23392696305262609,0.23239594800458127,0.0027937866554279722
1995-05-01,0.2271074490442673,0.2341795376455283,0.2319111318677653,0.2300430329919605,0.2329118991226607,0.2334122827501084,0.23236385991164657,0.23213130066384227,0.0031422284009679593
1995-05-04,0.2382826833905995,0.2271074490442673,0.2341795376455283,0.2319111318677653,0.2300430329919605,0.2329118991226607,0.2325497166875557,0.2323214464422724,0.003481090603155258
1995-05-05,0.2375821463121727,0.2382826833905995,0.2271074490442673,0.2341795376455283,0.2319111318677653,0.2300430329919605,0.23314541148213633,0.23250269651177013,0.003975032755015642
1995-05-06,0.232411515495213,0.2375821463121727,0.2382826833905995,0.2271074490442673,0.2341795376455283,0.2319111318677653,0.23307392810678668,0.23254161523834938,0.0039844200457870346
1995-05-07,0.2330786936651433,0.232411515495213,0.2375821463121727,0.2382826833905995,0.2271074490442673,0.2341795376455283,0.23350759391724135,0.23259276556471073,0.003758343027518688
1995-05-09,0.2298428795409814,0.2330786936651433,0.232411515495213,0.2375821463121727,0.2382826833905995,0.2271074490442673,0.23321212929912935,0.23244153851285984,0.003979556065594158
1995-05-10,0.232411515495213,0.2298428795409814,0.2330786936651433,0.232411515495213,0.2375821463121727,0.2382826833905995,0.23295955470622717,0.23260499716449273,0.003963999347349468
1995-05-12,0.2346132034559829,0.232411515495213,0.2298428795409814,0.2330786936651433,0.232411515495213,0.2375821463121727,0.23403180533647225,0.2328674205779987,0.003019909175376314
1995-06-01,0.2270407312272742,0.2346132034559829,0.232411515495213,0.2298428795409814,0.2330786936651433,0.232411515495213,0.23242581217028294,0.2325705262923797,0.0033533506424029873
1995-06-02,0.2265737065083231,0.2270407312272742,0.2346132034559829,0.232411515495213,0.2298428795409814,0.2330786936651433,0.23085317791259014,0.23235591731438549,0.003104214138931486
1995-06-03,0.2294759315475198,0.2265737065083231,0.2270407312272742,0.2346132034559829,0.232411515495213,0.2298428795409814,0.23043380877720537,0.23227140807952765,0.0030565277344491134
1995-06-04,0.2391833739200053,0.2294759315475198,0.2265737065083231,0.2270407312272742,0.2346132034559829,0.232411515495213,0.23130590595647135,0.23249713669368738,0.004477532252551241
1995-06-06,0.2330453347566468,0.2391833739200053,0.2294759315475198,0.2265737065083231,0.2270407312272742,0.2346132034559829,0.2317633995587093,0.23254495112919907,0.0044667257568540815
1995-06-07,0.2330119758481502,0.2330453347566468,0.2391833739200053,0.2294759315475198,0.2265737065083231,0.2270407312272742,0.2318491796091289,0.23261722876427485,0.004486966586416649
1995-06-09,0.2302765453514361,0.2330119758481502,0.2330453347566468,0.2391833739200053,0.2294759315475198,0.2265737065083231,0.23122965702276504,0.23271508156253126,0.004338661620113924
1995-06-10,0.232278079861227,0.2302765453514361,0.2330119758481502,0.2330453347566468,0.2391833739200053,0.2294759315475198,0.23197784968475835,0.23284406934205115,0.003928049839189944
1995-06-11,0.2317109784167862,0.232278079861227,0.2302765453514361,0.2330119758481502,0.2330453347566468,0.2391833739200053,0.23271174567168162,0.23261945269150794,0.0031536668287320984
1995-06-12,0.2358474830703539,0.2317109784167862,0.232278079861227,0.2302765453514361,0.2330119758481502,0.2330453347566468,0.23362196731780077,0.23261278090980866,0.002978716688769958
1995-07-02,0.2265737065083231,0.2358474830703539,0.2317109784167862,0.232278079861227,0.2302765453514361,0.2330119758481502,0.23182058625898902,0.23239038818649857,0.0028656133631323887
1995-07-03,0.2315775427828001,0.2265737065083231,0.2358474830703539,0.2317109784167862,0.232278079861227,0.2302765453514361,0.23161090169129667,0.23234590964183652,0.002814300611906985
1995-07-04,0.2389832204690263,0.2315775427828001,0.2265737065083231,0.2358474830703539,0.2317109784167862,0.232278079861227,0.2324639366371361,0.23258831771024452,0.003975259376040492
1995-07-06,0.2341795376455283,0.2389832204690263,0.2315775427828001,0.2265737065083231,0.2358474830703539,0.2317109784167862,0.23302150696486354,0.2326628192725534,0.0038901271644060167
1995-07-07,0.2340794609200387,0.2341795376455283,0.2389832204690263,0.2315775427828001,0.2265737065083231,0.2358474830703539,0.23327884711612237,0.23288854788671315,0.003892333301294567
1995-07-08,0.2329786169396537,0.2340794609200387,0.2341795376455283,0.2389832204690263,0.2315775427828001,0.2265737065083231,0.23345993833367487,0.2327195294169975,0.0038363159165007844
1995-07-09,0.2312105947893385,0.2329786169396537,0.2340794609200387,0.2341795376455283,0.2389832204690263,0.2315775427828001,0.23279752572210125,0.23252715971133425,0.0037548094071066258
1995-07-11,0.2334456416586049,0.2312105947893385,0.2329786169396537,0.2340794609200387,0.2341795376455283,0.2389832204690263,0.23377923074357007,0.2325282716749508,0.0025667579264935245
1995-07-12,0.2354471761683958,0.2334456416586049,0.2312105947893385,0.2329786169396537,0.2340794609200387,0.2341795376455283,0.23433203551294088,0.2326127809098086,0.0024264149752132
1995-08-02,0.2266404243253161,0.2354471761683958,0.2334456416586049,0.2312105947893385,0.2329786169396537,0.2340794609200387,0.23256877892098227,0.23249936062092047,0.002918012516933907
1995-08-03,0.2302431864429396,0.2266404243253161,0.2354471761683958,0.2334456416586049,0.2312105947893385,0.2329786169396537,0.2320064430348982,0.23244376244009296,0.002935105547723796
1995-08-06,0.2336124362010875,0.2302431864429396,0.2266404243253161,0.2354471761683958,0.2334456416586049,0.2312105947893385,0.23193972521790515,0.23242485905861163,0.002885010672587926
1995-08-08,0.2332454882076258,0.2336124362010875,0.2302431864429396,0.2266404243253161,0.2354471761683958,0.2334456416586049,0.2319778496847583,0.23262946036405688,0.0029027362417976864
1995-08-09,0.2318444140507722,0.2332454882076258,0.2336124362010875,0.2302431864429396,0.2266404243253161,0.2354471761683958,0.23206839529353457,0.23241485138606263,0.0028846432933630475
1995-08-11,0.2334456416586049,0.2318444140507722,0.2332454882076258,0.2336124362010875,0.2302431864429396,0.2266404243253161,0.23206839529353454,0.23227696789761038,0.0028846432933630475
1995-08-12,0.2361143543383261,0.2334456416586049,0.2318444140507722,0.2332454882076258,0.2336124362010875,0.2302431864429396,0.23216370646066745,0.2324003958590475,0.003022610252783951
1995-09-01,0.2251726323514694,0.2361143543383261,0.2334456416586049,0.2318444140507722,0.2332454882076258,0.2336124362010875,0.23195402189297507,0.23213686048192503,0.003485152669289048
1995-09-02,0.2279747806651766,0.2251726323514694,0.2361143543383261,0.2334456416586049,0.2318444140507722,0.2332454882076258,0.2316299639247232,0.2320745905193982,0.0037649710626137317
1995-09-03,0.2308436467958768,0.2279747806651766,0.2251726323514694,0.2361143543383261,0.2334456416586049,0.2318444140507722,0.23123442258112167,0.23202232822942032,0.0036661280717987833
1995-09-05,0.2356473296193749,0.2308436467958768,0.2279747806651766,0.2251726323514694,0.2361143543383261,0.2334456416586049,0.23157754278280013,0.2320567991015334,0.003984306997407647
1995-09-06,0.2345131267304934,0.2356473296193749,0.2308436467958768,0.2279747806651766,0.2251726323514694,0.2361143543383261,0.23195878745133172,0.2323058789516407,0.004138784319435925
1995-09-08,0.2331787703906328,0.2345131267304934,0.2356473296193749,0.2308436467958768,0.2279747806651766,0.2251726323514694,0.23192066298447858,0.2325260477477177,0.004124008213509072
1995-09-10,0.2332454882076258,0.2331787703906328,0.2345131267304934,0.2356473296193749,0.2308436467958768,0.2279747806651766,0.2315108249658071,0.2326516996363879,0.0037646825178282366
1995-09-11,0.233579077292591,0.2332454882076258,0.2331787703906328,0.2345131267304934,0.2356473296193749,0.2308436467958768,0.23271174567168162,0.2324648897488074,0.002551029695321636
1995-10-01,0.226306835240351,0.233579077292591,0.2332454882076258,0.2331787703906328,0.2345131267304934,0.2356473296193749,0.2324734677538494,0.2322402730982642,0.003088503430360829
1995-10-02,0.2278413450311905,0.226306835240351,0.233579077292591,0.2332454882076258,0.2331787703906328,0.2345131267304934,0.23204456750175134,0.2320679187376989,0.0035295343700238254
1995-10-03,0.231177235880842,0.2278413450311905,0.226306835240351,0.233579077292591,0.2332454882076258,0.2331787703906328,0.23140598268196094,0.23209794175534576,0.0031533979681989785
1995-10-04,0.2364479434232912,0.231177235880842,0.2278413450311905,0.226306835240351,0.233579077292591,0.2332454882076258,0.23168238506664635,0.23223693720741456,0.0035330758201605325
1995-10-05,0.2323781565867165,0.2364479434232912,0.231177235880842,0.2278413450311905,0.226306835240351,0.233579077292591,0.23156801166608684,0.23225917647974556,0.0034892479742065427
1995-10-07,0.2341128198285352,0.2323781565867165,0.2364479434232912,0.231177235880842,0.2278413450311905,0.226306835240351,0.23169191618335963,0.23220135437168493,0.0035731350213193775
1995-10-08,0.2329452580311573,0.2341128198285352,0.2323781565867165,0.2364479434232912,0.231177235880842,0.2278413450311905,0.23160137057458338,0.2324137394224461,0.0035250499397842592
1995-10-10,0.233645795109584,0.2329452580311573,0.2341128198285352,0.2323781565867165,0.2364479434232912,0.231177235880842,0.23264979341304523,0.2324826811666722,0.002677346217316299
1995-10-11,0.2365146612402842,0.233645795109584,0.2329452580311573,0.2341128198285352,0.2323781565867165,0.2364479434232912,0.23388883858577292,0.23240039585904748,0.0020032678929242493
1995-11-01,0.2273076024952464,0.2365146612402842,0.233645795109584,0.2329452580311573,0.2341128198285352,0.2323781565867165,0.2333360338164021,0.23217133135403809,0.0031064240149381757
1995-11-04,0.2369149681422424,0.2273076024952464,0.2365146612402842,0.233645795109584,0.2329452580311573,0.2341128198285352,0.23340275163339516,0.2322658482614449,0.0031883342464105865
1995-11-05,0.2326783867631851,0.2369149681422424,0.2273076024952464,0.2365146612402842,0.233645795109584,0.2329452580311573,0.23344564165860496,0.2322558405888959,0.003174242276425623
1995-11-07,0.2334122827501084,0.2326783867631851,0.2369149681422424,0.2273076024952464,0.2365146612402842,0.233645795109584,0.2333455649331154,0.23232923018758825,0.003160716238084255
1995-11-08,0.2326116689461921,0.2334122827501084,0.2326783867631851,0.2369149681422424,0.2273076024952464,0.2365146612402842,0.23329790934954892,0.23230143109717452,0.0031702582215409475
1995-11-09,0.2316442605997932,0.2326116689461921,0.2334122827501084,0.2326783867631851,0.2369149681422424,0.2273076024952464,0.23301197584815023,0.23217466724488775,0.003223467260121818
1995-11-10,0.2332454882076258,0.2316442605997932,0.2326116689461921,0.2334122827501084,0.2326783867631851,0.2369149681422424,0.23254495112919904,0.23239483604096475,0.002846149021380699
1995-11-12,0.2366480968742703,0.2332454882076258,0.2316442605997932,0.2326116689461921,0.2334122827501084,0.2326783867631851,0.23387930746905963,0.23260833305534243,0.002063404222440041
1995-12-01,0.2305767755279048,0.2366480968742703,0.2332454882076258,0.2316442605997932,0.2326116689461921,0.2334122827501084,0.2329738513812971,0.23250714436623632,0.0018928967361633135
1995-12-04,0.2369483270507389,0.2305767755279048,0.2366480968742703,0.2332454882076258,0.2316442605997932,0.2326116689461921,0.23358384285094763,0.23263057232767345,0.002401488381461826
1995-12-05,0.2333122060246189,0.2369483270507389,0.2305767755279048,0.2366480968742703,0.2332454882076258,0.2316442605997932,0.23356954617587772,0.23267949872680166,0.0024029773757628355
1995-12-06,0.2352470227174167,0.2333122060246189,0.2369483270507389,0.2305767755279048,0.2366480968742703,0.2332454882076258,0.23394602528605266,0.2327395447620954,0.0024341338202068575
1995-12-07,0.2347132801814724,0.2352470227174167,0.2333122060246189,0.2369483270507389,0.2305767755279048,0.2366480968742703,0.234384456654864,0.23269284229020026,0.0022171697302185316
1995-12-09,0.2323114387697235,0.2347132801814724,0.2352470227174167,0.2333122060246189,0.2369483270507389,0.2305767755279048,0.23425102102087794,0.23293080250414205,0.0023227343163094737
1995-12-10,0.2332121292991293,0.2323114387697235,0.2347132801814724,0.2352470227174167,0.2333122060246189,0.2369483270507389,0.2337601685101435,0.2331053807919405,0.0020823599703423596
1995-12-12,0.2361143543383261,0.2332121292991293,0.2323114387697235,0.2347132801814724,0.2352470227174167,0.2333122060246189,0.23455125119734657,0.23328107104335546,0.001685470042491445
1996-01-02,0.2496580711879107,0.2361143543383261,0.2332121292991293,0.2323114387697235,0.2347132801814724,0.2352470227174167,0.2363669289312282,0.23374809576230668,0.00600608155305983
1996-01-03,0.2424859058611602,0.2496580711879107,0.2361143543383261,0.2332121292991293,0.2323114387697235,0.2347132801814724,0.23767745747930555,0.23401385506666222,0.006225301128428046
1996-01-04,0.2397171164559496,0.2424859058611602,0.2496580711879107,0.2361143543383261,0.2332121292991293,0.2323114387697235,0.23831604229909598,0.2342317999355061,0.006163398770732377
1996-01-05,0.238449477933082,0.2397171164559496,0.2424859058611602,0.2496580711879107,0.2361143543383261,0.2332121292991293,0.23884978483504019,0.234405266259688,0.005957749141131226
1996-01-07,0.2312773126063315,0.238449477933082,0.2397171164559496,0.2424859058611602,0.2496580711879107,0.2361143543383261,0.23870205252598417,0.234328540770146,0.006156409146987202
1996-01-08,0.2344130500050039,0.2312773126063315,0.238449477933082,0.2397171164559496,0.2424859058611602,0.2496580711879107,0.23887361262682344,0.23459874792896776,0.005992474405750694
1996-01-10,0.2293424959135337,0.2344130500050039,0.2312773126063315,0.238449477933082,0.2397171164559496,0.2424859058611602,0.2379062042804245,0.23464878629171257,0.006977774527746228
1996-01-11,0.2286419588351069,0.2293424959135337,0.2344130500050039,0.2312773126063315,0.238449477933082,0.2397171164559496,0.23490390251573826,0.2345642770568547,0.005427694120841432
1996-02-01,0.2363478666978016,0.2286419588351069,0.2293424959135337,0.2344130500050039,0.2312773126063315,0.238449477933082,0.2340270397781156,0.23456094116600507,0.004396499001500398
1996-02-02,0.2532608333055343,0.2363478666978016,0.2286419588351069,0.2293424959135337,0.2344130500050039,0.2312773126063315,0.2359618564709134,0.23525703038996565,0.00843931723377575
1996-02-04,0.2398171931814391,0.2532608333055343,0.2363478666978016,0.2286419588351069,0.2293424959135337,0.2344130500050039,0.23615724436353586,0.23544717616839575,0.008521938138770915
1996-02-05,0.2385161957500751,0.2398171931814391,0.2532608333055343,0.2363478666978016,0.2286419588351069,0.2293424959135337,0.23719137052692776,0.2356328740923597,0.008266454067319755
1996-02-07,0.2315441838743036,0.2385161957500751,0.2398171931814391,0.2532608333055343,0.2363478666978016,0.2286419588351069,0.23678153250825634,0.23556282038451704,0.008495110935501204
1996-02-08,0.2344797678219969,0.2315441838743036,0.2385161957500751,0.2398171931814391,0.2532608333055343,0.2363478666978016,0.23751542849517965,0.23549499060390744,0.00794973889314166
1996-02-09,0.2346132034559829,0.2344797678219969,0.2315441838743036,0.2385161957500751,0.2398171931814391,0.2532608333055343,0.23836846344101906,0.235738510635932,0.007115486125966512
1996-02-10,0.2304433398939187,0.2346132034559829,0.2344797678219969,0.2315441838743036,0.2385161957500751,0.2398171931814391,0.23752495961189293,0.2355227896943212,0.007719295498109181
1996-02-12,0.2240717883710845,0.2304433398939187,0.2346132034559829,0.2344797678219969,0.2315441838743036,0.2385161957500751,0.23335509604982868,0.23523590308125117,0.00531006745988829
1996-03-01,0.2391833739200053,0.2240717883710845,0.2304433398939187,0.2346132034559829,0.2344797678219969,0.2315441838743036,0.23326455044105243,0.23542827278691442,0.0051854545383236495
1996-03-04,0.2400173466324182,0.2391833739200053,0.2240717883710845,0.2304433398939187,0.2346132034559829,0.2344797678219969,0.23347900056710147,0.2356751287097886,0.005462480946855217
1996-03-05,0.2395836808219635,0.2400173466324182,0.2391833739200053,0.2240717883710845,0.2304433398939187,0.2346132034559829,0.23462750013105285,0.23593977605052763,0.005821260390573333
1996-03-06,0.2373819928611936,0.2395836808219635,0.2400173466324182,0.2391833739200053,0.2240717883710845,0.2304433398939187,0.23504210370808096,0.23607765953897986,0.005911634964088763
1996-03-07,0.2315441838743036,0.2373819928611936,0.2395836808219635,0.2400173466324182,0.2391833739200053,0.2240717883710845,0.23460367233926965,0.23590752910564766,0.006060672418318427
1996-03-09,0.2346465623644795,0.2315441838743036,0.2373819928611936,0.2395836808219635,0.2400173466324182,0.2391833739200053,0.23520413269220689,0.23604318866686685,0.005781581473715725
1996-03-10,0.2294759315475198,0.2346465623644795,0.2315441838743036,0.2373819928611936,0.2395836808219635,0.2400173466324182,0.23597615314598336,0.2357941088167595,0.004188698987074425
1996-03-12,0.2218367415018181,0.2294759315475198,0.2346465623644795,0.2315441838743036,0.2373819928611936,0.2395836808219635,0.23349806280052804,0.23541159333266617,0.006479729539803965
1996-04-01,0.2397504753644461,0.2218367415018181,0.2294759315475198,0.2346465623644795,0.2315441838743036,0.2373819928611936,0.2334599383336749,0.23556170842090043,0.006435614401100777
1996-04-03,0.2393835273709844,0.2397504753644461,0.2218367415018181,0.2294759315475198,0.2346465623644795,0.2315441838743036,0.23343134498353502,0.23571738332721756,0.006404240239615869
1996-04-04,0.239416886279481,0.2393835273709844,0.2397504753644461,0.2218367415018181,0.2294759315475198,0.2346465623644795,0.23372204404329036,0.23595423157754278,0.006654738945908169
1996-04-06,0.2367148146912633,0.239416886279481,0.2393835273709844,0.2397504753644461,0.2218367415018181,0.2294759315475198,0.2344607055885703,0.2360709877572806,0.006659674137617543
1996-04-07,0.2309103646128699,0.2367148146912633,0.239416886279481,0.2393835273709844,0.2397504753644461,0.2218367415018181,0.2339269630526261,0.2358975214330987,0.0067907261314648654
1996-04-09,0.2339793841945492,0.2309103646128699,0.2367148146912633,0.239416886279481,0.2393835273709844,0.2397504753644461,0.23457031343077311,0.23537489853332,0.006506119387527968
1996-04-10,0.2307102111618908,0.2339793841945492,0.2309103646128699,0.2367148146912633,0.239416886279481,0.2393835273709844,0.23583795195364066,0.2349823753766777,0.003989271453794782
1996-04-11,0.2293758548220302,0.2307102111618908,0.2339793841945492,0.2309103646128699,0.2367148146912633,0.239416886279481,0.2343558633047241,0.23463766665554706,0.004214270853261403
1996-04-12,0.224171865096574,0.2293758548220302,0.2307102111618908,0.2339793841945492,0.2309103646128699,0.2367148146912633,0.23218276869409404,0.23416174622766345,0.0050322378252798195
1996-05-01,0.240851319344831,0.224171865096574,0.2293758548220302,0.2307102111618908,0.2339793841945492,0.2309103646128699,0.2323876877034298,0.2344808797856134,0.005392245600915287
1996-05-02,0.2534609867565133,0.240851319344831,0.224171865096574,0.2293758548220302,0.2307102111618908,0.2339793841945492,0.2347799979984655,0.23511581101066376,0.009658810666098975
1996-05-03,0.2393168095539914,0.2534609867565133,0.240851319344831,0.224171865096574,0.2293758548220302,0.2307102111618908,0.23598091870434,0.23544828813201232,0.009620021341453698
1996-05-06,0.2353470994429062,0.2393168095539914,0.2534609867565133,0.240851319344831,0.224171865096574,0.2293758548220302,0.2361763065969624,0.23567179281893894,0.009586424560477407
1996-05-07,0.231243953697835,0.2353470994429062,0.2393168095539914,0.2534609867565133,0.240851319344831,0.224171865096574,0.23625255553066873,0.23550166238560674,0.00953770083789701
1996-05-08,0.2367481735997598,0.231243953697835,0.2353470994429062,0.2393168095539914,0.2534609867565133,0.240851319344831,0.23730574392748724,0.23495124039541426,0.00904616500401512
1996-05-09,0.2342462554625213,0.2367481735997598,0.231243953697835,0.2353470994429062,0.2393168095539914,0.2534609867565133,0.23874494255119402,0.23476554247145034,0.00722681644354339
1996-05-11,0.2297761617239884,0.2342462554625213,0.2367481735997598,0.231243953697835,0.2353470994429062,0.2393168095539914,0.2371627771767879,0.2344742080039141,0.007872322093659208
1996-05-12,0.2229042265737065,0.2297761617239884,0.2342462554625213,0.2367481735997598,0.231243953697835,0.2353470994429062,0.23279752572210125,0.23418620942722754,0.00541798577018118
1996-06-02,0.2517930413316877,0.2229042265737065,0.2297761617239884,0.2342462554625213,0.2367481735997598,0.231243953697835,0.2345798445474864,0.23476331854421725,0.008871483788534421
1996-06-03,0.2393168095539914,0.2517930413316877,0.2229042265737065,0.2297761617239884,0.2342462554625213,0.2367481735997598,0.23514694599192715,0.23492010541415087,0.009053712652108343
1996-06-06,0.2334790005671015,0.2393168095539914,0.2517930413316877,0.2229042265737065,0.2297761617239884,0.2342462554625213,0.23546623840182238,0.23502129410325695,0.008931716299355354
1996-06-08,0.235914200887347,0.2334790005671015,0.2393168095539914,0.2517930413316877,0.2229042265737065,0.2297761617239884,0.23534709944290627,0.23541604118713236,0.008917317330238437
1996-06-09,0.2338459485605631,0.235914200887347,0.2334790005671015,0.2393168095539914,0.2517930413316877,0.2229042265737065,0.2352899127426265,0.2352381270084843,0.008926832160035009
1996-06-11,0.228908830103079,0.2338459485605631,0.235914200887347,0.2334790005671015,0.2393168095539914,0.2517930413316877,0.23516600822535372,0.234867843124173,0.009021634123335676
1996-06-12,0.2237381992861193,0.228908830103079,0.2338459485605631,0.235914200887347,0.2334790005671015,0.2393168095539914,0.23528514718426985,0.23433966040631152,0.008836321470407072
1996-07-02,0.2530606798545552,0.2237381992861193,0.228908830103079,0.2338459485605631,0.235914200887347,0.2334790005671015,0.23546623840182238,0.23486228330609024,0.00923501396043677
1996-07-03,0.2395169630049705,0.2530606798545552,0.2237381992861193,0.228908830103079,0.2338459485605631,0.235914200887347,0.23549483175196223,0.23512804261044581,0.00924922200018016
1996-07-05,0.2393835273709844,0.2395169630049705,0.2530606798545552,0.2237381992861193,0.228908830103079,0.2338459485605631,0.23633833558108838,0.23528594144399595,0.009303821194675882
1996-07-06,0.2346465623644795,0.2393835273709844,0.2395169630049705,0.2530606798545552,0.2237381992861193,0.228908830103079,0.23615724436353586,0.2354582958045613,0.009325763428172843
1996-07-08,0.2355806118023818,0.2346465623644795,0.2393835273709844,0.2395169630049705,0.2530606798545552,0.2237381992861193,0.23640505339808135,0.23591642481458006,0.009277030170516192
1996-07-10,0.2303099042599327,0.2355806118023818,0.2346465623644795,0.2393835273709844,0.2395169630049705,0.2530606798545552,0.2366052068490605,0.2356017391110963,0.009101801856484008
1996-07-11,0.2293091370050372,0.2303099042599327,0.2355806118023818,0.2346465623644795,0.2393835273709844,0.2395169630049705,0.23740105509462017,0.23526592609889807,0.007961322259760413
1996-08-01,0.2413183440637822,0.2293091370050372,0.2303099042599327,0.2355806118023818,0.2346465623644795,0.2393835273709844,0.23572357855308118,0.23532930802504146,0.004667614043537573
1996-08-02,0.2488574573839944,0.2413183440637822,0.2293091370050372,0.2303099042599327,0.2355806118023818,0.2346465623644795,0.23705793489294175,0.23573406278146578,0.00678681546345291
1996-08-03,0.2414517796977683,0.2488574573839944,0.2413183440637822,0.2293091370050372,0.2303099042599327,0.2355806118023818,0.23735339951105375,0.23608544328429573,0.006948040265917487
1996-08-05,0.2401174233579077,0.2414517796977683,0.2488574573839944,0.2413183440637822,0.2293091370050372,0.2303099042599327,0.23813495108154345,0.236290044589741,0.006900346388738165
1996-08-07,0.2315108249658071,0.2401174233579077,0.2414517796977683,0.2488574573839944,0.2413183440637822,0.2293091370050372,0.2375535529620328,0.23631673171653825,0.007310687529659839
1996-08-08,0.2353137405344098,0.2315108249658071,0.2401174233579077,0.2414517796977683,0.2488574573839944,0.2413183440637822,0.23826838671552952,0.23651466124028422,0.00670380880623696
1996-08-10,0.2308102878873804,0.2353137405344098,0.2315108249658071,0.2401174233579077,0.2414517796977683,0.2488574573839944,0.23848283684157856,0.23673594199997777,0.006385915176164768
1996-08-11,0.2290089068285686,0.2308102878873804,0.2353137405344098,0.2315108249658071,0.2401174233579077,0.2414517796977683,0.2367243458079766,0.23634119491610234,0.0071268119275082606
1996-09-01,0.2399506288154252,0.2290089068285686,0.2308102878873804,0.2353137405344098,0.2315108249658071,0.2401174233579077,0.23545194172675243,0.23589084965139942,0.00510901344043176
1996-09-02,0.2489241752009874,0.2399506288154252,0.2290089068285686,0.2308102878873804,0.2353137405344098,0.2315108249658071,0.23651942679864085,0.23621109517296593,0.007001648121002244
1996-09-04,0.2411181906128032,0.2489241752009874,0.2399506288154252,0.2290089068285686,0.2308102878873804,0.2353137405344098,0.23666239354934024,0.23640346487862918,0.007096929281942076
1996-09-05,0.2387163492010541,0.2411181906128032,0.2489241752009874,0.2399506288154252,0.2290089068285686,0.2308102878873804,0.23769175415437552,0.2366525447287365,0.006738711839801719
1996-09-07,0.2321780031357374,0.2387163492010541,0.2411181906128032,0.2489241752009874,0.2399506288154252,0.2290089068285686,0.23724379166885087,0.23650020571326907,0.007021434235717411
1996-09-08,0.2352470227174167,0.2321780031357374,0.2387163492010541,0.2411181906128032,0.2489241752009874,0.2399506288154252,0.23787761093028467,0.23653356462176559,0.0065267176501043155
1996-09-09,0.2333122060246189,0.2352470227174167,0.2321780031357374,0.2387163492010541,0.2411181906128032,0.2489241752009874,0.23849236795829185,0.23665143276511993,0.005702803196522409
1996-09-10,0.2311438769723455,0.2333122060246189,0.2352470227174167,0.2321780031357374,0.2387163492010541,0.2411181906128032,0.23723426055213762,0.2369260877784079,0.006270642459306302
1996-09-12,0.2229042265737065,0.2311438769723455,0.2333122060246189,0.2352470227174167,0.2321780031357374,0.2387163492010541,0.23351712503395464,0.2359631272864752,0.005886451041962451
1996-10-01,0.2435867498415452,0.2229042265737065,0.2311438769723455,0.2333122060246189,0.2352470227174167,0.2321780031357374,0.23386977635234632,0.23610545862939367,0.006463389724461821
1996-10-04,0.2399506288154252,0.2435867498415452,0.2229042265737065,0.2311438769723455,0.2333122060246189,0.2352470227174167,0.23404610201154222,0.23632117957100446,0.0066322734100625795
1996-10-05,0.2390499382860193,0.2399506288154252,0.2435867498415452,0.2229042265737065,0.2311438769723455,0.2333122060246189,0.23502780703301104,0.2364257041509602,0.006815725374977815
1996-10-06,0.2340127431030457,0.2390499382860193,0.2399506288154252,0.2435867498415452,0.2229042265737065,0.2311438769723455,0.23485148137381517,0.23643126396904296,0.006825068234355955
1996-10-07,0.2322447209527304,0.2340127431030457,0.2390499382860193,0.2399506288154252,0.2435867498415452,0.2229042265737065,0.23469898350640256,0.236542460330698,0.006876922525338152
1996-10-09,0.2323114387697235,0.2322447209527304,0.2340127431030457,0.2390499382860193,0.2399506288154252,0.2435867498415452,0.23486577804888512,0.23682823498015146,0.006789934032354518
1996-10-10,0.2314107482403176,0.2323114387697235,0.2322447209527304,0.2340127431030457,0.2390499382860193,0.2399506288154252,0.23608099542982955,0.2361065705930102,0.00474588364245736
1996-10-12,0.2224038429462588,0.2314107482403176,0.2323114387697235,0.2322447209527304,0.2340127431030457,0.2390499382860193,0.23305486587336008,0.2355361332577198,0.00579894242381779
1996-11-01,0.2429195716716149,0.2224038429462588,0.2314107482403176,0.2323114387697235,0.2322447209527304,0.2340127431030457,0.23347900056710144,0.23565400140107418,0.006458431719755258
1996-11-03,0.2407512426193415,0.2429195716716149,0.2224038429462588,0.2314107482403176,0.2323114387697235,0.2322447209527304,0.23372204404329036,0.2358574907429029,0.0067293475185380945
1996-11-04,0.2397838342729426,0.2407512426193415,0.2429195716716149,0.2224038429462588,0.2314107482403176,0.2323114387697235,0.2345464856389899,0.23599759815858826,0.007113456442820951
1996-11-06,0.233512359475598,0.2397838342729426,0.2407512426193415,0.2429195716716149,0.2224038429462588,0.2314107482403176,0.2347275768565424,0.23610434666577712,0.007061035257321753
1996-11-07,0.2320445675017514,0.233512359475598,0.2397838342729426,0.2407512426193415,0.2429195716716149,0.2224038429462588,0.23468945238968925,0.23619552768233423,0.007076957385879825
1996-11-09,0.2325783100376956,0.2320445675017514,0.233512359475598,0.2397838342729426,0.2407512426193415,0.2429195716716149,0.23485624693217183,0.23590419321479805,0.007000145632351949
1996-11-10,0.2307435700703873,0.2325783100376956,0.2320445675017514,0.233512359475598,0.2397838342729426,0.2407512426193415,0.23604763652133304,0.23530039697101113,0.004931668330186259
1996-11-11,0.2305767755279048,0.2307435700703873,0.2325783100376956,0.2320445675017514,0.233512359475598,0.2397838342729426,0.23428437992937448,0.23493789683201569,0.004220415180008769
1996-11-12,0.2224038429462588,0.2305767755279048,0.2307435700703873,0.2325783100376956,0.2320445675017514,0.233512359475598,0.2316633228332198,0.2343474441516274,0.005133366173006958
1996-12-01,0.2433198785735731,0.2224038429462588,0.2305767755279048,0.2307435700703873,0.2325783100376956,0.2320445675017514,0.23216847201902416,0.23474107927188623,0.006140779610968268
1996-12-02,0.2465890516062315,0.2433198785735731,0.2224038429462588,0.2305767755279048,0.2307435700703873,0.2325783100376956,0.23403657089482893,0.2351169229742803,0.008245944191434216
1996-12-03,0.2410848317043066,0.2465890516062315,0.2433198785735731,0.2224038429462588,0.2305767755279048,0.2307435700703873,0.23532803720947967,0.23545940776817784,0.008583009183621095
1996-12-04,0.2400840644494112,0.2410848317043066,0.2465890516062315,0.2433198785735731,0.2224038429462588,0.2305767755279048,0.23640028783972475,0.2358285796888726,0.008650809456981972
1996-12-06,0.2334456416586049,0.2400840644494112,0.2410848317043066,0.2465890516062315,0.2433198785735731,0.2224038429462588,0.23678629806661297,0.23561174678364524,0.00841335720182386
1996-12-07,0.2326450278546886,0.2334456416586049,0.2400840644494112,0.2410848317043066,0.2465890516062315,0.2433198785735731,0.23708176268472497,0.23506910853876864,0.008192357514359
1996-12-08,0.2350135103579411,0.2326450278546886,0.2334456416586049,0.2400840644494112,0.2410848317043066,0.2465890516062315,0.23888314374353672,0.23486561919693988,0.005304241285102873
1996-12-09,0.2316442605997932,0.2350135103579411,0.2326450278546886,0.2334456416586049,0.2400840644494112,0.2410848317043066,0.23721519831871102,0.23462988291023118,0.005508362934345937
1996-12-11,0.2315108249658071,0.2316442605997932,0.2350135103579411,0.2326450278546886,0.2334456416586049,0.2400840644494112,0.23506116594150753,0.23460764363790018,0.0039632506611347006
1996-12-12,0.2226373553057344,0.2315108249658071,0.2316442605997932,0.2350135103579411,0.2326450278546886,0.2334456416586049,0.2324258121702829,0.2341873213908441,0.005223265737910135
1997-01-04,0.2102278413450312,0.2226373553057344,0.2315108249658071,0.2316442605997932,0.2350135103579411,0.2326450278546886,0.2281606374410858,0.23341784256819118,0.008854886619891368
1997-01-05,0.2030556760182807,0.2102278413450312,0.2226373553057344,0.2315108249658071,0.2316442605997932,0.2350135103579411,0.22381921377818234,0.2324815692030557,0.01252228816166297
1997-01-07,0.1993528371751676,0.2030556760182807,0.2102278413450312,0.2226373553057344,0.2315108249658071,0.2316442605997932,0.21906318653825077,0.23169652288977105,0.014737798507245381
1997-01-08,0.1929479267438369,0.1993528371751676,0.2030556760182807,0.2102278413450312,0.2226373553057344,0.2315108249658071,0.2130538174505216,0.23000856211984744,0.015695129687208594
1997-01-09,0.193214798011809,0.1929479267438369,0.1993528371751676,0.2030556760182807,0.2102278413450312,0.2226373553057344,0.2075638942236667,0.22845070109306023,0.014804446921649964
1997-01-10,0.201654601861427,0.193214798011809,0.1929479267438369,0.1993528371751676,0.2030556760182807,0.2102278413450312,0.20329871949446954,0.22720418987890717,0.01040153937241292
1997-01-12,0.1730993761884111,0.201654601861427,0.193214798011809,0.1929479267438369,0.1993528371751676,0.2030556760182807,0.19622186533485195,0.22517374431508602,0.01180816508040105
1997-02-01,0.2212696400573773,0.1730993761884111,0.201654601861427,0.193214798011809,0.1929479267438369,0.1993528371751676,0.19779926515090138,0.22480790828524091,0.014436082679008345
1997-02-04,0.210928378423458,0.2212696400573773,0.1730993761884111,0.201654601861427,0.193214798011809,0.1929479267438369,0.19892393692306953,0.22409513960703206,0.015200287566589749
1997-02-05,0.2033225472862528,0.210928378423458,0.2212696400573773,0.1730993761884111,0.201654601861427,0.193214798011809,0.19949103836751028,0.22315886624189657,0.015292727258433392
1997-02-06,0.2061580545084564,0.2033225472862528,0.210928378423458,0.2212696400573773,0.1730993761884111,0.201654601861427,0.20137819947674165,0.2226173399606365,0.015165268418019242
1997-02-07,0.1983187110117757,0.2061580545084564,0.2033225472862528,0.210928378423458,0.2212696400573773,0.1730993761884111,0.2021073299053083,0.22113064460530849,0.014826272430272788
1997-02-09,0.1918137238549555,0.1983187110117757,0.2061580545084564,0.2033225472862528,0.210928378423458,0.2212696400573773,0.20070149019009811,0.21949939397982898,0.015334214417244056
1997-02-10,0.199119324815692,0.1918137238549555,0.1983187110117757,0.2061580545084564,0.2033225472862528,0.210928378423458,0.2044186257082811,0.21814391033125397,0.009615401408246186
1997-02-12,0.1735997598158588,0.199119324815692,0.1918137238549555,0.1983187110117757,0.2061580545084564,0.2033225472862528,0.19760864281663557,0.21614682367592933,0.012219863657588214
1997-03-01,0.2195683357240551,0.1735997598158588,0.199119324815692,0.1918137238549555,0.1983187110117757,0.2061580545084564,0.19884292243100662,0.21573094928333944,0.014083672814336236
1997-03-02,0.2064249257764286,0.2195683357240551,0.1735997598158588,0.199119324815692,0.1918137238549555,0.1983187110117757,0.19928611935817458,0.21485916980796388,0.0142953594505358
1997-03-03,0.2183340561096841,0.2064249257764286,0.2195683357240551,0.1735997598158588,0.199119324815692,0.1918137238549555,0.20102554815834997,0.2144455193426071,0.01591940600254833
1997-03-04,0.2093938686326183,0.2183340561096841,0.2064249257764286,0.2195683357240551,0.1735997598158588,0.199119324815692,0.20260771353275606,0.21373942244609756,0.016154173940306406
1997-03-06,0.2059245421489809,0.2093938686326183,0.2183340561096841,0.2064249257764286,0.2195683357240551,0.1735997598158588,0.20462354471761682,0.21319011241952163,0.015447708166078737
1997-03-07,0.1985855822797478,0.2059245421489809,0.2093938686326183,0.2183340561096841,0.2064249257764286,0.2195683357240551,0.2045472957839105,0.21169896920972744,0.015480686795052871
1997-03-09,0.1913466991360042,0.1985855822797478,0.2059245421489809,0.2093938686326183,0.2183340561096841,0.2064249257764286,0.20708257282964557,0.20985755746071985,0.010078213659139695
1997-03-10,0.1980184808353071,0.1913466991360042,0.1985855822797478,0.2059245421489809,0.2093938686326183,0.2183340561096841,0.204004022131253,0.2084220124317532,0.008844428671617572
1997-03-11,0.1860759915935551,0.1980184808353071,0.1913466991360042,0.1985855822797478,0.2059245421489809,0.2093938686326183,0.20109703153369965,0.206621743336558,0.010998051761755435
1997-03-12,0.1721986856590052,0.1860759915935551,0.1980184808353071,0.1913466991360042,0.1985855822797478,0.2059245421489809,0.19450626432645982,0.20458017813657134,0.012646967665054567
1997-04-02,0.207358975214331,0.1721986856590052,0.1860759915935551,0.1980184808353071,0.1913466991360042,0.1985855822797478,0.19421556526670444,0.20373730971522613,0.0122653619345474
1997-04-03,0.2164993161423758,0.207358975214331,0.1721986856590052,0.1860759915935551,0.1980184808353071,0.1913466991360042,0.19572624726576088,0.2031201699080406,0.014411366538581454
1997-04-04,0.2084931781032125,0.2164993161423758,0.207358975214331,0.1721986856590052,0.1860759915935551,0.1980184808353071,0.1971416180976844,0.20234846715815458,0.015203731544148025
1997-04-06,0.2047236214431064,0.2084931781032125,0.2164993161423758,0.207358975214331,0.1721986856590052,0.1860759915935551,0.19905260699869903,0.20145556037406456,0.015194644100790335
1997-04-07,0.1931814391033125,0.2047236214431064,0.2084931781032125,0.2164993161423758,0.207358975214331,0.1721986856590052,0.1983616010369855,0.2004736965006505,0.015358613364918002
1997-04-08,0.1925809787503753,0.1931814391033125,0.2047236214431064,0.2084931781032125,0.2164993161423758,0.207358975214331,0.19929088491653127,0.1998854677474953,0.014672857264808725
1997-04-09,0.1913466991360042,0.1925809787503753,0.1931814391033125,0.2047236214431064,0.2084931781032125,0.2164993161423758,0.2020263154132454,0.19949516851808605,0.009733971517065804
1997-04-11,0.187110117756947,0.1913466991360042,0.1925809787503753,0.1931814391033125,0.2047236214431064,0.2084931781032125,0.19913362149076197,0.19908707787081203,0.01083192160571164
1997-04-12,0.1697634853387597,0.187110117756947,0.1913466991360042,0.1925809787503753,0.1931814391033125,0.2047236214431064,0.1924570742331025,0.1983142631573095,0.012602821892347228
1997-05-02,0.2058244654234913,0.1697634853387597,0.187110117756947,0.1913466991360042,0.1925809787503753,0.1931814391033125,0.19207582956457095,0.19873458540436556,0.012065790520615825
1997-05-03,0.2132301431097175,0.2058244654234913,0.1697634853387597,0.187110117756947,0.1913466991360042,0.1925809787503753,0.19329104694551535,0.19912043677930857,0.013848591231043966
1997-05-06,0.2040898021816726,0.2132301431097175,0.2058244654234913,0.1697634853387597,0.187110117756947,0.1913466991360042,0.19484938452813824,0.20015345097908396,0.01443550635948714
1997-05-08,0.1909463922340461,0.2040898021816726,0.2132301431097175,0.2058244654234913,0.1697634853387597,0.187110117756947,0.1946158721686626,0.19914267605163957,0.01449142879457669
1997-05-09,0.1910464689595356,0.1909463922340461,0.2040898021816726,0.2132301431097175,0.2058244654234913,0.1697634853387597,0.1945729821434528,0.1984799457361755,0.014503156674334418
1997-05-11,0.185875838142576,0.1910464689595356,0.1909463922340461,0.2040898021816726,0.2132301431097175,0.2058244654234913,0.19439665648425697,0.1978983887647196,0.014616073656969342
1997-05-12,0.1684624879073956,0.185875838142576,0.1910464689595356,0.1909463922340461,0.2040898021816726,0.2132301431097175,0.19421079970834781,0.19664186987801757,0.014985125039948572
1997-06-01,0.2158988557894385,0.1684624879073956,0.185875838142576,0.1910464689595356,0.1909463922340461,0.2040898021816726,0.19564999833205457,0.19722787470393968,0.016674927942180423
1997-06-02,0.2054241585215332,0.2158988557894385,0.1684624879073956,0.185875838142576,0.1910464689595356,0.1909463922340461,0.19453485767659964,0.1976815558594923,0.015524643192342648
1997-06-03,0.2122960936718151,0.2054241585215332,0.2158988557894385,0.1684624879073956,0.185875838142576,0.1910464689595356,0.19570718503233428,0.1981207814880297,0.01663646275042166
1997-06-05,0.2051906461620576,0.2122960936718151,0.2054241585215332,0.2158988557894385,0.1684624879073956,0.185875838142576,0.19774207845062167,0.19917381103290302,0.01682714426871675
1997-06-06,0.2062247723254495,0.2051906461620576,0.2122960936718151,0.2054241585215332,0.2158988557894385,0.1684624879073956,0.19991040750289507,0.19872902558628283,0.0167984625199533
1997-06-08,0.1897788304366681,0.2062247723254495,0.2051906461620576,0.2122960936718151,0.2054241585215332,0.2158988557894385,0.20046797783062248,0.19817415574162414,0.016312743394007515
1997-06-10,0.1985522233712513,0.1897788304366681,0.2062247723254495,0.2051906461620576,0.2122960936718151,0.2054241585215332,0.20476651146831618,0.1975147613170097,0.008627577606282787
1997-06-11,0.1849084297961771,0.1985522233712513,0.1897788304366681,0.2062247723254495,0.2051906461620576,0.2122960936718151,0.20033930775499312,0.19669858002246166,0.009830428616401883
1997-07-01,0.2162324448744037,0.1849084297961771,0.1985522233712513,0.1897788304366681,0.2062247723254495,0.2051906461620576,0.20188334866254604,0.19704217677997576,0.011473677299236425
1997-07-02,0.2033892651032458,0.2162324448744037,0.1849084297961771,0.1985522233712513,0.1897788304366681,0.2062247723254495,0.20061094458132187,0.19720229954075902,0.010586005426024864
1997-07-03,0.2104279947960103,0.2033892651032458,0.2162324448744037,0.1849084297961771,0.1985522233712513,0.1897788304366681,0.20135913724331508,0.19783834272942588,0.011134505884949662
1997-07-04,0.2095606631751009,0.2104279947960103,0.2033892651032458,0.2162324448744037,0.1849084297961771,0.1985522233712513,0.2018356930789796,0.19822308214075238,0.011444534448210007
1997-07-05,0.2042899556326517,0.2095606631751009,0.2104279947960103,0.2033892651032458,0.2162324448744037,0.1849084297961771,0.20390871096412014,0.1988302142753889,0.010136056582481654
1997-07-07,0.1888781399072622,0.2042899556326517,0.2095606631751009,0.2104279947960103,0.2033892651032458,0.2162324448744037,0.20252669904069312,0.19938619608366415,0.011549128874268972
1997-07-08,0.1908796744170531,0.1888781399072622,0.2042899556326517,0.2095606631751009,0.2104279947960103,0.2033892651032458,0.20337973398653256,0.1988368860570882,0.010168991736372751
1997-07-10,0.1981852753777896,0.1908796744170531,0.1888781399072622,0.2042899556326517,0.2095606631751009,0.2104279947960103,0.20080156691558765,0.198226418031602,0.008521658314331465
1997-07-11,0.1826733829269106,0.1981852753777896,0.1908796744170531,0.1888781399072622,0.2042899556326517,0.2095606631751009,0.1978421551761112,0.19736575819239194,0.01077296005800261
1997-08-01,0.214631217266571,0.1826733829269106,0.1981852753777896,0.1908796744170531,0.1888781399072622,0.2042899556326517,0.19844261552904846,0.19769601138650741,0.011671085274866756
1997-08-04,0.209627380992094,0.214631217266571,0.1826733829269106,0.1981852753777896,0.1908796744170531,0.1888781399072622,0.19845214664576175,0.19824420944946683,0.011681700418941681
1997-08-05,0.2060579777829669,0.209627380992094,0.214631217266571,0.1826733829269106,0.1981852753777896,0.1908796744170531,0.19870472123866392,0.1986934427505532,0.011846904265903001
1997-08-07,0.190746238783067,0.2060579777829669,0.209627380992094,0.214631217266571,0.1826733829269106,0.1981852753777896,0.198971592506636,0.1986734274054553,0.011607268157857925
1997-08-08,0.1926810554758648,0.190746238783067,0.2060579777829669,0.209627380992094,0.214631217266571,0.1826733829269106,0.19922893265789485,0.19885912532941924,0.011416363947008791
1997-08-09,0.1912132635020182,0.1926810554758648,0.190746238783067,0.2060579777829669,0.209627380992094,0.214631217266571,0.19823293096135605,0.19957411793486116,0.011819600884864665
1997-08-10,0.1986189411882443,0.1912132635020182,0.1926810554758648,0.190746238783067,0.2060579777829669,0.209627380992094,0.2005108678558323,0.19933393379368625,0.009660437221450513
1997-08-12,0.1685292057243887,0.1986189411882443,0.1912132635020182,0.1926810554758648,0.190746238783067,0.2060579777829669,0.1939248662069491,0.19784390254750864,0.013414909647057346
1997-09-01,0.214564499449578,0.1685292057243887,0.1986189411882443,0.1912132635020182,0.1926810554758648,0.190746238783067,0.19463016884373258,0.19819305912310548,0.01446664054632037
1997-09-04,0.2087600493711846,0.214564499449578,0.1685292057243887,0.1986189411882443,0.1912132635020182,0.1926810554758648,0.1950161790706208,0.19878684769434343,0.014853270186955661
1997-09-05,0.2074590519398205,0.2087600493711846,0.214564499449578,0.1685292057243887,0.1986189411882443,0.1912132635020182,0.19740372380729987,0.19933393379368625,0.015386183832541367
1997-09-06,0.206391566867932,0.2074590519398205,0.2087600493711846,0.214564499449578,0.1685292057243887,0.1986189411882443,0.19936236829188086,0.2000177914178648,0.015556518605649534
1997-09-07,0.188411115188311,0.206391566867932,0.2074590519398205,0.2087600493711846,0.214564499449578,0.1685292057243887,0.19896206138992273,0.20068274566056196,0.015834729463637384
1997-09-09,0.1913466991360042,0.188411115188311,0.206391566867932,0.2074590519398205,0.2087600493711846,0.214564499449578,0.1979231696681741,0.19986434043878085,0.016097374950792897
1997-09-10,0.1991526837241885,0.1913466991360042,0.188411115188311,0.206391566867932,0.2074590519398205,0.2087600493711846,0.2022979522395741,0.19965529127886933,0.009646142687578423
1997-09-12,0.165693698502185,0.1991526837241885,0.1913466991360042,0.188411115188311,0.206391566867932,0.2074590519398205,0.1953164092470894,0.19810187810654833,0.01531066091442598
1997-10-01,0.215732061246956,0.165693698502185,0.1991526837241885,0.1913466991360042,0.188411115188311,0.206391566867932,0.1963124109436282,0.19845325860937826,0.016510710044069964
1997-10-02,0.2038229309137005,0.215732061246956,0.165693698502185,0.1991526837241885,0.1913466991360042,0.188411115188311,0.19579296508275387,0.19837319722898664,0.01615494152296398
1997-10-03,0.2103946358875137,0.2038229309137005,0.215732061246956,0.165693698502185,0.1991526837241885,0.1913466991360042,0.19636483208555125,0.19906039074401485,0.016655739856827615
1997-10-04,0.2086266137371985,0.2103946358875137,0.2038229309137005,0.215732061246956,0.165693698502185,0.1991526837241885,0.19925276044967807,0.1993962037562131,0.01679876377498683
1997-10-06,0.2060579777829669,0.2086266137371985,0.2103946358875137,0.2038229309137005,0.215732061246956,0.165693698502185,0.20135437168495846,0.20010118868910606,0.016563406328282883
1997-10-07,0.1900790606131367,0.2060579777829669,0.2086266137371985,0.2103946358875137,0.2038229309137005,0.215732061246956,0.20005813981195103,0.1992294092137305,0.01711043670582538
1997-10-09,0.190746238783067,0.1900790606131367,0.2060579777829669,0.2086266137371985,0.2103946358875137,0.2038229309137005,0.2036370741377913,0.19880797500305789,0.009770171812400991
1997-10-10,0.1961503819595023,0.190746238783067,0.1900790606131367,0.2060579777829669,0.2086266137371985,0.2103946358875137,0.2008396913824408,0.19833205457517428,0.008443162303555124
1997-10-11,0.1840410981752677,0.1961503819595023,0.190746238783067,0.1900790606131367,0.2060579777829669,0.2086266137371985,0.19801371527695039,0.19748140240851314,0.010369120559804861
1997-10-12,0.1677285919204724,0.1840410981752677,0.1961503819595023,0.190746238783067,0.1900790606131367,0.2060579777829669,0.19191856613880165,0.19626269028477386,0.013838096976226106
1997-11-02,0.2031557527437702,0.1677285919204724,0.1840410981752677,0.1961503819595023,0.190746238783067,0.1900790606131367,0.19113701456831186,0.19673861071265747,0.012856887361669001
1997-11-03,0.2115288387763952,0.2031557527437702,0.1677285919204724,0.1840410981752677,0.1961503819595023,0.190746238783067,0.19191856613880162,0.1974269161913022,0.01402802496827222
1997-11-04,0.2088601260966741,0.2115288387763952,0.2031557527437702,0.1677285919204724,0.1840410981752677,0.1961503819595023,0.19460157549359272,0.19778274454859837,0.015351198682322304
1997-11-06,0.2060913366914635,0.2088601260966741,0.2115288387763952,0.2031557527437702,0.1677285919204724,0.1840410981752677,0.19679373233764935,0.19856334300741676,0.015798037513853787
1997-11-07,0.1898789071621576,0.2060913366914635,0.2088601260966741,0.2115288387763952,0.2031557527437702,0.1677285919204724,0.1958978073666001,0.19773826600393635,0.016016918515313137
1997-11-08,0.1953497681555859,0.1898789071621576,0.2060913366914635,0.2088601260966741,0.2115288387763952,0.2031557527437702,0.19751333164950272,0.19726234557605274,0.01516959368564602
1997-11-09,0.1913133402275078,0.1953497681555859,0.1898789071621576,0.2060913366914635,0.2088601260966741,0.2115288387763952,0.20088258140765064,0.1967708576575374,0.008684715509664681
1997-11-11,0.1853087366981352,0.1913133402275078,0.1953497681555859,0.1898789071621576,0.2060913366914635,0.2088601260966741,0.19833300768684564,0.1965896075880397,0.010363563969591117
1997-11-12,0.1667278246655769,0.1853087366981352,0.1913133402275078,0.1953497681555859,0.1898789071621576,0.2060913366914635,0.19193286281387154,0.19572449989436344,0.014038313074163334
1997-12-02,0.2020215498548887,0.1667278246655769,0.1853087366981352,0.1913133402275078,0.1953497681555859,0.1898789071621576,0.19095592335075937,0.1960847761061258,0.012851808515882836
1997-12-03,0.2111618907829335,0.2020215498548887,0.1667278246655769,0.1853087366981352,0.1913133402275078,0.1953497681555859,0.19168028822096939,0.19650287442594874,0.013943584811621407
1997-12-05,0.2090269206391566,0.2111618907829335,0.2020215498548887,0.1667278246655769,0.1853087366981352,0.1913133402275078,0.19441571871768354,0.197852798256441,0.015339621719094462
1997-12-06,0.205023851619575,0.2090269206391566,0.2111618907829335,0.2020215498548887,0.1667278246655769,0.1853087366981352,0.1957977306411105,0.1975347766621076,0.015864605802045576
1997-12-08,0.194315641992194,0.205023851619575,0.2090269206391566,0.2111618907829335,0.2020215498548887,0.1667278246655769,0.19622663089320855,0.19705329641614125,0.01576342520374131
1997-12-09,0.1924475431163892,0.194315641992194,0.205023851619575,0.2090269206391566,0.2111618907829335,0.2020215498548887,0.19724646038153054,0.19655291278869352,0.015158683817078928
1997-12-11,0.182306434933449,0.1924475431163892,0.194315641992194,0.205023851619575,0.2090269206391566,0.2111618907829335,0.19947197613408374,0.19575007505754408,0.010294504701289708
1997-12-12,0.1655269039597024,0.182306434933449,0.1924475431163892,0.194315641992194,0.205023851619575,0.2090269206391566,0.19425845529191424,0.19498726801659047,0.016285796286095364
1998-01-04,0.1775361110184475,0.1655269039597024,0.182306434933449,0.1924475431163892,0.194315641992194,0.205023851619575,0.18945477246841622,0.19452691507933859,0.015404252929808267
1998-01-05,0.1814724622210361,0.1775361110184475,0.1655269039597024,0.182306434933449,0.1924475431163892,0.194315641992194,0.1855184212658276,0.19393757436256684,0.012883648016576163
1998-01-06,0.1693631784368015,0.1814724622210361,0.1775361110184475,0.1655269039597024,0.182306434933449,0.1924475431163892,0.18042403938257426,0.1940598903603874,0.010760973371889358
1998-01-07,0.1747339627047403,0.1693631784368015,0.1814724622210361,0.1775361110184475,0.1655269039597024,0.182306434933449,0.1776266566272237,0.19269328707564687,0.008938812235037593
1998-01-09,0.1628581912799813,0.1747339627047403,0.1693631784368015,0.1814724622210361,0.1775361110184475,0.1655269039597024,0.17339960636487972,0.1913277957545229,0.0076679788730450804
1998-01-10,0.1752677052406845,0.1628581912799813,0.1747339627047403,0.1693631784368015,0.1814724622210361,0.1775361110184475,0.17239407355162764,0.19015689806629524,0.0067065630116451055
1998-01-12,0.1723988391099843,0.1752677052406845,0.1628581912799813,0.1747339627047403,0.1693631784368015,0.1814724622210361,0.1733757785730965,0.18894930557872147,0.005999496032127094
1998-02-01,0.1688627948093538,0.1723988391099843,0.1752677052406845,0.1628581912799813,0.1747339627047403,0.1693631784368015,0.1721367334003688,0.18770946614626768,0.005891741984232186
1998-02-02,0.1778697001034126,0.1688627948093538,0.1723988391099843,0.1752677052406845,0.1628581912799813,0.1747339627047403,0.17162205309785117,0.18730248746261022,0.005035416989703249
1998-02-03,0.1757680888681322,0.1778697001034126,0.1688627948093538,0.1723988391099843,0.1752677052406845,0.1628581912799813,0.172537040302327,0.18680321579877904,0.0051374317894060505
1998-02-04,0.1770690862994963,0.1757680888681322,0.1778697001034126,0.1688627948093538,0.1723988391099843,0.1752677052406845,0.17287062938729214,0.18616717261011217,0.005374216741066874
1998-02-06,0.1711645594956133,0.1770690862994963,0.1757680888681322,0.1778697001034126,0.1688627948093538,0.1723988391099843,0.1740572534180967,0.1857379546541237,0.003319097642657733
1998-02-07,0.172899222737432,0.1711645594956133,0.1770690862994963,0.1757680888681322,0.1778697001034126,0.1688627948093538,0.17371889877477492,0.18591030901468902,0.0032957778383593994
1998-02-09,0.1636254461754011,0.172899222737432,0.1711645594956133,0.1770690862994963,0.1757680888681322,0.1778697001034126,0.17246555692697732,0.1845926321290767,0.005071358738116538
1998-02-10,0.1774026753844614,0.1636254461754011,0.172899222737432,0.1711645594956133,0.1770690862994963,0.1757680888681322,0.1736855398662784,0.18345509334934557,0.0050873832809835585
1998-02-11,0.1719985322080262,0.1774026753844614,0.1636254461754011,0.172899222737432,0.1711645594956133,0.1770690862994963,0.17284680159550891,0.18222637355305732,0.004755755050931972
1998-02-12,0.172965940554425,0.1719985322080262,0.1774026753844614,0.1636254461754011,0.172899222737432,0.1711645594956133,0.17244649469355072,0.18112219368182272,0.004583699235312723
1998-03-02,0.1757680888681322,0.172965940554425,0.1719985322080262,0.1774026753844614,0.1636254461754011,0.172899222737432,0.17226063791764162,0.18065183307202184,0.0043871902093107415
1998-03-03,0.1748673983387264,0.1757680888681322,0.172965940554425,0.1719985322080262,0.1774026753844614,0.1636254461754011,0.1727896148952292,0.17996908741145987,0.004455702770645213
1998-03-04,0.1808720018680988,0.1748673983387264,0.1757680888681322,0.172965940554425,0.1719985322080262,0.1774026753844614,0.17392858334246727,0.17962104279947957,0.005406045142793665
1998-03-06,0.171798378757047,0.1808720018680988,0.1748673983387264,0.1757680888681322,0.172965940554425,0.1719985322080262,0.17509614513984526,0.17917069753477663,0.0032708988762785154
1998-03-07,0.1732661707308937,0.171798378757047,0.1808720018680988,0.1748673983387264,0.1757680888681322,0.172965940554425,0.1745052159036213,0.1793886424036205,0.0031563961460699843
1998-03-08,0.1676285151949828,0.1732661707308937,0.171798378757047,0.1808720018680988,0.1748673983387264,0.1757680888681322,0.17388092775890085,0.17824220791495698,0.0040425738389154725
1998-03-09,0.1629582680054708,0.1676285151949828,0.1732661707308937,0.171798378757047,0.1808720018680988,0.1748673983387264,0.1724512602519074,0.17663542048904157,0.005805372076784597
1998-03-11,0.169263101711312,0.1629582680054708,0.1676285151949828,0.1732661707308937,0.171798378757047,0.1808720018680988,0.17152197637236163,0.17530995985811343,0.005705729471454251
1998-03-12,0.1720986089335157,0.169263101711312,0.1629582680054708,0.1676285151949828,0.1732661707308937,0.171798378757047,0.1711264350287601,0.1742124517685781,0.005528374973784275
1998-04-02,0.1756346532341461,0.1720986089335157,0.169263101711312,0.1629582680054708,0.1676285151949828,0.1732661707308937,0.17037824236676688,0.17358975214330982,0.004179453545933753
1998-04-03,0.1747006037962438,0.1756346532341461,0.1720986089335157,0.169263101711312,0.1629582680054708,0.1676285151949828,0.170792845943795,0.172998187499305,0.0044771594367626
1998-04-06,0.1720652500250192,0.1747006037962438,0.1756346532341461,0.1720986089335157,0.169263101711312,0.1629582680054708,0.1706212858429558,0.17265681466902402,0.00438872392803785
1998-04-08,0.1675951562864863,0.1720652500250192,0.1747006037962438,0.1756346532341461,0.1720986089335157,0.169263101711312,0.17061652028459914,0.17272575641325014,0.004392531754135578
1998-04-09,0.166861260299563,0.1675951562864863,0.1720652500250192,0.1747006037962438,0.1756346532341461,0.1720986089335157,0.1711740906123266,0.172369928055954,0.0033922207121207834
1998-04-11,0.1697968442472562,0.166861260299563,0.1675951562864863,0.1720652500250192,0.1747006037962438,0.1756346532341461,0.17125033954603291,0.17198074079016132,0.0033478152037188756
1998-04-12,0.171731660940054,0.1697968442472562,0.166861260299563,0.1675951562864863,0.1720652500250192,0.1747006037962438,0.17119791840410978,0.1720596902069364,0.0033351679949508105
1998-05-01,0.1664609533976048,0.171731660940054,0.1697968442472562,0.166861260299563,0.1675951562864863,0.1720652500250192,0.16988738985603247,0.17178392323003192,0.0030949393995350506
1998-05-02,0.1758681655936217,0.1664609533976048,0.171731660940054,0.1697968442472562,0.166861260299563,0.1675951562864863,0.17005418439851502,0.17221758904048656,0.0034127165712485247
1998-05-03,0.1726657103779564,0.1758681655936217,0.1664609533976048,0.171731660940054,0.1697968442472562,0.166861260299563,0.17013996444893462,0.17213085587839563,0.0034786008164655146
1998-05-05,0.1794042098942522,0.1726657103779564,0.1758681655936217,0.1664609533976048,0.171731660940054,0.1697968442472562,0.17182697210718686,0.1723643682378712,0.0046909880454675664
1998-05-06,0.1706641758681656,0.1794042098942522,0.1726657103779564,0.1758681655936217,0.1664609533976048,0.171731660940054,0.1723702457598444,0.17242441427316496,0.004216238263383758
1998-05-08,0.1687960769923608,0.1706641758681656,0.1794042098942522,0.1726657103779564,0.1758681655936217,0.1664609533976048,0.17222727900914506,0.17212196016946324,0.004333382073172398
1998-05-10,0.1760349601361043,0.1687960769923608,0.1706641758681656,0.1794042098942522,0.1726657103779564,0.1758681655936217,0.17284203603715229,0.17213085587839563,0.004551126527618567
1998-05-11,0.1705974580511726,0.1760349601361043,0.1687960769923608,0.1706641758681656,0.1794042098942522,0.1726657103779564,0.1734329652733762,0.17191513493678484,0.003789284214932242
1998-06-01,0.1653934683257164,0.1705974580511726,0.1760349601361043,0.1687960769923608,0.1706641758681656,0.1794042098942522,0.17193657994938977,0.17172276523112162,0.0046400642322422915
1998-06-02,0.1762684724955799,0.1653934683257164,0.1705974580511726,0.1760349601361043,0.1687960769923608,0.1706641758681656,0.1724512602519074,0.17183507355639321,0.004925453746090969
1998-06-03,0.1734663241818728,0.1762684724955799,0.1653934683257164,0.1705974580511726,0.1760349601361043,0.1687960769923608,0.17160299086442463,0.1721631028232756,0.003941456731675726
1998-06-04,0.1839410214497782,0.1734663241818728,0.1762684724955799,0.1653934683257164,0.1705974580511726,0.1760349601361043,0.17349968309036926,0.1723810476921195,0.00604667983737438
1998-06-05,0.1775361110184475,0.1839410214497782,0.1734663241818728,0.1762684724955799,0.1653934683257164,0.1705974580511726,0.17474825937981023,0.17256563365246688,0.005811343263734884
1998-06-07,0.1723654802014878,0.1775361110184475,0.1839410214497782,0.1734663241818728,0.1762684724955799,0.1653934683257164,0.17422404796057928,0.17254561830736895,0.005841357114942976
1998-06-08,0.1687293591753678,0.1723654802014878,0.1775361110184475,0.1839410214497782,0.1734663241818728,0.1762684724955799,0.17395717669260718,0.1723109939842768,0.0060727482277439255
1998-06-10,0.1732995296393902,0.1687293591753678,0.1723654802014878,0.1775361110184475,0.1839410214497782,0.1734663241818728,0.175086614023132,0.17225873169429892,0.004820712673692248
1998-06-11,0.1723988391099843,0.1732995296393902,0.1687293591753678,0.1723654802014878,0.1775361110184475,0.1839410214497782,0.17453380925376122,0.17197629293569514,0.004884052566557
1998-07-01,0.1645928545218,0.1723988391099843,0.1732995296393902,0.1687293591753678,0.1723654802014878,0.1775361110184475,0.17326617073089365,0.17173610879452023,0.0061854469182230625
1998-07-04,0.1830069720118757,0.1645928545218,0.1723988391099843,0.1732995296393902,0.1687293591753678,0.1723654802014878,0.17313273509690763,0.17206080217055295,0.005921214088837986
1998-07-05,0.1756012943256497,0.1830069720118757,0.1645928545218,0.1723988391099843,0.1732995296393902,0.1687293591753678,0.1728563327122222,0.17232656147490852,0.005723255701182528
1998-07-07,0.1726990692864529,0.1756012943256497,0.1830069720118757,0.1645928545218,0.1723988391099843,0.1732995296393902,0.17290398829578865,0.17265125485094127,0.00571987519010082
1998-07-08,0.1673282850185142,0.1726990692864529,0.1756012943256497,0.1830069720118757,0.1645928545218,0.1723988391099843,0.17270383484480958,0.17258676096118133,0.005911603590362976
1998-07-09,0.1690295893518364,0.1673282850185142,0.1726990692864529,0.1756012943256497,0.1830069720118757,0.1645928545218,0.17209384337515904,0.17248446030845868,0.006058368077303851
1998-07-10,0.1755345765086566,0.1690295893518364,0.1673282850185142,0.1726990692864529,0.1756012943256497,0.1830069720118757,0.17254180586068363,0.17248112441760904,0.0061989766889274526
1998-07-12,0.1738999899923274,0.1755345765086566,0.1690295893518364,0.1673282850185142,0.1726990692864529,0.1756012943256497,0.1738713966421876,0.17245443729081184,0.0051128600470268125
1998-08-01,0.1646262134302965,0.1738999899923274,0.1755345765086566,0.1690295893518364,0.1673282850185142,0.1726990692864529,0.17124557398767623,0.17220646940432108,0.004293368727049394
1998-08-04,0.1827401007439036,0.1646262134302965,0.1738999899923274,0.1755345765086566,0.1690295893518364,0.1673282850185142,0.17226540347599825,0.172711300886235,0.006006518272519716
1998-08-05,0.1771358041164893,0.1827401007439036,0.1646262134302965,0.1738999899923274,0.1755345765086566,0.1690295893518364,0.172899222737432,0.17305378568013252,0.006287424206558066
1998-08-06,0.1713313540380959,0.1771358041164893,0.1827401007439036,0.1646262134302965,0.1738999899923274,0.1755345765086566,0.17347108974022937,0.17310493600649388,0.005864069420737305
1998-08-07,0.1715315074890749,0.1713313540380959,0.1771358041164893,0.1827401007439036,0.1646262134302965,0.1738999899923274,0.17382850661697774,0.17309826422479455,0.005619381443862671
1998-08-09,0.1671281315675351,0.1715315074890749,0.1713313540380959,0.1771358041164893,0.1827401007439036,0.1646262134302965,0.17262758591110325,0.17312050349712554,0.006073899960830617
1998-08-10,0.1770357273909997,0.1671281315675351,0.1715315074890749,0.1713313540380959,0.1771358041164893,0.1827401007439036,0.1730755483966279,0.1731594222237048,0.006294992333154985
1998-08-12,0.1731327350969076,0.1770357273909997,0.1671281315675351,0.1715315074890749,0.1713313540380959,0.1771358041164893,0.17429076577757233,0.17317498971433654,0.005099612841704528
1998-09-01,0.1626580378290022,0.1731327350969076,0.1770357273909997,0.1671281315675351,0.1715315074890749,0.1713313540380959,0.1714218996468721,0.1726167839788282,0.0052018050526180986
1998-09-02,0.1772692397504754,0.1626580378290022,0.1731327350969076,0.1770357273909997,0.1671281315675351,0.1715315074890749,0.1714409618802987,0.1728369527749052,0.005226419954595322
1998-09-03,0.172765787103446,0.1772692397504754,0.1626580378290022,0.1731327350969076,0.1770357273909997,0.1671281315675351,0.17164588088963442,0.17296927644527468,0.005249476142766696
1998-09-04,0.1819728458484838,0.172765787103446,0.1772692397504754,0.1626580378290022,0.1731327350969076,0.1770357273909997,0.17313750065526426,0.1731672059690207,0.006537081611225063
1998-09-06,0.1752677052406845,0.1819728458484838,0.172765787103446,0.1772692397504754,0.1626580378290022,0.1731327350969076,0.17430029689428558,0.17332288087533773,0.005991121278466015
1998-09-07,0.1713980718550889,0.1752677052406845,0.1819728458484838,0.172765787103446,0.1772692397504754,0.1626580378290022,0.17349491753201263,0.1735230343263168,0.005940834450300739
1998-09-09,0.165827134136171,0.1713980718550889,0.1752677052406845,0.1819728458484838,0.172765787103446,0.1772692397504754,0.17245126025190743,0.17317498971433654,0.00661816019570769
1998-09-10,0.1760016012276078,0.165827134136171,0.1713980718550889,0.1752677052406845,0.1819728458484838,0.172765787103446,0.17435748359456535,0.17325949894919435,0.0050672505669726205
1998-09-11,0.1715648663975715,0.1760016012276078,0.165827134136171,0.1713980718550889,0.1752677052406845,0.1819728458484838,0.17354257311557908,0.17284696044745415,0.004978855342462943
1998-09-12,0.1729992994629215,0.1715648663975715,0.1760016012276078,0.165827134136171,0.1713980718550889,0.1752677052406845,0.17357593202407556,0.17269573339560326,0.004973562826965275
1998-10-02,0.176535343763552,0.1729992994629215,0.1715648663975715,0.1760016012276078,0.165827134136171,0.1713980718550889,0.17279914601194246,0.17283472884767206,0.003706843753368203
1998-10-03,0.1731327350969076,0.176535343763552,0.1729992994629215,0.1715648663975715,0.1760016012276078,0.165827134136171,0.17249415027711718,0.17298150804505674,0.003554585861842767
1998-10-06,0.1721986856590052,0.1731327350969076,0.176535343763552,0.1729992994629215,0.1715648663975715,0.1760016012276078,0.17260852367767665,0.1729448132457106,0.0035262072732920734
1998-10-07,0.1705974580511726,0.1721986856590052,0.1731327350969076,0.176535343763552,0.1729992994629215,0.1715648663975715,0.17328999852267687,0.17288476721041685,0.0022140126277569194
1998-10-08,0.1672615672015212,0.1705974580511726,0.1721986856590052,0.1731327350969076,0.176535343763552,0.1729992994629215,0.17204142223323596,0.1729737242997409,0.0028132930646548927
1998-10-09,0.1705307402341795,0.1672615672015212,0.1705974580511726,0.1721986856590052,0.1731327350969076,0.176535343763552,0.17189368992417992,0.17255784990715103,0.0028690877759781773
1998-10-11,0.1716983020315575,0.1705307402341795,0.1672615672015212,0.1705974580511726,0.1721986856590052,0.1731327350969076,0.17170783314827082,0.17242775016401463,0.0028273660530008606
1998-10-12,0.172832504920439,0.1716983020315575,0.1705307402341795,0.1672615672015212,0.1705974580511726,0.1721986856590052,0.17117885617068324,0.17243219801848084,0.0019985538163339975
1998-11-02,0.1758348066851253,0.172832504920439,0.1716983020315575,0.1705307402341795,0.1672615672015212,0.1705974580511726,0.17156486639757149,0.1727157487407012,0.0026071219511323573
1998-11-03,0.1729325816459285,0.1758348066851253,0.172832504920439,0.1716983020315575,0.1705307402341795,0.1672615672015212,0.17166970868141765,0.17284584848383758,0.0026512413451534904
1998-11-05,0.1761350368615938,0.1729325816459285,0.1758348066851253,0.172832504920439,0.1716983020315575,0.1705307402341795,0.1724607913686207,0.17286586382893548,0.0030709183110318636
1998-11-06,0.1703973046001935,0.1761350368615938,0.1729325816459285,0.1758348066851253,0.172832504920439,0.1716983020315575,0.1729087538541453,0.17274910764919768,0.002323954554305045
1998-11-08,0.1667278246655769,0.1703973046001935,0.1761350368615938,0.1729325816459285,0.1758348066851253,0.172832504920439,0.17236548020148781,0.17281916135704037,0.0032374759110685696
1998-11-09,0.1724321980184808,0.1667278246655769,0.1703973046001935,0.1761350368615938,0.1729325816459285,0.1758348066851253,0.17247032248533395,0.1724755645995263,0.003224124761693604
1998-11-11,0.1725322747439703,0.1724321980184808,0.1667278246655769,0.1703973046001935,0.1761350368615938,0.1729325816459285,0.17242743246012418,0.1723221136204423,0.003220498614604281
1998-11-12,0.1707308936851586,0.1725322747439703,0.1724321980184808,0.1667278246655769,0.1703973046001935,0.1761350368615938,0.17169830203155748,0.1723020982753444,0.002880286281857148
1998-12-01,0.1627914734629882,0.1707308936851586,0.1725322747439703,0.1724321980184808,0.1667278246655769,0.1703973046001935,0.17024957229113744,0.1720107638078082,0.004337678302784747
1998-12-02,0.1765019848550555,0.1627914734629882,0.1707308936851586,0.1725322747439703,0.1724321980184808,0.1667278246655769,0.17030199343306052,0.17232322558405888,0.004422055558545855
1998-12-03,0.172765787103446,0.1765019848550555,0.1627914734629882,0.1707308936851586,0.1725322747439703,0.1724321980184808,0.17064034807638231,0.17218089424114041,0.0045200896037625015
1998-12-05,0.1764352670380625,0.172765787103446,0.1765019848550555,0.1627914734629882,0.1707308936851586,0.1725322747439703,0.17202712555816596,0.17229097863917892,0.004607935980471294
1998-12-06,0.1689628715348434,0.1764352670380625,0.172765787103446,0.1765019848550555,0.1627914734629882,0.1707308936851586,0.17153150748907492,0.17250113976270692,0.004741739345591838
1998-12-08,0.1668946192080595,0.1689628715348434,0.1764352670380625,0.172765787103446,0.1765019848550555,0.1627914734629882,0.17072612812680196,0.17215531907795972,0.0050143676660358355
1998-12-10,0.1745004503452647,0.1668946192080595,0.1689628715348434,0.1764352670380625,0.172765787103446,0.1765019848550555,0.17126463622110283,0.17221314118602038,0.005213425733398376
1998-12-11,0.1731660940054041,0.1745004503452647,0.1668946192080595,0.1689628715348434,0.1764352670380625,0.172765787103446,0.17274672487001938,0.17191958279125105,0.0036405996416164527
1999-01-02,0.1681288988224305,0.1731660940054041,0.1745004503452647,0.1668946192080595,0.1689628715348434,0.1764352670380625,0.17155056972250154,0.17168162257730926,0.0035760924763223534
1999-01-03,0.1679954631884445,0.1681288988224305,0.1731660940054041,0.1745004503452647,0.1668946192080595,0.1689628715348434,0.17086909487750132,0.17156820228842112,0.0037559241612466336
1999-01-04,0.1638923174433733,0.1679954631884445,0.1681288988224305,0.1731660940054041,0.1745004503452647,0.1668946192080595,0.16907724493540285,0.17150370839866116,0.00364828418962397
1999-01-06,0.1547519765153284,0.1638923174433733,0.1679954631884445,0.1681288988224305,0.1731660940054041,0.1745004503452647,0.16704711707547215,0.17079538757491852,0.006534653335721001
1999-01-07,0.1519164692931247,0.1547519765153284,0.1638923174433733,0.1679954631884445,0.1681288988224305,0.1731660940054041,0.1649073813733386,0.1701404410047703,0.008689784518782863
1999-01-09,0.1466457617506755,0.1519164692931247,0.1547519765153284,0.1638923174433733,0.1679954631884445,0.1681288988224305,0.1609281401455401,0.16926198974769543,0.00986317548254491
1999-01-10,0.1818727691229943,0.1466457617506755,0.1519164692931247,0.1547519765153284,0.1638923174433733,0.1679954631884445,0.16217195087662445,0.16943990392634353,0.011984530973860947
1999-01-11,0.1710978416786203,0.1818727691229943,0.1466457617506755,0.1519164692931247,0.1547519765153284,0.1638923174433733,0.16259608557036584,0.16937207414573396,0.012279393050226224
1999-01-12,0.1696300497047737,0.1710978416786203,0.1818727691229943,0.1466457617506755,0.1519164692931247,0.1547519765153284,0.16282959792984147,0.16928645294725955,0.012413988337885876
1999-02-02,0.1692297428028155,0.1696300497047737,0.1710978416786203,0.1818727691229943,0.1466457617506755,0.1519164692931247,0.16359208726690463,0.16924086243898098,0.012651781102712228
1999-02-03,0.1690295893518364,0.1692297428028155,0.1696300497047737,0.1710978416786203,0.1818727691229943,0.1466457617506755,0.16563174624354862,0.16929979651065816,0.01212918518877899
1999-02-06,0.1549521299663075,0.1690295893518364,0.1692297428028155,0.1696300497047737,0.1710978416786203,0.1818727691229943,0.1660654120540033,0.1687805095017291,0.01159979683599646
1999-02-07,0.1522500583780899,0.1549521299663075,0.1690295893518364,0.1692297428028155,0.1696300497047737,0.1710978416786203,0.16686602585791968,0.16813223471328018,0.0101372746326306
1999-02-08,0.1470794275611302,0.1522500583780899,0.1549521299663075,0.1690295893518364,0.1692297428028155,0.1696300497047737,0.16189554849193907,0.1672737988013032,0.010082605763382518
1999-02-09,0.1463121726657104,0.1470794275611302,0.1522500583780899,0.1549521299663075,0.1690295893518364,0.1692297428028155,0.15835473863295194,0.16628971100065604,0.010648565591384202
1999-02-11,0.1706975347766621,0.1463121726657104,0.1470794275611302,0.1522500583780899,0.1549521299663075,0.1690295893518364,0.15850723650036458,0.1662152094383472,0.010842823145641497
1999-02-12,0.1675284384694932,0.1706975347766621,0.1463121726657104,0.1470794275611302,0.1522500583780899,0.1549521299663075,0.1582641930241757,0.16592832282527714,0.010578258640945552
1999-03-02,0.168095539913934,0.1675284384694932,0.1706975347766621,0.1463121726657104,0.1470794275611302,0.1522500583780899,0.1581307573901896,0.16585159733573515,0.010424604895347855
1999-03-03,0.1674950795609968,0.168095539913934,0.1675284384694932,0.1706975347766621,0.1463121726657104,0.1470794275611302,0.1599226073322881,0.16587717249891581,0.010856227838269542
1999-03-06,0.1533509023584748,0.1674950795609968,0.168095539913934,0.1675284384694932,0.1706975347766621,0.1463121726657104,0.16007987075805735,0.16524112931024895,0.010733842691624118
1999-03-08,0.1475130933715849,0.1533509023584748,0.1674950795609968,0.168095539913934,0.1675284384694932,0.1706975347766621,0.16014182301669375,0.1644071565978361,0.010647204465330877
1999-03-09,0.1464456082996964,0.1475130933715849,0.1533509023584748,0.1674950795609968,0.168095539913934,0.1675284384694932,0.16016088525012032,0.1635976470849874,0.010618398362604791
1999-03-11,0.1708643293191447,0.1464456082996964,0.1475130933715849,0.1533509023584748,0.1674950795609968,0.168095539913934,0.16018471304190354,0.16386674228019257,0.010646134353759114
1999-03-12,0.1653601094172199,0.1708643293191447,0.1464456082996964,0.1475130933715849,0.1533509023584748,0.1674950795609968,0.15987495174872166,0.16349534643226474,0.01042611960530116
1999-04-01,0.1682956933649131,0.1653601094172199,0.1708643293191447,0.1464456082996964,0.1475130933715849,0.1533509023584748,0.1599035450988615,0.16334634330764697,0.01045266247319469
1999-04-02,0.1683624111819061,0.1682956933649131,0.1653601094172199,0.1708643293191447,0.1464456082996964,0.1475130933715849,0.16002744961613427,0.16307724811244173,0.010562216231190047
1999-04-03,0.1686626413583747,0.1683624111819061,0.1682956933649131,0.1653601094172199,0.1708643293191447,0.1464456082996964,0.16221484090183425,0.1630672404398928,0.010534546019096064
1999-04-05,0.1670614137505421,0.1686626413583747,0.1683624111819061,0.1682956933649131,0.1653601094172199,0.1708643293191447,0.16500745809882814,0.16307280025797558,0.008352812612555209
1999-04-06,0.1537178503519365,0.1670614137505421,0.1686626413583747,0.1683624111819061,0.1682956933649131,0.1653601094172199,0.16604634982057673,0.1623800469248646,0.005685871001721523
1999-04-08,0.1474130166460953,0.1537178503519365,0.1670614137505421,0.1686626413583747,0.1683624111819061,0.1682956933649131,0.16269616229585537,0.16152161101288767,0.008557615106600316
1999-04-10,0.1853754545151282,0.1474130166460953,0.1537178503519365,0.1670614137505421,0.1686626413583747,0.1683624111819061,0.1655554973098423,0.16209649620264424,0.012175246487050284
1999-04-11,0.1705974580511726,0.1853754545151282,0.1474130166460953,0.1537178503519365,0.1670614137505421,0.1686626413583747,0.1658843208364508,0.1621832293647352,0.012292108453786636
1999-05-01,0.1682956933649131,0.1705974580511726,0.1853754545151282,0.1474130166460953,0.1537178503519365,0.1670614137505421,0.1658747897197375,0.16233000856211982,0.012289892400216534
1999-05-02,0.1697968442472562,0.1682956933649131,0.1705974580511726,0.1853754545151282,0.1474130166460953,0.1537178503519365,0.16603681870386341,0.16283150415318412,0.012340146895865964
1999-05-03,0.1687960769923608,0.1697968442472562,0.1682956933649131,0.1705974580511726,0.1853754545151282,0.1474130166460953,0.16628462773840894,0.16339415774315866,0.012381499630086897
1999-05-05,0.1675284384694932,0.1687960769923608,0.1697968442472562,0.1682956933649131,0.1705974580511726,0.1853754545151282,0.1682575688980599,0.1640902469671192,0.011076889545780792
1999-05-07,0.1513827267571805,0.1675284384694932,0.1687960769923608,0.1697968442472562,0.1682956933649131,0.1705974580511726,0.16882467034250068,0.16307391222159212,0.009867443120461708
1999-05-08,0.1475130933715849,0.1513827267571805,0.1675284384694932,0.1687960769923608,0.1697968442472562,0.1682956933649131,0.16341576160770876,0.1622877539446909,0.009657979453647183
1999-05-10,0.1938819761817393,0.1475130933715849,0.1513827267571805,0.1675284384694932,0.1687960769923608,0.1697968442472562,0.16674212134064684,0.16309615149392312,0.015048921256560184
1999-05-11,0.1699969976982353,0.1938819761817393,0.1475130933715849,0.1513827267571805,0.1675284384694932,0.1687960769923608,0.16698516481683573,0.16312172665710375,0.015091870488590188
1999-06-01,0.1686292824498782,0.1699969976982353,0.1938819761817393,0.1475130933715849,0.1513827267571805,0.1675284384694932,0.16681837027435317,0.16310838309370515,0.015062039302510866
1999-06-04,0.1625246021950162,0.1686292824498782,0.1699969976982353,0.1938819761817393,0.1475130933715849,0.1513827267571805,0.16592244530330394,0.1633607988346621,0.015111234878298964
1999-06-05,0.1688294359008573,0.1625246021950162,0.1686292824498782,0.1699969976982353,0.1938819761817393,0.1475130933715849,0.16610830207921312,0.1639134447520877,0.01514224828297235
1999-06-07,0.1485805784434734,0.1688294359008573,0.1625246021950162,0.1686292824498782,0.1699969976982353,0.1938819761817393,0.16570799517725493,0.16396348311483247,0.015625742149600424
1999-06-08,0.1473462988291023,0.1485805784434734,0.1688294359008573,0.1625246021950162,0.1686292824498782,0.1699969976982353,0.1656841673854717,0.16399795398694555,0.015658205373290993
1999-06-09,0.1465790439336824,0.1473462988291023,0.1485805784434734,0.1688294359008573,0.1625246021950162,0.1686292824498782,0.15892660563574929,0.16319400429217953,0.01096443651585231
1999-06-10,0.1890449344497448,0.1465790439336824,0.1473462988291023,0.1485805784434734,0.1688294359008573,0.1625246021950162,0.1616477394573935,0.1639112208248546,0.015567280718784795
1999-06-12,0.1609233745871835,0.1890449344497448,0.1465790439336824,0.1473462988291023,0.1485805784434734,0.1688294359008573,0.16054689547700857,0.16367214864729626,0.015260740116881142
1999-07-01,0.1701637922407178,0.1609233745871835,0.1890449344497448,0.1465790439336824,0.1473462988291023,0.1485805784434734,0.1616382083406802,0.1637611057366203,0.015692767796166532
1999-07-04,0.1636254461754011,0.1701637922407178,0.1609233745871835,0.1890449344497448,0.1465790439336824,0.1473462988291023,0.16089478123704362,0.16410359053051782,0.015416140567637458
1999-07-05,0.1651265970577443,0.1636254461754011,0.1701637922407178,0.1609233745871835,0.1890449344497448,0.1465790439336824,0.16325849818193944,0.16469070732005647,0.014451660286030685
1999-07-06,0.1539180038029156,0.1651265970577443,0.1636254461754011,0.1701637922407178,0.1609233745871835,0.1890449344497448,0.1641973131781985,0.16493978717016378,0.013422493819187562
1999-07-07,0.1482469893585082,0.1539180038029156,0.1651265970577443,0.1636254461754011,0.1701637922407178,0.1609233745871835,0.16443559109603073,0.16418587583814256,0.013067721212811653
1999-07-09,0.1472462221036127,0.1482469893585082,0.1539180038029156,0.1651265970577443,0.1636254461754011,0.1701637922407178,0.15846434647515473,0.16358207959435564,0.008802048208368543
1999-07-10,0.1925476198418788,0.1472462221036127,0.1482469893585082,0.1539180038029156,0.1651265970577443,0.1636254461754011,0.16298209579725406,0.16439047714358784,0.01569293156991659
1999-07-12,0.1630249858224638,0.1925476198418788,0.1472462221036127,0.1482469893585082,0.1539180038029156,0.1651265970577443,0.16196226630893204,0.16421256296493977,0.015377219720525671
1999-08-01,0.1707976115021516,0.1630249858224638,0.1925476198418788,0.1472462221036127,0.1482469893585082,0.1539180038029156,0.16298686135561072,0.164283728636399,0.015741145184660296
1999-08-02,0.1694298962537946,0.1707976115021516,0.1630249858224638,0.1925476198418788,0.1472462221036127,0.1482469893585082,0.16360161838361792,0.1643626780531741,0.015921634425874607
1999-08-03,0.1698635620642493,0.1694298962537946,0.1707976115021516,0.1630249858224638,0.1925476198418788,0.1472462221036127,0.16587955527809412,0.1649008684435845,0.015438627036281955
1999-08-04,0.1641925476198419,0.1698635620642493,0.1694298962537946,0.1707976115021516,0.1630249858224638,0.1925476198418788,0.1681574921725704,0.16546018614270938,0.013451907343424515
1999-08-06,0.1517496747506422,0.1641925476198419,0.1698635620642493,0.1694298962537946,0.1707976115021516,0.1630249858224638,0.16880084255071745,0.16433932681722654,0.012347474949340112
1999-08-07,0.1483137071755012,0.1517496747506422,0.1641925476198419,0.1698635620642493,0.1694298962537946,0.1707976115021516,0.16248171216980636,0.16359653512137082,0.00904667755327112
1999-08-09,0.1476131700970744,0.1483137071755012,0.1517496747506422,0.1641925476198419,0.1698635620642493,0.1694298962537946,0.16028002420903645,0.16290711767910954,0.010629366839781385
1999-08-10,0.1923808252993962,0.1476131700970744,0.1483137071755012,0.1517496747506422,0.1641925476198419,0.1698635620642493,0.16336334046578568,0.1636599170475142,0.015974952011865898
1999-08-11,0.1690295893518364,0.1923808252993962,0.1476131700970744,0.1483137071755012,0.1517496747506422,0.1641925476198419,0.16330615376550597,0.16366770079283005,0.01595031314095606
1999-08-12,0.1641591887113453,0.1690295893518364,0.1923808252993962,0.1476131700970744,0.1483137071755012,0.1517496747506422,0.16249124328651968,0.16355539246755846,0.015703261058181442
1999-09-02,0.1681956166394235,0.1641591887113453,0.1690295893518364,0.1923808252993962,0.1476131700970744,0.1483137071755012,0.16306311028931703,0.16411582213029988,0.01584776883876146
1999-09-03,0.1721653267505087,0.1681956166394235,0.1641591887113453,0.1690295893518364,0.1923808252993962,0.1476131700970744,0.16597963200358365,0.16493756324293068,0.015287383095497764
1999-09-04,0.1639256763518697,0.1721653267505087,0.1681956166394235,0.1641591887113453,0.1690295893518364,0.1923808252993962,0.16820991331449345,0.16393901991526832,0.013288712266169646
1999-09-06,0.1510491376722154,0.1639256763518697,0.1721653267505087,0.1681956166394235,0.1641591887113453,0.1690295893518364,0.1687007658252279,0.1633074245810677,0.012437303287071098
1999-09-07,0.1483804249924942,0.1510491376722154,0.1639256763518697,0.1721653267505087,0.1681956166394235,0.1641591887113453,0.1624149943528133,0.16263246266582154,0.00916254742745186
1999-09-08,0.14784668245655,0.1483804249924942,0.1510491376722154,0.1639256763518697,0.1721653267505087,0.1681956166394235,0.15938886479634382,0.16214319867453936,0.010067226331184186
1999-09-09,0.1481135537245221,0.14784668245655,0.1483804249924942,0.1510491376722154,0.1639256763518697,0.1721653267505087,0.15709663122679765,0.1614526692686615,0.010612026058286664
1999-09-11,0.1706975347766621,0.1481135537245221,0.14784668245655,0.1483804249924942,0.1510491376722154,0.1639256763518697,0.15745404810354602,0.16218990114643447,0.011079962806699591
1999-09-12,0.1628581912799813,0.1706975347766621,0.1481135537245221,0.14784668245655,0.1483804249924942,0.1510491376722154,0.1561244573220421,0.1627069642281304,0.009460459972133772
1999-10-02,0.1689962304433399,0.1628581912799813,0.1706975347766621,0.1481135537245221,0.14784668245655,0.1483804249924942,0.15684882219225213,0.16345420377845235,0.01031303714548193
1999-10-03,0.1713980718550889,0.1689962304433399,0.1628581912799813,0.1706975347766621,0.1481135537245221,0.14784668245655,0.1597558127898055,0.16286597502529715,0.011232709497002738
1999-10-05,0.162191013110051,0.1713980718550889,0.1689962304433399,0.1628581912799813,0.1706975347766621,0.1481135537245221,0.1617287539494565,0.16290822964272605,0.010052577208430587
1999-10-06,0.1492477566134036,0.162191013110051,0.1713980718550889,0.1689962304433399,0.1628581912799813,0.1706975347766621,0.16192890740043556,0.16221102845514893,0.009739171824215614
1999-10-08,0.14784668245655,0.1492477566134036,0.162191013110051,0.1713980718550889,0.1689962304433399,0.1628581912799813,0.16189078293358236,0.1616850696645206,0.009802582098477744
1999-10-09,0.1475130933715849,0.14784668245655,0.1492477566134036,0.162191013110051,0.1713980718550889,0.1689962304433399,0.15857871987571423,0.1610979528749819,0.010238118658595214
1999-10-11,0.1740334256263135,0.1475130933715849,0.14784668245655,0.1492477566134036,0.162191013110051,0.1713980718550889,0.16017518192519023,0.16176846693576183,0.011772904334492119
1999-10-12,0.1639590352603662,0.1740334256263135,0.1475130933715849,0.14784668245655,0.1492477566134036,0.162191013110051,0.15945558261333687,0.16229220179915713,0.01128782194616425
1999-11-01,0.1709644060446342,0.1639590352603662,0.1740334256263135,0.1475130933715849,0.14784668245655,0.1492477566134036,0.1593936303547005,0.1630828079305245,0.01121228973520282
1999-11-02,0.1683957700904026,0.1709644060446342,0.1639590352603662,0.1740334256263135,0.1475130933715849,0.14784668245655,0.16028002420903645,0.16227774627214195,0.011704742327528059
1999-11-03,0.1728658638289355,0.1683957700904026,0.1709644060446342,0.1639590352603662,0.1740334256263135,0.1475130933715849,0.163654039525541,0.16260577553902433,0.01139452012202303
1999-11-05,0.1631584214564499,0.1728658638289355,0.1683957700904026,0.1709644060446342,0.1639590352603662,0.1740334256263135,0.16584143081124098,0.16235113587083427,0.009091120834580779
1999-11-06,0.1499816526003269,0.1631584214564499,0.1728658638289355,0.1683957700904026,0.1709644060446342,0.1639590352603662,0.1661940821296327,0.16170286108238535,0.008272695440470015
1999-11-08,0.1486806551689629,0.1499816526003269,0.1631584214564499,0.1728658638289355,0.1683957700904026,0.1709644060446342,0.1625722577785826,0.16099676418587583,0.009695931063624402
1999-11-10,0.1887113453647796,0.1486806551689629,0.1499816526003269,0.1631584214564499,0.1728658638289355,0.1683957700904026,0.1661083020792131,0.16181405744404043,0.013891663915973336
1999-11-11,0.1742002201687961,0.1887113453647796,0.1486806551689629,0.1499816526003269,0.1631584214564499,0.1728658638289355,0.16657056123980762,0.16256240895797888,0.014131947058885217
1999-12-01,0.1700637155152283,0.1742002201687961,0.1887113453647796,0.1486806551689629,0.1499816526003269,0.1631584214564499,0.1668088391576399,0.1632874092359698,0.014181824464971146
1999-12-02,0.1696300497047737,0.1700637155152283,0.1742002201687961,0.1887113453647796,0.1486806551689629,0.1499816526003269,0.16634657999704536,0.1640213052228931,0.014003099462221561
1999-12-03,0.1718650965740401,0.1696300497047737,0.1700637155152283,0.1742002201687961,0.1887113453647796,0.1486806551689629,0.16759039072812967,0.16333744759871452,0.014059285079503547
1999-12-04,0.1656603395936885,0.1718650965740401,0.1696300497047737,0.1700637155152283,0.1742002201687961,0.1887113453647796,0.16983020315575273,0.16322513927344298,0.01186395874509584
1999-12-05,0.1618907829335824,0.1656603395936885,0.1718650965740401,0.1696300497047737,0.1700637155152283,0.1742002201687961,0.1717173642649841,0.16314952574751754,0.008517848678758388
1999-12-07,0.1475130933715849,0.1618907829335824,0.1656603395936885,0.1718650965740401,0.1696300497047737,0.1700637155152283,0.1658318996945277,0.16246010830525623,0.00903606625395731
1999-12-08,0.1503819595022851,0.1475130933715849,0.1618907829335824,0.1656603395936885,0.1718650965740401,0.1696300497047737,0.16242929102788328,0.16173399606364877,0.009810968388245684
1999-12-10,0.1903792907896053,0.1503819595022851,0.1475130933715849,0.1618907829335824,0.1656603395936885,0.1718650965740401,0.16533151606708002,0.1626157832115733,0.014384530362344602
1999-12-11,0.1710311238616272,0.1903792907896053,0.1503819595022851,0.1475130933715849,0.1618907829335824,0.1656603395936885,0.16553166951805906,0.16328184941788704,0.014463839913274485
2000-01-02,0.1655269039597024,0.1710311238616272,0.1903792907896053,0.1503819595022851,0.1475130933715849,0.1618907829335824,0.16462621343029654,0.16385339871679397,0.01419721075640112
2000-01-03,0.1721319678420122,0.1655269039597024,0.1710311238616272,0.1903792907896053,0.1503819595022851,0.1475130933715849,0.16555073175148566,0.16466290822964272,0.01448360310289835
2000-01-06,0.1585215331754345,0.1721319678420122,0.1655269039597024,0.1710311238616272,0.1903792907896053,0.1503819595022851,0.16506941035746453,0.16500984087800646,0.01468015252154648
2000-01-08,0.1619241418420789,0.1585215331754345,0.1721319678420122,0.1655269039597024,0.1710311238616272,0.1903792907896053,0.1671281315675351,0.16471739444685368,0.012682280191372425
2000-01-09,0.1615238349401208,0.1619241418420789,0.1585215331754345,0.1721319678420122,0.1655269039597024,0.1710311238616272,0.16871982805865446,0.16467291590219169,0.010787962140931924
2000-01-11,0.1538512859859225,0.1615238349401208,0.1619241418420789,0.1585215331754345,0.1721319678420122,0.1655269039597024,0.16350154165812833,0.16416808442027778,0.006577846529510383
2000-01-12,0.1563198452146645,0.1538512859859225,0.1615238349401208,0.1619241418420789,0.1585215331754345,0.1721319678420122,0.16139993042284798,0.16366547686559693,0.0061042766013090985
2000-02-02,0.1672615672015212,0.1563198452146645,0.1538512859859225,0.1615238349401208,0.1619241418420789,0.1585215331754345,0.1616477394573935,0.16383449533531264,0.0063307472818475785
2000-02-03,0.1701304333322214,0.1672615672015212,0.1563198452146645,0.1538512859859225,0.1615238349401208,0.1619241418420789,0.16136180595599484,0.1645305845592732,0.005801363513036715
2000-02-05,0.1604897087767288,0.1701304333322214,0.1672615672015212,0.1563198452146645,0.1538512859859225,0.1615238349401208,0.16164297389903684,0.16495201876994584,0.005687338683413308
2000-02-06,0.1645928545218,0.1604897087767288,0.1701304333322214,0.1672615672015212,0.1563198452146645,0.1538512859859225,0.16202421856756846,0.16552134414161968,0.005797704079985379
2000-02-08,0.1619241418420789,0.1645928545218,0.1604897087767288,0.1701304333322214,0.1672615672015212,0.1563198452146645,0.16208140526784817,0.16511770134881187,0.005793918865788227
2000-02-10,0.1589218400773926,0.1619241418420789,0.1645928545218,0.1604897087767288,0.1701304333322214,0.1672615672015212,0.16280577013805822,0.16494979484271272,0.0048303214606912
2000-02-11,0.1534176201754679,0.1589218400773926,0.1619241418420789,0.1645928545218,0.1604897087767288,0.1701304333322214,0.1623911665610301,0.1643649019804072,0.005550659078092607
2000-03-02,0.1668946192080595,0.1534176201754679,0.1589218400773926,0.1619241418420789,0.1645928545218,0.1604897087767288,0.162338745419107,0.1643148636176624,0.005498483801915563
2000-03-03,0.169196383894319,0.1668946192080595,0.1534176201754679,0.1589218400773926,0.1619241418420789,0.1645928545218,0.16220530978512096,0.16419254761984187,0.0052850751202794255
2000-03-04,0.1618574240250859,0.169196383894319,0.1668946192080595,0.1534176201754679,0.1589218400773926,0.1619241418420789,0.1624006976777434,0.16414918103879642,0.005236134338166169
2000-03-05,0.1605897855022184,0.1618574240250859,0.169196383894319,0.1668946192080595,0.1534176201754679,0.1589218400773926,0.16182883067494602,0.16450278546885946,0.005175056280535033
2000-03-07,0.1686292824498782,0.1605897855022184,0.1618574240250859,0.169196383894319,0.1668946192080595,0.1534176201754679,0.16278670790463165,0.16516773971155663,0.005780738183179126
2000-03-08,0.1605230676852253,0.1686292824498782,0.1605897855022184,0.1618574240250859,0.169196383894319,0.1668946192080595,0.1630154547057506,0.16422813045557152,0.005632083564758327
2000-03-10,0.1582546619074624,0.1605230676852253,0.1686292824498782,0.1605897855022184,0.1618574240250859,0.169196383894319,0.1637064606674641,0.16369661184686032,0.004425804774392547
2000-03-11,0.1532841845414818,0.1582546619074624,0.1605230676852253,0.1686292824498782,0.1605897855022184,0.1618574240250859,0.161762112857953,0.16313729414773545,0.005620239516574366
2000-04-01,0.164526136704807,0.1532841845414818,0.1582546619074624,0.1605230676852253,0.1686292824498782,0.1605897855022184,0.1610949346880227,0.16296716371440326,0.004809333085310648
2000-04-02,0.1726323514694599,0.164526136704807,0.1532841845414818,0.1582546619074624,0.1605230676852253,0.1686292824498782,0.16263421003721903,0.16299273887758392,0.006515662209217521
2000-04-04,0.1614237582146312,0.1726323514694599,0.164526136704807,0.1532841845414818,0.1582546619074624,0.1605230676852253,0.1627533489961351,0.162851519498282,0.006479574155793033
2000-04-05,0.1635253694499116,0.1614237582146312,0.1726323514694599,0.164526136704807,0.1532841845414818,0.1582546619074624,0.16202421856756846,0.16290600571549296,0.005975746686924238
2000-04-07,0.1678620275544584,0.1635253694499116,0.1614237582146312,0.1726323514694599,0.164526136704807,0.1532841845414818,0.16307264140603034,0.1635843035215888,0.006303299631358742
2000-04-08,0.1594889415218334,0.1678620275544584,0.1635253694499116,0.1614237582146312,0.1726323514694599,0.164526136704807,0.16324896706522618,0.16388786958890705,0.006161734884225139
2000-04-09,0.1612903225806451,0.1594889415218334,0.1678620275544584,0.1635253694499116,0.1614237582146312,0.1726323514694599,0.16439270107082096,0.16291823731527502,0.0045310845987000005
2000-04-10,0.1577542782800147,0.1612903225806451,0.1594889415218334,0.1678620275544584,0.1635253694499116,0.1614237582146312,0.16342529272442205,0.16247567579588795,0.005175005081539343
2000-04-12,0.15732061246956,0.1577542782800147,0.1612903225806451,0.1594889415218334,0.1678620275544584,0.1635253694499116,0.16123790143872205,0.16220213274621653,0.0036443676037128435
2000-05-01,0.1638255996263802,0.15732061246956,0.1577542782800147,0.1612903225806451,0.1594889415218334,0.1678620275544584,0.1615810216404005,0.16192525380569547,0.0037754913641717667
2000-05-04,0.164392701070821,0.1638255996263802,0.15732061246956,0.1577542782800147,0.1612903225806451,0.1594889415218334,0.16170492615767326,0.16212095940220833,0.0038631506303126477
2000-05-05,0.1640257530773593,0.164392701070821,0.1638255996263802,0.15732061246956,0.1577542782800147,0.1612903225806451,0.1611568869466591,0.16219101311005105,0.0030253789817168823
2000-05-06,0.165693698502185,0.1640257530773593,0.164392701070821,0.1638255996263802,0.15732061246956,0.1577542782800147,0.16204328080099503,0.16233000856211982,0.0033470949242893648
2000-05-07,0.168095539913934,0.165693698502185,0.1640257530773593,0.164392701070821,0.1638255996263802,0.15732061246956,0.1630154547057506,0.16280481702638688,0.00401383661381022
2000-05-09,0.1601894786002602,0.168095539913934,0.165693698502185,0.1640257530773593,0.164392701070821,0.1638255996263802,0.16336334046578568,0.16293380480590672,0.003561935293863504
2000-05-10,0.1571204590185809,0.1601894786002602,0.168095539913934,0.165693698502185,0.1640257530773593,0.164392701070821,0.1633347471156458,0.1625957678664754,0.0036188760293724915
2000-05-12,0.157387330286553,0.1571204590185809,0.1601894786002602,0.168095539913934,0.165693698502185,0.1640257530773593,0.16241499435281334,0.1621709977649531,0.004238450916594905
2000-06-01,0.1631250625479534,0.157387330286553,0.1571204590185809,0.1601894786002602,0.168095539913934,0.165693698502185,0.16223390313526082,0.1622588428906606,0.004166335556378791
2000-06-03,0.169396537345298,0.1631250625479534,0.157387330286553,0.1571204590185809,0.1601894786002602,0.168095539913934,0.16300115803068066,0.16241896565144387,0.00496860063968491
2000-06-04,0.1630917036394569,0.169396537345298,0.1631250625479534,0.157387330286553,0.1571204590185809,0.1601894786002602,0.16262944447886232,0.16245788437802314,0.004828960921088531
2000-06-06,0.1691296660773259,0.1630917036394569,0.169396537345298,0.1631250625479534,0.157387330286553,0.1571204590185809,0.16277717678791834,0.16279814524468758,0.0050354590843710734
2000-06-07,0.1667945424825699,0.1691296660773259,0.1630917036394569,0.169396537345298,0.1631250625479534,0.157387330286553,0.16372075734253402,0.16324404265492432,0.005088315446770761
2000-06-09,0.1596223771558194,0.1667945424825699,0.1691296660773259,0.1630917036394569,0.169396537345298,0.1631250625479534,0.16407817421928234,0.16300163458651631,0.004613102335346303
2000-06-10,0.1568535877506088,0.1596223771558194,0.1667945424825699,0.1691296660773259,0.1630917036394569,0.169396537345298,0.16400192528557606,0.16259020804839264,0.004744660837022042
2000-06-11,0.1539847216199086,0.1568535877506088,0.1596223771558194,0.1667945424825699,0.1691296660773259,0.1630917036394569,0.16269616229585535,0.16232778463488673,0.006092498131196096
2000-06-12,0.1579210728224973,0.1539847216199086,0.1568535877506088,0.1596223771558194,0.1667945424825699,0.1691296660773259,0.16105681022116955,0.16223882754556268,0.005504624237458461
2000-07-01,0.1649264436067652,0.1579210728224973,0.1539847216199086,0.1568535877506088,0.1596223771558194,0.1667945424825699,0.161318915930785,0.1621153995841256,0.005659176964125474
2000-07-02,0.1853420956066317,0.1649264436067652,0.1579210728224973,0.1539847216199086,0.1568535877506088,0.1596223771558194,0.1636349772921144,0.16294270051483914,0.010572874615007218
2000-07-03,0.1700303566067318,0.1853420956066317,0.1649264436067652,0.1579210728224973,0.1539847216199086,0.1568535877506088,0.16409723645270896,0.16333522367148146,0.010802286065244191
2000-07-04,0.1636254461754011,0.1700303566067318,0.1853420956066317,0.1649264436067652,0.1579210728224973,0.1539847216199086,0.16466910345550637,0.1636799323926121,0.010630500949851834
2000-07-06,0.1662607999466258,0.1636254461754011,0.1700303566067318,0.1853420956066317,0.1649264436067652,0.1579210728224973,0.16601299091208022,0.16373775450067274,0.010056956797689913
2000-07-07,0.1654268272342129,0.1662607999466258,0.1636254461754011,0.1700303566067318,0.1853420956066317,0.1649264436067652,0.16764757742840938,0.16349757035949783,0.008600537718851513
2000-07-08,0.1589885578943857,0.1654268272342129,0.1662607999466258,0.1636254461754011,0.1700303566067318,0.1853420956066317,0.167800075295822,0.16341639701548963,0.008406608834374933
2000-07-09,0.1586549688094206,0.1589885578943857,0.1654268272342129,0.1662607999466258,0.1636254461754011,0.1700303566067318,0.16690415032477282,0.16325405032747325,0.009071777437490363
2000-07-11,0.1538512859859225,0.1586549688094206,0.1589885578943857,0.1654268272342129,0.1662607999466258,0.1636254461754011,0.16240546323610006,0.16278702560852207,0.0055156597947898746
2000-07-12,0.1594555826133369,0.1538512859859225,0.1586549688094206,0.1589885578943857,0.1654268272342129,0.1662607999466258,0.16089478123704362,0.16278591364490552,0.004418195217700844
2000-08-02,0.1743670147112787,0.1594555826133369,0.1538512859859225,0.1586549688094206,0.1589885578943857,0.1654268272342129,0.1624292910278833,0.16322180338259332,0.006766143603532627
2000-08-03,0.1709977649531307,0.1743670147112787,0.1594555826133369,0.1538512859859225,0.1586549688094206,0.1589885578943857,0.16310600031452685,0.16366325293836384,0.0074186356807771124
2000-08-05,0.162124295293058,0.1709977649531307,0.1743670147112787,0.1594555826133369,0.1538512859859225,0.1586549688094206,0.16263421003721903,0.16382337569914712,0.007351148854456831
2000-08-06,0.1673616439270107,0.162124295293058,0.1709977649531307,0.1743670147112787,0.1594555826133369,0.1538512859859225,0.16383036518473684,0.16394124384250147,0.007340284719268716
2000-08-08,0.1589218400773926,0.1673616439270107,0.162124295293058,0.1709977649531307,0.1743670147112787,0.1594555826133369,0.16386848965159,0.1637588818093872,0.007309553056589275
2000-08-09,0.158688327717917,0.1589218400773926,0.1673616439270107,0.162124295293058,0.1709977649531307,0.1743670147112787,0.16455949561330355,0.16358096763073912,0.006373443326652628
2000-08-11,0.1529172365480202,0.158688327717917,0.1589218400773926,0.1673616439270107,0.162124295293058,0.1709977649531307,0.16362544617540115,0.16315508556560027,0.00760602621602468
2000-08-12,0.1588217633519031,0.1529172365480202,0.158688327717917,0.1589218400773926,0.1673616439270107,0.162124295293058,0.1614046959812046,0.16284595968019924,0.006059177101385796
2000-09-02,0.1826066651099176,0.1588217633519031,0.1529172365480202,0.158688327717917,0.1589218400773926,0.1673616439270107,0.16306311028931703,0.16359319923052115,0.009648194299013268
2000-09-03,0.1705307402341795,0.1826066651099176,0.1588217633519031,0.1529172365480202,0.158688327717917,0.1589218400773926,0.16426403099519152,0.16404020860437446,0.0100275833661681
2000-09-05,0.1610568102211695,0.1705307402341795,0.1826066651099176,0.1588217633519031,0.1529172365480202,0.158688327717917,0.16336334046578566,0.16416252460219502,0.00998604796872709
2000-09-06,0.1664609533976048,0.1610568102211695,0.1705307402341795,0.1826066651099176,0.1588217633519031,0.1529172365480202,0.16444035665438736,0.16427372096385004,0.009832560342081393
2000-09-08,0.1581879440904693,0.1664609533976048,0.1610568102211695,0.1705307402341795,0.1826066651099176,0.1588217633519031,0.16436887327903774,0.16390010118868908,0.009883036933358914
2000-09-10,0.1568535877506088,0.1581879440904693,0.1664609533976048,0.1610568102211695,0.1705307402341795,0.1826066651099176,0.1649312091651218,0.16369216399239414,0.009212061797538437
2000-09-11,0.1532841845414818,0.1568535877506088,0.1581879440904693,0.1664609533976048,0.1610568102211695,0.1705307402341795,0.16414012647791876,0.1631639812745327,0.010025963520472459
2000-10-01,0.1645928545218,0.1532841845414818,0.1568535877506088,0.1581879440904693,0.1664609533976048,0.1610568102211695,0.16156672496533053,0.16309059167584034,0.005999372374155847
2000-10-02,0.1828735363778897,0.1645928545218,0.1532841845414818,0.1568535877506088,0.1581879440904693,0.1664609533976048,0.16332998155728912,0.16386563031657603,0.009728120231827366
2000-10-03,0.170363945691697,0.1828735363778897,0.1645928545218,0.1532841845414818,0.1568535877506088,0.1581879440904693,0.16465957233879305,0.16431597558127897,0.009997938132987792
2000-10-04,0.1650265203322547,0.170363945691697,0.1828735363778897,0.1645928545218,0.1532841845414818,0.1568535877506088,0.16445465332945733,0.16468403553835717,0.009969523024150953
2000-10-05,0.1619241418420789,0.1650265203322547,0.170363945691697,0.1828735363778897,0.1645928545218,0.1532841845414818,0.16498839586540154,0.16481747117234322,0.009673727409961695
2000-10-07,0.1662607999466258,0.1619241418420789,0.1650265203322547,0.170363945691697,0.1828735363778897,0.1645928545218,0.16633228332197542,0.16486194971700524,0.008984131256678301
2000-10-08,0.1583213797244554,0.1662607999466258,0.1619241418420789,0.1650265203322547,0.170363945691697,0.1828735363778897,0.16705188263382878,0.16396125918759935,0.007901314438109376
2000-10-10,0.1571871768355739,0.1583213797244554,0.1662607999466258,0.1619241418420789,0.1650265203322547,0.170363945691697,0.16599392867865362,0.16353315319522743,0.008737041397890567
2000-10-11,0.1534176201754679,0.1571871768355739,0.1583213797244554,0.1662607999466258,0.1619241418420789,0.1650265203322547,0.16178594064973623,0.163192892328563,0.005878032423882384
2000-11-01,0.1650265203322547,0.1534176201754679,0.1571871768355739,0.1583213797244554,0.1662607999466258,0.1619241418420789,0.16102345131267307,0.16315174967475063,0.004833167479548101
2000-11-02,0.1845414818027154,0.1650265203322547,0.1534176201754679,0.1571871768355739,0.1583213797244554,0.1662607999466258,0.16381130295131027,0.16378890482703404,0.010188436472736009
2000-11-04,0.1651933148747373,0.1845414818027154,0.1650265203322547,0.1534176201754679,0.1571871768355739,0.1583213797244554,0.1642783276702615,0.16399573005971244,0.010162408030263536
2000-11-05,0.1613570403976382,0.1651933148747373,0.1845414818027154,0.1650265203322547,0.1534176201754679,0.1571871768355739,0.1635777905918347,0.16408579911265303,0.010171985052553756
2000-11-07,0.1654268272342129,0.1613570403976382,0.1651933148747373,0.1845414818027154,0.1650265203322547,0.1534176201754679,0.16459285452180006,0.16447165048759604,0.009911208110694784
2000-11-08,0.1586549688094206,0.1654268272342129,0.1613570403976382,0.1651933148747373,0.1845414818027154,0.1650265203322547,0.16480253908949244,0.1644449633607988,0.009742509333641316
2000-11-09,0.158554892083931,0.1586549688094206,0.1654268272342129,0.1613570403976382,0.1651933148747373,0.1845414818027154,0.16553643507641572,0.1639178926065539,0.008898927087823286
2000-11-10,0.158688327717917,0.158554892083931,0.1586549688094206,0.1654268272342129,0.1613570403976382,0.1651933148747373,0.16463097898865317,0.16350757803204677,0.009274005123152084
2000-11-12,0.15732061246956,0.158688327717917,0.158554892083931,0.1586549688094206,0.1654268272342129,0.1613570403976382,0.160742283369631,0.16334745527126351,0.0033467070173116846
2000-12-01,0.1650265203322547,0.15732061246956,0.158688327717917,0.158554892083931,0.1586549688094206,0.1654268272342129,0.16071845557784778,0.16326961781810498,0.0033101288420335166
2000-12-04,0.1637922407178837,0.1650265203322547,0.15732061246956,0.158688327717917,0.158554892083931,0.1586549688094206,0.16106634133788283,0.16343196450612135,0.0035103397439082244
2000-12-05,0.1612903225806451,0.1637922407178837,0.1650265203322547,0.15732061246956,0.158688327717917,0.158554892083931,0.1604754121016589,0.16351869766821228,0.0029587964759174423
2000-12-06,0.1665943890315909,0.1612903225806451,0.1637922407178837,0.1650265203322547,0.15732061246956,0.158688327717917,0.16160961499054036,0.16397460275099798,0.0035974484256710514
2000-12-07,0.1634920105414151,0.1665943890315909,0.1612903225806451,0.1637922407178837,0.1650265203322547,0.15732061246956,0.16231491762732378,0.16413027765731503,0.0033758882623639757
2000-12-09,0.1599559662407846,0.1634920105414151,0.1665943890315909,0.1612903225806451,0.1637922407178837,0.1650265203322547,0.1624960088448763,0.1633752543616773,0.003177070674623742
2000-12-10,0.1595223004303299,0.1599559662407846,0.1634920105414151,0.1665943890315909,0.1612903225806451,0.1637922407178837,0.16281053569641488,0.16300830636821562,0.002643494925916088
2000-12-12,0.1573539713780565,0.1595223004303299,0.1599559662407846,0.1634920105414151,0.1665943890315909,0.1612903225806451,0.16171445727438652,0.1628848784067785,0.0031193531232052477
2001-01-02,0.1552857190512726,0.1573539713780565,0.1595223004303299,0.1599559662407846,0.1634920105414151,0.1665943890315909,0.1604992398934421,0.16251237059523413,0.0037651118081250567
2001-01-03,0.1544183874303633,0.1552857190512726,0.1573539713780565,0.1595223004303299,0.1599559662407846,0.1634920105414151,0.15951753487197326,0.1623867187065639,0.004371520391152721
2001-01-05,0.1528505187310271,0.1544183874303633,0.1552857190512726,0.1573539713780565,0.1595223004303299,0.1599559662407846,0.15755412482903558,0.16225328307257786,0.0036978266056279753
2001-01-06,0.1537845681689295,0.1528505187310271,0.1544183874303633,0.1552857190512726,0.1573539713780565,0.1595223004303299,0.15616734734725193,0.1622699625268261,0.002814620691565099
2001-01-08,0.1550855656002935,0.1537845681689295,0.1528505187310271,0.1544183874303633,0.1552857190512726,0.1573539713780565,0.15547157582718177,0.16195305289610923,0.002271580594906879
2001-01-10,0.1705974580511726,0.1550855656002935,0.1537845681689295,0.1528505187310271,0.1544183874303633,0.1552857190512726,0.15705374120158785,0.16154385028521867,0.0061348958526159765
2001-01-11,0.1639256763518697,0.1705974580511726,0.1550855656002935,0.1537845681689295,0.1528505187310271,0.1544183874303633,0.15799255619784688,0.1613292413072244,0.006668150944415922
2001-02-01,0.1575874837375321,0.1639256763518697,0.1705974580511726,0.1550855656002935,0.1537845681689295,0.1528505187310271,0.1583213797244554,0.16108127342073367,0.006568430356429226
2001-02-02,0.1546518997898389,0.1575874837375321,0.1639256763518697,0.1705974580511726,0.1550855656002935,0.1537845681689295,0.15835473863295188,0.16083886535232567,0.006545858850053524
2001-02-03,0.1522500583780899,0.1546518997898389,0.1575874837375321,0.1639256763518697,0.1705974580511726,0.1550855656002935,0.15826895858253232,0.16037184063337448,0.006633359948961894
2001-02-04,0.1474797344630883,0.1522500583780899,0.1546518997898389,0.1575874837375321,0.1639256763518697,0.1705974580511726,0.1573682680531264,0.16001045245799558,0.007687952490581064
2001-02-05,0.1528171598225306,0.1474797344630883,0.1522500583780899,0.1546518997898389,0.1575874837375321,0.1639256763518697,0.15704421008487457,0.15986478522422745,0.007846383898071569
2001-02-07,0.1557527437702238,0.1528171598225306,0.1474797344630883,0.1522500583780899,0.1546518997898389,0.1575874837375321,0.15492353661616762,0.15994262267738601,0.005097237891499816
2001-02-08,0.1548520532408179,0.1557527437702238,0.1528171598225306,0.1474797344630883,0.1522500583780899,0.1546518997898389,0.15362730474316022,0.1596034737743381,0.0032428401982130066
2001-02-10,0.1712979951295993,0.1548520532408179,0.1557527437702238,0.1528171598225306,0.1474797344630883,0.1522500583780899,0.15558594922774124,0.15916202421856757,0.007447732751806286
2001-02-11,0.1634586516329185,0.1712979951295993,0.1548520532408179,0.1557527437702238,0.1528171598225306,0.1474797344630883,0.15684405663389547,0.15910420211050694,0.007987902248025652
2001-03-01,0.1549521299663075,0.1634586516329185,0.1712979951295993,0.1548520532408179,0.1557527437702238,0.1528171598225306,0.1572300668607837,0.1588907050961292,0.007791780211847543
2001-03-04,0.1482469893585082,0.1549521299663075,0.1634586516329185,0.1712979951295993,0.1548520532408179,0.1557527437702238,0.15733967470298654,0.15831804383360573,0.007635592485320179
2001-03-05,0.1544517463388597,0.1482469893585082,0.1549521299663075,0.1634586516329185,0.1712979951295993,0.1548520532408179,0.15757318706246215,0.15817793641792038,0.007497987828405015
2001-03-07,0.1558528204957134,0.1544517463388597,0.1482469893585082,0.1549521299663075,0.1634586516329185,0.1712979951295993,0.1575874837375321,0.15808786736497982,0.0074940325751979
2001-03-08,0.1554191546852587,0.1558528204957134,0.1544517463388597,0.1482469893585082,0.1549521299663075,0.1634586516329185,0.15766849822959503,0.15797889493055786,0.007462531662354649
2001-03-09,0.1590886346198752,0.1554191546852587,0.1558528204957134,0.1544517463388597,0.1482469893585082,0.1549521299663075,0.155924303871063,0.15803782900223504,0.004638505089057649
2001-03-10,0.1702638689662075,0.1590886346198752,0.1554191546852587,0.1558528204957134,0.1544517463388597,0.1482469893585082,0.15689647777581858,0.15821240729003344,0.006724770788918978
2001-03-12,0.1610901691296661,0.1702638689662075,0.1590886346198752,0.1554191546852587,0.1558528204957134,0.1544517463388597,0.15777334051344125,0.15812233823709285,0.0068283672270361044
2001-04-01,0.154918771057811,0.1610901691296661,0.1702638689662075,0.1590886346198752,0.1554191546852587,0.1558528204957134,0.15872645218477022,0.15790995318633172,0.005639116972353816
2001-04-04,0.1498148580578443,0.154918771057811,0.1610901691296661,0.1702638689662075,0.1590886346198752,0.1554191546852587,0.15806403957319662,0.15735063548720685,0.006440363704863287
2001-04-05,0.1545851819728458,0.1498148580578443,0.154918771057811,0.1610901691296661,0.1702638689662075,0.1590886346198752,0.15788294835564406,0.15705374120158788,0.0065300983925319555
2001-04-06,0.1545184641558528,0.1545851819728458,0.1498148580578443,0.154918771057811,0.1610901691296661,0.1702638689662075,0.15775427828001468,0.15687249113209012,0.006595284841697715
2001-04-07,0.1552523601427761,0.1545184641558528,0.1545851819728458,0.1498148580578443,0.154918771057811,0.1610901691296661,0.15720623906900053,0.15673015978917168,0.006625246555724222
2001-04-09,0.1583880975414484,0.1552523601427761,0.1545184641558528,0.1545851819728458,0.1498148580578443,0.154918771057811,0.15550970029403494,0.15676463066128474,0.0035145112452166683
2001-04-10,0.17043066350869,0.1583880975414484,0.1552523601427761,0.1545184641558528,0.1545851819728458,0.1498148580578443,0.1568440566338955,0.15726946214319865,0.006495391939574004
2001-04-12,0.1612569636721487,0.17043066350869,0.1583880975414484,0.1552523601427761,0.1545184641558528,0.1545851819728458,0.157749512721658,0.1574974146845915,0.00662279859755715
2001-05-01,0.15511892450879,0.1612569636721487,0.17043066350869,0.1583880975414484,0.1552523601427761,0.1545184641558528,0.15850723650036455,0.1575730282105169,0.005818232836248711
2001-05-02,0.153817927077426,0.15511892450879,0.1612569636721487,0.17043066350869,0.1583880975414484,0.1552523601427761,0.1583976286581617,0.1575741401741335,0.005910922291466571
2001-05-03,0.1518497514761317,0.153817927077426,0.15511892450879,0.1612569636721487,0.17043066350869,0.1583880975414484,0.1580163839896301,0.15746627970332808,0.006277517554582174
2001-05-04,0.1489141675284385,0.1518497514761317,0.153817927077426,0.15511892450879,0.1612569636721487,0.17043066350869,0.15711092790186762,0.15674350335257028,0.007140435578227021
2001-05-06,0.1539847216199086,0.1489141675284385,0.1518497514761317,0.153817927077426,0.15511892450879,0.1612569636721487,0.1564818741987905,0.15641213819483823,0.007202857823813903
2001-05-07,0.1543850285218668,0.1539847216199086,0.1489141675284385,0.1518497514761317,0.153817927077426,0.15511892450879,0.1541896406292443,0.1563053896876494,0.00374910345726872
2001-05-09,0.1577209193715181,0.1543850285218668,0.1539847216199086,0.1489141675284385,0.1518497514761317,0.153817927077426,0.15368449144343996,0.15640769034037205,0.002740781672663727
2001-05-10,0.1709977649531307,0.1577209193715181,0.1543850285218668,0.1539847216199086,0.1489141675284385,0.1518497514761317,0.15595289722120292,0.1570326138928734,0.007150098985999564
2001-05-11,0.1623578076525336,0.1709977649531307,0.1577209193715181,0.1543850285218668,0.1539847216199086,0.1489141675284385,0.15717288016050399,0.1575285496658549,0.007447480161893852
2001-05-12,0.1601894786002602,0.1623578076525336,0.1709977649531307,0.1577209193715181,0.1543850285218668,0.1539847216199086,0.15836426974966522,0.15777429362511258,0.007113579357527496
2001-06-02,0.1519831871101177,0.1601894786002602,0.1623578076525336,0.1709977649531307,0.1577209193715181,0.1543850285218668,0.15880270111847652,0.15764864173644236,0.006502387982631824
2001-06-03,0.151416085665677,0.1519831871101177,0.1601894786002602,0.1623578076525336,0.1709977649531307,0.1577209193715181,0.15843575312501487,0.15753410948393767,0.0068810476727702565
2001-06-04,0.1493811922473897,0.151416085665677,0.1519831871101177,0.1601894786002602,0.1623578076525336,0.1709977649531307,0.15772091937151814,0.156803549387864,0.007594874305079247
2001-06-06,0.1538512859859225,0.1493811922473897,0.151416085665677,0.1519831871101177,0.1601894786002602,0.1623578076525336,0.15716811460214733,0.1564833038662975,0.007734420954488173
2001-06-07,0.1535844147179504,0.1538512859859225,0.1493811922473897,0.151416085665677,0.1519831871101177,0.1601894786002602,0.15468049313997873,0.1564377133580189,0.004781796337214228
2001-06-08,0.154985488874804,0.1535844147179504,0.1538512859859225,0.1493811922473897,0.151416085665677,0.1519831871101177,0.15362730474316022,0.1566623300085621,0.00342979301957579
2001-06-09,0.1582213029989659,0.154985488874804,0.1535844147179504,0.1538512859859225,0.1493811922473897,0.151416085665677,0.15334613680011816,0.1567879818972323,0.0028304942825402852
2001-06-11,0.1628248323714848,0.1582213029989659,0.154985488874804,0.1535844147179504,0.1538512859859225,0.1493811922473897,0.15489494326602776,0.15702038229309137,0.004458449186586549
2001-06-12,0.1598892484237916,0.1628248323714848,0.1582213029989659,0.154985488874804,0.1535844147179504,0.1538512859859225,0.15610539508861554,0.1571693854177091,0.004506493341057324
2001-07-02,0.1522834172865864,0.1598892484237916,0.1628248323714848,0.1582213029989659,0.154985488874804,0.1535844147179504,0.15651999866564364,0.1569425448399328,0.003873848882455935
2001-07-03,0.1506154718617606,0.1522834172865864,0.1598892484237916,0.1628248323714848,0.1582213029989659,0.154985488874804,0.15605773950504911,0.1562875982697846,0.004402382984903733
2001-07-06,0.1542515928878807,0.1506154718617606,0.1522834172865864,0.1598892484237916,0.1628248323714848,0.1582213029989659,0.15615305067218202,0.15605964572839173,0.0043467822628696804
2001-07-08,0.1544851052473563,0.1542515928878807,0.1506154718617606,0.1522834172865864,0.1598892484237916,0.1628248323714848,0.1560815672968323,0.1560451902013766,0.004373217132417712
2001-07-09,0.1592554291623578,0.1544851052473563,0.1542515928878807,0.1506154718617606,0.1522834172865864,0.1598892484237916,0.1562292996058883,0.15635987590486036,0.004473855997982632
2001-07-11,0.1637255229008907,0.1592554291623578,0.1544851052473563,0.1542515928878807,0.1506154718617606,0.1522834172865864,0.15635796968151774,0.1566645539357952,0.004702282145441985
2001-07-12,0.1595890182473229,0.1637255229008907,0.1592554291623578,0.1544851052473563,0.1542515928878807,0.1506154718617606,0.15631507965630792,0.15683357240551088,0.004665933501654544
2001-08-01,0.1557193848617273,0.1595890182473229,0.1637255229008907,0.1592554291623578,0.1544851052473563,0.1542515928878807,0.15680593216704233,0.15684913989614258,0.004340499398398389
2001-08-02,0.1521499816526003,0.1557193848617273,0.1595890182473229,0.1637255229008907,0.1592554291623578,0.1544851052473563,0.157025147851448,0.15664120269984766,0.0040012351833032195
2001-08-03,0.1526170063715515,0.1521499816526003,0.1557193848617273,0.1595890182473229,0.1637255229008907,0.1592554291623578,0.15679163549197242,0.1560474141286097,0.004231168198998138
2001-08-05,0.1536511325349434,0.1526170063715515,0.1521499816526003,0.1557193848617273,0.1595890182473229,0.1637255229008907,0.1566724965330563,0.15579388642403616,0.004317793116518659
2001-08-06,0.1548520532408179,0.1536511325349434,0.1526170063715515,0.1521499816526003,0.1557193848617273,0.1595890182473229,0.15604344282997912,0.1557849907151038,0.004197867261391756
2001-08-08,0.1544517463388597,0.1548520532408179,0.1536511325349434,0.1526170063715515,0.1521499816526003,0.1557193848617273,0.15471861760683184,0.15580611802381825,0.0024821209904135233
2001-08-10,0.1714314307635854,0.1544517463388597,0.1548520532408179,0.1536511325349434,0.1526170063715515,0.1521499816526003,0.1564103908234408,0.15645884066673338,0.006739537478751028
2001-08-11,0.1634920105414151,0.1714314307635854,0.1544517463388597,0.1548520532408179,0.1536511325349434,0.1526170063715515,0.15752076592053904,0.15694476876716593,0.007229217467587548
2001-09-01,0.1548520532408179,0.1634920105414151,0.1714314307635854,0.1544517463388597,0.1548520532408179,0.1536511325349434,0.15790677614742726,0.15697367982119623,0.0069618386892325535
2001-09-02,0.1501150882343129,0.1548520532408179,0.1634920105414151,0.1714314307635854,0.1544517463388597,0.1548520532408179,0.1575493592706789,0.15683134847827776,0.007333004114918609
2001-09-03,0.1567201521166227,0.1501150882343129,0.1548520532408179,0.1634920105414151,0.1714314307635854,0.1544517463388597,0.15798779063949023,0.15679798956978128,0.0071505658804218025
2001-09-04,0.1495146278813757,0.1567201521166227,0.1501150882343129,0.1548520532408179,0.1634920105414151,0.1714314307635854,0.15722530130242704,0.15608188500072276,0.007796104397172003
2001-09-05,0.1554191546852587,0.1495146278813757,0.1567201521166227,0.1501150882343129,0.1548520532408179,0.1634920105414151,0.15736350249476977,0.15585059656848027,0.0077471642565678425
2001-09-07,0.1542515928878807,0.1554191546852587,0.1495146278813757,0.1567201521166227,0.1501150882343129,0.1548520532408179,0.15490923994109768,0.1556526670447343,0.004649818400716216
2001-09-08,0.1568535877506088,0.1542515928878807,0.1554191546852587,0.1495146278813757,0.1567201521166227,0.1501150882343129,0.15396089382812536,0.15581501373275064,0.0029873589711363765
2001-09-10,0.1701971511492144,0.1568535877506088,0.1542515928878807,0.1554191546852587,0.1495146278813757,0.1567201521166227,0.156153050672182,0.15644104924886856,0.006864509050541237
2001-09-11,0.1616239116656103,0.1701971511492144,0.1568535877506088,0.1542515928878807,0.1554191546852587,0.1495146278813757,0.15779716830522444,0.15684913989614258,0.006548287016453524
2001-10-01,0.1543850285218668,0.1616239116656103,0.1701971511492144,0.1568535877506088,0.1542515928878807,0.1554191546852587,0.15746357922025936,0.1568669313140074,0.006670633895247209
2001-10-04,0.1479467591820396,0.1543850285218668,0.1616239116656103,0.1701971511492144,0.1568535877506088,0.1542515928878807,0.15723959797749704,0.15667900946281038,0.007000202407296032
2001-10-05,0.1558194615872168,0.1479467591820396,0.1543850285218668,0.1616239116656103,0.1701971511492144,0.1568535877506088,0.15729678467777677,0.1567068085532241,0.0069844694837260185
2001-10-07,0.1551522834172866,0.1558194615872168,0.1479467591820396,0.1543850285218668,0.1616239116656103,0.1701971511492144,0.1574254547534062,0.15660450790050148,0.006927080728501457
2001-10-08,0.1607232211362044,0.1551522834172866,0.1558194615872168,0.1479467591820396,0.1543850285218668,0.1616239116656103,0.157978259522777,0.1565344541926588,0.00702751454368726
2001-10-09,0.1578543550055042,0.1607232211362044,0.1551522834172866,0.1558194615872168,0.1479467591820396,0.1543850285218668,0.1562150029308184,0.1564666244120492,0.004569213773680981
2001-10-10,0.1682956933649131,0.1578543550055042,0.1607232211362044,0.1551522834172866,0.1558194615872168,0.1479467591820396,0.15716811460214736,0.15700036694799344,0.006266233873103006
2001-10-12,0.158621609900924,0.1682956933649131,0.1578543550055042,0.1607232211362044,0.1551522834172866,0.1558194615872168,0.15777334051344122,0.15726723821596555,0.006156258513929158
2001-11-01,0.1529505954565166,0.158621609900924,0.1682956933649131,0.1578543550055042,0.1607232211362044,0.1551522834172866,0.15848817426693795,0.15722387163492008,0.005008615435717263
2001-11-04,0.1486472962604663,0.1529505954565166,0.158621609900924,0.1682956933649131,0.1578543550055042,0.1607232211362044,0.1574635792202593,0.15702927800202374,0.006230163975918888
2001-11-05,0.156219768489175,0.1486472962604663,0.1529505954565166,0.158621609900924,0.1682956933649131,0.1578543550055042,0.15761607708767195,0.15692808931291768,0.006176998281932599
2001-11-06,0.1558528204957134,0.156219768489175,0.1486472962604663,0.1529505954565166,0.158621609900924,0.1682956933649131,0.1569203055676018,0.15666566589941175,0.006041493886224826
2001-11-07,0.1552190012342796,0.1558528204957134,0.156219768489175,0.1486472962604663,0.1529505954565166,0.158621609900924,0.15654382645742684,0.15651999866564364,0.006055682217321402
2001-11-09,0.1681956166394235,0.1552190012342796,0.1558528204957134,0.156219768489175,0.1486472962604663,0.1529505954565166,0.15652952978235687,0.15693587305823353,0.006023345285535172
2001-11-10,0.1647596490642826,0.1681956166394235,0.1552190012342796,0.1558528204957134,0.156219768489175,0.1486472962604663,0.15740639251997957,0.1573561953052896,0.0067781508899365525
2001-11-12,0.1583213797244554,0.1647596490642826,0.1681956166394235,0.1552190012342796,0.1558528204957134,0.156219768489175,0.15817364741539938,0.15754634108371973,0.006487453153488717
2001-12-01,0.152650365280048,0.1583213797244554,0.1647596490642826,0.1681956166394235,0.1552190012342796,0.1558528204957134,0.1587455144181968,0.1575129821752232,0.005627141764840126
2001-12-02,0.1509157020382293,0.152650365280048,0.1583213797244554,0.1647596490642826,0.1681956166394235,0.1552190012342796,0.15798779063949023,0.15738177046847027,0.006336348827511528
2001-12-03,0.1585215331754345,0.1509157020382293,0.152650365280048,0.1583213797244554,0.1647596490642826,0.1681956166394235,0.15836903530802182,0.15751743002968943,0.006266381862530617
2001-12-04,0.1496814224238583,0.1585215331754345,0.1509157020382293,0.152650365280048,0.1583213797244554,0.1647596490642826,0.15757795262081878,0.1567924297516985,0.00703297554519313
2001-12-06,0.1567868699336158,0.1496814224238583,0.1585215331754345,0.1509157020382293,0.152650365280048,0.1583213797244554,0.15594813166284624,0.15656892506477188,0.005261072106145645
2001-12-07,0.1543850285218668,0.1567868699336158,0.1496814224238583,0.1585215331754345,0.1509157020382293,0.152650365280048,0.15446604301392972,0.15655335757414016,0.003547243610823291
2001-12-09,0.1628581912799813,0.1543850285218668,0.1567868699336158,0.1496814224238583,0.1585215331754345,0.1509157020382293,0.15511415895043343,0.15697812767566247,0.0046209987178996645
2001-12-10,0.1647262901557861,0.1628581912799813,0.1543850285218668,0.1567868699336158,0.1496814224238583,0.1585215331754345,0.15683929107553887,0.15724499894363453,0.005680551558023634
2001-12-11,0.1635253694499116,0.1647262901557861,0.1628581912799813,0.1543850285218668,0.1567868699336158,0.1496814224238583,0.15864067213435065,0.15771202366258574,0.005485008613366197
2001-12-12,0.1591887113453647,0.1635253694499116,0.1647262901557861,0.1628581912799813,0.1543850285218668,0.1567868699336158,0.1587359833014835,0.15783767555125597,0.005488388960454378
2002-01-02,0.1661273643126397,0.1591887113453647,0.1635253694499116,0.1647262901557861,0.1628581912799813,0.1543850285218668,0.16108540357130943,0.15823353459874792,0.004373089899659579
2002-01-03,0.1737999132668379,0.1661273643126397,0.1591887113453647,0.1635253694499116,0.1647262901557861,0.1628581912799813,0.1635158383331983,0.15879841211595555,0.006007991415103922
2002-01-05,0.182439870567435,0.1737999132668379,0.1661273643126397,0.1591887113453647,0.1635253694499116,0.1647262901557861,0.16752367291113662,0.15920650276322956,0.007946528667985744
2002-01-07,0.1849417887046736,0.182439870567435,0.1737999132668379,0.1661273643126397,0.1591887113453647,0.1635253694499116,0.1706784725432355,0.15998376533119835,0.009923361503226666
2002-01-08,0.1783700837308603,0.1849417887046736,0.182439870567435,0.1737999132668379,0.1661273643126397,0.1591887113453647,0.17262758591110328,0.16078326717149813,0.00989930745208029
2002-01-10,0.1913800580445008,0.1783700837308603,0.1849417887046736,0.182439870567435,0.1737999132668379,0.1661273643126397,0.17660682713890172,0.16223104380024683,0.011150052836566175
2002-01-11,0.1901124195216332,0.1913800580445008,0.1783700837308603,0.1849417887046736,0.182439870567435,0.1737999132668379,0.1810244997355115,0.16337414239806072,0.009021654681606586
2002-02-01,0.1624245254695266,0.1901124195216332,0.1913800580445008,0.1783700837308603,0.1849417887046736,0.182439870567435,0.1804955227579239,0.1636165504664687,0.010086436449948624
2002-02-04,0.1795376455282383,0.1624245254695266,0.1901124195216332,0.1913800580445008,0.1783700837308603,0.1849417887046736,0.18131519879526684,0.16424369794620317,0.009676435830061536
2002-02-05,0.1819394869399873,0.1795376455282383,0.1624245254695266,0.1901124195216332,0.1913800580445008,0.1783700837308603,0.18124371541991716,0.1650465356773526,0.009668587816753612
2002-02-07,0.1865096574040097,0.1819394869399873,0.1795376455282383,0.1624245254695266,0.1901124195216332,0.1913800580445008,0.18146769666267945,0.16565366781198917,0.00978598290074716
2002-02-08,0.1802381826066651,0.1865096574040097,0.1819394869399873,0.1795376455282383,0.1624245254695266,0.1901124195216332,0.1817345679306516,0.1663742202355139,0.0097126268762642
2002-02-09,0.1848750708876805,0.1802381826066651,0.1865096574040097,0.1819394869399873,0.1795376455282383,0.1624245254695266,0.1808052840511058,0.16743836941655268,0.008914342606257496
2002-02-10,0.1916802882209694,0.1848750708876805,0.1802381826066651,0.1865096574040097,0.1819394869399873,0.1795376455282383,0.18102926529386812,0.16887280248190278,0.009202217092078632
2002-02-12,0.1878440137438703,0.1916802882209694,0.1848750708876805,0.1802381826066651,0.1865096574040097,0.1819394869399873,0.1846606207616315,0.16992694399039263,0.004398523449808438
2002-03-01,0.1627247556459953,0.1878440137438703,0.1916802882209694,0.1848750708876805,0.1802381826066651,0.1865096574040097,0.18225877934988252,0.17015600849540205,0.009404231841659892
2002-03-04,0.1793708509857557,0.1627247556459953,0.1878440137438703,0.1916802882209694,0.1848750708876805,0.1802381826066651,0.18189183135642087,0.17096107015378456,0.009468659584598967
2002-03-05,0.1838409447242886,0.1793708509857557,0.1627247556459953,0.1878440137438703,0.1916802882209694,0.1848750708876805,0.18151058668788927,0.1714825810899467,0.009304034778955915
2002-03-07,0.1841078159922607,0.1838409447242886,0.1793708509857557,0.1627247556459953,0.1878440137438703,0.1916802882209694,0.18206339145726008,0.172127519987546,0.009330753945336088
2002-03-09,0.185875838142576,0.1841078159922607,0.1838409447242886,0.1793708509857557,0.1627247556459953,0.1878440137438703,0.18220635820795944,0.17304600193481667,0.00938850313944951
2002-03-10,0.1916135704039764,0.185875838142576,0.1841078159922607,0.1838409447242886,0.1793708509857557,0.1627247556459953,0.18219682709124616,0.17434477543894764,0.009377309517401549
2002-03-12,0.1900123427961437,0.1916135704039764,0.185875838142576,0.1841078159922607,0.1838409447242886,0.1793708509857557,0.18250658838442807,0.17564799679754475,0.009627421833349687
2002-04-01,0.1620242185675685,0.1900123427961437,0.1916135704039764,0.185875838142576,0.1841078159922607,0.1838409447242886,0.18240651165893848,0.17576475297728258,0.009867961342225362
2002-04-02,0.1684624879073956,0.1620242185675685,0.1900123427961437,0.1916135704039764,0.185875838142576,0.1841078159922607,0.18084817407631565,0.17639078849340048,0.011198821491723188
2002-04-03,0.1751342696066984,0.1684624879073956,0.1620242185675685,0.1900123427961437,0.1916135704039764,0.185875838142576,0.17960436334523133,0.17700236848250323,0.011294129662602695
2002-04-04,0.1780031357373986,0.1751342696066984,0.1684624879073956,0.1620242185675685,0.1900123427961437,0.1916135704039764,0.17873226616596533,0.17778963872302098,0.01112282307308975
2002-04-07,0.1839410214497782,0.1780031357373986,0.1751342696066984,0.1684624879073956,0.1620242185675685,0.1900123427961437,0.1784558637812799,0.17849239972868083,0.01093822717023007
2002-04-09,0.1855422490576108,0.1839410214497782,0.1780031357373986,0.1751342696066984,0.1684624879073956,0.1620242185675685,0.17758853216037054,0.17918626502540835,0.00991375009348623
2002-04-10,0.1904126496981019,0.1855422490576108,0.1839410214497782,0.1780031357373986,0.1751342696066984,0.1684624879073956,0.1776457188606503,0.18008250770034803,0.009998155439661245
2002-04-11,0.1885779097307936,0.1904126496981019,0.1855422490576108,0.1839410214497782,0.1780031357373986,0.1751342696066984,0.1814391033125396,0.181062147646529,0.0079007577673437
2002-04-12,0.1916135704039764,0.1885779097307936,0.1904126496981019,0.1855422490576108,0.1839410214497782,0.1780031357373986,0.18474640081205113,0.18191168784957354,0.006232863918500477
2002-05-02,0.1714981485805784,0.1916135704039764,0.1885779097307936,0.1904126496981019,0.1855422490576108,0.1839410214497782,0.18422695495117683,0.18183496236003158,0.007237931433570587
2002-05-03,0.1754011408746706,0.1714981485805784,0.1916135704039764,0.1885779097307936,0.1904126496981019,0.1855422490576108,0.18385524139935855,0.1816003380369394,0.007665048166596149
2002-05-04,0.1775361110184475,0.1754011408746706,0.1714981485805784,0.1916135704039764,0.1885779097307936,0.1904126496981019,0.18294025419488275,0.1813534821140652,0.008026844749971245
2002-05-06,0.1915468525869834,0.1775361110184475,0.1754011408746706,0.1714981485805784,0.1916135704039764,0.1885779097307936,0.1837980546990788,0.18179270774260264,0.008648061695384967
2002-05-07,0.1844080461687294,0.1915468525869834,0.1775361110184475,0.1754011408746706,0.1714981485805784,0.1916135704039764,0.18294025419488277,0.1815603073467436,0.008167030235241072
2002-05-08,0.1832071254628549,0.1844080461687294,0.1915468525869834,0.1775361110184475,0.1754011408746706,0.1714981485805784,0.18217299929946293,0.18133013087811767,0.0077928342831764955
2002-05-09,0.1885779097307936,0.1832071254628549,0.1844080461687294,0.1915468525869834,0.1775361110184475,0.1754011408746706,0.18173933348900825,0.18220191035349323,0.007245132039263714
2002-05-11,0.1892117289922273,0.1885779097307936,0.1832071254628549,0.1844080461687294,0.1915468525869834,0.1775361110184475,0.18426984497638665,0.18252437980229283,0.006070173488896611
2002-05-12,0.1918470827634519,0.1892117289922273,0.1885779097307936,0.1832071254628549,0.1844080461687294,0.1915468525869834,0.18661926524621258,0.18285463299640836,0.005183374510874445
2002-06-02,0.176535343763552,0.1918470827634519,0.1892117289922273,0.1885779097307936,0.1832071254628549,0.1844080461687294,0.18647629849551323,0.18252215587505974,0.005480920440040972
2002-06-03,0.1719985322080262,0.176535343763552,0.1918470827634519,0.1892117289922273,0.1885779097307936,0.1832071254628549,0.18368368129851934,0.1822475008617718,0.007182700924655379
2002-06-06,0.1929479267438369,0.1719985322080262,0.176535343763552,0.1918470827634519,0.1892117289922273,0.1885779097307936,0.1849036642378204,0.18251659605697698,0.008004479850255502
2002-06-08,0.1807052073256163,0.1929479267438369,0.1719985322080262,0.176535343763552,0.1918470827634519,0.1892117289922273,0.18454624736107203,0.1821507600271319,0.008147440854864133
2002-06-09,0.1897121126196751,0.1807052073256163,0.1929479267438369,0.1719985322080262,0.176535343763552,0.1918470827634519,0.18470827634519796,0.18221302998965871,0.008251594225418825
2002-06-11,0.188411115188311,0.1897121126196751,0.1807052073256163,0.1929479267438369,0.1719985322080262,0.176535343763552,0.18459390294463848,0.18306924197440255,0.008184041426220229
2002-06-12,0.1940487707242219,0.188411115188311,0.1897121126196751,0.1807052073256163,0.1929479267438369,0.1719985322080262,0.18490842979617708,0.18355850596568477,0.008543658678219844
2002-07-01,0.1625913200120092,0.1940487707242219,0.188411115188311,0.1897121126196751,0.1807052073256163,0.1929479267438369,0.18291642640309952,0.18285018514194212,0.011819002343980776
2002-07-02,0.176535343763552,0.1625913200120092,0.1940487707242219,0.188411115188311,0.1897121126196751,0.1807052073256163,0.1835645423396032,0.18259776940098518,0.011230244287711154
2002-07-03,0.1708643293191447,0.176535343763552,0.1625913200120092,0.1940487707242219,0.188411115188311,0.1897121126196751,0.1804097427075043,0.18209738577353746,0.011256764658244009
2002-07-05,0.1848750708876805,0.1708643293191447,0.176535343763552,0.1625913200120092,0.1940487707242219,0.188411115188311,0.1810054375020849,0.1818727691229943,0.01138461237683451
2002-07-06,0.1944824365346766,0.1848750708876805,0.1708643293191447,0.176535343763552,0.1625913200120092,0.1940487707242219,0.18168691234708514,0.18202177224761204,0.012112176032098753
2002-07-08,0.1850085065216666,0.1944824365346766,0.1848750708876805,0.1708643293191447,0.176535343763552,0.1625913200120092,0.18120082539470733,0.18278791517941528,0.01186305869586367
2002-07-10,0.1913800580445008,0.1850085065216666,0.1944824365346766,0.1848750708876805,0.1708643293191447,0.176535343763552,0.1808195807261758,0.1835518341839855,0.011415797646218714
2002-07-11,0.1897121126196751,0.1913800580445008,0.1850085065216666,0.1944824365346766,0.1848750708876805,0.1708643293191447,0.18469397967012804,0.18403776228441807,0.008402911003252623
2002-08-01,0.1625913200120092,0.1897121126196751,0.1913800580445008,0.1850085065216666,0.1944824365346766,0.1848750708876805,0.18270197627705048,0.18352403509357174,0.011675052901035163
2002-08-02,0.1797377989792174,0.1625913200120092,0.1897121126196751,0.1913800580445008,0.1850085065216666,0.1944824365346766,0.18396961479991805,0.1833839276778864,0.01060855999521298
2002-08-03,0.1696300497047737,0.1797377989792174,0.1625913200120092,0.1897121126196751,0.1913800580445008,0.1850085065216666,0.18179175463093133,0.1828535210327918,0.011880313008036871
2002-08-04,0.1771691630249858,0.1696300497047737,0.1797377989792174,0.1625913200120092,0.1897121126196751,0.1913800580445008,0.17931842984383264,0.1824120714770213,0.010522552133944884
2002-08-05,0.1838743036327851,0.1771691630249858,0.1696300497047737,0.1797377989792174,0.1625913200120092,0.1897121126196751,0.17915640085970677,0.18225528460708765,0.0104286453267661
2002-08-07,0.1846749174367015,0.1838743036327851,0.1771691630249858,0.1696300497047737,0.1797377989792174,0.1625913200120092,0.17819852363002114,0.18202399617484516,0.009373307748050837
2002-08-08,0.18497514761317,0.1846749174367015,0.1838743036327851,0.1771691630249858,0.1696300497047737,0.1797377989792174,0.17752181434337752,0.18247322947593153,0.008537249184348077
2002-08-10,0.1895453180771925,0.18497514761317,0.1846749174367015,0.1838743036327851,0.1771691630249858,0.1696300497047737,0.1813723854955466,0.18294470204934896,0.006521304004141325
2002-08-11,0.1913466991360042,0.1895453180771925,0.18497514761317,0.1846749174367015,0.1838743036327851,0.1771691630249858,0.18303079980365894,0.1834050549866008,0.007446779268963481
2002-09-01,0.1642592654368349,0.1913466991360042,0.1895453180771925,0.18497514761317,0.1846749174367015,0.1838743036327851,0.18226354490823912,0.18249546874826256,0.009141451084977718
2002-09-04,0.1760016012276078,0.1642592654368349,0.1913466991360042,0.1895453180771925,0.18497514761317,0.1846749174367015,0.1820967503657566,0.18221525391689183,0.009259780744213164
2002-09-05,0.1827734596524002,0.1760016012276078,0.1642592654368349,0.1913466991360042,0.1895453180771925,0.18497514761317,0.1819394869399873,0.18220079838987666,0.00923387201134422
2002-09-07,0.1860759915935551,0.1827734596524002,0.1760016012276078,0.1642592654368349,0.1913466991360042,0.1895453180771925,0.18213964039096636,0.1821174011186354,0.009317850385598429
2002-09-08,0.1855088901491143,0.1860759915935551,0.1827734596524002,0.1760016012276078,0.1642592654368349,0.1913466991360042,0.18221588932467273,0.18199397315719829,0.00934705889818426
2002-09-09,0.1918804416719485,0.1855088901491143,0.1860759915935551,0.1827734596524002,0.1760016012276078,0.1642592654368349,0.18254947840963784,0.18199508512081486,0.009687699544340338
2002-09-10,0.1897788304366681,0.1918804416719485,0.1855088901491143,0.1860759915935551,0.1827734596524002,0.1760016012276078,0.18232549716687557,0.18243653467658535,0.009465995279693003
2002-09-12,0.1936151049137672,0.1897788304366681,0.1918804416719485,0.1855088901491143,0.1860759915935551,0.1827734596524002,0.18651918852072305,0.18315708710011008,0.005994269259980275
2002-10-01,0.168095539913934,0.1936151049137672,0.1897788304366681,0.1918804416719485,0.1855088901491143,0.1860759915935551,0.1853897511901982,0.18232867420578,0.008519285655694327
2002-10-04,0.1755345765086566,0.168095539913934,0.1936151049137672,0.1897788304366681,0.1918804416719485,0.1855088901491143,0.18435562502680627,0.18215631984521463,0.009293931143853748
2002-10-05,0.1843079694432398,0.1755345765086566,0.168095539913934,0.1936151049137672,0.1897788304366681,0.1918804416719485,0.18410305043390407,0.18197618173933347,0.009263359623591982
2002-10-06,0.1918804416719485,0.1843079694432398,0.1755345765086566,0.168095539913934,0.1936151049137672,0.1897788304366681,0.18501327208002324,0.18209182595545476,0.009726003754071478
2002-10-07,0.1867431697634853,0.1918804416719485,0.1843079694432398,0.1755345765086566,0.168095539913934,0.1936151049137672,0.1842793760930999,0.18184830592343015,0.009306227294119576
2002-10-09,0.1896120358941855,0.1867431697634853,0.1918804416719485,0.1843079694432398,0.1755345765086566,0.168095539913934,0.18425554830131669,0.18274899645283604,0.009289998984843782
2002-10-10,0.189511959168696,0.1896120358941855,0.1867431697634853,0.1918804416719485,0.1843079694432398,0.1755345765086566,0.1836693846234494,0.18318155029967417,0.008712519029674732
2002-10-12,0.1922807485739067,0.189511959168696,0.1896120358941855,0.1867431697634853,0.1918804416719485,0.1843079694432398,0.1871244144320169,0.18389543094149957,0.005823776842382207
2002-11-01,0.1673616439270107,0.1922807485739067,0.189511959168696,0.1896120358941855,0.1867431697634853,0.1918804416719485,0.18595685263463893,0.18331165004281058,0.008662164965604718
2002-11-02,0.175367781966174,0.1673616439270107,0.1922807485739067,0.189511959168696,0.1896120358941855,0.1867431697634853,0.1846796829950581,0.18267449489052717,0.009558504739873302
2002-11-03,0.1709977649531307,0.175367781966174,0.1673616439270107,0.1922807485739067,0.189511959168696,0.1896120358941855,0.18169644346379843,0.18220747017157599,0.010175427970116408
2002-11-04,0.1777362644694265,0.1709977649531307,0.175367781966174,0.1673616439270107,0.1922807485739067,0.189511959168696,0.1804097427075043,0.18175267705240683,0.009998836479977135
2002-11-06,0.1880775261033459,0.1777362644694265,0.1709977649531307,0.175367781966174,0.1673616439270107,0.1922807485739067,0.18019052702309862,0.18169819083519587,0.00977783803146863
2002-11-07,0.1863095039530306,0.1880775261033459,0.1777362644694265,0.1709977649531307,0.175367781966174,0.1673616439270107,0.17973303342086072,0.18248879696656323,0.009333848599490319
2002-11-09,0.1872101944824365,0.1863095039530306,0.1880775261033459,0.1777362644694265,0.1709977649531307,0.175367781966174,0.1790086685506507,0.18273787681667056,0.00834180464879195
2002-11-10,0.1881108850118424,0.1872101944824365,0.1863095039530306,0.1880775261033459,0.1777362644694265,0.1709977649531307,0.1819728458484838,0.18335390466023951,0.007108761745708124
2002-11-11,0.190679520966074,0.1881108850118424,0.1872101944824365,0.1863095039530306,0.1880775261033459,0.1777362644694265,0.18416023713418378,0.18380424992494243,0.00709334805293026
2002-11-12,0.1930480034693265,0.190679520966074,0.1881108850118424,0.1872101944824365,0.1863095039530306,0.1880775261033459,0.18731027120792604,0.18411003991949382,0.004798892814164286
2002-12-02,0.1761350368615938,0.1930480034693265,0.190679520966074,0.1881108850118424,0.1872101944824365,0.1863095039530306,0.18708152440680711,0.1838253772336569,0.005339073193986606
2002-12-03,0.1725989925609634,0.1761350368615938,0.1930480034693265,0.190679520966074,0.1881108850118424,0.1872101944824365,0.1848703053293239,0.18341283873191666,0.007589021632710038
2002-12-04,0.1771024452079928,0.1725989925609634,0.1761350368615938,0.1930480034693265,0.190679520966074,0.1881108850118424,0.1835550112228899,0.18299807630294335,0.008079994473302357
2002-12-06,0.1900457017046402,0.1771024452079928,0.1725989925609634,0.1761350368615938,0.1930480034693265,0.190679520966074,0.1839600836832047,0.18295470972189787,0.00836000375312774
2002-12-07,0.1880108082863528,0.1900457017046402,0.1771024452079928,0.1725989925609634,0.1761350368615938,0.1930480034693265,0.18394578700813474,0.18374642781688183,0.00835180383600016
2002-12-08,0.1880108082863528,0.1880108082863528,0.1900457017046402,0.1771024452079928,0.1725989925609634,0.1761350368615938,0.1835645423396032,0.18414673471884,0.008048597770059425
2002-12-09,0.189445241351703,0.1880108082863528,0.1880108082863528,0.1900457017046402,0.1771024452079928,0.1725989925609634,0.18304986203708554,0.18436912744215006,0.00743271901303699
2002-12-11,0.1913800580445008,0.189445241351703,0.1880108082863528,0.1880108082863528,0.1900457017046402,0.1771024452079928,0.18522772220607228,0.18454592965718158,0.007301229410920252
2002-12-12,0.1944824365346766,0.1913800580445008,0.189445241351703,0.1880108082863528,0.1880108082863528,0.1900457017046402,0.18835392848803129,0.1848450478700337,0.0054405954070403904
2003-01-04,0.1997865029856223,0.1944824365346766,0.1913800580445008,0.189445241351703,0.1880108082863528,0.1880108082863528,0.19159450817054977,0.18510858324715612,0.004246544814893763
2003-01-05,0.2043566734496447,0.1997865029856223,0.1944824365346766,0.1913800580445008,0.189445241351703,0.1880108082863528,0.1936389327055504,0.1855945113475887,0.006316845422840042
2003-01-07,0.2103612769790172,0.2043566734496447,0.1997865029856223,0.1944824365346766,0.1913800580445008,0.189445241351703,0.1968318568045025,0.18615271708309702,0.008326792899901092
2003-01-08,0.2117957100443673,0.2103612769790172,0.2043566734496447,0.1997865029856223,0.1944824365346766,0.1913800580445008,0.20022969991279024,0.1876093894207781,0.008956389919046478
2003-01-09,0.227741268305701,0.2117957100443673,0.2103612769790172,0.2043566734496447,0.1997865029856223,0.1944824365346766,0.20570056090621855,0.1893496124806796,0.012331336310447253
2003-01-10,0.2325783100376956,0.227741268305701,0.2117957100443673,0.2103612769790172,0.2043566734496447,0.1997865029856223,0.21158602547667496,0.19095862383382817,0.01406672714185059
2003-01-12,0.2437535443840278,0.2325783100376956,0.227741268305701,0.2117957100443673,0.2103612769790172,0.2043566734496447,0.2186247551694394,0.1926877272575641,0.016241138009404566
2003-02-01,0.2060913366914635,0.2437535443840278,0.2325783100376956,0.227741268305701,0.2117957100443673,0.2103612769790172,0.21952544569884533,0.1933326661551634,0.015161219786227684
2003-02-04,0.1964172532274744,0.2060913366914635,0.2437535443840278,0.2325783100376956,0.227741268305701,0.2117957100443673,0.21839124280996383,0.19355950673293967,0.016703629879118966
2003-02-05,0.2038896487306935,0.1964172532274744,0.2060913366914635,0.2437535443840278,0.2325783100376956,0.227741268305701,0.21746672448877472,0.19403876305167292,0.017387257055776144
2003-02-06,0.2200687193515028,0.2038896487306935,0.1964172532274744,0.2060913366914635,0.2437535443840278,0.2325783100376956,0.21864858296122267,0.1949650287442595,0.01721788166333934
2003-02-07,0.2112286085999266,0.2200687193515028,0.2038896487306935,0.1964172532274744,0.2060913366914635,0.2437535443840278,0.21628963157468345,0.19642726090002333,0.016892598108228407
2003-02-09,0.2260399639723788,0.2112286085999266,0.2200687193515028,0.2038896487306935,0.1964172532274744,0.2060913366914635,0.21535558213678105,0.1981163336335635,0.01599895841611652
2003-02-10,0.2317109784167862,0.2260399639723788,0.2112286085999266,0.2200687193515028,0.2038896487306935,0.1964172532274744,0.21363521557003226,0.20014010741568533,0.012754980218302856
2003-02-12,0.2444874403709511,0.2317109784167862,0.2260399639723788,0.2112286085999266,0.2200687193515028,0.2038896487306935,0.21912037323853048,0.20236514661240285,0.016635695087721065
2003-03-01,0.2065583614104146,0.2444874403709511,0.2317109784167862,0.2260399639723788,0.2112286085999266,0.2200687193515028,0.2205691029789505,0.2029811744559718,0.014652410860888164
2003-03-02,0.2232378156586716,0.2065583614104146,0.2444874403709511,0.2317109784167862,0.2260399639723788,0.2112286085999266,0.22333312682580453,0.20421211817949317,0.01267279173914882
2003-03-03,0.2072255395803449,0.2232378156586716,0.2065583614104146,0.2444874403709511,0.2317109784167862,0.2260399639723788,0.22149838685849627,0.20487929634942342,0.014076173830634047
2003-03-04,0.1926810554758648,0.2072255395803449,0.2232378156586716,0.2065583614104146,0.2444874403709511,0.2317109784167862,0.21884873641220173,0.20503163536489083,0.017628848177465146
2003-03-06,0.2202355138939854,0.1926810554758648,0.2072255395803449,0.2232378156586716,0.2065583614104146,0.2444874403709511,0.21801952925814552,0.20601683512915456,0.01736881321418773
2003-03-07,0.209827534443073,0.2202355138939854,0.1926810554758648,0.2072255395803449,0.2232378156586716,0.2065583614104146,0.2148933229761865,0.20657615282827943,0.01643824237249344
2003-03-09,0.2235714047436368,0.209827534443073,0.2202355138939854,0.1926810554758648,0.2072255395803449,0.2232378156586716,0.21190531788657016,0.20815736509101423,0.011241996943451476
2003-03-10,0.2330786936651433,0.2235714047436368,0.209827534443073,0.2202355138939854,0.1926810554758648,0.2072255395803449,0.21569393678010282,0.2101733551278202,0.013401128299010317
2003-03-11,0.232411515495213,0.2330786936651433,0.2235714047436368,0.209827534443073,0.2202355138939854,0.1926810554758648,0.21700446532818018,0.21201699080406086,0.014651998567620578
2003-03-12,0.2447876705474197,0.232411515495213,0.2330786936651433,0.2235714047436368,0.209827534443073,0.2202355138939854,0.22237048403776227,0.2138417230988202,0.01714062609749614
2003-04-02,0.2279414217566802,0.2447876705474197,0.232411515495213,0.2330786936651433,0.2235714047436368,0.209827534443073,0.22740767922073593,0.2151727435478311,0.011066211408618918
2003-04-03,0.2124962471227941,0.2279414217566802,0.2447876705474197,0.232411515495213,0.2330786936651433,0.2235714047436368,0.22630206968199426,0.21598892484237914,0.012227840189595118
2003-04-04,0.1927477732928579,0.2124962471227941,0.2279414217566802,0.2447876705474197,0.232411515495213,0.2330786936651433,0.22386210380339214,0.21609900924041767,0.016881582245275445
2003-04-06,0.2197017713580412,0.1927477732928579,0.2124962471227941,0.2279414217566802,0.2447876705474197,0.232411515495213,0.22330929903402133,0.217043066350869,0.016955882081376224
2003-04-07,0.2110951729659406,0.2197017713580412,0.1927477732928579,0.2124962471227941,0.2279414217566802,0.2447876705474197,0.2201687960769924,0.21759682423191112,0.01688054163493084
2003-04-08,0.2085598959202055,0.2110951729659406,0.2197017713580412,0.1927477732928579,0.2124962471227941,0.2279414217566802,0.21676142185199132,0.21788927066306393,0.016397800186124186
2003-04-09,0.2240717883710845,0.2085598959202055,0.2110951729659406,0.2197017713580412,0.1927477732928579,0.2124962471227941,0.21380201011251485,0.21854644116044525,0.011690388669497662
2003-04-11,0.228842112286086,0.2240717883710845,0.2085598959202055,0.2110951729659406,0.2197017713580412,0.1927477732928579,0.21393068018814423,0.21916246900401418,0.011875443453427196
2003-04-12,0.2450879007238883,0.228842112286086,0.2240717883710845,0.2085598959202055,0.2110951729659406,0.2197017713580412,0.2185866307025863,0.22027220869333156,0.016648956975522624
2003-05-02,0.2316442605997932,0.2450879007238883,0.228842112286086,0.2240717883710845,0.2085598959202055,0.2110951729659406,0.2241432717464342,0.22040230843646796,0.012582050301241382
2003-05-03,0.2128631951162558,0.2316442605997932,0.2450879007238883,0.228842112286086,0.2240717883710845,0.2085598959202055,0.22316633228332197,0.21974513793908662,0.013233041139374698
2003-05-06,0.2214030756913634,0.2128631951162558,0.2316442605997932,0.2450879007238883,0.228842112286086,0.2240717883710845,0.2246388898155252,0.2190001223159978,0.012199026419638699
2003-05-08,0.2091603562731427,0.2214030756913634,0.2128631951162558,0.2316442605997932,0.2450879007238883,0.228842112286086,0.22472466986594483,0.21910242296872046,0.012068532926166853
2003-05-09,0.2274410381292324,0.2091603562731427,0.2214030756913634,0.2128631951162558,0.2316442605997932,0.2450879007238883,0.225205991259966,0.2201365491321124,0.012105285569018421
2003-05-11,0.2294092137305267,0.2274410381292324,0.2091603562731427,0.2214030756913634,0.2128631951162558,0.2316442605997932,0.22528700575202892,0.22098720129877353,0.012135535916128575
2003-05-12,0.2451879774493778,0.2294092137305267,0.2274410381292324,0.2091603562731427,0.2214030756913634,0.2128631951162558,0.22530130242709887,0.221824509902036,0.012162779245698245
2003-06-01,0.2113954031424092,0.2451879774493778,0.2294092137305267,0.2274410381292324,0.2091603562731427,0.2214030756913634,0.22240860850461544,0.22183006972011876,0.012794310998178505
2003-06-02,0.2274410381292324,0.2113954031424092,0.2451879774493778,0.2294092137305267,0.2274410381292324,0.2091603562731427,0.22449115750646922,0.22187677219201385,0.012151938955470466
2003-06-03,0.2133635787437035,0.2274410381292324,0.2113954031424092,0.2451879774493778,0.2294092137305267,0.2274410381292324,0.2233426579425178,0.22126519220291113,0.01285217960341657
2003-06-05,0.2054575174300297,0.2133635787437035,0.2274410381292324,0.2113954031424092,0.2451879774493778,0.2294092137305267,0.22281368096493023,0.21996419477154705,0.01358830978795998
2003-06-06,0.2189011575541248,0.2054575174300297,0.2133635787437035,0.2274410381292324,0.2113954031424092,0.2451879774493778,0.22159369802562917,0.22037562130967073,0.013486597506847199
2003-06-08,0.2115621976848917,0.2189011575541248,0.2054575174300297,0.2133635787437035,0.2274410381292324,0.2113954031424092,0.21904412430482417,0.21998643404387808,0.01344976024642653
2003-06-10,0.2244387363645462,0.2115621976848917,0.2189011575541248,0.2054575174300297,0.2133635787437035,0.2274410381292324,0.21607994700699104,0.2205602072700181,0.007847214545918902
2003-06-11,0.2304099809854222,0.2244387363645462,0.2115621976848917,0.2189011575541248,0.2054575174300297,0.2133635787437035,0.21879631527027862,0.22181783812033673,0.009139903205079592
2003-07-01,0.2095606631751009,0.2304099809854222,0.2244387363645462,0.2115621976848917,0.2189011575541248,0.2054575174300297,0.216241975991117,0.22146200976304053,0.008814008507605798
2003-07-02,0.2257397337959102,0.2095606631751009,0.2304099809854222,0.2244387363645462,0.2115621976848917,0.2189011575541248,0.21800999814143224,0.22199241640813513,0.009364484254969762
2003-07-03,0.2107282249724789,0.2257397337959102,0.2095606631751009,0.2304099809854222,0.2244387363645462,0.2115621976848917,0.2187629563617821,0.2215643104157632,0.008343183026402221
2003-07-04,0.1901457784301297,0.2107282249724789,0.2257397337959102,0.2095606631751009,0.2304099809854222,0.2244387363645462,0.21465504505835425,0.22013321324126273,0.013653152531782462
2003-07-05,0.2047903392600994,0.1901457784301297,0.2107282249724789,0.2257397337959102,0.2095606631751009,0.2304099809854222,0.21368763671195534,0.21921250736675896,0.014140055442998973
2003-07-07,0.2089935617306602,0.2047903392600994,0.1901457784301297,0.2107282249724789,0.2257397337959102,0.2095606631751009,0.21148118319282877,0.2180193704062003,0.013366725751233327
2003-07-08,0.2112953264169196,0.2089935617306602,0.2047903392600994,0.1901457784301297,0.2107282249724789,0.2257397337959102,0.20875051825447127,0.21746450056154162,0.01050044113106136
2003-07-10,0.2276411915802115,0.2112953264169196,0.2089935617306602,0.2047903392600994,0.1901457784301297,0.2107282249724789,0.21133345088377278,0.21796933204345553,0.012721739928276177
2003-07-11,0.2295426493645128,0.2276411915802115,0.2112953264169196,0.2089935617306602,0.2047903392600994,0.1901457784301297,0.2118767245364303,0.2191958279125107,0.013497060784672856
2003-08-01,0.2100610468025486,0.2295426493645128,0.2276411915802115,0.2112953264169196,0.2089935617306602,0.2047903392600994,0.21178141336929743,0.2188744704273276,0.013508873280217078
2003-08-04,0.1924809020248857,0.2100610468025486,0.2295426493645128,0.2276411915802115,0.2112953264169196,0.2089935617306602,0.21211500245426257,0.21825399472929244,0.01290069772659187
2003-08-05,0.2078593588417787,0.1924809020248857,0.2100610468025486,0.2295426493645128,0.2276411915802115,0.2112953264169196,0.21255343382307387,0.21823064349334487,0.012660188704424345
2003-08-07,0.2083597424692264,0.2078593588417787,0.1924809020248857,0.2100610468025486,0.2295426493645128,0.2276411915802115,0.21246288821429762,0.21770690862994962,0.012692118528808277
2003-08-08,0.2128631951162558,0.2083597424692264,0.2078593588417787,0.1924809020248857,0.2100610468025486,0.2295426493645128,0.21268686945705992,0.21717427805762193,0.012681910400127722
2003-08-09,0.2266737832338126,0.2128631951162558,0.2083597424692264,0.2078593588417787,0.1924809020248857,0.2100610468025486,0.21254866826471724,0.2165604741412861,0.0124956887113755
2003-08-10,0.2270740901357708,0.2266737832338126,0.2128631951162558,0.2083597424692264,0.2078593588417787,0.1924809020248857,0.21219601694632553,0.21640813512581866,0.011959482740172523
2003-08-12,0.2476898955866164,0.2270740901357708,0.2266737832338126,0.2128631951162558,0.2083597424692264,0.2078593588417787,0.21757156677262093,0.21756902514149737,0.017847301086097736
2003-09-01,0.2118290689528638,0.2476898955866164,0.2270740901357708,0.2266737832338126,0.2128631951162558,0.2083597424692264,0.2203355906194749,0.21724989158354738,0.014497775491960898
2003-09-04,0.1911131867765287,0.2118290689528638,0.2476898955866164,0.2270740901357708,0.2266737832338126,0.2128631951162558,0.21794328032443921,0.21664831926699354,0.017885485048157023
2003-09-05,0.2088267671881776,0.1911131867765287,0.2118290689528638,0.2476898955866164,0.2270740901357708,0.2266737832338126,0.21800999814143224,0.2160278435689584,0.01784460192662707
2003-09-06,0.2187343630116422,0.2088267671881776,0.1911131867765287,0.2118290689528638,0.2476898955866164,0.2270740901357708,0.21884873641220173,0.21567201521166227,0.017699762980503245
2003-09-07,0.206324849050939,0.2187343630116422,0.2088267671881776,0.1911131867765287,0.2118290689528638,0.2476898955866164,0.21594174581464837,0.21437657759838094,0.017870608523183517
2003-09-09,0.2317443373252827,0.206324849050939,0.2187343630116422,0.2088267671881776,0.1911131867765287,0.2118290689528638,0.21660892398457862,0.21505487540447676,0.018433795120774817
2003-09-10,0.2239717116455949,0.2317443373252827,0.206324849050939,0.2187343630116422,0.2088267671881776,0.1911131867765287,0.21322061199300416,0.2149392311883555,0.013207624405855992
2003-09-12,0.2487573806585049,0.2239717116455949,0.2317443373252827,0.206324849050939,0.2187343630116422,0.2088267671881776,0.21849608509381,0.21611902458551555,0.018765035193005902
2003-10-01,0.212229375854822,0.2487573806585049,0.2239717116455949,0.2317443373252827,0.206324849050939,0.2187343630116422,0.22151268353356618,0.2163447531996753,0.014936023211087153
2003-10-02,0.2239049938286019,0.212229375854822,0.2487573806585049,0.2239717116455949,0.2317443373252827,0.206324849050939,0.22366671591076967,0.21651154774215786,0.013849310589484697
2003-10-03,0.2131967842012209,0.2239049938286019,0.212229375854822,0.2487573806585049,0.2239717116455949,0.2317443373252827,0.22287563322356663,0.21656603395936885,0.01432789298873126
2003-10-04,0.1932815158288021,0.2131967842012209,0.2239049938286019,0.212229375854822,0.2487573806585049,0.2239717116455949,0.22101229990611845,0.2155274599415107,0.017365244768703977
2003-10-06,0.2130633485672349,0.1932815158288021,0.2131967842012209,0.2239049938286019,0.212229375854822,0.2487573806585049,0.21834358722639738,0.21494923886090447,0.016869426802726316
2003-10-07,0.2058244654234913,0.2130633485672349,0.1932815158288021,0.2131967842012209,0.2239049938286019,0.212229375854822,0.21575112348038258,0.21482469893585082,0.017250468168682857
2003-10-09,0.2302431864429396,0.2058244654234913,0.2130633485672349,0.1932815158288021,0.2131967842012209,0.2239049938286019,0.21310623859244468,0.21497481402408514,0.011952063111597699
2003-10-10,0.2251059145344764,0.2302431864429396,0.2058244654234913,0.2130633485672349,0.1932815158288021,0.2131967842012209,0.21494574411810957,0.21545407034281838,0.012758315890313702
2003-10-11,0.2325783100376956,0.2251059145344764,0.2302431864429396,0.2058244654234913,0.2130633485672349,0.1932815158288021,0.21618478929083726,0.21686848806307057,0.014121734673281528
2003-10-12,0.250258531540848,0.2325783100376956,0.2251059145344764,0.2302431864429396,0.2058244654234913,0.2130633485672349,0.22147932462506967,0.21838409447242887,0.018940289274286735
2003-11-02,0.2195683357240551,0.250258531540848,0.2325783100376956,0.2251059145344764,0.2302431864429396,0.2058244654234913,0.22523458461010584,0.21873658693887535,0.014504188829119007
2003-11-03,0.2093605097241218,0.2195683357240551,0.250258531540848,0.2325783100376956,0.2251059145344764,0.2302431864429396,0.22470560763251823,0.2186720930491154,0.015078226640420196
2003-11-04,0.1934149514627881,0.2093605097241218,0.2195683357240551,0.250258531540848,0.2325783100376956,0.2251059145344764,0.22293281992384636,0.21753121837853462,0.01809569797085251
2003-11-06,0.2130633485672349,0.1934149514627881,0.2093605097241218,0.2195683357240551,0.250258531540848,0.2325783100376956,0.22047855737017424,0.21698190835195869,0.018103990737555007
2003-11-07,0.2060246188744704,0.2130633485672349,0.1934149514627881,0.2093605097241218,0.2195683357240551,0.250258531540848,0.2177526579901734,0.21684736075435612,0.018717269634641275
2003-11-08,0.2163325215998932,0.2060246188744704,0.2130633485672349,0.1934149514627881,0.2093605097241218,0.2195683357240551,0.21543183107048733,0.2176424147401897,0.017542948540890464
2003-11-09,0.2277746272141976,0.2163325215998932,0.2060246188744704,0.2130633485672349,0.1934149514627881,0.2093605097241218,0.2122198447381087,0.2183062570192703,0.010906861897044557
2003-11-11,0.2354471761683958,0.2277746272141976,0.2163325215998932,0.2060246188744704,0.2130633485672349,0.1934149514627881,0.21448825051587167,0.2192091714759093,0.01392388098939484
2003-11-12,0.2463221803382593,0.2354471761683958,0.2277746272141976,0.2163325215998932,0.2060246188744704,0.2130633485672349,0.2197684891750342,0.22032447098330943,0.01805171132730618
2003-12-02,0.2144310638155919,0.2463221803382593,0.2354471761683958,0.2277746272141976,0.2163325215998932,0.2060246188744704,0.22277079093972046,0.21991638033603542,0.014294918324236586
2003-12-03,0.2076258464823031,0.2144310638155919,0.2463221803382593,0.2354471761683958,0.2277746272141976,0.2163325215998932,0.22199400492758734,0.2192681055475865,0.015038723732541106
2003-12-05,0.2109617373319545,0.2076258464823031,0.2144310638155919,0.2463221803382593,0.2354471761683958,0.2277746272141976,0.22269930756437079,0.21804383360576438,0.01426059105684945
2003-12-06,0.2117289922273743,0.2109617373319545,0.2076258464823031,0.2144310638155919,0.2463221803382593,0.2354471761683958,0.2220416605111538,0.21804049771491477,0.014702443681769352
2003-12-08,0.216966340861327,0.2117289922273743,0.2109617373319545,0.2076258464823031,0.2144310638155919,0.2463221803382593,0.22049761960360084,0.2189022695177414,0.014566941038723675
2003-12-09,0.2290756246455616,0.216966340861327,0.2117289922273743,0.2109617373319545,0.2076258464823031,0.2144310638155919,0.21958739795748167,0.2195772314329875,0.013647148861296728
2003-12-11,0.2367148146912633,0.2290756246455616,0.216966340861327,0.2117289922273743,0.2109617373319545,0.2076258464823031,0.21821491715076796,0.2201765798223082,0.010668348218959381
2003-12-12,0.2483237148480502,0.2367148146912633,0.2290756246455616,0.216966340861327,0.2117289922273743,0.2109617373319545,0.22305672444111915,0.22157654201554525,0.015335157809107316
2004-01-03,0.2435867498415452,0.2483237148480502,0.2367148146912633,0.2290756246455616,0.216966340861327,0.2117289922273743,0.2281939963495823,0.22197128909942065,0.01532770585091625
2004-01-04,0.2617673549721453,0.2435867498415452,0.2483237148480502,0.2367148146912633,0.2290756246455616,0.216966340861327,0.23545194172675243,0.22323114387697235,0.01765930661424763
2004-01-06,0.2417186509657404,0.2617673549721453,0.2435867498415452,0.2483237148480502,0.2367148146912633,0.2290756246455616,0.23973617868937616,0.22299651955388017,0.014254339502111257
2004-01-07,0.2401174233579077,0.2417186509657404,0.2617673549721453,0.2435867498415452,0.2483237148480502,0.2367148146912633,0.2430434761888877,0.2239261211373164,0.010199914079527236
2004-01-09,0.2486906628415118,0.2401174233579077,0.2417186509657404,0.2617673549721453,0.2435867498415452,0.2483237148480502,0.24584562450259487,0.22475231010441338,0.008226533064091577
2004-01-10,0.2556626747172833,0.2486906628415118,0.2401174233579077,0.2417186509657404,0.2617673549721453,0.2435867498415452,0.24855246164916914,0.22616783978828214,0.007829102686643635
2004-01-11,0.2628348400440338,0.2556626747172833,0.2486906628415118,0.2401174233579077,0.2417186509657404,0.2617673549721453,0.25062547953430964,0.22848628392878986,0.00950106378884641
2004-01-12,0.2788471161223605,0.2628348400440338,0.2556626747172833,0.2486906628415118,0.2401174233579077,0.2417186509657404,0.25566267471728327,0.23067907618062736,0.013607136531731049
2004-02-01,0.253761216932982,0.2788471161223605,0.2628348400440338,0.2556626747172833,0.2486906628415118,0.2401174233579077,0.2545189407116885,0.2322769678976104,0.013342391814073342
2004-02-02,0.2424859058611602,0.253761216932982,0.2788471161223605,0.2628348400440338,0.2556626747172833,0.2486906628415118,0.25462854855389133,0.23268505854488442,0.01322232284750431
2004-02-03,0.2407512426193415,0.2424859058611602,0.253761216932982,0.2788471161223605,0.2628348400440338,0.2556626747172833,0.2547190941626676,0.2332065694810466,0.013108066250077393
2004-02-04,0.2562631350702205,0.2407512426193415,0.2424859058611602,0.253761216932982,0.2788471161223605,0.2628348400440338,0.255800875909626,0.2339960636487974,0.012837307095548096
2004-02-06,0.2401507822664043,0.2562631350702205,0.2407512426193415,0.2424859058611602,0.253761216932982,0.2788471161223605,0.2535848912737861,0.23365913867298263,0.014138074697547114
2004-02-07,0.2420855989592021,0.2401507822664043,0.2562631350702205,0.2407512426193415,0.2424859058611602,0.253761216932982,0.25062071397595304,0.2344097141141542,0.014050377687886934
2004-02-08,0.2379157353971378,0.2420855989592021,0.2401507822664043,0.2562631350702205,0.2407512426193415,0.2424859058611602,0.24477337387234974,0.2353615549699214,0.007185931597927536
2004-02-09,0.2476565366781199,0.2379157353971378,0.2420855989592021,0.2401507822664043,0.2562631350702205,0.2407512426193415,0.24390127669308376,0.23716960781043245,0.006218696380431997
2004-02-11,0.259732461553858,0.2476565366781199,0.2379157353971378,0.2420855989592021,0.2401507822664043,0.2562631350702205,0.24636507036346916,0.23872524490998656,0.008545606013078095
2004-02-12,0.2797478066517664,0.259732461553858,0.2476565366781199,0.2379157353971378,0.2420855989592021,0.2401507822664043,0.25193600808238703,0.24118268450256306,0.014741149228499896
2004-03-02,0.2445541581879441,0.2797478066517664,0.259732461553858,0.2476565366781199,0.2379157353971378,0.2420855989592021,0.25026329709920464,0.2421234057221648,0.014832345449073124
2004-03-03,0.2372485572272075,0.2445541581879441,0.2797478066517664,0.259732461553858,0.2476565366781199,0.2379157353971378,0.24984869352217656,0.2424392033892651,0.01519818001128968
2004-03-06,0.237148480501718,0.2372485572272075,0.2445541581879441,0.2797478066517664,0.259732461553858,0.2476565366781199,0.2491433908853931,0.24249591353370917,0.015723950229074916
2004-03-08,0.2375487874036762,0.237148480501718,0.2372485572272075,0.2445541581879441,0.2797478066517664,0.259732461553858,0.24909096974347,0.2422034671025564,0.015768169472817697
2004-03-09,0.244354004736965,0.2375487874036762,0.237148480501718,0.2372485572272075,0.2445541581879441,0.2797478066517664,0.24861917946616216,0.24320089846660217,0.015867336197014623
2004-03-11,0.2592654368349068,0.244354004736965,0.2375487874036762,0.237148480501718,0.2372485572272075,0.2445541581879441,0.24855246164916914,0.2449222181450223,0.01581371106701218
2004-03-12,0.2760449678086533,0.2592654368349068,0.244354004736965,0.2375487874036762,0.237148480501718,0.2372485572272075,0.24802348467158156,0.24709165916091227,0.014612610848533858
2004-04-02,0.2430863662140975,0.2760449678086533,0.2592654368349068,0.244354004736965,0.2375487874036762,0.237148480501718,0.24781380010388918,0.2481369049604697,0.014681062143408866
2004-04-03,0.238249324482103,0.2430863662140975,0.2760449678086533,0.2592654368349068,0.244354004736965,0.2375487874036762,0.24795676685458853,0.24884633774782888,0.014565445835868013
2004-04-05,0.2377489408546552,0.238249324482103,0.2430863662140975,0.2760449678086533,0.2592654368349068,0.244354004736965,0.24804254690500813,0.24913544828813203,0.014492770753180978
2004-04-06,0.2357807652533609,0.2377489408546552,0.238249324482103,0.2430863662140975,0.2760449678086533,0.2592654368349068,0.24778997231210595,0.2491043133068686,0.014719760912639207
2004-04-08,0.2379157353971378,0.2357807652533609,0.2377489408546552,0.238249324482103,0.2430863662140975,0.2760449678086533,0.2468702195492735,0.2487573806585049,0.015164658658725188
2004-04-10,0.2519598358741702,0.2379157353971378,0.2357807652533609,0.2377489408546552,0.238249324482103,0.2430863662140975,0.24582656226916827,0.24903648352625904,0.014401617227255302
2004-04-11,0.2639356840244187,0.2519598358741702,0.2379157353971378,0.2357807652533609,0.2377489408546552,0.238249324482103,0.24409666458570617,0.24910876116133482,0.010314067319226522
2004-05-01,0.257330620142109,0.2639356840244187,0.2519598358741702,0.2379157353971378,0.2357807652533609,0.2377489408546552,0.24613155800399353,0.24962916013388042,0.011426659225220364
2004-05-02,0.2432865196650765,0.257330620142109,0.2639356840244187,0.2519598358741702,0.2379157353971378,0.2357807652533609,0.24685115731584692,0.24973479667745271,0.010998114398726432
2004-05-03,0.2430863662140975,0.2432865196650765,0.257330620142109,0.2639356840244187,0.2519598358741702,0.2379157353971378,0.24761364665291005,0.24954798678987225,0.010432359109794913
2004-05-04,0.2553958034493112,0.2430863662140975,0.2432865196650765,0.257330620142109,0.2639356840244187,0.2519598358741702,0.25041579496661726,0.24953909108093983,0.009296821460031725
2004-05-05,0.2386162724755646,0.2553958034493112,0.2430863662140975,0.2432865196650765,0.257330620142109,0.2639356840244187,0.2505158716921068,0.2487318054953242,0.009142323463592004
2004-05-07,0.2424191880441672,0.2386162724755646,0.2553958034493112,0.2430863662140975,0.2432865196650765,0.257330620142109,0.2491529220021064,0.24751754122605113,0.009591318126401982
2004-05-08,0.2374820695866831,0.2424191880441672,0.2386162724755646,0.2553958034493112,0.2430863662140975,0.2432865196650765,0.245373834225287,0.24697490298117447,0.007849294156493589
2004-05-10,0.2538612936584715,0.2374820695866831,0.2424191880441672,0.2386162724755646,0.2553958034493112,0.2430863662140975,0.24487821615619593,0.24735408257441818,0.00703587580200403
2004-05-11,0.2642692731093839,0.2538612936584715,0.2374820695866831,0.2424191880441672,0.2386162724755646,0.2553958034493112,0.24787575236252554,0.24813801692408624,0.010063169801239887
2004-06-01,0.259865897187844,0.2642692731093839,0.2538612936584715,0.2374820695866831,0.2424191880441672,0.2386162724755646,0.25027282821591795,0.24825810899467368,0.010709869773690655
2004-06-02,0.2464222570637489,0.259865897187844,0.2642692731093839,0.2538612936584715,0.2374820695866831,0.2424191880441672,0.24899089301798044,0.24846715815458517,0.010530007766778116
2004-06-04,0.2559295459852554,0.2464222570637489,0.259865897187844,0.2642692731093839,0.2538612936584715,0.2374820695866831,0.25146421780507916,0.24892862305545366,0.009686564462304516
2004-06-05,0.2352470227174167,0.2559295459852554,0.2464222570637489,0.259865897187844,0.2642692731093839,0.2538612936584715,0.2504396227584005,0.2488396659661296,0.011081617470403012
2004-06-07,0.2399172699069287,0.2352470227174167,0.2559295459852554,0.2464222570637489,0.259865897187844,0.2642692731093839,0.25078750851843556,0.24858169040708988,0.010636321641595193
2004-06-08,0.2429195716716149,0.2399172699069287,0.2352470227174167,0.2559295459852554,0.2464222570637489,0.259865897187844,0.24922440537745608,0.24802126074434847,0.01090979119502185
2004-06-09,0.2446542349134337,0.2429195716716149,0.2399172699069287,0.2352470227174167,0.2559295459852554,0.2464222570637489,0.2464222570637489,0.24685147501973737,0.008695932289570508
2004-06-10,0.2558961870767589,0.2446542349134337,0.2429195716716149,0.2399172699069287,0.2352470227174167,0.2559295459852554,0.24585515561930818,0.24722954264936453,0.0077512159484387794
2004-06-12,0.2789805517563465,0.2558961870767589,0.2446542349134337,0.2429195716716149,0.2399172699069287,0.2352470227174167,0.2505063405753935,0.24862060913366915,0.014753664554913419
2004-07-01,0.2580978750375288,0.2789805517563465,0.2558961870767589,0.2446542349134337,0.2429195716716149,0.2399172699069287,0.25081610186857545,0.24931892228486285,0.014908455547967903
2004-07-04,0.2562631350702205,0.2580978750375288,0.2789805517563465,0.2558961870767589,0.2446542349134337,0.2429195716716149,0.2538184036332617,0.24994273387374769,0.013277484167037213
2004-07-05,0.2307769289788838,0.2562631350702205,0.2580978750375288,0.2789805517563465,0.2558961870767589,0.2446542349134337,0.252512640643541,0.24949016468181162,0.015184874224642151
2004-07-06,0.2393168095539914,0.2307769289788838,0.2562631350702205,0.2580978750375288,0.2789805517563465,0.2558961870767589,0.25199796034102334,0.24882521043911446,0.015619064987254093
2004-07-07,0.2433532374820696,0.2393168095539914,0.2307769289788838,0.2562631350702205,0.2580978750375288,0.2789805517563465,0.25181210356511424,0.24773548609489499,0.01572837286255124
2004-07-09,0.2423191113186777,0.2433532374820696,0.2393168095539914,0.2307769289788838,0.2562631350702205,0.2580978750375288,0.24987252131395973,0.24770991093171435,0.015975990245357126
2004-07-10,0.2556626747172833,0.2423191113186777,0.2433532374820696,0.2393168095539914,0.2307769289788838,0.2562631350702205,0.246541396022665,0.24829035593955368,0.010327691385892518
2004-07-12,0.2781465790439337,0.2556626747172833,0.2423191113186777,0.2433532374820696,0.2393168095539914,0.2307769289788838,0.24940549659500857,0.2496369438791963,0.015534269310897046
2004-08-01,0.2575974914100811,0.2781465790439337,0.2556626747172833,0.2423191113186777,0.2433532374820696,0.2393168095539914,0.24959611892927439,0.2503641680844203,0.015640270423994643
2004-08-03,0.2434866731160557,0.2575974914100811,0.2781465790439337,0.2556626747172833,0.2423191113186777,0.2433532374820696,0.25141179666315605,0.2505498660083842,0.013710063043476991
2004-08-04,0.2565967241551857,0.2434866731160557,0.2575974914100811,0.2781465790439337,0.2556626747172833,0.2423191113186777,0.2538803558918981,0.25070442895108475,0.012686825444812137
2004-08-06,0.2384828368415786,0.2565967241551857,0.2434866731160557,0.2575974914100811,0.2781465790439337,0.2556626747172833,0.25318458437182795,0.24985600071165673,0.01346976814967632
2004-08-07,0.2471561530506722,0.2384828368415786,0.2565967241551857,0.2434866731160557,0.2575974914100811,0.2781465790439337,0.2538755903335415,0.24951685180860883,0.012932832758058756
2004-08-09,0.2411181906128032,0.2471561530506722,0.2384828368415786,0.2565967241551857,0.2434866731160557,0.2575974914100811,0.25179780689004433,0.24944457417353308,0.01374097441754084
2004-08-10,0.2580978750375288,0.2411181906128032,0.2471561530506722,0.2384828368415786,0.2565967241551857,0.2434866731160557,0.24893370631770076,0.24994495780098078,0.008375538069152417
2004-08-11,0.2648697334623211,0.2580978750375288,0.2411181906128032,0.2471561530506722,0.2384828368415786,0.2565967241551857,0.24997259803944932,0.2502607554680811,0.009935110674164955
2004-08-12,0.2682056243119725,0.2648697334623211,0.2580978750375288,0.2411181906128032,0.2471561530506722,0.2384828368415786,0.25350387678172315,0.25124706719596135,0.011513217496285482
2004-09-01,0.2591653601094172,0.2682056243119725,0.2648697334623211,0.2580978750375288,0.2411181906128032,0.2471561530506722,0.2538708247751848,0.2518052729314697,0.011668113211408924
2004-09-02,0.2475564599526303,0.2591653601094172,0.2682056243119725,0.2648697334623211,0.2580978750375288,0.2411181906128032,0.25516705664819217,0.2521410859436679,0.010068007966432138
2004-09-03,0.2445875170964406,0.2475564599526303,0.2591653601094172,0.2682056243119725,0.2648697334623211,0.2580978750375288,0.2548001086547305,0.2518319600582669,0.010448271239315316
2004-09-06,0.234813356906962,0.2445875170964406,0.2475564599526303,0.2591653601094172,0.2682056243119725,0.2648697334623211,0.2538994181253246,0.2508500961848529,0.01198328621771727
2004-09-07,0.247923407946092,0.234813356906962,0.2445875170964406,0.2475564599526303,0.2591653601094172,0.2682056243119725,0.252445922826548,0.25045201321012783,0.012006192906080319
2004-09-08,0.2429195716716149,0.247923407946092,0.234813356906962,0.2445875170964406,0.2475564599526303,0.2591653601094172,0.24931018542787564,0.25033525703039,0.01104884881611031
2004-09-09,0.2427194182206358,0.2429195716716149,0.247923407946092,0.234813356906962,0.2445875170964406,0.2475564599526303,0.24566929884339897,0.249894919438236,0.007371912651835766
2004-09-11,0.2660372952596991,0.2427194182206358,0.2429195716716149,0.247923407946092,0.234813356906962,0.2445875170964406,0.2466510038648678,0.2509212618563121,0.009591975569469887
2004-09-12,0.2683390599459586,0.2660372952596991,0.2427194182206358,0.2429195716716149,0.247923407946092,0.234813356906962,0.24961994672105758,0.2518686548576131,0.01264835658638636
2004-10-02,0.2492911231944491,0.2683390599459586,0.2660372952596991,0.2427194182206358,0.2429195716716149,0.247923407946092,0.25029189044934447,0.2520810399083742,0.012459987723277426
2004-10-03,0.2437535443840278,0.2492911231944491,0.2683390599459586,0.2660372952596991,0.2427194182206358,0.2429195716716149,0.2515690600889253,0.25205101689072734,0.010979181792637295
2004-10-05,0.2269072955932882,0.2437535443840278,0.2492911231944491,0.2683390599459586,0.2660372952596991,0.2427194182206358,0.24856675832423905,0.251084720507945,0.014462997236065882
2004-10-06,0.2335457183840945,0.2269072955932882,0.2437535443840278,0.2492911231944491,0.2683390599459586,0.2660372952596991,0.24722763642602189,0.24957022606220328,0.015471791136821294
2004-10-08,0.2432531607565801,0.2335457183840945,0.2269072955932882,0.2437535443840278,0.2492911231944491,0.2683390599459586,0.24730388535972822,0.24907540225283828,0.015447166158926494
2004-10-09,0.2444874403709511,0.2432531607565801,0.2335457183840945,0.2269072955932882,0.2437535443840278,0.2492911231944491,0.2442253346613356,0.248682879096196,0.013053345989472971
2004-10-11,0.2658705007172166,0.2444874403709511,0.2432531607565801,0.2335457183840945,0.2269072955932882,0.2437535443840278,0.2438726833429439,0.2498526648208071,0.012305215526645537
2004-10-12,0.2662708076191747,0.2658705007172166,0.2444874403709511,0.2432531607565801,0.2335457183840945,0.2269072955932882,0.24629835254647614,0.2507511314229799,0.014942330016977272
2004-11-02,0.2474230243186443,0.2662708076191747,0.2658705007172166,0.2444874403709511,0.2432531607565801,0.2335457183840945,0.24682256396570706,0.250886790984199,0.01490248644099729
2004-11-03,0.2425526236781532,0.2474230243186443,0.2662708076191747,0.2658705007172166,0.2444874403709511,0.2432531607565801,0.24905761083497352,0.2508945747295149,0.012377069166431354
2004-11-05,0.2270740901357708,0.2425526236781532,0.2474230243186443,0.2662708076191747,0.2658705007172166,0.2444874403709511,0.2481330925137844,0.2499416219101311,0.013879386891747546
2004-11-06,0.2334790005671015,0.2270740901357708,0.2425526236781532,0.2474230243186443,0.2662708076191747,0.2658705007172166,0.24673678391528744,0.24845270262757005,0.014905844579985386
2004-11-08,0.239483604096474,0.2334790005671015,0.2270740901357708,0.2425526236781532,0.2474230243186443,0.2662708076191747,0.2460219501617907,0.24784890638378312,0.015149683032403122
2004-11-10,0.2580645161290323,0.239483604096474,0.2334790005671015,0.2270740901357708,0.2425526236781532,0.2474230243186443,0.24490680950633584,0.2483348344842157,0.013659130286171335
2004-11-11,0.2661373719851887,0.2580645161290323,0.239483604096474,0.2334790005671015,0.2270740901357708,0.2425526236781532,0.24488774727290924,0.24865285607854914,0.01362439518700132
2004-12-01,0.2604329986322848,0.2661373719851887,0.2580645161290323,0.239483604096474,0.2334790005671015,0.2270740901357708,0.24674631503200076,0.24938452813823933,0.01485929650976745
2004-12-02,0.2513260166127365,0.2604329986322848,0.2661373719851887,0.2580645161290323,0.239483604096474,0.2334790005671015,0.24799965687979839,0.24952352359030813,0.014816560079160906
2004-12-03,0.2422523935016846,0.2513260166127365,0.2604329986322848,0.2661373719851887,0.2580645161290323,0.239483604096474,0.25016798593207173,0.24956133035327085,0.012106629396756517
2004-12-05,0.2317109784167862,0.2422523935016846,0.2513260166127365,0.2604329986322848,0.2661373719851887,0.2580645161290323,0.24991541133916956,0.24868176713257945,0.012524078066766095
2004-12-07,0.2478233312206025,0.2317109784167862,0.2422523935016846,0.2513260166127365,0.2604329986322848,0.2661373719851887,0.2511068009283308,0.24811355372452218,0.011738352534436974
2004-12-08,0.239683757547453,0.2478233312206025,0.2317109784167862,0.2422523935016846,0.2513260166127365,0.2604329986322848,0.24848097827381946,0.2471628248323715,0.011975983107265411
2004-12-10,0.2533942689395203,0.239683757547453,0.2478233312206025,0.2317109784167862,0.2422523935016846,0.2513260166127365,0.2466605349815811,0.2469704551267083,0.009572000122980333
2004-12-11,0.2676385228675318,0.2533942689395203,0.239683757547453,0.2478233312206025,0.2317109784167862,0.2422523935016846,0.24768989558661642,0.24763985722387166,0.011494326543073129
2005-01-02,0.257530773593088,0.2676385228675318,0.2533942689395203,0.239683757547453,0.2478233312206025,0.2317109784167862,0.24857628944095236,0.24807129910709325,0.012047398761001027
2005-01-03,0.265903859625713,0.257530773593088,0.2676385228675318,0.2533942689395203,0.239683757547453,0.2478233312206025,0.25195507031581355,0.24910764919771824,0.013236180269084906
2005-01-04,0.2617006371551523,0.265903859625713,0.257530773593088,0.2676385228675318,0.2533942689395203,0.239683757547453,0.2562393072784373,0.2495668901713536,0.010065194321974915
2005-01-06,0.253827934749975,0.2617006371551523,0.265903859625713,0.257530773593088,0.2676385228675318,0.2533942689395203,0.25709710778263334,0.2499305022739656,0.009466468304535808
2005-01-07,0.2653367581812724,0.253827934749975,0.2617006371551523,0.265903859625713,0.257530773593088,0.2676385228675318,0.26076182215889326,0.2506844136059868,0.005892654820855334
2005-01-08,0.2647029389198386,0.2653367581812724,0.253827934749975,0.2617006371551523,0.265903859625713,0.257530773593088,0.2623773464417959,0.2506399350613248,0.005021991884851548
2005-01-09,0.2700070053707843,0.2647029389198386,0.2653367581812724,0.253827934749975,0.2617006371551523,0.265903859625713,0.26271570108511766,0.2506955332421523,0.005493219242643058
2005-01-11,0.2832838509523969,0.2700070053707843,0.2647029389198386,0.2653367581812724,0.253827934749975,0.2617006371551523,0.2663947121364475,0.25182862416741725,0.00896727574332644
2005-01-12,0.3101377722920906,0.2832838509523969,0.2700070053707843,0.2647029389198386,0.2653367581812724,0.253827934749975,0.2727138425173586,0.25404143176435273,0.018780161162502532
2005-02-02,0.2579977983120393,0.3101377722920906,0.2832838509523969,0.2700070053707843,0.2647029389198386,0.2653367581812724,0.272184865539771,0.25507778185497776,0.019189751031650826
2005-02-03,0.2647696567368316,0.2579977983120393,0.3101377722920906,0.2832838509523969,0.2700070053707843,0.2647029389198386,0.2737479686807505,0.25611857980006897,0.01784369469170613
2005-02-06,0.2571971845081229,0.2647696567368316,0.2579977983120393,0.3101377722920906,0.2832838509523969,0.2700070053707843,0.27258517244172914,0.2565833805917871,0.018726540748862795
2005-02-08,0.2642692731093839,0.2571971845081229,0.2647696567368316,0.2579977983120393,0.3101377722920906,0.2832838509523969,0.2725232201830928,0.25724277501640147,0.018757654794547853
2005-02-09,0.2726757180505054,0.2642692731093839,0.2571971845081229,0.2647696567368316,0.2579977983120393,0.3101377722920906,0.2729044648516244,0.25746961559417775,0.018725081960147494
2005-02-11,0.2841511825733062,0.2726757180505054,0.2642692731093839,0.2571971845081229,0.2647696567368316,0.2579977983120393,0.27302836936889713,0.2580656280926488,0.018807895965355998
2005-02-12,0.3119725122593989,0.2841511825733062,0.2726757180505054,0.2642692731093839,0.2571971845081229,0.2647696567368316,0.2732904750785126,0.260217277690674,0.019414252875146223
2005-03-02,0.2545951896453948,0.3119725122593989,0.2841511825733062,0.2726757180505054,0.2642692731093839,0.2571971845081229,0.2728043881261348,0.26061869655624875,0.019897541972421894
2005-03-03,0.2637355305734397,0.2545951896453948,0.3119725122593989,0.2841511825733062,0.2726757180505054,0.2642692731093839,0.2726566558170788,0.26184074457083767,0.019970843556848035
2005-03-05,0.2622010207826,0.2637355305734397,0.2545951896453948,0.3119725122593989,0.2841511825733062,0.2726757180505054,0.27337148957057555,0.2627981452446876,0.019406853145166797
2005-03-06,0.2592987957434033,0.2622010207826,0.2637355305734397,0.2545951896453948,0.3119725122593989,0.2841511825733062,0.2726614213754355,0.2634586516329186,0.019880546115667582
2005-03-08,0.2666711145211329,0.2592987957434033,0.2622010207826,0.2637355305734397,0.2545951896453948,0.3119725122593989,0.2718036208712394,0.2637455382459886,0.02000895425812277
2005-03-10,0.2876872268739368,0.2666711145211329,0.2592987957434033,0.2622010207826,0.2637355305734397,0.2545951896453948,0.2723087700570438,0.2644638667422802,0.020413189905814363
2005-03-11,0.284851719651733,0.2876872268739368,0.2666711145211329,0.2592987957434033,0.2622010207826,0.2637355305734397,0.2684343711130915,0.26527782410959516,0.012775147106698618
2005-04-01,0.2621009440571105,0.284851719651733,0.2876872268739368,0.2666711145211329,0.2592987957434033,0.2622010207826,0.2695066217433366,0.26563698835774097,0.011688795249197116
2005-04-02,0.2541948827434366,0.2621009440571105,0.284851719651733,0.2876872268739368,0.2666711145211329,0.2592987957434033,0.26814367205333617,0.266035071332466,0.012960890151872233
2005-04-03,0.265903859625713,0.2541948827434366,0.2621009440571105,0.284851719651733,0.2876872268739368,0.2666711145211329,0.26867264903092375,0.26717483403943026,0.012751803664965906
2005-04-04,0.2595323081028789,0.265903859625713,0.2541948827434366,0.2621009440571105,0.284851719651733,0.2876872268739368,0.26870600793942023,0.26756513326883946,0.012723468456403236
2005-04-05,0.2628014811355373,0.2595323081028789,0.265903859625713,0.2541948827434366,0.2621009440571105,0.284851719651733,0.2681532031700494,0.2683357240551089,0.012909320864716514
2005-04-07,0.2618674316976349,0.2628014811355373,0.2595323081028789,0.265903859625713,0.2541948827434366,0.2621009440571105,0.26446466100200633,0.26861816281371276,0.009683308910960715
2005-04-08,0.269339827200854,0.2618674316976349,0.2628014811355373,0.2595323081028789,0.265903859625713,0.2541948827434366,0.26224867636616644,0.26867487295815684,0.004767245859780443
2005-04-10,0.2885879174033426,0.269339827200854,0.2618674316976349,0.2628014811355373,0.2595323081028789,0.265903859625713,0.26603252970134245,0.2697101110851653,0.01102928503024318
2005-04-11,0.2839510291223271,0.2885879174033426,0.269339827200854,0.2618674316976349,0.2628014811355373,0.2595323081028789,0.2702834077554697,0.2703116834017191,0.011433312118924819
2005-05-01,0.2609333822597325,0.2839510291223271,0.2885879174033426,0.269339827200854,0.2618674316976349,0.2628014811355373,0.2695733395603296,0.27028610823853844,0.011895635846185661
2005-05-04,0.2599993328218301,0.2609333822597325,0.2839510291223271,0.2885879174033426,0.269339827200854,0.2618674316976349,0.26964005737732266,0.2704918215076003,0.011831068186065127
2005-05-05,0.2630349934950128,0.2599993328218301,0.2609333822597325,0.2839510291223271,0.2885879174033426,0.269339827200854,0.26967341628581915,0.2704150960180583,0.011808880843791433
2005-05-07,0.2594322313773893,0.2630349934950128,0.2599993328218301,0.2609333822597325,0.2839510291223271,0.2885879174033426,0.26932553052578406,0.27023940576664335,0.012109220330810017
2005-05-08,0.2691063148413784,0.2594322313773893,0.2630349934950128,0.2599993328218301,0.2609333822597325,0.2839510291223271,0.2692921716172875,0.2702093827489965,0.01210949602257497
2005-05-09,0.2743103045668346,0.2691063148413784,0.2594322313773893,0.2630349934950128,0.2599993328218301,0.2609333822597325,0.2672525126406436,0.2699102645361444,0.009161274976741015
2005-05-10,0.285952563632118,0.2743103045668346,0.2691063148413784,0.2594322313773893,0.2630349934950128,0.2599993328218301,0.2675384461420422,0.2691040909141453,0.009779680497685867
2005-05-12,0.3140741234946793,0.285952563632118,0.2743103045668346,0.2691063148413784,0.2594322313773893,0.2630349934950128,0.2751299806041775,0.27097330175356665,0.01954642138249283
2005-06-01,0.2598325382793475,0.3140741234946793,0.285952563632118,0.2743103045668346,0.2691063148413784,0.2594322313773893,0.2751061528123943,0.2708087311383172,0.01956803004134658
2005-06-04,0.2607665877172499,0.2598325382793475,0.3140741234946793,0.285952563632118,0.2743103045668346,0.2691063148413784,0.27478209484414245,0.2709277112452881,0.019818433940311783
2005-06-05,0.2603662808152917,0.2607665877172499,0.2598325382793475,0.3140741234946793,0.285952563632118,0.2743103045668346,0.2749155304781285,0.2707976115021517,0.01970065435997216
2005-06-06,0.260833305534243,0.2603662808152917,0.2607665877172499,0.2598325382793475,0.3140741234946793,0.285952563632118,0.27373367200568055,0.27040286441827627,0.020344857008509448
2005-06-07,0.2592654368349068,0.260833305534243,0.2603662808152917,0.2607665877172499,0.2598325382793475,0.3140741234946793,0.27158440518683374,0.2695733395603296,0.021056040815785725
2005-06-09,0.2730426660439671,0.2592654368349068,0.260833305534243,0.2603662808152917,0.2607665877172499,0.2598325382793475,0.26974013410281217,0.2682756780198152,0.02013295112419492
2005-06-10,0.2914901424425393,0.2730426660439671,0.2592654368349068,0.260833305534243,0.2603662808152917,0.2607665877172499,0.26651385109536363,0.26950550977972004,0.01201882037255349
2005-06-12,0.3131400740567769,0.2914901424425393,0.2730426660439671,0.2592654368349068,0.260833305534243,0.2603662808152917,0.2741292133492821,0.27115232789583127,0.020777073862711697
2005-07-01,0.2583981052139974,0.3131400740567769,0.2914901424425393,0.2730426660439671,0.2592654368349068,0.260833305534243,0.2737908587059603,0.2710255640435445,0.021048465510613967
2005-07-02,0.2531941154885412,0.2583981052139974,0.3131400740567769,0.2914901424425393,0.2730426660439671,0.2592654368349068,0.2727662636592817,0.27082207470171576,0.02196544777851092
2005-07-03,0.2656036294492445,0.2531941154885412,0.2583981052139974,0.3131400740567769,0.2914901424425393,0.2730426660439671,0.2734477385042819,0.2707864918659862,0.021604561092993163
2005-07-04,0.262267738599593,0.2656036294492445,0.2531941154885412,0.2583981052139974,0.3131400740567769,0.2914901424425393,0.2738766387563799,0.2699391755901747,0.02130379226557714
2005-07-06,0.2596657437368649,0.262267738599593,0.2656036294492445,0.2531941154885412,0.2583981052139974,0.3131400740567769,0.2719656498553653,0.2690996430596791,0.02198029521367255
2005-07-07,0.2603996397237882,0.2596657437368649,0.262267738599593,0.2656036294492445,0.2531941154885412,0.2583981052139974,0.26752414946697234,0.269042932915235,0.020466552248964563
2005-07-09,0.2736431263969043,0.2603996397237882,0.2596657437368649,0.262267738599593,0.2656036294492445,0.2531941154885412,0.2618817283727048,0.269691207703684,0.006416767846932406
2005-07-10,0.2920906027954765,0.2736431263969043,0.2603996397237882,0.2596657437368649,0.262267738599593,0.2656036294492445,0.2666949423129161,0.27056409914267604,0.012814839849095653
2005-07-11,0.281282316442606,0.2920906027954765,0.2736431263969043,0.2603996397237882,0.2596657437368649,0.262267738599593,0.2707075424492111,0.271289099420667,0.012268748660920977
2005-07-12,0.3205791106514995,0.281282316442606,0.2920906027954765,0.2736431263969043,0.2603996397237882,0.2596657437368649,0.2785611826209618,0.2732150204045324,0.02210768682925368
2005-08-02,0.2509924275277713,0.3205791106514995,0.281282316442606,0.2920906027954765,0.2736431263969043,0.2603996397237882,0.27695042389641583,0.2728525202655369,0.023835886932914305
2005-08-03,0.2684391366714481,0.2509924275277713,0.3205791106514995,0.281282316442606,0.2920906027954765,0.2736431263969043,0.2782037657442134,0.27282249724789004,0.02299124042169071
2005-08-04,0.2603996397237882,0.2684391366714481,0.2509924275277713,0.3205791106514995,0.281282316442606,0.2920906027954765,0.2782037657442134,0.2718828879919049,0.02299124042169071
2005-08-06,0.2599659739133336,0.2603996397237882,0.2684391366714481,0.2509924275277713,0.3205791106514995,0.281282316442606,0.27624988681798907,0.2710833861516051,0.024002350358418915
2005-08-07,0.259865897187844,0.2599659739133336,0.2603996397237882,0.2684391366714481,0.2509924275277713,0.3205791106514995,0.2716463574454701,0.2710478033158755,0.023543705425957094
2005-08-08,0.2677385995930214,0.259865897187844,0.2599659739133336,0.2603996397237882,0.2684391366714481,0.2509924275277713,0.2697115407526723,0.27130577887491525,0.023173442584494608
2005-08-09,0.2759782499916603,0.2677385995930214,0.259865897187844,0.2599659739133336,0.2603996397237882,0.2684391366714481,0.26333998922983815,0.27173722075813683,0.008058493892762569
2005-08-11,0.2846849251092505,0.2759782499916603,0.2677385995930214,0.259865897187844,0.2599659739133336,0.2603996397237882,0.2681532031700494,0.2725789772158655,0.009403995175707556
2005-08-12,0.3207792641024786,0.2846849251092505,0.2759782499916603,0.2677385995930214,0.259865897187844,0.2599659739133336,0.27563036423162524,0.2743014088579022,0.02201770393758851
2005-09-02,0.2510257864362678,0.3207792641024786,0.2846849251092505,0.2759782499916603,0.2677385995930214,0.259865897187844,0.274291242333408,0.27352525825355,0.02334356894787784
2005-09-03,0.2699402875537913,0.2510257864362678,0.3207792641024786,0.2846849251092505,0.2759782499916603,0.2677385995930214,0.27571614428204483,0.27299151571760577,0.02261650702691313
2005-09-05,0.2605997931747674,0.2699402875537913,0.2510257864362678,0.3207792641024786,0.2846849251092505,0.2759782499916603,0.27582098656589105,0.27120903804027535,0.02253232912620722
2005-09-06,0.2585982586649765,0.2605997931747674,0.2699402875537913,0.2510257864362678,0.3207792641024786,0.2846849251092505,0.27451522357617036,0.27116789538646296,0.023329514187622205
2005-09-08,0.2658037829002235,0.2585982586649765,0.2605997931747674,0.2699402875537913,0.2510257864362678,0.3207792641024786,0.27306172827739367,0.27133580189256207,0.023539178708612336
2005-09-09,0.2757780965406812,0.2658037829002235,0.2585982586649765,0.2605997931747674,0.2699402875537913,0.2510257864362678,0.27178932419616947,0.2718495290834084,0.023041645169070892
2005-09-11,0.2853187443706843,0.2757780965406812,0.2658037829002235,0.2585982586649765,0.2605997931747674,0.2699402875537913,0.266723535663056,0.27266571037795645,0.011466618046772077
2005-09-12,0.3273176101677953,0.2853187443706843,0.2757780965406812,0.2658037829002235,0.2585982586649765,0.2605997931747674,0.27762236762470277,0.27493411615571944,0.023743879014687795
2005-10-01,0.2569303132401508,0.3273176101677953,0.2853187443706843,0.2757780965406812,0.2658037829002235,0.2585982586649765,0.2757637998656113,0.27439703772892554,0.02492521342475052
2005-10-02,0.2539280114754645,0.2569303132401508,0.3273176101677953,0.2853187443706843,0.2757780965406812,0.2658037829002235,0.2748106881942823,0.2731449666966897,0.025716704001839327
2005-10-03,0.2708743369916936,0.2539280114754645,0.2569303132401508,0.3273176101677953,0.2853187443706843,0.2757780965406812,0.2765644136695276,0.2717361087945202,0.02483014400065333
2005-10-05,0.2618674316976349,0.2708743369916936,0.2539280114754645,0.2569303132401508,0.3273176101677953,0.2853187443706843,0.2760020777834435,0.2718517530106415,0.025156883947031524
2005-10-06,0.258631617573473,0.2618674316976349,0.2708743369916936,0.2539280114754645,0.2569303132401508,0.3273176101677953,0.27355258078812805,0.2720330030801392,0.02600286949276009
2005-10-08,0.267972111952497,0.258631617573473,0.2618674316976349,0.2708743369916936,0.2539280114754645,0.2569303132401508,0.27107449044267273,0.2721119524969143,0.02551668681404827
2005-10-10,0.2924241918804417,0.267972111952497,0.258631617573473,0.2618674316976349,0.2708743369916936,0.2539280114754645,0.2660897164016222,0.2731171676062759,0.013071554773517194
2005-10-11,0.288287687226874,0.2924241918804417,0.267972111952497,0.258631617573473,0.2618674316976349,0.2708743369916936,0.2705693412568684,0.2740712323892762,0.01468320602911485
2005-11-01,0.2578310037695567,0.288287687226874,0.2924241918804417,0.267972111952497,0.258631617573473,0.2618674316976349,0.27112691158459584,0.27398561119080184,0.014004370913607012
2005-11-02,0.256163058344731,0.2578310037695567,0.288287687226874,0.2924241918804417,0.267972111952497,0.258631617573473,0.2690253003493155,0.2734029422557294,0.015108883421598357
2005-11-03,0.2727424358674984,0.256163058344731,0.2578310037695567,0.288287687226874,0.2924241918804417,0.267972111952497,0.2705788723735817,0.27275800335813016,0.014806288416685593
2005-11-04,0.2629349167695233,0.2727424358674984,0.256163058344731,0.2578310037695567,0.288287687226874,0.2924241918804417,0.27119362940158886,0.2721464233690274,0.014308533215428847
2005-11-05,0.2610001000767255,0.2629349167695233,0.2727424358674984,0.256163058344731,0.2578310037695567,0.288287687226874,0.2701976277050501,0.27016045634986824,0.014804224996194257
2005-11-07,0.259732461553858,0.2610001000767255,0.2629349167695233,0.2727424358674984,0.256163058344731,0.2578310037695567,0.26552738051553815,0.2704517908174045,0.011385748052417924
2005-11-08,0.2707742602662041,0.259732461553858,0.2610001000767255,0.2629349167695233,0.2727424358674984,0.256163058344731,0.2630254623782996,0.27052962827056304,0.006370407852518302
2005-11-10,0.2939587016712813,0.2707742602662041,0.259732461553858,0.2610001000767255,0.2629349167695233,0.2727424358674984,0.2681865620785459,0.2716482636688128,0.012825214873783977
2005-11-11,0.2881208926843914,0.2939587016712813,0.2707742602662041,0.259732461553858,0.2610001000767255,0.2629349167695233,0.2727519669842117,0.2725867609611814,0.013502032318320272
2005-12-01,0.2613336891616907,0.2881208926843914,0.2939587016712813,0.2707742602662041,0.259732461553858,0.2610001000767255,0.2711221460262392,0.2726356873603096,0.014175166215689388
2005-12-04,0.2618007138806418,0.2613336891616907,0.2881208926843914,0.2939587016712813,0.2707742602662041,0.259732461553858,0.27096011704211326,0.2724377578365636,0.014290361693904052
2005-12-05,0.2597658204623545,0.2618007138806418,0.2613336891616907,0.2881208926843914,0.2939587016712813,0.2707742602662041,0.27078379138291736,0.2718973435189201,0.01444056397129137
2005-12-07,0.2611001768022151,0.2597658204623545,0.2618007138806418,0.2613336891616907,0.2881208926843914,0.2939587016712813,0.2709791792755399,0.2711111852420189,0.014274409457782604
2005-12-08,0.2751109183707509,0.2611001768022151,0.2597658204623545,0.2618007138806418,0.2613336891616907,0.2881208926843914,0.27159870186190366,0.2695889070509613,0.01435789684410646
2005-12-09,0.2758448143576743,0.2751109183707509,0.2611001768022151,0.2597658204623545,0.2618007138806418,0.2613336891616907,0.2690110036742455,0.27041620798167487,0.010863408130005992
2005-12-10,0.2936918304033092,0.2758448143576743,0.2751109183707509,0.2611001768022151,0.2597658204623545,0.2618007138806418,0.2698068519198052,0.2712079260766588,0.012567176467785312
2005-12-12,0.3346565700370284,0.2936918304033092,0.2758448143576743,0.2751109183707509,0.2611001768022151,0.2597658204623545,0.2802815491877106,0.27367648530540084,0.026811875537445636
2006-01-02,0.3558394769323148,0.3346565700370284,0.2936918304033092,0.2758448143576743,0.2751109183707509,0.2611001768022151,0.29371565819509243,0.27691785924764545,0.037455289338688774
2006-01-03,0.3531707642525937,0.3558394769323148,0.3346565700370284,0.2936918304033092,0.2758448143576743,0.2751109183707509,0.3070592215936981,0.2798300919593911,0.039902705759740975
2006-01-06,0.3937018380758582,0.3531707642525937,0.3558394769323148,0.3346565700370284,0.2936918304033092,0.2758448143576743,0.3260023160613614,0.283760883343897,0.04552687660116185
2006-01-08,0.4018747706575041,0.3937018380758582,0.3531707642525937,0.3558394769323148,0.3346565700370284,0.2936918304033092,0.3441114378166118,0.28764608422012433,0.04709439444820591
2006-01-09,0.3910664843046336,0.4018747706575041,0.3937018380758582,0.3531707642525937,0.3558394769323148,0.3346565700370284,0.3605716763804631,0.2897710466913523,0.03863323324939966
2006-01-11,0.3864295960236182,0.3910664843046336,0.4018747706575041,0.3937018380758582,0.3531707642525937,0.3558394769323148,0.37381992861193586,0.2940876894508012,0.02556776997132093
2006-01-12,0.4095473196117024,0.3864295960236182,0.3910664843046336,0.4018747706575041,0.3937018380758582,0.3531707642525937,0.38451860712260355,0.2992749997220091,0.021846856858212995
2006-02-02,0.3584414717950429,0.4095473196117024,0.3864295960236182,0.3910664843046336,0.4018747706575041,0.3937018380758582,0.3848903206744219,0.3021939042154541,0.021292675615367677
2006-02-03,0.3528371751676286,0.3584414717950429,0.4095473196117024,0.3864295960236182,0.3910664843046336,0.4018747706575041,0.38484266509085535,0.30522622899778723,0.02137571125158664
2006-02-05,0.4177202521933483,0.3528371751676286,0.3584414717950429,0.4095473196117024,0.3864295960236182,0.3910664843046336,0.3882738671076397,0.31052918348511643,0.024703457739795594
2006-02-06,0.3985388798078527,0.4177202521933483,0.3528371751676286,0.3584414717950429,0.4095473196117024,0.3864295960236182,0.38779731127197525,0.31488140908029494,0.024427993217899534
2006-02-08,0.4133168762718084,0.3985388798078527,0.4177202521933483,0.3528371751676286,0.3584414717950429,0.4095473196117024,0.3909759386958574,0.3189111652266738,0.026300177804490156
2006-02-10,0.3774226907295594,0.4133168762718084,0.3985388798078527,0.4177202521933483,0.3528371751676286,0.3584414717950429,0.3896892379395633,0.32188233201009664,0.026775698628219966
2006-02-11,0.3908663308536545,0.3774226907295594,0.4133168762718084,0.3985388798078527,0.4177202521933483,0.3528371751676286,0.3870205252598421,0.3263168429128999,0.025360126743368388
2006-03-01,0.3303199119324816,0.3908663308536545,0.3774226907295594,0.4133168762718084,0.3985388798078527,0.4177202521933483,0.3830031595651905,0.3287887380324916,0.0320001011340101
2006-03-02,0.3563398605597625,0.3303199119324816,0.3908663308536545,0.3774226907295594,0.4133168762718084,0.3985388798078527,0.3835035431926382,0.33157531885556707,0.03147282173632206
2006-03-03,0.3536711478800414,0.3563398605597625,0.3303199119324816,0.3908663308536545,0.3774226907295594,0.4133168762718084,0.37435367114788004,0.3345998598925844,0.02908716376249541
2006-03-04,0.3683490676185075,0.3536711478800414,0.3563398605597625,0.3303199119324816,0.3908663308536545,0.3774226907295594,0.37004084083511646,0.3381781588106437,0.027071836481692525
2006-03-05,0.4261266971344698,0.3683490676185075,0.3536711478800414,0.3563398605597625,0.3303199119324816,0.3908663308536545,0.3718708152440681,0.3437246333299975,0.03067754980519409
2006-03-07,0.3923341228275012,0.4261266971344698,0.3683490676185075,0.3536711478800414,0.3563398605597625,0.3303199119324816,0.37400101982948836,0.34777662874870735,0.031630237661449276
2006-03-08,0.4066450945725056,0.3923341228275012,0.4261266971344698,0.3683490676185075,0.3536711478800414,0.3563398605597625,0.3762551289321814,0.35153284184541483,0.03353719689160217
2006-03-10,0.3651799713113387,0.4066450945725056,0.3923341228275012,0.4261266971344698,0.3683490676185075,0.3536711478800414,0.38123513741487525,0.3541014777996464,0.027651018715952377
2006-03-11,0.3922006871935151,0.3651799713113387,0.4066450945725056,0.3923341228275012,0.4261266971344698,0.3683490676185075,0.3863581126482685,0.35846371106737396,0.025508911389751473
2006-04-01,0.3299863228475165,0.3922006871935151,0.3651799713113387,0.4066450945725056,0.3923341228275012,0.4261266971344698,0.3829745662150506,0.360736564699603,0.03144685908020536
2006-04-04,0.3690162457884378,0.3299863228475165,0.3922006871935151,0.3651799713113387,0.4066450945725056,0.3923341228275012,0.38306987738218357,0.3643782455438059,0.03139611331164581
2006-04-05,0.4260599793174768,0.3690162457884378,0.3299863228475165,0.3922006871935151,0.3651799713113387,0.4066450945725056,0.3830603462654702,0.3698769056276479,0.03138087020196899
2006-04-07,0.3917003035660674,0.4260599793174768,0.3690162457884378,0.3299863228475165,0.3922006871935151,0.3651799713113387,0.382969800656694,0.3737632184674918,0.031350551905508076
2006-04-08,0.4118824432064583,0.3917003035660674,0.4260599793174768,0.3690162457884378,0.3299863228475165,0.3922006871935151,0.3837179933186872,0.3782978060957846,0.03206411660011312
2006-04-09,0.3948693998732362,0.4118824432064583,0.3917003035660674,0.4260599793174768,0.3690162457884378,0.3299863228475165,0.3879593402561011,0.3816703917447821,0.031153966792286346
2006-04-10,0.3594088801414418,0.3948693998732362,0.4118824432064583,0.3917003035660674,0.4260599793174768,0.3690162457884378,0.3832747963915192,0.3824954687482626,0.032830227361762505
2006-04-12,0.4077125796443941,0.3594088801414418,0.3948693998732362,0.4118824432064583,0.3917003035660674,0.4260599793174768,0.3943785473625018,0.38422457217199857,0.02366936772157817
2006-05-01,0.3268172265403476,0.4077125796443941,0.3594088801414418,0.3948693998732362,0.4118824432064583,0.3917003035660674,0.388350116041346,0.3833461209149237,0.03422554029468506
2006-05-04,0.3680154785335424,0.3268172265403476,0.4077125796443941,0.3594088801414418,0.3948693998732362,0.4118824432064583,0.38005804450078395,0.3824899089301798,0.0303822321760906
2006-05-05,0.429062281082163,0.3680154785335424,0.3268172265403476,0.4077125796443941,0.3594088801414418,0.3948693998732362,0.38539546986022616,0.3833961592776685,0.03560181744545869
2006-05-06,0.4049104313306869,0.429062281082163,0.3680154785335424,0.3268172265403476,0.4077125796443941,0.3594088801414418,0.3843994681636874,0.3838576241785369,0.034826393872587465
2006-05-07,0.3923674817359976,0.4049104313306869,0.429062281082163,0.3680154785335424,0.3268172265403476,0.4077125796443941,0.3840420512869391,0.38405555370228295,0.03471369039137871
2006-05-09,0.4022083597424692,0.3923674817359976,0.4049104313306869,0.429062281082163,0.3680154785335424,0.3268172265403476,0.3901562626585144,0.3838109217066418,0.033396053611355225
2006-05-10,0.3592087266904627,0.4022083597424692,0.3923674817359976,0.4049104313306869,0.429062281082163,0.3680154785335424,0.3832271408079527,0.38383649686982246,0.03416922345698594
2006-05-12,0.407645861827401,0.3592087266904627,0.4022083597424692,0.3923674817359976,0.4049104313306869,0.429062281082163,0.39477408870610325,0.3856634530918149,0.02410424049183619
2006-06-01,0.3338225973246156,0.407645861827401,0.3592087266904627,0.4022083597424692,0.3923674817359976,0.4049104313306869,0.3898893913905423,0.38286686459619046,0.0324502841958216
2006-06-02,0.3568402441872103,0.3338225973246156,0.407645861827401,0.3592087266904627,0.4022083597424692,0.3923674817359976,0.3795719575484062,0.38147691007550233,0.02924240762661036
2006-06-03,0.353837942422524,0.3568402441872103,0.3338225973246156,0.407645861827401,0.3592087266904627,0.4022083597424692,0.37227588770438297,0.3794942789471929,0.02822021514655376
2006-06-04,0.3720185475531241,0.353837942422524,0.3568402441872103,0.3338225973246156,0.407645861827401,0.3592087266904627,0.3693688971068295,0.3793141408413117,0.026818908660337162
2006-06-06,0.3950361944157188,0.3720185475531241,0.353837942422524,0.3568402441872103,0.3338225973246156,0.407645861827401,0.36834430206015095,0.3794531362933805,0.025457659129970504
2006-06-07,0.3943690162457885,0.3950361944157188,0.3720185475531241,0.353837942422524,0.3568402441872103,0.3338225973246156,0.3733672005680546,0.38158810643715746,0.026788601106411705
2006-06-09,0.4006404910431331,0.3943690162457885,0.3950361944157188,0.3720185475531241,0.353837942422524,0.3568402441872103,0.3723664333131592,0.3830647941199364,0.025388875205971412
2006-06-10,0.3508356406578377,0.4006404910431331,0.3943690162457885,0.3950361944157188,0.3720185475531241,0.353837942422524,0.3747968680750481,0.38297027721252963,0.021618543556703382
2006-06-11,0.3944357340627815,0.3508356406578377,0.4006404910431331,0.3943690162457885,0.3950361944157188,0.3720185475531241,0.3801676523429868,0.38383983276067213,0.021077223106726203
2006-06-12,0.4010407979450913,0.3944357340627815,0.3508356406578377,0.4006404910431331,0.3943690162457885,0.3950361944157188,0.3869109174176392,0.38300363612102617,0.018662034629634706
2006-07-02,0.3494679254094807,0.4010407979450913,0.3944357340627815,0.3508356406578377,0.4006404910431331,0.3943690162457885,0.3836893999685474,0.38157476287375874,0.023083821776025838
2006-07-03,0.345665009840878,0.3494679254094807,0.4010407979450913,0.3944357340627815,0.3508356406578377,0.4006404910431331,0.37663637360071295,0.37954209338270456,0.02635041176294696
2006-07-04,0.3701838075858158,0.345665009840878,0.3494679254094807,0.4010407979450913,0.3944357340627815,0.3508356406578377,0.37318134379214546,0.37970888792518714,0.02519819297956733
2006-07-06,0.3888647963438637,0.3701838075858158,0.345665009840878,0.3494679254094807,0.4010407979450913,0.3944357340627815,0.37149910169224976,0.37959769156353207,0.02338749638669141
2006-07-07,0.398038496180405,0.3888647963438637,0.3701838075858158,0.345665009840878,0.3494679254094807,0.4010407979450913,0.3782423667669023,0.381866097341295,0.023241161023183163
2006-07-08,0.4102144977816326,0.398038496180405,0.3888647963438637,0.3701838075858158,0.345665009840878,0.3494679254094807,0.38049647586959534,0.3832393724077348,0.02570776262969717
2006-07-09,0.3913667144811022,0.4102144977816326,0.398038496180405,0.3888647963438637,0.3701838075858158,0.345665009840878,0.37911446394616827,0.38208293024652235,0.024657850594969513
2006-07-11,0.3942022217033059,0.3913667144811022,0.4102144977816326,0.398038496180405,0.3888647963438637,0.3701838075858158,0.38550507770242903,0.38216632751776364,0.021255984072890765
2006-07-12,0.3955365780431665,0.3942022217033059,0.3913667144811022,0.4102144977816326,0.398038496180405,0.3888647963438637,0.39262958744561305,0.3816214653456539,0.012034607539302102
2006-08-02,0.3428295026186744,0.3955365780431665,0.3942022217033059,0.3913667144811022,0.4102144977816326,0.398038496180405,0.3887218295931643,0.3798868021038352,0.021363255397107643
2006-08-03,0.3401607899389532,0.3428295026186744,0.3955365780431665,0.3942022217033059,0.3913667144811022,0.4102144977816326,0.3817641143924629,0.3792451990970856,0.028159124081073468
2006-08-05,0.4273943356573373,0.3401607899389532,0.3428295026186744,0.3955365780431665,0.3942022217033059,0.3913667144811022,0.3859578057463103,0.3799012576308503,0.03279169070049647
2006-08-06,0.3863628782066251,0.4273943356573373,0.3401607899389532,0.3428295026186744,0.3955365780431665,0.3942022217033059,0.3825504315213092,0.38188611268639294,0.031043720394038205
2006-08-08,0.4077125796443941,0.3863628782066251,0.4273943356573373,0.3401607899389532,0.3428295026186744,0.3955365780431665,0.3848855551160652,0.38320934939008805,0.03240245024927589
2006-08-09,0.383694165526904,0.4077125796443941,0.3863628782066251,0.4273943356573373,0.3401607899389532,0.3428295026186744,0.3833844042337221,0.38169707887157933,0.03214124465541437
2006-08-11,0.3925009173699837,0.383694165526904,0.4077125796443941,0.3863628782066251,0.4273943356573373,0.3401607899389532,0.38295073842326743,0.3812834284062226,0.03196997724224451
2006-08-12,0.4019748473829936,0.3925009173699837,0.383694165526904,0.4077125796443941,0.3863628782066251,0.4273943356573373,0.39140007338959876,0.3816036739277891,0.027033747424373103
2006-09-01,0.3379924608866798,0.4019748473829936,0.3925009173699837,0.383694165526904,0.4077125796443941,0.3863628782066251,0.3910903120964168,0.37946314396592945,0.02772236834262141
2006-09-02,0.3505020515728725,0.3379924608866798,0.4019748473829936,0.3925009173699837,0.383694165526904,0.4077125796443941,0.3801057000843504,0.37917292146200976,0.02612779840632556
2006-09-03,0.3437301931480803,0.3505020515728725,0.3379924608866798,0.4019748473829936,0.3925009173699837,0.383694165526904,0.37401531650455827,0.37704239917269905,0.029212859380597006
2006-09-05,0.4379023918337392,0.3437301931480803,0.3505020515728725,0.3379924608866798,0.4019748473829936,0.3925009173699837,0.3783281468173219,0.3805117256563365,0.036368934163187296
2006-09-06,0.3876972345464857,0.4379023918337392,0.3437301931480803,0.3505020515728725,0.3379924608866798,0.4019748473829936,0.37890001382011923,0.3815402920016458,0.036498613348090556
2006-09-08,0.4097141141541849,0.3876972345464857,0.4379023918337392,0.3437301931480803,0.3505020515728725,0.3379924608866798,0.38135904193214804,0.38340283105936773,0.03811187287717445
2006-09-10,0.3605097241218268,0.4097141141541849,0.3876972345464857,0.4379023918337392,0.3437301931480803,0.3505020515728725,0.37543545289483843,0.3830192036116579,0.03759244027377376
2006-09-11,0.3938686326183407,0.3605097241218268,0.4097141141541849,0.3876972345464857,0.4379023918337392,0.3437301931480803,0.38341776314221854,0.3829802848850786,0.034085512368212674
2006-10-01,0.3393268172265404,0.3938686326183407,0.3605097241218268,0.4097141141541849,0.3876972345464857,0.4379023918337392,0.3818213010927426,0.3811455449177703,0.03608706953678471
2006-10-02,0.3483337225205992,0.3393268172265404,0.3938686326183407,0.3605097241218268,0.4097141141541849,0.3876972345464857,0.3824789481459595,0.3794019859670192,0.035310804397435606
2006-10-03,0.333655802782133,0.3483337225205992,0.3393268172265404,0.3938686326183407,0.3605097241218268,0.4097141141541849,0.36758657828144436,0.3788293247044957,0.029553849424673848
2006-10-04,0.3751876438602929,0.333655802782133,0.3483337225205992,0.3393268172265404,0.3938686326183407,0.3605097241218268,0.36579949389770255,0.3781877216977461,0.02849433307185471
2006-10-05,0.4436734830036362,0.3751876438602929,0.333655802782133,0.3483337225205992,0.3393268172265404,0.3938686326183407,0.370650832304767,0.3796088111996976,0.03838983810828031
2006-10-07,0.3943690162457885,0.4436734830036362,0.3751876438602929,0.333655802782133,0.3483337225205992,0.3393268172265404,0.3754878740367616,0.3811055142275745,0.03902693383024628
2006-10-08,0.4068786069319812,0.3943690162457885,0.4436734830036362,0.3751876438602929,0.333655802782133,0.3483337225205992,0.3773464417958531,0.3831459674639446,0.04033599569450208
2006-10-10,0.3579410881675952,0.4068786069319812,0.3943690162457885,0.4436734830036362,0.3751876438602929,0.333655802782133,0.38000562335886084,0.3827378768166706,0.03795508851030902
2006-10-11,0.3965707042065584,0.3579410881675952,0.4068786069319812,0.3943690162457885,0.4436734830036362,0.3751876438602929,0.38689662074256936,0.38299474041209375,0.0355490837883308
2006-11-01,0.3399272775794776,0.3965707042065584,0.3579410881675952,0.4068786069319812,0.3943690162457885,0.4436734830036362,0.38779254571361854,0.38105769979206283,0.03403023135962665
2006-11-04,0.3755212329452581,0.3399272775794776,0.3965707042065584,0.3579410881675952,0.4068786069319812,0.3943690162457885,0.387840201297185,0.37990125763085036,0.034009865106276495
2006-11-05,0.4540814624545485,0.3755212329452581,0.3399272775794776,0.3965707042065584,0.3579410881675952,0.4068786069319812,0.3893270555044582,0.38199174922996526,0.036957407315388206
2006-11-07,0.3975381125529573,0.4540814624545485,0.3755212329452581,0.3399272775794776,0.3965707042065584,0.3579410881675952,0.3897797835483395,0.38210294559162034,0.03704876310085048
2006-11-08,0.4067118123894986,0.3975381125529573,0.4540814624545485,0.3755212329452581,0.3399272775794776,0.3965707042065584,0.3897559557565562,0.38247545340316463,0.03703598463891769
2006-11-09,0.3690162457884378,0.4067118123894986,0.3975381125529573,0.4540814624545485,0.3755212329452581,0.3399272775794776,0.39133812113096234,0.3833483448421568,0.03566139833676293
2006-11-10,0.3597424692264069,0.3690162457884378,0.4067118123894986,0.3975381125529573,0.4540814624545485,0.3755212329452581,0.3860769447052264,0.3840010674850719,0.03743340184013778
2006-11-12,0.3948693998732362,0.3597424692264069,0.3690162457884378,0.4067118123894986,0.3975381125529573,0.4540814624545485,0.3939258193186204,0.3829169029589352,0.031421434040948486
2006-12-01,0.3386596390566101,0.3948693998732362,0.3597424692264069,0.3690162457884378,0.4067118123894986,0.3975381125529573,0.3886598773345279,0.381326794987268,0.03751744032104191
2006-12-04,0.3751876438602929,0.3386596390566101,0.3948693998732362,0.3597424692264069,0.3690162457884378,0.4067118123894986,0.3773893318210629,0.3802426304611313,0.024005870363406498
2006-12-05,0.4604196550688862,0.3751876438602929,0.3386596390566101,0.3948693998732362,0.3597424692264069,0.3690162457884378,0.3863724093233384,0.38280014677919744,0.03954086981677113
2006-12-06,0.3831604229909598,0.4604196550688862,0.3751876438602929,0.3386596390566101,0.3948693998732362,0.3597424692264069,0.38300792512354714,0.3824887969665633,0.03851032237551846
2006-12-07,0.4103812923241152,0.3831604229909598,0.4604196550688862,0.3751876438602929,0.3386596390566101,0.3948693998732362,0.3889172174857868,0.382769011797934,0.03917347224104997
2006-12-09,0.3708176268472496,0.4103812923241152,0.3831604229909598,0.4604196550688862,0.3751876438602929,0.3386596390566101,0.3904993828601929,0.3838631839966197,0.038004982302549374
2006-12-10,0.3590085732394836,0.3708176268472496,0.4103812923241152,0.3831604229909598,0.4604196550688862,0.3751876438602929,0.3853764076267997,0.38414673471884003,0.039697044377976505
2006-12-12,0.3957033725856491,0.3590085732394836,0.3708176268472496,0.4103812923241152,0.3831604229909598,0.4604196550688862,0.39352551241666234,0.3858791740334257,0.033947180470965586
2007-01-02,0.4171865096574041,0.3957033725856491,0.3590085732394836,0.3708176268472496,0.4103812923241152,0.3831604229909598,0.3995253503876782,0.3851886446275478,0.033877340876207425
2007-01-03,0.4239917269906929,0.4171865096574041,0.3957033725856491,0.3590085732394836,0.3708176268472496,0.4103812923241152,0.39432136066222206,0.3863984610423547,0.024450501109693143
2007-01-05,0.4261266971344698,0.4239917269906929,0.4171865096574041,0.3957033725856491,0.3590085732394836,0.3708176268472496,0.40045939982558065,0.38694554714169754,0.026489766112297506
2007-01-06,0.4213897321279648,0.4261266971344698,0.4239917269906929,0.4171865096574041,0.3957033725856491,0.3590085732394836,0.4020320340832734,0.3889748807419021,0.027485053095824774
2007-01-08,0.4208893485005171,0.4213897321279648,0.4261266971344698,0.4239917269906929,0.4171865096574041,0.3957033725856491,0.4091851371765974,0.38987557127130806,0.02434358150509203
2007-01-10,0.4720952730426661,0.4208893485005171,0.4213897321279648,0.4261266971344698,0.4239917269906929,0.4171865096574041,0.42534038000562335,0.3943011864651789,0.022980840908130976
2007-01-11,0.5039530306568369,0.4720952730426661,0.4208893485005171,0.4213897321279648,0.4261266971344698,0.4239917269906929,0.44080461687293593,0.3994884967363868,0.03365588748260069
2007-02-01,0.4035427160823298,0.5039530306568369,0.4720952730426661,0.4208893485005171,0.4213897321279648,0.4261266971344698,0.4388555035050682,0.40181806051306,0.0355910886203458
2007-02-02,0.407512426193415,0.4035427160823298,0.5039530306568369,0.4720952730426661,0.4208893485005171,0.4213897321279648,0.4365013176768856,0.40289555325749743,0.037244719629739645
2007-02-03,0.4116489308469827,0.407512426193415,0.4035427160823298,0.5039530306568369,0.4720952730426661,0.4208893485005171,0.43443306535010173,0.401828068185609,0.038303784729712076
2007-02-04,0.41588551222604,0.4116489308469827,0.407512426193415,0.4035427160823298,0.5039530306568369,0.4720952730426661,0.4336467482212553,0.4025452847182841,0.03867090782202452
2007-02-05,0.4233912666377556,0.41588551222604,0.4116489308469827,0.407512426193415,0.4035427160823298,0.5039530306568369,0.43400416509800366,0.40309570670847655,0.038544701533382915
2007-02-07,0.413550388631284,0.4233912666377556,0.41588551222604,0.4116489308469827,0.407512426193415,0.4035427160823298,0.42564061018209204,0.4049493500572661,0.03509972746632947
2007-02-08,0.4212229375854823,0.413550388631284,0.4233912666377556,0.41588551222604,0.4116489308469827,0.407512426193415,0.41382202545761276,0.40577109116989696,0.0070813513963693476
2007-02-10,0.4644227240884679,0.4212229375854823,0.413550388631284,0.4233912666377556,0.41588551222604,0.4116489308469827,0.42251916945848966,0.4099209393868633,0.01926204181755413
2007-02-11,0.5081228942189012,0.4644227240884679,0.4212229375854823,0.413550388631284,0.4233912666377556,0.41588551222604,0.4368920934621306,0.41434099476265135,0.03624657746698028
2007-03-01,0.4054441738666312,0.5081228942189012,0.4644227240884679,0.4212229375854823,0.413550388631284,0.4233912666377556,0.4360056996077946,0.41271975180972087,0.03703408519646454
2007-03-04,0.4198885812456217,0.4054441738666312,0.5081228942189012,0.4644227240884679,0.4212229375854823,0.413550388631284,0.436577566610592,0.41346476743280963,0.03670102437029773
2007-03-05,0.426527004036428,0.4198885812456217,0.4054441738666312,0.5081228942189012,0.4644227240884679,0.4212229375854823,0.4370255290961166,0.41412527382104064,0.03653199909517598
2007-03-07,0.4132167995463189,0.426527004036428,0.4198885812456217,0.4054441738666312,0.5081228942189012,0.4644227240884679,0.43697787351255013,0.41559862561296995,0.03656792591167134
2007-03-08,0.4240584448076859,0.4132167995463189,0.426527004036428,0.4198885812456217,0.4054441738666312,0.5081228942189012,0.4373829459728649,0.4177424914656793,0.03637953701143046
2007-03-09,0.4250592120625813,0.4240584448076859,0.4132167995463189,0.426527004036428,0.4198885812456217,0.4054441738666312,0.431759587112024,0.4187488185386574,0.034496845125803415
2007-03-10,0.4639223404610202,0.4250592120625813,0.4240584448076859,0.4132167995463189,0.426527004036428,0.4198885812456217,0.4254452222894696,0.42292424191880446,0.018548061671887484
2007-03-12,0.4999499616372552,0.4639223404610202,0.4250592120625813,0.4240584448076859,0.4132167995463189,0.426527004036428,0.4389460491138445,0.42708298584470317,0.03146212411610046
2007-04-01,0.3961703973046003,0.4999499616372552,0.4639223404610202,0.4250592120625813,0.4240584448076859,0.4132167995463189,0.43555773712227,0.424941343919227,0.03494137047129336
2007-04-04,0.4252260066050639,0.3961703973046003,0.4999499616372552,0.4639223404610202,0.4250592120625813,0.4240584448076859,0.43537188034636076,0.4263435300396971,0.03500082127297733
2007-04-05,0.43626780531741,0.4252260066050639,0.3961703973046003,0.4999499616372552,0.4639223404610202,0.4250592120625813,0.4386648811708024,0.42720641380614033,0.033626361271048476
2007-04-06,0.4244587517096441,0.43626780531741,0.4252260066050639,0.3961703973046003,0.4999499616372552,0.4639223404610202,0.4387220678710822,0.42899445130155345,0.03359770893179328
2007-04-07,0.4131500817293259,0.4244587517096441,0.43626780531741,0.4252260066050639,0.3961703973046003,0.4999499616372552,0.43702076353776,0.4307991682512149,0.03468868226607733
2007-04-09,0.4295626647096107,0.4131500817293259,0.4244587517096441,0.43626780531741,0.4252260066050639,0.3961703973046003,0.43211223843041574,0.43192781132201363,0.03261671639463291
2007-04-10,0.4607532441538513,0.4295626647096107,0.4131500817293259,0.4244587517096441,0.43626780531741,0.4252260066050639,0.42651270736135805,0.43338003580522855,0.019924726730941287
2007-04-12,0.5087900723888316,0.4607532441538513,0.4295626647096107,0.4131500817293259,0.4244587517096441,0.43626780531741,0.44260123237339105,0.43620664731849973,0.03270828887978388
2007-05-01,0.3833605764419389,0.5087900723888316,0.4607532441538513,0.4295626647096107,0.4131500817293259,0.4244587517096441,0.4366204566358018,0.4347811099620821,0.039530920523022824
2007-05-02,0.409980985422157,0.3833605764419389,0.5087900723888316,0.4607532441538513,0.4295626647096107,0.4131500817293259,0.4328651966507656,0.4344008184052218,0.04079825422141038
2007-05-03,0.401541181572539,0.409980985422157,0.3833605764419389,0.5087900723888316,0.4607532441538513,0.4295626647096107,0.4295912580597506,0.43375587950762257,0.0424705391455411
2007-05-04,0.4260599793174768,0.401541181572539,0.409980985422157,0.3833605764419389,0.5087900723888316,0.4607532441538513,0.4314355291437722,0.4322213697167829,0.04191425467842189
2007-05-06,0.4247256229776162,0.4260599793174768,0.401541181572539,0.409980985422157,0.3833605764419389,0.5087900723888316,0.4307445231820587,0.4295804561274756,0.041990080706403476
2007-05-07,0.4110484704940454,0.4247256229776162,0.4260599793174768,0.401541181572539,0.409980985422157,0.3833605764419389,0.4236438412306578,0.4298306479411994,0.040235710992191594
2007-05-09,0.4305634319645062,0.4110484704940454,0.4247256229776162,0.4260599793174768,0.401541181572539,0.409980985422157,0.41246860688432563,0.43059901480023577,0.016519047848355537
2007-05-10,0.4684257931080495,0.4305634319645062,0.4110484704940454,0.4247256229776162,0.4260599793174768,0.401541181572539,0.42462078069377,0.4324915768756047,0.021937318305704154
2007-05-11,0.5136271141208261,0.4684257931080495,0.4305634319645062,0.4110484704940454,0.4247256229776162,0.4260599793174768,0.4394273705078656,0.4357496302720975,0.038860077366856136
2007-05-12,0.5057877706241453,0.5136271141208261,0.4684257931080495,0.4305634319645062,0.4110484704940454,0.4247256229776162,0.45431974037238076,0.4384961804049772,0.041786150632371184
2007-06-02,0.4125496213763886,0.5057877706241453,0.5136271141208261,0.4684257931080495,0.4305634319645062,0.4110484704940454,0.4523896892379396,0.4384628214964807,0.043582388209794556
2007-06-03,0.4062114287620509,0.4125496213763886,0.5057877706241453,0.5136271141208261,0.4684257931080495,0.4305634319645062,0.4497448043500017,0.437962437869033,0.04603388360480746
2007-06-06,0.4235247022717417,0.4062114287620509,0.4125496213763886,0.5057877706241453,0.5136271141208261,0.4684257931080495,0.4515271231753869,0.4365991704751421,0.044501987810997984
2007-06-07,0.4095473196117024,0.4235247022717417,0.4062114287620509,0.4125496213763886,0.5057877706241453,0.5136271141208261,0.44852482141070066,0.4333133179882355,0.04680151771334977
2007-06-08,0.4247256229776162,0.4095473196117024,0.4235247022717417,0.4062114287620509,0.4125496213763886,0.5057877706241453,0.44228193996349585,0.4339560329586016,0.046618720402590685
2007-06-09,0.4358341395069554,0.4247256229776162,0.4095473196117024,0.4235247022717417,0.4062114287620509,0.4125496213763886,0.43116865787580005,0.4344875515673128,0.03446431859114605
2007-06-11,0.5254695266370885,0.4358341395069554,0.4247256229776162,0.4095473196117024,0.4235247022717417,0.4062114287620509,0.4339803373062205,0.4377856356540014,0.041625390106198944
2007-06-12,0.5114587850685526,0.5254695266370885,0.4358341395069554,0.4247256229776162,0.4095473196117024,0.4235247022717417,0.44811021783367255,0.44106036850474256,0.049230915465309076
2007-07-02,0.4128832104613538,0.5114587850685526,0.5254695266370885,0.4358341395069554,0.4247256229776162,0.4095473196117024,0.44906332950500144,0.44068786069319815,0.04834110189588403
2007-07-03,0.4079794509123662,0.4128832104613538,0.5114587850685526,0.5254695266370885,0.4358341395069554,0.4247256229776162,0.44684257931080495,0.44011853532152434,0.05003717663619265
2007-07-06,0.4228908830103079,0.4079794509123662,0.4128832104613538,0.5114587850685526,0.5254695266370885,0.4358341395069554,0.44874880265346295,0.43875082007316724,0.04861348547805839
2007-07-08,0.4223904993828603,0.4228908830103079,0.4079794509123662,0.4128832104613538,0.5114587850685526,0.5254695266370885,0.4484152135684978,0.43616550466468745,0.048813409769201996
2007-07-09,0.4444073789905595,0.4223904993828603,0.4228908830103079,0.4079794509123662,0.4128832104613538,0.5114587850685526,0.44963996206615553,0.4377734040542194,0.04855198775721522
2007-07-11,0.5334756646762518,0.4444073789905595,0.4223904993828603,0.4228908830103079,0.4079794509123662,0.4128832104613538,0.45078369607175034,0.44138172598992564,0.05068352521257609
2007-07-12,0.5054541815391801,0.5334756646762518,0.4444073789905595,0.4223904993828603,0.4228908830103079,0.4079794509123662,0.44992589556755425,0.4436879385306513,0.0495229966318386
2007-08-01,0.3833605764419389,0.5054541815391801,0.5334756646762518,0.4444073789905595,0.4223904993828603,0.4228908830103079,0.44570837642192357,0.44231799935506116,0.0542362610691932
2007-08-02,0.4143843613436969,0.3833605764419389,0.5054541815391801,0.5334756646762518,0.4444073789905595,0.4223904993828603,0.4466233636263993,0.4423591420088735,0.05354327498702781
2007-08-03,0.4132167995463189,0.4143843613436969,0.3833605764419389,0.5054541815391801,0.5334756646762518,0.4444073789905595,0.44524135170297235,0.44181427983676375,0.05437629993352919
2007-08-05,0.4332321446442273,0.4132167995463189,0.4143843613436969,0.3833605764419389,0.5054541815391801,0.5334756646762518,0.4467901581688819,0.44089690985310964,0.05376795817663948
2007-08-06,0.4138839777162492,0.4332321446442273,0.4132167995463189,0.4143843613436969,0.3833605764419389,0.5054541815391801,0.44242967227255187,0.4377333733640236,0.055211717013560604
2007-08-08,0.4273943356573373,0.4138839777162492,0.4332321446442273,0.4132167995463189,0.4143843613436969,0.3833605764419389,0.4272751966984213,0.4392011653378702,0.037901371739429514
2007-08-10,0.4662574640557761,0.4273943356573373,0.4138839777162492,0.4332321446442273,0.4132167995463189,0.4143843613436969,0.42167566562936354,0.44107704795899083,0.025190157266340434
2007-08-11,0.5378790405977917,0.4662574640557761,0.4273943356573373,0.4138839777162492,0.4332321446442273,0.4132167995463189,0.4437497319373425,0.4456216432598326,0.04551847904907687
2007-09-01,0.3834272942589319,0.5378790405977917,0.4662574640557761,0.4273943356573373,0.4138839777162492,0.4332321446442273,0.4393272937823761,0.4442005537578811,0.05011845533727988
2007-09-02,0.4200553757881042,0.3834272942589319,0.5378790405977917,0.4662574640557761,0.4273943356573373,0.4138839777162492,0.44030423324548834,0.444044878851564,0.04958851586018376
2007-09-03,0.4118824432064583,0.4200553757881042,0.3834272942589319,0.5378790405977917,0.4662574640557761,0.4273943356573373,0.43725427589723553,0.4440726779419778,0.050739191729782265
2007-09-05,0.4323981719318144,0.4118824432064583,0.4200553757881042,0.3834272942589319,0.5378790405977917,0.4662574640557761,0.4398991607851735,0.44413383594088807,0.04979162657266671
2007-09-07,0.4178870467358309,0.4323981719318144,0.4118824432064583,0.4200553757881042,0.3834272942589319,0.5378790405977917,0.43854097665352965,0.4424492110618141,0.05031647564003709
2007-09-08,0.4187877372652367,0.4178870467358309,0.4323981719318144,0.4118824432064583,0.4200553757881042,0.3834272942589319,0.431759587112024,0.4392878984999611,0.04914360319279173
2007-09-10,0.4677586149381193,0.4187877372652367,0.4178870467358309,0.4323981719318144,0.4118824432064583,0.4200553757881042,0.4217423834463565,0.4380202599770936,0.02524131342321231
2007-09-11,0.5314741301664611,0.4677586149381193,0.4187877372652367,0.4178870467358309,0.4323981719318144,0.4118824432064583,0.44289193143314637,0.441984410270096,0.04332941637128963
2007-10-01,0.3826266804550156,0.5314741301664611,0.4677586149381193,0.4187877372652367,0.4178870467358309,0.4323981719318144,0.4375449749569909,0.44119825199319485,0.04860537099142113
2007-10-04,0.4286619741802048,0.3826266804550156,0.5314741301664611,0.4677586149381193,0.4187877372652367,0.4178870467358309,0.43994205081038323,0.4413694943901436,0.047530714444639195
2007-10-05,0.4260599793174768,0.4286619741802048,0.3826266804550156,0.5314741301664611,0.4677586149381193,0.4187877372652367,0.4390365947226207,0.44191991638033606,0.04775820302841278
2007-10-07,0.4181872769122995,0.4260599793174768,0.4286619741802048,0.3826266804550156,0.5314741301664611,0.4677586149381193,0.4390794847478305,0.4417019715114922,0.0477361734523708
2007-10-08,0.4227240884678254,0.4181872769122995,0.4260599793174768,0.4286619741802048,0.3826266804550156,0.5314741301664611,0.4396418206339146,0.44126496981018787,0.047479792114270745
2007-10-09,0.4460753244153852,0.4227240884678254,0.4181872769122995,0.4260599793174768,0.4286619741802048,0.3826266804550156,0.4365442077020955,0.43861849640279776,0.04602472770717893
2007-10-10,0.4712613003302532,0.4460753244153852,0.4227240884678254,0.4181872769122995,0.4260599793174768,0.4286619741802048,0.42794237486835157,0.4372785802448544,0.027034850988688533
2007-10-12,0.5167962104279948,0.4712613003302532,0.4460753244153852,0.4227240884678254,0.4181872769122995,0.4260599793174768,0.4471094505787771,0.44074234691040914,0.03571916712904714
2007-11-01,0.3850285218667645,0.5167962104279948,0.4712613003302532,0.4460753244153852,0.4227240884678254,0.4181872769122995,0.4408761002482856,0.4399773159422224,0.042616317556049596
2007-11-04,0.4291957167161491,0.3850285218667645,0.5167962104279948,0.4712613003302532,0.4460753244153852,0.4227240884678254,0.44132406273381025,0.44018747706575045,0.042450780046878536
2007-11-05,0.4230576775527905,0.4291957167161491,0.3850285218667645,0.5167962104279948,0.4712613003302532,0.4460753244153852,0.4420198342538804,0.4402097163380815,0.0420463506995647
2007-11-06,0.4105814457750942,0.4230576775527905,0.4291957167161491,0.3850285218667645,0.5167962104279948,0.4712613003302532,0.44028517101206166,0.43908218523089926,0.04320948335660835
2007-11-07,0.4190546085332088,0.4105814457750942,0.4230576775527905,0.4291957167161491,0.3850285218667645,0.5167962104279948,0.4364250687431793,0.4352681500261312,0.04380879837757264
2007-11-09,0.4465089902258398,0.4190546085332088,0.4105814457750942,0.4230576775527905,0.4291957167161491,0.3850285218667645,0.4328890244425488,0.43330331031568653,0.041464567339534776
2007-11-10,0.4764319311472129,0.4465089902258398,0.4190546085332088,0.4105814457750942,0.4230576775527905,0.4291957167161491,0.4271226988310085,0.43640568880586234,0.028689944100141654
2007-11-12,0.5162958268005472,0.4764319311472129,0.4465089902258398,0.4190546085332088,0.4105814457750942,0.4230576775527905,0.44587517096440604,0.439802737654424,0.03798468527927503
2007-12-01,0.3901991526837242,0.5162958268005472,0.4764319311472129,0.4465089902258398,0.4190546085332088,0.4105814457750942,0.4403042332454882,0.43903548275900417,0.043323175635157175
2007-12-02,0.4200887346966007,0.3901991526837242,0.5162958268005472,0.4764319311472129,0.4465089902258398,0.4190546085332088,0.4398800985517468,0.43859736909408326,0.04353417957830712
2007-12-03,0.4088801414417721,0.4200887346966007,0.3901991526837242,0.5162958268005472,0.4764319311472129,0.4465089902258398,0.4396370550755579,0.43843057455160067,0.043729321865143576
2007-12-04,0.4285618974547153,0.4088801414417721,0.4200887346966007,0.3901991526837242,0.5162958268005472,0.4764319311472129,0.44099523920720174,0.43846949327817997,0.043127004120430294
2007-12-06,0.4085465523568069,0.4285618974547153,0.4088801414417721,0.4200887346966007,0.3901991526837242,0.5162958268005472,0.43557203379733994,0.43654579622154766,0.04467711687955808
2007-12-07,0.4218901157554125,0.4085465523568069,0.4285618974547153,0.4088801414417721,0.4200887346966007,0.3901991526837242,0.42778034588422553,0.43267949872680167,0.040965350200167755
2007-12-09,0.4477432698402109,0.4218901157554125,0.4085465523568069,0.4285618974547153,0.4088801414417721,0.4200887346966007,0.4179871234613204,0.434823364579511,0.01807916404403822
2007-12-10,0.4767655202321781,0.4477432698402109,0.4218901157554125,0.4085465523568069,0.4285618974547153,0.4088801414417721,0.4303537473968138,0.43671370272764676,0.02440400216245297
2007-12-11,0.5127931414084131,0.4767655202321781,0.4477432698402109,0.4218901157554125,0.4085465523568069,0.4285618974547153,0.44359723406992985,0.44007739266771195,0.0388082584718498
2007-12-12,0.5197985121926811,0.5127931414084131,0.4767655202321781,0.4477432698402109,0.4218901157554125,0.4085465523568069,0.459442715605774,0.4429907373430742,0.04449773182417466
2008-01-02,0.5870167128131568,0.5197985121926811,0.5127931414084131,0.4767655202321781,0.4477432698402109,0.4218901157554125,0.48207911779983714,0.448628392878985,0.06273614286401977
2008-01-04,0.5690029022250392,0.5870167128131568,0.5197985121926811,0.5127931414084131,0.4767655202321781,0.4477432698402109,0.5050014534952988,0.4536355650443118,0.06067071442184982
2008-01-05,0.5458184608199621,0.5690029022250392,0.5870167128131568,0.5197985121926811,0.5127931414084131,0.4767655202321781,0.5227055027902345,0.45623755990703985,0.049413415227567134
2008-01-07,0.6021950161790707,0.5458184608199621,0.5690029022250392,0.5870167128131568,0.5197985121926811,0.5127931414084131,0.5447700379815001,0.45859492277412683,0.044612132139524315
2008-01-08,0.5855155619308137,0.6021950161790707,0.5458184608199621,0.5690029022250392,0.5870167128131568,0.5197985121926811,0.5603057582241624,0.4653578854899868,0.03485093749954914
2008-01-09,0.525302732094606,0.5855155619308137,0.6021950161790707,0.5458184608199621,0.5690029022250392,0.5870167128131568,0.5620928426079043,0.46857924408713353,0.032230768051063674
2008-01-10,0.5638322714080796,0.525302732094606,0.5855155619308137,0.6021950161790707,0.5458184608199621,0.5690029022250392,0.5683833796386755,0.47317165382348697,0.02636333846240263
2008-01-12,0.4957800980751911,0.5638322714080796,0.525302732094606,0.5855155619308137,0.6021950161790707,0.5458184608199621,0.5553495775332518,0.4757580811955833,0.03629744962719125
2008-02-01,0.5416485972578978,0.4957800980751911,0.5638322714080796,0.525302732094606,0.5855155619308137,0.6021950161790707,0.551441819680803,0.47972223148858567,0.03605421538452773
2008-02-04,0.5705040531073824,0.5416485972578978,0.4957800980751911,0.5638322714080796,0.525302732094606,0.5855155619308137,0.5549683328647201,0.483869855778319,0.036615413861835026
2008-02-05,0.5461520499049272,0.5705040531073824,0.5416485972578978,0.4957800980751911,0.5638322714080796,0.525302732094606,0.5469621948255569,0.4863662140974748,0.030118683840983856
2008-02-06,0.5693364913100044,0.5461520499049272,0.5705040531073824,0.5416485972578978,0.4957800980751911,0.5638322714080796,0.544650899022584,0.48811755679354174,0.027140569595712247
2008-02-07,0.6006938652967275,0.5693364913100044,0.5461520499049272,0.5705040531073824,0.5416485972578978,0.4957800980751911,0.5554210609086014,0.4953064015745406,0.03259384119700404
2008-02-09,0.5094572505587618,0.6006938652967275,0.5693364913100044,0.5461520499049272,0.5705040531073824,0.5416485972578978,0.5476532007872703,0.49798178603596094,0.036500449192693754
2008-02-10,0.5451512826500318,0.5094572505587618,0.6006938652967275,0.5693364913100044,0.5461520499049272,0.5705040531073824,0.5547062271551046,0.5020515728725357,0.028754481651795262
2008-02-12,0.4971144544150516,0.5451512826500318,0.5094572505587618,0.6006938652967275,0.5693364913100044,0.5461520499049272,0.5483442067489838,0.5049360064938676,0.03611072036956771
2008-03-01,0.5497214531140542,0.4971144544150516,0.5451512826500318,0.5094572505587618,0.6006938652967275,0.5693364913100044,0.545375263892794,0.5092915679798957,0.03481628071940302
2008-03-03,0.636221102845515,0.5497214531140542,0.4971144544150516,0.5451512826500318,0.5094572505587618,0.6006938652967275,0.5582422714557352,0.5156153050672183,0.04893275026662522
2008-03-04,0.5748407112119293,0.636221102845515,0.5497214531140542,0.4971144544150516,0.5451512826500318,0.5094572505587618,0.5590285885845816,0.5188955977360421,0.04918431782203009
2008-03-06,0.5633318877806319,0.5748407112119293,0.636221102845515,0.5497214531140542,0.4971144544150516,0.5451512826500318,0.5536911632251394,0.5204634664353783,0.04582155433837591
2008-03-07,0.5998598925843147,0.5633318877806319,0.5748407112119293,0.636221102845515,0.5497214531140542,0.4971144544150516,0.5666058263716469,0.527452157765398,0.043979316963504524
2008-03-09,0.5127931414084131,0.5998598925843147,0.5633318877806319,0.5748407112119293,0.636221102845515,0.5497214531140542,0.5619832347657014,0.5305423046557917,0.048116198014148244
2008-03-10,0.5291390065717051,0.5127931414084131,0.5998598925843147,0.5633318877806319,0.5748407112119293,0.636221102845515,0.5665581707880805,0.5345509334934562,0.04206202850599901
2008-03-11,0.4634219568335724,0.5291390065717051,0.5127931414084131,0.5998598925843147,0.5633318877806319,0.5748407112119293,0.5542296713194402,0.5357129354727515,0.057597664485396674
2008-03-12,0.4879407545785102,0.4634219568335724,0.5291390065717051,0.5127931414084131,0.5998598925843147,0.5633318877806319,0.5330467644241538,0.5383594088801416,0.0490502506828182
2008-04-01,0.5471528171598226,0.4879407545785102,0.4634219568335724,0.5291390065717051,0.5127931414084131,0.5998598925843147,0.5290913509881386,0.5425348322602885,0.04614883931335138
2008-04-02,0.5730059712446209,0.5471528171598226,0.4879407545785102,0.4634219568335724,0.5291390065717051,0.5127931414084131,0.5304733629115655,0.5467102556404355,0.04747104737548752
2008-04-03,0.6337191847082765,0.5730059712446209,0.5471528171598226,0.4879407545785102,0.4634219568335724,0.5291390065717051,0.5353104046435602,0.5519420444563055,0.05657212570837673
2008-04-04,0.5808453147413017,0.6337191847082765,0.5730059712446209,0.5471528171598226,0.4879407545785102,0.4634219568335724,0.5450321436911156,0.5542104502340685,0.057889618911386914
2008-04-06,0.5661673950028356,0.5808453147413017,0.6337191847082765,0.5730059712446209,0.5471528171598226,0.4879407545785102,0.5503219134669914,0.5557560796610735,0.05788707866293728
2008-04-07,0.5980251526170065,0.5661673950028356,0.5808453147413017,0.6337191847082765,0.5730059712446209,0.5471528171598226,0.5695509414360534,0.5561230276545353,0.04516855691526197
2008-04-08,0.5810121092837843,0.5980251526170065,0.5661673950028356,0.5808453147413017,0.6337191847082765,0.5730059712446209,0.5828468492510925,0.5565233345564934,0.02730951854809488
2008-04-09,0.5142942922907563,0.5810121092837843,0.5980251526170065,0.5661673950028356,0.5808453147413017,0.6337191847082765,0.5781527742697975,0.5554725289388531,0.03593050602512608
2008-04-11,0.4712613003302532,0.5142942922907563,0.5810121092837843,0.5980251526170065,0.5661673950028356,0.5808453147413017,0.5636178212820305,0.5511080717438925,0.054262404404310474
2008-04-12,0.4926110017680222,0.4712613003302532,0.5142942922907563,0.5810121092837843,0.5980251526170065,0.5661673950028356,0.5434595094334228,0.5480112530717995,0.04991612247493708
2008-05-02,0.5688361076825567,0.4926110017680222,0.4712613003302532,0.5142942922907563,0.5810121092837843,0.5980251526170065,0.5417439084250306,0.5494623655913978,0.04860621700639542
2008-05-03,0.6268806084664911,0.5688361076825567,0.4926110017680222,0.4712613003302532,0.5142942922907563,0.5810121092837843,0.5504172246341243,0.5515639768266782,0.05816721884493861
2008-05-06,0.5629982986956668,0.6268806084664911,0.5688361076825567,0.4926110017680222,0.4712613003302532,0.5142942922907563,0.5454133883596473,0.5538045835140275,0.05479819349883732
2008-05-08,0.5651666277479401,0.5629982986956668,0.6268806084664911,0.5688361076825567,0.4926110017680222,0.4712613003302532,0.5431497481402409,0.5545885178636956,0.05339179888648984
2008-05-09,0.5161290322580646,0.5651666277479401,0.5629982986956668,0.6268806084664911,0.5688361076825567,0.4926110017680222,0.5434118538498564,0.5527760171687183,0.05323079620654276
2008-05-11,0.4796010274543817,0.5161290322580646,0.5651666277479401,0.5629982986956668,0.6268806084664911,0.5688361076825567,0.5446032434390176,0.5505576497537,0.05140896373965519
2008-05-12,0.4764319311472129,0.4796010274543817,0.5161290322580646,0.5651666277479401,0.5629982986956668,0.6268806084664911,0.5422919476360448,0.547460831081607,0.054412053389392714
2008-06-02,0.579177369316476,0.4764319311472129,0.4796010274543817,0.5161290322580646,0.5651666277479401,0.5629982986956668,0.5437692707266047,0.546743614548932,0.055384555367707346
2008-06-03,0.6282149648063516,0.579177369316476,0.4764319311472129,0.4796010274543817,0.5161290322580646,0.5651666277479401,0.5439598930608706,0.5507022050238517,0.05571956608656177
2008-06-05,0.5638322714080796,0.6282149648063516,0.579177369316476,0.4764319311472129,0.4796010274543817,0.5161290322580646,0.5440790320197867,0.5513249046491199,0.05576792901938534
2008-06-06,0.5708376421923476,0.5638322714080796,0.6282149648063516,0.579177369316476,0.4764319311472129,0.4796010274543817,0.5448891769404163,0.5537823442416965,0.056165104266933864
2008-06-08,0.5634986823231145,0.5708376421923476,0.5638322714080796,0.6282149648063516,0.579177369316476,0.4764319311472129,0.551656269806852,0.5542415852153317,0.0549632097729799
2008-06-10,0.5608299696433934,0.5634986823231145,0.5708376421923476,0.5638322714080796,0.6282149648063516,0.579177369316476,0.5632604044052822,0.5517285474419277,0.044861516193466795
2008-06-11,0.4801014110818294,0.5608299696433934,0.5634986823231145,0.5708376421923476,0.5638322714080796,0.6282149648063516,0.5637846158245131,0.5485705707709244,0.04368379682448735
2008-07-01,0.5499883243820263,0.4801014110818294,0.5608299696433934,0.5634986823231145,0.5708376421923476,0.5638322714080796,0.5596147522624488,0.5481257853243042,0.04336152498209397
2008-07-02,0.5770090402642026,0.5499883243820263,0.4801014110818294,0.5608299696433934,0.5634986823231145,0.5708376421923476,0.552299620184999,0.5473640902469672,0.0329224469662721
2008-07-03,0.6255462521266305,0.5770090402642026,0.5499883243820263,0.4801014110818294,0.5608299696433934,0.5634986823231145,0.561115903144792,0.5511225272709077,0.04318816237398819
2008-07-04,0.5948560563098376,0.6255462521266305,0.5770090402642026,0.5499883243820263,0.4801014110818294,0.5608299696433934,0.5645471051615764,0.5533130955955122,0.04500514398374176
2008-07-05,0.5559929279113989,0.5948560563098376,0.6255462521266305,0.5770090402642026,0.5499883243820263,0.4801014110818294,0.5634748545313312,0.5563987946314397,0.04512354266910781
2008-07-07,0.5883510691530174,0.5559929279113989,0.5948560563098376,0.6255462521266305,0.5770090402642026,0.5499883243820263,0.5674064401755632,0.5597458051172566,0.04604424266607258
2008-07-08,0.5581612569636722,0.5883510691530174,0.5559929279113989,0.5948560563098376,0.6255462521266305,0.5770090402642026,0.5785578467301121,0.5601127531107183,0.02681188146669047
2008-07-10,0.5616639423558062,0.5581612569636722,0.5883510691530174,0.5559929279113989,0.5948560563098376,0.6255462521266305,0.5802257921549379,0.5597346854810912,0.025043209428679557
2008-07-11,0.4672582313106715,0.5616639423558062,0.5581612569636722,0.5883510691530174,0.5559929279113989,0.5948560563098376,0.5645471051615764,0.5541859870345043,0.04965472075653663
2008-08-01,0.5594956133035328,0.4672582313106715,0.5616639423558062,0.5581612569636722,0.5883510691530174,0.5559929279113989,0.5551112996154195,0.553474330319912,0.04178302768639244
2008-08-02,0.5880174800680522,0.5594956133035328,0.4672582313106715,0.5616639423558062,0.5581612569636722,0.5883510691530174,0.5541343601523073,0.5542026664887525,0.04076644569604526
2008-08-04,0.5871835073556394,0.5880174800680522,0.5594956133035328,0.4672582313106715,0.5616639423558062,0.5581612569636722,0.5585901572157702,0.5538412783133737,0.04266386357834295
2008-08-05,0.5618307368982888,0.5871835073556394,0.5880174800680522,0.5594956133035328,0.4672582313106715,0.5616639423558062,0.5548015383222377,0.5532018992338571,0.04071352268818438
2008-08-07,0.5911865763752211,0.5618307368982888,0.5871835073556394,0.5880174800680522,0.5594956133035328,0.4672582313106715,0.559519441095316,0.5557649753700059,0.043016118329493314
2008-08-08,0.5454848717349969,0.5911865763752211,0.5618307368982888,0.5871835073556394,0.5880174800680522,0.5594956133035328,0.5572081452923433,0.5582390944168307,0.04331530570570728
2008-08-09,0.5157954431730994,0.5454848717349969,0.5911865763752211,0.5618307368982888,0.5871835073556394,0.5880174800680522,0.5641420327012615,0.5590119091303334,0.02752201409654821
2008-08-10,0.5795109584014412,0.5157954431730994,0.5454848717349969,0.5911865763752211,0.5618307368982888,0.5871835073556394,0.5670013677152484,0.5593677374876295,0.0279944984073842
2008-08-12,0.4886079327484405,0.5795109584014412,0.5157954431730994,0.5454848717349969,0.5911865763752211,0.5618307368982888,0.5528000038124468,0.5547586482970278,0.038717468402640565
2008-09-01,0.5618307368982888,0.4886079327484405,0.5795109584014412,0.5157954431730994,0.5454848717349969,0.5911865763752211,0.5491781794613967,0.5547197295704486,0.03605957963290456
2008-09-04,0.5885178636955,0.5618307368982888,0.4886079327484405,0.5795109584014412,0.5157954431730994,0.5454848717349969,0.5529906261467125,0.5554981041020339,0.038917733741952946
2008-09-05,0.5611635587283584,0.5885178636955,0.5618307368982888,0.4886079327484405,0.5795109584014412,0.5157954431730994,0.5487016236257322,0.5569992549843769,0.0355120576058512
2008-09-06,0.5746739166694467,0.5611635587283584,0.5885178636955,0.5618307368982888,0.4886079327484405,0.5795109584014412,0.5528714871877963,0.5601683512915459,0.03676306024337081
2008-09-07,0.5953564399372854,0.5746739166694467,0.5611635587283584,0.5885178636955,0.5618307368982888,0.4886079327484405,0.5642373438683944,0.5641325015845483,0.035672573205255347
2008-09-09,0.4982820162124296,0.5953564399372854,0.5746739166694467,0.5611635587283584,0.5885178636955,0.5618307368982888,0.5526332092699643,0.5614359898144133,0.042444915756302604
2008-09-10,0.5661673950028356,0.4982820162124296,0.5953564399372854,0.5746739166694467,0.5611635587283584,0.5885178636955,0.5637131324491634,0.5593677374876296,0.03171227550847768
2008-09-12,0.4889415218334056,0.5661673950028356,0.4982820162124296,0.5953564399372854,0.5746739166694467,0.5611635587283584,0.5533003874398945,0.5568713791684736,0.042548568401732594
2008-10-01,0.5666677786302833,0.4889415218334056,0.5661673950028356,0.4982820162124296,0.5953564399372854,0.5746739166694467,0.5501789467162921,0.5567323837164049,0.04027508908806088
2008-10-03,0.6233779230743571,0.5666677786302833,0.4889415218334056,0.5661673950028356,0.4982820162124296,0.5953564399372854,0.5590667130514347,0.5587283584081129,0.049018667383157695
2008-10-04,0.595856823564733,0.6233779230743571,0.5666677786302833,0.4889415218334056,0.5661673950028356,0.4982820162124296,0.5620928426079043,0.559895920205491,0.05076547993516001
2008-10-06,0.562497915068219,0.595856823564733,0.6233779230743571,0.5666677786302833,0.4889415218334056,0.5661673950028356,0.5573987676266091,0.5626424703383707,0.04865227044236038
2008-10-07,0.6035293725189312,0.562497915068219,0.595856823564733,0.6233779230743571,0.5666677786302833,0.4889415218334056,0.5724341042418235,0.5644271719429342,0.04330718472958758
2008-10-09,0.4942789471928479,0.6035293725189312,0.562497915068219,0.595856823564733,0.6233779230743571,0.5666677786302833,0.5621643259832539,0.5616695021738889,0.05257336462113082
2008-10-10,0.5775094238916504,0.4942789471928479,0.6035293725189312,0.562497915068219,0.595856823564733,0.6233779230743571,0.574816883420146,0.5600682745660563,0.04150709682273777
2008-10-11,0.479100643826934,0.5775094238916504,0.4942789471928479,0.6035293725189312,0.562497915068219,0.595856823564733,0.5623072927339533,0.5562097608166262,0.05528229993851091
2008-10-12,0.5119591686960003,0.479100643826934,0.5775094238916504,0.4942789471928479,0.6035293725189312,0.562497915068219,0.5463903278227594,0.5547419688427796,0.050610702786113855
2008-11-01,0.5711712312773127,0.5119591686960003,0.479100643826934,0.5775094238916504,0.4942789471928479,0.6035293725189312,0.5428638146388423,0.5541693075802561,0.047344067434411885
2008-11-02,0.5891850418654302,0.5711712312773127,0.5119591686960003,0.479100643826934,0.5775094238916504,0.4942789471928479,0.5466762613241581,0.555203433743648,0.05017831415962584
2008-11-03,0.6238783067018048,0.5891850418654302,0.5711712312773127,0.5119591686960003,0.479100643826934,0.5775094238916504,0.5495832519217114,0.5572772458885146,0.054430237719243046
2008-11-04,0.5956900290222504,0.6238783067018048,0.5891850418654302,0.5711712312773127,0.5119591686960003,0.479100643826934,0.5640705493259118,0.561558305812234,0.05061949713228382
2008-11-06,0.561330353270841,0.5956900290222504,0.6238783067018048,0.5891850418654302,0.5711712312773127,0.5119591686960003,0.5617592535229391,0.5616194638111441,0.050271780762763875
2008-11-07,0.6190412649698103,0.561330353270841,0.5956900290222504,0.6238783067018048,0.5891850418654302,0.5711712312773127,0.5817507708290642,0.5626535899745361,0.03832899115002492
2008-11-08,0.5454848717349969,0.6190412649698103,0.561330353270841,0.5956900290222504,0.6238783067018048,0.5891850418654302,0.5865401569774924,0.561263635453848,0.029150327461059937
2008-11-09,0.4709277112452881,0.5454848717349969,0.6190412649698103,0.561330353270841,0.5956900290222504,0.6238783067018048,0.5722196541157746,0.558233534598748,0.05290391551677868
2008-11-11,0.4662574640557761,0.4709277112452881,0.5454848717349969,0.6190412649698103,0.561330353270841,0.5956900290222504,0.5546585715715382,0.5540692308547666,0.06528701461237012
2008-11-12,0.5289722120292225,0.4662574640557761,0.4709277112452881,0.5454848717349969,0.6190412649698103,0.561330353270841,0.5411005580468836,0.553518808864574,0.05795982068333268
2008-12-02,0.5885178636955,0.5289722120292225,0.4662574640557761,0.4709277112452881,0.5454848717349969,0.6190412649698103,0.540075963000205,0.5559428895486539,0.05688744274208
2008-12-03,0.6275477866364213,0.5885178636955,0.5289722120292225,0.4662574640557761,0.4709277112452881,0.5454848717349969,0.549535596338145,0.5575441171564868,0.06581573397834767
2008-12-05,0.5661673950028356,0.6275477866364213,0.5885178636955,0.5289722120292225,0.4662574640557761,0.4709277112452881,0.541982186342863,0.5601294325649666,0.05921214088856235
2008-12-06,0.5519898588918172,0.5661673950028356,0.6275477866364213,0.5885178636955,0.5289722120292225,0.4662574640557761,0.5429114702224087,0.5598014032980841,0.059327207778600066
2008-12-08,0.5223004303299197,0.5519898588918172,0.5661673950028356,0.6275477866364213,0.5885178636955,0.5289722120292225,0.5502504300916418,0.5575941555192314,0.05161465648125761
2008-12-09,0.4772659038596257,0.5223004303299197,0.5519898588918172,0.5661673950028356,0.6275477866364213,0.5885178636955,0.5518230643493346,0.554797567023607,0.048715238988636604
2008-12-11,0.4602528605264036,0.4772659038596257,0.5223004303299197,0.5519898588918172,0.5661673950028356,0.6275477866364213,0.5420060141346462,0.550983531818839,0.0597597502648636
2008-12-12,0.5281382393168096,0.4602528605264036,0.4772659038596257,0.5223004303299197,0.5519898588918172,0.5661673950028356,0.5333803535091189,0.5487429251314898,0.05617756875977027
2009-01-04,0.5935216999699771,0.5281382393168096,0.4602528605264036,0.4772659038596257,0.5223004303299197,0.5519898588918172,0.5285194839853412,0.5519175812567414,0.04746857752801996
2009-01-05,0.5668345731727659,0.5935216999699771,0.5281382393168096,0.4602528605264036,0.4772659038596257,0.5223004303299197,0.5286147951524741,0.5519398205290724,0.04755735551438726
2009-01-06,0.6317176501984856,0.5668345731727659,0.5935216999699771,0.5281382393168096,0.4602528605264036,0.4772659038596257,0.5400044796248553,0.5566990248079084,0.06157102011537695
2009-01-07,0.6026953998065184,0.6317176501984856,0.5668345731727659,0.5935216999699771,0.5281382393168096,0.4602528605264036,0.5514894752643694,0.5578999455137829,0.06511441896922392
2009-01-09,0.6138706341528506,0.6026953998065184,0.6317176501984856,0.5668345731727659,0.5935216999699771,0.5281382393168096,0.57100443673483,0.557583035883066,0.05937979416439872
2009-01-10,0.647062748106882,0.6138706341528506,0.6026953998065184,0.6317176501984856,0.5668345731727659,0.5935216999699771,0.5976915635320413,0.559289900034471,0.0401856020429435
2009-01-12,0.7723254495112921,0.647062748106882,0.6138706341528506,0.6026953998065184,0.6317176501984856,0.5668345731727659,0.6325754507026817,0.5662841511825734,0.06687105228623583
2009-02-01,0.560162791473463,0.7723254495112921,0.647062748106882,0.6138706341528506,0.6026953998065184,0.6317176501984856,0.6278098923460369,0.5648385984810578,0.07116863746109353
2009-02-02,0.5893518364079128,0.560162791473463,0.7723254495112921,0.647062748106882,0.6138706341528506,0.6026953998065184,0.631026644236772,0.5680076947882265,0.06840863714666354
2009-02-03,0.6020282216365881,0.5893518364079128,0.560162791473463,0.7723254495112921,0.647062748106882,0.6138706341528506,0.6267852972993582,0.5688249880463911,0.0692735611840697
2009-02-04,0.5756746839243421,0.6020282216365881,0.5893518364079128,0.560162791473463,0.7723254495112921,0.647062748106882,0.6229251950304758,0.5720441227163048,0.07155490501054584
2009-02-06,0.6305500884011076,0.5756746839243421,0.6020282216365881,0.5893518364079128,0.560162791473463,0.7723254495112921,0.6253079742087982,0.5759971533731416,0.07148080984472668
2009-02-07,0.5968575908196284,0.6305500884011076,0.5756746839243421,0.6020282216365881,0.5893518364079128,0.560162791473463,0.6181358088820478,0.5768533653578856,0.07145291164543491
2009-02-09,0.6203756213096708,0.5968575908196284,0.6305500884011076,0.5756746839243421,0.6020282216365881,0.5893518364079128,0.5964286905675305,0.5778930513393603,0.024376525864560867
2009-02-10,0.6462287753944692,0.6203756213096708,0.5968575908196284,0.6305500884011076,0.5756746839243421,0.6020282216365881,0.6087238311276743,0.578638066962449,0.024738397015123828
2009-02-11,0.6852586983353905,0.6462287753944692,0.6203756213096708,0.5968575908196284,0.6305500884011076,0.5756746839243421,0.6224248114030281,0.581623689272887,0.03614835961425386
2009-02-12,0.7856690129098977,0.6852586983353905,0.6462287753944692,0.6203756213096708,0.5968575908196284,0.6305500884011076,0.6486592101563581,0.589101644594189,0.06982736584210512
2009-03-02,0.5801781365713715,0.7856690129098977,0.6852586983353905,0.6462287753944692,0.6203756213096708,0.5968575908196284,0.6493025605345052,0.5878062069809077,0.06905937686122023
2009-03-03,0.5863495346432266,0.5801781365713715,0.7856690129098977,0.6852586983353905,0.6462287753944692,0.6203756213096708,0.6429881957119506,0.589168362411182,0.0729697597533024
2009-03-04,0.5805117256563366,0.5863495346432266,0.5801781365713715,0.7856690129098977,0.6852586983353905,0.6462287753944692,0.6406530721171947,0.5928211628915502,0.07492732258460746
2009-03-06,0.6283817593488342,0.5805117256563366,0.5863495346432266,0.5801781365713715,0.7856690129098977,0.6852586983353905,0.6417968061227894,0.5982253060679856,0.07462671017768537
2009-03-07,0.5988591253294193,0.6283817593488342,0.5805117256563366,0.5863495346432266,0.5801781365713715,0.7856690129098977,0.6350297132563537,0.6005548698446588,0.07628709206118774
2009-03-08,0.6170397304600195,0.5988591253294193,0.6283817593488342,0.5805117256563366,0.5863495346432266,0.5801781365713715,0.625284146417015,0.6015055987368094,0.07309147068196434
2009-03-09,0.6325516229108984,0.6170397304600195,0.5988591253294193,0.6283817593488342,0.5805117256563366,0.5863495346432266,0.6034102335600151,0.601672393279292,0.022488563343894617
2009-03-11,0.6845915201654603,0.6325516229108984,0.6170397304600195,0.5988591253294193,0.6283817593488342,0.5805117256563366,0.6183264312163136,0.605619864118046,0.03542041121634036
2009-03-12,0.7831670947726591,0.6845915201654603,0.6325516229108984,0.6170397304600195,0.5988591253294193,0.6283817593488342,0.6464432255205182,0.6133257719807409,0.06848804856572223
2009-04-02,0.5805117256563366,0.7831670947726591,0.6845915201654603,0.6325516229108984,0.6170397304600195,0.5988591253294193,0.6464432255205182,0.6152661484916214,0.06848804856572223
2009-04-03,0.5828468492510925,0.5805117256563366,0.7831670947726591,0.6845915201654603,0.6325516229108984,0.6170397304600195,0.6399382383636979,0.6187855133380037,0.07253247007031047
2009-04-06,0.6243786903292525,0.5828468492510925,0.5805117256563366,0.7831670947726591,0.6845915201654603,0.6325516229108984,0.6435838905065313,0.624256374331432,0.07074287459705789
2009-04-08,0.6175401140874671,0.6243786903292525,0.5828468492510925,0.5805117256563366,0.7831670947726591,0.6845915201654603,0.643655373881881,0.6272364368237873,0.07071182824913508
2009-04-09,0.6365546919304801,0.6175401140874671,0.6243786903292525,0.5828468492510925,0.5805117256563366,0.7831670947726591,0.6442272408846783,0.6286708698891373,0.0706231939019543
2009-04-11,0.7039396870934383,0.6365546919304801,0.6175401140874671,0.6243786903292525,0.5828468492510925,0.5805117256563366,0.6469912647315323,0.6332410403531596,0.07281098302805872
2009-04-12,0.770824298628949,0.7039396870934383,0.6365546919304801,0.6175401140874671,0.6243786903292525,0.5828468492510925,0.6452280081395738,0.6378779286341751,0.06901405119884257
2009-05-01,0.5461520499049272,0.770824298628949,0.7039396870934383,0.6365546919304801,0.6175401140874671,0.6243786903292525,0.6403194830322295,0.6359931503041222,0.07531802410204341
2009-05-02,0.5905193982052908,0.5461520499049272,0.770824298628949,0.7039396870934383,0.6365546919304801,0.6175401140874671,0.6414155614542578,0.6352147757725368,0.07439238718611707
2009-05-03,0.5858491510157788,0.5905193982052908,0.5461520499049272,0.770824298628949,0.7039396870934383,0.6365546919304801,0.6359113415523331,0.6331743225361667,0.07723412410940414
2009-05-05,0.583847616505988,0.5858491510157788,0.5905193982052908,0.5461520499049272,0.770824298628949,0.7039396870934383,0.6310981276121217,0.6268917281026565,0.07958393873742865
2009-05-06,0.6185408813423625,0.583847616505988,0.5858491510157788,0.5905193982052908,0.5461520499049272,0.770824298628949,0.6285247260995336,0.6288376644316198,0.07966928873169048
2009-05-08,0.6175401140874671,0.6185408813423625,0.583847616505988,0.5858491510157788,0.5905193982052908,0.5461520499049272,0.6161819299558233,0.629777273687605,0.07239936284814896
2009-05-10,0.6475631317343298,0.6175401140874671,0.6185408813423625,0.583847616505988,0.5858491510157788,0.5905193982052908,0.5985731918280207,0.6312951040241964,0.03253216478082587
2009-05-11,0.7032725089235081,0.6475631317343298,0.6175401140874671,0.6185408813423625,0.583847616505988,0.5858491510157788,0.6210189716878178,0.635548364857502,0.04289003403492154
2009-06-01,0.5426493645127932,0.7032725089235081,0.6475631317343298,0.6175401140874671,0.6185408813423625,0.583847616505988,0.6141803954460325,0.6326183407278915,0.05151300578195249
2009-06-02,0.5858491510157788,0.5426493645127932,0.7032725089235081,0.6475631317343298,0.6175401140874671,0.6185408813423625,0.6141803954460325,0.6322513927344299,0.05151300578195249
2009-06-03,0.6011942489241753,0.5858491510157788,0.5426493645127932,0.7032725089235081,0.6475631317343298,0.6175401140874671,0.6166584857914879,0.6316120136549132,0.050211410703625184
2009-06-04,0.5573272842512593,0.6011942489241753,0.5858491510157788,0.5426493645127932,0.7032725089235081,0.6475631317343298,0.6079136862070446,0.6286486306168064,0.05493702760719349
2009-06-05,0.583847616505988,0.5573272842512593,0.6011942489241753,0.5858491510157788,0.5426493645127932,0.7032725089235081,0.6031004722668332,0.6252682612224929,0.05542682926158977
2009-06-07,0.5935216999699771,0.583847616505988,0.5573272842512593,0.6011942489241753,0.5858491510157788,0.5426493645127932,0.5953802677290686,0.6188633507911622,0.051849806005773956
2009-06-08,0.6198752376822231,0.5935216999699771,0.583847616505988,0.5573272842512593,0.6011942489241753,0.5858491510157788,0.5834663718374564,0.6201865874948572,0.026128195922067537
2009-06-10,0.6697468058845115,0.6198752376822231,0.5935216999699771,0.583847616505988,0.5573272842512593,0.6011942489241753,0.6016231491762732,0.6229664965362335,0.03551220682605518
2009-06-11,0.7084431397404678,0.6697468058845115,0.6198752376822231,0.5935216999699771,0.583847616505988,0.5573272842512593,0.6191365761369431,0.6272308770057045,0.05256955947561263
2009-07-01,0.5428161590552758,0.7084431397404678,0.6697468058845115,0.6198752376822231,0.5935216999699771,0.583847616505988,0.6107968490128146,0.6243786903292524,0.05999635144314305
2009-07-04,0.5636654768655971,0.5428161590552758,0.7084431397404678,0.6697468058845115,0.6198752376822231,0.5935216999699771,0.6117023051005772,0.6232055687137917,0.05909597567874386
2009-07-05,0.5853487673883311,0.5636654768655971,0.5428161590552758,0.7084431397404678,0.6697468058845115,0.6198752376822231,0.6119167552266261,0.6221492032780688,0.058980659824202024
2009-07-07,0.5931881108850119,0.5853487673883311,0.5636654768655971,0.5428161590552758,0.7084431397404678,0.6697468058845115,0.6118690996430597,0.6208370862105392,0.05899813212210821
2009-07-08,0.6145378123227809,0.5931881108850119,0.5853487673883311,0.5636654768655971,0.5428161590552758,0.7084431397404678,0.6111066103059966,0.6185019626157833,0.05891184319886682
2009-07-09,0.6392234046102012,0.6145378123227809,0.5931881108850119,0.5853487673883311,0.5636654768655971,0.5428161590552758,0.6067461244096666,0.613703839610368,0.05483675218048103
2009-07-10,0.6707475731394069,0.6392234046102012,0.6145378123227809,0.5931881108850119,0.5853487673883311,0.5636654768655971,0.6013610434666579,0.616711701193137,0.043957034274379594
2009-07-12,0.7389665410147781,0.6707475731394069,0.6392234046102012,0.6145378123227809,0.5931881108850119,0.5853487673883311,0.6293825266037295,0.6219156909185932,0.06000648578488524
2009-08-01,0.5476532007872703,0.7389665410147781,0.6707475731394069,0.6392234046102012,0.6145378123227809,0.5931881108850119,0.6270950585925401,0.6193581746005271,0.06315192596736201
2009-08-04,0.5638322714080796,0.5476532007872703,0.7389665410147781,0.6707475731394069,0.6392234046102012,0.6145378123227809,0.6240212734525041,0.617567913177881,0.06598268061614469
2009-08-05,0.5818460819961971,0.5638322714080796,0.5476532007872703,0.7389665410147781,0.6707475731394069,0.6392234046102012,0.6224009836112449,0.6157442928467382,0.06699747549227486
2009-08-06,0.606364879741135,0.5818460819961971,0.5638322714080796,0.5476532007872703,0.7389665410147781,0.6707475731394069,0.6212334218138669,0.612491799268328,0.06722816261904202
2009-08-07,0.5891850418654302,0.606364879741135,0.5818460819961971,0.5638322714080796,0.5476532007872703,0.7389665410147781,0.6140850842788996,0.6064371573762107,0.06765540525893476
2009-08-09,0.6443940354271609,0.5891850418654302,0.606364879741135,0.5818460819961971,0.5638322714080796,0.5476532007872703,0.6103202931771501,0.6097118902269519,0.06464299714079114
2009-08-10,0.6739166694465758,0.6443940354271609,0.5891850418654302,0.606364879741135,0.5818460819961971,0.5638322714080796,0.6010274543816927,0.6124917992683281,0.044651327897049925
2009-08-12,0.7418020482369818,0.6739166694465758,0.6443940354271609,0.5891850418654302,0.606364879741135,0.5818460819961971,0.6287630040173658,0.6176902291757015,0.06264489448607605
2009-09-01,0.541982186342863,0.7418020482369818,0.6739166694465758,0.6443940354271609,0.5891850418654302,0.606364879741135,0.6256415632937634,0.6162947148369307,0.06682440093854122
2009-09-02,0.5738399439570339,0.541982186342863,0.7418020482369818,0.6739166694465758,0.6443940354271609,0.5891850418654302,0.6244978292881687,0.614804683590753,0.067760866356453
2009-09-03,0.5930213163425293,0.5738399439570339,0.541982186342863,0.7418020482369818,0.6739166694465758,0.6443940354271609,0.6225916059455107,0.6139873903325884,0.06853921171147156
2009-09-04,0.5641658604930447,0.5930213163425293,0.5738399439570339,0.541982186342863,0.7418020482369818,0.6739166694465758,0.6190174371780272,0.6112074812912122,0.0711733654344213
2009-09-06,0.6145378123227809,0.5641658604930447,0.5930213163425293,0.5738399439570339,0.541982186342863,0.7418020482369818,0.61475226244883,0.6082496580711879,0.07028826475714335
2009-09-07,0.585015178303366,0.6145378123227809,0.5641658604930447,0.5930213163425293,0.5738399439570339,0.541982186342863,0.6020520494283714,0.6096618518642071,0.06569809766163408
2009-09-09,0.6435600627147481,0.585015178303366,0.6145378123227809,0.5641658604930447,0.5930213163425293,0.5738399439570339,0.5880174800680523,0.6115855489208394,0.03344525192563073
2009-09-10,0.6782533275511227,0.6435600627147481,0.585015178303366,0.6145378123227809,0.5641658604930447,0.5930213163425293,0.6074847859549466,0.614154184875071,0.04099174138648759
2009-09-11,0.7151149214397706,0.6782533275511227,0.6435600627147481,0.585015178303366,0.6145378123227809,0.5641658604930447,0.6276669255953375,0.6194137727813547,0.05428777719945807
2009-09-12,0.7379657737598827,0.7151149214397706,0.6782533275511227,0.6435600627147481,0.585015178303366,0.6145378123227809,0.6483732766549595,0.6245510446898178,0.06537994514890828
2009-10-02,0.5836808219635055,0.7379657737598827,0.7151149214397706,0.6782533275511227,0.6435600627147481,0.585015178303366,0.6511611282935966,0.6242230154229353,0.06149125046984623
2009-10-03,0.5781766020615806,0.5836808219635055,0.7379657737598827,0.7151149214397706,0.6782533275511227,0.6435600627147481,0.6459666696848537,0.6228330609022473,0.06643748979431728
2009-10-06,0.6130366614404378,0.5781766020615806,0.5836808219635055,0.7379657737598827,0.7151149214397706,0.6782533275511227,0.6499697387044355,0.6209427227541117,0.06290305969153537
2009-10-07,0.5858491510157788,0.6130366614404378,0.5781766020615806,0.5836808219635055,0.7379657737598827,0.7151149214397706,0.6417253227474398,0.6168562564632886,0.06749733645273608
2009-10-08,0.6071988524535478,0.5858491510157788,0.6130366614404378,0.5781766020615806,0.5836808219635055,0.7379657737598827,0.6315746834477862,0.619002346243231,0.06642273235115406
2009-10-09,0.6377222537278581,0.6071988524535478,0.5858491510157788,0.6130366614404378,0.5781766020615806,0.5836808219635055,0.6205185880603702,0.621470905471973,0.05578983894647173
2009-10-11,0.7116122360476366,0.6377222537278581,0.6071988524535478,0.5858491510157788,0.6130366614404378,0.5781766020615806,0.6167537969586208,0.6256796877606166,0.04669052810555362
2009-10-12,0.7296260466357541,0.7116122360476366,0.6377222537278581,0.6071988524535478,0.5858491510157788,0.6130366614404378,0.6376031147689419,0.6302276189523079,0.060115856461658984
2009-11-02,0.6025286052640358,0.7296260466357541,0.7116122360476366,0.6377222537278581,0.6071988524535478,0.5858491510157788,0.6410819723692927,0.6298273120503499,0.05671197821997831
2009-11-03,0.57684224572172,0.6025286052640358,0.7296260466357541,0.7116122360476366,0.6377222537278581,0.6071988524535478,0.6359113415523331,0.6277479400874004,0.061169908036388394
2009-11-05,0.5858491510157788,0.57684224572172,0.6025286052640358,0.7296260466357541,0.7116122360476366,0.6377222537278581,0.635911341552333,0.6249179926832795,0.061169908036388394
2009-11-06,0.6088667978783735,0.5858491510157788,0.57684224572172,0.6025286052640358,0.7296260466357541,0.7116122360476366,0.6361496194701652,0.6205813345787327,0.06104253813640021
2009-11-08,0.6056977015712047,0.6088667978783735,0.5858491510157788,0.57684224572172,0.6025286052640358,0.7296260466357541,0.6315746834477862,0.6225161512715306,0.062096007145867355
2009-11-09,0.649397871701638,0.6056977015712047,0.6088667978783735,0.5858491510157788,0.57684224572172,0.6025286052640358,0.6226869171126436,0.6253683379479824,0.05243121541778836
2009-11-11,0.7207859358841779,0.649397871701638,0.6056977015712047,0.6088667978783735,0.5858491510157788,0.57684224572172,0.6214240441481327,0.6299996664109151,0.04944773372802323
2009-11-12,0.726623744871068,0.7207859358841779,0.649397871701638,0.6056977015712047,0.6088667978783735,0.5858491510157788,0.6391519212348516,0.6340082952485796,0.06215634355476149
2009-12-01,0.5284718284017748,0.726623744871068,0.7207859358841779,0.649397871701638,0.6056977015712047,0.6088667978783735,0.6322418616177164,0.6319845214664578,0.07212698418320437
2009-12-02,0.6060312906561698,0.5284718284017748,0.726623744871068,0.7207859358841779,0.649397871701638,0.6056977015712047,0.6351250244234866,0.6307057633074247,0.07034478554824145
2009-12-03,0.5940220835974248,0.6060312906561698,0.5284718284017748,0.726623744871068,0.7207859358841779,0.649397871701638,0.6330043509547797,0.6280426104457864,0.0714828762880763
2009-12-05,0.5885178636955,0.5940220835974248,0.6060312906561698,0.5284718284017748,0.726623744871068,0.7207859358841779,0.6305500884011076,0.6229331376277369,0.07285835599507962
2009-12-06,0.6020282216365881,0.5885178636955,0.5940220835974248,0.6060312906561698,0.5284718284017748,0.726623744871068,0.6237829955346719,0.6249346721375277,0.07301568707839756
2009-12-08,0.6087000033358909,0.6020282216365881,0.5885178636955,0.5940220835974248,0.6060312906561698,0.5284718284017748,0.6077707194563452,0.626096674116823,0.059176175777561575
2009-12-10,0.6830903692831172,0.6087000033358909,0.6020282216365881,0.5885178636955,0.5940220835974248,0.6060312906561698,0.6015516658009236,0.6290989758815093,0.04525334293204713
2009-12-11,0.7204523467992128,0.6830903692831172,0.6087000033358909,0.6020282216365881,0.5885178636955,0.5940220835974248,0.6289774541434149,0.6343085254250482,0.05134634443864933
2010-01-02,0.7016045634986824,0.7204523467992128,0.6830903692831172,0.6087000033358909,0.6020282216365881,0.5885178636955,0.6426307788352023,0.6372107504642449,0.05665974495738848
2010-01-03,0.7199519631717651,0.7016045634986824,0.7204523467992128,0.6830903692831172,0.6087000033358909,0.6020282216365881,0.6606207616315366,0.6417086432931914,0.058612063774193986
2010-01-04,0.7262901557861028,0.7199519631717651,0.7016045634986824,0.7204523467992128,0.6830903692831172,0.6087000033358909,0.68030251764448,0.6444663130622367,0.05325142395404979
2010-01-06,0.7958434800013344,0.7262901557861028,0.7199519631717651,0.7016045634986824,0.7204523467992128,0.6830903692831172,0.7079904116965865,0.6483859848105771,0.05608148408987393
2010-01-07,0.8000133435633987,0.7958434800013344,0.7262901557861028,0.7199519631717651,0.7016045634986824,0.7204523467992128,0.7353208888719448,0.6512159322146981,0.04518802766374865
2010-01-09,0.8083530706875273,0.8000133435633987,0.7958434800013344,0.7262901557861028,0.7199519631717651,0.7016045634986824,0.7532155605011462,0.6535621754456196,0.045854633644532114
2010-01-10,0.8548887480401642,0.8083530706875273,0.8000133435633987,0.7958434800013344,0.7262901557861028,0.7199519631717651,0.7724207606784249,0.6626024396481749,0.05671274908896352
2010-01-11,0.8804083130399974,0.8548887480401642,0.8083530706875273,0.8000133435633987,0.7958434800013344,0.7262901557861028,0.7979641534700415,0.672676830014122,0.05968966790864041
2010-01-12,0.9010908363078362,0.8804083130399974,0.8548887480401642,0.8083530706875273,0.8000133435633987,0.7958434800013344,0.823841135346623,0.6822786358430353,0.05949652969007168
2010-02-02,0.7179504286619742,0.9010908363078362,0.8804083130399974,0.8548887480401642,0.8083530706875273,0.8000133435633987,0.8226497457574619,0.6866820117645751,0.06181387998911816
2010-02-03,0.7282916902958936,0.7179504286619742,0.9010908363078362,0.8804083130399974,0.8548887480401642,0.8083530706875273,0.8129994900852558,0.6907184396926532,0.07124922135338513
2010-02-06,0.7873369583347234,0.7282916902958936,0.7179504286619742,0.9010908363078362,0.8804083130399974,0.8548887480401642,0.8111885779097309,0.6957055965128821,0.07179331326197178
2010-02-07,0.7783300530406646,0.7873369583347234,0.7282916902958936,0.7179504286619742,0.9010908363078362,0.8804083130399974,0.8068995753887505,0.6979295237459832,0.07287952699693126
2010-02-08,0.769656736831571,0.7783300530406646,0.7873369583347234,0.7282916902958936,0.7179504286619742,0.9010908363078362,0.7947235737875229,0.6992638800858437,0.07061024000201804
2010-02-09,0.8096874270273877,0.769656736831571,0.7783300530406646,0.7873369583347234,0.7282916902958936,0.7179504286619742,0.7846205900714358,0.706169174144622,0.06066628163170252
2010-02-11,0.8780731894452415,0.8096874270273877,0.769656736831571,0.7783300530406646,0.7873369583347234,0.7282916902958936,0.7813323548053509,0.7162102056020728,0.05350197659167931
2010-02-12,0.903425959902592,0.8780731894452415,0.8096874270273877,0.769656736831571,0.7783300530406646,0.7873369583347234,0.8078288592682962,0.7267960992316332,0.062115343780760945
2010-03-02,0.7207859358841779,0.903425959902592,0.8780731894452415,0.8096874270273877,0.769656736831571,0.7783300530406646,0.8067566086380512,0.73052673716516,0.06376017149080765
2010-03-03,0.7349634719951964,0.7207859358841779,0.903425959902592,0.8780731894452415,0.8096874270273877,0.769656736831571,0.7992746820181188,0.7348355961792931,0.06925488416075395
2010-03-06,0.7873369583347234,0.7349634719951964,0.7207859358841779,0.903425959902592,0.8780731894452415,0.8096874270273877,0.8005613827744129,0.7394335657337293,0.0688835689800803
2010-03-08,0.7689895586616406,0.7873369583347234,0.7349634719951964,0.7207859358841779,0.903425959902592,0.8780731894452415,0.80046607160728,0.7410403531596448,0.06893390046513911
2010-03-09,0.8043500016679456,0.7689895586616406,0.7873369583347234,0.7349634719951964,0.7207859358841779,0.903425959902592,0.7997035822702168,0.7436312283862072,0.06884436261964914
2010-03-11,0.874403709510625,0.8043500016679456,0.7689895586616406,0.7873369583347234,0.7349634719951964,0.7207859358841779,0.7991793708509859,0.7551622910898356,0.06815872123790123
2010-03-12,0.9131000433665812,0.874403709510625,0.8043500016679456,0.7689895586616406,0.7873369583347234,0.7349634719951964,0.8005613827744129,0.7653979161801827,0.07067633536473533
2010-04-01,0.7249557994462422,0.9131000433665812,0.874403709510625,0.8043500016679456,0.7689895586616406,0.7873369583347234,0.8011570775689935,0.7697623733751432,0.06990525090121327
2010-04-02,0.699436234446409,0.7249557994462422,0.9131000433665812,0.874403709510625,0.8043500016679456,0.7689895586616406,0.7960817579191667,0.7734596524001736,0.07649149085709243
2010-04-03,0.7336291156553358,0.699436234446409,0.7249557994462422,0.9131000433665812,0.874403709510625,0.8043500016679456,0.7884092089649685,0.7778463488674652,0.08012227529951092
2010-04-05,0.767321613236815,0.7336291156553358,0.699436234446409,0.7249557994462422,0.9131000433665812,0.874403709510625,0.7881709310471362,0.7831337358641626,0.080192103140055
2010-04-06,0.7796644093805252,0.767321613236815,0.7336291156553358,0.699436234446409,0.7249557994462422,0.9131000433665812,0.784644417863219,0.7863528705340762,0.07990430208923693
2010-04-08,0.776995696700804,0.7796644093805252,0.767321613236815,0.7336291156553358,0.699436234446409,0.7249557994462422,0.7707289874618161,0.7882376488641293,0.06946759799814359
2010-04-10,0.8530540080728559,0.776995696700804,0.7796644093805252,0.767321613236815,0.7336291156553358,0.699436234446409,0.7621509824198555,0.7932859636832684,0.04991208820760242
2010-04-11,0.8980885345431499,0.8530540080728559,0.776995696700804,0.7796644093805252,0.767321613236815,0.7336291156553358,0.7868842302908421,0.799223849395648,0.06802046369115779
2010-05-01,0.7261233612436202,0.8980885345431499,0.8530540080728559,0.776995696700804,0.7796644093805252,0.767321613236815,0.7906966769761581,0.7992182895775651,0.06285391643409849
2010-05-02,0.6825899856556694,0.7261233612436202,0.8980885345431499,0.8530540080728559,0.776995696700804,0.7796644093805252,0.7834053726904914,0.7954431730993764,0.07275747062728562
2010-05-03,0.733962704740301,0.6825899856556694,0.7261233612436202,0.8980885345431499,0.8530540080728559,0.776995696700804,0.7786398143338465,0.7932414851386064,0.0750431136782903
2010-05-05,0.7539780498382094,0.733962704740301,0.6825899856556694,0.7261233612436202,0.8980885345431499,0.8530540080728559,0.77497033439923,0.7914289844436291,0.07561052695148938
2010-05-07,0.7826667111452115,0.7539780498382094,0.733962704740301,0.6825899856556694,0.7261233612436202,0.8980885345431499,0.7757804793198596,0.7890215832137973,0.07566620612301983
2010-05-08,0.7723254495112921,0.7826667111452115,0.7539780498382094,0.733962704740301,0.6825899856556694,0.7261233612436202,0.7642478280967789,0.7854188210961739,0.06765349605368157
2010-05-10,0.8643960369616708,0.7723254495112921,0.7826667111452115,0.7539780498382094,0.733962704740301,0.6825899856556694,0.7594346141565678,0.7841956611179682,0.05688604545852404
2010-05-11,0.907762618007139,0.8643960369616708,0.7723254495112921,0.7826667111452115,0.7539780498382094,0.733962704740301,0.7853830794084989,0.7905227340961406,0.07702210745472816
2010-06-01,0.7306268138906497,0.907762618007139,0.8643960369616708,0.7723254495112921,0.7826667111452115,0.7539780498382094,0.7922454834420677,0.7906005715492991,0.06794189991817758
2010-06-04,0.7324615538579579,0.7306268138906497,0.907762618007139,0.8643960369616708,0.7723254495112921,0.7826667111452115,0.7920310333160187,0.7887713914000736,0.0681585463072102
2010-06-05,0.7674884077792976,0.7324615538579579,0.7306268138906497,0.907762618007139,0.8643960369616708,0.7723254495112921,0.7939610844504597,0.7884100032246946,0.06708422547225631
2010-06-07,0.7739933949361177,0.7674884077792976,0.7324615538579579,0.7306268138906497,0.907762618007139,0.8643960369616708,0.792722039277732,0.7885545584948461,0.06740692220743795
2010-06-08,0.7824999166027289,0.7739933949361177,0.7674884077792976,0.7324615538579579,0.7306268138906497,0.907762618007139,0.7941755345765087,0.7876483081473575,0.06700229019304114
2010-06-09,0.8100210161123529,0.7824999166027289,0.7739933949361177,0.7674884077792976,0.7324615538579579,0.7306268138906497,0.7864076744551777,0.7853799023695945,0.060323605275355074
2010-06-10,0.8750708876805552,0.8100210161123529,0.7824999166027289,0.7739933949361177,0.7674884077792976,0.7324615538579579,0.7817374272656658,0.7844347332955267,0.04969085884038767
2010-06-12,0.920939386863262,0.8750708876805552,0.8100210161123529,0.7824999166027289,0.7739933949361177,0.7674884077792976,0.8089249376903246,0.7911065149948295,0.06633985027665815
2010-07-01,0.7307936084331321,0.920939386863262,0.8750708876805552,0.8100210161123529,0.7824999166027289,0.7739933949361177,0.8086866597724924,0.7909675195427607,0.06666247384925246
2010-07-04,0.7386329519298129,0.7307936084331321,0.920939386863262,0.8750708876805552,0.8100210161123529,0.7824999166027289,0.8045644517939945,0.789344052662597,0.07042086615852373
2010-07-05,0.7788304366681124,0.7386329519298129,0.7307936084331321,0.920939386863262,0.8750708876805552,0.8100210161123529,0.8052554577557081,0.7896720819294794,0.07009386318301818
2010-07-06,0.7873369583347234,0.7788304366681124,0.7386329519298129,0.7307936084331321,0.920939386863262,0.8750708876805552,0.8059464637174215,0.7891049804850386,0.06985558135560713
2010-07-07,0.7728258331387398,0.7873369583347234,0.7788304366681124,0.7386329519298129,0.7307936084331321,0.920939386863262,0.8006328661497626,0.7857190512726425,0.07090080798565487
2010-07-09,0.8151916469293126,0.7728258331387398,0.7873369583347234,0.7788304366681124,0.7386329519298129,0.7307936084331321,0.7920786888995851,0.7824554380580668,0.06366614595880618
2010-07-10,0.8740701204256598,0.8151916469293126,0.7728258331387398,0.7873369583347234,0.7788304366681124,0.7386329519298129,0.7853830794084989,0.7874259154240474,0.04851797932433071
2010-07-12,0.9241084831704308,0.8740701204256598,0.8151916469293126,0.7728258331387398,0.7873369583347234,0.7788304366681124,0.8129994900852558,0.7949149903815148,0.06461427892136438
2010-08-01,0.7284584848383762,0.9241084831704308,0.8740701204256598,0.8151916469293126,0.7728258331387398,0.7873369583347234,0.8115459947864794,0.7947426360209494,0.06664838241849315
2010-08-02,0.6865930546752511,0.7284584848383762,0.9241084831704308,0.8740701204256598,0.8151916469293126,0.7728258331387398,0.7983692259303563,0.7920516840688975,0.08162881447038171
2010-08-03,0.7277913066684459,0.6865930546752511,0.7284584848383762,0.9241084831704308,0.8740701204256598,0.8151916469293126,0.7898627042637452,0.7903225806451614,0.08595792138601616
2010-08-04,0.7426360209493946,0.7277913066684459,0.6865930546752511,0.7284584848383762,0.9241084831704308,0.8740701204256598,0.7855498739509815,0.7891772581201144,0.08769500802594576
2010-08-06,0.8080194816025621,0.7426360209493946,0.7277913066684459,0.6865930546752511,0.7284584848383762,0.9241084831704308,0.7845252789043029,0.7876761072377714,0.08733211188109583
2010-08-07,0.7729926276812223,0.8080194816025621,0.7426360209493946,0.7277913066684459,0.6865930546752511,0.7284584848383762,0.7700856370836691,0.783506243675707,0.07790655428510061
2010-08-09,0.8140240851319346,0.7729926276812223,0.8080194816025621,0.7426360209493946,0.7277913066684459,0.6865930546752511,0.754359294506741,0.7864362678053175,0.04635535270738983
2010-08-10,0.8717349968309038,0.8140240851319346,0.7729926276812223,0.8080194816025621,0.7426360209493946,0.7277913066684459,0.7748273676485306,0.7927411015111586,0.0620033893904326
2010-08-11,0.9030923708176268,0.8717349968309038,0.8140240851319346,0.7729926276812223,0.8080194816025621,0.7426360209493946,0.8057558413831557,0.7983787570470695,0.06459765916119856
2010-08-12,0.9010908363078362,0.9030923708176268,0.8717349968309038,0.8140240851319346,0.7729926276812223,0.8080194816025621,0.8305129170459259,0.8032825165960571,0.06292462214300762
2010-09-02,0.6914300964072456,0.9010908363078362,0.9030923708176268,0.8717349968309038,0.8140240851319346,0.7729926276812223,0.8231977849684758,0.8002412961047916,0.07638079215256337
2010-09-03,0.7211195249691431,0.6914300964072456,0.9010908363078362,0.9030923708176268,0.8717349968309038,0.8140240851319346,0.8107835054494161,0.7985344319533866,0.08574666405435301
2010-09-04,0.7456383227140809,0.7211195249691431,0.6914300964072456,0.9010908363078362,0.9030923708176268,0.8717349968309038,0.8068757475969673,0.794575841478467,0.08834005581633243
2010-09-06,0.7996797544784335,0.7456383227140809,0.7211195249691431,0.6914300964072456,0.9010908363078362,0.9030923708176268,0.80482655750361,0.7909730793608435,0.08831296818415504
2010-09-07,0.7831670947726591,0.7996797544784335,0.7456383227140809,0.7211195249691431,0.6914300964072456,0.9010908363078362,0.792174000066718,0.7927244220569104,0.08333353136812685
2010-09-08,0.77933082029556,0.7831670947726591,0.7996797544784335,0.7456383227140809,0.7211195249691431,0.6914300964072456,0.7744937785635655,0.7942867309381637,0.06750406823726689
2010-09-09,0.8140240851319346,0.77933082029556,0.7831670947726591,0.7996797544784335,0.7456383227140809,0.7211195249691431,0.7620556712527223,0.7958379201832517,0.04433523783824011
2010-09-11,0.924775661340361,0.8140240851319346,0.77933082029556,0.7831670947726591,0.7996797544784335,0.7456383227140809,0.7953907519574531,0.8008639957300598,0.06519830007724063
2010-09-12,0.9049271107849352,0.924775661340361,0.8140240851319346,0.77933082029556,0.7831670947726591,0.7996797544784335,0.8216489785025664,0.8049449022028,0.06728106161908234
2010-10-02,0.6902625346098676,0.9049271107849352,0.924775661340361,0.8140240851319346,0.77933082029556,0.7831670947726591,0.8137381516305358,0.8009529528193838,0.07979886913184017
2010-10-03,0.7242886212763119,0.6902625346098676,0.9049271107849352,0.924775661340361,0.8140240851319346,0.77933082029556,0.8029679897445183,0.7959268772725757,0.08679358878883366
2010-10-05,0.7749941621910132,0.7242886212763119,0.6902625346098676,0.9049271107849352,0.924775661340361,0.8140240851319346,0.8018004279471406,0.7910620364501675,0.0871585523739377
2010-10-06,0.7890049037595491,0.7749941621910132,0.7242886212763119,0.6902625346098676,0.9049271107849352,0.924775661340361,0.8031824398705675,0.793002412961048,0.08681892265326964
2010-10-08,0.7723254495112921,0.7890049037595491,0.7749941621910132,0.7242886212763119,0.6902625346098676,0.9049271107849352,0.7972254919247614,0.794125496213764,0.08737979168005815
2010-10-09,0.8083530706875273,0.7723254495112921,0.7890049037595491,0.7749941621910132,0.7242886212763119,0.6902625346098676,0.780593693260071,0.7951095840144112,0.06798263034005518
2010-10-11,0.9044267271574876,0.8083530706875273,0.7723254495112921,0.7890049037595491,0.7749941621910132,0.7242886212763119,0.7805222098847213,0.7990125763085033,0.06783019726915074
2010-10-12,0.8942522600660507,0.9044267271574876,0.8083530706875273,0.7723254495112921,0.7890049037595491,0.7749941621910132,0.8096635992356046,0.8030601238727471,0.06639375634533143
2010-11-01,0.745971911799046,0.8942522600660507,0.9044267271574876,0.8083530706875273,0.7723254495112921,0.7890049037595491,0.8127612121674238,0.8007527993684048,0.06211462929629708
2010-11-02,0.6947659872568971,0.745971911799046,0.8942522600660507,0.9044267271574876,0.8083530706875273,0.7723254495112921,0.8013000443196928,0.7947759949294461,0.0760771291677359
2010-11-03,0.7132801814724623,0.6947659872568971,0.745971911799046,0.8942522600660507,0.9044267271574876,0.8083530706875273,0.790482226850109,0.787748384872847,0.08317003371110789
2010-11-05,0.7923407946092005,0.7132801814724623,0.6947659872568971,0.745971911799046,0.8942522600660507,0.9044267271574876,0.7933415618640959,0.7898777951985412,0.08278494446331942
2010-11-06,0.7906728491843747,0.7923407946092005,0.7132801814724623,0.6947659872568971,0.745971911799046,0.8942522600660507,0.7908158159350742,0.7933471216821786,0.08251989968233357
2010-11-08,0.7809987657203857,0.7906728491843747,0.7923407946092005,0.7132801814724623,0.6947659872568971,0.745971911799046,0.773183250015488,0.7951207036505767,0.06566301181190816
2010-11-10,0.8784067785302067,0.7809987657203857,0.7906728491843747,0.7923407946092005,0.7132801814724623,0.6947659872568971,0.7709196097960819,0.799646395569937,0.06089362858081411
2010-11-11,0.9097641525169298,0.8784067785302067,0.7809987657203857,0.7906728491843747,0.7923407946092005,0.7132801814724623,0.794318501327208,0.8030378846004159,0.07860350558789937
2010-12-01,0.744804350001668,0.9097641525169298,0.8784067785302067,0.7809987657203857,0.7906728491843747,0.7923407946092005,0.8014668388621755,0.8020982753444308,0.06982636030589737
2010-12-02,0.6986022617339962,0.744804350001668,0.9097641525169298,0.8784067785302067,0.7809987657203857,0.7906728491843747,0.7993699931852516,0.7982508812311662,0.07306136794395586
2010-12-03,0.7147813323548055,0.6986022617339962,0.744804350001668,0.9097641525169298,0.8784067785302067,0.7809987657203857,0.7882900700060524,0.7930190924152962,0.07986891337260109
2010-12-04,0.7498081862761451,0.7147813323548055,0.6986022617339962,0.744804350001668,0.9097641525169298,0.8784067785302067,0.7824522610191623,0.7879096195972469,0.08114891412534711
2010-12-05,0.8023484671581547,0.7498081862761451,0.7147813323548055,0.6986022617339962,0.744804350001668,0.9097641525169298,0.7855022183674152,0.7846182072922575,0.08148569227549135
2010-12-07,0.7809987657203857,0.8023484671581547,0.7498081862761451,0.7147813323548055,0.6986022617339962,0.744804350001668,0.7715867879660122,0.7876038296026955,0.07056091651616155
2010-12-08,0.7860026019948628,0.7809987657203857,0.8023484671581547,0.7498081862761451,0.7147813323548055,0.6986022617339962,0.7539065664628597,0.7897665988368862,0.03829655691807762
2010-12-10,0.8764052440204158,0.7860026019948628,0.7809987657203857,0.8023484671581547,0.7498081862761451,0.7147813323548055,0.7727066941798236,0.794125496213764,0.05951011072960965
2010-12-11,0.9030923708176268,0.8764052440204158,0.7860026019948628,0.7809987657203857,0.8023484671581547,0.7498081862761451,0.8019195669060567,0.7975725834250704,0.06681308992012602
2011-01-02,0.865063215131601,0.9030923708176268,0.8764052440204158,0.7860026019948628,0.7809987657203857,0.8023484671581547,0.8233884073027417,0.8003024541037018,0.057665131785050804
2011-01-03,0.9246088667978783,0.865063215131601,0.9030923708176268,0.8764052440204158,0.7860026019948628,0.7809987657203857,0.8483599330915608,0.8051450556537791,0.05833537710980143
2011-01-04,0.9227741268305704,0.9246088667978783,0.865063215131601,0.9030923708176268,0.8764052440204158,0.7860026019948628,0.8655635987590486,0.8087700570437336,0.0602311544260275
2011-01-06,1.0000000000000002,0.9227741268305704,0.9246088667978783,0.865063215131601,0.9030923708176268,0.8764052440204158,0.8968494893704222,0.811277534999055,0.06562143718999908
2011-01-07,0.9661407078760385,1.0000000000000002,0.9227741268305704,0.9246088667978783,0.865063215131601,0.9030923708176268,0.9225835044963046,0.8133179882354251,0.047811438472635685
2011-02-02,0.8687326950662175,0.9661407078760385,1.0000000000000002,0.9227741268305704,0.9246088667978783,0.865063215131601,0.9214874260742761,0.81926699358397,0.04911664706471999
2011-02-03,0.9344497448043502,0.8687326950662175,0.9661407078760385,1.0000000000000002,0.9227741268305704,0.9246088667978783,0.9259670509295223,0.826272364368238,0.048586425556837
2011-03-02,0.862728091536845,0.9344497448043502,0.8687326950662175,0.9661407078760385,1.0000000000000002,0.9227741268305704,0.9256334618445571,0.8291968286797657,0.04907978927006793
2011-03-03,0.9251092504253262,0.862728091536845,0.9344497448043502,0.8687326950662175,0.9661407078760385,1.0000000000000002,0.9257049452199068,0.8337336402352916,0.04907841263776666
2011-04-01,0.9030923708176268,0.9251092504253262,0.862728091536845,0.9344497448043502,0.8687326950662175,0.9661407078760385,0.9228932657894864,0.8380925376121695,0.04983229133535224
2011-04-02,0.8807419021249626,0.9030923708176268,0.9251092504253262,0.862728091536845,0.9344497448043502,0.8687326950662175,0.905856394664481,0.840505498660084,0.03807678144759164
2011-04-03,0.9287787303599429,0.8807419021249626,0.9030923708176268,0.9251092504253262,0.862728091536845,0.9344497448043502,0.9005189693050387,0.8413172321001657,0.029974617040975392
2011-04-04,0.9344497448043502,0.9287787303599429,0.8807419021249626,0.9030923708176268,0.9251092504253262,0.862728091536845,0.9099071192676291,0.8426571482581091,0.028620606732671763
2011-04-07,0.9741468459152016,0.9344497448043502,0.9287787303599429,0.8807419021249626,0.9030923708176268,0.9251092504253262,0.9155781337120364,0.8502629793953143,0.03700025665720906
2011-05-01,0.8894152183340562,0.9741468459152016,0.9344497448043502,0.9287787303599429,0.8807419021249626,0.9030923708176268,0.9193905803973523,0.8567512870978863,0.03163263581401693
2011-05-04,0.9331153884644896,0.8894152183340562,0.9741468459152016,0.9344497448043502,0.9287787303599429,0.8807419021249626,0.9205343144029472,0.8640791273309538,0.03201627754886416
2011-05-05,0.9848216966340864,0.9331153884644896,0.8894152183340562,0.9741468459152016,0.9344497448043502,0.9287787303599429,0.932209932376727,0.8704951573984501,0.03878285252773282
2011-05-07,0.984154518464156,0.9848216966340864,0.9331153884644896,0.8894152183340562,0.9741468459152016,0.9344497448043502,0.946983163282326,0.8769445463744427,0.03546406943935023
2011-06-01,0.8897488074190214,0.984154518464156,0.9848216966340864,0.9331153884644896,0.8894152183340562,0.9741468459152016,0.9414074600050516,0.8805695477643972,0.04137823939182404
2011-06-04,0.9517963772225374,0.8897488074190214,0.984154518464156,0.9848216966340864,0.9331153884644896,0.8894152183340562,0.9438855503505069,0.8830158677208082,0.0414115230518002
2011-06-05,0.9684758314707944,0.9517963772225374,0.8897488074190214,0.984154518464156,0.9848216966340864,0.9331153884644896,0.9430754054298773,0.8849729236859372,0.04077136867458311
2011-06-07,0.9956633418954532,0.9684758314707944,0.9517963772225374,0.8897488074190214,0.984154518464156,0.9848216966340864,0.9582537087957912,0.8933348900823966,0.03707478063020723
2011-07-01,0.8887480401641259,0.9956633418954532,0.9684758314707944,0.9517963772225374,0.8897488074190214,0.984154518464156,0.9519155161814535,0.8996730826967344,0.04502801012741665
2011-07-02,0.8757380658504855,0.8887480401641259,0.9956633418954532,0.9684758314707944,0.9517963772225374,0.8897488074190214,0.9363321403552248,0.9050383071465903,0.05030809442519089
2011-07-03,0.9357841011442108,0.8757380658504855,0.8887480401641259,0.9956633418954532,0.9684758314707944,0.9517963772225374,0.9294220807380899,0.9112375043088592,0.04576116297283848
2011-07-04,0.9504620208826768,0.9357841011442108,0.8757380658504855,0.8887480401641259,0.9956633418954532,0.9684758314707944,0.9380953969471835,0.9161746227663432,0.04263533313023773
2011-07-07,0.9958301364379358,0.9504620208826768,0.9357841011442108,0.8757380658504855,0.8887480401641259,0.9956633418954532,0.9443859339779547,0.9233356684569283,0.04791523257686273
2011-08-02,0.8864129165693699,0.9958301364379358,0.9504620208826768,0.9357841011442108,0.8757380658504855,0.8887480401641259,0.9326626604206084,0.9266826789427451,0.05097992850672828
2011-08-03,0.928278346732495,0.8864129165693699,0.9958301364379358,0.9504620208826768,0.9357841011442108,0.8757380658504855,0.9230362325401857,0.9284117823664811,0.04280805649907624
2011-08-04,0.9571338025819796,0.928278346732495,0.8864129165693699,0.9958301364379358,0.9504620208826768,0.9357841011442108,0.9328056271713077,0.9302131634252928,0.04146093513476674
2011-09-02,0.8874136838242654,0.9571338025819796,0.928278346732495,0.8864129165693699,0.9958301364379358,0.9504620208826768,0.9344735725961334,0.9309581790483817,0.038940772389253656
2011-09-03,0.931447443039664,0.8874136838242654,0.9571338025819796,0.928278346732495,0.8864129165693699,0.9958301364379358,0.9338540500097695,0.9311861315897745,0.03895094317001419
2011-09-05,0.9788170931047138,0.931447443039664,0.8874136838242654,0.9571338025819796,0.928278346732495,0.8864129165693699,0.9379047746129177,0.9330542304655793,0.04229666614555408
2011-10-01,0.8895820128765388,0.9788170931047138,0.931447443039664,0.8874136838242654,0.9571338025819796,0.928278346732495,0.9227264712470039,0.9293736308947973,0.036744893772169294
2011-10-02,0.8795743403275846,0.8895820128765388,0.9788170931047138,0.931447443039664,0.8874136838242654,0.9571338025819796,0.9217495317838915,0.9264880853098487,0.037942664166975025
2011-10-03,0.9196050305234014,0.8795743403275846,0.8895820128765388,0.9788170931047138,0.931447443039664,0.8874136838242654,0.920510486611164,0.9281838298250882,0.03783539219427977
2011-10-05,0.986489642058912,0.9196050305234014,0.8795743403275846,0.8895820128765388,0.9788170931047138,0.931447443039664,0.9247041779650115,0.929918493066907,0.04373780547320294
2011-10-06,0.996997698235314,0.986489642058912,0.9196050305234014,0.8795743403275846,0.8895820128765388,0.9788170931047138,0.9403590371665899,0.9343941466235226,0.04760641337945573
2011-11-01,0.8934182873536379,0.996997698235314,0.986489642058912,0.9196050305234014,0.8795743403275846,0.8895820128765388,0.9349263006400147,0.9333377811877998,0.050852136417071016
2011-11-02,0.8867465056543351,0.8934182873536379,0.996997698235314,0.986489642058912,0.9196050305234014,0.8795743403275846,0.9217733595756749,0.93279291901569,0.049496684468542856
2011-11-03,0.9184374687260234,0.8867465056543351,0.8934182873536379,0.996997698235314,0.986489642058912,0.9196050305234014,0.9258955675541726,0.9340494379023919,0.04753144190147879
2011-11-04,0.9561330353270844,0.9184374687260234,0.8867465056543351,0.8934182873536379,0.996997698235314,0.986489642058912,0.9368325239826725,0.9349612480679633,0.04375453704000403
2011-11-05,0.9828201621242952,0.9561330353270844,0.9184374687260234,0.8867465056543351,0.8934182873536379,0.996997698235314,0.9458632570685147,0.9365735953119615,0.04606870669625292
2011-12-01,0.8965873836608067,0.9828201621242952,0.9561330353270844,0.9184374687260234,0.8867465056543351,0.8934182873536379,0.9330200772973567,0.9339882799034817,0.045381589689095406
2011-12-04,0.9444574173533044,0.8965873836608067,0.9828201621242952,0.9561330353270844,0.9184374687260234,0.8867465056543351,0.925514322885641,0.93582301987079,0.03651541778917452
2011-12-05,0.9704773659805852,0.9444574173533044,0.8965873836608067,0.9828201621242952,0.9561330353270844,0.9184374687260234,0.9365227626894906,0.9370684191213264,0.036840815085512124
2013-01-05,0.947292924575508,0.9704773659805852,0.9444574173533044,0.8965873836608067,0.9828201621242952,0.9561330353270844,0.9451722511068009,0.9358174600527072,0.029603206499866544
2013-01-07,0.8058511525502886,0.947292924575508,0.9704773659805852,0.9444574173533044,0.8965873836608067,0.9828201621242952,0.9290884916531246,0.9298740145222449,0.060749358977882625
2013-01-08,0.8540547753277514,0.8058511525502886,0.947292924575508,0.9704773659805852,0.9444574173533044,0.8965873836608067,0.9145058830817915,0.9286842134525359,0.06525972677334817
2013-01-10,0.8378757047069421,0.8540547753277514,0.8058511525502886,0.947292924575508,0.9704773659805852,0.9444574173533044,0.8937995320221696,0.9248868577020162,0.06292464319647992
2013-01-11,0.8485505554258266,0.8378757047069421,0.8540547753277514,0.8058511525502886,0.947292924575508,0.9704773659805852,0.8869371279886009,0.9208893485005173,0.06514997310161053
2013-02-05,0.9569670080394972,0.8485505554258266,0.8378757047069421,0.8540547753277514,0.8058511525502886,0.947292924575508,0.8887242123723427,0.9195994707053187,0.06713215658687087
2013-02-07,0.8123561397071088,0.9569670080394972,0.8485505554258266,0.8378757047069421,0.8540547753277514,0.8058511525502886,0.8661354657618461,0.917053074023418,0.06139639344959026
2013-02-08,0.8502185008506523,0.8123561397071088,0.9569670080394972,0.8485505554258266,0.8378757047069421,0.8540547753277514,0.8522676909440096,0.916202421856757,0.049896080630657424
2013-02-09,0.9055942889548656,0.8502185008506523,0.8123561397071088,0.9569670080394972,0.8485505554258266,0.8378757047069421,0.8665167104303777,0.9151960947837788,0.04865816529371359
2013-02-10,0.8482169663408614,0.9055942889548656,0.8502185008506523,0.8123561397071088,0.9569670080394972,0.8485505554258266,0.8656827377179648,0.9117879262990517,0.04895646796278383
2013-02-12,0.7970110417987124,0.8482169663408614,0.9055942889548656,0.8502185008506523,0.8123561397071088,0.9569670080394972,0.8598449287310749,0.9051606231444108,0.05490055429520514
2013-03-05,0.9569670080394972,0.7970110417987124,0.8482169663408614,0.9055942889548656,0.8502185008506523,0.8123561397071088,0.8753329933901706,0.9075124261934151,0.0654604200569166
2013-03-06,0.9124328651966508,0.9569670080394972,0.7970110417987124,0.8482169663408614,0.9055942889548656,0.8502185008506523,0.8689709729840498,0.9069842434755536,0.05793582739969453
2013-03-07,0.8106881942822832,0.9124328651966508,0.9569670080394972,0.7970110417987124,0.8482169663408614,0.9055942889548656,0.8687326950662175,0.9021027231988972,0.05821025982101946
2013-03-09,0.91043133068686,0.8106881942822832,0.9124328651966508,0.9569670080394972,0.7970110417987124,0.8482169663408614,0.8773345278999616,0.9028699780943169,0.059453996528208646
2013-03-10,0.8547219534976817,0.91043133068686,0.8106881942822832,0.9124328651966508,0.9569670080394972,0.7970110417987124,0.8700670514060781,0.9003124617762508,0.05852587339965068
2013-03-12,0.7888381092170665,0.8547219534976817,0.91043133068686,0.8106881942822832,0.9124328651966508,0.9569670080394972,0.8615843575312503,0.8939798289799958,0.06604126148013037
2013-04-06,0.91043133068686,0.7888381092170665,0.8547219534976817,0.91043133068686,0.8106881942822832,0.9124328651966508,0.8777872559438428,0.89467480624034,0.061301530119988845
2013-04-07,0.8118557560796612,0.91043133068686,0.7888381092170665,0.8547219534976817,0.91043133068686,0.8106881942822832,0.8570570770924376,0.8924175200987425,0.05418581132892548
2013-04-09,0.9040931380725225,0.8118557560796612,0.91043133068686,0.7888381092170665,0.8547219534976817,0.91043133068686,0.8558656875032764,0.8919004570170465,0.052840309986049536
2013-04-10,0.8505520899356174,0.9040931380725225,0.8118557560796612,0.91043133068686,0.7888381092170665,0.8547219534976817,0.8615605297394671,0.8873692052796033,0.04918129723320208
2013-04-11,0.857724255262368,0.8505520899356174,0.9040931380725225,0.8118557560796612,0.91043133068686,0.7888381092170665,0.8540309475359681,0.8827267571805052,0.04423855698511657
2013-04-12,0.7956766854588518,0.857724255262368,0.8505520899356174,0.9040931380725225,0.8118557560796612,0.91043133068686,0.8455959092447067,0.8794687037840122,0.049411525074710645
2013-05-06,0.9134336324515464,0.7956766854588518,0.857724255262368,0.8505520899356174,0.9040931380725225,0.8118557560796612,0.8633952697067754,0.8803582746772527,0.04797878186787824
2013-05-07,0.7858358074523802,0.9134336324515464,0.7956766854588518,0.857724255262368,0.8505520899356174,0.9040931380725225,0.8455959092447067,0.8759382193014645,0.05065757524762108
2013-05-08,0.847216199085966,0.7858358074523802,0.9134336324515464,0.7956766854588518,0.857724255262368,0.8505520899356174,0.8506474011027503,0.8723076580934274,0.04844712580645054
2013-05-09,0.900757247222871,0.847216199085966,0.7858358074523802,0.9134336324515464,0.7956766854588518,0.857724255262368,0.8501708452670859,0.869572227596713,0.04784646300603076
2013-05-11,0.8488841445107917,0.900757247222871,0.847216199085966,0.7858358074523802,0.9134336324515464,0.7956766854588518,0.8499325673492536,0.867982119625046,0.047848401139956066
2013-05-12,0.7923407946092005,0.8488841445107917,0.900757247222871,0.847216199085966,0.7858358074523802,0.9134336324515464,0.8405920729702296,0.8629115655335758,0.052252918562818364
2013-06-06,0.9107649197718252,0.7923407946092005,0.8488841445107917,0.900757247222871,0.847216199085966,0.7858358074523802,0.8570332493006544,0.8609211506599505,0.05384678175007568
2013-06-08,0.8310371284651568,0.9107649197718252,0.7923407946092005,0.8488841445107917,0.900757247222871,0.847216199085966,0.8452623201597416,0.8570459574562721,0.04816943549957284
2013-06-09,0.9020916035627315,0.8310371284651568,0.9107649197718252,0.7923407946092005,0.8488841445107917,0.900757247222871,0.861870291032649,0.8602539724900203,0.04413813782134683
2013-06-11,0.8567234880074726,0.9020916035627315,0.8310371284651568,0.9107649197718252,0.7923407946092005,0.8488841445107917,0.8632284751642928,0.8603429295793443,0.043756686695992086
2013-06-12,0.7993461653934685,0.8567234880074726,0.9020916035627315,0.8310371284651568,0.9107649197718252,0.7923407946092005,0.8487411777600924,0.8590586116022286,0.04599140146185567
2013-07-05,0.94028755379124,0.7993461653934685,0.8567234880074726,0.9020916035627315,0.8310371284651568,0.9107649197718252,0.8617988076572993,0.8621165115477424,0.05755933270080428
2013-07-06,0.9014244253928012,0.94028755379124,0.7993461653934685,0.8567234880074726,0.9020916035627315,0.8310371284651568,0.8773821834835279,0.8602650921261857,0.049873746392117474
2013-07-08,0.8323714848050173,0.9014244253928012,0.94028755379124,0.7993461653934685,0.8567234880074726,0.9020916035627315,0.8661831213454125,0.8609322702961161,0.04992989491799363
2013-07-10,0.8597257897721587,0.8323714848050173,0.9014244253928012,0.94028755379124,0.7993461653934685,0.8567234880074726,0.8702815015321271,0.8612491799268329,0.04769144876801883
2013-07-11,0.8488841445107917,0.8597257897721587,0.8323714848050173,0.9014244253928012,0.94028755379124,0.7993461653934685,0.8626804359532786,0.859358841778697,0.04598618746304612
2013-08-05,0.9561330353270844,0.8488841445107917,0.8597257897721587,0.8323714848050173,0.9014244253928012,0.94028755379124,0.8768817998560803,0.8629560440782379,0.05769825036098337
2013-08-07,0.8008473162758115,0.9561330353270844,0.8488841445107917,0.8597257897721587,0.8323714848050173,0.9014244253928012,0.8770962499821292,0.8630839198941411,0.05736386017943525
2013-08-08,0.8428795409814192,0.8008473162758115,0.9561330353270844,0.8488841445107917,0.8597257897721587,0.8323714848050173,0.8631808195807263,0.8592810043255386,0.05093434107270579
2013-08-10,0.8637288587917404,0.8428795409814192,0.8008473162758115,0.9561330353270844,0.8488841445107917,0.8597257897721587,0.8577957386377175,0.8576575374453749,0.04813276065078122
2013-08-11,0.8343730193148081,0.8637288587917404,0.8428795409814192,0.8008473162758115,0.9561330353270844,0.8488841445107917,0.8580816721391163,0.8584470316131257,0.04796219809904467
2013-09-05,0.9544650899022584,0.8343730193148081,0.8637288587917404,0.8428795409814192,0.8008473162758115,0.9561330353270844,0.8716158578719877,0.8599148235869724,0.06028691882946428
2013-09-07,0.8143576742168998,0.9544650899022584,0.8343730193148081,0.8637288587917404,0.8428795409814192,0.8008473162758115,0.8666835049728603,0.8585693476109463,0.06376852352976328
2013-09-08,0.8500517063081697,0.8143576742168998,0.9544650899022584,0.8343730193148081,0.8637288587917404,0.8428795409814192,0.8515290293987297,0.8606098008473163,0.050110442849999666
2013-09-09,0.9040931380725225,0.8500517063081697,0.8143576742168998,0.9544650899022584,0.8343730193148081,0.8637288587917404,0.8662784325125454,0.8603985277601718,0.04785024229447287
2013-09-10,0.8467158154585183,0.9040931380725225,0.8500517063081697,0.8143576742168998,0.9544650899022584,0.8343730193148081,0.8668264717235595,0.8615605297394671,0.04755866475227904
2013-09-12,0.8020148780731896,0.8467158154585183,0.9040931380725225,0.8500517063081697,0.8143576742168998,0.9544650899022584,0.8580101887637667,0.8581579210728226,0.05356898839682202
2013-10-05,0.9284451412749776,0.8020148780731896,0.8467158154585183,0.9040931380725225,0.8500517063081697,0.8143576742168998,0.8714490633295051,0.860754356117468,0.05824654841804748
2013-10-06,0.899589685425493,0.9284451412749776,0.8020148780731896,0.8467158154585183,0.9040931380725225,0.8500517063081697,0.8636097198328244,0.8621498704562388,0.04800348809288745
2013-10-07,0.8146912633018649,0.899589685425493,0.9284451412749776,0.8020148780731896,0.8467158154585183,0.9040931380725225,0.8636573754163906,0.8627836897176725,0.047946575666985264
2013-10-09,0.882910231177236,0.8146912633018649,0.899589685425493,0.9284451412749776,0.8020148780731896,0.8467158154585183,0.8683514503976859,0.8617662430085289,0.04800097664404888
2013-10-10,0.8430463355239017,0.882910231177236,0.8146912633018649,0.899589685425493,0.9284451412749776,0.8020148780731896,0.8596304786050258,0.863673260610913,0.0459257656633074
2013-10-12,0.8215298395436502,0.8430463355239017,0.882910231177236,0.8146912633018649,0.899589685425493,0.9284451412749776,0.856032482045759,0.8628170486261691,0.04804391537711451
2013-11-06,0.8935850818961205,0.8215298395436502,0.8430463355239017,0.882910231177236,0.8146912633018649,0.899589685425493,0.8691139397347492,0.8625779764486108,0.043096270717009395
2013-11-07,0.834039430229843,0.8935850818961205,0.8215298395436502,0.8430463355239017,0.882910231177236,0.8146912633018649,0.8556274095854441,0.8620831526392457,0.03554470324067978
2013-11-09,0.8865797111118525,0.834039430229843,0.8935850818961205,0.8215298395436502,0.8430463355239017,0.882910231177236,0.8537688418263526,0.8652244498560008,0.033120333444243165
2013-11-10,0.8210294559162026,0.8865797111118525,0.834039430229843,0.8935850818961205,0.8215298395436502,0.8430463355239017,0.8546742979141152,0.8622332677274801,0.03193955284621066
2013-11-11,0.8323714848050173,0.8210294559162026,0.8865797111118525,0.834039430229843,0.8935850818961205,0.8215298395436502,0.8474544770037983,0.862277746272142,0.0301553673044443
2013-11-12,0.8178603596090337,0.8323714848050173,0.8210294559162026,0.8865797111118525,0.834039430229843,0.8935850818961205,0.8438564804445315,0.859470038140352,0.03220206536331803
2013-12-06,0.8992560963405278,0.8178603596090337,0.8323714848050173,0.8210294559162026,0.8865797111118525,0.834039430229843,0.8549602314155139,0.860887791751454,0.036353412563583376
2013-12-07,0.830536744837709,0.8992560963405278,0.8178603596090337,0.8323714848050173,0.8210294559162026,0.8865797111118525,0.8459533261214551,0.8619274777329287,0.03282829280575513
2013-12-08,0.8714014077459387,0.830536744837709,0.8992560963405278,0.8178603596090337,0.8323714848050173,0.8210294559162026,0.8512907514808974,0.8596312728647519,0.0335966963356503
2013-12-09,0.862728091536845,0.8714014077459387,0.830536744837709,0.8992560963405278,0.8178603596090337,0.8323714848050173,0.8478833772558964,0.8583413950695534,0.030486769562044155
2013-12-11,0.8315375120926044,0.862728091536845,0.8714014077459387,0.830536744837709,0.8992560963405278,0.8178603596090337,0.8493845281382395,0.8583135959791396,0.029174585826229747
2013-12-12,0.7941755345765088,0.8315375120926044,0.862728091536845,0.8714014077459387,0.830536744837709,0.8992560963405278,0.843927963819881,0.856128587472618,0.03572373024641225
2014-01-04,0.8332054575174301,0.7941755345765088,0.8315375120926044,0.862728091536845,0.8714014077459387,0.830536744837709,0.8461201206639376,0.8556059645728393,0.0342999579859333
2014-01-05,0.8297027721252962,0.8332054575174301,0.7941755345765088,0.8315375120926044,0.862728091536845,0.8714014077459387,0.8361839314903331,0.8513916224661131,0.025212183370680565
2014-01-07,0.8623945024518799,0.8297027721252962,0.8332054575174301,0.7941755345765088,0.8315375120926044,0.862728091536845,0.8407350397209291,0.8534431953386487,0.026845360716691115
2014-01-08,0.8382092937919072,0.8623945024518799,0.8297027721252962,0.8332054575174301,0.7941755345765088,0.8315375120926044,0.8359933091560674,0.8532875204323316,0.023211367744634222
2014-01-09,0.8350401974847385,0.8382092937919072,0.8623945024518799,0.8297027721252962,0.8332054575174301,0.7941755345765088,0.8320378957200522,0.8523312317220982,0.020038497615929112
2014-01-10,0.7883377255896188,0.8350401974847385,0.8382092937919072,0.8623945024518799,0.8297027721252962,0.8332054575174301,0.825866497648197,0.8507967219312585,0.02598749611751305
2014-01-12,0.7733262167661875,0.7883377255896188,0.8350401974847385,0.8382092937919072,0.8623945024518799,0.8297027721252962,0.8228880236752941,0.8447587594933895,0.030946632964521825
2014-02-01,0.7940087400340262,0.7733262167661875,0.7883377255896188,0.8350401974847385,0.8382092937919072,0.8623945024518799,0.8172884926062364,0.8440804616872938,0.03228581963297344
2014-02-04,0.838709677419355,0.7940087400340262,0.7733262167661875,0.7883377255896188,0.8350401974847385,0.8382092937919072,0.8185751933625305,0.8437023940576667,0.03303384256386194
2014-02-05,0.8315375120926044,0.838709677419355,0.7940087400340262,0.7733262167661875,0.7883377255896188,0.8350401974847385,0.8141670518826339,0.8412838731916692,0.02786657617364264
2014-02-06,0.8088534543149749,0.8315375120926044,0.838709677419355,0.7940087400340262,0.7733262167661875,0.7883377255896188,0.8099733605287864,0.8400217944868845,0.025775867262280167
2014-02-07,0.8617273242819496,0.8088534543149749,0.8315375120926044,0.838709677419355,0.7940087400340262,0.7733262167661875,0.8137858072141023,0.8420122093605098,0.03145037148647861
2014-02-09,0.822030223171098,0.8617273242819496,0.8088534543149749,0.8315375120926044,0.838709677419355,0.7940087400340262,0.8185990211543137,0.8384650454237138,0.029419244089799033
2014-02-10,0.78516862928245,0.822030223171098,0.8617273242819496,0.8088534543149749,0.8315375120926044,0.838709677419355,0.8202907943709227,0.8346510102189458,0.02658596479384339
2014-02-12,0.7739933949361177,0.78516862928245,0.822030223171098,0.8617273242819496,0.8088534543149749,0.8315375120926044,0.8174314593569356,0.8332944146067542,0.03064950619863125
2014-03-01,0.8003469326483639,0.7739933949361177,0.78516862928245,0.822030223171098,0.8617273242819496,0.8088534543149749,0.8119510672467941,0.8305423046557917,0.02962327065697162
2014-03-02,0.8186943323214465,0.8003469326483639,0.7739933949361177,0.78516862928245,0.822030223171098,0.8617273242819496,0.8101163272794859,0.8297305712157098,0.028587607727337355
2014-03-03,0.8770724221903461,0.8186943323214465,0.8003469326483639,0.7739933949361177,0.78516862928245,0.822030223171098,0.8198618941188246,0.8315819906372665,0.03812304460533131
2014-03-04,0.8333722520599127,0.8770724221903461,0.8186943323214465,0.8003469326483639,0.7739933949361177,0.78516862928245,0.8158111695156764,0.8295748963093927,0.03424216727992779
2014-03-06,0.8058511525502886,0.8333722520599127,0.8770724221903461,0.8186943323214465,0.8003469326483639,0.7739933949361177,0.8134998737127036,0.8286352870534076,0.03429841301411094
2014-03-07,0.855722720752577,0.8058511525502886,0.8333722520599127,0.8770724221903461,0.8186943323214465,0.8003469326483639,0.8235790296370075,0.8276067207080986,0.03494584029580688
2014-03-09,0.8210294559162026,0.855722720752577,0.8058511525502886,0.8333722520599127,0.8770724221903461,0.8186943323214465,0.8302984669198769,0.8276067207080986,0.027565013512177786
2014-03-10,0.7739933949361177,0.8210294559162026,0.855722720752577,0.8058511525502886,0.8333722520599127,0.8770724221903461,0.8265336758181273,0.8256607843791351,0.03349858450034159
2014-03-11,0.7558127898055177,0.7739933949361177,0.8210294559162026,0.855722720752577,0.8058511525502886,0.8333722520599127,0.8175505983158518,0.8235925320523514,0.04302721933696015
2014-03-12,0.780498382092938,0.7558127898055177,0.7739933949361177,0.8210294559162026,0.855722720752577,0.8058511525502886,0.8037543068733649,0.8196339415774315,0.03560361692755825
2014-04-02,0.8108549888247658,0.780498382092938,0.7558127898055177,0.7739933949361177,0.8210294559162026,0.855722720752577,0.8005375549826296,0.8189778830436669,0.03343269305126731
2014-04-03,0.8672315441838744,0.8108549888247658,0.780498382092938,0.7558127898055177,0.7739933949361177,0.8210294559162026,0.8093061823588562,0.8188388875915981,0.042008137866340306
2014-04-04,0.8422123628114889,0.8672315441838744,0.8108549888247658,0.780498382092938,0.7558127898055177,0.7739933949361177,0.807376131224415,0.8181550299674195,0.03977090200100075
2014-04-06,0.8075190979751143,0.8422123628114889,0.8672315441838744,0.8108549888247658,0.780498382092938,0.7558127898055177,0.8054460800899738,0.8173544161635034,0.03932318942329219
2014-04-07,0.856890282549955,0.8075190979751143,0.8422123628114889,0.8672315441838744,0.8108549888247658,0.780498382092938,0.8172884926062363,0.8194449077626181,0.040729626363863694
2014-04-08,0.8377089101644596,0.856890282549955,0.8075190979751143,0.8422123628114889,0.8672315441838744,0.8108549888247658,0.8289879383717995,0.8195950228508525,0.03064040628076044
2014-04-09,0.8250325249357842,0.8377089101644596,0.856890282549955,0.8075190979751143,0.8422123628114889,0.8672315441838744,0.8353499587779203,0.8194393479445352,0.022413121469703833
2014-04-11,0.7549788170931048,0.8250325249357842,0.8377089101644596,0.856890282549955,0.8075190979751143,0.8422123628114889,0.8273676485305402,0.8158588250992429,0.03747795798557407
2014-04-12,0.7833338893151417,0.7549788170931048,0.8250325249357842,0.8377089101644596,0.856890282549955,0.8075190979751143,0.8153822692635783,0.8140296449500173,0.035990463017721276
2014-05-02,0.8136904960469694,0.7833338893151417,0.7549788170931048,0.8250325249357842,0.8377089101644596,0.856890282549955,0.8113077168686471,0.8133179882354251,0.03400655550937494
2014-05-03,0.8687326950662175,0.8136904960469694,0.7833338893151417,0.7549788170931048,0.8250325249357842,0.8377089101644596,0.8200525164530904,0.8159978205513116,0.040180112732419955
2014-05-06,0.8123561397071088,0.8687326950662175,0.8136904960469694,0.7833338893151417,0.7549788170931048,0.8250325249357842,0.8136904960469694,0.8172988179826758,0.03675489725558846
2014-05-08,0.8338726356873605,0.8123561397071088,0.8687326950662175,0.8136904960469694,0.7833338893151417,0.7549788170931048,0.8131424568359552,0.8186276145044535,0.03636359660548927
2014-05-09,0.8213630450011676,0.8338726356873605,0.8123561397071088,0.8687326950662175,0.8136904960469694,0.7833338893151417,0.8126182454167242,0.8180493934238472,0.03618965716794323
2014-05-11,0.7386329519298129,0.8213630450011676,0.8338726356873605,0.8123561397071088,0.8687326950662175,0.8136904960469694,0.8102831218219684,0.8149525747517542,0.040766608180083624
2014-05-12,0.7733262167661875,0.7386329519298129,0.8213630450011676,0.8338726356873605,0.8123561397071088,0.8687326950662175,0.8088534543149749,0.813768333500128,0.0420252743583784
2014-06-01,0.8081862761450447,0.7733262167661875,0.7386329519298129,0.8213630450011676,0.8338726356873605,0.8123561397071088,0.8080671371861284,0.8119836318955646,0.041971145248820244
2014-06-02,0.81502485238683,0.8081862761450447,0.7733262167661875,0.7386329519298129,0.8213630450011676,0.8338726356873605,0.8003945882319303,0.8117501195360889,0.032978493084420156
2014-06-03,0.8742369149681424,0.81502485238683,0.8081862761450447,0.7733262167661875,0.7386329519298129,0.8213630450011676,0.8092346989835065,0.8147190623922785,0.043374461829780116
2014-06-05,0.8482169663408614,0.8742369149681424,0.81502485238683,0.8081862761450447,0.7733262167661875,0.7386329519298129,0.8112838890768638,0.8171931814391034,0.04503935060434107
2014-06-06,0.8090202488574575,0.8482169663408614,0.8742369149681424,0.81502485238683,0.8081862761450447,0.7733262167661875,0.8095206324849052,0.8174822919794065,0.04482006578791355
2014-06-08,0.848383760883344,0.8090202488574575,0.8482169663408614,0.8742369149681424,0.81502485238683,0.8081862761450447,0.8251993194782667,0.8184719395981365,0.0337084576354853
2014-06-10,0.7744937785635655,0.848383760883344,0.8090202488574575,0.8482169663408614,0.8742369149681424,0.81502485238683,0.8253661140207493,0.8150526514772437,0.03341057479431364
2014-06-11,0.7406344864396038,0.7744937785635655,0.848383760883344,0.8090202488574575,0.8482169663408614,0.8742369149681424,0.8157158583485435,0.8119613926232335,0.04642199351216369
2014-07-01,0.7956766854588518,0.7406344864396038,0.7744937785635655,0.848383760883344,0.8090202488574575,0.8482169663408614,0.8129518345016894,0.8116222437201855,0.04704186266143191
2014-07-02,0.8168595923541383,0.7956766854588518,0.7406344864396038,0.7744937785635655,0.848383760883344,0.8090202488574575,0.8047550741282603,0.8103268061069042,0.03887313205642984
2014-07-03,0.8675651332688396,0.8168595923541383,0.7956766854588518,0.7406344864396038,0.7744937785635655,0.848383760883344,0.8075190979751143,0.8118779953519921,0.04295232053300752
2014-07-04,0.8433799246088669,0.8675651332688396,0.8168595923541383,0.7956766854588518,0.7406344864396038,0.7744937785635655,0.8124276230824586,0.8141908796744172,0.045063845702144126
2014-07-05,0.8413783900990761,0.8433799246088669,0.8675651332688396,0.8168595923541383,0.7956766854588518,0.7406344864396038,0.8114268558275631,0.8170430663508691,0.044201797581102986
2014-07-07,0.8527204189878909,0.8413783900990761,0.8433799246088669,0.8675651332688396,0.8168595923541383,0.7956766854588518,0.8226020901738954,0.8194504675807008,0.04318506412295906
2014-07-08,0.8475497881709312,0.8527204189878909,0.8413783900990761,0.8433799246088669,0.8675651332688396,0.8168595923541383,0.8378757047069421,0.8206736275589063,0.024015325131068695
2014-07-10,0.7843346565700371,0.8475497881709312,0.8527204189878909,0.8413783900990761,0.8433799246088669,0.8675651332688396,0.8362554148656829,0.8179103979717784,0.02747096734983887
2014-07-11,0.7469726790539415,0.7843346565700371,0.8475497881709312,0.8527204189878909,0.8413783900990761,0.8433799246088669,0.8262715701085119,0.8147357418465269,0.04363750904324949
2014-08-01,0.7913400273543051,0.7469726790539415,0.7843346565700371,0.8475497881709312,0.8527204189878909,0.8413783900990761,0.8153822692635784,0.8141964394924999,0.041049582587139984
2014-08-04,0.8503852953931349,0.7913400273543051,0.7469726790539415,0.7843346565700371,0.8475497881709312,0.8527204189878909,0.8163830365184738,0.8139796065872725,0.04192203432399668
2014-08-05,0.8353737865697035,0.8503852953931349,0.7913400273543051,0.7469726790539415,0.7843346565700371,0.8475497881709312,0.8155252360142776,0.813901769134114,0.04138331367859933
2014-08-07,0.8593922006871936,0.8353737865697035,0.8503852953931349,0.7913400273543051,0.7469726790539415,0.7843346565700371,0.8164783476856067,0.8150470916591609,0.0424459301274304
2014-08-08,0.8505520899356174,0.8593922006871936,0.8353737865697035,0.8503852953931349,0.7913400273543051,0.7469726790539415,0.8169072479377048,0.8182328674205781,0.04282569266884772
2014-08-09,0.8166927978116557,0.8505520899356174,0.8593922006871936,0.8353737865697035,0.8503852953931349,0.7913400273543051,0.8215298395436502,0.8193448310371285,0.040401595520811816
2014-08-10,0.788671314674584,0.8166927978116557,0.8505520899356174,0.8593922006871936,0.8353737865697035,0.8503852953931349,0.8274867874894564,0.8185108583247157,0.02905812966636414
2014-08-12,0.7726590385962573,0.788671314674584,0.8166927978116557,0.8505520899356174,0.8593922006871936,0.8353737865697035,0.8248180748097351,0.8153084031090503,0.03345616282815105
2014-09-01,0.7946759182039564,0.7726590385962573,0.788671314674584,0.8166927978116557,0.8505520899356174,0.8593922006871936,0.8168595923541383,0.8147190623922785,0.03298331326245928
2014-09-04,0.8452146645761752,0.7946759182039564,0.7726590385962573,0.788671314674584,0.8166927978116557,0.8505520899356174,0.8182654320693485,0.8150971300219058,0.03409495016066257
2014-09-05,0.8382092937919072,0.8452146645761752,0.7946759182039564,0.7726590385962573,0.788671314674584,0.8166927978116557,0.815239302512879,0.8156586716482638,0.030596944459546204
2014-09-06,0.8130233178770392,0.8382092937919072,0.8452146645761752,0.7946759182039564,0.7726590385962573,0.788671314674584,0.8098780493616535,0.8181383505131713,0.026374717838760286
2014-09-07,0.8592254061447111,0.8130233178770392,0.8382092937919072,0.8452146645761752,0.7946759182039564,0.7726590385962573,0.8159541362663758,0.8210016568257889,0.032414100447610866
2014-09-09,0.8145244687593823,0.8592254061447111,0.8130233178770392,0.8382092937919072,0.8452146645761752,0.7946759182039564,0.8196474439927756,0.8212129299129334,0.030183470610045084
2014-09-10,0.7951763018314042,0.8145244687593823,0.8592254061447111,0.8130233178770392,0.8382092937919072,0.8452146645761752,0.8228641958835109,0.820551311561086,0.025115551279016515
2014-09-12,0.7953430963738868,0.7951763018314042,0.8145244687593823,0.8592254061447111,0.8130233178770392,0.8382092937919072,0.8229595070506436,0.817921517607944,0.024991711380783672
2014-10-01,0.8068519198051841,0.7953430963738868,0.7951763018314042,0.8145244687593823,0.8592254061447111,0.8130233178770392,0.8174791149405021,0.8165426827234215,0.02345717116029342
2014-10-02,0.8287020048704008,0.8068519198051841,0.7953430963738868,0.7951763018314042,0.8145244687593823,0.8592254061447111,0.8161209308088583,0.8171987412571863,0.022303712573168242
2014-10-03,0.8734029422557295,0.8287020048704008,0.8068519198051841,0.7953430963738868,0.7951763018314042,0.8145244687593823,0.8247465914343854,0.8180327139695991,0.03091804502286619
2014-10-04,0.857724255262368,0.8734029422557295,0.8287020048704008,0.8068519198051841,0.7953430963738868,0.7951763018314042,0.8245321413083364,0.8208070631928924,0.030643021973315015
2014-10-06,0.8170263868966209,0.857724255262368,0.8734029422557295,0.8287020048704008,0.8068519198051841,0.7953430963738868,0.8248895581850848,0.823353459874793,0.030521187683361355
2014-10-07,0.8709010241184909,0.8170263868966209,0.857724255262368,0.8734029422557295,0.8287020048704008,0.8068519198051841,0.8357073756546687,0.8258609378301144,0.03163399689201165
2014-10-09,0.8113553724522135,0.8709010241184909,0.8170263868966209,0.857724255262368,0.8734029422557295,0.8287020048704008,0.8379948436658583,0.8256774638333835,0.028668728622498467
2014-10-10,0.7900056710144445,0.8113553724522135,0.8709010241184909,0.8170263868966209,0.857724255262368,0.8734029422557295,0.8355882366957524,0.8230921484249036,0.03220743364090102
2014-10-11,0.7519765153284186,0.7900056710144445,0.8113553724522135,0.8709010241184909,0.8170263868966209,0.857724255262368,0.8246274524754694,0.8200453681155554,0.0453255647447608
2014-10-12,0.7966774527137473,0.7519765153284186,0.7900056710144445,0.8113553724522135,0.8709010241184909,0.8170263868966209,0.8136666682551862,0.8185553368693779,0.04059479331330473
2014-11-02,0.8320378957200522,0.7966774527137473,0.7519765153284186,0.7900056710144445,0.8113553724522135,0.8709010241184909,0.8099971883205698,0.8178659194271165,0.03694545283169974
2014-11-03,0.8749040931380726,0.8320378957200522,0.7966774527137473,0.7519765153284186,0.7900056710144445,0.8113553724522135,0.8182654320693485,0.8187777295926878,0.04448735510827494
2014-11-04,0.8560563098375422,0.8749040931380726,0.8320378957200522,0.7966774527137473,0.7519765153284186,0.7900056710144445,0.8161447586006415,0.8211684513682713,0.041834819404373294
2014-11-06,0.8186943323214465,0.8560563098375422,0.8749040931380726,0.8320378957200522,0.7966774527137473,0.7519765153284186,0.8171931814391034,0.8235591731438549,0.041786721297801435
2014-11-07,0.867398338726357,0.8186943323214465,0.8560563098375422,0.8749040931380726,0.8320378957200522,0.7966774527137473,0.8282492768265195,0.8260944501895899,0.04359380085814651
2014-11-08,0.8488841445107917,0.867398338726357,0.8186943323214465,0.8560563098375422,0.8749040931380726,0.8320378957200522,0.8420932238525728,0.8260444118268452,0.027896225469104523
2014-11-09,0.8048503852953932,0.8488841445107917,0.867398338726357,0.8186943323214465,0.8560563098375422,0.8749040931380726,0.8432607856499507,0.8250269651177013,0.025768490850732833
2014-11-11,0.7483070353938021,0.8048503852953932,0.8488841445107917,0.867398338726357,0.8186943323214465,0.8560563098375422,0.8312992341747721,0.8213241262745884,0.04448370705067311
2014-11-12,0.7881709310471362,0.7483070353938021,0.8048503852953932,0.8488841445107917,0.867398338726357,0.8186943323214465,0.8189087824474955,0.819244754311639,0.0423414786886306
2014-12-02,0.8370417319945292,0.7881709310471362,0.7483070353938021,0.8048503852953932,0.8488841445107917,0.867398338726357,0.816192414184208,0.8199230521177349,0.040112382497027324
2014-12-03,0.8880808619941957,0.8370417319945292,0.7881709310471362,0.7483070353938021,0.8048503852953932,0.8488841445107917,0.8261047755660292,0.8232367036950552,0.04852477778507287
2014-12-05,0.8432131300663843,0.8880808619941957,0.8370417319945292,0.7881709310471362,0.7483070353938021,0.8048503852953932,0.8226497457574619,0.8255885067440595,0.045883731998990984
2014-12-06,0.821196250458685,0.8432131300663843,0.8880808619941957,0.8370417319945292,0.7881709310471362,0.7483070353938021,0.8186943323214466,0.8264725178192172,0.044415187108723476
2014-12-08,0.8545551589551991,0.821196250458685,0.8432131300663843,0.8880808619941957,0.8370417319945292,0.7881709310471362,0.8257950142728474,0.8267838676318512,0.04578511276202641
2014-12-09,0.798345398138573,0.8545551589551991,0.821196250458685,0.8432131300663843,0.8880808619941957,0.8370417319945292,0.8329433518078148,0.8254550711100734,0.03408093981575781
2014-12-11,0.7536444607532442,0.798345398138573,0.8545551589551991,0.821196250458685,0.8432131300663843,0.8880808619941957,0.8280109989086872,0.8234757758726137,0.04297772771683501
2014-12-12,0.788671314674584,0.7536444607532442,0.798345398138573,0.8545551589551991,0.821196250458685,0.8432131300663843,0.8211009392915523,0.8211239728236094,0.04511896243339941
2015-01-04,0.7753277512759783,0.788671314674584,0.7536444607532442,0.798345398138573,0.8545551589551991,0.821196250458685,0.8049933520460926,0.8198174155741624,0.03653085169680808
2015-01-05,0.761283650798946,0.7753277512759783,0.788671314674584,0.7536444607532442,0.798345398138573,0.8545551589551991,0.7932891407221728,0.8186876605397473,0.035350354468648454
2015-01-06,0.7772625679687762,0.761283650798946,0.7753277512759783,0.788671314674584,0.7536444607532442,0.798345398138573,0.7870129003664715,0.818084976259577,0.033417039754469864
2015-01-07,0.7559795843480003,0.7772625679687762,0.761283650798946,0.7753277512759783,0.788671314674584,0.7536444607532442,0.772930675422586,0.8163892317443373,0.01689742518825056
2015-01-09,0.738833105380792,0.7559795843480003,0.7772625679687762,0.761283650798946,0.7753277512759783,0.788671314674584,0.7644289193143317,0.8133936017613503,0.016950491740703254
2015-01-10,0.7232878540214165,0.738833105380792,0.7559795843480003,0.7772625679687762,0.761283650798946,0.7753277512759783,0.7600922612097848,0.8083897654868734,0.022980250592917875
2015-01-12,0.6875271041131535,0.7232878540214165,0.738833105380792,0.7559795843480003,0.7772625679687762,0.761283650798946,0.7456430882724375,0.802716527115233,0.03203134153029133
2015-02-01,0.7586482970277214,0.6875271041131535,0.7232878540214165,0.738833105380792,0.7559795843480003,0.7772625679687762,0.7432603090941151,0.8007705907862696,0.030011813846737012
2015-02-02,0.8256997031057145,0.7586482970277214,0.6875271041131535,0.7232878540214165,0.738833105380792,0.7559795843480003,0.7524626022807964,0.7992638800858437,0.043364523253004925
2015-02-03,0.7856690129098977,0.8256997031057145,0.7586482970277214,0.6875271041131535,0.7232878540214165,0.738833105380792,0.7536635229866709,0.7984076681010998,0.044272683821805534
2015-02-04,0.7763285185308738,0.7856690129098977,0.8256997031057145,0.7586482970277214,0.6875271041131535,0.7232878540214165,0.7565705135842242,0.7979517630183142,0.04511024813196156
2015-02-06,0.7725256029622711,0.7763285185308738,0.7856690129098977,0.8256997031057145,0.7586482970277214,0.6875271041131535,0.7613837275244356,0.7986367326061092,0.0446978503349797
2015-02-07,0.754144844380692,0.7725256029622711,0.7763285185308738,0.7856690129098977,0.8256997031057145,0.7586482970277214,0.7657918690043319,0.7972189789950074,0.04173821354480963
2015-02-09,0.7357974447076092,0.754144844380692,0.7725256029622711,0.7763285185308738,0.7856690129098977,0.8256997031057145,0.7726876319463971,0.7940109639612593,0.02855959283971306
2015-02-10,0.7377989792174001,0.7357974447076092,0.754144844380692,0.7725256029622711,0.7763285185308738,0.7856690129098977,0.7697091579734942,0.789440793497237,0.031230108530220423
2015-02-11,0.7332955265703707,0.7377989792174001,0.7357974447076092,0.754144844380692,0.7725256029622711,0.7763285185308738,0.7565085613255877,0.7853487673883311,0.02169154680818565
2015-02-12,0.6808553224138508,0.7332955265703707,0.7377989792174001,0.7357974447076092,0.754144844380692,0.7725256029622711,0.7415351769690096,0.7807541337247447,0.03195518780312212
2015-03-02,0.8201954832037897,0.6808553224138508,0.7332955265703707,0.7377989792174001,0.7357974447076092,0.754144844380692,0.7478018862079976,0.7791807052073257,0.04248287853614991
2015-03-03,0.7858358074523802,0.8201954832037897,0.6808553224138508,0.7332955265703707,0.7377989792174001,0.7357974447076092,0.7497033439922989,0.7770790939720453,0.044043119052892585
2015-03-06,0.7706575040864664,0.7858358074523802,0.8201954832037897,0.6808553224138508,0.7332955265703707,0.7377989792174001,0.7520622953788382,0.7759393312650811,0.044757076448846175
2015-03-07,0.7559462254395037,0.7706575040864664,0.7858358074523802,0.8201954832037897,0.6808553224138508,0.7332955265703707,0.7549406926262517,0.7761939709332711,0.04418091349562716
2015-03-08,0.705207325616306,0.7559462254395037,0.7706575040864664,0.7858358074523802,0.8201954832037897,0.6808553224138508,0.7502847421118096,0.7734285174189102,0.047853148682632345
2015-03-09,0.7292924575507891,0.705207325616306,0.7559462254395037,0.7706575040864664,0.7858358074523802,0.8201954832037897,0.7497128751090123,0.7698368749374521,0.04811322821627449
2015-03-11,0.7260232845181306,0.7292924575507891,0.705207325616306,0.7559462254395037,0.7706575040864664,0.7858358074523802,0.7561654411239094,0.76443495568825,0.03961834856542353
2015-03-12,0.6808886813223473,0.7260232845181306,0.7292924575507891,0.705207325616306,0.7559462254395037,0.7706575040864664,0.7362644694265604,0.7590241407301155,0.0369956862672037
2015-04-02,0.8230309904259934,0.6808886813223473,0.7260232845181306,0.7292924575507891,0.705207325616306,0.7559462254395037,0.7415780669942196,0.7590852987290256,0.046700385782107445
2015-04-03,0.776995696700804,0.8230309904259934,0.6808886813223473,0.7260232845181306,0.7292924575507891,0.705207325616306,0.7424835230819821,0.7564999833205459,0.04741415412885467
2015-04-06,0.7613170097074424,0.776995696700804,0.8230309904259934,0.6808886813223473,0.7260232845181306,0.7292924575507891,0.7432507779774019,0.7552657037061749,0.04771084288662114
2015-04-08,0.7043733529038931,0.7613170097074424,0.776995696700804,0.8230309904259934,0.6808886813223473,0.7260232845181306,0.7431316390184858,0.7536233334445298,0.04782258484556168
2015-04-09,0.7227874703939688,0.7043733529038931,0.7613170097074424,0.776995696700804,0.8230309904259934,0.6808886813223473,0.74220235513894,0.7514272053018426,0.0481980549425858
2015-04-11,0.7204189878907163,0.7227874703939688,0.7043733529038931,0.7613170097074424,0.776995696700804,0.8230309904259934,0.7414017413350236,0.7495969131890006,0.0485568067435243
2015-04-12,0.6967675217666879,0.7204189878907163,0.7227874703939688,0.7043733529038931,0.7613170097074424,0.776995696700804,0.7436701471127866,0.7474463755545919,0.04553559845098547
2015-05-01,0.7773292857857692,0.6967675217666879,0.7204189878907163,0.7227874703939688,0.7043733529038931,0.7613170097074424,0.737141332164183,0.747448599481825,0.03410122321884319
2015-05-02,0.8168595923541383,0.7773292857857692,0.6967675217666879,0.7204189878907163,0.7227874703939688,0.7043733529038931,0.7428361744003737,0.7494779330820297,0.043812046647313266
2015-05-03,0.7786636421256298,0.8168595923541383,0.7773292857857692,0.6967675217666879,0.7204189878907163,0.7227874703939688,0.7453142647458291,0.7508056176401909,0.04549002131639008
2015-05-05,0.7753277512759783,0.7786636421256298,0.8168595923541383,0.7773292857857692,0.6967675217666879,0.7204189878907163,0.7554506073704127,0.7525402808820096,0.042664359159255115
2015-05-06,0.7537111785702372,0.7753277512759783,0.7786636421256298,0.8168595923541383,0.7773292857857692,0.6967675217666879,0.7598682799670223,0.7547464166972457,0.040251334412730225
2015-05-08,0.70067051406078,0.7537111785702372,0.7753277512759783,0.7786636421256298,0.8168595923541383,0.7773292857857692,0.7570470694198888,0.7528138239316812,0.04399513945188031
2015-05-10,0.7371318010474698,0.70067051406078,0.7537111785702372,0.7753277512759783,0.7786636421256298,0.8168595923541383,0.762813395031429,0.7498615605297395,0.03684126817398588
2015-05-11,0.7148146912633019,0.7371318010474698,0.70067051406078,0.7537111785702372,0.7753277512759783,0.7786636421256298,0.7538827386710765,0.7474997498081865,0.040163296598276325
2015-06-01,0.7841678620275546,0.7148146912633019,0.7371318010474698,0.70067051406078,0.7537111785702372,0.7753277512759783,0.7492124914815644,0.7477610612580758,0.03285566540965686
2015-06-02,0.8046835907529106,0.7841678620275546,0.7148146912633019,0.7371318010474698,0.70067051406078,0.7537111785702372,0.7529296269997475,0.7488329941844304,0.03783719819163044
2015-06-03,0.76115021516496,0.8046835907529106,0.7841678620275546,0.7148146912633019,0.7371318010474698,0.70067051406078,0.7509042646981733,0.7490665065439059,0.036803778912579965
2015-06-05,0.7734930113086701,0.76115021516496,0.8046835907529106,0.7841678620275546,0.7148146912633019,0.7371318010474698,0.7537302408036639,0.750323025430608,0.0378011873155303
2015-06-07,0.7546452280081397,0.7734930113086701,0.76115021516496,0.8046835907529106,0.7841678620275546,0.7148146912633019,0.7614409142247152,0.7508845670569659,0.029840966757393107
2015-06-08,0.7037728925509559,0.7546452280081397,0.7734930113086701,0.76115021516496,0.8046835907529106,0.7841678620275546,0.7566753558680704,0.7499004792563188,0.03632857850517943
2015-06-10,0.7423024318644295,0.7037728925509559,0.7546452280081397,0.7734930113086701,0.76115021516496,0.8046835907529106,0.7606021759539457,0.7519487162380047,0.03231336150004527
2015-06-11,0.7032057911065152,0.7423024318644295,0.7037728925509559,0.7546452280081397,0.7734930113086701,0.76115021516496,0.7490361658223688,0.7480490598347623,0.036668595304164935
2015-07-01,0.7843346565700371,0.7032057911065152,0.7423024318644295,0.7037728925509559,0.7546452280081397,0.7734930113086701,0.7461291752248153,0.7479990214720175,0.032035679787820966
2015-07-04,0.7846682456550023,0.7843346565700371,0.7032057911065152,0.7423024318644295,0.7037728925509559,0.7546452280081397,0.74948889386625,0.7484660461909687,0.034972186615697724
2015-07-05,0.7686559695766756,0.7846682456550023,0.7843346565700371,0.7032057911065152,0.7423024318644295,0.7037728925509559,0.7487978879045364,0.7488897043288745,0.034462926294123016
2015-07-07,0.7481402408513195,0.7686559695766756,0.7846682456550023,0.7843346565700371,0.7032057911065152,0.7423024318644295,0.7478686040249907,0.7503208015033749,0.03436654348389538
2015-07-08,0.7062748106881944,0.7481402408513195,0.7686559695766756,0.7846682456550023,0.7843346565700371,0.7032057911065152,0.7482260209017391,0.7495535466079551,0.03384049229389533
2015-07-09,0.7236214431063817,0.7062748106881944,0.7481402408513195,0.7686559695766756,0.7846682456550023,0.7843346565700371,0.7455573082220178,0.7494734852275634,0.03509870762576978
2015-07-10,0.7403676151716316,0.7236214431063817,0.7062748106881944,0.7481402408513195,0.7686559695766756,0.7846682456550023,0.7508661402313203,0.751456116355873,0.03007632427909384
2015-07-12,0.6944657570804283,0.7403676151716316,0.7236214431063817,0.7062748106881944,0.7481402408513195,0.7686559695766756,0.7380277260185191,0.7471706085776876,0.03249256112303063
2015-08-01,0.7876705474196886,0.6944657570804283,0.7403676151716316,0.7236214431063817,0.7062748106881944,0.7481402408513195,0.7384566262706171,0.7475264369349836,0.03322244002359145
2015-08-04,0.7821663275177637,0.7876705474196886,0.6944657570804283,0.7403676151716316,0.7236214431063817,0.7062748106881944,0.7403866774050583,0.7482214141953276,0.0355781887585956
2015-08-05,0.7679887914067453,0.7821663275177637,0.7876705474196886,0.6944657570804283,0.7403676151716316,0.7236214431063817,0.743222184627262,0.7503419288120894,0.03705923936719502
2015-08-06,0.7591820395636656,0.7679887914067453,0.7821663275177637,0.7876705474196886,0.6944657570804283,0.7403676151716316,0.7507803601809007,0.7515550811177459,0.03349141616282916
2015-08-07,0.7496413917336626,0.7591820395636656,0.7679887914067453,0.7821663275177637,0.7876705474196886,0.6944657570804283,0.7544974956990836,0.7525291612458441,0.031350227369697545
2015-08-09,0.7247222870867667,0.7496413917336626,0.7591820395636656,0.7679887914067453,0.7821663275177637,0.7876705474196886,0.7522624488298172,0.7534609867565134,0.033037761272576564
2015-08-10,0.7372985955899524,0.7247222870867667,0.7496413917336626,0.7591820395636656,0.7679887914067453,0.7821663275177637,0.7583814257597493,0.7521266304166528,0.02298669251019574
2015-08-12,0.6919971978516863,0.7372985955899524,0.7247222870867667,0.7496413917336626,0.7591820395636656,0.7679887914067453,0.7447138043928917,0.7479645505999045,0.03003252166650327
2015-09-01,0.7891716983020317,0.6919971978516863,0.7372985955899524,0.7247222870867667,0.7496413917336626,0.7591820395636656,0.7457145716477872,0.7483148191391179,0.031566111160076744
2015-09-02,0.803015645328085,0.7891716983020317,0.6919971978516863,0.7372985955899524,0.7247222870867667,0.7496413917336626,0.7507184079222643,0.7492377489408547,0.03783851604611845
2015-09-03,0.7563131734329653,0.803015645328085,0.7891716983020317,0.6919971978516863,0.7372985955899524,0.7247222870867667,0.750308569903593,0.7493244821029457,0.03774699182182543
2015-09-04,0.7738599593021317,0.7563131734329653,0.803015645328085,0.7891716983020317,0.6919971978516863,0.7372985955899524,0.753768365270517,0.7517641302776573,0.03877164745361842
2015-09-06,0.762251059145345,0.7738599593021317,0.7563131734329653,0.803015645328085,0.7891716983020317,0.6919971978516863,0.7591296184217425,0.7526014388809199,0.03662085941933231
2015-09-07,0.7534776662107617,0.762251059145345,0.7738599593021317,0.7563131734329653,0.803015645328085,0.7891716983020317,0.7614409142247152,0.7538902047125019,0.03550699568525016
2015-09-09,0.7171831737665544,0.7534776662107617,0.762251059145345,0.7738599593021317,0.7563131734329653,0.803015645328085,0.7650389107839821,0.7516573817704686,0.02771936521529997
2015-09-10,0.7450045034526471,0.7171831737665544,0.7534776662107617,0.762251059145345,0.7738599593021317,0.7563131734329653,0.7587293115197843,0.7496680788604598,0.026301102610721206
2015-09-11,0.7036728158254663,0.7450045034526471,0.7171831737665544,0.7534776662107617,0.762251059145345,0.7738599593021317,0.7445374787336958,0.7477521655491433,0.025201089666910488
2015-09-12,0.6979350835640659,0.7036728158254663,0.7450045034526471,0.7171831737665544,0.7534776662107617,0.762251059145345,0.7361977516095674,0.7452335679576566,0.02987983833278239
2015-10-02,0.8003469326483639,0.6979350835640659,0.7036728158254663,0.7450045034526471,0.7171831737665544,0.7534776662107617,0.7399816049447434,0.7467569581123307,0.03640806034839659
2015-10-03,0.7519765153284186,0.8003469326483639,0.6979350835640659,0.7036728158254663,0.7450045034526471,0.7171831737665544,0.7385138129708968,0.7483637455382461,0.03555781569445548
2015-10-04,0.7822330453347567,0.7519765153284186,0.8003469326483639,0.6979350835640659,0.7036728158254663,0.7450045034526471,0.7426217242743247,0.749694765987257,0.03906293931919022
2015-10-06,0.769656736831571,0.7822330453347567,0.7519765153284186,0.8003469326483639,0.6979350835640659,0.7036728158254663,0.7501179475693271,0.7519097975114255,0.03839682685618463
2015-10-07,0.7501751342696068,0.769656736831571,0.7822330453347567,0.7519765153284186,0.8003469326483639,0.6979350835640659,0.750856609114607,0.7507711467680779,0.038331741610093624
2015-10-08,0.7086099342829504,0.7501751342696068,0.769656736831571,0.7822330453347567,0.7519765153284186,0.8003469326483639,0.7515619117513904,0.7482358697223429,0.03735175924391224
2015-10-09,0.7169496614070788,0.7086099342829504,0.7501751342696068,0.769656736831571,0.7822330453347567,0.7519765153284186,0.7542782800146781,0.7465123261166896,0.03327021713275269
2015-10-11,0.7020048704006405,0.7169496614070788,0.7086099342829504,0.7501751342696068,0.769656736831571,0.7822330453347567,0.740229413979289,0.7449744804350001,0.031278422347773754
2015-10-12,0.691263301864763,0.7020048704006405,0.7169496614070788,0.7086099342829504,0.7501751342696068,0.769656736831571,0.7315560977701955,0.7444740968075525,0.035597610112803824
2015-11-02,0.7931747673216133,0.691263301864763,0.7020048704006405,0.7169496614070788,0.7086099342829504,0.7501751342696068,0.7331192009111749,0.7467925409480604,0.03832915221533814
2015-11-03,0.7439703772892552,0.7931747673216133,0.691263301864763,0.7020048704006405,0.7169496614070788,0.7086099342829504,0.7294497209765582,0.7469126330186477,0.035362985295360645
2015-11-05,0.7701571204590187,0.7439703772892552,0.7931747673216133,0.691263301864763,0.7020048704006405,0.7169496614070788,0.7323042904321886,0.7494356784646007,0.03802138438435504
2015-11-06,0.7629849551322682,0.7701571204590187,0.7439703772892552,0.7931747673216133,0.691263301864763,0.7020048704006405,0.7400721505535196,0.7486128253883534,0.037928127513489854
2015-11-08,0.716115688694666,0.7629849551322682,0.7701571204590187,0.7439703772892552,0.7931747673216133,0.691263301864763,0.7399530115946035,0.7464111374275835,0.03801407708973083
2015-11-09,0.7107782633352238,0.716115688694666,0.7629849551322682,0.7701571204590187,0.7439703772892552,0.7931747673216133,0.7412063534424013,0.7445041198251994,0.03667544318594566
2015-11-11,0.7012042565967244,0.7107782633352238,0.716115688694666,0.7629849551322682,0.7701571204590187,0.7439703772892552,0.7426264898326813,0.7425715270596347,0.03455013419392294
2015-11-12,0.6922640691196585,0.7012042565967244,0.7107782633352238,0.716115688694666,0.7629849551322682,0.7701571204590187,0.7282106758038307,0.7406589496391679,0.030791789601246806
2015-12-01,0.7950095072889216,0.6922640691196585,0.7012042565967244,0.7107782633352238,0.716115688694666,0.7629849551322682,0.7355019800894974,0.7430018569792397,0.03985469380688954
2015-12-02,0.7923407946092005,0.7950095072889216,0.6922640691196585,0.7012042565967244,0.7107782633352238,0.716115688694666,0.7386710763966661,0.744836596946548,0.043760236122136434
2015-12-03,0.7454715281715983,0.7923407946092005,0.7950095072889216,0.6922640691196585,0.7012042565967244,0.7107782633352238,0.7361691582594277,0.7466190746238783,0.04262435508291446
2015-12-05,0.7716582713413618,0.7454715281715983,0.7923407946092005,0.7950095072889216,0.6922640691196585,0.7012042565967244,0.7441038129232413,0.7460352937251894,0.043431244841177975
2015-12-06,0.7658538212629683,0.7716582713413618,0.7454715281715983,0.7923407946092005,0.7950095072889216,0.6922640691196585,0.751971749770062,0.7447965662563523,0.041325492065193384
2015-12-08,0.7232878540214165,0.7658538212629683,0.7716582713413618,0.7454715281715983,0.7923407946092005,0.7950095072889216,0.7551265494021608,0.7436957222759673,0.037466731806954846
2015-12-10,0.7539113320212164,0.7232878540214165,0.7658538212629683,0.7716582713413618,0.7454715281715983,0.7923407946092005,0.7639333012452404,0.7430307680332701,0.02559104379010286
2015-12-11,0.7022050238516198,0.7539113320212164,0.7232878540214165,0.7658538212629683,0.7716582713413618,0.7454715281715983,0.7506755178970544,0.7410292335234792,0.030396482928029187
2016-01-02,0.7282916902958936,0.7022050238516198,0.7539113320212164,0.7232878540214165,0.7658538212629683,0.7716582713413618,0.7415256458522964,0.7401897009929835,0.02490875479255653
2016-01-03,0.8016812889882244,0.7282916902958936,0.7022050238516198,0.7539113320212164,0.7232878540214165,0.7658538212629683,0.7495556116832429,0.7430063048337059,0.03384879453045715
2016-01-04,0.786402908896821,0.8016812889882244,0.7282916902958936,0.7022050238516198,0.7539113320212164,0.7232878540214165,0.75166198847688,0.744386251681845,0.035852901631984194
2016-01-06,0.7870033692497582,0.786402908896821,0.8016812889882244,0.7282916902958936,0.7022050238516198,0.7539113320212164,0.7546833524749929,0.7471639367959882,0.038070741011171395
2016-01-07,0.8707342295760084,0.7870033692497582,0.786402908896821,0.8016812889882244,0.7282916902958936,0.7022050238516198,0.7757471204113632,0.7529239083297196,0.05488266338572443
2016-01-08,0.8771724989158356,0.8707342295760084,0.7870033692497582,0.786402908896821,0.8016812889882244,0.7282916902958936,0.7933558585391659,0.7554847605386352,0.06546305902676004
2016-01-09,0.8503852953931349,0.8771724989158356,0.8707342295760084,0.7870033692497582,0.786402908896821,0.8016812889882244,0.8145244687593823,0.758765053207459,0.05403638307644107
2016-01-11,0.8363411949161025,0.8503852953931349,0.8771724989158356,0.8707342295760084,0.7870033692497582,0.786402908896821,0.829960112276555,0.760568658193504,0.03849599113120588
2016-01-12,0.751876438602929,0.8363411949161025,0.8503852953931349,0.8771724989158356,0.8707342295760084,0.7870033692497582,0.8228451336500842,0.7599759815858825,0.04801849609066251
2016-02-02,0.7296260466357541,0.751876438602929,0.8363411949161025,0.8503852953931349,0.8771724989158356,0.8707342295760084,0.8147341533270746,0.7592910119980875,0.058787615230689746
2016-02-03,0.8034826700470362,0.7296260466357541,0.751876438602929,0.8363411949161025,0.8503852953931349,0.8771724989158356,0.8170883391552571,0.762453436523557,0.057813934855898926
2016-02-06,0.7856022950929047,0.8034826700470362,0.7296260466357541,0.751876438602929,0.8363411949161025,0.8503852953931349,0.8049266342290995,0.7647418576464179,0.053436639000185804
2016-02-08,0.8865797111118525,0.7856022950929047,0.8034826700470362,0.7296260466357541,0.751876438602929,0.8363411949161025,0.8062705216856735,0.7708943523367916,0.055629674472401476
2016-02-09,0.8605264035760751,0.8865797111118525,0.7856022950929047,0.8034826700470362,0.7296260466357541,0.751876438602929,0.8077192514260935,0.7765364557271688,0.0570830678731318
2016-02-11,0.8465490209160358,0.8605264035760751,0.8865797111118525,0.7856022950929047,0.8034826700470362,0.7296260466357541,0.8091775122832268,0.7783155975136494,0.058058174134879764
2016-02-12,0.7596490642826168,0.8465490209160358,0.8605264035760751,0.8865797111118525,0.7856022950929047,0.8034826700470362,0.8102878873803251,0.7788382204134282,0.05684120144416457
2016-03-02,0.7319611702305101,0.7596490642826168,0.8465490209160358,0.8605264035760751,0.8865797111118525,0.7856022950929047,0.81062147646529,0.7775650220724779,0.056293125964481563
2016-03-03,0.8108549888247658,0.7319611702305101,0.7596490642826168,0.8465490209160358,0.8605264035760751,0.8865797111118525,0.8116746648621087,0.7791606898622278,0.05620620326895768
2016-03-05,0.8400440337592155,0.8108549888247658,0.7319611702305101,0.7596490642826168,0.8465490209160358,0.8605264035760751,0.8194520561001531,0.7832916346977129,0.05576208634370867
2016-03-06,0.8043500016679456,0.8400440337592155,0.8108549888247658,0.7319611702305101,0.7596490642826168,0.8465490209160358,0.8077049547510234,0.7864106926421369,0.047280106617152
2016-03-08,0.8833438969876908,0.8043500016679456,0.8400440337592155,0.8108549888247658,0.7319611702305101,0.7596490642826168,0.8109645966669686,0.7924820139885024,0.052072414576783826
2016-03-10,0.8529205724388699,0.8833438969876908,0.8043500016679456,0.8400440337592155,0.8108549888247658,0.7319611702305101,0.8118748183130878,0.7978372307658095,0.05284800735577774
2016-03-11,0.8447142809487275,0.8529205724388699,0.8833438969876908,0.8043500016679456,0.8400440337592155,0.8108549888247658,0.8240269921225322,0.7994940565544696,0.04843319266945631
2016-04-01,0.6987690562764788,0.8447142809487275,0.8529205724388699,0.8833438969876908,0.8043500016679456,0.8400440337592155,0.8192852615576706,0.7963749986100457,0.0593446034944097
2016-04-02,0.7482069586683124,0.6987690562764788,0.8447142809487275,0.8529205724388699,0.8833438969876908,0.8043500016679456,0.8103355429638915,0.7964661796266027,0.06525726675548266
2016-04-03,0.8290355939553659,0.7482069586683124,0.6987690562764788,0.8447142809487275,0.8529205724388699,0.8833438969876908,0.8087629087061987,0.7983787570470696,0.06455082031310148
2016-04-04,0.7905060546418923,0.8290355939553659,0.7482069586683124,0.6987690562764788,0.8447142809487275,0.8529205724388699,0.8067852019881911,0.7992004981597004,0.06491957861247226
2016-04-05,0.8327050738899824,0.7905060546418923,0.8290355939553659,0.7482069586683124,0.6987690562764788,0.8447142809487275,0.7995510844028041,0.8028477388219859,0.05734630023234575
2016-04-07,0.8779063949027589,0.8327050738899824,0.7905060546418923,0.8290355939553659,0.7482069586683124,0.6987690562764788,0.8031204876119311,0.806980907584704,0.06182455938306043
2016-04-08,0.8859125329419223,0.8779063949027589,0.8327050738899824,0.7905060546418923,0.8290355939553659,0.7482069586683124,0.8090059521823877,0.8131044912210473,0.06808776827346456
2016-04-10,0.8329052273409615,0.8859125329419223,0.8779063949027589,0.8327050738899824,0.7905060546418923,0.8290355939553659,0.8281682623344565,0.8165916091225497,0.04772195223785551
2016-04-11,0.845915201654602,0.8329052273409615,0.8859125329419223,0.8779063949027589,0.8327050738899824,0.7905060546418923,0.8421265827610693,0.8180660728780956,0.032201472946831095
2016-05-01,0.6952663708843447,0.845915201654602,0.8329052273409615,0.8859125329419223,0.8779063949027589,0.8327050738899824,0.8230166937509235,0.8150281882776796,0.06462951080115187
2016-05-02,0.7442038896487307,0.6952663708843447,0.845915201654602,0.8329052273409615,0.8859125329419223,0.8779063949027589,0.8164020987519003,0.8136015389576454,0.07060463672751044
2016-05-04,0.7981786035960905,0.7442038896487307,0.6952663708843447,0.845915201654602,0.8329052273409615,0.8859125329419223,0.811469745852773,0.8111830180916482,0.07048179481969365
2016-05-05,0.8308703339226742,0.7981786035960905,0.7442038896487307,0.6952663708843447,0.845915201654602,0.8329052273409615,0.8047503085699038,0.8096396125918761,0.06513140438722105
2016-05-07,0.8779063949027589,0.8308703339226742,0.7981786035960905,0.7442038896487307,0.6952663708843447,0.845915201654602,0.803606574564309,0.8105569825755303,0.06351895837058895
2016-05-08,0.8710011008439805,0.8779063949027589,0.8308703339226742,0.7981786035960905,0.7442038896487307,0.6952663708843447,0.8090488422075973,0.8117123127731262,0.06792671493741619
2016-05-09,0.86162724755646,0.8710011008439805,0.8779063949027589,0.8308703339226742,0.7981786035960905,0.7442038896487307,0.811293420193577,0.8153706730715772,0.06958726529921691
2016-05-10,0.8236314507789306,0.86162724755646,0.8710011008439805,0.8779063949027589,0.8308703339226742,0.7981786035960905,0.8296312887499465,0.8185041865430164,0.0472411081861361
2016-05-12,0.7521099509624046,0.8236314507789306,0.86162724755646,0.8710011008439805,0.8779063949027589,0.8308703339226742,0.8307607260804714,0.8167917625735287,0.044894546272927195
2016-06-01,0.7048737365313409,0.7521099509624046,0.8236314507789306,0.86162724755646,0.8710011008439805,0.8779063949027589,0.8174314593569356,0.8141008106214767,0.06536484233739791
2016-06-04,0.7916068986222773,0.7048737365313409,0.7521099509624046,0.8236314507789306,0.86162724755646,0.8710011008439805,0.8118223971711647,0.8109350502051574,0.06570318259677975
2016-06-05,0.8367081429095641,0.7916068986222773,0.7048737365313409,0.7521099509624046,0.8236314507789306,0.86162724755646,0.8059369326007083,0.8101411081829403,0.0604306544070292
2016-06-06,0.8066851252627015,0.8367081429095641,0.7916068986222773,0.7048737365313409,0.7521099509624046,0.8236314507789306,0.7967489360890969,0.8088123116611626,0.05336581739303344
2016-06-07,0.8882476565366783,0.8066851252627015,0.8367081429095641,0.7916068986222773,0.7048737365313409,0.7521099509624046,0.8005518516576996,0.8130989314029645,0.05937037444873022
2016-06-09,0.8688994896087001,0.8882476565366783,0.8066851252627015,0.8367081429095641,0.7916068986222773,0.7048737365313409,0.8070187143476666,0.8176635420489043,0.06454331581661893
2016-06-10,0.8136904960469694,0.8688994896087001,0.8882476565366783,0.8066851252627015,0.8367081429095641,0.7916068986222773,0.815815935074033,0.8177580589563112,0.059837057117097345
2016-06-12,0.7589818861126865,0.8136904960469694,0.8688994896087001,0.8882476565366783,0.8066851252627015,0.8367081429095641,0.823545670728511,0.8150559873680935,0.04469626464155333
2016-07-01,0.7148480501717984,0.7589818861126865,0.8136904960469694,0.8688994896087001,0.8882476565366783,0.8066851252627015,0.8125801209498712,0.8120725889848884,0.06047026957501339
2016-07-03,0.8226306835240352,0.7148480501717984,0.7589818861126865,0.8136904960469694,0.8688994896087001,0.8882476565366783,0.8105690553233671,0.8100488152027666,0.059764067638980366
2016-07-04,0.8054174867398339,0.8226306835240352,0.7148480501717984,0.7589818861126865,0.8136904960469694,0.8688994896087001,0.8103879641058145,0.8084653790127987,0.05977971628193365
2016-07-06,0.8046835907529106,0.8054174867398339,0.8226306835240352,0.7148480501717984,0.7589818861126865,0.8136904960469694,0.7984502404224193,0.8071310226729383,0.04901450519187076
2016-07-07,0.8818761050138441,0.8046835907529106,0.8054174867398339,0.8226306835240352,0.7148480501717984,0.7589818861126865,0.8003040426231541,0.8132345909641838,0.052260967603211465
2016-07-09,0.8763051672949261,0.8818761050138441,0.8046835907529106,0.8054174867398339,0.8226306835240352,0.7148480501717984,0.8092489956585763,0.8175045312517375,0.05975525211422647
2016-07-10,0.8165260032691731,0.8763051672949261,0.8818761050138441,0.8046835907529106,0.8054174867398339,0.8226306835240352,0.8174695838237886,0.817087544895531,0.05549364375103507
2016-07-11,0.8327384327984789,0.8165260032691731,0.8763051672949261,0.8818761050138441,0.8046835907529106,0.8054174867398339,0.8343110670561718,0.818495290834084,0.03212936522419954
2016-07-12,0.7624178536878276,0.8327384327984789,0.8165260032691731,0.8763051672949261,0.8818761050138441,0.8046835907529106,0.8257092342224278,0.8161523834940122,0.042245391722116755
2016-08-01,0.7118457484071121,0.7624178536878276,0.8327384327984789,0.8165260032691731,0.8763051672949261,0.8818761050138441,0.8123418430320389,0.810617028610824,0.06056727263408472
2016-08-02,0.7728258331387398,0.7118457484071121,0.7624178536878276,0.8327384327984789,0.8165260032691731,0.8763051672949261,0.8077907348014431,0.8068474719507179,0.06240759194336796
2016-08-03,0.822030223171098,0.7728258331387398,0.7118457484071121,0.7624178536878276,0.8327384327984789,0.8165260032691731,0.7992413231096221,0.8064849718117224,0.054115184345687885
2016-08-04,0.8036828234980152,0.822030223171098,0.7728258331387398,0.7118457484071121,0.7624178536878276,0.8327384327984789,0.7888667025672065,0.8050772258731695,0.04261881557461046
2016-08-06,0.8193615104913768,0.8036828234980152,0.822030223171098,0.7728258331387398,0.7118457484071121,0.7624178536878276,0.7892717750275213,0.8092137305267373,0.042937800857790136
2016-08-07,0.8802415184975149,0.8193615104913768,0.8036828234980152,0.822030223171098,0.7728258331387398,0.7118457484071121,0.7960579301273835,0.81374831815503,0.053425507386395496
2016-08-08,0.8685992594322315,0.8802415184975149,0.8193615104913768,0.8036828234980152,0.822030223171098,0.7728258331387398,0.811226702376584,0.8160956733495681,0.057221291478174945
2016-08-09,0.8730026353537714,0.8685992594322315,0.8802415184975149,0.8193615104913768,0.8036828234980152,0.822030223171098,0.8342491147975355,0.8175000833972713,0.04056913596594313
2016-08-11,0.8322714080795277,0.8730026353537714,0.8685992594322315,0.8802415184975149,0.8193615104913768,0.8036828234980152,0.8427413397890764,0.8159789171698303,0.030554310539096585
2016-08-12,0.7580144777662876,0.8322714080795277,0.8730026353537714,0.8685992594322315,0.8802415184975149,0.8193615104913768,0.8335962333026751,0.8122126964005738,0.04428253106144857
2016-09-02,0.7713246822563967,0.7580144777662876,0.8322714080795277,0.8730026353537714,0.8685992594322315,0.8802415184975149,0.8289736416967296,0.8092026108905718,0.049327157588778384
2016-09-03,0.8082863528705343,0.7713246822563967,0.7580144777662876,0.8322714080795277,0.8730026353537714,0.8685992594322315,0.8273914763223233,0.8086911076269586,0.04986157334142654
2016-09-05,0.82086266137372,0.8082863528705343,0.7713246822563967,0.7580144777662876,0.8322714080795277,0.8730026353537714,0.8189087824474957,0.810982864640669,0.04408866970018084
2016-09-06,0.8199619708443141,0.82086266137372,0.8082863528705343,0.7713246822563967,0.7580144777662876,0.8322714080795277,0.8119605983635074,0.8148191391177682,0.03842067508508803
2016-09-08,0.8714014077459387,0.8199619708443141,0.82086266137372,0.8082863528705343,0.7713246822563967,0.7580144777662876,0.8117318515623884,0.8174789560885569,0.037999129175083364
2016-09-09,0.8646295493211462,0.8714014077459387,0.8199619708443141,0.82086266137372,0.8082863528705343,0.7713246822563967,0.8163544431683339,0.8184096696356097,0.04260343781620752
2016-09-11,0.831637588818094,0.8646295493211462,0.8714014077459387,0.8199619708443141,0.82086266137372,0.8082863528705343,0.8268720304614491,0.8192414184207893,0.034024508233327776
2016-09-12,0.753044000400307,0.831637588818094,0.8646295493211462,0.8714014077459387,0.8199619708443141,0.82086266137372,0.8242605044820077,0.8147346298829103,0.039292350013764694
2016-10-02,0.7706575040864664,0.753044000400307,0.831637588818094,0.8646295493211462,0.8714014077459387,0.8199619708443141,0.8188849546557124,0.8114598970321691,0.04411946848761556
2016-10-03,0.8216966340861328,0.7706575040864664,0.753044000400307,0.831637588818094,0.8646295493211462,0.8714014077459387,0.8190040936146284,0.8117267683001415,0.04412682452600779
2016-10-05,0.8192280748573908,0.8216966340861328,0.7706575040864664,0.753044000400307,0.831637588818094,0.8646295493211462,0.8188992513307822,0.8137349745916314,0.04412504117462304
2016-10-06,0.8277012376155053,0.8192280748573908,0.8216966340861328,0.7706575040864664,0.753044000400307,0.831637588818094,0.8126563698835775,0.8174967475064217,0.03814511568764048
2016-10-08,0.8758715014844716,0.8277012376155053,0.8192280748573908,0.8216966340861328,0.7706575040864664,0.753044000400307,0.8142623630497668,0.8192714414384363,0.04083949495496693
2016-10-10,0.8170263868966209,0.8758715014844716,0.8277012376155053,0.8192280748573908,0.8216966340861328,0.7706575040864664,0.8121750484895565,0.8196584047769958,0.04017136059407111
2016-10-11,0.8223638122560631,0.8170263868966209,0.8758715014844716,0.8277012376155053,0.8192280748573908,0.8216966340861328,0.8220778787546644,0.8202477454937676,0.03055949661456414
2016-11-01,0.7111118524201889,0.8223638122560631,0.8170263868966209,0.8758715014844716,0.8277012376155053,0.8192280748573908,0.8135713570880533,0.8145556037406456,0.04960876047199582
2016-11-02,0.8046835907529106,0.7111118524201889,0.8223638122560631,0.8170263868966209,0.8758715014844716,0.8277012376155053,0.8111409223261645,0.812168217855912,0.049561069845893264
2016-11-03,0.8205290722887548,0.8046835907529106,0.7111118524201889,0.8223638122560631,0.8170263868966209,0.8758715014844716,0.8113267791020736,0.8123016534898979,0.049598876650729665
2016-11-04,0.813857290589452,0.8205290722887548,0.8046835907529106,0.7111118524201889,0.8223638122560631,0.8170263868966209,0.809349072384066,0.8116722820829304,0.04911074682088131
2016-11-05,0.8286019281449112,0.813857290589452,0.8205290722887548,0.8046835907529106,0.7111118524201889,0.8223638122560631,0.8025962761927001,0.8138784178981664,0.04102322473620408
2016-11-07,0.8821429762818161,0.8286019281449112,0.813857290589452,0.8205290722887548,0.8046835907529106,0.7111118524201889,0.811898646104871,0.8195549921606565,0.05100839898945263
2016-11-08,0.8807419021249626,0.8821429762818161,0.8286019281449112,0.813857290589452,0.8205290722887548,0.8046835907529106,0.8202383732289995,0.8231521944601974,0.05737908658234383
2016-11-10,0.8129899589685426,0.8807419021249626,0.8821429762818161,0.8286019281449112,0.813857290589452,0.8205290722887548,0.8347923884501929,0.8228508523201122,0.03269904156135991
2016-11-11,0.8016479300797279,0.8129899589685426,0.8807419021249626,0.8821429762818161,0.8286019281449112,0.813857290589452,0.8343587226397382,0.8227830225395026,0.0331814779504037
2016-12-01,0.7008706675117592,0.8016479300797279,0.8129899589685426,0.8807419021249626,0.8821429762818161,0.8286019281449112,0.817264664814453,0.8188333277735154,0.06081175436859641
2016-12-02,0.8038496180404978,0.7008706675117592,0.8016479300797279,0.8129899589685426,0.8807419021249626,0.8821429762818161,0.8158349973074597,0.8162869310916148,0.0610224855454847
2016-12-04,0.8137572138639624,0.8038496180404978,0.7008706675117592,0.8016479300797279,0.8129899589685426,0.8807419021249626,0.8137143238387526,0.8144588629060059,0.06076224749271672
2016-12-05,0.8302031557527438,0.8137572138639624,0.8038496180404978,0.7008706675117592,0.8016479300797279,0.8129899589685426,0.8062943494774567,0.8130322135859717,0.05378400209519409
2016-12-07,0.8723354571838411,0.8302031557527438,0.8137572138639624,0.8038496180404978,0.7008706675117592,0.8016479300797279,0.8050934287715821,0.8143676818894487,0.051905695940403215
2016-12-08,0.8788738032491579,0.8723354571838411,0.8302031557527438,0.8137572138639624,0.8038496180404978,0.7008706675117592,0.8145054065259557,0.818396326072211,0.05905689180570398
2016-12-09,0.860459685759082,0.8788738032491579,0.8723354571838411,0.8302031557527438,0.8137572138639624,0.8038496180404978,0.8229070859087206,0.8213674928556338,0.06107190077089371
2016-12-10,0.81502485238683,0.860459685759082,0.8788738032491579,0.8723354571838411,0.8302031557527438,0.8137572138639624,0.8392148266051593,0.8215921095061771,0.03078502808833938
2016-12-12,0.7480401641258299,0.81502485238683,0.860459685759082,0.8788738032491579,0.8723354571838411,0.8302031557527438,0.8312420474744924,0.8191646929312474,0.04528331624033251
2017-01-02,0.7797644861060148,0.7480401641258299,0.81502485238683,0.860459685759082,0.8788738032491579,0.8723354571838411,0.8263859435090714,0.817824776773304,0.04913013344904918
2017-01-03,0.8042832838509526,0.7797644861060148,0.7480401641258299,0.81502485238683,0.860459685759082,0.8788738032491579,0.8226831046659583,0.8155875059768045,0.049767123388992335
2017-01-06,0.8205957901057478,0.8042832838509526,0.7797644861060148,0.7480401641258299,0.81502485238683,0.860459685759082,0.8152917236548022,0.8141197140029579,0.04475334736314812
2017-01-08,0.8246655769423226,0.8205957901057478,0.8042832838509526,0.7797644861060148,0.7480401641258299,0.81502485238683,0.8075476913252543,0.8138873136070989,0.03568979925250543
2017-01-09,0.857657537445375,0.8246655769423226,0.8205957901057478,0.8042832838509526,0.7797644861060148,0.7480401641258299,0.8071473844232961,0.817374431508601,0.035006586113690286
2017-01-11,0.8287353637788972,0.857657537445375,0.8246655769423226,0.8205957901057478,0.8042832838509526,0.7797644861060148,0.8091060289078771,0.8193103601650156,0.03589312552944231
2017-01-12,0.8277012376155053,0.8287353637788972,0.857657537445375,0.8246655769423226,0.8205957901057478,0.8042832838509526,0.8204861822635451,0.8195105136159946,0.02394467746753396
2017-02-02,0.7919738466157389,0.8277012376155053,0.8287353637788972,0.857657537445375,0.8246655769423226,0.8205957901057478,0.822230376622077,0.818602039341273,0.02071024996859448
2017-02-03,0.8027487740601128,0.7919738466157389,0.8277012376155053,0.8287353637788972,0.857657537445375,0.8246655769423226,0.8220111609376713,0.8177702905560931,0.0209387401459709
2017-02-05,0.8143243153084032,0.8027487740601128,0.7919738466157389,0.8277012376155053,0.8287353637788972,0.857657537445375,0.8211152359666222,0.8157187176835574,0.021142573888022858
2017-02-06,0.8273342896220437,0.8143243153084032,0.8027487740601128,0.7919738466157389,0.8277012376155053,0.8287353637788972,0.8214964806351537,0.8160623144410716,0.021241095618742344
2017-02-08,0.8237648864129166,0.8273342896220437,0.8143243153084032,0.8027487740601128,0.7919738466157389,0.8277012376155053,0.8166546733448025,0.8161090169129667,0.014378959215867574
2017-02-10,0.8265003169096309,0.8237648864129166,0.8273342896220437,0.8143243153084032,0.8027487740601128,0.7919738466157389,0.8163353809349073,0.8199552990626148,0.014087859969548214
2017-02-11,0.8301697968442474,0.8265003169096309,0.8237648864129166,0.8273342896220437,0.8143243153084032,0.8027487740601128,0.816688032253299,0.8208048392656593,0.014446133369243155
2017-03-01,0.7446375554591855,0.8301697968442474,0.8265003169096309,0.8237648864129166,0.8273342896220437,0.8143243153084032,0.8099257049452201,0.818275122038007,0.03031094784647901
2017-03-02,0.7874703939687094,0.7446375554591855,0.8301697968442474,0.8265003169096309,0.8237648864129166,0.8273342896220437,0.8077430792178767,0.8173955588173156,0.03144282383622256
2017-03-03,0.7950095072889216,0.7874703939687094,0.7446375554591855,0.8301697968442474,0.8265003169096309,0.8237648864129166,0.8049838209293793,0.8162758114554494,0.03161603935306266
2017-03-04,0.8088534543149749,0.7950095072889216,0.7874703939687094,0.7446375554591855,0.8301697968442474,0.8265003169096309,0.8023437015997981,0.8138328273898879,0.03017748240957857
2017-03-05,0.8108883477332622,0.8088534543149749,0.7950095072889216,0.7874703939687094,0.7446375554591855,0.8301697968442474,0.8005041960741331,0.8115043755768312,0.0290245299191856
2017-03-07,0.7968442472562299,0.8108883477332622,0.8088534543149749,0.7950095072889216,0.7874703939687094,0.7446375554591855,0.7962676146950758,0.8109661851864208,0.026666135192300808
2017-03-08,0.8227641191580212,0.7968442472562299,0.8108883477332622,0.8088534543149749,0.7950095072889216,0.7874703939687094,0.7952096607399007,0.8116700581556971,0.025203731618038707
2017-03-10,0.8248657303933017,0.8227641191580212,0.7968442472562299,0.8108883477332622,0.8088534543149749,0.7950095072889216,0.8066708285876315,0.8158032269184153,0.014223247288456604
2017-03-11,0.822163658805084,0.8248657303933017,0.8227641191580212,0.7968442472562299,0.8108883477332622,0.8088534543149749,0.8116270092785423,0.8164136949439016,0.012337136282218648
2017-04-01,0.7534776662107617,0.822163658805084,0.8248657303933017,0.8227641191580212,0.7968442472562299,0.8108883477332622,0.8056938891245194,0.814404376688795,0.025073295599704674
2017-04-04,0.8157921072822499,0.7534776662107617,0.822163658805084,0.8248657303933017,0.8227641191580212,0.7968442472562299,0.8066851252627015,0.8139240084064451,0.02535459927895379
2017-04-05,0.7963105047202856,0.8157921072822499,0.7534776662107617,0.822163658805084,0.8248657303933017,0.8227641191580212,0.8046025762608477,0.8113898433243265,0.0255497580791683
2017-04-07,0.7931747673216133,0.7963105047202856,0.8157921072822499,0.7534776662107617,0.822163658805084,0.8248657303933017,0.8040783648416169,0.8085332087934084,0.025772143851930312
2017-04-08,0.8158254661907464,0.7931747673216133,0.7963105047202856,0.8157921072822499,0.7534776662107617,0.822163658805084,0.8030871287034346,0.8070454014744638,0.025057199645709786
2017-04-09,0.8661307002034894,0.8158254661907464,0.7931747673216133,0.7963105047202856,0.8157921072822499,0.7534776662107617,0.8089821243906042,0.8087489297350192,0.03421526735577802
2017-04-10,0.8268672649030925,0.8661307002034894,0.8158254661907464,0.7931747673216133,0.7963105047202856,0.8157921072822499,0.8096540681188913,0.8113764997609281,0.034561712834623
2017-04-12,0.8263335223671483,0.8268672649030925,0.8661307002034894,0.8158254661907464,0.7931747673216133,0.7963105047202856,0.8200620475698036,0.8129288009696324,0.02425972579296632
2017-05-01,0.7617840344263938,0.8263335223671483,0.8268672649030925,0.8661307002034894,0.8158254661907464,0.7931747673216133,0.8123466085903956,0.8115121593221472,0.03289529907820873
2017-05-04,0.8078860459685759,0.7617840344263938,0.8263335223671483,0.8268672649030925,0.8661307002034894,0.8158254661907464,0.8140002573401514,0.8110885011842414,0.03223921608053887
2017-05-05,0.7960436334523135,0.8078860459685759,0.7617840344263938,0.8263335223671483,0.8268672649030925,0.8661307002034894,0.8144100953588228,0.8101344364012412,0.03194726346510308
2017-05-06,0.830670180471695,0.7960436334523135,0.8078860459685759,0.7617840344263938,0.8263335223671483,0.8268672649030925,0.8165307688275297,0.8092348578354518,0.03254400139045631
2017-05-07,0.7908730026353539,0.830670180471695,0.7960436334523135,0.8078860459685759,0.7617840344263938,0.8263335223671483,0.8057796691749389,0.8079727791306669,0.024979114363486717
2017-05-09,0.8677652867198186,0.7908730026353539,0.830670180471695,0.7960436334523135,0.8078860459685759,0.7617840344263938,0.8116222437201855,0.8093082474341441,0.03391734382758983
2017-05-10,0.8270340594455751,0.8677652867198186,0.7908730026353539,0.830670180471695,0.7960436334523135,0.8078860459685759,0.811722320445675,0.8104769211951386,0.03396897974864117
2017-05-12,0.8215631984521468,0.8270340594455751,0.8677652867198186,0.7908730026353539,0.830670180471695,0.7960436334523135,0.8202622010207826,0.811104068674873,0.025871003906293395
2017-06-01,0.7612169329819529,0.8215631984521468,0.8270340594455751,0.8677652867198186,0.7908730026353539,0.830670180471695,0.8135951848798365,0.8093338225973248,0.0342488048284222
2017-06-02,0.7951763018314042,0.7612169329819529,0.8215631984521468,0.8270340594455751,0.8677652867198186,0.7908730026353539,0.8134712803625638,0.8082618896709701,0.034324370890047334
2017-06-03,0.7979784501451114,0.7951763018314042,0.7612169329819529,0.8215631984521468,0.8270340594455751,0.8677652867198186,0.8088010331730519,0.8074023417953765,0.03381449832909456
2017-06-04,0.8123561397071088,0.7979784501451114,0.7951763018314042,0.7612169329819529,0.8215631984521468,0.8270340594455751,0.8118700527547311,0.8069308692219592,0.032878093311121376
2017-06-06,0.8397104446742504,0.8123561397071088,0.7979784501451114,0.7951763018314042,0.7612169329819529,0.8215631984521468,0.8078622181767928,0.8072488908162926,0.025897828721215575
2017-06-07,0.7939420222170332,0.8397104446742504,0.8123561397071088,0.7979784501451114,0.7951763018314042,0.7612169329819529,0.803134784287001,0.8088923730415541,0.024812487227491967
2017-06-09,0.8692997965106583,0.7939420222170332,0.8397104446742504,0.8123561397071088,0.7979784501451114,0.7951763018314042,0.8099542982953599,0.8116200197929524,0.0351345488307211
2017-06-10,0.8185608966874605,0.8692997965106583,0.7939420222170332,0.8397104446742504,0.8123561397071088,0.7979784501451114,0.8181462931104324,0.8124050661062371,0.027795684419435997
2017-06-11,0.8246322180338261,0.8185608966874605,0.8692997965106583,0.7939420222170332,0.8397104446742504,0.8123561397071088,0.8223542811393498,0.8129310248968655,0.025903979790957484
2017-06-12,0.8198285352103281,0.8246322180338261,0.8185608966874605,0.8692997965106583,0.7939420222170332,0.8397104446742504,0.8254757218629521,0.813229031146101,0.023699829551298453
2017-07-02,0.7980118090536079,0.8198285352103281,0.8246322180338261,0.8185608966874605,0.8692997965106583,0.7939420222170332,0.8234265317695949,0.8132679498726803,0.025569644552176547
2017-07-03,0.7884378023151084,0.7980118090536079,0.8198285352103281,0.8246322180338261,0.8185608966874605,0.8692997965106583,0.8161018685754318,0.8121237393112499,0.027405385322794823
2017-07-04,0.8216632751776364,0.7884378023151084,0.7980118090536079,0.8198285352103281,0.8246322180338261,0.8185608966874605,0.8200620475698036,0.812016990804061,0.02561386407540578
2017-07-06,0.8380424992494246,0.8216632751776364,0.7884378023151084,0.7980118090536079,0.8198285352103281,0.8246322180338261,0.8155967193896274,0.812546285485539,0.01681163698545311
2017-07-07,0.7877706241451782,0.8380424992494246,0.8216632751776364,0.7884378023151084,0.7980118090536079,0.8198285352103281,0.8111981090264442,0.8136893840833529,0.019688650056967308
2017-07-08,0.8160256196417255,0.7877706241451782,0.8380424992494246,0.8216632751776364,0.7884378023151084,0.7980118090536079,0.8099685949704298,0.8136971678286687,0.01896534245501149
2017-07-09,0.8730693531707644,0.8160256196417255,0.7877706241451782,0.8380424992494246,0.8216632751776364,0.7884378023151084,0.8175744261076351,0.8162557961103514,0.030653036498646823
2017-07-11,0.8277679554324983,0.8730693531707644,0.8160256196417255,0.7877706241451782,0.8380424992494246,0.8216632751776364,0.8218253041617622,0.8174089023807143,0.029530702057353853
2017-07-12,0.8140240851319346,0.8277679554324983,0.8730693531707644,0.8160256196417255,0.7877706241451782,0.8380424992494246,0.8254804874213088,0.8173488563454205,0.026092736441923878
2017-08-02,0.8054174867398339,0.8140240851319346,0.8277679554324983,0.8730693531707644,0.8160256196417255,0.7877706241451782,0.8231596605016228,0.8153250825632986,0.027188338781114187
2017-08-03,0.7834673249491279,0.8054174867398339,0.8140240851319346,0.8277679554324983,0.8730693531707644,0.8160256196417255,0.8153632070301519,0.8138784178981664,0.02989906464353252
2017-08-05,0.7972111952496915,0.7834673249491279,0.8054174867398339,0.8140240851319346,0.8277679554324983,0.8730693531707644,0.8167118600450822,0.812907673660918,0.028633131293660196
2017-08-06,0.8261000100076726,0.7972111952496915,0.7834673249491279,0.8054174867398339,0.8140240851319346,0.8277679554324983,0.8181510586687891,0.8150515395136272,0.028845290289055987
2017-08-08,0.8185608966874605,0.8261000100076726,0.7972111952496915,0.7834673249491279,0.8054174867398339,0.8140240851319346,0.8103641363140313,0.8154073678709234,0.01608311956183679
2017-08-09,0.8749040931380726,0.8185608966874605,0.8261000100076726,0.7972111952496915,0.7834673249491279,0.8054174867398339,0.8170978702719706,0.8180360498604486,0.029146501519246908
2017-08-11,0.8333722520599127,0.8749040931380726,0.8185608966874605,0.8261000100076726,0.7972111952496915,0.7834673249491279,0.8198618941188246,0.8181261189133893,0.029718231939275825
2017-08-12,0.8111218600927379,0.8333722520599127,0.8749040931380726,0.8185608966874605,0.8261000100076726,0.7972111952496915,0.8206768045978109,0.8188010808286353,0.029331833089112004
2017-09-01,0.7629849551322682,0.8111218600927379,0.8333722520599127,0.8749040931380726,0.8185608966874605,0.8261000100076726,0.8177507517668309,0.8153084031090504,0.034268572135039414
2017-09-02,0.8018814424392035,0.7629849551322682,0.8111218600927379,0.8333722520599127,0.8749040931380726,0.8185608966874605,0.8184179299367612,0.8144699825421714,0.03384488126410587
2017-09-03,0.7816993027988125,0.8018814424392035,0.7629849551322682,0.8111218600927379,0.8333722520599127,0.8749040931380726,0.8120749717640667,0.8131411860203935,0.036241015720461484
2017-09-05,0.790939720452347,0.7816993027988125,0.8018814424392035,0.7629849551322682,0.8111218600927379,0.8333722520599127,0.8081290894447649,0.8141319456027399,0.0369145613492778
2017-09-06,0.8217299929946293,0.790939720452347,0.7816993027988125,0.8018814424392035,0.7629849551322682,0.8111218600927379,0.800532789424273,0.8150170686415141,0.024146311239261243
2017-09-08,0.8247322947593155,0.8217299929946293,0.790939720452347,0.7816993027988125,0.8018814424392035,0.7629849551322682,0.799298509809902,0.8159088634619878,0.02234124626439342
2017-09-10,0.8298695666677788,0.8247322947593155,0.8217299929946293,0.790939720452347,0.7816993027988125,0.8018814424392035,0.8019767536063364,0.8164926443606767,0.02496455715790757
2017-09-11,0.8339059945958569,0.8298695666677788,0.8247322947593155,0.8217299929946293,0.790939720452347,0.7816993027988125,0.8121083306725634,0.8162991626913969,0.020493693296251808
2017-10-01,0.7703239150015012,0.8339059945958569,0.8298695666677788,0.8247322947593155,0.8217299929946293,0.790939720452347,0.8076001124671773,0.8155118924508791,0.02588123103669207
2017-10-02,0.7962104279947961,0.7703239150015012,0.8339059945958569,0.8298695666677788,0.8247322947593155,0.8217299929946293,0.8096731303523178,0.8130755801670172,0.02397157993919252
2017-10-03,0.7790973079360844,0.7962104279947961,0.7703239150015012,0.8339059945958569,0.8298695666677788,0.8247322947593155,0.807981357135709,0.8117601272086379,0.025857705048722007
2017-10-04,0.8107215531907797,0.7790973079360844,0.7962104279947961,0.7703239150015012,0.8339059945958569,0.8298695666677788,0.8064087228780161,0.8112964383805362,0.025208784511223943
2017-10-05,0.7926410247856691,0.8107215531907797,0.7790973079360844,0.7962104279947961,0.7703239150015012,0.8339059945958569,0.8018242557389238,0.8103901880330476,0.02421972939164409
2017-10-07,0.7852687060079396,0.7926410247856691,0.8107215531907797,0.7790973079360844,0.7962104279947961,0.7703239150015012,0.7954527042160896,0.8099654179315254,0.02130313682289037
2017-10-08,0.8336391233278849,0.7852687060079396,0.7926410247856691,0.8107215531907797,0.7790973079360844,0.7962104279947961,0.7954145797492364,0.8114721286319513,0.021222938534342577
2017-10-10,0.8383093705173968,0.8336391233278849,0.7852687060079396,0.7926410247856691,0.8107215531907797,0.7790973079360844,0.8051267876800787,0.81202699847661,0.023283082046529954
2017-10-11,0.8335724055108917,0.8383093705173968,0.8336391233278849,0.7852687060079396,0.7926410247856691,0.8107215531907797,0.8104642130395209,0.8118779953519922,0.025109249275180046
2017-11-01,0.7630183140407647,0.8335724055108917,0.8383093705173968,0.8336391233278849,0.7852687060079396,0.7926410247856691,0.808167213911618,0.8110529183485118,0.028905430735578115
2017-11-04,0.812623010975081,0.7630183140407647,0.8335724055108917,0.8383093705173968,0.8336391233278849,0.7852687060079396,0.8084388507379469,0.8109394980596236,0.028942346508232537
2017-11-05,0.7927744604196553,0.812623010975081,0.7630183140407647,0.8335724055108917,0.8383093705173968,0.8336391233278849,0.8084579129713735,0.8082630016345865,0.028930248887222187
2017-11-07,0.7847016045634988,0.7927744604196553,0.812623010975081,0.7630183140407647,0.8335724055108917,0.8383093705173968,0.8083768984793105,0.8068274566056199,0.029006702473168
2017-11-08,0.8347733262167663,0.7847016045634988,0.7927744604196553,0.812623010975081,0.7630183140407647,0.8335724055108917,0.8085389274634364,0.8075190979751145,0.029174019119353044
2017-11-09,0.8668645961904128,0.8347733262167663,0.7847016045634988,0.7927744604196553,0.812623010975081,0.7630183140407647,0.8126182454167244,0.8095673349568002,0.03536914582309015
2017-11-10,0.8368749374520467,0.8668645961904128,0.8347733262167663,0.7847016045634988,0.7927744604196553,0.812623010975081,0.8130900356940323,0.8113475887068976,0.035715568590168625
2017-11-12,0.8087867364979819,0.8368749374520467,0.8668645961904128,0.8347733262167663,0.7847016045634988,0.7927744604196553,0.819628381759349,0.8117334400818407,0.028477190662217933
2017-12-01,0.7806985355439171,0.8087867364979819,0.8368749374520467,0.8668645961904128,0.8347733262167663,0.7847016045634988,0.8150677424120397,0.8102200575997155,0.03211065247912891
2017-12-04,0.826900623811589,0.7806985355439171,0.8087867364979819,0.8368749374520467,0.8668645961904128,0.8347733262167663,0.8199429086108875,0.810498048503853,0.030722467234288328
2017-12-05,0.7981786035960905,0.826900623811589,0.7806985355439171,0.8087867364979819,0.8368749374520467,0.8668645961904128,0.821868194186972,0.8079405321857871,0.028486863486356373
2017-12-06,0.8216299162691398,0.7981786035960905,0.826900623811589,0.7806985355439171,0.8087867364979819,0.8368749374520467,0.8199905641944539,0.8075491209927612,0.027922046936306667
2017-12-07,0.7898722353804585,0.8216299162691398,0.7981786035960905,0.826900623811589,0.7806985355439171,0.8087867364979819,0.8089916555073177,0.8068408001690186,0.0205789177700292
2017-12-09,0.8617273242819496,0.7898722353804585,0.8216299162691398,0.7981786035960905,0.826900623811589,0.7806985355439171,0.8125419964830181,0.8101322124740079,0.02725279814779295
2017-12-10,0.837542115621977,0.8617273242819496,0.7898722353804585,0.8216299162691398,0.7981786035960905,0.826900623811589,0.816649907786446,0.8113209015801003,0.02872011337540082
2017-12-12,0.8046168729359177,0.837542115621977,0.8617273242819496,0.7898722353804585,0.8216299162691398,0.7981786035960905,0.8200668131281603,0.8120848205846707,0.024898579412518104
2018-01-02,0.8716349201054142,0.8046168729359177,0.837542115621977,0.8617273242819496,0.7898722353804585,0.8216299162691398,0.826457426884421,0.8147746605731062,0.03174461796918629
2018-01-03,0.8492177335957568,0.8716349201054142,0.8046168729359177,0.837542115621977,0.8617273242819496,0.7898722353804585,0.8337487311700877,0.8156909185931437,0.029979221992839755
2018-01-05,0.8487840677853021,0.8492177335957568,0.8716349201054142,0.8046168729359177,0.837542115621977,0.8617273242819496,0.8376278956723967,0.8164926443606766,0.029906472988450228
2018-01-06,0.8404443406611736,0.8487840677853021,0.8492177335957568,0.8716349201054142,0.8046168729359177,0.837542115621977,0.8448524821410702,0.8168451368271231,0.0213242799198705
2018-01-08,0.7900056710144445,0.8404443406611736,0.8487840677853021,0.8492177335957568,0.8716349201054142,0.8046168729359177,0.8346065316742838,0.8153817927077428,0.028038382535704634
2018-01-10,0.7702238382760117,0.7900056710144445,0.8404443406611736,0.8487840677853021,0.8492177335957568,0.8716349201054142,0.8249896349105743,0.815378456816893,0.03698203618845672
2018-01-11,0.7981118857790975,0.7702238382760117,0.7900056710144445,0.8404443406611736,0.8487840677853021,0.8492177335957568,0.8240603510310286,0.8154418387430363,0.03765489120964903
2018-02-01,0.8520865997264571,0.7981118857790975,0.7702238382760117,0.7900056710144445,0.8404443406611736,0.8487840677853021,0.8212677338340347,0.8178748151360489,0.034095173191437914
2018-02-02,0.8648297027721255,0.8520865997264571,0.7981118857790975,0.7702238382760117,0.7900056710144445,0.8404443406611736,0.8234980151449446,0.8196784201220937,0.03664357282827662
2018-02-03,0.8589251759682424,0.8648297027721255,0.8520865997264571,0.7981118857790975,0.7702238382760117,0.7900056710144445,0.8249467448853646,0.8218878918281796,0.03798577830050507
2018-02-05,0.8468492510925044,0.8589251759682424,0.8648297027721255,0.8520865997264571,0.7981118857790975,0.7702238382760117,0.8258617320898406,0.8239405766643316,0.03849502134649728
2018-02-07,0.8092204023084365,0.8468492510925044,0.8589251759682424,0.8648297027721255,0.8520865997264571,0.7981118857790975,0.8286066937032679,0.8231266192970168,0.03612416793053352
2018-02-08,0.787637188511192,0.8092204023084365,0.8468492510925044,0.8589251759682424,0.8648297027721255,0.8520865997264571,0.8310943151654364,0.8214375465634766,0.03177094525954675
2018-02-10,0.7804650231844416,0.787637188511192,0.8092204023084365,0.8468492510925044,0.8589251759682424,0.8648297027721255,0.8285733347947714,0.8196673004859282,0.0353255217941592
2018-02-11,0.7987457050405311,0.7804650231844416,0.787637188511192,0.8092204023084365,0.8468492510925044,0.8589251759682424,0.8209532069824963,0.8208582135192537,0.03516083136592502
2018-03-01,0.8539880575107585,0.7987457050405311,0.7804650231844416,0.787637188511192,0.8092204023084365,0.8468492510925044,0.8194044005165867,0.8222370484037763,0.03308339772560513
2018-03-04,0.866364212562965,0.8539880575107585,0.7987457050405311,0.7804650231844416,0.787637188511192,0.8092204023084365,0.8204671200301183,0.8246900401418867,0.03464701496570658
2018-03-05,0.8540881342362479,0.866364212562965,0.8539880575107585,0.7987457050405311,0.7804650231844416,0.787637188511192,0.8215012461935104,0.8270029244643116,0.035658948653894615
2018-03-07,0.8118557560796612,0.8540881342362479,0.866364212562965,0.8539880575107585,0.7987457050405311,0.7804650231844416,0.8218777253036853,0.8262390054597415,0.03552132672064905
2018-03-08,0.7882042899556327,0.8118557560796612,0.8540881342362479,0.866364212562965,0.8539880575107585,0.7987457050405311,0.8219587397957484,0.8236169952519156,0.03543074902029898
2018-03-09,0.7773626446942656,0.7882042899556327,0.8118557560796612,0.8540881342362479,0.866364212562965,0.8539880575107585,0.8215155428685802,0.8216332521599894,0.036050279870166034
2018-03-10,0.7781298995896856,0.7773626446942656,0.7882042899556327,0.8118557560796612,0.8540881342362479,0.866364212562965,0.8185704278041739,0.8206113575963795,0.03894626358012071
2018-03-12,0.7975447843346567,0.7781298995896856,0.7773626446942656,0.7882042899556327,0.8118557560796612,0.8540881342362479,0.8105071030647306,0.8211728992227376,0.036132666267086194
2018-04-01,0.8537211862427863,0.7975447843346567,0.7781298995896856,0.7773626446942656,0.7882042899556327,0.8118557560796612,0.8087009564475623,0.8220669179704441,0.03306060740925908
2018-04-04,0.8689328485171967,0.8537211862427863,0.7975447843346567,0.7781298995896856,0.7773626446942656,0.7882042899556327,0.8108216299162693,0.8244253928011476,0.03672970345772652
2018-04-05,0.8503185775761419,0.8689328485171967,0.8537211862427863,0.7975447843346567,0.7781298995896856,0.7773626446942656,0.8163163187014808,0.825381681511381,0.03966952003775667
2018-04-06,0.8410114421056144,0.8503185775761419,0.8689328485171967,0.8537211862427863,0.7975447843346567,0.7781298995896856,0.8238601975800496,0.827086321735553,0.038434396747688546
2018-04-07,0.8144577509423894,0.8410114421056144,0.8503185775761419,0.8689328485171967,0.8537211862427863,0.7975447843346567,0.8291594984726387,0.8255106692909009,0.03314871181234871
2018-04-09,0.7712246055309071,0.8144577509423894,0.8410114421056144,0.8503185775761419,0.8689328485171967,0.8537211862427863,0.8281730278928132,0.8233000856211986,0.03497294801578703
2018-04-10,0.7796310504720287,0.7712246055309071,0.8144577509423894,0.8410114421056144,0.8503185775761419,0.8689328485171967,0.8256139230552949,0.8224672248724023,0.03810300448119969
2018-04-12,0.8042165660339594,0.7796310504720287,0.7712246055309071,0.8144577509423894,0.8410114421056144,0.8503185775761419,0.8185418344540338,0.8202199464033537,0.036580416633049305
2018-05-01,0.8554892083931016,0.8042165660339594,0.7796310504720287,0.7712246055309071,0.8144577509423894,0.8410114421056144,0.8166213144363061,0.8204289955632653,0.03373622348207432
2018-05-02,0.8664642892884545,0.8554892083931016,0.8042165660339594,0.7796310504720287,0.7712246055309071,0.8144577509423894,0.8189278446809222,0.8210183362800371,0.03683379941395783
2018-05-03,0.857657537445375,0.8664642892884545,0.8554892083931016,0.8042165660339594,0.7796310504720287,0.7712246055309071,0.821305858300888,0.8215921095061771,0.03897240874555133
2018-05-04,0.862527938085866,0.857657537445375,0.8664642892884545,0.8554892083931016,0.8042165660339594,0.7796310504720287,0.8281730278928132,0.8240095184085577,0.04170401463599919
2018-05-06,0.8387430363278514,0.862527938085866,0.857657537445375,0.8664642892884545,0.8554892083931016,0.8042165660339594,0.8378185180066625,0.8262934916769525,0.03329840569909759
2018-05-07,0.8143576742168998,0.8387430363278514,0.862527938085866,0.857657537445375,0.8664642892884545,0.8554892083931016,0.8427794642559298,0.8268350179582126,0.024647703855285103
2018-05-09,0.7751275978249993,0.8143576742168998,0.8387430363278514,0.862527938085866,0.857657537445375,0.8664642892884545,0.8386238973689354,0.8242697178948306,0.033201035604509335
2018-05-10,0.7798645628315042,0.7751275978249993,0.8143576742168998,0.8387430363278514,0.862527938085866,0.857657537445375,0.8278203765744214,0.8214375465634767,0.038654583255004905
2018-05-11,0.7988457817660207,0.7798645628315042,0.7751275978249993,0.8143576742168998,0.8387430363278514,0.862527938085866,0.8181605897855023,0.8194349000900691,0.03572593742301253
2018-05-12,0.8012809820862663,0.7988457817660207,0.7798645628315042,0.7751275978249993,0.8143576742168998,0.8387430363278514,0.8101067961627725,0.8179159577898611,0.0314349136262231
2018-06-02,0.864996497314608,0.8012809820862663,0.7988457817660207,0.7798645628315042,0.7751275978249993,0.8143576742168998,0.8104594474811642,0.8197751609567336,0.03212723507005336
2018-06-03,0.864996497314608,0.864996497314608,0.8012809820862663,0.7988457817660207,0.7798645628315042,0.7751275978249993,0.8142099419078439,0.8223538045835141,0.0371232639254104
2018-06-04,0.864863061680622,0.864996497314608,0.864996497314608,0.8012809820862663,0.7988457817660207,0.7798645628315042,0.821424997259804,0.825167072533387,0.04177347224138682
2018-06-06,0.8441138205957902,0.864863061680622,0.864996497314608,0.864996497314608,0.8012809820862663,0.7988457817660207,0.8312801719413455,0.8266793430518955,0.036881793459039476
2018-06-07,0.8142575974914101,0.8441138205957902,0.864863061680622,0.864996497314608,0.864996497314608,0.8012809820862663,0.8361934626070465,0.8253549943845839,0.030656212902497447
2018-06-08,0.7837675551255965,0.8142575974914101,0.8441138205957902,0.864863061680622,0.864996497314608,0.864996497314608,0.834039430229843,0.8226017724700049,0.034058694092736486
2018-06-09,0.7807652533609102,0.7837675551255965,0.8142575974914101,0.8441138205957902,0.864863061680622,0.864996497314608,0.8311086118405064,0.820157676440827,0.038001890262379476
2018-06-11,0.7984121159555659,0.7807652533609102,0.7837675551255965,0.8142575974914101,0.8441138205957902,0.864863061680622,0.8215965573606433,0.8197095551033571,0.036405539366366486
2018-06-12,0.8057177169163026,0.7984121159555659,0.7807652533609102,0.7837675551255965,0.8142575974914101,0.8441138205957902,0.8131281601608853,0.820293336002046,0.031141521872614705
2018-07-02,0.8604930446675787,0.8057177169163026,0.7984121159555659,0.7807652533609102,0.7837675551255965,0.8142575974914101,0.8125038720161648,0.82306434933449,0.029952658219589662
2018-07-03,0.8636621409747475,0.8604930446675787,0.8057177169163026,0.7984121159555659,0.7807652533609102,0.7837675551255965,0.8152964892131588,0.8259154240473253,0.03402538039093478
2018-07-06,0.8422123628114889,0.8636621409747475,0.8604930446675787,0.8057177169163026,0.7984121159555659,0.7807652533609102,0.8192900271160272,0.8274043433298863,0.035492031042585595
2018-07-08,0.785568936184408,0.8422123628114889,0.8636621409747475,0.8604930446675787,0.8057177169163026,0.7984121159555659,0.8195473672672859,0.8251326016612738,0.035196846437336324
2018-07-09,0.7765953897988459,0.785568936184408,0.8422123628114889,0.8636621409747475,0.8604930446675787,0.8057177169163026,0.8189516724727054,0.822054686370662,0.03598898914525767
2018-07-11,0.7973112719751811,0.7765953897988459,0.785568936184408,0.8422123628114889,0.8636621409747475,0.8604930446675787,0.8187944090469362,0.8202877761839634,0.036095947296665064
2018-07-12,0.8062181005437503,0.7973112719751811,0.7765953897988459,0.785568936184408,0.8422123628114889,0.8636621409747475,0.8188658924222858,0.8191279981319012,0.0360662177040117
2018-08-01,0.8573573072689064,0.8062181005437503,0.7973112719751811,0.7765953897988459,0.785568936184408,0.8422123628114889,0.8184179299367612,0.8205579833427853,0.03547768518604754
2018-08-02,0.85435500550422,0.8573573072689064,0.8062181005437503,0.7973112719751811,0.7765953897988459,0.785568936184408,0.8170883391552574,0.823328996675229,0.0336255284055863
2018-08-03,0.8580578443473331,0.85435500550422,0.8573573072689064,0.8062181005437503,0.7973112719751811,0.7765953897988459,0.8193519793746635,0.8259432231377392,0.03604504655065571
2018-08-05,0.848450478700337,0.8580578443473331,0.85435500550422,0.8573573072689064,0.8062181005437503,0.7973112719751811,0.8283350568769391,0.8274176868932851,0.03400007639933098
2018-08-06,0.8428795409814192,0.848450478700337,0.8580578443473331,0.85435500550422,0.8573573072689064,0.8062181005437503,0.8378042213315925,0.8269973646462289,0.025307852902445253
2018-08-08,0.7837008373086033,0.8428795409814192,0.848450478700337,0.8580578443473331,0.85435500550422,0.8573573072689064,0.8358598735220814,0.8242385829135672,0.0291660713487393
2018-08-10,0.768622610668179,0.7837008373086033,0.8428795409814192,0.848450478700337,0.8580578443473331,0.85435500550422,0.8304890892541427,0.8212707520209939,0.037736489530989986
2018-08-11,0.7934416385895855,0.768622610668179,0.7837008373086033,0.8428795409814192,0.848450478700337,0.8580578443473331,0.821358279442811,0.818967875371118,0.037884179854555694
2018-09-01,0.8513860626480303,0.7934416385895855,0.768622610668179,0.7837008373086033,0.8428795409814192,0.848450478700337,0.8209341447490697,0.8193893095817906,0.03746752171613185
2018-09-02,0.853454314974814,0.8513860626480303,0.7934416385895855,0.768622610668179,0.7837008373086033,0.8428795409814192,0.8202764976958525,0.8206925309403877,0.036740658684478136
2018-09-03,0.8577909730793609,0.853454314974814,0.8513860626480303,0.7934416385895855,0.768622610668179,0.7837008373086033,0.8216108540357132,0.8234479767821998,0.038079642665477344
2018-09-04,0.8653634453080696,0.8577909730793609,0.853454314974814,0.8513860626480303,0.7934416385895855,0.768622610668179,0.8248228403680917,0.8262979395314187,0.041008270138348166
2018-09-05,0.8532875204323315,0.8653634453080696,0.8577909730793609,0.853454314974814,0.8513860626480303,0.7934416385895855,0.834763795100053,0.828112664153629,0.03767742499847265
2018-09-07,0.818727691229943,0.8532875204323315,0.8653634453080696,0.8577909730793609,0.853454314974814,0.8513860626480303,0.8419216637517335,0.828694221125085,0.02595311442753418
2018-09-08,0.7869032925242686,0.818727691229943,0.8532875204323315,0.8653634453080696,0.8577909730793609,0.853454314974814,0.8409876143138312,0.8260911142987403,0.02802375803155124
2018-09-10,0.7676885612302766,0.7869032925242686,0.818727691229943,0.8532875204323315,0.8653634453080696,0.8577909730793609,0.8290308283970091,0.8228475164292626,0.03867784989333296
2018-09-11,0.7849351169229745,0.7676885612302766,0.7869032925242686,0.818727691229943,0.8532875204323315,0.8653634453080696,0.8192423715324607,0.8201832516040075,0.040110439816188025
2018-10-01,0.8572238716349202,0.7849351169229745,0.7676885612302766,0.7869032925242686,0.818727691229943,0.8532875204323315,0.8191613570403976,0.820620253305312,0.040020074168813986
2018-10-04,0.8700336924975817,0.8572238716349202,0.7849351169229745,0.7676885612302766,0.7869032925242686,0.818727691229943,0.8198285352103281,0.8224794564721843,0.04094688365526272
2018-10-05,0.8565900523734864,0.8700336924975817,0.8572238716349202,0.7849351169229745,0.7676885612302766,0.7869032925242686,0.8203003254876358,0.824906873047114,0.04141302338648303
2018-10-07,0.8133569069620044,0.8565900523734864,0.8700336924975817,0.8572238716349202,0.7849351169229745,0.7676885612302766,0.8195330705922161,0.8259932615004838,0.04149668291532092
2018-10-08,0.7869366514327653,0.8133569069620044,0.8565900523734864,0.8700336924975817,0.8572238716349202,0.7849351169229745,0.8195378361505729,0.8256107460163905,0.04149231279030171
2018-10-09,0.7750608800080062,0.7869366514327653,0.8133569069620044,0.8565900523734864,0.8700336924975817,0.8572238716349202,0.8205910245473912,0.8245888514527806,0.04002449250455362
2018-10-10,0.769723454648564,0.7750608800080062,0.7869366514327653,0.8133569069620044,0.8565900523734864,0.8700336924975817,0.8184179299367612,0.8215631984521466,0.04261234081629849
2018-10-12,0.8075858157921073,0.769723454648564,0.7750608800080062,0.7869366514327653,0.8133569069620044,0.8565900523734864,0.8113267791020736,0.8196939876127254,0.03906044927140929
2018-11-01,0.8594255595956901,0.8075858157921073,0.769723454648564,0.7750608800080062,0.7869366514327653,0.8133569069620044,0.8098113315446606,0.8202677608388654,0.036526764431844
2018-11-04,0.8779063949027589,0.8594255595956901,0.8075858157921073,0.769723454648564,0.7750608800080062,0.7869366514327653,0.8128565233345567,0.8233456761294772,0.04161130395148663
2018-11-05,0.8602928912165995,0.8779063949027589,0.8594255595956901,0.8075858157921073,0.769723454648564,0.7750608800080062,0.8195616639423559,0.8261355928434023,0.045321536343721304
2018-11-06,0.843780231510825,0.8602928912165995,0.8779063949027589,0.8594255595956901,0.8075858157921073,0.769723454648564,0.8276821753820787,0.8276845581612571,0.04355991768214307
2018-11-07,0.8116222437201857,0.843780231510825,0.8602928912165995,0.8779063949027589,0.8594255595956901,0.8075858157921073,0.8329052273409615,0.8278646962671383,0.03804111229234655
2018-11-09,0.7705574273609768,0.8116222437201857,0.843780231510825,0.8602928912165995,0.8779063949027589,0.8594255595956901,0.8330243662998776,0.8249713669368738,0.03781086649316391
2018-11-10,0.7810321246288822,0.7705574273609768,0.8116222437201857,0.843780231510825,0.8602928912165995,0.8779063949027589,0.8292309818479884,0.822527270907696,0.04189931330507917
2018-11-12,0.8075524568836109,0.7810321246288822,0.7705574273609768,0.8116222437201857,0.843780231510825,0.8602928912165995,0.8218205386034054,0.8208437579922385,0.04022262623682484
2018-12-01,0.8619274777329287,0.8075524568836109,0.7810321246288822,0.7705574273609768,0.8116222437201857,0.843780231510825,0.8195378361505726,0.8212929912933249,0.03681853279806744
2018-12-02,0.8589251759682424,0.8619274777329287,0.8075524568836109,0.7810321246288822,0.7705574273609768,0.8116222437201857,0.8193424482579502,0.8218278457928857,0.03656899172316128
2018-12-03,0.8568235647329621,0.8589251759682424,0.8619274777329287,0.8075524568836109,0.7810321246288822,0.7705574273609768,0.8212057815753984,0.8242652700403643,0.03831246902864954
2018-12-04,0.8716349201054142,0.8568235647329621,0.8589251759682424,0.8619274777329287,0.8075524568836109,0.7810321246288822,0.8297790210590025,0.8276990136882723,0.042315919909615834
2018-12-06,0.8431464122493914,0.8716349201054142,0.8568235647329621,0.8589251759682424,0.8619274777329287,0.8075524568836109,0.8401488760430615,0.8293558394769324,0.033323103114686566
2018-12-07,0.8079527637855691,0.8431464122493914,0.8716349201054142,0.8568235647329621,0.8589251759682424,0.8619274777329287,0.8439946816368741,0.8279080628481837,0.026143332512725655
2018-12-09,0.7743937018380759,0.8079527637855691,0.8431464122493914,0.8716349201054142,0.8568235647329621,0.8589251759682424,0.8392577166303692,0.825272709076959,0.035261007243367656
2018-12-10,0.7905060546418923,0.7743937018380759,0.8079527637855691,0.8431464122493914,0.8716349201054142,0.8568235647329621,0.8290546561887924,0.8230298784623767,0.03784644671227652
2018-12-11,0.7810321246288822,0.7905060546418923,0.7743937018380759,0.8079527637855691,0.8431464122493914,0.8716349201054142,0.8179270774260267,0.8202188344397372,0.039032626724635
2018-12-12,0.8078526870600795,0.7810321246288822,0.7905060546418923,0.7743937018380759,0.8079527637855691,0.8431464122493914,0.810931237758472,0.8187043399939955,0.03508855440642534
2019-01-02,0.8565233345564934,0.8078526870600795,0.7810321246288822,0.7905060546418923,0.7743937018380759,0.8079527637855691,0.8087724398229119,0.8199641947715471,0.030952434697644384
2019-01-03,0.8520198819094641,0.8565233345564934,0.8078526870600795,0.7810321246288822,0.7905060546418923,0.7743937018380759,0.8100400783457795,0.8221347477510537,0.032725734514171885
2019-01-04,0.8397104446742504,0.8520198819094641,0.8565233345564934,0.8078526870600795,0.7810321246288822,0.7905060546418923,0.8145768899013054,0.8245354771991862,0.03453919835807898
2019-01-05,0.8332388164259267,0.8397104446742504,0.8520198819094641,0.8565233345564934,0.8078526870600795,0.7810321246288822,0.8229833348424268,0.8261456005159513,0.029990659718655815
2019-01-07,0.9041598558895152,0.8332388164259267,0.8397104446742504,0.8520198819094641,0.8565233345564934,0.8078526870600795,0.839219592163516,0.8277101333244377,0.038914820440866964
2019-01-08,0.915301731327351,0.9041598558895152,0.8332388164259267,0.8397104446742504,0.8520198819094641,0.8565233345564934,0.8584009645490116,0.8292190679520967,0.038543081296958215
2019-01-10,0.9597691563532044,0.915301731327351,0.9041598558895152,0.8332388164259267,0.8397104446742504,0.8520198819094641,0.8801033173051722,0.8326583714180874,0.047146671571574844
2019-01-11,0.9833539046602396,0.9597691563532044,0.915301731327351,0.9041598558895152,0.8332388164259267,0.8397104446742504,0.898221970177136,0.8383249380080284,0.059362615860971156
2019-02-01,0.8326383560729894,0.9833539046602396,0.9597691563532044,0.915301731327351,0.9041598558895152,0.8332388164259267,0.8954531807719253,0.8398483281627026,0.062258112036931004
2019-02-04,0.8375754745304734,0.8326383560729894,0.9833539046602396,0.9597691563532044,0.915301731327351,0.9041598558895152,0.8951481850371,0.8419321479801182,0.06258109429871406
2019-02-05,0.8246655769423226,0.8375754745304734,0.8326383560729894,0.9833539046602396,0.9597691563532044,0.915301731327351,0.8939234365394422,0.8437635520565768,0.06406102330535769
2019-02-07,0.9047936751509492,0.8246655769423226,0.8375754745304734,0.8326383560729894,0.9833539046602396,0.9597691563532044,0.8940139821482186,0.8470038140352049,0.06407834873338933
2019-02-08,0.9386196083664144,0.9047936751509492,0.8246655769423226,0.8375754745304734,0.8326383560729894,0.9833539046602396,0.8973451074395132,0.8496436156608956,0.06594824677180183
2019-02-09,0.994796010274544,0.9386196083664144,0.9047936751509492,0.8246655769423226,0.8375754745304734,0.8326383560729894,0.9023489437139904,0.8535399361732885,0.0724795091180928
2019-02-10,0.9725456183073692,0.994796010274544,0.9386196083664144,0.9047936751509492,0.8246655769423226,0.8375754745304734,0.9008049028064374,0.8572816937429807,0.07055583656673879
2019-02-12,0.951562864863062,0.9725456183073692,0.994796010274544,0.9386196083664144,0.9047936751509492,0.8246655769423226,0.9177941183478764,0.8608744481880554,0.06554644021274589
2019-03-01,0.837675551255963,0.951562864863062,0.9725456183073692,0.994796010274544,0.9386196083664144,0.9047936751509492,0.9178084150229464,0.8617428917725812,0.06552603489399215
2019-03-04,0.837675551255963,0.837675551255963,0.951562864863062,0.9725456183073692,0.994796010274544,0.9386196083664144,0.9196669827820377,0.863980162569081,0.06256127016047382
2019-03-05,0.8297361310337926,0.837675551255963,0.837675551255963,0.951562864863062,0.9725456183073692,0.994796010274544,0.9089444764795868,0.8656036294492446,0.0713500910662626
2019-03-06,0.855455849484605,0.8297361310337926,0.837675551255963,0.837675551255963,0.951562864863062,0.9725456183073692,0.8970639394964712,0.867200409202611,0.07249988807260455
2019-03-07,0.919771825065884,0.855455849484605,0.8297361310337926,0.837675551255963,0.837675551255963,0.951562864863062,0.886346198752377,0.8691285541137096,0.06013513014467359
2019-03-10,0.9888914834706608,0.919771825065884,0.855455849484605,0.8297361310337926,0.837675551255963,0.837675551255963,0.8886813223471329,0.8734607643637902,0.0642189343003264
2019-03-12,0.9623377923074358,0.9888914834706608,0.919771825065884,0.855455849484605,0.8297361310337926,0.837675551255963,0.8902205976963291,0.8769779052829392,0.066079536335192
2019-04-01,0.8306368215631986,0.9623377923074358,0.9888914834706608,0.919771825065884,0.855455849484605,0.8297361310337926,0.8892150648830771,0.8756113019981987,0.06705867770447616
2019-04-02,0.8521533175434501,0.8306368215631986,0.9623377923074358,0.9888914834706608,0.919771825065884,0.855455849484605,0.891283317209861,0.8759115321746673,0.06540706576251656
2019-04-03,0.8343063014978152,0.8521533175434501,0.8306368215631986,0.9623377923074358,0.9888914834706608,0.919771825065884,0.8919361987047214,0.8767899834317422,0.06470940931516811
2019-04-04,0.832805150615472,0.8343063014978152,0.8521533175434501,0.8306368215631986,0.9623377923074358,0.9888914834706608,0.8887003845805594,0.878737031724322,0.06735010200573364
2019-04-06,0.8602261733996065,0.832805150615472,0.8343063014978152,0.8521533175434501,0.8306368215631986,0.9623377923074358,0.8801938629139484,0.8810610356829126,0.06652698369031552
2019-04-07,0.9207058745037864,0.8602261733996065,0.832805150615472,0.8343063014978152,0.8521533175434501,0.8306368215631986,0.8704530616329664,0.8857168273454094,0.05118089691604348
2019-04-10,0.9769156353204124,0.9207058745037864,0.8602261733996065,0.832805150615472,0.8343063014978152,0.8521533175434501,0.8725356106348202,0.8913522589540872,0.055644739265275966
2019-04-11,0.9837875704706944,0.9769156353204124,0.9207058745037864,0.8602261733996065,0.832805150615472,0.8343063014978152,0.8944142890501767,0.8955944001512272,0.06563634169249039
2019-04-12,0.9608700003335892,0.9837875704706944,0.9769156353204124,0.9207058745037864,0.8602261733996065,0.832805150615472,0.9099452437344822,0.8992227374320314,0.06682149614244716
2019-05-02,0.8535210327918072,0.9608700003335892,0.9837875704706944,0.9769156353204124,0.9207058745037864,0.8602261733996065,0.9126902053479097,0.8996830903692832,0.06350901822877571
2019-05-03,0.8332388164259267,0.8535210327918072,0.9608700003335892,0.9837875704706944,0.9769156353204124,0.9207058745037864,0.912752157606546,0.8996830903692832,0.06341825019102543
2019-05-04,0.8363411949161025,0.8332388164259267,0.8535210327918072,0.9608700003335892,0.9837875704706944,0.9769156353204124,0.9093400178231884,0.8974224683368363,0.06724260065961836
2019-05-06,0.8674316976348535,0.8363411949161025,0.8332388164259267,0.8535210327918072,0.9608700003335892,0.9837875704706944,0.9017294211276266,0.8958268005470862,0.06873994519115748
2019-05-07,0.9031924475431166,0.8674316976348535,0.8363411949161025,0.8332388164259267,0.8535210327918072,0.9608700003335892,0.8911975371594414,0.8939409102534166,0.06044806306727794
2019-05-08,0.954298295359776,0.9031924475431166,0.8674316976348535,0.8363411949161025,0.8332388164259267,0.8535210327918072,0.8869847835721674,0.8929723899434012,0.053554287626174465
2019-05-09,0.9968976215098242,0.954298295359776,0.9031924475431166,0.8674316976348535,0.8363411949161025,0.8332388164259267,0.8921315865973438,0.8984476987912957,0.06277572508123629
2019-05-11,0.9701104179871236,0.9968976215098242,0.954298295359776,0.9031924475431166,0.8674316976348535,0.8363411949161025,0.9087872130538176,0.9028655302398507,0.06619768876629081
2019-05-12,0.96143710177803,0.9701104179871236,0.9968976215098242,0.954298295359776,0.9031924475431166,0.8674316976348535,0.9271012538184037,0.9074245810677077,0.059174073593270454
2019-06-02,0.8523201120859327,0.96143710177803,0.9701104179871236,0.9968976215098242,0.954298295359776,0.9031924475431166,0.9293839562712367,0.9056754622988736,0.05526870975391695
2019-06-03,0.8346065316742837,0.8523201120859327,0.96143710177803,0.9701104179871236,0.9968976215098242,0.954298295359776,0.924694646848298,0.9022083597424694,0.062341174422433455
2019-06-06,0.8677319278113221,0.8346065316742837,0.8523201120859327,0.96143710177803,0.9701104179871236,0.9968976215098242,0.9196288583151847,0.8979728903270286,0.06572835950726767
2019-06-08,0.954298295359776,0.8677319278113221,0.8346065316742837,0.8523201120859327,0.96143710177803,0.9701104179871236,0.9196288583151846,0.8973646462287755,0.06572835950726767
2019-06-09,0.9932948593922007,0.954298295359776,0.8677319278113221,0.8346065316742837,0.8523201120859327,0.96143710177803,0.9191141780126669,0.8987557127130802,0.06503289826369008
2019-06-11,0.9681756012943258,0.9932948593922007,0.954298295359776,0.8677319278113221,0.8346065316742837,0.8523201120859327,0.9188377756279815,0.9031057143810256,0.06478366449756025
2019-06-12,0.9505620976081663,0.9681756012943258,0.9932948593922007,0.954298295359776,0.8677319278113221,0.8346065316742837,0.9172842036037154,0.9068685992594324,0.06371338690942017
2019-07-01,0.838843113053341,0.9505620976081663,0.9681756012943258,0.9932948593922007,0.954298295359776,0.8677319278113221,0.9153589180276308,0.9071721653267506,0.06616028322310859
2019-07-02,0.8507188844781,0.838843113053341,0.9505620976081663,0.9681756012943258,0.9932948593922007,0.954298295359776,0.9176606827138903,0.9070142664932005,0.06309172905090853
2019-07-03,0.8342395836808221,0.8507188844781,0.838843113053341,0.9505620976081663,0.9681756012943258,0.9932948593922007,0.9128760621238188,0.904163191780365,0.06854359766628731
2019-07-05,0.831504153184108,0.8342395836808221,0.8507188844781,0.838843113053341,0.9505620976081663,0.9681756012943258,0.8953340418130091,0.89891694743748,0.07181095263302074
2019-07-06,0.8711678953864631,0.831504153184108,0.8342395836808221,0.8507188844781,0.838843113053341,0.9505620976081663,0.8778873326693324,0.8958779508734476,0.05744249986013383
2019-07-08,0.9815191646929312,0.8711678953864631,0.831504153184108,0.8342395836808221,0.8507188844781,0.838843113053341,0.8797935560119903,0.9009073623111054,0.061046422344437516
2019-07-10,0.978316709477266,0.9815191646929312,0.8711678953864631,0.831504153184108,0.8342395836808221,0.8507188844781,0.8837585005647187,0.9051128087088992,0.06701812426287104
2019-07-11,0.9669746805884512,0.978316709477266,0.9815191646929312,0.8711678953864631,0.831504153184108,0.8342395836808221,0.9020630102125917,0.9095350880119203,0.07013169628941364
2019-08-01,0.8350068385762419,0.9669746805884512,0.978316709477266,0.9815191646929312,0.8711678953864631,0.831504153184108,0.8998184322266118,0.9096084776106127,0.07226775784230198
2019-08-02,0.8539546986022618,0.8350068385762419,0.9669746805884512,0.978316709477266,0.9815191646929312,0.8711678953864631,0.902634877215389,0.9093994284507012,0.06962176753725766
2019-08-03,0.8418787737265238,0.8539546986022618,0.8350068385762419,0.9669746805884512,0.978316709477266,0.9815191646929312,0.9041169658643057,0.9067718584247924,0.0679454329991653
2019-08-04,0.8440471027787972,0.8418787737265238,0.8539546986022618,0.8350068385762419,0.9669746805884512,0.978316709477266,0.9002425669203532,0.9023429073400719,0.07084861987385964
2019-08-05,0.8341728658638291,0.8440471027787972,0.8418787737265238,0.8539546986022618,0.8350068385762419,0.9669746805884512,0.879193095659053,0.8973557505198431,0.06425848841169386
2019-08-07,0.910831637588818,0.8341728658638291,0.8440471027787972,0.8418787737265238,0.8539546986022618,0.8350068385762419,0.8695523711035605,0.8956878050950174,0.05049723016679538
2019-08-08,0.9746472295426496,0.910831637588818,0.8341728658638291,0.8440471027787972,0.8418787737265238,0.8539546986022618,0.8706484495255887,0.8997253449867121,0.05298621628424
2019-08-10,0.9813857290589452,0.9746472295426496,0.910831637588818,0.8341728658638291,0.8440471027787972,0.8418787737265238,0.8915597195945465,0.9046635754078128,0.06426077968303263
2019-08-11,0.9535643993728528,0.9813857290589452,0.9746472295426496,0.910831637588818,0.8341728658638291,0.8440471027787972,0.9057896768474879,0.908571015556371,0.06556127891708635
2019-09-01,0.836441271641592,0.9535643993728528,0.9813857290589452,0.9746472295426496,0.910831637588818,0.8341728658638291,0.9050128908353549,0.9075380013565957,0.06647062227125515
2019-09-04,0.846048637288588,0.836441271641592,0.9535643993728528,0.9813857290589452,0.9746472295426496,0.910831637588818,0.9052988243367536,0.9056332076814448,0.06616827705173005
2019-09-05,0.8347733262167663,0.846048637288588,0.836441271641592,0.9535643993728528,0.9813857290589452,0.9746472295426496,0.905384604387173,0.9016490420433444,0.066061004302624
2019-09-07,0.9051272642359144,0.8347733262167663,0.846048637288588,0.836441271641592,0.9535643993728528,0.9813857290589452,0.904569693908187,0.898590030134214,0.06601778199402053
2019-09-08,0.9759482269740136,0.9051272642359144,0.8347733262167663,0.846048637288588,0.836441271641592,0.9535643993728528,0.904755550684096,0.8987846237671104,0.06624937410937305
2019-09-09,0.9836207759282118,0.9759482269740136,0.9051272642359144,0.8347733262167663,0.846048637288588,0.836441271641592,0.9050748430939912,0.8995240795721166,0.06668421015108551
2019-09-10,0.9823197784968478,0.9836207759282118,0.9759482269740136,0.9051272642359144,0.8347733262167663,0.846048637288588,0.9091827543974192,0.9038574017858138,0.07092028592156319
2019-09-12,0.9519298128565234,0.9823197784968478,0.9836207759282118,0.9759482269740136,0.9051272642359144,0.8347733262167663,0.9256811174281235,0.9077681778252217,0.0643023295919584
2019-10-01,0.838642959602362,0.9519298128565234,0.9823197784968478,0.9836207759282118,0.9759482269740136,0.9051272642359144,0.9246231634729485,0.9067985455515897,0.06587261912743268
2019-10-04,0.8476832238049172,0.838642959602362,0.9519298128565234,0.9823197784968478,0.9836207759282118,0.9759482269740136,0.92646743455697,0.9032447098330944,0.06305839015624755
2019-10-05,0.8354405043866965,0.8476832238049172,0.838642959602362,0.9519298128565234,0.9823197784968478,0.9836207759282118,0.9165121831499389,0.8979828979995775,0.07187363140428832
2019-10-06,0.8631283984388032,0.8354405043866965,0.8476832238049172,0.838642959602362,0.9519298128565234,0.9823197784968478,0.9003950647877661,0.8944813245710601,0.06891270804668087
2019-10-07,0.9163024985822464,0.8631283984388032,0.8354405043866965,0.8476832238049172,0.838642959602362,0.9519298128565234,0.8907781680240566,0.8933393379368628,0.05940384739715706
2019-10-09,0.9763151749674752,0.9163024985822464,0.8631283984388032,0.8354405043866965,0.8476832238049172,0.838642959602362,0.8899203675198606,0.8979217400006673,0.057885612591356335
2019-10-10,0.9740134102812156,0.9763151749674752,0.9163024985822464,0.8631283984388032,0.8354405043866965,0.8476832238049172,0.8930751671519594,0.9020315575274379,0.06226457536905345
2019-10-12,0.9540981419087968,0.9740134102812156,0.9763151749674752,0.9163024985822464,0.8631283984388032,0.8354405043866965,0.9095687646243072,0.9060268428017036,0.060715087364020134
2019-11-01,0.8366747840010677,0.9540981419087968,0.9740134102812156,0.9763151749674752,0.9163024985822464,0.8631283984388032,0.9079961303666145,0.9061991971622689,0.06269546900262828
2019-11-02,0.848317043066351,0.8366747840010677,0.9540981419087968,0.9740134102812156,0.9763151749674752,0.9163024985822464,0.9098356358922793,0.9054375020849318,0.06035715800736921
2019-11-03,0.8392100610468026,0.848317043066351,0.8366747840010677,0.9540981419087968,0.9740134102812156,0.9763151749674752,0.906418730550565,0.9006938652967276,0.06400859087299422
2019-11-04,0.8432464889748809,0.8392100610468026,0.848317043066351,0.8366747840010677,0.9540981419087968,0.9740134102812156,0.8959821577495128,0.8961915246133147,0.06796222860978124
2019-11-06,0.8602595323081029,0.8432464889748809,0.8392100610468026,0.848317043066351,0.8366747840010677,0.9540981419087968,0.8794027802267453,0.8926343530039699,0.05861138840623274
2019-11-07,0.9199386196083664,0.8602595323081029,0.8432464889748809,0.8392100610468026,0.848317043066351,0.8366747840010677,0.8716778101306241,0.8954654123717074,0.046342971275057085
2019-11-09,0.9712446208760052,0.9199386196083664,0.8602595323081029,0.8432464889748809,0.8392100610468026,0.848317043066351,0.8741273071259396,0.8993750764474987,0.05158240071716425
2019-11-10,0.9635720719218068,0.9712446208760052,0.9199386196083664,0.8602595323081029,0.8432464889748809,0.8392100610468026,0.8922554911146164,0.9034315197206749,0.0581115614721006
2019-11-11,0.9499282783467328,0.9635720719218068,0.9712446208760052,0.9199386196083664,0.8602595323081029,0.8432464889748809,0.9067713818689568,0.9069608922396061,0.0579975675349717
2019-11-12,0.955332421523168,0.9499282783467328,0.9635720719218068,0.9712446208760052,0.9199386196083664,0.8602595323081029,0.9233602905084376,0.9109995440949173,0.05171976783906743
2019-12-02,0.8507188844781,0.955332421523168,0.9499282783467328,0.9635720719218068,0.9712446208760052,0.9199386196083664,0.924427775580326,0.9089957856578934,0.04983335950147172
2019-12-03,0.8420789271775029,0.8507188844781,0.955332421523168,0.9499282783467328,0.9635720719218068,0.9712446208760052,0.9218305462759545,0.9045768422457219,0.054031985131384706
2019-12-04,0.8402441872101946,0.8420789271775029,0.8507188844781,0.955332421523168,0.9499282783467328,0.9635720719218068,0.9104456273619299,0.8998721241840968,0.06226579110523989
2019-12-06,0.8656303165760417,0.8402441872101946,0.8420789271775029,0.8507188844781,0.955332421523168,0.9499282783467328,0.8953578696047924,0.8969409880908699,0.05770699536063329
2019-12-07,0.9158354738632952,0.8656303165760417,0.8402441872101946,0.8420789271775029,0.8507188844781,0.955332421523168,0.8885383555964336,0.89958746149826,0.05069713726395662
2019-12-08,0.9806184741635257,0.9158354738632952,0.8656303165760417,0.8402441872101946,0.8420789271775029,0.8507188844781,0.8929226692845468,0.9040731227274245,0.057730218163157196
2019-12-09,0.9876238449477934,0.9806184741635257,0.9158354738632952,0.8656303165760417,0.8402441872101946,0.8420789271775029,0.897535729773779,0.9091681400184587,0.0644477071520885
2019-12-11,0.9454915435166962,0.9876238449477934,0.9806184741635257,0.9158354738632952,0.8656303165760417,0.8402441872101946,0.9110746810650071,0.9105136159944849,0.06290980633257195
2019-12-12,0.955999599693098,0.9454915435166962,0.9876238449477934,0.9806184741635257,0.9158354738632952,0.8656303165760417,0.9273490628529493,0.9098486617517876,0.056494407006339876
2020-02-01,0.9955632651699636,0.955999599693098,0.9454915435166962,0.9876238449477934,0.9806184741635257,0.9158354738632952,0.9495375025614877,0.9102467447265126,0.046132667706118013
